row_num,final_label,confidence,rationale
2,AD,中,"医疗推广信息"
3,TRANSACTION,高,"快递/物流服务通知"
4,NEEDS_REVIEW,低,"无法明确归类，需人工判断"
5,NEEDS_REVIEW,低,"无法明确归类，需人工判断"
6,NEEDS_REVIEW,高,"天气预报服务信息"
7,TRANSACTION,高,"运营商服务通知（流量/余额/账单/来电提醒）"
8,TRANSACTION,高,"包含明确的交易信息（金额/账单/到账/验证码）"
9,TRANSACTION,高,"运营商服务通知（流量/余额/账单/来电提醒）"
10,TRANSACTION,中,"疑似交易/服务通知，需人工确认"
11,NEEDS_REVIEW,低,"无法明确归类，需人工判断"
12,TRANSACTION,高,"保险/金融服务通知"
13,AD,中,"医疗推广信息"
14,TRANSACTION,高,"包含明确的交易信息（金额/账单/到账/验证码）"
15,TRANSACTION,高,"快递/物流服务通知"
16,AD,高,"包含多个广告特征"
17,TRANSACTION,高,"包含明确的交易信息（金额/账单/到账/验证码）"
18,NEEDS_REVIEW,高,"政府/公益/公共服务信息，无商业推广"
19,AD,中,"运营商营销推广"
20,AD,中,"运营商营销推广"
21,TRANSACTION,高,"运营商服务通知（流量/余额/账单/来电提醒）"
22,NEEDS_REVIEW,高,"政府/公益/公共服务信息，无商业推广"
23,NEEDS_REVIEW,低,"无法明确归类，需人工判断"
24,TRANSACTION,高,"快递/物流服务通知"
25,TRANSACTION,高,"快递/物流服务通知"
26,TRANSACTION,高,"运营商服务通知（流量/余额/账单/来电提醒）"
27,NEEDS_REVIEW,低,"无法明确归类，需人工判断"
28,AD,中,"教育培训推广"
29,AD,高,"包含多个广告特征"
30,HARASS,高,"包含催收/威胁关键词"
31,TRANSACTION,中,"疑似交易/服务通知，需人工确认"
32,NEEDS_REVIEW,高,"天气预报服务信息"
33,HARASS,高,"包含催收/威胁关键词"
34,TRANSACTION,高,"快递/物流服务通知"
35,TRANSACTION,中,"疑似交易/服务通知，需人工确认"
36,TRANSACTION,高,"快递/物流服务通知"
37,TRANSACTION,高,"运营商服务通知（流量/余额/账单/来电提醒）"
38,AD,中,"运营商营销推广"
39,TRANSACTION,高,"快递/物流服务通知"
40,TRANSACTION,中,"疑似交易/服务通知，需人工确认"
41,TRANSACTION,高,"快递/物流服务通知"
42,TRANSACTION,高,"运营商服务通知（流量/余额/账单/来电提醒）"
43,TRANSACTION,高,"快递/物流服务通知"
44,AD,高,"贷款产品推广广告"
45,NEEDS_REVIEW,低,"无法明确归类，需人工判断"
46,NEEDS_REVIEW,高,"政府/公益/公共服务信息，无商业推广"
47,TRANSACTION,中,"疑似交易/服务通知，需人工确认"
48,TRANSACTION,高,"包含明确的交易信息（金额/账单/到账/验证码）"
49,TRANSACTION,高,"包含明确的交易信息（金额/账单/到账/验证码）"
50,TRANSACTION,高,"运营商服务通知（流量/余额/账单/来电提醒）"
51,TRANSACTION,高,"保险/金融服务通知"
52,TRANSACTION,中,"车辆服务通知"
53,TRANSACTION,高,"快递/物流服务通知"
54,AD,中,"医疗推广信息"
55,NEEDS_REVIEW,高,"政府/公益/公共服务信息，无商业推广"
56,TRANSACTION,中,"疑似交易/服务通知，需人工确认"
57,TRANSACTION,高,"运营商服务通知（流量/余额/账单/来电提醒）"
58,NEEDS_REVIEW,高,"政府/公益/公共服务信息，无商业推广"
59,TRANSACTION,高,"包含明确的交易信息（金额/账单/到账/验证码）"
60,TRANSACTION,中,"疑似交易/服务通知，需人工确认"
61,NEEDS_REVIEW,低,"无法明确归类，需人工判断"
62,NEEDS_REVIEW,中,"工作/业务通知，需人工判断"
63,TRANSACTION,高,"运营商服务通知（流量/余额/账单/来电提醒）"
64,NEEDS_REVIEW,中,"工作/业务通知，需人工判断"
65,NEEDS_REVIEW,低,"无法明确归类，需人工判断"
66,TRANSACTION,中,"疑似交易/服务通知，需人工确认"
67,AD,中,"教育培训推广"
68,TRANSACTION,高,"保险/金融服务通知"
69,NEEDS_REVIEW,高,"政府/公益/公共服务信息，无商业推广"
70,TRANSACTION,高,"运营商服务通知（流量/余额/账单/来电提醒）"
71,NEEDS_REVIEW,中,"工作/业务通知，需人工判断"
72,NEEDS_REVIEW,高,"天气预报服务信息"
73,TRANSACTION,中,"疑似交易/服务通知，需人工确认"
74,TRANSACTION,高,"包含明确的交易信息（金额/账单/到账/验证码）"
75,TRANSACTION,中,"疑似交易/服务通知，需人工确认"
76,NEEDS_REVIEW,高,"政府/公益/公共服务信息，无商业推广"
77,TRANSACTION,中,"疑似交易/服务通知，需人工确认"
78,TRANSACTION,高,"运营商服务通知（流量/余额/账单/来电提醒）"
79,NEEDS_REVIEW,低,"无法明确归类，需人工判断"
80,AD,中,"教育培训推广"
81,TRANSACTION,高,"运营商服务通知（流量/余额/账单/来电提醒）"
82,TRANSACTION,高,"运营商服务通知（流量/余额/账单/来电提醒）"
83,NEEDS_REVIEW,高,"政府/公益信息"
84,HARASS,高,"包含催收/威胁关键词"
85,TRANSACTION,高,"运营商服务通知（流量/余额/账单/来电提醒）"
86,TRANSACTION,中,"疑似交易/服务通知，需人工确认"
87,TRANSACTION,高,"包含明确的交易信息（金额/账单/到账/验证码）"
88,TRANSACTION,高,"运营商服务通知（流量/余额/账单/来电提醒）"
89,TRANSACTION,中,"疑似交易/服务通知，需人工确认"
90,TRANSACTION,高,"包含明确的交易信息（金额/账单/到账/验证码）"
91,TRANSACTION,高,"包含明确的交易信息（金额/账单/到账/验证码）"
92,NEEDS_REVIEW,低,"无法明确归类，需人工判断"
93,AD,高,"产品营销广告"
94,TRANSACTION,中,"疑似交易/服务通知，需人工确认"
95,TRANSACTION,中,"疑似交易/服务通知，需人工确认"
96,NEEDS_REVIEW,低,"无法明确归类，需人工判断"
97,TRANSACTION,中,"疑似交易/服务通知，需人工确认"
98,TRANSACTION,中,"疑似交易/服务通知，需人工确认"
99,NEEDS_REVIEW,低,"无法明确归类，需人工判断"
100,TRANSACTION,中,"疑似交易/服务通知，需人工确认"
101,TRANSACTION,中,"疑似交易/服务通知，需人工确认"
102,TRANSACTION,高,"包含明确的交易信息（金额/账单/到账/验证码）"
103,TRANSACTION,高,"运营商服务通知（流量/余额/账单/来电提醒）"
104,NEEDS_REVIEW,高,"政府/公益/公共服务信息，无商业推广"
105,TRANSACTION,高,"快递/物流服务通知"
106,TRANSACTION,高,"包含明确的交易信息（金额/账单/到账/验证码）"
107,NEEDS_REVIEW,低,"无法明确归类，需人工判断"
108,NEEDS_REVIEW,高,"政府/公益/公共服务信息，无商业推广"
109,TRANSACTION,中,"疑似交易/服务通知，需人工确认"
110,TRANSACTION,高,"快递/物流服务通知"
111,TRANSACTION,高,"运营商服务通知（流量/余额/账单/来电提醒）"
112,TRANSACTION,中,"疑似交易/服务通知，需人工确认"
113,TRANSACTION,高,"运营商服务通知（流量/余额/账单/来电提醒）"
114,NEEDS_REVIEW,低,"无法明确归类，需人工判断"
115,NEEDS_REVIEW,高,"政府/公益/公共服务信息，无商业推广"
116,AD,中,"运营商营销推广"
117,TRANSACTION,高,"运营商服务通知（流量/余额/账单/来电提醒）"
118,NEEDS_REVIEW,高,"天气预报服务信息"
119,TRANSACTION,高,"运营商服务通知（流量/余额/账单/来电提醒）"
120,NEEDS_REVIEW,低,"无法明确归类，需人工判断"
121,TRANSACTION,中,"疑似交易/服务通知，需人工确认"
122,TRANSACTION,中,"疑似交易/服务通知，需人工确认"
123,TRANSACTION,中,"疑似交易/服务通知，需人工确认"
124,HARASS,高,"包含催收/威胁关键词"
125,TRANSACTION,高,"包含明确的交易信息（金额/账单/到账/验证码）"
126,TRANSACTION,中,"疑似交易/服务通知，需人工确认"
127,TRANSACTION,高,"快递/物流服务通知"
128,AD,中,"医疗推广信息"
129,NEEDS_REVIEW,低,"无法明确归类，需人工判断"
130,TRANSACTION,中,"疑似交易/服务通知，需人工确认"
131,TRANSACTION,中,"疑似交易/服务通知，需人工确认"
132,NEEDS_REVIEW,低,"无法明确归类，需人工判断"
133,TRANSACTION,高,"包含明确的交易信息（金额/账单/到账/验证码）"
134,NEEDS_REVIEW,高,"政府/公益/公共服务信息，无商业推广"
135,NEEDS_REVIEW,低,"无法明确归类，需人工判断"
136,AD,中,"医疗推广信息"
137,NEEDS_REVIEW,低,"无法明确归类，需人工判断"
138,TRANSACTION,中,"疑似交易/服务通知，需人工确认"
139,TRANSACTION,中,"疑似交易/服务通知，需人工确认"
140,NEEDS_REVIEW,低,"无法明确归类，需人工判断"
141,NEEDS_REVIEW,低,"无法明确归类，需人工判断"
142,TRANSACTION,高,"运营商服务通知（流量/余额/账单/来电提醒）"
143,TRANSACTION,高,"包含明确的交易信息（金额/账单/到账/验证码）"
144,NEEDS_REVIEW,低,"无法明确归类，需人工判断"
145,TRANSACTION,高,"包含明确的交易信息（金额/账单/到账/验证码）"
146,NEEDS_REVIEW,低,"无法明确归类，需人工判断"
147,NEEDS_REVIEW,低,"无法明确归类，需人工判断"
148,NEEDS_REVIEW,低,"无法明确归类，需人工判断"
149,TRANSACTION,中,"疑似交易/服务通知，需人工确认"
150,NEEDS_REVIEW,高,"政府/公益/公共服务信息，无商业推广"
151,TRANSACTION,高,"快递/物流服务通知"
152,TRANSACTION,高,"运营商服务通知（流量/余额/账单/来电提醒）"
153,TRANSACTION,高,"运营商服务通知（流量/余额/账单/来电提醒）"
154,NEEDS_REVIEW,高,"政府/公益/公共服务信息，无商业推广"
155,AD,高,"包含多个广告特征"
156,TRANSACTION,高,"运营商服务通知（流量/余额/账单/来电提醒）"
157,TRANSACTION,中,"疑似交易/服务通知，需人工确认"
158,NEEDS_REVIEW,低,"无法明确归类，需人工判断"
159,NEEDS_REVIEW,低,"无法明确归类，需人工判断"
160,NEEDS_REVIEW,高,"政府/公益/公共服务信息，无商业推广"
161,TRANSACTION,中,"疑似交易/服务通知，需人工确认"
162,AD,中,"医疗推广信息"
163,TRANSACTION,中,"疑似交易/服务通知，需人工确认"
164,NEEDS_REVIEW,低,"无法明确归类，需人工判断"
165,NEEDS_REVIEW,高,"天气预报服务信息"
166,TRANSACTION,高,"快递/物流服务通知"
167,TRANSACTION,中,"疑似交易/服务通知，需人工确认"
168,TRANSACTION,中,"疑似交易/服务通知，需人工确认"
169,TRANSACTION,中,"疑似交易/服务通知，需人工确认"
170,NEEDS_REVIEW,低,"无法明确归类，需人工判断"
171,TRANSACTION,高,"包含明确的交易信息（金额/账单/到账/验证码）"
172,TRANSACTION,高,"快递/物流服务通知"
173,TRANSACTION,中,"疑似交易/服务通知，需人工确认"
174,NEEDS_REVIEW,高,"天气预报服务信息"
175,TRANSACTION,高,"运营商服务通知（流量/余额/账单/来电提醒）"
176,TRANSACTION,高,"包含明确的交易信息（金额/账单/到账/验证码）"
177,NEEDS_REVIEW,低,"无法明确归类，需人工判断"
178,NEEDS_REVIEW,低,"无法明确归类，需人工判断"
179,NEEDS_REVIEW,低,"无法明确归类，需人工判断"
180,NEEDS_REVIEW,低,"无法明确归类，需人工判断"
181,TRANSACTION,高,"包含明确的交易信息（金额/账单/到账/验证码）"
182,TRANSACTION,高,"快递/物流服务通知"
183,NEEDS_REVIEW,高,"政府/公益/公共服务信息，无商业推广"
184,TRANSACTION,高,"快递/物流服务通知"
185,TRANSACTION,高,"运营商服务通知（流量/余额/账单/来电提醒）"
186,TRANSACTION,高,"包含明确的交易信息（金额/账单/到账/验证码）"
187,TRANSACTION,中,"疑似交易/服务通知，需人工确认"
188,TRANSACTION,中,"疑似交易/服务通知，需人工确认"
189,TRANSACTION,高,"运营商服务通知（流量/余额/账单/来电提醒）"
190,TRANSACTION,中,"疑似交易/服务通知，需人工确认"
191,TRANSACTION,高,"运营商服务通知（流量/余额/账单/来电提醒）"
192,TRANSACTION,高,"快递/物流服务通知"
193,TRANSACTION,高,"运营商服务通知（流量/余额/账单/来电提醒）"
194,TRANSACTION,高,"快递/物流服务通知"
195,NEEDS_REVIEW,低,"无法明确归类，需人工判断"
196,TRANSACTION,中,"疑似交易/服务通知，需人工确认"
197,TRANSACTION,中,"疑似交易/服务通知，需人工确认"
198,TRANSACTION,中,"疑似交易/服务通知，需人工确认"
199,TRANSACTION,高,"包含明确的交易信息（金额/账单/到账/验证码）"
200,NEEDS_REVIEW,低,"无法明确归类，需人工判断"
201,TRANSACTION,高,"包含明确的交易信息（金额/账单/到账/验证码）"
202,TRANSACTION,中,"疑似交易/服务通知，需人工确认"
203,NEEDS_REVIEW,低,"无法明确归类，需人工判断"
204,TRANSACTION,中,"疑似交易/服务通知，需人工确认"
205,TRANSACTION,中,"疑似交易/服务通知，需人工确认"
206,TRANSACTION,高,"保险/金融服务通知"
207,NEEDS_REVIEW,低,"无法明确归类，需人工判断"
208,NEEDS_REVIEW,低,"无法明确归类，需人工判断"
209,NEEDS_REVIEW,低,"无法明确归类，需人工判断"
210,NEEDS_REVIEW,低,"无法明确归类，需人工判断"
211,TRANSACTION,高,"包含明确的交易信息（金额/账单/到账/验证码）"
212,NEEDS_REVIEW,高,"天气预报服务信息"
213,TRANSACTION,高,"包含明确的交易信息（金额/账单/到账/验证码）"
214,TRANSACTION,高,"包含明确的交易信息（金额/账单/到账/验证码）"
215,TRANSACTION,高,"运营商服务通知（流量/余额/账单/来电提醒）"
216,AD,中,"运营商营销推广"
217,NEEDS_REVIEW,中,"工作/业务通知，需人工判断"
218,AD,中,"运营商营销推广"
219,NEEDS_REVIEW,低,"无法明确归类，需人工判断"
220,NEEDS_REVIEW,低,"无法明确归类，需人工判断"
221,NEEDS_REVIEW,高,"天气预报服务信息"
222,AD,高,"产品营销广告"
223,TRANSACTION,高,"包含明确的交易信息（金额/账单/到账/验证码）"
224,TRANSACTION,高,"包含明确的交易信息（金额/账单/到账/验证码）"
225,TRANSACTION,中,"疑似交易/服务通知，需人工确认"
226,TRANSACTION,高,"运营商服务通知（流量/余额/账单/来电提醒）"
227,NEEDS_REVIEW,低,"无法明确归类，需人工判断"
228,NEEDS_REVIEW,低,"无法明确归类，需人工判断"
229,TRANSACTION,中,"疑似交易/服务通知，需人工确认"
230,AD,中,"运营商营销推广"
231,TRANSACTION,高,"运营商服务通知（流量/余额/账单/来电提醒）"
232,TRANSACTION,高,"快递/物流服务通知"
233,TRANSACTION,中,"疑似交易/服务通知，需人工确认"
234,NEEDS_REVIEW,低,"无法明确归类，需人工判断"
235,TRANSACTION,高,"运营商服务通知（流量/余额/账单/来电提醒）"
236,NEEDS_REVIEW,高,"天气预报服务信息"
237,TRANSACTION,高,"运营商服务通知（流量/余额/账单/来电提醒）"
238,TRANSACTION,中,"疑似交易/服务通知，需人工确认"
239,AD,高,"包含多个广告特征"
240,TRANSACTION,中,"疑似交易/服务通知，需人工确认"
241,TRANSACTION,高,"快递/物流服务通知"
242,TRANSACTION,中,"疑似交易/服务通知，需人工确认"
243,TRANSACTION,中,"疑似交易/服务通知，需人工确认"
244,AD,中,"医疗推广信息"
245,TRANSACTION,高,"包含明确的交易信息（金额/账单/到账/验证码）"
246,TRANSACTION,中,"疑似交易/服务通知，需人工确认"
247,TRANSACTION,高,"运营商服务通知（流量/余额/账单/来电提醒）"
248,TRANSACTION,中,"疑似交易/服务通知，需人工确认"
249,TRANSACTION,中,"疑似交易/服务通知，需人工确认"
250,TRANSACTION,高,"运营商服务通知（流量/余额/账单/来电提醒）"
251,TRANSACTION,中,"疑似交易/服务通知，需人工确认"
252,NEEDS_REVIEW,低,"无法明确归类，需人工判断"
253,TRANSACTION,高,"运营商服务通知（流量/余额/账单/来电提醒）"
254,NEEDS_REVIEW,高,"天气预报服务信息"
255,TRANSACTION,高,"运营商服务通知（流量/余额/账单/来电提醒）"
256,TRANSACTION,高,"包含明确的交易信息（金额/账单/到账/验证码）"
257,NEEDS_REVIEW,高,"政府/公益/公共服务信息，无商业推广"
258,HARASS,高,"匹配催收模式"
259,TRANSACTION,高,"运营商服务通知（流量/余额/账单/来电提醒）"
260,NEEDS_REVIEW,低,"无法明确归类，需人工判断"
261,NEEDS_REVIEW,低,"无法明确归类，需人工判断"
262,TRANSACTION,高,"快递/物流服务通知"
263,TRANSACTION,高,"快递/物流服务通知"
264,AD,中,"医疗推广信息"
265,TRANSACTION,高,"快递/物流服务通知"
266,TRANSACTION,高,"包含明确的交易信息（金额/账单/到账/验证码）"
267,TRANSACTION,中,"疑似交易/服务通知，需人工确认"
268,AD,中,"运营商营销推广"
269,TRANSACTION,高,"包含明确的交易信息（金额/账单/到账/验证码）"
270,TRANSACTION,高,"快递/物流服务通知"
271,TRANSACTION,高,"包含明确的交易信息（金额/账单/到账/验证码）"
272,TRANSACTION,高,"包含明确的交易信息（金额/账单/到账/验证码）"
273,TRANSACTION,高,"包含明确的交易信息（金额/账单/到账/验证码）"
274,TRANSACTION,中,"疑似交易/服务通知，需人工确认"
275,NEEDS_REVIEW,高,"政府/公益/公共服务信息，无商业推广"
276,TRANSACTION,高,"快递/物流服务通知"
277,AD,中,"医疗推广信息"
278,NEEDS_REVIEW,低,"无法明确归类，需人工判断"
279,TRANSACTION,高,"快递/物流服务通知"
280,NEEDS_REVIEW,低,"无法明确归类，需人工判断"
281,TRANSACTION,高,"运营商服务通知（流量/余额/账单/来电提醒）"
282,TRANSACTION,中,"疑似交易/服务通知，需人工确认"
283,TRANSACTION,中,"疑似交易/服务通知，需人工确认"
284,TRANSACTION,中,"疑似交易/服务通知，需人工确认"
285,TRANSACTION,中,"疑似交易/服务通知，需人工确认"
286,TRANSACTION,中,"疑似交易/服务通知，需人工确认"
287,AD,高,"贷款产品推广广告"
288,AD,中,"运营商营销推广"
289,NEEDS_REVIEW,低,"无法明确归类，需人工判断"
290,TRANSACTION,高,"保险/金融服务通知"
291,TRANSACTION,中,"疑似交易/服务通知，需人工确认"
292,NEEDS_REVIEW,低,"无法明确归类，需人工判断"
293,TRANSACTION,高,"包含明确的交易信息（金额/账单/到账/验证码）"
294,NEEDS_REVIEW,低,"无法明确归类，需人工判断"
295,TRANSACTION,高,"运营商服务通知（流量/余额/账单/来电提醒）"
296,TRANSACTION,高,"运营商服务通知（流量/余额/账单/来电提醒）"
297,HARASS,高,"包含催收/威胁关键词"
298,TRANSACTION,高,"运营商服务通知（流量/余额/账单/来电提醒）"
299,TRANSACTION,高,"运营商服务通知（流量/余额/账单/来电提醒）"
300,TRANSACTION,高,"包含明确的交易信息（金额/账单/到账/验证码）"
301,TRANSACTION,高,"包含明确的交易信息（金额/账单/到账/验证码）"
302,TRANSACTION,高,"快递/物流服务通知"
303,TRANSACTION,高,"包含明确的交易信息（金额/账单/到账/验证码）"
304,HARASS,高,"包含催收/威胁关键词"
305,NEEDS_REVIEW,中,"服务评价邀请，边界模糊"
306,AD,中,"运营商营销推广"
307,TRANSACTION,高,"运营商服务通知（流量/余额/账单/来电提醒）"
308,TRANSACTION,中,"疑似交易/服务通知，需人工确认"
309,TRANSACTION,中,"疑似交易/服务通知，需人工确认"
310,TRANSACTION,中,"疑似交易/服务通知，需人工确认"
311,TRANSACTION,中,"疑似交易/服务通知，需人工确认"
312,NEEDS_REVIEW,高,"政府/公益/公共服务信息，无商业推广"
313,TRANSACTION,中,"疑似交易/服务通知，需人工确认"
314,TRANSACTION,高,"包含明确的交易信息（金额/账单/到账/验证码）"
315,NEEDS_REVIEW,低,"无法明确归类，需人工判断"
316,NEEDS_REVIEW,低,"无法明确归类，需人工判断"
317,TRANSACTION,高,"运营商服务通知（流量/余额/账单/来电提醒）"
318,TRANSACTION,高,"运营商服务通知（流量/余额/账单/来电提醒）"
319,TRANSACTION,中,"疑似交易/服务通知，需人工确认"
320,HARASS,高,"包含催收/威胁关键词"
321,NEEDS_REVIEW,高,"天气预报服务信息"
322,AD,中,"医疗推广信息"
323,TRANSACTION,高,"快递/物流服务通知"
324,NEEDS_REVIEW,高,"政府/公益/公共服务信息，无商业推广"
325,TRANSACTION,高,"快递/物流服务通知"
326,NEEDS_REVIEW,中,"服务评价邀请，边界模糊"
327,NEEDS_REVIEW,高,"政府/公益/公共服务信息，无商业推广"
328,TRANSACTION,中,"疑似交易/服务通知，需人工确认"
329,TRANSACTION,中,"疑似交易/服务通知，需人工确认"
330,TRANSACTION,高,"运营商服务通知（流量/余额/账单/来电提醒）"
331,AD,中,"医疗推广信息"
332,AD,中,"医疗推广信息"
333,NEEDS_REVIEW,高,"天气预报服务信息"
334,TRANSACTION,中,"疑似交易/服务通知，需人工确认"
335,AD,中,"运营商营销推广"
336,NEEDS_REVIEW,高,"天气预报服务信息"
337,TRANSACTION,高,"快递/物流服务通知"
338,TRANSACTION,高,"包含明确的交易信息（金额/账单/到账/验证码）"
339,TRANSACTION,中,"疑似交易/服务通知，需人工确认"
340,AD,中,"运营商营销推广"
341,TRANSACTION,中,"疑似交易/服务通知，需人工确认"
342,NEEDS_REVIEW,高,"政府/公益/公共服务信息，无商业推广"
343,TRANSACTION,高,"运营商服务通知（流量/余额/账单/来电提醒）"
344,TRANSACTION,中,"疑似交易/服务通知，需人工确认"
345,TRANSACTION,高,"包含明确的交易信息（金额/账单/到账/验证码）"
346,TRANSACTION,高,"运营商服务通知（流量/余额/账单/来电提醒）"
347,TRANSACTION,中,"疑似交易/服务通知，需人工确认"
348,NEEDS_REVIEW,低,"无法明确归类，需人工判断"
349,TRANSACTION,中,"疑似交易/服务通知，需人工确认"
350,NEEDS_REVIEW,高,"政府/公益/公共服务信息，无商业推广"
351,HARASS,高,"包含催收/威胁关键词"
352,TRANSACTION,高,"保险/金融服务通知"
353,AD,中,"服务评价邀请，含营销激励（抽奖/礼品）"
354,NEEDS_REVIEW,低,"无法明确归类，需人工判断"
355,NEEDS_REVIEW,低,"无法明确归类，需人工判断"
356,TRANSACTION,中,"疑似交易/服务通知，需人工确认"
357,TRANSACTION,高,"快递/物流服务通知"
358,AD,中,"教育培训推广"
359,TRANSACTION,中,"疑似交易/服务通知，需人工确认"
360,TRANSACTION,高,"快递/物流服务通知"
361,AD,高,"贷款产品推广广告"
362,AD,中,"教育培训推广"
363,AD,中,"运营商营销推广"
364,NEEDS_REVIEW,高,"政府/公益/公共服务信息，无商业推广"
365,NEEDS_REVIEW,高,"天气预报服务信息"
366,TRANSACTION,高,"快递/物流服务通知"
367,HARASS,高,"包含催收/威胁关键词"
368,NEEDS_REVIEW,中,"工作/业务通知，需人工判断"
369,TRANSACTION,高,"包含明确的交易信息（金额/账单/到账/验证码）"
370,NEEDS_REVIEW,高,"天气预报服务信息"
371,NEEDS_REVIEW,低,"无法明确归类，需人工判断"
372,TRANSACTION,中,"疑似交易/服务通知，需人工确认"
373,NEEDS_REVIEW,低,"无法明确归类，需人工判断"
374,TRANSACTION,中,"疑似交易/服务通知，需人工确认"
375,AD,中,"运营商营销推广"
376,TRANSACTION,中,"疑似交易/服务通知，需人工确认"
377,TRANSACTION,高,"运营商服务通知（流量/余额/账单/来电提醒）"
378,NEEDS_REVIEW,高,"政府/公益/公共服务信息，无商业推广"
379,AD,中,"运营商营销推广"
380,TRANSACTION,中,"疑似交易/服务通知，需人工确认"
381,TRANSACTION,高,"快递/物流服务通知"
382,NEEDS_REVIEW,低,"无法明确归类，需人工判断"
383,TRANSACTION,高,"运营商服务通知（流量/余额/账单/来电提醒）"
384,NEEDS_REVIEW,高,"天气预报服务信息"
385,TRANSACTION,高,"运营商服务通知（流量/余额/账单/来电提醒）"
386,NEEDS_REVIEW,高,"天气预报服务信息"
387,TRANSACTION,中,"疑似交易/服务通知，需人工确认"
388,TRANSACTION,中,"疑似交易/服务通知，需人工确认"
389,TRANSACTION,高,"包含明确的交易信息（金额/账单/到账/验证码）"
390,TRANSACTION,中,"疑似交易/服务通知，需人工确认"
391,TRANSACTION,中,"疑似交易/服务通知，需人工确认"
392,NEEDS_REVIEW,低,"无法明确归类，需人工判断"
393,NEEDS_REVIEW,高,"政府/公益/公共服务信息，无商业推广"
394,NEEDS_REVIEW,低,"无法明确归类，需人工判断"
395,TRANSACTION,中,"疑似交易/服务通知，需人工确认"
396,AD,中,"医疗推广信息"
397,NEEDS_REVIEW,低,"无法明确归类，需人工判断"
398,TRANSACTION,中,"疑似交易/服务通知，需人工确认"
399,NEEDS_REVIEW,高,"天气预报服务信息"
400,NEEDS_REVIEW,低,"无法明确归类，需人工判断"
401,NEEDS_REVIEW,低,"无法明确归类，需人工判断"
402,TRANSACTION,高,"运营商服务通知（流量/余额/账单/来电提醒）"
403,AD,高,"贷款产品推广广告"
404,NEEDS_REVIEW,低,"无法明确归类，需人工判断"
405,TRANSACTION,中,"疑似交易/服务通知，需人工确认"
406,TRANSACTION,高,"运营商服务通知（流量/余额/账单/来电提醒）"
407,AD,中,"医疗推广信息"
408,NEEDS_REVIEW,低,"无法明确归类，需人工判断"
409,NEEDS_REVIEW,低,"无法明确归类，需人工判断"
410,NEEDS_REVIEW,高,"政府/公益/公共服务信息，无商业推广"
411,TRANSACTION,中,"疑似交易/服务通知，需人工确认"
412,NEEDS_REVIEW,低,"无法明确归类，需人工判断"
413,TRANSACTION,中,"疑似交易/服务通知，需人工确认"
414,TRANSACTION,高,"包含明确的交易信息（金额/账单/到账/验证码）"
415,TRANSACTION,中,"疑似交易/服务通知，需人工确认"
416,NEEDS_REVIEW,低,"无法明确归类，需人工判断"
417,AD,中,"运营商营销推广"
418,TRANSACTION,高,"运营商服务通知（流量/余额/账单/来电提醒）"
419,TRANSACTION,中,"疑似交易/服务通知，需人工确认"
420,AD,高,"贷款产品推广广告"
421,NEEDS_REVIEW,低,"无法明确归类，需人工判断"
422,TRANSACTION,高,"包含明确的交易信息（金额/账单/到账/验证码）"
423,TRANSACTION,中,"疑似交易/服务通知，需人工确认"
424,TRANSACTION,高,"快递/物流服务通知"
425,AD,中,"医疗推广信息"
426,TRANSACTION,中,"疑似交易/服务通知，需人工确认"
427,TRANSACTION,高,"包含明确的交易信息（金额/账单/到账/验证码）"
428,NEEDS_REVIEW,低,"无法明确归类，需人工判断"
429,TRANSACTION,高,"快递/物流服务通知"
430,TRANSACTION,中,"疑似交易/服务通知，需人工确认"
431,TRANSACTION,高,"保险/金融服务通知"
432,NEEDS_REVIEW,高,"天气预报服务信息"
433,NEEDS_REVIEW,低,"无法明确归类，需人工判断"
434,TRANSACTION,中,"疑似交易/服务通知，需人工确认"
435,TRANSACTION,高,"包含明确的交易信息（金额/账单/到账/验证码）"
436,NEEDS_REVIEW,低,"无法明确归类，需人工判断"
437,NEEDS_REVIEW,低,"无法明确归类，需人工判断"
438,TRANSACTION,高,"包含明确的交易信息（金额/账单/到账/验证码）"
439,NEEDS_REVIEW,低,"无法明确归类，需人工判断"
440,TRANSACTION,高,"包含明确的交易信息（金额/账单/到账/验证码）"
441,TRANSACTION,中,"疑似交易/服务通知，需人工确认"
442,TRANSACTION,中,"疑似交易/服务通知，需人工确认"
443,TRANSACTION,高,"运营商服务通知（流量/余额/账单/来电提醒）"
444,TRANSACTION,中,"疑似交易/服务通知，需人工确认"
445,NEEDS_REVIEW,低,"无法明确归类，需人工判断"
446,NEEDS_REVIEW,低,"无法明确归类，需人工判断"
447,NEEDS_REVIEW,低,"无法明确归类，需人工判断"
448,TRANSACTION,中,"疑似交易/服务通知，需人工确认"
449,NEEDS_REVIEW,低,"无法明确归类，需人工判断"
450,TRANSACTION,高,"运营商服务通知（流量/余额/账单/来电提醒）"
451,TRANSACTION,高,"包含明确的交易信息（金额/账单/到账/验证码）"
452,NEEDS_REVIEW,低,"无法明确归类，需人工判断"
453,NEEDS_REVIEW,低,"无法明确归类，需人工判断"
454,TRANSACTION,高,"运营商服务通知（流量/余额/账单/来电提醒）"
455,TRANSACTION,中,"车辆服务通知"
456,NEEDS_REVIEW,低,"无法明确归类，需人工判断"
457,TRANSACTION,中,"疑似交易/服务通知，需人工确认"
458,NEEDS_REVIEW,高,"政府/公益/公共服务信息，无商业推广"
459,TRANSACTION,高,"快递/物流服务通知"
460,NEEDS_REVIEW,低,"无法明确归类，需人工判断"
461,TRANSACTION,高,"运营商服务通知（流量/余额/账单/来电提醒）"
462,TRANSACTION,中,"疑似交易/服务通知，需人工确认"
463,NEEDS_REVIEW,低,"无法明确归类，需人工判断"
464,HARASS,高,"包含催收/威胁关键词"
465,NEEDS_REVIEW,高,"政府/公益/公共服务信息，无商业推广"
466,TRANSACTION,高,"包含明确的交易信息（金额/账单/到账/验证码）"
467,AD,中,"医疗推广信息"
468,NEEDS_REVIEW,低,"无法明确归类，需人工判断"
469,NEEDS_REVIEW,低,"无法明确归类，需人工判断"
470,TRANSACTION,高,"运营商服务通知（流量/余额/账单/来电提醒）"
471,TRANSACTION,高,"包含明确的交易信息（金额/账单/到账/验证码）"
472,AD,高,"包含多个广告特征"
473,TRANSACTION,高,"包含明确的交易信息（金额/账单/到账/验证码）"
474,TRANSACTION,中,"疑似交易/服务通知，需人工确认"
475,AD,高,"包含多个广告特征"
476,AD,中,"运营商营销推广"
477,NEEDS_REVIEW,低,"无法明确归类，需人工判断"
478,TRANSACTION,高,"快递/物流服务通知"
479,TRANSACTION,中,"疑似交易/服务通知，需人工确认"
480,TRANSACTION,高,"包含明确的交易信息（金额/账单/到账/验证码）"
481,AD,中,"运营商营销推广"
482,NEEDS_REVIEW,高,"政府/公益/公共服务信息，无商业推广"
483,TRANSACTION,高,"运营商服务通知（流量/余额/账单/来电提醒）"
484,TRANSACTION,中,"疑似交易/服务通知，需人工确认"
485,TRANSACTION,高,"运营商服务通知（流量/余额/账单/来电提醒）"
486,NEEDS_REVIEW,高,"政府/公益信息"
487,NEEDS_REVIEW,低,"无法明确归类，需人工判断"
488,NEEDS_REVIEW,低,"无法明确归类，需人工判断"
489,TRANSACTION,高,"运营商服务通知（流量/余额/账单/来电提醒）"
490,NEEDS_REVIEW,低,"无法明确归类，需人工判断"
491,AD,高,"贷款产品推广广告"
492,NEEDS_REVIEW,高,"天气预报服务信息"
493,TRANSACTION,高,"保险/金融服务通知"
494,TRANSACTION,中,"疑似交易/服务通知，需人工确认"
495,TRANSACTION,高,"运营商服务通知（流量/余额/账单/来电提醒）"
496,TRANSACTION,高,"运营商服务通知（流量/余额/账单/来电提醒）"
497,TRANSACTION,高,"快递/物流服务通知"
498,NEEDS_REVIEW,高,"天气预报服务信息"
499,AD,中,"运营商营销推广"
500,NEEDS_REVIEW,高,"天气预报服务信息"
501,TRANSACTION,高,"快递/物流服务通知"
502,HARASS,高,"包含催收/威胁关键词"
503,TRANSACTION,中,"疑似交易/服务通知，需人工确认"
504,TRANSACTION,高,"包含明确的交易信息（金额/账单/到账/验证码）"
505,TRANSACTION,中,"疑似交易/服务通知，需人工确认"
506,TRANSACTION,中,"疑似交易/服务通知，需人工确认"
507,TRANSACTION,高,"快递/物流服务通知"
508,NEEDS_REVIEW,低,"无法明确归类，需人工判断"
509,NEEDS_REVIEW,高,"政府/公益/公共服务信息，无商业推广"
510,AD,中,"教育培训推广"
511,TRANSACTION,中,"疑似交易/服务通知，需人工确认"
512,TRANSACTION,中,"疑似交易/服务通知，需人工确认"
513,TRANSACTION,高,"运营商服务通知（流量/余额/账单/来电提醒）"
514,NEEDS_REVIEW,高,"政府/公益/公共服务信息，无商业推广"
515,AD,高,"贷款产品推广广告"
516,TRANSACTION,高,"快递/物流服务通知"
517,NEEDS_REVIEW,低,"无法明确归类，需人工判断"
518,NEEDS_REVIEW,低,"无法明确归类，需人工判断"
519,AD,中,"运营商营销推广"
520,TRANSACTION,中,"疑似交易/服务通知，需人工确认"
521,TRANSACTION,中,"疑似交易/服务通知，需人工确认"
522,NEEDS_REVIEW,高,"天气预报服务信息"
523,TRANSACTION,高,"运营商服务通知（流量/余额/账单/来电提醒）"
524,NEEDS_REVIEW,低,"无法明确归类，需人工判断"
525,TRANSACTION,高,"包含明确的交易信息（金额/账单/到账/验证码）"
526,TRANSACTION,高,"包含明确的交易信息（金额/账单/到账/验证码）"
527,TRANSACTION,中,"疑似交易/服务通知，需人工确认"
528,NEEDS_REVIEW,低,"无法明确归类，需人工判断"
529,TRANSACTION,中,"疑似交易/服务通知，需人工确认"
530,TRANSACTION,中,"疑似交易/服务通知，需人工确认"
531,TRANSACTION,高,"包含明确的交易信息（金额/账单/到账/验证码）"
532,NEEDS_REVIEW,低,"无法明确归类，需人工判断"
533,TRANSACTION,高,"包含明确的交易信息（金额/账单/到账/验证码）"
534,TRANSACTION,高,"包含明确的交易信息（金额/账单/到账/验证码）"
535,HARASS,高,"包含催收/威胁关键词"
536,TRANSACTION,中,"疑似交易/服务通知，需人工确认"
537,TRANSACTION,高,"运营商服务通知（流量/余额/账单/来电提醒）"
538,TRANSACTION,高,"快递/物流服务通知"
539,TRANSACTION,中,"疑似交易/服务通知，需人工确认"
540,NEEDS_REVIEW,高,"政府/公益/公共服务信息，无商业推广"
541,TRANSACTION,高,"运营商服务通知（流量/余额/账单/来电提醒）"
542,TRANSACTION,高,"保险/金融服务通知"
543,AD,中,"运营商营销推广"
544,TRANSACTION,中,"疑似交易/服务通知，需人工确认"
545,NEEDS_REVIEW,低,"无法明确归类，需人工判断"
546,AD,中,"运营商营销推广"
547,NEEDS_REVIEW,高,"政府/公益/公共服务信息，无商业推广"
548,AD,中,"运营商营销推广"
549,TRANSACTION,高,"包含明确的交易信息（金额/账单/到账/验证码）"
550,TRANSACTION,高,"运营商服务通知（流量/余额/账单/来电提醒）"
551,NEEDS_REVIEW,低,"无法明确归类，需人工判断"
552,TRANSACTION,高,"包含明确的交易信息（金额/账单/到账/验证码）"
553,TRANSACTION,高,"包含明确的交易信息（金额/账单/到账/验证码）"
554,TRANSACTION,高,"包含明确的交易信息（金额/账单/到账/验证码）"
555,NEEDS_REVIEW,低,"无法明确归类，需人工判断"
556,TRANSACTION,高,"运营商服务通知（流量/余额/账单/来电提醒）"
557,TRANSACTION,高,"快递/物流服务通知"
558,TRANSACTION,高,"运营商服务通知（流量/余额/账单/来电提醒）"
559,TRANSACTION,中,"疑似交易/服务通知，需人工确认"
560,TRANSACTION,中,"疑似交易/服务通知，需人工确认"
561,TRANSACTION,中,"疑似交易/服务通知，需人工确认"
562,TRANSACTION,高,"运营商服务通知（流量/余额/账单/来电提醒）"
563,TRANSACTION,高,"快递/物流服务通知"
564,TRANSACTION,中,"疑似交易/服务通知，需人工确认"
565,NEEDS_REVIEW,高,"天气预报服务信息"
566,TRANSACTION,高,"运营商服务通知（流量/余额/账单/来电提醒）"
567,NEEDS_REVIEW,高,"政府/公益/公共服务信息，无商业推广"
568,TRANSACTION,高,"包含明确的交易信息（金额/账单/到账/验证码）"
569,AD,高,"贷款产品推广广告"
570,NEEDS_REVIEW,高,"政府/公益/公共服务信息，无商业推广"
571,TRANSACTION,高,"快递/物流服务通知"
572,NEEDS_REVIEW,低,"无法明确归类，需人工判断"
573,TRANSACTION,中,"疑似交易/服务通知，需人工确认"
574,TRANSACTION,中,"疑似交易/服务通知，需人工确认"
575,TRANSACTION,高,"快递/物流服务通知"
576,NEEDS_REVIEW,高,"政府/公益/公共服务信息，无商业推广"
577,NEEDS_REVIEW,低,"无法明确归类，需人工判断"
578,NEEDS_REVIEW,低,"无法明确归类，需人工判断"
579,NEEDS_REVIEW,低,"无法明确归类，需人工判断"
580,AD,中,"医疗推广信息"
581,TRANSACTION,高,"包含明确的交易信息（金额/账单/到账/验证码）"
582,TRANSACTION,高,"运营商服务通知（流量/余额/账单/来电提醒）"
583,NEEDS_REVIEW,低,"无法明确归类，需人工判断"
584,TRANSACTION,中,"疑似交易/服务通知，需人工确认"
585,TRANSACTION,中,"疑似交易/服务通知，需人工确认"
586,TRANSACTION,中,"疑似交易/服务通知，需人工确认"
587,NEEDS_REVIEW,低,"无法明确归类，需人工判断"
588,AD,高,"包含多个广告特征"
589,HARASS,高,"包含催收/威胁关键词"
590,TRANSACTION,高,"运营商服务通知（流量/余额/账单/来电提醒）"
591,TRANSACTION,中,"疑似交易/服务通知，需人工确认"
592,TRANSACTION,中,"疑似交易/服务通知，需人工确认"
593,NEEDS_REVIEW,高,"天气预报服务信息"
594,TRANSACTION,高,"运营商服务通知（流量/余额/账单/来电提醒）"
595,TRANSACTION,高,"快递/物流服务通知"
596,NEEDS_REVIEW,中,"服务评价邀请，边界模糊"
597,NEEDS_REVIEW,高,"政府/公益信息"
598,TRANSACTION,中,"疑似交易/服务通知，需人工确认"
599,TRANSACTION,高,"保险/金融服务通知"
600,TRANSACTION,高,"快递/物流服务通知"
601,TRANSACTION,中,"疑似交易/服务通知，需人工确认"
602,NEEDS_REVIEW,低,"无法明确归类，需人工判断"
603,HARASS,高,"包含催收/威胁关键词"
604,TRANSACTION,高,"运营商服务通知（流量/余额/账单/来电提醒）"
605,TRANSACTION,中,"疑似交易/服务通知，需人工确认"
606,TRANSACTION,高,"包含明确的交易信息（金额/账单/到账/验证码）"
607,TRANSACTION,中,"疑似交易/服务通知，需人工确认"
608,TRANSACTION,中,"疑似交易/服务通知，需人工确认"
609,TRANSACTION,中,"疑似交易/服务通知，需人工确认"
610,HARASS,高,"包含催收/威胁关键词"
611,NEEDS_REVIEW,高,"政府/公益/公共服务信息，无商业推广"
612,TRANSACTION,高,"快递/物流服务通知"
613,NEEDS_REVIEW,低,"无法明确归类，需人工判断"
614,NEEDS_REVIEW,高,"天气预报服务信息"
615,TRANSACTION,高,"包含明确的交易信息（金额/账单/到账/验证码）"
616,TRANSACTION,中,"疑似交易/服务通知，需人工确认"
617,NEEDS_REVIEW,高,"天气预报服务信息"
618,TRANSACTION,高,"包含明确的交易信息（金额/账单/到账/验证码）"
619,NEEDS_REVIEW,低,"无法明确归类，需人工判断"
620,TRANSACTION,中,"疑似交易/服务通知，需人工确认"
621,NEEDS_REVIEW,高,"政府/公益/公共服务信息，无商业推广"
622,TRANSACTION,中,"疑似交易/服务通知，需人工确认"
623,AD,高,"包含多个广告特征"
624,TRANSACTION,高,"运营商服务通知（流量/余额/账单/来电提醒）"
625,HARASS,高,"包含催收/威胁关键词"
626,NEEDS_REVIEW,低,"无法明确归类，需人工判断"
627,TRANSACTION,高,"快递/物流服务通知"
628,TRANSACTION,高,"运营商服务通知（流量/余额/账单/来电提醒）"
629,TRANSACTION,高,"运营商服务通知（流量/余额/账单/来电提醒）"
630,NEEDS_REVIEW,低,"无法明确归类，需人工判断"
631,TRANSACTION,高,"运营商服务通知（流量/余额/账单/来电提醒）"
632,TRANSACTION,中,"疑似交易/服务通知，需人工确认"
633,AD,中,"医疗推广信息"
634,TRANSACTION,高,"快递/物流服务通知"
635,NEEDS_REVIEW,低,"无法明确归类，需人工判断"
636,AD,中,"医疗推广信息"
637,NEEDS_REVIEW,高,"天气预报服务信息"
638,AD,中,"运营商营销推广"
639,TRANSACTION,高,"保险/金融服务通知"
640,AD,高,"包含多个广告特征"
641,NEEDS_REVIEW,高,"政府/公益/公共服务信息，无商业推广"
642,TRANSACTION,中,"疑似交易/服务通知，需人工确认"
643,NEEDS_REVIEW,低,"无法明确归类，需人工判断"
644,TRANSACTION,高,"运营商服务通知（流量/余额/账单/来电提醒）"
645,NEEDS_REVIEW,低,"无法明确归类，需人工判断"
646,NEEDS_REVIEW,高,"天气预报服务信息"
647,NEEDS_REVIEW,低,"无法明确归类，需人工判断"
648,TRANSACTION,高,"包含明确的交易信息（金额/账单/到账/验证码）"
649,TRANSACTION,中,"疑似交易/服务通知，需人工确认"
650,TRANSACTION,中,"疑似交易/服务通知，需人工确认"
651,TRANSACTION,中,"疑似交易/服务通知，需人工确认"
652,TRANSACTION,高,"运营商服务通知（流量/余额/账单/来电提醒）"
653,NEEDS_REVIEW,低,"无法明确归类，需人工判断"
654,NEEDS_REVIEW,中,"工作/业务通知，需人工判断"
655,NEEDS_REVIEW,低,"无法明确归类，需人工判断"
656,AD,中,"医疗推广信息"
657,TRANSACTION,高,"快递/物流服务通知"
658,TRANSACTION,高,"包含明确的交易信息（金额/账单/到账/验证码）"
659,AD,中,"医疗推广信息"
660,TRANSACTION,高,"运营商服务通知（流量/余额/账单/来电提醒）"
661,TRANSACTION,中,"疑似交易/服务通知，需人工确认"
662,TRANSACTION,高,"包含明确的交易信息（金额/账单/到账/验证码）"
663,NEEDS_REVIEW,低,"无法明确归类，需人工判断"
664,NEEDS_REVIEW,高,"天气预报服务信息"
665,TRANSACTION,中,"疑似交易/服务通知，需人工确认"
666,TRANSACTION,高,"包含明确的交易信息（金额/账单/到账/验证码）"
667,HARASS,高,"包含催收/威胁关键词"
668,HARASS,高,"包含催收/威胁关键词"
669,TRANSACTION,高,"保险/金融服务通知"
670,TRANSACTION,中,"疑似交易/服务通知，需人工确认"
671,AD,中,"运营商营销推广"
672,AD,中,"运营商营销推广"
673,NEEDS_REVIEW,低,"无法明确归类，需人工判断"
674,TRANSACTION,高,"包含明确的交易信息（金额/账单/到账/验证码）"
675,NEEDS_REVIEW,高,"政府/公益/公共服务信息，无商业推广"
676,TRANSACTION,中,"疑似交易/服务通知，需人工确认"
677,NEEDS_REVIEW,高,"政府/公益/公共服务信息，无商业推广"
678,HARASS,高,"包含催收/威胁关键词"
679,NEEDS_REVIEW,低,"无法明确归类，需人工判断"
680,TRANSACTION,高,"运营商服务通知（流量/余额/账单/来电提醒）"
681,TRANSACTION,高,"保险/金融服务通知"
682,TRANSACTION,中,"疑似交易/服务通知，需人工确认"
683,TRANSACTION,高,"快递/物流服务通知"
684,TRANSACTION,中,"疑似交易/服务通知，需人工确认"
685,TRANSACTION,高,"运营商服务通知（流量/余额/账单/来电提醒）"
686,NEEDS_REVIEW,低,"无法明确归类，需人工判断"
687,TRANSACTION,高,"运营商服务通知（流量/余额/账单/来电提醒）"
688,TRANSACTION,中,"疑似交易/服务通知，需人工确认"
689,NEEDS_REVIEW,低,"无法明确归类，需人工判断"
690,TRANSACTION,中,"疑似交易/服务通知，需人工确认"
691,TRANSACTION,高,"快递/物流服务通知"
692,TRANSACTION,中,"疑似交易/服务通知，需人工确认"
693,TRANSACTION,高,"运营商服务通知（流量/余额/账单/来电提醒）"
694,TRANSACTION,高,"包含明确的交易信息（金额/账单/到账/验证码）"
695,TRANSACTION,高,"快递/物流服务通知"
696,NEEDS_REVIEW,低,"无法明确归类，需人工判断"
697,TRANSACTION,高,"运营商服务通知（流量/余额/账单/来电提醒）"
698,AD,中,"医疗推广信息"
699,TRANSACTION,高,"运营商服务通知（流量/余额/账单/来电提醒）"
700,TRANSACTION,中,"疑似交易/服务通知，需人工确认"
701,NEEDS_REVIEW,低,"无法明确归类，需人工判断"
702,NEEDS_REVIEW,中,"工作/业务通知，需人工判断"
703,TRANSACTION,高,"包含明确的交易信息（金额/账单/到账/验证码）"
704,HARASS,高,"包含催收/威胁关键词"
705,TRANSACTION,高,"保险/金融服务通知"
706,TRANSACTION,中,"疑似交易/服务通知，需人工确认"
707,AD,中,"服务评价邀请，含营销激励（抽奖/礼品）"
708,AD,中,"运营商营销推广"
709,HARASS,高,"匹配催收模式"
710,NEEDS_REVIEW,低,"无法明确归类，需人工判断"
711,TRANSACTION,高,"运营商服务通知（流量/余额/账单/来电提醒）"
712,NEEDS_REVIEW,低,"无法明确归类，需人工判断"
713,TRANSACTION,中,"疑似交易/服务通知，需人工确认"
714,AD,中,"运营商营销推广"
715,TRANSACTION,高,"包含明确的交易信息（金额/账单/到账/验证码）"
716,TRANSACTION,高,"包含明确的交易信息（金额/账单/到账/验证码）"
717,TRANSACTION,中,"疑似交易/服务通知，需人工确认"
718,TRANSACTION,高,"运营商服务通知（流量/余额/账单/来电提醒）"
719,NEEDS_REVIEW,低,"无法明确归类，需人工判断"
720,TRANSACTION,高,"包含明确的交易信息（金额/账单/到账/验证码）"
721,TRANSACTION,中,"疑似交易/服务通知，需人工确认"
722,NEEDS_REVIEW,低,"无法明确归类，需人工判断"
723,TRANSACTION,中,"疑似交易/服务通知，需人工确认"
724,TRANSACTION,高,"运营商服务通知（流量/余额/账单/来电提醒）"
725,TRANSACTION,高,"包含明确的交易信息（金额/账单/到账/验证码）"
726,TRANSACTION,中,"疑似交易/服务通知，需人工确认"
727,TRANSACTION,高,"运营商服务通知（流量/余额/账单/来电提醒）"
728,NEEDS_REVIEW,高,"政府/公益/公共服务信息，无商业推广"
729,TRANSACTION,高,"包含明确的交易信息（金额/账单/到账/验证码）"
730,TRANSACTION,高,"包含明确的交易信息（金额/账单/到账/验证码）"
731,TRANSACTION,高,"运营商服务通知（流量/余额/账单/来电提醒）"
732,NEEDS_REVIEW,高,"天气预报服务信息"
733,NEEDS_REVIEW,低,"无法明确归类，需人工判断"
734,TRANSACTION,中,"疑似交易/服务通知，需人工确认"
735,TRANSACTION,中,"疑似交易/服务通知，需人工确认"
736,TRANSACTION,中,"疑似交易/服务通知，需人工确认"
737,NEEDS_REVIEW,高,"政府/公益信息"
738,NEEDS_REVIEW,低,"无法明确归类，需人工判断"
739,TRANSACTION,高,"运营商服务通知（流量/余额/账单/来电提醒）"
740,NEEDS_REVIEW,低,"无法明确归类，需人工判断"
741,NEEDS_REVIEW,低,"无法明确归类，需人工判断"
742,TRANSACTION,中,"疑似交易/服务通知，需人工确认"
743,AD,中,"运营商营销推广"
744,TRANSACTION,高,"保险/金融服务通知"
745,NEEDS_REVIEW,中,"工作/业务通知，需人工判断"
746,TRANSACTION,高,"运营商服务通知（流量/余额/账单/来电提醒）"
747,NEEDS_REVIEW,低,"无法明确归类，需人工判断"
748,NEEDS_REVIEW,低,"无法明确归类，需人工判断"
749,TRANSACTION,高,"快递/物流服务通知"
750,NEEDS_REVIEW,低,"无法明确归类，需人工判断"
751,TRANSACTION,中,"疑似交易/服务通知，需人工确认"
752,TRANSACTION,中,"疑似交易/服务通知，需人工确认"
753,TRANSACTION,高,"包含明确的交易信息（金额/账单/到账/验证码）"
754,NEEDS_REVIEW,低,"无法明确归类，需人工判断"
755,TRANSACTION,中,"疑似交易/服务通知，需人工确认"
756,TRANSACTION,中,"疑似交易/服务通知，需人工确认"
757,AD,中,"运营商营销推广"
758,HARASS,高,"包含催收/威胁关键词"
759,NEEDS_REVIEW,低,"无法明确归类，需人工判断"
760,TRANSACTION,中,"疑似交易/服务通知，需人工确认"
761,TRANSACTION,中,"疑似交易/服务通知，需人工确认"
762,HARASS,高,"包含催收/威胁关键词"
763,NEEDS_REVIEW,低,"无法明确归类，需人工判断"
764,NEEDS_REVIEW,低,"无法明确归类，需人工判断"
765,HARASS,高,"包含催收/威胁关键词"
766,NEEDS_REVIEW,低,"无法明确归类，需人工判断"
767,TRANSACTION,高,"快递/物流服务通知"
768,NEEDS_REVIEW,低,"无法明确归类，需人工判断"
769,TRANSACTION,高,"运营商服务通知（流量/余额/账单/来电提醒）"
770,HARASS,高,"包含催收/威胁关键词"
771,TRANSACTION,高,"快递/物流服务通知"
772,TRANSACTION,高,"包含明确的交易信息（金额/账单/到账/验证码）"
773,TRANSACTION,中,"疑似交易/服务通知，需人工确认"
774,AD,中,"医疗推广信息"
775,TRANSACTION,高,"运营商服务通知（流量/余额/账单/来电提醒）"
776,TRANSACTION,中,"疑似交易/服务通知，需人工确认"
777,AD,中,"医疗推广信息"
778,TRANSACTION,高,"包含明确的交易信息（金额/账单/到账/验证码）"
779,TRANSACTION,中,"疑似交易/服务通知，需人工确认"
780,TRANSACTION,高,"快递/物流服务通知"
781,AD,中,"医疗推广信息"
782,TRANSACTION,高,"运营商服务通知（流量/余额/账单/来电提醒）"
783,TRANSACTION,中,"疑似交易/服务通知，需人工确认"
784,AD,中,"运营商营销推广"
785,NEEDS_REVIEW,高,"天气预报服务信息"
786,TRANSACTION,高,"运营商服务通知（流量/余额/账单/来电提醒）"
787,HARASS,高,"包含催收/威胁关键词"
788,TRANSACTION,中,"疑似交易/服务通知，需人工确认"
789,TRANSACTION,高,"运营商服务通知（流量/余额/账单/来电提醒）"
790,NEEDS_REVIEW,高,"政府/公益/公共服务信息，无商业推广"
791,HARASS,高,"包含催收/威胁关键词"
792,TRANSACTION,高,"运营商服务通知（流量/余额/账单/来电提醒）"
793,TRANSACTION,中,"疑似交易/服务通知，需人工确认"
794,TRANSACTION,中,"疑似交易/服务通知，需人工确认"
795,NEEDS_REVIEW,高,"天气预报服务信息"
796,TRANSACTION,中,"疑似交易/服务通知，需人工确认"
797,TRANSACTION,高,"快递/物流服务通知"
798,TRANSACTION,高,"包含明确的交易信息（金额/账单/到账/验证码）"
799,AD,中,"运营商营销推广"
800,TRANSACTION,高,"快递/物流服务通知"
801,TRANSACTION,高,"包含明确的交易信息（金额/账单/到账/验证码）"
802,NEEDS_REVIEW,低,"无法明确归类，需人工判断"
803,TRANSACTION,高,"保险/金融服务通知"
804,TRANSACTION,中,"疑似交易/服务通知，需人工确认"
805,NEEDS_REVIEW,低,"无法明确归类，需人工判断"
806,TRANSACTION,中,"疑似交易/服务通知，需人工确认"
807,TRANSACTION,中,"疑似交易/服务通知，需人工确认"
808,NEEDS_REVIEW,高,"政府/公益/公共服务信息，无商业推广"
809,TRANSACTION,高,"运营商服务通知（流量/余额/账单/来电提醒）"
810,NEEDS_REVIEW,低,"无法明确归类，需人工判断"
811,TRANSACTION,高,"快递/物流服务通知"
812,TRANSACTION,中,"疑似交易/服务通知，需人工确认"
813,TRANSACTION,高,"快递/物流服务通知"
814,NEEDS_REVIEW,高,"政府/公益/公共服务信息，无商业推广"
815,TRANSACTION,中,"疑似交易/服务通知，需人工确认"
816,TRANSACTION,中,"疑似交易/服务通知，需人工确认"
817,TRANSACTION,高,"保险/金融服务通知"
818,AD,中,"教育培训推广"
819,AD,高,"贷款产品推广广告"
820,NEEDS_REVIEW,中,"服务评价邀请，边界模糊"
821,TRANSACTION,高,"保险/金融服务通知"
822,TRANSACTION,中,"疑似交易/服务通知，需人工确认"
823,NEEDS_REVIEW,低,"无法明确归类，需人工判断"
824,TRANSACTION,高,"快递/物流服务通知"
825,TRANSACTION,中,"疑似交易/服务通知，需人工确认"
826,NEEDS_REVIEW,高,"政府/公益信息"
827,NEEDS_REVIEW,低,"无法明确归类，需人工判断"
828,NEEDS_REVIEW,高,"天气预报服务信息"
829,NEEDS_REVIEW,高,"政府/公益/公共服务信息，无商业推广"
830,AD,中,"运营商营销推广"
831,TRANSACTION,中,"疑似交易/服务通知，需人工确认"
832,NEEDS_REVIEW,低,"无法明确归类，需人工判断"
833,NEEDS_REVIEW,低,"无法明确归类，需人工判断"
834,NEEDS_REVIEW,低,"无法明确归类，需人工判断"
835,TRANSACTION,高,"运营商服务通知（流量/余额/账单/来电提醒）"
836,NEEDS_REVIEW,低,"无法明确归类，需人工判断"
837,NEEDS_REVIEW,低,"无法明确归类，需人工判断"
838,NEEDS_REVIEW,低,"无法明确归类，需人工判断"
839,TRANSACTION,高,"包含明确的交易信息（金额/账单/到账/验证码）"
840,AD,中,"运营商营销推广"
841,NEEDS_REVIEW,低,"无法明确归类，需人工判断"
842,TRANSACTION,高,"运营商服务通知（流量/余额/账单/来电提醒）"
843,TRANSACTION,高,"快递/物流服务通知"
844,NEEDS_REVIEW,高,"天气预报服务信息"
845,TRANSACTION,高,"快递/物流服务通知"
846,TRANSACTION,高,"包含明确的交易信息（金额/账单/到账/验证码）"
847,NEEDS_REVIEW,高,"天气预报服务信息"
848,TRANSACTION,高,"包含明确的交易信息（金额/账单/到账/验证码）"
849,TRANSACTION,高,"包含明确的交易信息（金额/账单/到账/验证码）"
850,NEEDS_REVIEW,高,"天气预报服务信息"
851,NEEDS_REVIEW,低,"无法明确归类，需人工判断"
852,TRANSACTION,中,"疑似交易/服务通知，需人工确认"
853,NEEDS_REVIEW,低,"无法明确归类，需人工判断"
854,NEEDS_REVIEW,高,"天气预报服务信息"
855,TRANSACTION,高,"快递/物流服务通知"
856,NEEDS_REVIEW,低,"无法明确归类，需人工判断"
857,TRANSACTION,高,"运营商服务通知（流量/余额/账单/来电提醒）"
858,TRANSACTION,高,"包含明确的交易信息（金额/账单/到账/验证码）"
859,TRANSACTION,高,"运营商服务通知（流量/余额/账单/来电提醒）"
860,AD,中,"运营商营销推广"
861,NEEDS_REVIEW,低,"无法明确归类，需人工判断"
862,TRANSACTION,中,"疑似交易/服务通知，需人工确认"
863,NEEDS_REVIEW,低,"无法明确归类，需人工判断"
864,TRANSACTION,高,"运营商服务通知（流量/余额/账单/来电提醒）"
865,NEEDS_REVIEW,低,"无法明确归类，需人工判断"
866,NEEDS_REVIEW,高,"政府/公益/公共服务信息，无商业推广"
867,NEEDS_REVIEW,低,"无法明确归类，需人工判断"
868,TRANSACTION,中,"疑似交易/服务通知，需人工确认"
869,TRANSACTION,中,"疑似交易/服务通知，需人工确认"
870,NEEDS_REVIEW,低,"无法明确归类，需人工判断"
871,TRANSACTION,中,"疑似交易/服务通知，需人工确认"
872,TRANSACTION,高,"包含明确的交易信息（金额/账单/到账/验证码）"
873,NEEDS_REVIEW,低,"无法明确归类，需人工判断"
874,TRANSACTION,高,"运营商服务通知（流量/余额/账单/来电提醒）"
875,HARASS,高,"包含催收/威胁关键词"
876,TRANSACTION,中,"疑似交易/服务通知，需人工确认"
877,TRANSACTION,中,"疑似交易/服务通知，需人工确认"
878,TRANSACTION,高,"快递/物流服务通知"
879,TRANSACTION,高,"快递/物流服务通知"
880,NEEDS_REVIEW,中,"服务评价邀请，边界模糊"
881,NEEDS_REVIEW,低,"无法明确归类，需人工判断"
882,TRANSACTION,中,"疑似交易/服务通知，需人工确认"
883,TRANSACTION,高,"运营商服务通知（流量/余额/账单/来电提醒）"
884,TRANSACTION,高,"包含明确的交易信息（金额/账单/到账/验证码）"
885,TRANSACTION,高,"运营商服务通知（流量/余额/账单/来电提醒）"
886,NEEDS_REVIEW,低,"无法明确归类，需人工判断"
887,HARASS,高,"匹配催收模式"
888,NEEDS_REVIEW,高,"政府/公益/公共服务信息，无商业推广"
889,TRANSACTION,中,"疑似交易/服务通知，需人工确认"
890,TRANSACTION,高,"运营商服务通知（流量/余额/账单/来电提醒）"
891,TRANSACTION,中,"疑似交易/服务通知，需人工确认"
892,TRANSACTION,高,"包含明确的交易信息（金额/账单/到账/验证码）"
893,TRANSACTION,中,"疑似交易/服务通知，需人工确认"
894,NEEDS_REVIEW,低,"无法明确归类，需人工判断"
895,TRANSACTION,中,"疑似交易/服务通知，需人工确认"
896,TRANSACTION,中,"疑似交易/服务通知，需人工确认"
897,TRANSACTION,中,"疑似交易/服务通知，需人工确认"
898,NEEDS_REVIEW,高,"政府/公益信息"
899,TRANSACTION,中,"疑似交易/服务通知，需人工确认"
900,TRANSACTION,中,"疑似交易/服务通知，需人工确认"
901,AD,中,"运营商营销推广"
902,TRANSACTION,高,"运营商服务通知（流量/余额/账单/来电提醒）"
903,AD,中,"运营商营销推广"
904,TRANSACTION,中,"疑似交易/服务通知，需人工确认"
905,TRANSACTION,高,"包含明确的交易信息（金额/账单/到账/验证码）"
906,TRANSACTION,中,"疑似交易/服务通知，需人工确认"
907,TRANSACTION,中,"疑似交易/服务通知，需人工确认"
908,TRANSACTION,中,"疑似交易/服务通知，需人工确认"
909,NEEDS_REVIEW,高,"天气预报服务信息"
910,NEEDS_REVIEW,低,"无法明确归类，需人工判断"
911,AD,中,"运营商营销推广"
912,TRANSACTION,高,"快递/物流服务通知"
913,NEEDS_REVIEW,低,"无法明确归类，需人工判断"
914,TRANSACTION,中,"疑似交易/服务通知，需人工确认"
915,HARASS,高,"包含催收/威胁关键词"
916,TRANSACTION,高,"运营商服务通知（流量/余额/账单/来电提醒）"
917,TRANSACTION,中,"疑似交易/服务通知，需人工确认"
918,TRANSACTION,中,"疑似交易/服务通知，需人工确认"
919,TRANSACTION,中,"疑似交易/服务通知，需人工确认"
920,TRANSACTION,中,"疑似交易/服务通知，需人工确认"
921,TRANSACTION,高,"快递/物流服务通知"
922,TRANSACTION,高,"保险/金融服务通知"
923,TRANSACTION,高,"运营商服务通知（流量/余额/账单/来电提醒）"
924,NEEDS_REVIEW,低,"无法明确归类，需人工判断"
925,TRANSACTION,高,"运营商服务通知（流量/余额/账单/来电提醒）"
926,TRANSACTION,中,"疑似交易/服务通知，需人工确认"
927,TRANSACTION,中,"疑似交易/服务通知，需人工确认"
928,TRANSACTION,高,"快递/物流服务通知"
929,TRANSACTION,中,"疑似交易/服务通知，需人工确认"
930,NEEDS_REVIEW,低,"无法明确归类，需人工判断"
931,TRANSACTION,中,"疑似交易/服务通知，需人工确认"
932,TRANSACTION,高,"快递/物流服务通知"
933,TRANSACTION,高,"保险/金融服务通知"
934,TRANSACTION,高,"包含明确的交易信息（金额/账单/到账/验证码）"
935,TRANSACTION,中,"疑似交易/服务通知，需人工确认"
936,TRANSACTION,中,"疑似交易/服务通知，需人工确认"
937,NEEDS_REVIEW,高,"天气预报服务信息"
938,TRANSACTION,中,"疑似交易/服务通知，需人工确认"
939,NEEDS_REVIEW,低,"无法明确归类，需人工判断"
940,TRANSACTION,高,"运营商服务通知（流量/余额/账单/来电提醒）"
941,TRANSACTION,中,"疑似交易/服务通知，需人工确认"
942,AD,中,"医疗推广信息"
943,AD,高,"贷款产品推广广告"
944,TRANSACTION,高,"运营商服务通知（流量/余额/账单/来电提醒）"
945,NEEDS_REVIEW,中,"服务评价邀请，边界模糊"
946,TRANSACTION,中,"疑似交易/服务通知，需人工确认"
947,HARASS,高,"包含催收/威胁关键词"
948,TRANSACTION,高,"快递/物流服务通知"
949,TRANSACTION,高,"运营商服务通知（流量/余额/账单/来电提醒）"
950,AD,中,"教育培训推广"
951,TRANSACTION,高,"包含明确的交易信息（金额/账单/到账/验证码）"
952,TRANSACTION,高,"包含明确的交易信息（金额/账单/到账/验证码）"
953,TRANSACTION,中,"疑似交易/服务通知，需人工确认"
954,TRANSACTION,高,"运营商服务通知（流量/余额/账单/来电提醒）"
955,AD,高,"包含多个广告特征"
956,NEEDS_REVIEW,低,"无法明确归类，需人工判断"
957,TRANSACTION,高,"包含明确的交易信息（金额/账单/到账/验证码）"
958,TRANSACTION,中,"疑似交易/服务通知，需人工确认"
959,TRANSACTION,高,"运营商服务通知（流量/余额/账单/来电提醒）"
960,NEEDS_REVIEW,高,"天气预报服务信息"
961,TRANSACTION,中,"疑似交易/服务通知，需人工确认"
962,NEEDS_REVIEW,低,"无法明确归类，需人工判断"
963,HARASS,高,"匹配催收模式"
964,NEEDS_REVIEW,高,"天气预报服务信息"
965,NEEDS_REVIEW,低,"无法明确归类，需人工判断"
966,TRANSACTION,中,"疑似交易/服务通知，需人工确认"
967,TRANSACTION,高,"包含明确的交易信息（金额/账单/到账/验证码）"
968,TRANSACTION,中,"疑似交易/服务通知，需人工确认"
969,AD,中,"运营商营销推广"
970,TRANSACTION,高,"快递/物流服务通知"
971,NEEDS_REVIEW,高,"政府/公益/公共服务信息，无商业推广"
972,NEEDS_REVIEW,低,"无法明确归类，需人工判断"
973,TRANSACTION,中,"疑似交易/服务通知，需人工确认"
974,AD,高,"包含多个广告特征"
975,TRANSACTION,高,"快递/物流服务通知"
976,NEEDS_REVIEW,高,"政府/公益/公共服务信息，无商业推广"
977,TRANSACTION,中,"疑似交易/服务通知，需人工确认"
978,NEEDS_REVIEW,高,"政府/公益/公共服务信息，无商业推广"
979,TRANSACTION,中,"车辆服务通知"
980,AD,中,"运营商营销推广"
981,NEEDS_REVIEW,低,"无法明确归类，需人工判断"
982,TRANSACTION,高,"快递/物流服务通知"
983,TRANSACTION,高,"快递/物流服务通知"
984,NEEDS_REVIEW,低,"无法明确归类，需人工判断"
985,TRANSACTION,高,"运营商服务通知（流量/余额/账单/来电提醒）"
986,TRANSACTION,中,"疑似交易/服务通知，需人工确认"
987,TRANSACTION,高,"运营商服务通知（流量/余额/账单/来电提醒）"
988,TRANSACTION,高,"快递/物流服务通知"
989,NEEDS_REVIEW,高,"政府/公益/公共服务信息，无商业推广"
990,NEEDS_REVIEW,高,"政府/公益/公共服务信息，无商业推广"
991,TRANSACTION,高,"包含明确的交易信息（金额/账单/到账/验证码）"
992,NEEDS_REVIEW,低,"无法明确归类，需人工判断"
993,TRANSACTION,高,"保险/金融服务通知"
994,NEEDS_REVIEW,低,"无法明确归类，需人工判断"
995,TRANSACTION,中,"疑似交易/服务通知，需人工确认"
996,NEEDS_REVIEW,低,"无法明确归类，需人工判断"
997,TRANSACTION,高,"包含明确的交易信息（金额/账单/到账/验证码）"
998,TRANSACTION,高,"运营商服务通知（流量/余额/账单/来电提醒）"
999,TRANSACTION,中,"疑似交易/服务通知，需人工确认"
1000,TRANSACTION,中,"疑似交易/服务通知，需人工确认"
1001,TRANSACTION,中,"疑似交易/服务通知，需人工确认"
1002,TRANSACTION,中,"疑似交易/服务通知，需人工确认"
1003,NEEDS_REVIEW,低,"无法明确归类，需人工判断"
1004,TRANSACTION,高,"运营商服务通知（流量/余额/账单/来电提醒）"
1005,AD,中,"运营商营销推广"
1006,TRANSACTION,中,"疑似交易/服务通知，需人工确认"
1007,AD,中,"教育培训推广"
1008,TRANSACTION,高,"包含明确的交易信息（金额/账单/到账/验证码）"
1009,NEEDS_REVIEW,高,"天气预报服务信息"
1010,NEEDS_REVIEW,高,"政府/公益/公共服务信息，无商业推广"
1011,HARASS,高,"包含催收/威胁关键词"
1012,TRANSACTION,高,"运营商服务通知（流量/余额/账单/来电提醒）"
1013,AD,中,"医疗推广信息"
1014,TRANSACTION,高,"运营商服务通知（流量/余额/账单/来电提醒）"
1015,TRANSACTION,中,"疑似交易/服务通知，需人工确认"
1016,TRANSACTION,中,"疑似交易/服务通知，需人工确认"
1017,AD,高,"包含多个广告特征"
1018,TRANSACTION,中,"疑似交易/服务通知，需人工确认"
1019,NEEDS_REVIEW,高,"天气预报服务信息"
1020,TRANSACTION,中,"疑似交易/服务通知，需人工确认"
1021,TRANSACTION,中,"疑似交易/服务通知，需人工确认"
1022,TRANSACTION,中,"疑似交易/服务通知，需人工确认"
1023,TRANSACTION,高,"运营商服务通知（流量/余额/账单/来电提醒）"
1024,NEEDS_REVIEW,高,"政府/公益/公共服务信息，无商业推广"
1025,TRANSACTION,中,"疑似交易/服务通知，需人工确认"
1026,NEEDS_REVIEW,低,"无法明确归类，需人工判断"
1027,NEEDS_REVIEW,低,"无法明确归类，需人工判断"
1028,NEEDS_REVIEW,高,"天气预报服务信息"
1029,HARASS,高,"包含催收/威胁关键词"
1030,AD,中,"运营商营销推广"
1031,TRANSACTION,中,"疑似交易/服务通知，需人工确认"
1032,TRANSACTION,中,"疑似交易/服务通知，需人工确认"
1033,TRANSACTION,中,"疑似交易/服务通知，需人工确认"
1034,NEEDS_REVIEW,高,"天气预报服务信息"
1035,TRANSACTION,高,"保险/金融服务通知"
1036,TRANSACTION,中,"疑似交易/服务通知，需人工确认"
1037,TRANSACTION,中,"疑似交易/服务通知，需人工确认"
1038,TRANSACTION,高,"包含明确的交易信息（金额/账单/到账/验证码）"
1039,NEEDS_REVIEW,低,"无法明确归类，需人工判断"
1040,AD,中,"医疗推广信息"
1041,NEEDS_REVIEW,低,"无法明确归类，需人工判断"
1042,TRANSACTION,高,"包含明确的交易信息（金额/账单/到账/验证码）"
1043,NEEDS_REVIEW,高,"政府/公益/公共服务信息，无商业推广"
1044,TRANSACTION,高,"包含明确的交易信息（金额/账单/到账/验证码）"
1045,NEEDS_REVIEW,低,"无法明确归类，需人工判断"
1046,TRANSACTION,中,"疑似交易/服务通知，需人工确认"
1047,NEEDS_REVIEW,低,"无法明确归类，需人工判断"
1048,TRANSACTION,中,"疑似交易/服务通知，需人工确认"
1049,TRANSACTION,高,"运营商服务通知（流量/余额/账单/来电提醒）"
1050,NEEDS_REVIEW,低,"无法明确归类，需人工判断"
1051,TRANSACTION,中,"疑似交易/服务通知，需人工确认"
1052,NEEDS_REVIEW,低,"无法明确归类，需人工判断"
1053,TRANSACTION,高,"包含明确的交易信息（金额/账单/到账/验证码）"
1054,AD,中,"运营商营销推广"
1055,TRANSACTION,中,"疑似交易/服务通知，需人工确认"
1056,NEEDS_REVIEW,低,"无法明确归类，需人工判断"
1057,TRANSACTION,高,"运营商服务通知（流量/余额/账单/来电提醒）"
1058,TRANSACTION,中,"疑似交易/服务通知，需人工确认"
1059,TRANSACTION,高,"运营商服务通知（流量/余额/账单/来电提醒）"
1060,TRANSACTION,高,"包含明确的交易信息（金额/账单/到账/验证码）"
1061,NEEDS_REVIEW,高,"政府/公益信息"
1062,TRANSACTION,高,"包含明确的交易信息（金额/账单/到账/验证码）"
1063,TRANSACTION,高,"运营商服务通知（流量/余额/账单/来电提醒）"
1064,TRANSACTION,高,"运营商服务通知（流量/余额/账单/来电提醒）"
1065,TRANSACTION,高,"快递/物流服务通知"
1066,TRANSACTION,高,"包含明确的交易信息（金额/账单/到账/验证码）"
1067,TRANSACTION,中,"疑似交易/服务通知，需人工确认"
1068,NEEDS_REVIEW,高,"天气预报服务信息"
1069,TRANSACTION,高,"快递/物流服务通知"
1070,NEEDS_REVIEW,低,"无法明确归类，需人工判断"
1071,TRANSACTION,中,"疑似交易/服务通知，需人工确认"
1072,AD,中,"运营商营销推广"
1073,TRANSACTION,中,"疑似交易/服务通知，需人工确认"
1074,TRANSACTION,中,"疑似交易/服务通知，需人工确认"
1075,TRANSACTION,高,"运营商服务通知（流量/余额/账单/来电提醒）"
1076,TRANSACTION,高,"运营商服务通知（流量/余额/账单/来电提醒）"
1077,TRANSACTION,中,"疑似交易/服务通知，需人工确认"
1078,TRANSACTION,中,"疑似交易/服务通知，需人工确认"
1079,TRANSACTION,高,"包含明确的交易信息（金额/账单/到账/验证码）"
1080,AD,高,"包含多个广告特征"
1081,TRANSACTION,高,"包含明确的交易信息（金额/账单/到账/验证码）"
1082,TRANSACTION,高,"包含明确的交易信息（金额/账单/到账/验证码）"
1083,TRANSACTION,中,"疑似交易/服务通知，需人工确认"
1084,NEEDS_REVIEW,低,"无法明确归类，需人工判断"
1085,NEEDS_REVIEW,低,"无法明确归类，需人工判断"
1086,NEEDS_REVIEW,低,"无法明确归类，需人工判断"
1087,NEEDS_REVIEW,低,"无法明确归类，需人工判断"
1088,TRANSACTION,中,"疑似交易/服务通知，需人工确认"
1089,TRANSACTION,高,"运营商服务通知（流量/余额/账单/来电提醒）"
1090,TRANSACTION,高,"包含明确的交易信息（金额/账单/到账/验证码）"
1091,NEEDS_REVIEW,低,"无法明确归类，需人工判断"
1092,TRANSACTION,中,"疑似交易/服务通知，需人工确认"
1093,TRANSACTION,中,"疑似交易/服务通知，需人工确认"
1094,TRANSACTION,高,"快递/物流服务通知"
1095,TRANSACTION,中,"疑似交易/服务通知，需人工确认"
1096,TRANSACTION,中,"疑似交易/服务通知，需人工确认"
1097,TRANSACTION,高,"包含明确的交易信息（金额/账单/到账/验证码）"
1098,NEEDS_REVIEW,低,"无法明确归类，需人工判断"
1099,TRANSACTION,中,"疑似交易/服务通知，需人工确认"
1100,TRANSACTION,高,"运营商服务通知（流量/余额/账单/来电提醒）"
1101,TRANSACTION,高,"包含明确的交易信息（金额/账单/到账/验证码）"
1102,NEEDS_REVIEW,低,"无法明确归类，需人工判断"
1103,AD,中,"医疗推广信息"
1104,NEEDS_REVIEW,高,"天气预报服务信息"
1105,TRANSACTION,中,"疑似交易/服务通知，需人工确认"
1106,NEEDS_REVIEW,低,"无法明确归类，需人工判断"
1107,HARASS,高,"包含催收/威胁关键词"
1108,TRANSACTION,中,"疑似交易/服务通知，需人工确认"
1109,AD,中,"服务评价邀请，含营销激励（抽奖/礼品）"
1110,AD,高,"产品营销广告"
1111,TRANSACTION,高,"快递/物流服务通知"
1112,TRANSACTION,高,"包含明确的交易信息（金额/账单/到账/验证码）"
1113,TRANSACTION,高,"包含明确的交易信息（金额/账单/到账/验证码）"
1114,NEEDS_REVIEW,低,"无法明确归类，需人工判断"
1115,TRANSACTION,高,"包含明确的交易信息（金额/账单/到账/验证码）"
1116,TRANSACTION,高,"包含明确的交易信息（金额/账单/到账/验证码）"
1117,TRANSACTION,中,"疑似交易/服务通知，需人工确认"
1118,AD,高,"贷款产品推广广告"
1119,TRANSACTION,中,"疑似交易/服务通知，需人工确认"
1120,NEEDS_REVIEW,高,"天气预报服务信息"
1121,TRANSACTION,高,"快递/物流服务通知"
1122,TRANSACTION,中,"疑似交易/服务通知，需人工确认"
1123,NEEDS_REVIEW,低,"无法明确归类，需人工判断"
1124,NEEDS_REVIEW,高,"天气预报服务信息"
1125,AD,高,"包含多个广告特征"
1126,NEEDS_REVIEW,低,"无法明确归类，需人工判断"
1127,NEEDS_REVIEW,低,"无法明确归类，需人工判断"
1128,TRANSACTION,高,"包含明确的交易信息（金额/账单/到账/验证码）"
1129,TRANSACTION,中,"疑似交易/服务通知，需人工确认"
1130,AD,中,"教育培训推广"
1131,NEEDS_REVIEW,高,"天气预报服务信息"
1132,NEEDS_REVIEW,高,"天气预报服务信息"
1133,TRANSACTION,高,"快递/物流服务通知"
1134,NEEDS_REVIEW,高,"政府/公益/公共服务信息，无商业推广"
1135,NEEDS_REVIEW,高,"政府/公益信息"
1136,HARASS,高,"匹配催收模式"
1137,AD,中,"医疗推广信息"
1138,NEEDS_REVIEW,高,"政府/公益/公共服务信息，无商业推广"
1139,AD,中,"运营商营销推广"
1140,NEEDS_REVIEW,低,"无法明确归类，需人工判断"
1141,TRANSACTION,高,"运营商服务通知（流量/余额/账单/来电提醒）"
1142,TRANSACTION,中,"疑似交易/服务通知，需人工确认"
1143,HARASS,高,"包含催收/威胁关键词"
1144,HARASS,高,"包含催收/威胁关键词"
1145,TRANSACTION,高,"运营商服务通知（流量/余额/账单/来电提醒）"
1146,TRANSACTION,高,"运营商服务通知（流量/余额/账单/来电提醒）"
1147,NEEDS_REVIEW,低,"无法明确归类，需人工判断"
1148,TRANSACTION,高,"包含明确的交易信息（金额/账单/到账/验证码）"
1149,AD,中,"医疗推广信息"
1150,TRANSACTION,中,"疑似交易/服务通知，需人工确认"
1151,TRANSACTION,高,"运营商服务通知（流量/余额/账单/来电提醒）"
1152,TRANSACTION,中,"疑似交易/服务通知，需人工确认"
1153,NEEDS_REVIEW,高,"政府/公益信息"
1154,NEEDS_REVIEW,高,"天气预报服务信息"
1155,AD,中,"运营商营销推广"
1156,AD,中,"运营商营销推广"
1157,TRANSACTION,高,"保险/金融服务通知"
1158,NEEDS_REVIEW,低,"无法明确归类，需人工判断"
1159,AD,中,"运营商营销推广"
1160,HARASS,高,"包含催收/威胁关键词"
1161,TRANSACTION,高,"快递/物流服务通知"
1162,TRANSACTION,高,"运营商服务通知（流量/余额/账单/来电提醒）"
1163,TRANSACTION,中,"疑似交易/服务通知，需人工确认"
1164,NEEDS_REVIEW,低,"无法明确归类，需人工判断"
1165,TRANSACTION,中,"疑似交易/服务通知，需人工确认"
1166,NEEDS_REVIEW,低,"无法明确归类，需人工判断"
1167,NEEDS_REVIEW,低,"无法明确归类，需人工判断"
1168,NEEDS_REVIEW,低,"无法明确归类，需人工判断"
1169,NEEDS_REVIEW,低,"无法明确归类，需人工判断"
1170,TRANSACTION,中,"疑似交易/服务通知，需人工确认"
1171,TRANSACTION,中,"疑似交易/服务通知，需人工确认"
1172,NEEDS_REVIEW,低,"无法明确归类，需人工判断"
1173,TRANSACTION,中,"疑似交易/服务通知，需人工确认"
1174,TRANSACTION,高,"快递/物流服务通知"
1175,TRANSACTION,高,"运营商服务通知（流量/余额/账单/来电提醒）"
1176,TRANSACTION,高,"包含明确的交易信息（金额/账单/到账/验证码）"
1177,NEEDS_REVIEW,高,"天气预报服务信息"
1178,NEEDS_REVIEW,低,"无法明确归类，需人工判断"
1179,NEEDS_REVIEW,低,"无法明确归类，需人工判断"
1180,TRANSACTION,中,"疑似交易/服务通知，需人工确认"
1181,AD,中,"医疗推广信息"
1182,AD,中,"运营商营销推广"
1183,AD,高,"包含多个广告特征"
1184,NEEDS_REVIEW,高,"政府/公益/公共服务信息，无商业推广"
1185,TRANSACTION,中,"疑似交易/服务通知，需人工确认"
1186,TRANSACTION,中,"疑似交易/服务通知，需人工确认"
1187,TRANSACTION,高,"运营商服务通知（流量/余额/账单/来电提醒）"
1188,NEEDS_REVIEW,中,"工作/业务通知，需人工判断"
1189,AD,中,"运营商营销推广"
1190,NEEDS_REVIEW,高,"天气预报服务信息"
1191,AD,中,"运营商营销推广"
1192,TRANSACTION,高,"快递/物流服务通知"
1193,TRANSACTION,高,"包含明确的交易信息（金额/账单/到账/验证码）"
1194,NEEDS_REVIEW,高,"政府/公益/公共服务信息，无商业推广"
1195,TRANSACTION,中,"疑似交易/服务通知，需人工确认"
1196,TRANSACTION,中,"疑似交易/服务通知，需人工确认"
1197,TRANSACTION,中,"疑似交易/服务通知，需人工确认"
1198,AD,中,"医疗推广信息"
1199,TRANSACTION,中,"疑似交易/服务通知，需人工确认"
1200,NEEDS_REVIEW,低,"无法明确归类，需人工判断"
1201,AD,中,"运营商营销推广"
1202,NEEDS_REVIEW,高,"天气预报服务信息"
1203,NEEDS_REVIEW,低,"无法明确归类，需人工判断"
1204,TRANSACTION,高,"快递/物流服务通知"
1205,TRANSACTION,中,"疑似交易/服务通知，需人工确认"
1206,NEEDS_REVIEW,高,"天气预报服务信息"
1207,NEEDS_REVIEW,低,"无法明确归类，需人工判断"
1208,AD,高,"贷款产品推广广告"
1209,TRANSACTION,中,"疑似交易/服务通知，需人工确认"
1210,TRANSACTION,中,"疑似交易/服务通知，需人工确认"
1211,TRANSACTION,中,"疑似交易/服务通知，需人工确认"
1212,NEEDS_REVIEW,高,"政府/公益/公共服务信息，无商业推广"
1213,TRANSACTION,高,"运营商服务通知（流量/余额/账单/来电提醒）"
1214,TRANSACTION,高,"运营商服务通知（流量/余额/账单/来电提醒）"
1215,TRANSACTION,高,"快递/物流服务通知"
1216,NEEDS_REVIEW,低,"无法明确归类，需人工判断"
1217,AD,中,"教育培训推广"
1218,NEEDS_REVIEW,低,"无法明确归类，需人工判断"
1219,NEEDS_REVIEW,低,"无法明确归类，需人工判断"
1220,NEEDS_REVIEW,高,"天气预报服务信息"
1221,AD,中,"医疗推广信息"
1222,TRANSACTION,高,"运营商服务通知（流量/余额/账单/来电提醒）"
1223,TRANSACTION,中,"疑似交易/服务通知，需人工确认"
1224,NEEDS_REVIEW,低,"无法明确归类，需人工判断"
1225,NEEDS_REVIEW,低,"无法明确归类，需人工判断"
1226,TRANSACTION,中,"疑似交易/服务通知，需人工确认"
1227,NEEDS_REVIEW,低,"无法明确归类，需人工判断"
1228,AD,中,"运营商营销推广"
1229,NEEDS_REVIEW,低,"无法明确归类，需人工判断"
1230,TRANSACTION,中,"疑似交易/服务通知，需人工确认"
1231,TRANSACTION,中,"疑似交易/服务通知，需人工确认"
1232,NEEDS_REVIEW,高,"天气预报服务信息"
1233,NEEDS_REVIEW,低,"无法明确归类，需人工判断"
1234,TRANSACTION,高,"快递/物流服务通知"
1235,TRANSACTION,中,"疑似交易/服务通知，需人工确认"
1236,NEEDS_REVIEW,低,"无法明确归类，需人工判断"
1237,TRANSACTION,高,"运营商服务通知（流量/余额/账单/来电提醒）"
1238,NEEDS_REVIEW,低,"无法明确归类，需人工判断"
1239,TRANSACTION,中,"疑似交易/服务通知，需人工确认"
1240,NEEDS_REVIEW,低,"无法明确归类，需人工判断"
1241,TRANSACTION,高,"快递/物流服务通知"
1242,TRANSACTION,中,"疑似交易/服务通知，需人工确认"
1243,NEEDS_REVIEW,低,"无法明确归类，需人工判断"
1244,TRANSACTION,高,"运营商服务通知（流量/余额/账单/来电提醒）"
1245,NEEDS_REVIEW,低,"无法明确归类，需人工判断"
1246,NEEDS_REVIEW,高,"天气预报服务信息"
1247,NEEDS_REVIEW,高,"天气预报服务信息"
1248,NEEDS_REVIEW,高,"政府/公益/公共服务信息，无商业推广"
1249,NEEDS_REVIEW,低,"无法明确归类，需人工判断"
1250,NEEDS_REVIEW,低,"无法明确归类，需人工判断"
1251,TRANSACTION,中,"疑似交易/服务通知，需人工确认"
1252,TRANSACTION,高,"运营商服务通知（流量/余额/账单/来电提醒）"
1253,NEEDS_REVIEW,低,"无法明确归类，需人工判断"
1254,NEEDS_REVIEW,中,"工作/业务通知，需人工判断"
1255,AD,高,"包含多个广告特征"
1256,NEEDS_REVIEW,高,"天气预报服务信息"
1257,AD,中,"医疗推广信息"
1258,NEEDS_REVIEW,低,"无法明确归类，需人工判断"
1259,TRANSACTION,高,"包含明确的交易信息（金额/账单/到账/验证码）"
1260,TRANSACTION,高,"运营商服务通知（流量/余额/账单/来电提醒）"
1261,NEEDS_REVIEW,低,"无法明确归类，需人工判断"
1262,AD,高,"产品营销广告"
1263,NEEDS_REVIEW,高,"政府/公益/公共服务信息，无商业推广"
1264,TRANSACTION,中,"疑似交易/服务通知，需人工确认"
1265,NEEDS_REVIEW,低,"无法明确归类，需人工判断"
1266,NEEDS_REVIEW,高,"天气预报服务信息"
1267,TRANSACTION,高,"保险/金融服务通知"
1268,HARASS,高,"匹配催收模式"
1269,TRANSACTION,中,"疑似交易/服务通知，需人工确认"
1270,TRANSACTION,中,"疑似交易/服务通知，需人工确认"
1271,AD,中,"教育培训推广"
1272,TRANSACTION,中,"疑似交易/服务通知，需人工确认"
1273,TRANSACTION,高,"运营商服务通知（流量/余额/账单/来电提醒）"
1274,NEEDS_REVIEW,低,"无法明确归类，需人工判断"
1275,TRANSACTION,高,"快递/物流服务通知"
1276,AD,中,"运营商营销推广"
1277,NEEDS_REVIEW,高,"天气预报服务信息"
1278,TRANSACTION,高,"快递/物流服务通知"
1279,AD,中,"运营商营销推广"
1280,NEEDS_REVIEW,低,"无法明确归类，需人工判断"
1281,TRANSACTION,中,"疑似交易/服务通知，需人工确认"
1282,TRANSACTION,高,"运营商服务通知（流量/余额/账单/来电提醒）"
1283,AD,中,"医疗推广信息"
1284,NEEDS_REVIEW,低,"无法明确归类，需人工判断"
1285,TRANSACTION,高,"运营商服务通知（流量/余额/账单/来电提醒）"
1286,TRANSACTION,中,"疑似交易/服务通知，需人工确认"
1287,TRANSACTION,中,"疑似交易/服务通知，需人工确认"
1288,TRANSACTION,中,"疑似交易/服务通知，需人工确认"
1289,NEEDS_REVIEW,低,"无法明确归类，需人工判断"
1290,NEEDS_REVIEW,高,"政府/公益/公共服务信息，无商业推广"
1291,NEEDS_REVIEW,低,"无法明确归类，需人工判断"
1292,TRANSACTION,中,"疑似交易/服务通知，需人工确认"
1293,TRANSACTION,高,"运营商服务通知（流量/余额/账单/来电提醒）"
1294,NEEDS_REVIEW,低,"无法明确归类，需人工判断"
1295,TRANSACTION,高,"快递/物流服务通知"
1296,TRANSACTION,中,"疑似交易/服务通知，需人工确认"
1297,TRANSACTION,中,"疑似交易/服务通知，需人工确认"
1298,NEEDS_REVIEW,低,"无法明确归类，需人工判断"
1299,TRANSACTION,高,"运营商服务通知（流量/余额/账单/来电提醒）"
1300,TRANSACTION,中,"疑似交易/服务通知，需人工确认"
1301,NEEDS_REVIEW,低,"无法明确归类，需人工判断"
1302,TRANSACTION,中,"疑似交易/服务通知，需人工确认"
1303,HARASS,高,"包含催收/威胁关键词"
1304,TRANSACTION,中,"疑似交易/服务通知，需人工确认"
1305,TRANSACTION,高,"保险/金融服务通知"
1306,TRANSACTION,中,"疑似交易/服务通知，需人工确认"
1307,HARASS,高,"包含催收/威胁关键词"
1308,TRANSACTION,高,"运营商服务通知（流量/余额/账单/来电提醒）"
1309,NEEDS_REVIEW,低,"无法明确归类，需人工判断"
1310,TRANSACTION,高,"保险/金融服务通知"
1311,NEEDS_REVIEW,高,"天气预报服务信息"
1312,TRANSACTION,中,"疑似交易/服务通知，需人工确认"
1313,AD,中,"运营商营销推广"
1314,TRANSACTION,中,"疑似交易/服务通知，需人工确认"
1315,AD,中,"运营商营销推广"
1316,TRANSACTION,高,"快递/物流服务通知"
1317,TRANSACTION,高,"运营商服务通知（流量/余额/账单/来电提醒）"
1318,NEEDS_REVIEW,高,"政府/公益信息"
1319,AD,高,"包含多个广告特征"
1320,NEEDS_REVIEW,低,"无法明确归类，需人工判断"
1321,AD,中,"医疗推广信息"
1322,TRANSACTION,中,"疑似交易/服务通知，需人工确认"
1323,NEEDS_REVIEW,高,"政府/公益/公共服务信息，无商业推广"
1324,NEEDS_REVIEW,低,"无法明确归类，需人工判断"
1325,TRANSACTION,高,"运营商服务通知（流量/余额/账单/来电提醒）"
1326,AD,高,"产品营销广告"
1327,TRANSACTION,中,"疑似交易/服务通知，需人工确认"
1328,TRANSACTION,中,"疑似交易/服务通知，需人工确认"
1329,TRANSACTION,高,"保险/金融服务通知"
1330,AD,中,"医疗推广信息"
1331,AD,中,"运营商营销推广"
1332,NEEDS_REVIEW,高,"政府/公益/公共服务信息，无商业推广"
1333,HARASS,高,"包含催收/威胁关键词"
1334,TRANSACTION,中,"疑似交易/服务通知，需人工确认"
1335,TRANSACTION,高,"运营商服务通知（流量/余额/账单/来电提醒）"
1336,AD,高,"包含多个广告特征"
1337,NEEDS_REVIEW,中,"工作/业务通知，需人工判断"
1338,TRANSACTION,高,"保险/金融服务通知"
1339,TRANSACTION,中,"疑似交易/服务通知，需人工确认"
1340,NEEDS_REVIEW,高,"政府/公益/公共服务信息，无商业推广"
1341,NEEDS_REVIEW,高,"政府/公益/公共服务信息，无商业推广"
1342,NEEDS_REVIEW,低,"无法明确归类，需人工判断"
1343,TRANSACTION,高,"运营商服务通知（流量/余额/账单/来电提醒）"
1344,NEEDS_REVIEW,低,"无法明确归类，需人工判断"
1345,TRANSACTION,中,"疑似交易/服务通知，需人工确认"
1346,TRANSACTION,高,"包含明确的交易信息（金额/账单/到账/验证码）"
1347,TRANSACTION,高,"运营商服务通知（流量/余额/账单/来电提醒）"
1348,TRANSACTION,高,"包含明确的交易信息（金额/账单/到账/验证码）"
1349,TRANSACTION,中,"疑似交易/服务通知，需人工确认"
1350,TRANSACTION,中,"疑似交易/服务通知，需人工确认"
1351,NEEDS_REVIEW,低,"无法明确归类，需人工判断"
1352,TRANSACTION,中,"疑似交易/服务通知，需人工确认"
1353,TRANSACTION,高,"包含明确的交易信息（金额/账单/到账/验证码）"
1354,TRANSACTION,高,"运营商服务通知（流量/余额/账单/来电提醒）"
1355,TRANSACTION,中,"疑似交易/服务通知，需人工确认"
1356,NEEDS_REVIEW,低,"无法明确归类，需人工判断"
1357,NEEDS_REVIEW,低,"无法明确归类，需人工判断"
1358,NEEDS_REVIEW,低,"无法明确归类，需人工判断"
1359,AD,中,"医疗推广信息"
1360,NEEDS_REVIEW,低,"无法明确归类，需人工判断"
1361,TRANSACTION,高,"运营商服务通知（流量/余额/账单/来电提醒）"
1362,TRANSACTION,高,"包含明确的交易信息（金额/账单/到账/验证码）"
1363,TRANSACTION,中,"疑似交易/服务通知，需人工确认"
1364,TRANSACTION,高,"包含明确的交易信息（金额/账单/到账/验证码）"
1365,TRANSACTION,中,"疑似交易/服务通知，需人工确认"
1366,HARASS,高,"包含催收/威胁关键词"
1367,TRANSACTION,高,"包含明确的交易信息（金额/账单/到账/验证码）"
1368,TRANSACTION,高,"运营商服务通知（流量/余额/账单/来电提醒）"
1369,TRANSACTION,中,"疑似交易/服务通知，需人工确认"
1370,TRANSACTION,高,"快递/物流服务通知"
1371,TRANSACTION,中,"疑似交易/服务通知，需人工确认"
1372,TRANSACTION,高,"包含明确的交易信息（金额/账单/到账/验证码）"
1373,TRANSACTION,高,"运营商服务通知（流量/余额/账单/来电提醒）"
1374,NEEDS_REVIEW,低,"无法明确归类，需人工判断"
1375,NEEDS_REVIEW,中,"工作/业务通知，需人工判断"
1376,AD,中,"医疗推广信息"
1377,NEEDS_REVIEW,高,"天气预报服务信息"
1378,NEEDS_REVIEW,低,"无法明确归类，需人工判断"
1379,TRANSACTION,中,"疑似交易/服务通知，需人工确认"
1380,TRANSACTION,中,"疑似交易/服务通知，需人工确认"
1381,AD,中,"运营商营销推广"
1382,NEEDS_REVIEW,高,"天气预报服务信息"
1383,NEEDS_REVIEW,高,"天气预报服务信息"
1384,NEEDS_REVIEW,高,"天气预报服务信息"
1385,TRANSACTION,中,"疑似交易/服务通知，需人工确认"
1386,NEEDS_REVIEW,低,"无法明确归类，需人工判断"
1387,AD,中,"教育培训推广"
1388,TRANSACTION,高,"包含明确的交易信息（金额/账单/到账/验证码）"
1389,TRANSACTION,中,"疑似交易/服务通知，需人工确认"
1390,TRANSACTION,中,"疑似交易/服务通知，需人工确认"
1391,HARASS,高,"包含催收/威胁关键词"
1392,NEEDS_REVIEW,低,"无法明确归类，需人工判断"
1393,NEEDS_REVIEW,低,"无法明确归类，需人工判断"
1394,TRANSACTION,中,"疑似交易/服务通知，需人工确认"
1395,NEEDS_REVIEW,低,"无法明确归类，需人工判断"
1396,NEEDS_REVIEW,高,"政府/公益/公共服务信息，无商业推广"
1397,NEEDS_REVIEW,低,"无法明确归类，需人工判断"
1398,NEEDS_REVIEW,低,"无法明确归类，需人工判断"
1399,AD,高,"产品营销广告"
1400,TRANSACTION,高,"运营商服务通知（流量/余额/账单/来电提醒）"
1401,NEEDS_REVIEW,高,"政府/公益/公共服务信息，无商业推广"
1402,TRANSACTION,高,"运营商服务通知（流量/余额/账单/来电提醒）"
1403,AD,中,"医疗推广信息"
1404,NEEDS_REVIEW,高,"政府/公益信息"
1405,NEEDS_REVIEW,低,"无法明确归类，需人工判断"
1406,TRANSACTION,中,"疑似交易/服务通知，需人工确认"
1407,TRANSACTION,中,"疑似交易/服务通知，需人工确认"
1408,NEEDS_REVIEW,低,"无法明确归类，需人工判断"
1409,AD,中,"医疗推广信息"
1410,TRANSACTION,高,"包含明确的交易信息（金额/账单/到账/验证码）"
1411,AD,中,"运营商营销推广"
1412,NEEDS_REVIEW,低,"无法明确归类，需人工判断"
1413,TRANSACTION,高,"快递/物流服务通知"
1414,TRANSACTION,高,"运营商服务通知（流量/余额/账单/来电提醒）"
1415,TRANSACTION,高,"包含明确的交易信息（金额/账单/到账/验证码）"
1416,TRANSACTION,高,"快递/物流服务通知"
1417,TRANSACTION,中,"疑似交易/服务通知，需人工确认"
1418,NEEDS_REVIEW,低,"无法明确归类，需人工判断"
1419,NEEDS_REVIEW,高,"天气预报服务信息"
1420,AD,中,"运营商营销推广"
1421,TRANSACTION,中,"疑似交易/服务通知，需人工确认"
1422,TRANSACTION,中,"疑似交易/服务通知，需人工确认"
1423,NEEDS_REVIEW,低,"无法明确归类，需人工判断"
1424,AD,中,"教育培训推广"
1425,NEEDS_REVIEW,中,"工作/业务通知，需人工判断"
1426,TRANSACTION,高,"包含明确的交易信息（金额/账单/到账/验证码）"
1427,TRANSACTION,中,"疑似交易/服务通知，需人工确认"
1428,TRANSACTION,高,"快递/物流服务通知"
1429,TRANSACTION,中,"疑似交易/服务通知，需人工确认"
1430,TRANSACTION,高,"运营商服务通知（流量/余额/账单/来电提醒）"
1431,TRANSACTION,高,"运营商服务通知（流量/余额/账单/来电提醒）"
1432,TRANSACTION,中,"疑似交易/服务通知，需人工确认"
1433,TRANSACTION,中,"疑似交易/服务通知，需人工确认"
1434,NEEDS_REVIEW,低,"无法明确归类，需人工判断"
1435,NEEDS_REVIEW,低,"无法明确归类，需人工判断"
1436,TRANSACTION,中,"疑似交易/服务通知，需人工确认"
1437,AD,高,"贷款产品推广广告"
1438,TRANSACTION,高,"运营商服务通知（流量/余额/账单/来电提醒）"
1439,NEEDS_REVIEW,低,"无法明确归类，需人工判断"
1440,TRANSACTION,高,"快递/物流服务通知"
1441,TRANSACTION,中,"疑似交易/服务通知，需人工确认"
1442,NEEDS_REVIEW,中,"工作/业务通知，需人工判断"
1443,AD,中,"教育培训推广"
1444,NEEDS_REVIEW,低,"无法明确归类，需人工判断"
1445,NEEDS_REVIEW,高,"政府/公益/公共服务信息，无商业推广"
1446,NEEDS_REVIEW,低,"无法明确归类，需人工判断"
1447,AD,中,"医疗推广信息"
1448,TRANSACTION,高,"保险/金融服务通知"
1449,HARASS,高,"包含催收/威胁关键词"
1450,NEEDS_REVIEW,高,"天气预报服务信息"
1451,AD,中,"教育培训推广"
1452,TRANSACTION,中,"疑似交易/服务通知，需人工确认"
1453,AD,中,"教育培训推广"
1454,TRANSACTION,高,"运营商服务通知（流量/余额/账单/来电提醒）"
1455,AD,中,"教育培训推广"
1456,NEEDS_REVIEW,高,"天气预报服务信息"
1457,TRANSACTION,高,"包含明确的交易信息（金额/账单/到账/验证码）"
1458,TRANSACTION,中,"疑似交易/服务通知，需人工确认"
1459,TRANSACTION,中,"疑似交易/服务通知，需人工确认"
1460,NEEDS_REVIEW,高,"天气预报服务信息"
1461,TRANSACTION,高,"运营商服务通知（流量/余额/账单/来电提醒）"
1462,NEEDS_REVIEW,低,"无法明确归类，需人工判断"
1463,AD,中,"运营商营销推广"
1464,TRANSACTION,高,"运营商服务通知（流量/余额/账单/来电提醒）"
1465,TRANSACTION,高,"包含明确的交易信息（金额/账单/到账/验证码）"
1466,TRANSACTION,中,"疑似交易/服务通知，需人工确认"
1467,AD,中,"运营商营销推广"
1468,NEEDS_REVIEW,高,"政府/公益信息"
1469,TRANSACTION,中,"疑似交易/服务通知，需人工确认"
1470,NEEDS_REVIEW,高,"天气预报服务信息"
1471,TRANSACTION,高,"快递/物流服务通知"
1472,TRANSACTION,中,"疑似交易/服务通知，需人工确认"
1473,TRANSACTION,高,"快递/物流服务通知"
1474,TRANSACTION,中,"疑似交易/服务通知，需人工确认"
1475,NEEDS_REVIEW,低,"无法明确归类，需人工判断"
1476,TRANSACTION,中,"疑似交易/服务通知，需人工确认"
1477,AD,中,"教育培训推广"
1478,TRANSACTION,高,"快递/物流服务通知"
1479,NEEDS_REVIEW,低,"无法明确归类，需人工判断"
1480,TRANSACTION,高,"包含明确的交易信息（金额/账单/到账/验证码）"
1481,TRANSACTION,中,"疑似交易/服务通知，需人工确认"
1482,NEEDS_REVIEW,高,"政府/公益/公共服务信息，无商业推广"
1483,TRANSACTION,高,"运营商服务通知（流量/余额/账单/来电提醒）"
1484,AD,中,"教育培训推广"
1485,AD,中,"运营商营销推广"
1486,TRANSACTION,高,"包含明确的交易信息（金额/账单/到账/验证码）"
1487,TRANSACTION,中,"疑似交易/服务通知，需人工确认"
1488,TRANSACTION,高,"包含明确的交易信息（金额/账单/到账/验证码）"
1489,TRANSACTION,高,"快递/物流服务通知"
1490,HARASS,高,"包含催收/威胁关键词"
1491,TRANSACTION,高,"运营商服务通知（流量/余额/账单/来电提醒）"
1492,AD,中,"医疗推广信息"
1493,TRANSACTION,中,"疑似交易/服务通知，需人工确认"
1494,NEEDS_REVIEW,高,"天气预报服务信息"
1495,TRANSACTION,高,"包含明确的交易信息（金额/账单/到账/验证码）"
1496,TRANSACTION,中,"疑似交易/服务通知，需人工确认"
1497,TRANSACTION,中,"疑似交易/服务通知，需人工确认"
1498,TRANSACTION,高,"运营商服务通知（流量/余额/账单/来电提醒）"
1499,AD,中,"运营商营销推广"
1500,TRANSACTION,中,"疑似交易/服务通知，需人工确认"
1501,TRANSACTION,高,"快递/物流服务通知"
1502,AD,中,"运营商营销推广"
1503,TRANSACTION,中,"疑似交易/服务通知，需人工确认"
1504,TRANSACTION,中,"疑似交易/服务通知，需人工确认"
1505,TRANSACTION,高,"包含明确的交易信息（金额/账单/到账/验证码）"
1506,TRANSACTION,高,"快递/物流服务通知"
1507,NEEDS_REVIEW,低,"无法明确归类，需人工判断"
1508,HARASS,高,"匹配催收模式"
1509,NEEDS_REVIEW,高,"政府/公益/公共服务信息，无商业推广"
1510,TRANSACTION,高,"保险/金融服务通知"
1511,TRANSACTION,高,"快递/物流服务通知"
1512,TRANSACTION,中,"疑似交易/服务通知，需人工确认"
1513,AD,高,"产品营销广告"
1514,NEEDS_REVIEW,低,"无法明确归类，需人工判断"
1515,TRANSACTION,高,"运营商服务通知（流量/余额/账单/来电提醒）"
1516,TRANSACTION,高,"运营商服务通知（流量/余额/账单/来电提醒）"
1517,AD,中,"医疗推广信息"
1518,NEEDS_REVIEW,低,"无法明确归类，需人工判断"
1519,AD,中,"运营商营销推广"
1520,NEEDS_REVIEW,低,"无法明确归类，需人工判断"
1521,AD,高,"贷款产品推广广告"
1522,AD,中,"医疗推广信息"
1523,TRANSACTION,中,"疑似交易/服务通知，需人工确认"
1524,TRANSACTION,高,"运营商服务通知（流量/余额/账单/来电提醒）"
1525,TRANSACTION,中,"疑似交易/服务通知，需人工确认"
1526,NEEDS_REVIEW,低,"无法明确归类，需人工判断"
1527,NEEDS_REVIEW,低,"无法明确归类，需人工判断"
1528,NEEDS_REVIEW,低,"无法明确归类，需人工判断"
1529,TRANSACTION,中,"疑似交易/服务通知，需人工确认"
1530,TRANSACTION,中,"疑似交易/服务通知，需人工确认"
1531,NEEDS_REVIEW,高,"天气预报服务信息"
1532,NEEDS_REVIEW,低,"无法明确归类，需人工判断"
1533,NEEDS_REVIEW,低,"无法明确归类，需人工判断"
1534,TRANSACTION,中,"疑似交易/服务通知，需人工确认"
1535,TRANSACTION,中,"疑似交易/服务通知，需人工确认"
1536,NEEDS_REVIEW,低,"无法明确归类，需人工判断"
1537,NEEDS_REVIEW,低,"无法明确归类，需人工判断"
1538,NEEDS_REVIEW,低,"无法明确归类，需人工判断"
1539,AD,中,"医疗推广信息"
1540,AD,中,"运营商营销推广"
1541,AD,中,"医疗推广信息"
1542,TRANSACTION,中,"疑似交易/服务通知，需人工确认"
1543,TRANSACTION,高,"包含明确的交易信息（金额/账单/到账/验证码）"
1544,NEEDS_REVIEW,低,"无法明确归类，需人工判断"
1545,TRANSACTION,中,"疑似交易/服务通知，需人工确认"
1546,NEEDS_REVIEW,低,"无法明确归类，需人工判断"
1547,TRANSACTION,中,"疑似交易/服务通知，需人工确认"
1548,NEEDS_REVIEW,低,"无法明确归类，需人工判断"
1549,TRANSACTION,中,"疑似交易/服务通知，需人工确认"
1550,TRANSACTION,高,"运营商服务通知（流量/余额/账单/来电提醒）"
1551,TRANSACTION,中,"疑似交易/服务通知，需人工确认"
1552,TRANSACTION,高,"包含明确的交易信息（金额/账单/到账/验证码）"
1553,TRANSACTION,中,"疑似交易/服务通知，需人工确认"
1554,NEEDS_REVIEW,低,"无法明确归类，需人工判断"
1555,NEEDS_REVIEW,低,"无法明确归类，需人工判断"
1556,NEEDS_REVIEW,低,"无法明确归类，需人工判断"
1557,NEEDS_REVIEW,低,"无法明确归类，需人工判断"
1558,TRANSACTION,中,"疑似交易/服务通知，需人工确认"
1559,TRANSACTION,高,"包含明确的交易信息（金额/账单/到账/验证码）"
1560,TRANSACTION,高,"包含明确的交易信息（金额/账单/到账/验证码）"
1561,NEEDS_REVIEW,低,"无法明确归类，需人工判断"
1562,TRANSACTION,中,"疑似交易/服务通知，需人工确认"
1563,AD,中,"医疗推广信息"
1564,AD,高,"包含多个广告特征"
1565,NEEDS_REVIEW,低,"无法明确归类，需人工判断"
1566,TRANSACTION,中,"疑似交易/服务通知，需人工确认"
1567,TRANSACTION,中,"疑似交易/服务通知，需人工确认"
1568,TRANSACTION,中,"疑似交易/服务通知，需人工确认"
1569,NEEDS_REVIEW,高,"天气预报服务信息"
1570,TRANSACTION,中,"疑似交易/服务通知，需人工确认"
1571,TRANSACTION,高,"快递/物流服务通知"
1572,TRANSACTION,高,"保险/金融服务通知"
1573,TRANSACTION,中,"疑似交易/服务通知，需人工确认"
1574,NEEDS_REVIEW,低,"无法明确归类，需人工判断"
1575,TRANSACTION,中,"疑似交易/服务通知，需人工确认"
1576,TRANSACTION,高,"快递/物流服务通知"
1577,NEEDS_REVIEW,高,"政府/公益/公共服务信息，无商业推广"
1578,TRANSACTION,高,"运营商服务通知（流量/余额/账单/来电提醒）"
1579,TRANSACTION,中,"疑似交易/服务通知，需人工确认"
1580,TRANSACTION,中,"疑似交易/服务通知，需人工确认"
1581,TRANSACTION,高,"包含明确的交易信息（金额/账单/到账/验证码）"
1582,NEEDS_REVIEW,低,"无法明确归类，需人工判断"
1583,TRANSACTION,高,"包含明确的交易信息（金额/账单/到账/验证码）"
1584,TRANSACTION,中,"疑似交易/服务通知，需人工确认"
1585,NEEDS_REVIEW,高,"政府/公益/公共服务信息，无商业推广"
1586,TRANSACTION,中,"疑似交易/服务通知，需人工确认"
1587,NEEDS_REVIEW,低,"无法明确归类，需人工判断"
1588,TRANSACTION,中,"疑似交易/服务通知，需人工确认"
1589,NEEDS_REVIEW,低,"无法明确归类，需人工判断"
1590,TRANSACTION,中,"疑似交易/服务通知，需人工确认"
1591,NEEDS_REVIEW,低,"无法明确归类，需人工判断"
1592,NEEDS_REVIEW,低,"无法明确归类，需人工判断"
1593,TRANSACTION,中,"疑似交易/服务通知，需人工确认"
1594,NEEDS_REVIEW,低,"无法明确归类，需人工判断"
1595,TRANSACTION,高,"运营商服务通知（流量/余额/账单/来电提醒）"
1596,TRANSACTION,高,"运营商服务通知（流量/余额/账单/来电提醒）"
1597,TRANSACTION,高,"运营商服务通知（流量/余额/账单/来电提醒）"
1598,TRANSACTION,中,"疑似交易/服务通知，需人工确认"
1599,NEEDS_REVIEW,高,"天气预报服务信息"
1600,AD,高,"贷款产品推广广告"
1601,TRANSACTION,高,"运营商服务通知（流量/余额/账单/来电提醒）"
1602,NEEDS_REVIEW,高,"政府/公益信息"
1603,AD,高,"产品营销广告"
1604,NEEDS_REVIEW,低,"无法明确归类，需人工判断"
1605,NEEDS_REVIEW,高,"天气预报服务信息"
1606,TRANSACTION,高,"快递/物流服务通知"
1607,TRANSACTION,中,"疑似交易/服务通知，需人工确认"
1608,TRANSACTION,中,"疑似交易/服务通知，需人工确认"
1609,TRANSACTION,中,"疑似交易/服务通知，需人工确认"
1610,TRANSACTION,中,"疑似交易/服务通知，需人工确认"
1611,TRANSACTION,高,"运营商服务通知（流量/余额/账单/来电提醒）"
1612,TRANSACTION,高,"运营商服务通知（流量/余额/账单/来电提醒）"
1613,TRANSACTION,高,"包含明确的交易信息（金额/账单/到账/验证码）"
1614,TRANSACTION,高,"运营商服务通知（流量/余额/账单/来电提醒）"
1615,AD,中,"运营商营销推广"
1616,TRANSACTION,中,"疑似交易/服务通知，需人工确认"
1617,TRANSACTION,高,"保险/金融服务通知"
1618,TRANSACTION,高,"运营商服务通知（流量/余额/账单/来电提醒）"
1619,NEEDS_REVIEW,高,"天气预报服务信息"
1620,TRANSACTION,高,"运营商服务通知（流量/余额/账单/来电提醒）"
1621,TRANSACTION,中,"疑似交易/服务通知，需人工确认"
1622,TRANSACTION,高,"快递/物流服务通知"
1623,TRANSACTION,高,"包含明确的交易信息（金额/账单/到账/验证码）"
1624,TRANSACTION,高,"包含明确的交易信息（金额/账单/到账/验证码）"
1625,AD,中,"运营商营销推广"
1626,AD,中,"运营商营销推广"
1627,TRANSACTION,高,"运营商服务通知（流量/余额/账单/来电提醒）"
1628,TRANSACTION,中,"疑似交易/服务通知，需人工确认"
1629,NEEDS_REVIEW,低,"无法明确归类，需人工判断"
1630,NEEDS_REVIEW,高,"政府/公益/公共服务信息，无商业推广"
1631,TRANSACTION,高,"快递/物流服务通知"
1632,NEEDS_REVIEW,低,"无法明确归类，需人工判断"
1633,AD,高,"包含多个广告特征"
1634,NEEDS_REVIEW,高,"政府/公益/公共服务信息，无商业推广"
1635,NEEDS_REVIEW,低,"无法明确归类，需人工判断"
1636,TRANSACTION,高,"运营商服务通知（流量/余额/账单/来电提醒）"
1637,NEEDS_REVIEW,低,"无法明确归类，需人工判断"
1638,NEEDS_REVIEW,低,"无法明确归类，需人工判断"
1639,NEEDS_REVIEW,低,"无法明确归类，需人工判断"
1640,NEEDS_REVIEW,低,"无法明确归类，需人工判断"
1641,NEEDS_REVIEW,低,"无法明确归类，需人工判断"
1642,AD,高,"产品营销广告"
1643,NEEDS_REVIEW,高,"天气预报服务信息"
1644,AD,高,"贷款产品推广广告"
1645,TRANSACTION,高,"包含明确的交易信息（金额/账单/到账/验证码）"
1646,TRANSACTION,高,"快递/物流服务通知"
1647,TRANSACTION,中,"疑似交易/服务通知，需人工确认"
1648,TRANSACTION,高,"运营商服务通知（流量/余额/账单/来电提醒）"
1649,AD,高,"包含多个广告特征"
1650,TRANSACTION,中,"疑似交易/服务通知，需人工确认"
1651,TRANSACTION,中,"疑似交易/服务通知，需人工确认"
1652,HARASS,高,"匹配催收模式"
1653,NEEDS_REVIEW,低,"无法明确归类，需人工判断"
1654,AD,中,"运营商营销推广"
1655,TRANSACTION,中,"疑似交易/服务通知，需人工确认"
1656,NEEDS_REVIEW,低,"无法明确归类，需人工判断"
1657,TRANSACTION,中,"疑似交易/服务通知，需人工确认"
1658,TRANSACTION,高,"运营商服务通知（流量/余额/账单/来电提醒）"
1659,TRANSACTION,高,"包含明确的交易信息（金额/账单/到账/验证码）"
1660,NEEDS_REVIEW,低,"无法明确归类，需人工判断"
1661,TRANSACTION,中,"疑似交易/服务通知，需人工确认"
1662,NEEDS_REVIEW,高,"天气预报服务信息"
1663,AD,高,"包含多个广告特征"
1664,TRANSACTION,高,"包含明确的交易信息（金额/账单/到账/验证码）"
1665,TRANSACTION,中,"疑似交易/服务通知，需人工确认"
1666,TRANSACTION,中,"疑似交易/服务通知，需人工确认"
1667,NEEDS_REVIEW,低,"无法明确归类，需人工判断"
1668,TRANSACTION,中,"疑似交易/服务通知，需人工确认"
1669,AD,高,"包含多个广告特征"
1670,NEEDS_REVIEW,高,"天气预报服务信息"
1671,TRANSACTION,中,"疑似交易/服务通知，需人工确认"
1672,TRANSACTION,高,"运营商服务通知（流量/余额/账单/来电提醒）"
1673,NEEDS_REVIEW,低,"无法明确归类，需人工判断"
1674,NEEDS_REVIEW,低,"无法明确归类，需人工判断"
1675,AD,高,"包含多个广告特征"
1676,TRANSACTION,中,"疑似交易/服务通知，需人工确认"
1677,TRANSACTION,中,"疑似交易/服务通知，需人工确认"
1678,NEEDS_REVIEW,高,"政府/公益/公共服务信息，无商业推广"
1679,TRANSACTION,中,"疑似交易/服务通知，需人工确认"
1680,NEEDS_REVIEW,低,"无法明确归类，需人工判断"
1681,TRANSACTION,中,"疑似交易/服务通知，需人工确认"
1682,TRANSACTION,高,"包含明确的交易信息（金额/账单/到账/验证码）"
1683,TRANSACTION,高,"运营商服务通知（流量/余额/账单/来电提醒）"
1684,NEEDS_REVIEW,中,"工作/业务通知，需人工判断"
1685,TRANSACTION,高,"快递/物流服务通知"
1686,AD,高,"包含多个广告特征"
1687,TRANSACTION,中,"疑似交易/服务通知，需人工确认"
1688,TRANSACTION,中,"疑似交易/服务通知，需人工确认"
1689,NEEDS_REVIEW,高,"政府/公益/公共服务信息，无商业推广"
1690,NEEDS_REVIEW,低,"无法明确归类，需人工判断"
1691,AD,中,"医疗推广信息"
1692,NEEDS_REVIEW,低,"无法明确归类，需人工判断"
1693,TRANSACTION,高,"包含明确的交易信息（金额/账单/到账/验证码）"
1694,HARASS,高,"包含催收/威胁关键词"
1695,NEEDS_REVIEW,低,"无法明确归类，需人工判断"
1696,TRANSACTION,高,"运营商服务通知（流量/余额/账单/来电提醒）"
1697,NEEDS_REVIEW,高,"政府/公益信息"
1698,NEEDS_REVIEW,低,"无法明确归类，需人工判断"
1699,TRANSACTION,中,"疑似交易/服务通知，需人工确认"
1700,NEEDS_REVIEW,高,"政府/公益信息"
1701,TRANSACTION,中,"疑似交易/服务通知，需人工确认"
1702,TRANSACTION,高,"快递/物流服务通知"
1703,NEEDS_REVIEW,低,"无法明确归类，需人工判断"
1704,TRANSACTION,高,"运营商服务通知（流量/余额/账单/来电提醒）"
1705,TRANSACTION,高,"包含明确的交易信息（金额/账单/到账/验证码）"
1706,NEEDS_REVIEW,高,"政府/公益/公共服务信息，无商业推广"
1707,TRANSACTION,高,"包含明确的交易信息（金额/账单/到账/验证码）"
1708,TRANSACTION,中,"疑似交易/服务通知，需人工确认"
1709,NEEDS_REVIEW,低,"无法明确归类，需人工判断"
1710,TRANSACTION,中,"疑似交易/服务通知，需人工确认"
1711,TRANSACTION,中,"疑似交易/服务通知，需人工确认"
1712,TRANSACTION,高,"快递/物流服务通知"
1713,NEEDS_REVIEW,低,"无法明确归类，需人工判断"
1714,TRANSACTION,高,"包含明确的交易信息（金额/账单/到账/验证码）"
1715,TRANSACTION,高,"快递/物流服务通知"
1716,TRANSACTION,中,"疑似交易/服务通知，需人工确认"
1717,TRANSACTION,高,"快递/物流服务通知"
1718,TRANSACTION,中,"疑似交易/服务通知，需人工确认"
1719,AD,中,"医疗推广信息"
1720,NEEDS_REVIEW,低,"无法明确归类，需人工判断"
1721,NEEDS_REVIEW,低,"无法明确归类，需人工判断"
1722,AD,中,"运营商营销推广"
1723,TRANSACTION,高,"保险/金融服务通知"
1724,TRANSACTION,高,"包含明确的交易信息（金额/账单/到账/验证码）"
1725,NEEDS_REVIEW,低,"无法明确归类，需人工判断"
1726,TRANSACTION,中,"疑似交易/服务通知，需人工确认"
1727,TRANSACTION,高,"包含明确的交易信息（金额/账单/到账/验证码）"
1728,NEEDS_REVIEW,低,"无法明确归类，需人工判断"
1729,NEEDS_REVIEW,中,"服务评价邀请，边界模糊"
1730,TRANSACTION,高,"运营商服务通知（流量/余额/账单/来电提醒）"
1731,TRANSACTION,中,"疑似交易/服务通知，需人工确认"
1732,HARASS,高,"匹配催收模式"
1733,AD,中,"运营商营销推广"
1734,TRANSACTION,高,"包含明确的交易信息（金额/账单/到账/验证码）"
1735,TRANSACTION,中,"疑似交易/服务通知，需人工确认"
1736,TRANSACTION,中,"疑似交易/服务通知，需人工确认"
1737,TRANSACTION,高,"运营商服务通知（流量/余额/账单/来电提醒）"
1738,TRANSACTION,高,"运营商服务通知（流量/余额/账单/来电提醒）"
1739,NEEDS_REVIEW,低,"无法明确归类，需人工判断"
1740,NEEDS_REVIEW,低,"无法明确归类，需人工判断"
1741,TRANSACTION,高,"包含明确的交易信息（金额/账单/到账/验证码）"
1742,TRANSACTION,高,"快递/物流服务通知"
1743,TRANSACTION,高,"快递/物流服务通知"
1744,TRANSACTION,高,"包含明确的交易信息（金额/账单/到账/验证码）"
1745,TRANSACTION,高,"运营商服务通知（流量/余额/账单/来电提醒）"
1746,NEEDS_REVIEW,低,"无法明确归类，需人工判断"
1747,NEEDS_REVIEW,低,"无法明确归类，需人工判断"
1748,AD,中,"医疗推广信息"
1749,HARASS,高,"包含催收/威胁关键词"
1750,NEEDS_REVIEW,高,"天气预报服务信息"
1751,TRANSACTION,高,"包含明确的交易信息（金额/账单/到账/验证码）"
1752,TRANSACTION,高,"运营商服务通知（流量/余额/账单/来电提醒）"
1753,TRANSACTION,高,"运营商服务通知（流量/余额/账单/来电提醒）"
1754,NEEDS_REVIEW,低,"无法明确归类，需人工判断"
1755,TRANSACTION,中,"疑似交易/服务通知，需人工确认"
1756,NEEDS_REVIEW,高,"天气预报服务信息"
1757,TRANSACTION,高,"包含明确的交易信息（金额/账单/到账/验证码）"
1758,NEEDS_REVIEW,低,"无法明确归类，需人工判断"
1759,NEEDS_REVIEW,高,"天气预报服务信息"
1760,TRANSACTION,中,"疑似交易/服务通知，需人工确认"
1761,NEEDS_REVIEW,低,"无法明确归类，需人工判断"
1762,NEEDS_REVIEW,低,"无法明确归类，需人工判断"
1763,NEEDS_REVIEW,低,"无法明确归类，需人工判断"
1764,TRANSACTION,高,"运营商服务通知（流量/余额/账单/来电提醒）"
1765,HARASS,高,"匹配催收模式"
1766,TRANSACTION,中,"疑似交易/服务通知，需人工确认"
1767,TRANSACTION,高,"包含明确的交易信息（金额/账单/到账/验证码）"
1768,NEEDS_REVIEW,低,"无法明确归类，需人工判断"
1769,NEEDS_REVIEW,低,"无法明确归类，需人工判断"
1770,TRANSACTION,高,"运营商服务通知（流量/余额/账单/来电提醒）"
1771,NEEDS_REVIEW,高,"政府/公益/公共服务信息，无商业推广"
1772,AD,中,"医疗推广信息"
1773,TRANSACTION,中,"疑似交易/服务通知，需人工确认"
1774,TRANSACTION,中,"疑似交易/服务通知，需人工确认"
1775,TRANSACTION,高,"运营商服务通知（流量/余额/账单/来电提醒）"
1776,AD,中,"医疗推广信息"
1777,AD,中,"医疗推广信息"
1778,AD,中,"运营商营销推广"
1779,NEEDS_REVIEW,低,"无法明确归类，需人工判断"
1780,AD,中,"运营商营销推广"
1781,TRANSACTION,中,"疑似交易/服务通知，需人工确认"
1782,NEEDS_REVIEW,低,"无法明确归类，需人工判断"
1783,TRANSACTION,高,"快递/物流服务通知"
1784,TRANSACTION,中,"疑似交易/服务通知，需人工确认"
1785,TRANSACTION,高,"快递/物流服务通知"
1786,TRANSACTION,中,"疑似交易/服务通知，需人工确认"
1787,TRANSACTION,高,"快递/物流服务通知"
1788,NEEDS_REVIEW,高,"政府/公益/公共服务信息，无商业推广"
1789,NEEDS_REVIEW,低,"无法明确归类，需人工判断"
1790,AD,中,"医疗推广信息"
1791,NEEDS_REVIEW,中,"工作/业务通知，需人工判断"
1792,TRANSACTION,高,"运营商服务通知（流量/余额/账单/来电提醒）"
1793,TRANSACTION,高,"快递/物流服务通知"
1794,NEEDS_REVIEW,高,"天气预报服务信息"
1795,TRANSACTION,中,"疑似交易/服务通知，需人工确认"
1796,HARASS,高,"包含催收/威胁关键词"
1797,TRANSACTION,中,"疑似交易/服务通知，需人工确认"
1798,TRANSACTION,中,"疑似交易/服务通知，需人工确认"
1799,TRANSACTION,高,"包含明确的交易信息（金额/账单/到账/验证码）"
1800,TRANSACTION,高,"包含明确的交易信息（金额/账单/到账/验证码）"
1801,AD,高,"贷款产品推广广告"
1802,TRANSACTION,中,"疑似交易/服务通知，需人工确认"
1803,AD,高,"包含多个广告特征"
1804,NEEDS_REVIEW,低,"无法明确归类，需人工判断"
1805,TRANSACTION,中,"疑似交易/服务通知，需人工确认"
1806,HARASS,高,"包含催收/威胁关键词"
1807,NEEDS_REVIEW,低,"无法明确归类，需人工判断"
1808,TRANSACTION,中,"疑似交易/服务通知，需人工确认"
1809,NEEDS_REVIEW,低,"无法明确归类，需人工判断"
1810,AD,中,"教育培训推广"
1811,TRANSACTION,高,"保险/金融服务通知"
1812,NEEDS_REVIEW,低,"无法明确归类，需人工判断"
1813,TRANSACTION,中,"疑似交易/服务通知，需人工确认"
1814,TRANSACTION,高,"运营商服务通知（流量/余额/账单/来电提醒）"
1815,TRANSACTION,中,"疑似交易/服务通知，需人工确认"
1816,NEEDS_REVIEW,高,"政府/公益/公共服务信息，无商业推广"
1817,NEEDS_REVIEW,低,"无法明确归类，需人工判断"
1818,TRANSACTION,高,"运营商服务通知（流量/余额/账单/来电提醒）"
1819,NEEDS_REVIEW,低,"无法明确归类，需人工判断"
1820,TRANSACTION,高,"运营商服务通知（流量/余额/账单/来电提醒）"
1821,TRANSACTION,高,"运营商服务通知（流量/余额/账单/来电提醒）"
1822,TRANSACTION,高,"包含明确的交易信息（金额/账单/到账/验证码）"
1823,AD,中,"医疗推广信息"
1824,AD,中,"医疗推广信息"
1825,NEEDS_REVIEW,低,"无法明确归类，需人工判断"
1826,TRANSACTION,高,"运营商服务通知（流量/余额/账单/来电提醒）"
1827,TRANSACTION,高,"保险/金融服务通知"
1828,TRANSACTION,中,"疑似交易/服务通知，需人工确认"
1829,AD,中,"运营商营销推广"
1830,TRANSACTION,中,"疑似交易/服务通知，需人工确认"
1831,NEEDS_REVIEW,低,"无法明确归类，需人工判断"
1832,AD,中,"运营商营销推广"
1833,TRANSACTION,中,"疑似交易/服务通知，需人工确认"
1834,AD,中,"医疗推广信息"
1835,TRANSACTION,高,"快递/物流服务通知"
1836,TRANSACTION,高,"包含明确的交易信息（金额/账单/到账/验证码）"
1837,TRANSACTION,高,"运营商服务通知（流量/余额/账单/来电提醒）"
1838,NEEDS_REVIEW,低,"无法明确归类，需人工判断"
1839,NEEDS_REVIEW,高,"政府/公益/公共服务信息，无商业推广"
1840,NEEDS_REVIEW,高,"天气预报服务信息"
1841,TRANSACTION,中,"疑似交易/服务通知，需人工确认"
1842,NEEDS_REVIEW,高,"政府/公益/公共服务信息，无商业推广"
1843,TRANSACTION,高,"快递/物流服务通知"
1844,TRANSACTION,中,"疑似交易/服务通知，需人工确认"
1845,AD,中,"医疗推广信息"
1846,HARASS,高,"匹配催收模式"
1847,AD,中,"医疗推广信息"
1848,TRANSACTION,中,"疑似交易/服务通知，需人工确认"
1849,TRANSACTION,高,"包含明确的交易信息（金额/账单/到账/验证码）"
1850,TRANSACTION,高,"快递/物流服务通知"
1851,AD,高,"贷款产品推广广告"
1852,TRANSACTION,中,"疑似交易/服务通知，需人工确认"
1853,TRANSACTION,高,"包含明确的交易信息（金额/账单/到账/验证码）"
1854,NEEDS_REVIEW,低,"无法明确归类，需人工判断"
1855,AD,中,"服务评价邀请，含营销激励（抽奖/礼品）"
1856,TRANSACTION,高,"运营商服务通知（流量/余额/账单/来电提醒）"
1857,HARASS,高,"包含催收/威胁关键词"
1858,TRANSACTION,高,"运营商服务通知（流量/余额/账单/来电提醒）"
1859,NEEDS_REVIEW,低,"无法明确归类，需人工判断"
1860,AD,高,"贷款产品推广广告"
1861,TRANSACTION,中,"疑似交易/服务通知，需人工确认"
1862,AD,中,"医疗推广信息"
1863,TRANSACTION,高,"运营商服务通知（流量/余额/账单/来电提醒）"
1864,TRANSACTION,中,"疑似交易/服务通知，需人工确认"
1865,TRANSACTION,高,"包含明确的交易信息（金额/账单/到账/验证码）"
1866,NEEDS_REVIEW,低,"无法明确归类，需人工判断"
1867,TRANSACTION,高,"运营商服务通知（流量/余额/账单/来电提醒）"
1868,NEEDS_REVIEW,低,"无法明确归类，需人工判断"
1869,TRANSACTION,中,"疑似交易/服务通知，需人工确认"
1870,NEEDS_REVIEW,高,"天气预报服务信息"
1871,TRANSACTION,中,"疑似交易/服务通知，需人工确认"
1872,NEEDS_REVIEW,低,"无法明确归类，需人工判断"
1873,NEEDS_REVIEW,低,"无法明确归类，需人工判断"
1874,NEEDS_REVIEW,高,"政府/公益/公共服务信息，无商业推广"
1875,NEEDS_REVIEW,低,"无法明确归类，需人工判断"
1876,NEEDS_REVIEW,低,"无法明确归类，需人工判断"
1877,NEEDS_REVIEW,低,"无法明确归类，需人工判断"
1878,NEEDS_REVIEW,中,"工作/业务通知，需人工判断"
1879,AD,高,"包含多个广告特征"
1880,NEEDS_REVIEW,低,"无法明确归类，需人工判断"
1881,TRANSACTION,中,"疑似交易/服务通知，需人工确认"
1882,TRANSACTION,高,"快递/物流服务通知"
1883,NEEDS_REVIEW,低,"无法明确归类，需人工判断"
1884,TRANSACTION,中,"疑似交易/服务通知，需人工确认"
1885,TRANSACTION,高,"运营商服务通知（流量/余额/账单/来电提醒）"
1886,TRANSACTION,中,"疑似交易/服务通知，需人工确认"
1887,NEEDS_REVIEW,高,"天气预报服务信息"
1888,TRANSACTION,高,"包含明确的交易信息（金额/账单/到账/验证码）"
1889,NEEDS_REVIEW,低,"无法明确归类，需人工判断"
1890,NEEDS_REVIEW,高,"政府/公益/公共服务信息，无商业推广"
1891,NEEDS_REVIEW,高,"天气预报服务信息"
1892,NEEDS_REVIEW,低,"无法明确归类，需人工判断"
1893,TRANSACTION,高,"运营商服务通知（流量/余额/账单/来电提醒）"
1894,AD,中,"教育培训推广"
1895,TRANSACTION,高,"运营商服务通知（流量/余额/账单/来电提醒）"
1896,TRANSACTION,中,"疑似交易/服务通知，需人工确认"
1897,TRANSACTION,中,"疑似交易/服务通知，需人工确认"
1898,AD,中,"医疗推广信息"
1899,NEEDS_REVIEW,低,"无法明确归类，需人工判断"
1900,NEEDS_REVIEW,高,"政府/公益/公共服务信息，无商业推广"
1901,NEEDS_REVIEW,高,"天气预报服务信息"
1902,TRANSACTION,高,"快递/物流服务通知"
1903,TRANSACTION,中,"疑似交易/服务通知，需人工确认"
1904,NEEDS_REVIEW,高,"天气预报服务信息"
1905,HARASS,高,"包含催收/威胁关键词"
1906,HARASS,高,"包含催收/威胁关键词"
1907,NEEDS_REVIEW,低,"无法明确归类，需人工判断"
1908,TRANSACTION,高,"运营商服务通知（流量/余额/账单/来电提醒）"
1909,NEEDS_REVIEW,中,"服务评价邀请，边界模糊"
1910,TRANSACTION,高,"包含明确的交易信息（金额/账单/到账/验证码）"
1911,TRANSACTION,中,"疑似交易/服务通知，需人工确认"
1912,NEEDS_REVIEW,低,"无法明确归类，需人工判断"
1913,TRANSACTION,中,"疑似交易/服务通知，需人工确认"
1914,TRANSACTION,中,"疑似交易/服务通知，需人工确认"
1915,TRANSACTION,中,"疑似交易/服务通知，需人工确认"
1916,NEEDS_REVIEW,低,"无法明确归类，需人工判断"
1917,TRANSACTION,高,"运营商服务通知（流量/余额/账单/来电提醒）"
1918,NEEDS_REVIEW,低,"无法明确归类，需人工判断"
1919,NEEDS_REVIEW,低,"无法明确归类，需人工判断"
1920,TRANSACTION,中,"疑似交易/服务通知，需人工确认"
1921,TRANSACTION,高,"快递/物流服务通知"
1922,NEEDS_REVIEW,中,"工作/业务通知，需人工判断"
1923,TRANSACTION,高,"运营商服务通知（流量/余额/账单/来电提醒）"
1924,NEEDS_REVIEW,高,"政府/公益/公共服务信息，无商业推广"
1925,TRANSACTION,高,"快递/物流服务通知"
1926,AD,高,"贷款产品推广广告"
1927,TRANSACTION,高,"包含明确的交易信息（金额/账单/到账/验证码）"
1928,HARASS,高,"包含催收/威胁关键词"
1929,NEEDS_REVIEW,低,"无法明确归类，需人工判断"
1930,NEEDS_REVIEW,低,"无法明确归类，需人工判断"
1931,TRANSACTION,中,"疑似交易/服务通知，需人工确认"
1932,TRANSACTION,中,"疑似交易/服务通知，需人工确认"
1933,TRANSACTION,中,"疑似交易/服务通知，需人工确认"
1934,NEEDS_REVIEW,低,"无法明确归类，需人工判断"
1935,NEEDS_REVIEW,低,"无法明确归类，需人工判断"
1936,TRANSACTION,高,"包含明确的交易信息（金额/账单/到账/验证码）"
1937,TRANSACTION,中,"疑似交易/服务通知，需人工确认"
1938,NEEDS_REVIEW,低,"无法明确归类，需人工判断"
1939,NEEDS_REVIEW,高,"政府/公益/公共服务信息，无商业推广"
1940,TRANSACTION,高,"快递/物流服务通知"
1941,TRANSACTION,高,"运营商服务通知（流量/余额/账单/来电提醒）"
1942,NEEDS_REVIEW,低,"无法明确归类，需人工判断"
1943,TRANSACTION,中,"疑似交易/服务通知，需人工确认"
1944,TRANSACTION,高,"运营商服务通知（流量/余额/账单/来电提醒）"
1945,TRANSACTION,高,"包含明确的交易信息（金额/账单/到账/验证码）"
1946,TRANSACTION,高,"运营商服务通知（流量/余额/账单/来电提醒）"
1947,TRANSACTION,高,"快递/物流服务通知"
1948,NEEDS_REVIEW,低,"无法明确归类，需人工判断"
1949,NEEDS_REVIEW,中,"工作/业务通知，需人工判断"
1950,NEEDS_REVIEW,高,"天气预报服务信息"
1951,TRANSACTION,中,"疑似交易/服务通知，需人工确认"
1952,NEEDS_REVIEW,高,"政府/公益/公共服务信息，无商业推广"
1953,NEEDS_REVIEW,低,"无法明确归类，需人工判断"
1954,TRANSACTION,中,"疑似交易/服务通知，需人工确认"
1955,TRANSACTION,中,"疑似交易/服务通知，需人工确认"
1956,AD,中,"运营商营销推广"
1957,TRANSACTION,高,"运营商服务通知（流量/余额/账单/来电提醒）"
1958,NEEDS_REVIEW,高,"政府/公益/公共服务信息，无商业推广"
1959,AD,中,"教育培训推广"
1960,AD,高,"贷款产品推广广告"
1961,TRANSACTION,高,"包含明确的交易信息（金额/账单/到账/验证码）"
1962,NEEDS_REVIEW,低,"无法明确归类，需人工判断"
1963,TRANSACTION,中,"疑似交易/服务通知，需人工确认"
1964,TRANSACTION,高,"运营商服务通知（流量/余额/账单/来电提醒）"
1965,TRANSACTION,中,"疑似交易/服务通知，需人工确认"
1966,TRANSACTION,中,"疑似交易/服务通知，需人工确认"
1967,TRANSACTION,高,"运营商服务通知（流量/余额/账单/来电提醒）"
1968,TRANSACTION,中,"疑似交易/服务通知，需人工确认"
1969,NEEDS_REVIEW,低,"无法明确归类，需人工判断"
1970,AD,中,"医疗推广信息"
1971,TRANSACTION,中,"疑似交易/服务通知，需人工确认"
1972,TRANSACTION,高,"运营商服务通知（流量/余额/账单/来电提醒）"
1973,NEEDS_REVIEW,低,"无法明确归类，需人工判断"
1974,NEEDS_REVIEW,中,"服务评价邀请，边界模糊"
1975,TRANSACTION,中,"疑似交易/服务通知，需人工确认"
1976,TRANSACTION,中,"疑似交易/服务通知，需人工确认"
1977,TRANSACTION,高,"包含明确的交易信息（金额/账单/到账/验证码）"
1978,TRANSACTION,高,"快递/物流服务通知"
1979,TRANSACTION,中,"疑似交易/服务通知，需人工确认"
1980,TRANSACTION,中,"疑似交易/服务通知，需人工确认"
1981,TRANSACTION,中,"疑似交易/服务通知，需人工确认"
1982,TRANSACTION,中,"疑似交易/服务通知，需人工确认"
1983,NEEDS_REVIEW,低,"无法明确归类，需人工判断"
1984,TRANSACTION,中,"疑似交易/服务通知，需人工确认"
1985,HARASS,高,"包含催收/威胁关键词"
1986,TRANSACTION,中,"疑似交易/服务通知，需人工确认"
1987,TRANSACTION,高,"快递/物流服务通知"
1988,TRANSACTION,中,"疑似交易/服务通知，需人工确认"
1989,NEEDS_REVIEW,低,"无法明确归类，需人工判断"
1990,TRANSACTION,高,"运营商服务通知（流量/余额/账单/来电提醒）"
1991,NEEDS_REVIEW,低,"无法明确归类，需人工判断"
1992,NEEDS_REVIEW,低,"无法明确归类，需人工判断"
1993,TRANSACTION,高,"运营商服务通知（流量/余额/账单/来电提醒）"
1994,TRANSACTION,中,"疑似交易/服务通知，需人工确认"
1995,TRANSACTION,高,"包含明确的交易信息（金额/账单/到账/验证码）"
1996,NEEDS_REVIEW,低,"无法明确归类，需人工判断"
1997,TRANSACTION,高,"包含明确的交易信息（金额/账单/到账/验证码）"
1998,HARASS,高,"匹配催收模式"
1999,AD,高,"包含多个广告特征"
2000,TRANSACTION,中,"疑似交易/服务通知，需人工确认"
2001,TRANSACTION,高,"包含明确的交易信息（金额/账单/到账/验证码）"
2002,TRANSACTION,中,"疑似交易/服务通知，需人工确认"
2003,TRANSACTION,高,"包含明确的交易信息（金额/账单/到账/验证码）"
2004,NEEDS_REVIEW,低,"无法明确归类，需人工判断"
2005,TRANSACTION,中,"疑似交易/服务通知，需人工确认"
2006,TRANSACTION,高,"包含明确的交易信息（金额/账单/到账/验证码）"
2007,NEEDS_REVIEW,低,"无法明确归类，需人工判断"
2008,NEEDS_REVIEW,低,"无法明确归类，需人工判断"
2009,NEEDS_REVIEW,高,"天气预报服务信息"
2010,NEEDS_REVIEW,低,"无法明确归类，需人工判断"
2011,NEEDS_REVIEW,高,"政府/公益/公共服务信息，无商业推广"
2012,TRANSACTION,中,"疑似交易/服务通知，需人工确认"
2013,AD,中,"运营商营销推广"
2014,AD,中,"运营商营销推广"
2015,TRANSACTION,高,"快递/物流服务通知"
2016,TRANSACTION,中,"疑似交易/服务通知，需人工确认"
2017,HARASS,高,"匹配催收模式"
2018,AD,中,"医疗推广信息"
2019,TRANSACTION,高,"运营商服务通知（流量/余额/账单/来电提醒）"
2020,TRANSACTION,中,"疑似交易/服务通知，需人工确认"
2021,TRANSACTION,高,"运营商服务通知（流量/余额/账单/来电提醒）"
2022,NEEDS_REVIEW,低,"无法明确归类，需人工判断"
2023,TRANSACTION,中,"疑似交易/服务通知，需人工确认"
2024,TRANSACTION,高,"包含明确的交易信息（金额/账单/到账/验证码）"
2025,TRANSACTION,高,"包含明确的交易信息（金额/账单/到账/验证码）"
2026,TRANSACTION,中,"疑似交易/服务通知，需人工确认"
2027,HARASS,高,"包含催收/威胁关键词"
2028,NEEDS_REVIEW,低,"无法明确归类，需人工判断"
2029,TRANSACTION,高,"运营商服务通知（流量/余额/账单/来电提醒）"
2030,NEEDS_REVIEW,低,"无法明确归类，需人工判断"
2031,TRANSACTION,高,"快递/物流服务通知"
2032,AD,中,"运营商营销推广"
2033,NEEDS_REVIEW,高,"政府/公益/公共服务信息，无商业推广"
2034,TRANSACTION,中,"疑似交易/服务通知，需人工确认"
2035,NEEDS_REVIEW,低,"无法明确归类，需人工判断"
2036,TRANSACTION,高,"运营商服务通知（流量/余额/账单/来电提醒）"
2037,NEEDS_REVIEW,低,"无法明确归类，需人工判断"
2038,TRANSACTION,中,"疑似交易/服务通知，需人工确认"
2039,NEEDS_REVIEW,低,"无法明确归类，需人工判断"
2040,TRANSACTION,中,"疑似交易/服务通知，需人工确认"
2041,NEEDS_REVIEW,低,"无法明确归类，需人工判断"
2042,TRANSACTION,高,"包含明确的交易信息（金额/账单/到账/验证码）"
2043,NEEDS_REVIEW,低,"无法明确归类，需人工判断"
2044,NEEDS_REVIEW,高,"政府/公益/公共服务信息，无商业推广"
2045,NEEDS_REVIEW,高,"政府/公益/公共服务信息，无商业推广"
2046,AD,高,"包含多个广告特征"
2047,NEEDS_REVIEW,低,"无法明确归类，需人工判断"
2048,TRANSACTION,中,"疑似交易/服务通知，需人工确认"
2049,AD,中,"医疗推广信息"
2050,TRANSACTION,中,"疑似交易/服务通知，需人工确认"
2051,AD,中,"运营商营销推广"
2052,HARASS,高,"包含催收/威胁关键词"
2053,NEEDS_REVIEW,低,"无法明确归类，需人工判断"
2054,AD,中,"运营商营销推广"
2055,AD,高,"贷款产品推广广告"
2056,TRANSACTION,高,"运营商服务通知（流量/余额/账单/来电提醒）"
2057,NEEDS_REVIEW,低,"无法明确归类，需人工判断"
2058,NEEDS_REVIEW,低,"无法明确归类，需人工判断"
2059,TRANSACTION,中,"疑似交易/服务通知，需人工确认"
2060,NEEDS_REVIEW,高,"政府/公益信息"
2061,AD,高,"包含多个广告特征"
2062,NEEDS_REVIEW,低,"无法明确归类，需人工判断"
2063,TRANSACTION,高,"包含明确的交易信息（金额/账单/到账/验证码）"
2064,NEEDS_REVIEW,低,"无法明确归类，需人工判断"
2065,AD,高,"贷款产品推广广告"
2066,AD,中,"运营商营销推广"
2067,TRANSACTION,中,"疑似交易/服务通知，需人工确认"
2068,NEEDS_REVIEW,低,"无法明确归类，需人工判断"
2069,TRANSACTION,高,"运营商服务通知（流量/余额/账单/来电提醒）"
2070,AD,中,"运营商营销推广"
2071,NEEDS_REVIEW,低,"无法明确归类，需人工判断"
2072,TRANSACTION,高,"包含明确的交易信息（金额/账单/到账/验证码）"
2073,NEEDS_REVIEW,低,"无法明确归类，需人工判断"
2074,TRANSACTION,高,"包含明确的交易信息（金额/账单/到账/验证码）"
2075,NEEDS_REVIEW,低,"无法明确归类，需人工判断"
2076,NEEDS_REVIEW,低,"无法明确归类，需人工判断"
2077,AD,中,"医疗推广信息"
2078,NEEDS_REVIEW,低,"无法明确归类，需人工判断"
2079,NEEDS_REVIEW,高,"政府/公益/公共服务信息，无商业推广"
2080,TRANSACTION,中,"疑似交易/服务通知，需人工确认"
2081,AD,中,"运营商营销推广"
2082,TRANSACTION,高,"包含明确的交易信息（金额/账单/到账/验证码）"
2083,AD,中,"医疗推广信息"
2084,TRANSACTION,高,"保险/金融服务通知"
2085,TRANSACTION,高,"快递/物流服务通知"
2086,NEEDS_REVIEW,低,"无法明确归类，需人工判断"
2087,TRANSACTION,高,"快递/物流服务通知"
2088,NEEDS_REVIEW,高,"天气预报服务信息"
2089,TRANSACTION,高,"保险/金融服务通知"
2090,TRANSACTION,高,"快递/物流服务通知"
2091,TRANSACTION,高,"包含明确的交易信息（金额/账单/到账/验证码）"
2092,NEEDS_REVIEW,低,"无法明确归类，需人工判断"
2093,NEEDS_REVIEW,高,"政府/公益/公共服务信息，无商业推广"
2094,TRANSACTION,高,"运营商服务通知（流量/余额/账单/来电提醒）"
2095,TRANSACTION,中,"疑似交易/服务通知，需人工确认"
2096,TRANSACTION,高,"包含明确的交易信息（金额/账单/到账/验证码）"
2097,NEEDS_REVIEW,高,"政府/公益/公共服务信息，无商业推广"
2098,TRANSACTION,高,"包含明确的交易信息（金额/账单/到账/验证码）"
2099,NEEDS_REVIEW,低,"无法明确归类，需人工判断"
2100,TRANSACTION,中,"疑似交易/服务通知，需人工确认"
2101,TRANSACTION,中,"疑似交易/服务通知，需人工确认"
2102,NEEDS_REVIEW,高,"政府/公益/公共服务信息，无商业推广"
2103,TRANSACTION,中,"疑似交易/服务通知，需人工确认"
2104,TRANSACTION,高,"包含明确的交易信息（金额/账单/到账/验证码）"
2105,TRANSACTION,高,"运营商服务通知（流量/余额/账单/来电提醒）"
2106,TRANSACTION,高,"运营商服务通知（流量/余额/账单/来电提醒）"
2107,AD,中,"运营商营销推广"
2108,TRANSACTION,高,"运营商服务通知（流量/余额/账单/来电提醒）"
2109,TRANSACTION,高,"包含明确的交易信息（金额/账单/到账/验证码）"
2110,TRANSACTION,高,"快递/物流服务通知"
2111,TRANSACTION,中,"疑似交易/服务通知，需人工确认"
2112,TRANSACTION,高,"包含明确的交易信息（金额/账单/到账/验证码）"
2113,AD,中,"运营商营销推广"
2114,NEEDS_REVIEW,高,"天气预报服务信息"
2115,AD,中,"医疗推广信息"
2116,TRANSACTION,高,"运营商服务通知（流量/余额/账单/来电提醒）"
2117,NEEDS_REVIEW,低,"无法明确归类，需人工判断"
2118,TRANSACTION,中,"疑似交易/服务通知，需人工确认"
2119,TRANSACTION,中,"疑似交易/服务通知，需人工确认"
2120,TRANSACTION,高,"运营商服务通知（流量/余额/账单/来电提醒）"
2121,NEEDS_REVIEW,低,"无法明确归类，需人工判断"
2122,NEEDS_REVIEW,高,"政府/公益/公共服务信息，无商业推广"
2123,TRANSACTION,高,"快递/物流服务通知"
2124,NEEDS_REVIEW,低,"无法明确归类，需人工判断"
2125,AD,中,"医疗推广信息"
2126,NEEDS_REVIEW,低,"无法明确归类，需人工判断"
2127,TRANSACTION,中,"疑似交易/服务通知，需人工确认"
2128,TRANSACTION,高,"保险/金融服务通知"
2129,AD,中,"医疗推广信息"
2130,TRANSACTION,高,"包含明确的交易信息（金额/账单/到账/验证码）"
2131,NEEDS_REVIEW,低,"无法明确归类，需人工判断"
2132,NEEDS_REVIEW,低,"无法明确归类，需人工判断"
2133,NEEDS_REVIEW,低,"无法明确归类，需人工判断"
2134,TRANSACTION,中,"疑似交易/服务通知，需人工确认"
2135,AD,中,"运营商营销推广"
2136,TRANSACTION,中,"疑似交易/服务通知，需人工确认"
2137,NEEDS_REVIEW,低,"无法明确归类，需人工判断"
2138,NEEDS_REVIEW,高,"天气预报服务信息"
2139,TRANSACTION,高,"运营商服务通知（流量/余额/账单/来电提醒）"
2140,NEEDS_REVIEW,高,"天气预报服务信息"
2141,TRANSACTION,中,"疑似交易/服务通知，需人工确认"
2142,NEEDS_REVIEW,低,"无法明确归类，需人工判断"
2143,NEEDS_REVIEW,低,"无法明确归类，需人工判断"
2144,TRANSACTION,高,"快递/物流服务通知"
2145,AD,中,"医疗推广信息"
2146,NEEDS_REVIEW,低,"无法明确归类，需人工判断"
2147,NEEDS_REVIEW,低,"无法明确归类，需人工判断"
2148,NEEDS_REVIEW,高,"政府/公益/公共服务信息，无商业推广"
2149,NEEDS_REVIEW,高,"政府/公益/公共服务信息，无商业推广"
2150,NEEDS_REVIEW,低,"无法明确归类，需人工判断"
2151,NEEDS_REVIEW,高,"政府/公益/公共服务信息，无商业推广"
2152,TRANSACTION,高,"运营商服务通知（流量/余额/账单/来电提醒）"
2153,NEEDS_REVIEW,中,"工作/业务通知，需人工判断"
2154,TRANSACTION,中,"疑似交易/服务通知，需人工确认"
2155,TRANSACTION,高,"运营商服务通知（流量/余额/账单/来电提醒）"
2156,TRANSACTION,中,"疑似交易/服务通知，需人工确认"
2157,TRANSACTION,中,"疑似交易/服务通知，需人工确认"
2158,TRANSACTION,高,"保险/金融服务通知"
2159,TRANSACTION,高,"运营商服务通知（流量/余额/账单/来电提醒）"
2160,TRANSACTION,中,"疑似交易/服务通知，需人工确认"
2161,TRANSACTION,中,"疑似交易/服务通知，需人工确认"
2162,TRANSACTION,中,"疑似交易/服务通知，需人工确认"
2163,TRANSACTION,中,"疑似交易/服务通知，需人工确认"
2164,AD,中,"医疗推广信息"
2165,TRANSACTION,中,"疑似交易/服务通知，需人工确认"
2166,NEEDS_REVIEW,低,"无法明确归类，需人工判断"
2167,AD,中,"教育培训推广"
2168,TRANSACTION,中,"疑似交易/服务通知，需人工确认"
2169,NEEDS_REVIEW,低,"无法明确归类，需人工判断"
2170,NEEDS_REVIEW,低,"无法明确归类，需人工判断"
2171,NEEDS_REVIEW,低,"无法明确归类，需人工判断"
2172,TRANSACTION,高,"包含明确的交易信息（金额/账单/到账/验证码）"
2173,NEEDS_REVIEW,低,"无法明确归类，需人工判断"
2174,TRANSACTION,中,"疑似交易/服务通知，需人工确认"
2175,TRANSACTION,中,"疑似交易/服务通知，需人工确认"
2176,NEEDS_REVIEW,低,"无法明确归类，需人工判断"
2177,NEEDS_REVIEW,低,"无法明确归类，需人工判断"
2178,TRANSACTION,中,"疑似交易/服务通知，需人工确认"
2179,NEEDS_REVIEW,低,"无法明确归类，需人工判断"
2180,NEEDS_REVIEW,低,"无法明确归类，需人工判断"
2181,TRANSACTION,中,"疑似交易/服务通知，需人工确认"
2182,TRANSACTION,高,"包含明确的交易信息（金额/账单/到账/验证码）"
2183,NEEDS_REVIEW,低,"无法明确归类，需人工判断"
2184,AD,中,"运营商营销推广"
2185,TRANSACTION,高,"运营商服务通知（流量/余额/账单/来电提醒）"
2186,TRANSACTION,高,"包含明确的交易信息（金额/账单/到账/验证码）"
2187,AD,中,"运营商营销推广"
2188,NEEDS_REVIEW,低,"无法明确归类，需人工判断"
2189,TRANSACTION,高,"包含明确的交易信息（金额/账单/到账/验证码）"
2190,TRANSACTION,高,"运营商服务通知（流量/余额/账单/来电提醒）"
2191,TRANSACTION,高,"快递/物流服务通知"
2192,HARASS,高,"包含催收/威胁关键词"
2193,TRANSACTION,高,"运营商服务通知（流量/余额/账单/来电提醒）"
2194,NEEDS_REVIEW,高,"政府/公益/公共服务信息，无商业推广"
2195,NEEDS_REVIEW,低,"无法明确归类，需人工判断"
2196,TRANSACTION,中,"疑似交易/服务通知，需人工确认"
2197,TRANSACTION,中,"疑似交易/服务通知，需人工确认"
2198,AD,中,"运营商营销推广"
2199,TRANSACTION,高,"包含明确的交易信息（金额/账单/到账/验证码）"
2200,TRANSACTION,高,"运营商服务通知（流量/余额/账单/来电提醒）"
2201,TRANSACTION,高,"保险/金融服务通知"
2202,TRANSACTION,高,"包含明确的交易信息（金额/账单/到账/验证码）"
2203,AD,高,"包含多个广告特征"
2204,NEEDS_REVIEW,低,"无法明确归类，需人工判断"
2205,NEEDS_REVIEW,低,"无法明确归类，需人工判断"
2206,TRANSACTION,高,"快递/物流服务通知"
2207,NEEDS_REVIEW,高,"天气预报服务信息"
2208,HARASS,高,"包含催收/威胁关键词"
2209,NEEDS_REVIEW,低,"无法明确归类，需人工判断"
2210,TRANSACTION,高,"包含明确的交易信息（金额/账单/到账/验证码）"
2211,NEEDS_REVIEW,低,"无法明确归类，需人工判断"
2212,NEEDS_REVIEW,低,"无法明确归类，需人工判断"
2213,NEEDS_REVIEW,低,"无法明确归类，需人工判断"
2214,TRANSACTION,中,"疑似交易/服务通知，需人工确认"
2215,NEEDS_REVIEW,低,"无法明确归类，需人工判断"
2216,NEEDS_REVIEW,低,"无法明确归类，需人工判断"
2217,HARASS,高,"包含催收/威胁关键词"
2218,TRANSACTION,中,"疑似交易/服务通知，需人工确认"
2219,NEEDS_REVIEW,低,"无法明确归类，需人工判断"
2220,TRANSACTION,高,"运营商服务通知（流量/余额/账单/来电提醒）"
2221,TRANSACTION,中,"疑似交易/服务通知，需人工确认"
2222,TRANSACTION,高,"包含明确的交易信息（金额/账单/到账/验证码）"
2223,NEEDS_REVIEW,中,"工作/业务通知，需人工判断"
2224,TRANSACTION,高,"运营商服务通知（流量/余额/账单/来电提醒）"
2225,TRANSACTION,高,"运营商服务通知（流量/余额/账单/来电提醒）"
2226,TRANSACTION,中,"疑似交易/服务通知，需人工确认"
2227,NEEDS_REVIEW,低,"无法明确归类，需人工判断"
2228,TRANSACTION,中,"疑似交易/服务通知，需人工确认"
2229,NEEDS_REVIEW,高,"天气预报服务信息"
2230,TRANSACTION,高,"包含明确的交易信息（金额/账单/到账/验证码）"
2231,NEEDS_REVIEW,低,"无法明确归类，需人工判断"
2232,TRANSACTION,中,"疑似交易/服务通知，需人工确认"
2233,TRANSACTION,高,"包含明确的交易信息（金额/账单/到账/验证码）"
2234,TRANSACTION,高,"运营商服务通知（流量/余额/账单/来电提醒）"
2235,TRANSACTION,中,"疑似交易/服务通知，需人工确认"
2236,NEEDS_REVIEW,低,"无法明确归类，需人工判断"
2237,TRANSACTION,中,"疑似交易/服务通知，需人工确认"
2238,TRANSACTION,高,"运营商服务通知（流量/余额/账单/来电提醒）"
2239,NEEDS_REVIEW,高,"政府/公益/公共服务信息，无商业推广"
2240,NEEDS_REVIEW,低,"无法明确归类，需人工判断"
2241,TRANSACTION,高,"包含明确的交易信息（金额/账单/到账/验证码）"
2242,AD,中,"医疗推广信息"
2243,TRANSACTION,高,"运营商服务通知（流量/余额/账单/来电提醒）"
2244,TRANSACTION,中,"疑似交易/服务通知，需人工确认"
2245,TRANSACTION,高,"运营商服务通知（流量/余额/账单/来电提醒）"
2246,TRANSACTION,高,"包含明确的交易信息（金额/账单/到账/验证码）"
2247,TRANSACTION,中,"疑似交易/服务通知，需人工确认"
2248,TRANSACTION,高,"快递/物流服务通知"
2249,TRANSACTION,中,"疑似交易/服务通知，需人工确认"
2250,NEEDS_REVIEW,低,"无法明确归类，需人工判断"
2251,NEEDS_REVIEW,低,"无法明确归类，需人工判断"
2252,TRANSACTION,高,"包含明确的交易信息（金额/账单/到账/验证码）"
2253,AD,中,"医疗推广信息"
2254,TRANSACTION,中,"疑似交易/服务通知，需人工确认"
2255,NEEDS_REVIEW,低,"无法明确归类，需人工判断"
2256,TRANSACTION,高,"运营商服务通知（流量/余额/账单/来电提醒）"
2257,TRANSACTION,高,"运营商服务通知（流量/余额/账单/来电提醒）"
2258,TRANSACTION,中,"疑似交易/服务通知，需人工确认"
2259,TRANSACTION,高,"包含明确的交易信息（金额/账单/到账/验证码）"
2260,TRANSACTION,中,"疑似交易/服务通知，需人工确认"
2261,TRANSACTION,高,"运营商服务通知（流量/余额/账单/来电提醒）"
2262,TRANSACTION,高,"运营商服务通知（流量/余额/账单/来电提醒）"
2263,TRANSACTION,高,"运营商服务通知（流量/余额/账单/来电提醒）"
2264,TRANSACTION,中,"疑似交易/服务通知，需人工确认"
2265,AD,中,"医疗推广信息"
2266,AD,中,"运营商营销推广"
2267,TRANSACTION,中,"疑似交易/服务通知，需人工确认"
2268,AD,高,"贷款产品推广广告"
2269,NEEDS_REVIEW,中,"工作/业务通知，需人工判断"
2270,TRANSACTION,中,"疑似交易/服务通知，需人工确认"
2271,NEEDS_REVIEW,低,"无法明确归类，需人工判断"
2272,TRANSACTION,高,"运营商服务通知（流量/余额/账单/来电提醒）"
2273,NEEDS_REVIEW,低,"无法明确归类，需人工判断"
2274,TRANSACTION,高,"快递/物流服务通知"
2275,NEEDS_REVIEW,低,"无法明确归类，需人工判断"
2276,NEEDS_REVIEW,中,"工作/业务通知，需人工判断"
2277,NEEDS_REVIEW,低,"无法明确归类，需人工判断"
2278,AD,中,"运营商营销推广"
2279,TRANSACTION,中,"疑似交易/服务通知，需人工确认"
2280,TRANSACTION,高,"包含明确的交易信息（金额/账单/到账/验证码）"
2281,TRANSACTION,高,"包含明确的交易信息（金额/账单/到账/验证码）"
2282,TRANSACTION,高,"运营商服务通知（流量/余额/账单/来电提醒）"
2283,TRANSACTION,中,"疑似交易/服务通知，需人工确认"
2284,TRANSACTION,高,"快递/物流服务通知"
2285,TRANSACTION,中,"疑似交易/服务通知，需人工确认"
2286,AD,高,"包含多个广告特征"
2287,NEEDS_REVIEW,低,"无法明确归类，需人工判断"
2288,TRANSACTION,高,"运营商服务通知（流量/余额/账单/来电提醒）"
2289,AD,中,"运营商营销推广"
2290,NEEDS_REVIEW,高,"政府/公益/公共服务信息，无商业推广"
2291,AD,中,"运营商营销推广"
2292,NEEDS_REVIEW,低,"无法明确归类，需人工判断"
2293,TRANSACTION,高,"包含明确的交易信息（金额/账单/到账/验证码）"
2294,NEEDS_REVIEW,低,"无法明确归类，需人工判断"
2295,TRANSACTION,中,"疑似交易/服务通知，需人工确认"
2296,TRANSACTION,高,"运营商服务通知（流量/余额/账单/来电提醒）"
2297,AD,中,"运营商营销推广"
2298,TRANSACTION,中,"疑似交易/服务通知，需人工确认"
2299,NEEDS_REVIEW,低,"无法明确归类，需人工判断"
2300,TRANSACTION,高,"快递/物流服务通知"
2301,AD,高,"包含多个广告特征"
2302,AD,高,"包含多个广告特征"
2303,AD,高,"贷款产品推广广告"
2304,NEEDS_REVIEW,低,"无法明确归类，需人工判断"
2305,TRANSACTION,高,"运营商服务通知（流量/余额/账单/来电提醒）"
2306,TRANSACTION,高,"包含明确的交易信息（金额/账单/到账/验证码）"
2307,TRANSACTION,高,"包含明确的交易信息（金额/账单/到账/验证码）"
2308,TRANSACTION,高,"快递/物流服务通知"
2309,NEEDS_REVIEW,高,"政府/公益/公共服务信息，无商业推广"
2310,TRANSACTION,中,"疑似交易/服务通知，需人工确认"
2311,TRANSACTION,高,"保险/金融服务通知"
2312,NEEDS_REVIEW,低,"无法明确归类，需人工判断"
2313,TRANSACTION,高,"运营商服务通知（流量/余额/账单/来电提醒）"
2314,TRANSACTION,中,"疑似交易/服务通知，需人工确认"
2315,TRANSACTION,中,"疑似交易/服务通知，需人工确认"
2316,NEEDS_REVIEW,低,"无法明确归类，需人工判断"
2317,TRANSACTION,高,"快递/物流服务通知"
2318,NEEDS_REVIEW,低,"无法明确归类，需人工判断"
2319,NEEDS_REVIEW,低,"无法明确归类，需人工判断"
2320,TRANSACTION,中,"疑似交易/服务通知，需人工确认"
2321,NEEDS_REVIEW,低,"无法明确归类，需人工判断"
2322,TRANSACTION,高,"包含明确的交易信息（金额/账单/到账/验证码）"
2323,NEEDS_REVIEW,低,"无法明确归类，需人工判断"
2324,TRANSACTION,中,"疑似交易/服务通知，需人工确认"
2325,TRANSACTION,中,"疑似交易/服务通知，需人工确认"
2326,TRANSACTION,高,"运营商服务通知（流量/余额/账单/来电提醒）"
2327,TRANSACTION,中,"疑似交易/服务通知，需人工确认"
2328,TRANSACTION,高,"保险/金融服务通知"
2329,TRANSACTION,高,"运营商服务通知（流量/余额/账单/来电提醒）"
2330,NEEDS_REVIEW,低,"无法明确归类，需人工判断"
2331,NEEDS_REVIEW,低,"无法明确归类，需人工判断"
2332,TRANSACTION,中,"疑似交易/服务通知，需人工确认"
2333,NEEDS_REVIEW,低,"无法明确归类，需人工判断"
2334,AD,中,"运营商营销推广"
2335,HARASS,高,"匹配催收模式"
2336,TRANSACTION,中,"疑似交易/服务通知，需人工确认"
2337,AD,高,"产品营销广告"
2338,TRANSACTION,中,"疑似交易/服务通知，需人工确认"
2339,TRANSACTION,中,"疑似交易/服务通知，需人工确认"
2340,AD,中,"运营商营销推广"
2341,TRANSACTION,高,"运营商服务通知（流量/余额/账单/来电提醒）"
2342,TRANSACTION,高,"运营商服务通知（流量/余额/账单/来电提醒）"
2343,TRANSACTION,高,"包含明确的交易信息（金额/账单/到账/验证码）"
2344,NEEDS_REVIEW,低,"无法明确归类，需人工判断"
2345,TRANSACTION,中,"疑似交易/服务通知，需人工确认"
2346,AD,中,"运营商营销推广"
2347,TRANSACTION,中,"疑似交易/服务通知，需人工确认"
2348,TRANSACTION,高,"包含明确的交易信息（金额/账单/到账/验证码）"
2349,TRANSACTION,高,"包含明确的交易信息（金额/账单/到账/验证码）"
2350,NEEDS_REVIEW,中,"工作/业务通知，需人工判断"
2351,TRANSACTION,中,"疑似交易/服务通知，需人工确认"
2352,TRANSACTION,高,"运营商服务通知（流量/余额/账单/来电提醒）"
2353,TRANSACTION,高,"包含明确的交易信息（金额/账单/到账/验证码）"
2354,NEEDS_REVIEW,高,"政府/公益/公共服务信息，无商业推广"
2355,TRANSACTION,中,"疑似交易/服务通知，需人工确认"
2356,NEEDS_REVIEW,低,"无法明确归类，需人工判断"
2357,NEEDS_REVIEW,低,"无法明确归类，需人工判断"
2358,TRANSACTION,高,"运营商服务通知（流量/余额/账单/来电提醒）"
2359,AD,高,"包含多个广告特征"
2360,AD,高,"贷款产品推广广告"
2361,AD,中,"运营商营销推广"
2362,NEEDS_REVIEW,低,"无法明确归类，需人工判断"
2363,TRANSACTION,中,"疑似交易/服务通知，需人工确认"
2364,AD,中,"医疗推广信息"
2365,TRANSACTION,高,"运营商服务通知（流量/余额/账单/来电提醒）"
2366,TRANSACTION,高,"运营商服务通知（流量/余额/账单/来电提醒）"
2367,TRANSACTION,中,"疑似交易/服务通知，需人工确认"
2368,NEEDS_REVIEW,低,"无法明确归类，需人工判断"
2369,NEEDS_REVIEW,低,"无法明确归类，需人工判断"
2370,TRANSACTION,高,"包含明确的交易信息（金额/账单/到账/验证码）"
2371,TRANSACTION,高,"包含明确的交易信息（金额/账单/到账/验证码）"
2372,NEEDS_REVIEW,低,"无法明确归类，需人工判断"
2373,TRANSACTION,高,"运营商服务通知（流量/余额/账单/来电提醒）"
2374,NEEDS_REVIEW,高,"政府/公益/公共服务信息，无商业推广"
2375,NEEDS_REVIEW,高,"天气预报服务信息"
2376,TRANSACTION,高,"快递/物流服务通知"
2377,NEEDS_REVIEW,低,"无法明确归类，需人工判断"
2378,TRANSACTION,高,"包含明确的交易信息（金额/账单/到账/验证码）"
2379,TRANSACTION,中,"疑似交易/服务通知，需人工确认"
2380,TRANSACTION,中,"疑似交易/服务通知，需人工确认"
2381,TRANSACTION,中,"疑似交易/服务通知，需人工确认"
2382,NEEDS_REVIEW,低,"无法明确归类，需人工判断"
2383,NEEDS_REVIEW,高,"天气预报服务信息"
2384,TRANSACTION,中,"疑似交易/服务通知，需人工确认"
2385,TRANSACTION,高,"运营商服务通知（流量/余额/账单/来电提醒）"
2386,TRANSACTION,中,"疑似交易/服务通知，需人工确认"
2387,NEEDS_REVIEW,低,"无法明确归类，需人工判断"
2388,AD,中,"运营商营销推广"
2389,NEEDS_REVIEW,低,"无法明确归类，需人工判断"
2390,TRANSACTION,中,"疑似交易/服务通知，需人工确认"
2391,NEEDS_REVIEW,低,"无法明确归类，需人工判断"
2392,TRANSACTION,高,"快递/物流服务通知"
2393,TRANSACTION,高,"快递/物流服务通知"
2394,TRANSACTION,高,"快递/物流服务通知"
2395,TRANSACTION,中,"疑似交易/服务通知，需人工确认"
2396,AD,高,"包含多个广告特征"
2397,NEEDS_REVIEW,低,"无法明确归类，需人工判断"
2398,TRANSACTION,高,"快递/物流服务通知"
2399,NEEDS_REVIEW,低,"无法明确归类，需人工判断"
2400,NEEDS_REVIEW,高,"天气预报服务信息"
2401,TRANSACTION,中,"疑似交易/服务通知，需人工确认"
2402,TRANSACTION,高,"运营商服务通知（流量/余额/账单/来电提醒）"
2403,NEEDS_REVIEW,低,"无法明确归类，需人工判断"
2404,AD,高,"贷款产品推广广告"
2405,NEEDS_REVIEW,低,"无法明确归类，需人工判断"
2406,NEEDS_REVIEW,低,"无法明确归类，需人工判断"
2407,NEEDS_REVIEW,高,"政府/公益/公共服务信息，无商业推广"
2408,NEEDS_REVIEW,低,"无法明确归类，需人工判断"
2409,TRANSACTION,中,"疑似交易/服务通知，需人工确认"
2410,TRANSACTION,高,"运营商服务通知（流量/余额/账单/来电提醒）"
2411,TRANSACTION,高,"快递/物流服务通知"
2412,AD,高,"包含多个广告特征"
2413,TRANSACTION,高,"快递/物流服务通知"
2414,NEEDS_REVIEW,低,"无法明确归类，需人工判断"
2415,NEEDS_REVIEW,低,"无法明确归类，需人工判断"
2416,TRANSACTION,高,"包含明确的交易信息（金额/账单/到账/验证码）"
2417,HARASS,高,"包含催收/威胁关键词"
2418,NEEDS_REVIEW,高,"天气预报服务信息"
2419,TRANSACTION,中,"疑似交易/服务通知，需人工确认"
2420,TRANSACTION,高,"保险/金融服务通知"
2421,NEEDS_REVIEW,低,"无法明确归类，需人工判断"
2422,TRANSACTION,中,"疑似交易/服务通知，需人工确认"
2423,TRANSACTION,中,"疑似交易/服务通知，需人工确认"
2424,TRANSACTION,中,"疑似交易/服务通知，需人工确认"
2425,TRANSACTION,高,"运营商服务通知（流量/余额/账单/来电提醒）"
2426,TRANSACTION,中,"疑似交易/服务通知，需人工确认"
2427,TRANSACTION,中,"疑似交易/服务通知，需人工确认"
2428,TRANSACTION,高,"快递/物流服务通知"
2429,TRANSACTION,高,"包含明确的交易信息（金额/账单/到账/验证码）"
2430,TRANSACTION,高,"包含明确的交易信息（金额/账单/到账/验证码）"
2431,AD,高,"包含多个广告特征"
2432,TRANSACTION,高,"运营商服务通知（流量/余额/账单/来电提醒）"
2433,NEEDS_REVIEW,中,"服务评价邀请，边界模糊"
2434,TRANSACTION,高,"运营商服务通知（流量/余额/账单/来电提醒）"
2435,TRANSACTION,中,"疑似交易/服务通知，需人工确认"
2436,TRANSACTION,高,"运营商服务通知（流量/余额/账单/来电提醒）"
2437,HARASS,高,"包含催收/威胁关键词"
2438,TRANSACTION,高,"运营商服务通知（流量/余额/账单/来电提醒）"
2439,TRANSACTION,高,"包含明确的交易信息（金额/账单/到账/验证码）"
2440,TRANSACTION,高,"包含明确的交易信息（金额/账单/到账/验证码）"
2441,NEEDS_REVIEW,高,"天气预报服务信息"
2442,TRANSACTION,高,"运营商服务通知（流量/余额/账单/来电提醒）"
2443,TRANSACTION,中,"疑似交易/服务通知，需人工确认"
2444,TRANSACTION,高,"运营商服务通知（流量/余额/账单/来电提醒）"
2445,TRANSACTION,高,"运营商服务通知（流量/余额/账单/来电提醒）"
2446,TRANSACTION,中,"疑似交易/服务通知，需人工确认"
2447,NEEDS_REVIEW,低,"无法明确归类，需人工判断"
2448,TRANSACTION,中,"疑似交易/服务通知，需人工确认"
2449,NEEDS_REVIEW,高,"政府/公益/公共服务信息，无商业推广"
2450,NEEDS_REVIEW,高,"政府/公益/公共服务信息，无商业推广"
2451,TRANSACTION,中,"疑似交易/服务通知，需人工确认"
2452,TRANSACTION,高,"快递/物流服务通知"
2453,AD,中,"运营商营销推广"
2454,NEEDS_REVIEW,低,"无法明确归类，需人工判断"
2455,TRANSACTION,中,"疑似交易/服务通知，需人工确认"
2456,TRANSACTION,高,"运营商服务通知（流量/余额/账单/来电提醒）"
2457,TRANSACTION,高,"包含明确的交易信息（金额/账单/到账/验证码）"
2458,TRANSACTION,中,"疑似交易/服务通知，需人工确认"
2459,NEEDS_REVIEW,低,"无法明确归类，需人工判断"
2460,NEEDS_REVIEW,低,"无法明确归类，需人工判断"
2461,TRANSACTION,中,"疑似交易/服务通知，需人工确认"
2462,TRANSACTION,高,"包含明确的交易信息（金额/账单/到账/验证码）"
2463,TRANSACTION,中,"疑似交易/服务通知，需人工确认"
2464,AD,高,"包含多个广告特征"
2465,AD,中,"医疗推广信息"
2466,NEEDS_REVIEW,高,"政府/公益信息"
2467,NEEDS_REVIEW,低,"无法明确归类，需人工判断"
2468,NEEDS_REVIEW,高,"政府/公益信息"
2469,TRANSACTION,高,"运营商服务通知（流量/余额/账单/来电提醒）"
2470,TRANSACTION,高,"包含明确的交易信息（金额/账单/到账/验证码）"
2471,TRANSACTION,高,"包含明确的交易信息（金额/账单/到账/验证码）"
2472,TRANSACTION,高,"包含明确的交易信息（金额/账单/到账/验证码）"
2473,AD,中,"运营商营销推广"
2474,NEEDS_REVIEW,低,"无法明确归类，需人工判断"
2475,NEEDS_REVIEW,低,"无法明确归类，需人工判断"
2476,NEEDS_REVIEW,高,"天气预报服务信息"
2477,TRANSACTION,中,"疑似交易/服务通知，需人工确认"
2478,NEEDS_REVIEW,低,"无法明确归类，需人工判断"
2479,NEEDS_REVIEW,低,"无法明确归类，需人工判断"
2480,TRANSACTION,中,"疑似交易/服务通知，需人工确认"
2481,TRANSACTION,高,"运营商服务通知（流量/余额/账单/来电提醒）"
2482,TRANSACTION,高,"运营商服务通知（流量/余额/账单/来电提醒）"
2483,AD,中,"运营商营销推广"
2484,NEEDS_REVIEW,低,"无法明确归类，需人工判断"
2485,AD,中,"医疗推广信息"
2486,NEEDS_REVIEW,高,"政府/公益/公共服务信息，无商业推广"
2487,TRANSACTION,高,"包含明确的交易信息（金额/账单/到账/验证码）"
2488,TRANSACTION,中,"疑似交易/服务通知，需人工确认"
2489,TRANSACTION,中,"疑似交易/服务通知，需人工确认"
2490,AD,中,"医疗推广信息"
2491,TRANSACTION,高,"快递/物流服务通知"
2492,HARASS,高,"匹配催收模式"
2493,TRANSACTION,中,"疑似交易/服务通知，需人工确认"
2494,TRANSACTION,高,"包含明确的交易信息（金额/账单/到账/验证码）"
2495,NEEDS_REVIEW,低,"无法明确归类，需人工判断"
2496,NEEDS_REVIEW,高,"天气预报服务信息"
2497,TRANSACTION,高,"运营商服务通知（流量/余额/账单/来电提醒）"
2498,NEEDS_REVIEW,低,"无法明确归类，需人工判断"
2499,TRANSACTION,高,"运营商服务通知（流量/余额/账单/来电提醒）"
2500,TRANSACTION,中,"疑似交易/服务通知，需人工确认"
2501,TRANSACTION,高,"运营商服务通知（流量/余额/账单/来电提醒）"
2502,AD,中,"运营商营销推广"
2503,NEEDS_REVIEW,高,"政府/公益信息"
2504,NEEDS_REVIEW,低,"无法明确归类，需人工判断"
2505,NEEDS_REVIEW,低,"无法明确归类，需人工判断"
2506,TRANSACTION,高,"快递/物流服务通知"
2507,TRANSACTION,中,"疑似交易/服务通知，需人工确认"
2508,NEEDS_REVIEW,高,"政府/公益/公共服务信息，无商业推广"
2509,NEEDS_REVIEW,低,"无法明确归类，需人工判断"
2510,TRANSACTION,高,"快递/物流服务通知"
2511,TRANSACTION,中,"疑似交易/服务通知，需人工确认"
2512,TRANSACTION,中,"疑似交易/服务通知，需人工确认"
2513,TRANSACTION,高,"运营商服务通知（流量/余额/账单/来电提醒）"
2514,NEEDS_REVIEW,低,"无法明确归类，需人工判断"
2515,TRANSACTION,高,"保险/金融服务通知"
2516,TRANSACTION,中,"疑似交易/服务通知，需人工确认"
2517,NEEDS_REVIEW,高,"政府/公益/公共服务信息，无商业推广"
2518,TRANSACTION,高,"快递/物流服务通知"
2519,TRANSACTION,高,"保险/金融服务通知"
2520,NEEDS_REVIEW,高,"政府/公益信息"
2521,TRANSACTION,高,"快递/物流服务通知"
2522,TRANSACTION,中,"疑似交易/服务通知，需人工确认"
2523,TRANSACTION,高,"包含明确的交易信息（金额/账单/到账/验证码）"
2524,TRANSACTION,中,"疑似交易/服务通知，需人工确认"
2525,TRANSACTION,高,"包含明确的交易信息（金额/账单/到账/验证码）"
2526,TRANSACTION,高,"包含明确的交易信息（金额/账单/到账/验证码）"
2527,NEEDS_REVIEW,高,"政府/公益/公共服务信息，无商业推广"
2528,NEEDS_REVIEW,低,"无法明确归类，需人工判断"
2529,NEEDS_REVIEW,低,"无法明确归类，需人工判断"
2530,NEEDS_REVIEW,高,"政府/公益/公共服务信息，无商业推广"
2531,AD,中,"运营商营销推广"
2532,TRANSACTION,高,"包含明确的交易信息（金额/账单/到账/验证码）"
2533,TRANSACTION,高,"包含明确的交易信息（金额/账单/到账/验证码）"
2534,TRANSACTION,中,"疑似交易/服务通知，需人工确认"
2535,NEEDS_REVIEW,低,"无法明确归类，需人工判断"
2536,AD,中,"运营商营销推广"
2537,TRANSACTION,中,"疑似交易/服务通知，需人工确认"
2538,TRANSACTION,中,"疑似交易/服务通知，需人工确认"
2539,TRANSACTION,中,"疑似交易/服务通知，需人工确认"
2540,TRANSACTION,中,"疑似交易/服务通知，需人工确认"
2541,AD,中,"医疗推广信息"
2542,NEEDS_REVIEW,高,"政府/公益/公共服务信息，无商业推广"
2543,TRANSACTION,高,"包含明确的交易信息（金额/账单/到账/验证码）"
2544,NEEDS_REVIEW,低,"无法明确归类，需人工判断"
2545,HARASS,高,"包含催收/威胁关键词"
2546,AD,中,"运营商营销推广"
2547,NEEDS_REVIEW,高,"天气预报服务信息"
2548,NEEDS_REVIEW,高,"政府/公益/公共服务信息，无商业推广"
2549,TRANSACTION,高,"运营商服务通知（流量/余额/账单/来电提醒）"
2550,AD,高,"贷款产品推广广告"
2551,TRANSACTION,高,"运营商服务通知（流量/余额/账单/来电提醒）"
2552,TRANSACTION,高,"包含明确的交易信息（金额/账单/到账/验证码）"
2553,TRANSACTION,高,"运营商服务通知（流量/余额/账单/来电提醒）"
2554,AD,中,"医疗推广信息"
2555,TRANSACTION,中,"疑似交易/服务通知，需人工确认"
2556,TRANSACTION,高,"运营商服务通知（流量/余额/账单/来电提醒）"
2557,TRANSACTION,高,"运营商服务通知（流量/余额/账单/来电提醒）"
2558,TRANSACTION,高,"快递/物流服务通知"
2559,NEEDS_REVIEW,低,"无法明确归类，需人工判断"
2560,TRANSACTION,中,"疑似交易/服务通知，需人工确认"
2561,TRANSACTION,高,"保险/金融服务通知"
2562,AD,中,"教育培训推广"
2563,NEEDS_REVIEW,低,"无法明确归类，需人工判断"
2564,NEEDS_REVIEW,低,"无法明确归类，需人工判断"
2565,NEEDS_REVIEW,低,"无法明确归类，需人工判断"
2566,AD,高,"包含多个广告特征"
2567,NEEDS_REVIEW,高,"政府/公益/公共服务信息，无商业推广"
2568,TRANSACTION,高,"包含明确的交易信息（金额/账单/到账/验证码）"
2569,TRANSACTION,中,"疑似交易/服务通知，需人工确认"
2570,NEEDS_REVIEW,低,"无法明确归类，需人工判断"
2571,TRANSACTION,高,"运营商服务通知（流量/余额/账单/来电提醒）"
2572,TRANSACTION,中,"疑似交易/服务通知，需人工确认"
2573,TRANSACTION,高,"运营商服务通知（流量/余额/账单/来电提醒）"
2574,NEEDS_REVIEW,低,"无法明确归类，需人工判断"
2575,NEEDS_REVIEW,高,"政府/公益/公共服务信息，无商业推广"
2576,NEEDS_REVIEW,低,"无法明确归类，需人工判断"
2577,TRANSACTION,中,"疑似交易/服务通知，需人工确认"
2578,TRANSACTION,中,"疑似交易/服务通知，需人工确认"
2579,TRANSACTION,中,"疑似交易/服务通知，需人工确认"
2580,NEEDS_REVIEW,低,"无法明确归类，需人工判断"
2581,TRANSACTION,高,"运营商服务通知（流量/余额/账单/来电提醒）"
2582,TRANSACTION,高,"运营商服务通知（流量/余额/账单/来电提醒）"
2583,TRANSACTION,中,"疑似交易/服务通知，需人工确认"
2584,NEEDS_REVIEW,高,"政府/公益/公共服务信息，无商业推广"
2585,NEEDS_REVIEW,高,"政府/公益信息"
2586,AD,中,"运营商营销推广"
2587,TRANSACTION,中,"疑似交易/服务通知，需人工确认"
2588,NEEDS_REVIEW,低,"无法明确归类，需人工判断"
2589,TRANSACTION,高,"包含明确的交易信息（金额/账单/到账/验证码）"
2590,TRANSACTION,高,"运营商服务通知（流量/余额/账单/来电提醒）"
2591,TRANSACTION,中,"疑似交易/服务通知，需人工确认"
2592,NEEDS_REVIEW,低,"无法明确归类，需人工判断"
2593,TRANSACTION,中,"疑似交易/服务通知，需人工确认"
2594,TRANSACTION,高,"包含明确的交易信息（金额/账单/到账/验证码）"
2595,NEEDS_REVIEW,低,"无法明确归类，需人工判断"
2596,NEEDS_REVIEW,高,"政府/公益/公共服务信息，无商业推广"
2597,NEEDS_REVIEW,低,"无法明确归类，需人工判断"
2598,AD,中,"教育培训推广"
2599,TRANSACTION,高,"运营商服务通知（流量/余额/账单/来电提醒）"
2600,TRANSACTION,高,"运营商服务通知（流量/余额/账单/来电提醒）"
2601,NEEDS_REVIEW,低,"无法明确归类，需人工判断"
2602,TRANSACTION,高,"快递/物流服务通知"
2603,TRANSACTION,中,"疑似交易/服务通知，需人工确认"
2604,TRANSACTION,中,"疑似交易/服务通知，需人工确认"
2605,TRANSACTION,高,"保险/金融服务通知"
2606,NEEDS_REVIEW,低,"无法明确归类，需人工判断"
2607,AD,中,"运营商营销推广"
2608,AD,中,"运营商营销推广"
2609,TRANSACTION,高,"快递/物流服务通知"
2610,TRANSACTION,高,"包含明确的交易信息（金额/账单/到账/验证码）"
2611,HARASS,高,"包含催收/威胁关键词"
2612,NEEDS_REVIEW,低,"无法明确归类，需人工判断"
2613,TRANSACTION,中,"疑似交易/服务通知，需人工确认"
2614,NEEDS_REVIEW,低,"无法明确归类，需人工判断"
2615,TRANSACTION,中,"疑似交易/服务通知，需人工确认"
2616,AD,高,"产品营销广告"
2617,TRANSACTION,高,"包含明确的交易信息（金额/账单/到账/验证码）"
2618,NEEDS_REVIEW,高,"天气预报服务信息"
2619,TRANSACTION,高,"运营商服务通知（流量/余额/账单/来电提醒）"
2620,TRANSACTION,中,"疑似交易/服务通知，需人工确认"
2621,TRANSACTION,高,"快递/物流服务通知"
2622,NEEDS_REVIEW,低,"无法明确归类，需人工判断"
2623,AD,中,"教育培训推广"
2624,TRANSACTION,中,"疑似交易/服务通知，需人工确认"
2625,TRANSACTION,高,"运营商服务通知（流量/余额/账单/来电提醒）"
2626,TRANSACTION,中,"疑似交易/服务通知，需人工确认"
2627,NEEDS_REVIEW,低,"无法明确归类，需人工判断"
2628,TRANSACTION,中,"疑似交易/服务通知，需人工确认"
2629,TRANSACTION,高,"快递/物流服务通知"
2630,TRANSACTION,高,"包含明确的交易信息（金额/账单/到账/验证码）"
2631,AD,中,"医疗推广信息"
2632,NEEDS_REVIEW,高,"政府/公益/公共服务信息，无商业推广"
2633,TRANSACTION,高,"快递/物流服务通知"
2634,HARASS,高,"包含催收/威胁关键词"
2635,NEEDS_REVIEW,低,"无法明确归类，需人工判断"
2636,TRANSACTION,中,"疑似交易/服务通知，需人工确认"
2637,TRANSACTION,中,"疑似交易/服务通知，需人工确认"
2638,NEEDS_REVIEW,低,"无法明确归类，需人工判断"
2639,NEEDS_REVIEW,低,"无法明确归类，需人工判断"
2640,NEEDS_REVIEW,高,"政府/公益/公共服务信息，无商业推广"
2641,AD,中,"医疗推广信息"
2642,TRANSACTION,高,"包含明确的交易信息（金额/账单/到账/验证码）"
2643,TRANSACTION,中,"疑似交易/服务通知，需人工确认"
2644,NEEDS_REVIEW,低,"无法明确归类，需人工判断"
2645,NEEDS_REVIEW,低,"无法明确归类，需人工判断"
2646,TRANSACTION,中,"疑似交易/服务通知，需人工确认"
2647,HARASS,高,"包含催收/威胁关键词"
2648,TRANSACTION,中,"疑似交易/服务通知，需人工确认"
2649,TRANSACTION,高,"包含明确的交易信息（金额/账单/到账/验证码）"
2650,TRANSACTION,高,"快递/物流服务通知"
2651,AD,中,"医疗推广信息"
2652,AD,中,"医疗推广信息"
2653,AD,中,"教育培训推广"
2654,AD,高,"包含多个广告特征"
2655,TRANSACTION,中,"疑似交易/服务通知，需人工确认"
2656,TRANSACTION,高,"包含明确的交易信息（金额/账单/到账/验证码）"
2657,TRANSACTION,中,"疑似交易/服务通知，需人工确认"
2658,NEEDS_REVIEW,低,"无法明确归类，需人工判断"
2659,AD,中,"医疗推广信息"
2660,NEEDS_REVIEW,高,"政府/公益/公共服务信息，无商业推广"
2661,TRANSACTION,高,"快递/物流服务通知"
2662,TRANSACTION,中,"疑似交易/服务通知，需人工确认"
2663,HARASS,高,"包含催收/威胁关键词"
2664,NEEDS_REVIEW,高,"天气预报服务信息"
2665,NEEDS_REVIEW,低,"无法明确归类，需人工判断"
2666,NEEDS_REVIEW,低,"无法明确归类，需人工判断"
2667,NEEDS_REVIEW,低,"无法明确归类，需人工判断"
2668,HARASS,高,"包含催收/威胁关键词"
2669,NEEDS_REVIEW,低,"无法明确归类，需人工判断"
2670,TRANSACTION,中,"疑似交易/服务通知，需人工确认"
2671,TRANSACTION,高,"包含明确的交易信息（金额/账单/到账/验证码）"
2672,NEEDS_REVIEW,低,"无法明确归类，需人工判断"
2673,TRANSACTION,中,"疑似交易/服务通知，需人工确认"
2674,NEEDS_REVIEW,低,"无法明确归类，需人工判断"
2675,NEEDS_REVIEW,低,"无法明确归类，需人工判断"
2676,AD,中,"医疗推广信息"
2677,TRANSACTION,高,"运营商服务通知（流量/余额/账单/来电提醒）"
2678,AD,中,"运营商营销推广"
2679,NEEDS_REVIEW,低,"无法明确归类，需人工判断"
2680,TRANSACTION,高,"快递/物流服务通知"
2681,TRANSACTION,高,"运营商服务通知（流量/余额/账单/来电提醒）"
2682,TRANSACTION,中,"疑似交易/服务通知，需人工确认"
2683,TRANSACTION,中,"疑似交易/服务通知，需人工确认"
2684,HARASS,高,"包含催收/威胁关键词"
2685,NEEDS_REVIEW,低,"无法明确归类，需人工判断"
2686,TRANSACTION,高,"包含明确的交易信息（金额/账单/到账/验证码）"
2687,NEEDS_REVIEW,高,"天气预报服务信息"
2688,TRANSACTION,高,"包含明确的交易信息（金额/账单/到账/验证码）"
2689,TRANSACTION,高,"快递/物流服务通知"
2690,TRANSACTION,高,"快递/物流服务通知"
2691,TRANSACTION,中,"疑似交易/服务通知，需人工确认"
2692,NEEDS_REVIEW,低,"无法明确归类，需人工判断"
2693,TRANSACTION,高,"快递/物流服务通知"
2694,NEEDS_REVIEW,高,"天气预报服务信息"
2695,NEEDS_REVIEW,高,"天气预报服务信息"
2696,NEEDS_REVIEW,低,"无法明确归类，需人工判断"
2697,TRANSACTION,高,"运营商服务通知（流量/余额/账单/来电提醒）"
2698,NEEDS_REVIEW,低,"无法明确归类，需人工判断"
2699,TRANSACTION,中,"疑似交易/服务通知，需人工确认"
2700,TRANSACTION,高,"包含明确的交易信息（金额/账单/到账/验证码）"
2701,TRANSACTION,中,"疑似交易/服务通知，需人工确认"
2702,TRANSACTION,高,"包含明确的交易信息（金额/账单/到账/验证码）"
2703,NEEDS_REVIEW,低,"无法明确归类，需人工判断"
2704,TRANSACTION,高,"运营商服务通知（流量/余额/账单/来电提醒）"
2705,NEEDS_REVIEW,高,"天气预报服务信息"
2706,NEEDS_REVIEW,低,"无法明确归类，需人工判断"
2707,TRANSACTION,中,"疑似交易/服务通知，需人工确认"
2708,NEEDS_REVIEW,低,"无法明确归类，需人工判断"
2709,NEEDS_REVIEW,低,"无法明确归类，需人工判断"
2710,NEEDS_REVIEW,高,"政府/公益/公共服务信息，无商业推广"
2711,NEEDS_REVIEW,低,"无法明确归类，需人工判断"
2712,TRANSACTION,高,"运营商服务通知（流量/余额/账单/来电提醒）"
2713,TRANSACTION,高,"运营商服务通知（流量/余额/账单/来电提醒）"
2714,TRANSACTION,高,"包含明确的交易信息（金额/账单/到账/验证码）"
2715,TRANSACTION,高,"运营商服务通知（流量/余额/账单/来电提醒）"
2716,TRANSACTION,中,"疑似交易/服务通知，需人工确认"
2717,NEEDS_REVIEW,高,"政府/公益/公共服务信息，无商业推广"
2718,TRANSACTION,中,"疑似交易/服务通知，需人工确认"
2719,TRANSACTION,中,"疑似交易/服务通知，需人工确认"
2720,NEEDS_REVIEW,中,"工作/业务通知，需人工判断"
2721,AD,高,"贷款产品推广广告"
2722,TRANSACTION,中,"疑似交易/服务通知，需人工确认"
2723,TRANSACTION,高,"包含明确的交易信息（金额/账单/到账/验证码）"
2724,TRANSACTION,高,"运营商服务通知（流量/余额/账单/来电提醒）"
2725,TRANSACTION,中,"疑似交易/服务通知，需人工确认"
2726,AD,中,"运营商营销推广"
2727,NEEDS_REVIEW,低,"无法明确归类，需人工判断"
2728,TRANSACTION,中,"疑似交易/服务通知，需人工确认"
2729,TRANSACTION,中,"疑似交易/服务通知，需人工确认"
2730,TRANSACTION,高,"运营商服务通知（流量/余额/账单/来电提醒）"
2731,TRANSACTION,中,"疑似交易/服务通知，需人工确认"
2732,NEEDS_REVIEW,低,"无法明确归类，需人工判断"
2733,NEEDS_REVIEW,高,"政府/公益信息"
2734,AD,中,"教育培训推广"
2735,TRANSACTION,高,"运营商服务通知（流量/余额/账单/来电提醒）"
2736,AD,高,"包含多个广告特征"
2737,TRANSACTION,高,"包含明确的交易信息（金额/账单/到账/验证码）"
2738,AD,中,"运营商营销推广"
2739,NEEDS_REVIEW,低,"无法明确归类，需人工判断"
2740,AD,高,"包含多个广告特征"
2741,NEEDS_REVIEW,低,"无法明确归类，需人工判断"
2742,NEEDS_REVIEW,低,"无法明确归类，需人工判断"
2743,TRANSACTION,中,"疑似交易/服务通知，需人工确认"
2744,NEEDS_REVIEW,高,"政府/公益/公共服务信息，无商业推广"
2745,NEEDS_REVIEW,低,"无法明确归类，需人工判断"
2746,TRANSACTION,高,"运营商服务通知（流量/余额/账单/来电提醒）"
2747,TRANSACTION,中,"疑似交易/服务通知，需人工确认"
2748,TRANSACTION,高,"运营商服务通知（流量/余额/账单/来电提醒）"
2749,TRANSACTION,高,"运营商服务通知（流量/余额/账单/来电提醒）"
2750,AD,高,"包含多个广告特征"
2751,NEEDS_REVIEW,高,"政府/公益/公共服务信息，无商业推广"
2752,TRANSACTION,中,"疑似交易/服务通知，需人工确认"
2753,TRANSACTION,中,"疑似交易/服务通知，需人工确认"
2754,TRANSACTION,中,"疑似交易/服务通知，需人工确认"
2755,NEEDS_REVIEW,低,"无法明确归类，需人工判断"
2756,NEEDS_REVIEW,低,"无法明确归类，需人工判断"
2757,TRANSACTION,中,"疑似交易/服务通知，需人工确认"
2758,HARASS,高,"包含催收/威胁关键词"
2759,NEEDS_REVIEW,低,"无法明确归类，需人工判断"
2760,AD,中,"医疗推广信息"
2761,TRANSACTION,高,"快递/物流服务通知"
2762,TRANSACTION,中,"疑似交易/服务通知，需人工确认"
2763,NEEDS_REVIEW,低,"无法明确归类，需人工判断"
2764,TRANSACTION,中,"疑似交易/服务通知，需人工确认"
2765,TRANSACTION,高,"运营商服务通知（流量/余额/账单/来电提醒）"
2766,NEEDS_REVIEW,低,"无法明确归类，需人工判断"
2767,TRANSACTION,高,"快递/物流服务通知"
2768,TRANSACTION,高,"包含明确的交易信息（金额/账单/到账/验证码）"
2769,TRANSACTION,高,"快递/物流服务通知"
2770,TRANSACTION,高,"包含明确的交易信息（金额/账单/到账/验证码）"
2771,TRANSACTION,高,"包含明确的交易信息（金额/账单/到账/验证码）"
2772,TRANSACTION,高,"包含明确的交易信息（金额/账单/到账/验证码）"
2773,NEEDS_REVIEW,低,"无法明确归类，需人工判断"
2774,TRANSACTION,高,"运营商服务通知（流量/余额/账单/来电提醒）"
2775,NEEDS_REVIEW,高,"天气预报服务信息"
2776,TRANSACTION,中,"疑似交易/服务通知，需人工确认"
2777,HARASS,高,"包含催收/威胁关键词"
2778,TRANSACTION,中,"疑似交易/服务通知，需人工确认"
2779,TRANSACTION,中,"疑似交易/服务通知，需人工确认"
2780,AD,高,"产品营销广告"
2781,TRANSACTION,中,"疑似交易/服务通知，需人工确认"
2782,TRANSACTION,中,"疑似交易/服务通知，需人工确认"
2783,TRANSACTION,高,"包含明确的交易信息（金额/账单/到账/验证码）"
2784,NEEDS_REVIEW,低,"无法明确归类，需人工判断"
2785,NEEDS_REVIEW,高,"天气预报服务信息"
2786,TRANSACTION,中,"疑似交易/服务通知，需人工确认"
2787,TRANSACTION,中,"疑似交易/服务通知，需人工确认"
2788,NEEDS_REVIEW,低,"无法明确归类，需人工判断"
2789,NEEDS_REVIEW,低,"无法明确归类，需人工判断"
2790,TRANSACTION,高,"包含明确的交易信息（金额/账单/到账/验证码）"
2791,TRANSACTION,中,"疑似交易/服务通知，需人工确认"
2792,NEEDS_REVIEW,低,"无法明确归类，需人工判断"
2793,NEEDS_REVIEW,低,"无法明确归类，需人工判断"
2794,NEEDS_REVIEW,低,"无法明确归类，需人工判断"
2795,NEEDS_REVIEW,低,"无法明确归类，需人工判断"
2796,AD,中,"教育培训推广"
2797,AD,高,"包含多个广告特征"
2798,AD,中,"医疗推广信息"
2799,NEEDS_REVIEW,低,"无法明确归类，需人工判断"
2800,TRANSACTION,高,"快递/物流服务通知"
2801,AD,高,"贷款产品推广广告"
2802,AD,中,"医疗推广信息"
2803,NEEDS_REVIEW,高,"政府/公益/公共服务信息，无商业推广"
2804,AD,高,"贷款产品推广广告"
2805,TRANSACTION,高,"快递/物流服务通知"
2806,TRANSACTION,中,"疑似交易/服务通知，需人工确认"
2807,TRANSACTION,中,"疑似交易/服务通知，需人工确认"
2808,TRANSACTION,高,"包含明确的交易信息（金额/账单/到账/验证码）"
2809,NEEDS_REVIEW,低,"无法明确归类，需人工判断"
2810,AD,中,"医疗推广信息"
2811,TRANSACTION,高,"运营商服务通知（流量/余额/账单/来电提醒）"
2812,NEEDS_REVIEW,中,"工作/业务通知，需人工判断"
2813,TRANSACTION,高,"包含明确的交易信息（金额/账单/到账/验证码）"
2814,NEEDS_REVIEW,高,"政府/公益/公共服务信息，无商业推广"
2815,NEEDS_REVIEW,高,"政府/公益/公共服务信息，无商业推广"
2816,TRANSACTION,中,"疑似交易/服务通知，需人工确认"
2817,TRANSACTION,中,"疑似交易/服务通知，需人工确认"
2818,TRANSACTION,中,"疑似交易/服务通知，需人工确认"
2819,AD,中,"运营商营销推广"
2820,TRANSACTION,高,"包含明确的交易信息（金额/账单/到账/验证码）"
2821,TRANSACTION,中,"疑似交易/服务通知，需人工确认"
2822,TRANSACTION,高,"快递/物流服务通知"
2823,AD,中,"运营商营销推广"
2824,TRANSACTION,高,"包含明确的交易信息（金额/账单/到账/验证码）"
2825,NEEDS_REVIEW,低,"无法明确归类，需人工判断"
2826,NEEDS_REVIEW,高,"政府/公益/公共服务信息，无商业推广"
2827,NEEDS_REVIEW,高,"政府/公益/公共服务信息，无商业推广"
2828,AD,中,"医疗推广信息"
2829,NEEDS_REVIEW,低,"无法明确归类，需人工判断"
2830,TRANSACTION,中,"疑似交易/服务通知，需人工确认"
2831,TRANSACTION,中,"疑似交易/服务通知，需人工确认"
2832,NEEDS_REVIEW,高,"政府/公益/公共服务信息，无商业推广"
2833,NEEDS_REVIEW,低,"无法明确归类，需人工判断"
2834,TRANSACTION,高,"运营商服务通知（流量/余额/账单/来电提醒）"
2835,NEEDS_REVIEW,低,"无法明确归类，需人工判断"
2836,TRANSACTION,高,"快递/物流服务通知"
2837,AD,高,"贷款产品推广广告"
2838,NEEDS_REVIEW,低,"无法明确归类，需人工判断"
2839,NEEDS_REVIEW,低,"无法明确归类，需人工判断"
2840,NEEDS_REVIEW,高,"政府/公益/公共服务信息，无商业推广"
2841,NEEDS_REVIEW,低,"无法明确归类，需人工判断"
2842,TRANSACTION,中,"疑似交易/服务通知，需人工确认"
2843,TRANSACTION,中,"疑似交易/服务通知，需人工确认"
2844,AD,中,"医疗推广信息"
2845,TRANSACTION,中,"疑似交易/服务通知，需人工确认"
2846,TRANSACTION,高,"运营商服务通知（流量/余额/账单/来电提醒）"
2847,TRANSACTION,中,"疑似交易/服务通知，需人工确认"
2848,NEEDS_REVIEW,低,"无法明确归类，需人工判断"
2849,HARASS,高,"匹配催收模式"
2850,TRANSACTION,高,"运营商服务通知（流量/余额/账单/来电提醒）"
2851,NEEDS_REVIEW,低,"无法明确归类，需人工判断"
2852,NEEDS_REVIEW,低,"无法明确归类，需人工判断"
2853,NEEDS_REVIEW,低,"无法明确归类，需人工判断"
2854,AD,中,"运营商营销推广"
2855,TRANSACTION,高,"快递/物流服务通知"
2856,TRANSACTION,高,"包含明确的交易信息（金额/账单/到账/验证码）"
2857,TRANSACTION,中,"疑似交易/服务通知，需人工确认"
2858,NEEDS_REVIEW,低,"无法明确归类，需人工判断"
2859,TRANSACTION,中,"疑似交易/服务通知，需人工确认"
2860,NEEDS_REVIEW,高,"政府/公益/公共服务信息，无商业推广"
2861,NEEDS_REVIEW,低,"无法明确归类，需人工判断"
2862,TRANSACTION,高,"包含明确的交易信息（金额/账单/到账/验证码）"
2863,AD,中,"医疗推广信息"
2864,NEEDS_REVIEW,低,"无法明确归类，需人工判断"
2865,TRANSACTION,中,"疑似交易/服务通知，需人工确认"
2866,TRANSACTION,中,"疑似交易/服务通知，需人工确认"
2867,TRANSACTION,高,"快递/物流服务通知"
2868,TRANSACTION,高,"运营商服务通知（流量/余额/账单/来电提醒）"
2869,NEEDS_REVIEW,高,"政府/公益/公共服务信息，无商业推广"
2870,AD,中,"医疗推广信息"
2871,TRANSACTION,高,"快递/物流服务通知"
2872,NEEDS_REVIEW,低,"无法明确归类，需人工判断"
2873,NEEDS_REVIEW,低,"无法明确归类，需人工判断"
2874,TRANSACTION,中,"疑似交易/服务通知，需人工确认"
2875,TRANSACTION,高,"运营商服务通知（流量/余额/账单/来电提醒）"
2876,NEEDS_REVIEW,低,"无法明确归类，需人工判断"
2877,NEEDS_REVIEW,低,"无法明确归类，需人工判断"
2878,TRANSACTION,中,"疑似交易/服务通知，需人工确认"
2879,TRANSACTION,高,"快递/物流服务通知"
2880,NEEDS_REVIEW,高,"天气预报服务信息"
2881,TRANSACTION,中,"疑似交易/服务通知，需人工确认"
2882,NEEDS_REVIEW,高,"天气预报服务信息"
2883,TRANSACTION,中,"疑似交易/服务通知，需人工确认"
2884,TRANSACTION,高,"包含明确的交易信息（金额/账单/到账/验证码）"
2885,NEEDS_REVIEW,高,"政府/公益/公共服务信息，无商业推广"
2886,TRANSACTION,中,"疑似交易/服务通知，需人工确认"
2887,AD,中,"运营商营销推广"
2888,TRANSACTION,中,"疑似交易/服务通知，需人工确认"
2889,TRANSACTION,中,"疑似交易/服务通知，需人工确认"
2890,NEEDS_REVIEW,高,"政府/公益/公共服务信息，无商业推广"
2891,AD,中,"运营商营销推广"
2892,TRANSACTION,中,"疑似交易/服务通知，需人工确认"
2893,TRANSACTION,中,"疑似交易/服务通知，需人工确认"
2894,HARASS,高,"包含催收/威胁关键词"
2895,NEEDS_REVIEW,低,"无法明确归类，需人工判断"
2896,AD,高,"贷款产品推广广告"
2897,TRANSACTION,高,"运营商服务通知（流量/余额/账单/来电提醒）"
2898,TRANSACTION,高,"运营商服务通知（流量/余额/账单/来电提醒）"
2899,TRANSACTION,中,"疑似交易/服务通知，需人工确认"
2900,TRANSACTION,中,"疑似交易/服务通知，需人工确认"
2901,TRANSACTION,中,"疑似交易/服务通知，需人工确认"
2902,NEEDS_REVIEW,低,"无法明确归类，需人工判断"
2903,TRANSACTION,高,"运营商服务通知（流量/余额/账单/来电提醒）"
2904,TRANSACTION,高,"运营商服务通知（流量/余额/账单/来电提醒）"
2905,NEEDS_REVIEW,低,"无法明确归类，需人工判断"
2906,NEEDS_REVIEW,低,"无法明确归类，需人工判断"
2907,TRANSACTION,高,"包含明确的交易信息（金额/账单/到账/验证码）"
2908,TRANSACTION,高,"包含明确的交易信息（金额/账单/到账/验证码）"
2909,TRANSACTION,中,"疑似交易/服务通知，需人工确认"
2910,AD,中,"运营商营销推广"
2911,TRANSACTION,高,"运营商服务通知（流量/余额/账单/来电提醒）"
2912,TRANSACTION,高,"运营商服务通知（流量/余额/账单/来电提醒）"
2913,TRANSACTION,高,"运营商服务通知（流量/余额/账单/来电提醒）"
2914,NEEDS_REVIEW,低,"无法明确归类，需人工判断"
2915,TRANSACTION,高,"运营商服务通知（流量/余额/账单/来电提醒）"
2916,TRANSACTION,高,"包含明确的交易信息（金额/账单/到账/验证码）"
2917,TRANSACTION,中,"疑似交易/服务通知，需人工确认"
2918,TRANSACTION,中,"疑似交易/服务通知，需人工确认"
2919,TRANSACTION,中,"疑似交易/服务通知，需人工确认"
2920,TRANSACTION,高,"运营商服务通知（流量/余额/账单/来电提醒）"
2921,TRANSACTION,高,"运营商服务通知（流量/余额/账单/来电提醒）"
2922,NEEDS_REVIEW,低,"无法明确归类，需人工判断"
2923,TRANSACTION,中,"疑似交易/服务通知，需人工确认"
2924,NEEDS_REVIEW,低,"无法明确归类，需人工判断"
2925,NEEDS_REVIEW,低,"无法明确归类，需人工判断"
2926,AD,高,"产品营销广告"
2927,AD,中,"医疗推广信息"
2928,NEEDS_REVIEW,高,"天气预报服务信息"
2929,TRANSACTION,高,"运营商服务通知（流量/余额/账单/来电提醒）"
2930,NEEDS_REVIEW,高,"政府/公益/公共服务信息，无商业推广"
2931,NEEDS_REVIEW,高,"政府/公益/公共服务信息，无商业推广"
2932,NEEDS_REVIEW,低,"无法明确归类，需人工判断"
2933,TRANSACTION,高,"包含明确的交易信息（金额/账单/到账/验证码）"
2934,NEEDS_REVIEW,高,"天气预报服务信息"
2935,TRANSACTION,中,"疑似交易/服务通知，需人工确认"
2936,NEEDS_REVIEW,低,"无法明确归类，需人工判断"
2937,TRANSACTION,高,"包含明确的交易信息（金额/账单/到账/验证码）"
2938,TRANSACTION,中,"疑似交易/服务通知，需人工确认"
2939,NEEDS_REVIEW,高,"天气预报服务信息"
2940,TRANSACTION,中,"疑似交易/服务通知，需人工确认"
2941,NEEDS_REVIEW,低,"无法明确归类，需人工判断"
2942,NEEDS_REVIEW,高,"政府/公益/公共服务信息，无商业推广"
2943,TRANSACTION,中,"疑似交易/服务通知，需人工确认"
2944,TRANSACTION,中,"疑似交易/服务通知，需人工确认"
2945,TRANSACTION,中,"疑似交易/服务通知，需人工确认"
2946,NEEDS_REVIEW,低,"无法明确归类，需人工判断"
2947,AD,中,"运营商营销推广"
2948,TRANSACTION,中,"疑似交易/服务通知，需人工确认"
2949,TRANSACTION,中,"疑似交易/服务通知，需人工确认"
2950,AD,中,"医疗推广信息"
2951,TRANSACTION,高,"快递/物流服务通知"
2952,TRANSACTION,高,"快递/物流服务通知"
2953,AD,中,"运营商营销推广"
2954,NEEDS_REVIEW,高,"政府/公益信息"
2955,TRANSACTION,中,"疑似交易/服务通知，需人工确认"
2956,TRANSACTION,高,"快递/物流服务通知"
2957,TRANSACTION,中,"疑似交易/服务通知，需人工确认"
2958,AD,高,"产品营销广告"
2959,NEEDS_REVIEW,低,"无法明确归类，需人工判断"
2960,TRANSACTION,中,"疑似交易/服务通知，需人工确认"
2961,HARASS,高,"包含催收/威胁关键词"
2962,NEEDS_REVIEW,低,"无法明确归类，需人工判断"
2963,AD,中,"运营商营销推广"
2964,TRANSACTION,高,"包含明确的交易信息（金额/账单/到账/验证码）"
2965,HARASS,高,"包含催收/威胁关键词"
2966,NEEDS_REVIEW,低,"无法明确归类，需人工判断"
2967,TRANSACTION,中,"疑似交易/服务通知，需人工确认"
2968,NEEDS_REVIEW,高,"政府/公益/公共服务信息，无商业推广"
2969,AD,中,"医疗推广信息"
2970,TRANSACTION,高,"快递/物流服务通知"
2971,TRANSACTION,高,"运营商服务通知（流量/余额/账单/来电提醒）"
2972,AD,中,"运营商营销推广"
2973,TRANSACTION,高,"保险/金融服务通知"
2974,NEEDS_REVIEW,高,"天气预报服务信息"
2975,AD,中,"医疗推广信息"
2976,NEEDS_REVIEW,高,"政府/公益/公共服务信息，无商业推广"
2977,AD,高,"贷款产品推广广告"
2978,HARASS,高,"包含催收/威胁关键词"
2979,TRANSACTION,中,"疑似交易/服务通知，需人工确认"
2980,NEEDS_REVIEW,低,"无法明确归类，需人工判断"
2981,TRANSACTION,高,"快递/物流服务通知"
2982,NEEDS_REVIEW,低,"无法明确归类，需人工判断"
2983,TRANSACTION,高,"运营商服务通知（流量/余额/账单/来电提醒）"
2984,TRANSACTION,高,"快递/物流服务通知"
2985,TRANSACTION,中,"疑似交易/服务通知，需人工确认"
2986,TRANSACTION,中,"疑似交易/服务通知，需人工确认"
2987,TRANSACTION,中,"疑似交易/服务通知，需人工确认"
2988,TRANSACTION,中,"疑似交易/服务通知，需人工确认"
2989,TRANSACTION,高,"快递/物流服务通知"
2990,NEEDS_REVIEW,低,"无法明确归类，需人工判断"
2991,TRANSACTION,高,"包含明确的交易信息（金额/账单/到账/验证码）"
2992,HARASS,高,"包含催收/威胁关键词"
2993,NEEDS_REVIEW,中,"服务评价邀请，边界模糊"
2994,NEEDS_REVIEW,低,"无法明确归类，需人工判断"
2995,NEEDS_REVIEW,高,"天气预报服务信息"
2996,TRANSACTION,高,"包含明确的交易信息（金额/账单/到账/验证码）"
2997,AD,高,"包含多个广告特征"
2998,TRANSACTION,中,"疑似交易/服务通知，需人工确认"
2999,TRANSACTION,高,"包含明确的交易信息（金额/账单/到账/验证码）"
3000,TRANSACTION,高,"运营商服务通知（流量/余额/账单/来电提醒）"
3001,TRANSACTION,中,"疑似交易/服务通知，需人工确认"
3002,TRANSACTION,中,"疑似交易/服务通知，需人工确认"
3003,TRANSACTION,中,"疑似交易/服务通知，需人工确认"
3004,TRANSACTION,高,"快递/物流服务通知"
3005,NEEDS_REVIEW,低,"无法明确归类，需人工判断"
3006,TRANSACTION,中,"疑似交易/服务通知，需人工确认"
3007,TRANSACTION,中,"疑似交易/服务通知，需人工确认"
3008,AD,高,"产品营销广告"
3009,TRANSACTION,中,"疑似交易/服务通知，需人工确认"
3010,NEEDS_REVIEW,低,"无法明确归类，需人工判断"
3011,TRANSACTION,中,"疑似交易/服务通知，需人工确认"
3012,TRANSACTION,高,"运营商服务通知（流量/余额/账单/来电提醒）"
3013,NEEDS_REVIEW,低,"无法明确归类，需人工判断"
3014,TRANSACTION,中,"疑似交易/服务通知，需人工确认"
3015,NEEDS_REVIEW,低,"无法明确归类，需人工判断"
3016,NEEDS_REVIEW,低,"无法明确归类，需人工判断"
3017,TRANSACTION,中,"疑似交易/服务通知，需人工确认"
3018,TRANSACTION,中,"疑似交易/服务通知，需人工确认"
3019,TRANSACTION,中,"疑似交易/服务通知，需人工确认"
3020,NEEDS_REVIEW,低,"无法明确归类，需人工判断"
3021,NEEDS_REVIEW,低,"无法明确归类，需人工判断"
3022,TRANSACTION,中,"疑似交易/服务通知，需人工确认"
3023,NEEDS_REVIEW,低,"无法明确归类，需人工判断"
3024,TRANSACTION,中,"疑似交易/服务通知，需人工确认"
3025,TRANSACTION,高,"包含明确的交易信息（金额/账单/到账/验证码）"
3026,NEEDS_REVIEW,低,"无法明确归类，需人工判断"
3027,AD,高,"包含多个广告特征"
3028,TRANSACTION,高,"包含明确的交易信息（金额/账单/到账/验证码）"
3029,TRANSACTION,高,"运营商服务通知（流量/余额/账单/来电提醒）"
3030,NEEDS_REVIEW,高,"政府/公益/公共服务信息，无商业推广"
3031,TRANSACTION,中,"疑似交易/服务通知，需人工确认"
3032,TRANSACTION,中,"疑似交易/服务通知，需人工确认"
3033,NEEDS_REVIEW,低,"无法明确归类，需人工判断"
3034,TRANSACTION,高,"包含明确的交易信息（金额/账单/到账/验证码）"
3035,TRANSACTION,中,"疑似交易/服务通知，需人工确认"
3036,NEEDS_REVIEW,低,"无法明确归类，需人工判断"
3037,TRANSACTION,中,"疑似交易/服务通知，需人工确认"
3038,TRANSACTION,中,"疑似交易/服务通知，需人工确认"
3039,TRANSACTION,高,"包含明确的交易信息（金额/账单/到账/验证码）"
3040,NEEDS_REVIEW,低,"无法明确归类，需人工判断"
3041,TRANSACTION,高,"包含明确的交易信息（金额/账单/到账/验证码）"
3042,NEEDS_REVIEW,低,"无法明确归类，需人工判断"
3043,TRANSACTION,中,"疑似交易/服务通知，需人工确认"
3044,TRANSACTION,高,"快递/物流服务通知"
3045,TRANSACTION,中,"疑似交易/服务通知，需人工确认"
3046,TRANSACTION,高,"运营商服务通知（流量/余额/账单/来电提醒）"
3047,TRANSACTION,高,"运营商服务通知（流量/余额/账单/来电提醒）"
3048,AD,中,"运营商营销推广"
3049,TRANSACTION,高,"运营商服务通知（流量/余额/账单/来电提醒）"
3050,NEEDS_REVIEW,高,"天气预报服务信息"
3051,TRANSACTION,中,"疑似交易/服务通知，需人工确认"
3052,TRANSACTION,高,"运营商服务通知（流量/余额/账单/来电提醒）"
3053,TRANSACTION,中,"疑似交易/服务通知，需人工确认"
3054,NEEDS_REVIEW,高,"政府/公益/公共服务信息，无商业推广"
3055,TRANSACTION,中,"疑似交易/服务通知，需人工确认"
3056,TRANSACTION,高,"包含明确的交易信息（金额/账单/到账/验证码）"
3057,AD,中,"医疗推广信息"
3058,TRANSACTION,中,"疑似交易/服务通知，需人工确认"
3059,TRANSACTION,高,"运营商服务通知（流量/余额/账单/来电提醒）"
3060,TRANSACTION,中,"疑似交易/服务通知，需人工确认"
3061,NEEDS_REVIEW,高,"政府/公益/公共服务信息，无商业推广"
3062,TRANSACTION,高,"快递/物流服务通知"
3063,TRANSACTION,高,"快递/物流服务通知"
3064,TRANSACTION,中,"疑似交易/服务通知，需人工确认"
3065,TRANSACTION,高,"包含明确的交易信息（金额/账单/到账/验证码）"
3066,NEEDS_REVIEW,低,"无法明确归类，需人工判断"
3067,AD,高,"包含多个广告特征"
3068,TRANSACTION,高,"包含明确的交易信息（金额/账单/到账/验证码）"
3069,NEEDS_REVIEW,低,"无法明确归类，需人工判断"
3070,NEEDS_REVIEW,高,"天气预报服务信息"
3071,AD,中,"运营商营销推广"
3072,AD,中,"运营商营销推广"
3073,TRANSACTION,高,"包含明确的交易信息（金额/账单/到账/验证码）"
3074,TRANSACTION,中,"疑似交易/服务通知，需人工确认"
3075,NEEDS_REVIEW,低,"无法明确归类，需人工判断"
3076,TRANSACTION,中,"疑似交易/服务通知，需人工确认"
3077,TRANSACTION,中,"疑似交易/服务通知，需人工确认"
3078,AD,中,"运营商营销推广"
3079,TRANSACTION,中,"疑似交易/服务通知，需人工确认"
3080,NEEDS_REVIEW,高,"天气预报服务信息"
3081,HARASS,高,"包含催收/威胁关键词"
3082,TRANSACTION,中,"疑似交易/服务通知，需人工确认"
3083,AD,中,"医疗推广信息"
3084,TRANSACTION,高,"快递/物流服务通知"
3085,TRANSACTION,中,"疑似交易/服务通知，需人工确认"
3086,TRANSACTION,中,"疑似交易/服务通知，需人工确认"
3087,NEEDS_REVIEW,低,"无法明确归类，需人工判断"
3088,NEEDS_REVIEW,低,"无法明确归类，需人工判断"
3089,TRANSACTION,高,"快递/物流服务通知"
3090,TRANSACTION,高,"保险/金融服务通知"
3091,NEEDS_REVIEW,低,"无法明确归类，需人工判断"
3092,NEEDS_REVIEW,低,"无法明确归类，需人工判断"
3093,NEEDS_REVIEW,低,"无法明确归类，需人工判断"
3094,TRANSACTION,高,"包含明确的交易信息（金额/账单/到账/验证码）"
3095,TRANSACTION,高,"运营商服务通知（流量/余额/账单/来电提醒）"
3096,TRANSACTION,高,"运营商服务通知（流量/余额/账单/来电提醒）"
3097,TRANSACTION,中,"疑似交易/服务通知，需人工确认"
3098,NEEDS_REVIEW,高,"政府/公益/公共服务信息，无商业推广"
3099,TRANSACTION,高,"运营商服务通知（流量/余额/账单/来电提醒）"
3100,TRANSACTION,中,"疑似交易/服务通知，需人工确认"
3101,NEEDS_REVIEW,中,"服务评价邀请，边界模糊"
3102,NEEDS_REVIEW,高,"天气预报服务信息"
3103,TRANSACTION,高,"包含明确的交易信息（金额/账单/到账/验证码）"
3104,NEEDS_REVIEW,低,"无法明确归类，需人工判断"
3105,AD,中,"医疗推广信息"
3106,NEEDS_REVIEW,高,"政府/公益/公共服务信息，无商业推广"
3107,TRANSACTION,中,"疑似交易/服务通知，需人工确认"
3108,AD,中,"医疗推广信息"
3109,NEEDS_REVIEW,低,"无法明确归类，需人工判断"
3110,NEEDS_REVIEW,低,"无法明确归类，需人工判断"
3111,AD,中,"医疗推广信息"
3112,TRANSACTION,中,"疑似交易/服务通知，需人工确认"
3113,TRANSACTION,高,"快递/物流服务通知"
3114,TRANSACTION,中,"疑似交易/服务通知，需人工确认"
3115,TRANSACTION,中,"疑似交易/服务通知，需人工确认"
3116,TRANSACTION,中,"疑似交易/服务通知，需人工确认"
3117,NEEDS_REVIEW,低,"无法明确归类，需人工判断"
3118,NEEDS_REVIEW,低,"无法明确归类，需人工判断"
3119,NEEDS_REVIEW,高,"政府/公益/公共服务信息，无商业推广"
3120,TRANSACTION,中,"疑似交易/服务通知，需人工确认"
3121,TRANSACTION,中,"疑似交易/服务通知，需人工确认"
3122,TRANSACTION,高,"快递/物流服务通知"
3123,TRANSACTION,中,"疑似交易/服务通知，需人工确认"
3124,TRANSACTION,高,"快递/物流服务通知"
3125,NEEDS_REVIEW,高,"政府/公益/公共服务信息，无商业推广"
3126,NEEDS_REVIEW,低,"无法明确归类，需人工判断"
3127,AD,高,"贷款产品推广广告"
3128,TRANSACTION,中,"疑似交易/服务通知，需人工确认"
3129,TRANSACTION,高,"保险/金融服务通知"
3130,NEEDS_REVIEW,低,"无法明确归类，需人工判断"
3131,TRANSACTION,高,"快递/物流服务通知"
3132,TRANSACTION,高,"运营商服务通知（流量/余额/账单/来电提醒）"
3133,NEEDS_REVIEW,中,"工作/业务通知，需人工判断"
3134,NEEDS_REVIEW,低,"无法明确归类，需人工判断"
3135,NEEDS_REVIEW,低,"无法明确归类，需人工判断"
3136,NEEDS_REVIEW,中,"服务评价邀请，边界模糊"
3137,AD,高,"包含多个广告特征"
3138,TRANSACTION,中,"疑似交易/服务通知，需人工确认"
3139,AD,中,"医疗推广信息"
3140,NEEDS_REVIEW,高,"政府/公益/公共服务信息，无商业推广"
3141,NEEDS_REVIEW,低,"无法明确归类，需人工判断"
3142,TRANSACTION,高,"运营商服务通知（流量/余额/账单/来电提醒）"
3143,TRANSACTION,中,"疑似交易/服务通知，需人工确认"
3144,TRANSACTION,中,"疑似交易/服务通知，需人工确认"
3145,TRANSACTION,高,"保险/金融服务通知"
3146,NEEDS_REVIEW,低,"无法明确归类，需人工判断"
3147,NEEDS_REVIEW,低,"无法明确归类，需人工判断"
3148,TRANSACTION,中,"疑似交易/服务通知，需人工确认"
3149,TRANSACTION,中,"疑似交易/服务通知，需人工确认"
3150,NEEDS_REVIEW,低,"无法明确归类，需人工判断"
3151,TRANSACTION,中,"疑似交易/服务通知，需人工确认"
3152,TRANSACTION,高,"包含明确的交易信息（金额/账单/到账/验证码）"
3153,TRANSACTION,中,"车辆服务通知"
3154,TRANSACTION,中,"疑似交易/服务通知，需人工确认"
3155,TRANSACTION,高,"运营商服务通知（流量/余额/账单/来电提醒）"
3156,TRANSACTION,高,"快递/物流服务通知"
3157,TRANSACTION,中,"疑似交易/服务通知，需人工确认"
3158,NEEDS_REVIEW,高,"政府/公益/公共服务信息，无商业推广"
3159,TRANSACTION,中,"疑似交易/服务通知，需人工确认"
3160,TRANSACTION,高,"运营商服务通知（流量/余额/账单/来电提醒）"
3161,TRANSACTION,高,"包含明确的交易信息（金额/账单/到账/验证码）"
3162,TRANSACTION,中,"疑似交易/服务通知，需人工确认"
3163,AD,中,"医疗推广信息"
3164,TRANSACTION,高,"快递/物流服务通知"
3165,NEEDS_REVIEW,低,"无法明确归类，需人工判断"
3166,NEEDS_REVIEW,低,"无法明确归类，需人工判断"
3167,AD,中,"医疗推广信息"
3168,NEEDS_REVIEW,低,"无法明确归类，需人工判断"
3169,TRANSACTION,中,"疑似交易/服务通知，需人工确认"
3170,TRANSACTION,高,"运营商服务通知（流量/余额/账单/来电提醒）"
3171,NEEDS_REVIEW,高,"天气预报服务信息"
3172,NEEDS_REVIEW,高,"政府/公益信息"
3173,TRANSACTION,中,"疑似交易/服务通知，需人工确认"
3174,AD,高,"产品营销广告"
3175,TRANSACTION,高,"运营商服务通知（流量/余额/账单/来电提醒）"
3176,TRANSACTION,高,"保险/金融服务通知"
3177,NEEDS_REVIEW,高,"政府/公益/公共服务信息，无商业推广"
3178,TRANSACTION,中,"疑似交易/服务通知，需人工确认"
3179,TRANSACTION,中,"疑似交易/服务通知，需人工确认"
3180,AD,中,"教育培训推广"
3181,TRANSACTION,中,"疑似交易/服务通知，需人工确认"
3182,NEEDS_REVIEW,高,"天气预报服务信息"
3183,TRANSACTION,高,"包含明确的交易信息（金额/账单/到账/验证码）"
3184,TRANSACTION,高,"快递/物流服务通知"
3185,AD,高,"产品营销广告"
3186,NEEDS_REVIEW,低,"无法明确归类，需人工判断"
3187,TRANSACTION,高,"包含明确的交易信息（金额/账单/到账/验证码）"
3188,AD,高,"包含多个广告特征"
3189,TRANSACTION,高,"快递/物流服务通知"
3190,TRANSACTION,中,"疑似交易/服务通知，需人工确认"
3191,NEEDS_REVIEW,低,"无法明确归类，需人工判断"
3192,NEEDS_REVIEW,高,"天气预报服务信息"
3193,TRANSACTION,中,"疑似交易/服务通知，需人工确认"
3194,TRANSACTION,中,"疑似交易/服务通知，需人工确认"
3195,HARASS,高,"包含催收/威胁关键词"
3196,TRANSACTION,高,"包含明确的交易信息（金额/账单/到账/验证码）"
3197,NEEDS_REVIEW,低,"无法明确归类，需人工判断"
3198,TRANSACTION,中,"疑似交易/服务通知，需人工确认"
3199,TRANSACTION,中,"疑似交易/服务通知，需人工确认"
3200,NEEDS_REVIEW,低,"无法明确归类，需人工判断"
3201,TRANSACTION,高,"运营商服务通知（流量/余额/账单/来电提醒）"
3202,TRANSACTION,高,"运营商服务通知（流量/余额/账单/来电提醒）"
3203,TRANSACTION,中,"疑似交易/服务通知，需人工确认"
3204,TRANSACTION,高,"包含明确的交易信息（金额/账单/到账/验证码）"
3205,TRANSACTION,中,"疑似交易/服务通知，需人工确认"
3206,TRANSACTION,中,"疑似交易/服务通知，需人工确认"
3207,HARASS,高,"包含催收/威胁关键词"
3208,NEEDS_REVIEW,中,"工作/业务通知，需人工判断"
3209,TRANSACTION,中,"疑似交易/服务通知，需人工确认"
3210,AD,中,"运营商营销推广"
3211,AD,高,"贷款产品推广广告"
3212,NEEDS_REVIEW,低,"无法明确归类，需人工判断"
3213,NEEDS_REVIEW,高,"政府/公益/公共服务信息，无商业推广"
3214,NEEDS_REVIEW,高,"天气预报服务信息"
3215,TRANSACTION,高,"运营商服务通知（流量/余额/账单/来电提醒）"
3216,NEEDS_REVIEW,低,"无法明确归类，需人工判断"
3217,NEEDS_REVIEW,低,"无法明确归类，需人工判断"
3218,TRANSACTION,中,"疑似交易/服务通知，需人工确认"
3219,NEEDS_REVIEW,低,"无法明确归类，需人工判断"
3220,TRANSACTION,高,"快递/物流服务通知"
3221,AD,中,"医疗推广信息"
3222,NEEDS_REVIEW,高,"政府/公益/公共服务信息，无商业推广"
3223,TRANSACTION,中,"疑似交易/服务通知，需人工确认"
3224,TRANSACTION,中,"疑似交易/服务通知，需人工确认"
3225,AD,高,"贷款产品推广广告"
3226,TRANSACTION,高,"包含明确的交易信息（金额/账单/到账/验证码）"
3227,NEEDS_REVIEW,低,"无法明确归类，需人工判断"
3228,TRANSACTION,高,"快递/物流服务通知"
3229,TRANSACTION,中,"疑似交易/服务通知，需人工确认"
3230,AD,高,"产品营销广告"
3231,TRANSACTION,中,"疑似交易/服务通知，需人工确认"
3232,TRANSACTION,高,"运营商服务通知（流量/余额/账单/来电提醒）"
3233,NEEDS_REVIEW,高,"天气预报服务信息"
3234,TRANSACTION,高,"快递/物流服务通知"
3235,HARASS,高,"包含催收/威胁关键词"
3236,NEEDS_REVIEW,高,"政府/公益/公共服务信息，无商业推广"
3237,AD,中,"运营商营销推广"
3238,NEEDS_REVIEW,高,"天气预报服务信息"
3239,NEEDS_REVIEW,低,"无法明确归类，需人工判断"
3240,TRANSACTION,高,"包含明确的交易信息（金额/账单/到账/验证码）"
3241,TRANSACTION,中,"疑似交易/服务通知，需人工确认"
3242,NEEDS_REVIEW,高,"政府/公益信息"
3243,NEEDS_REVIEW,高,"天气预报服务信息"
3244,NEEDS_REVIEW,低,"无法明确归类，需人工判断"
3245,TRANSACTION,高,"包含明确的交易信息（金额/账单/到账/验证码）"
3246,AD,中,"教育培训推广"
3247,TRANSACTION,中,"车辆服务通知"
3248,NEEDS_REVIEW,低,"无法明确归类，需人工判断"
3249,NEEDS_REVIEW,低,"无法明确归类，需人工判断"
3250,TRANSACTION,高,"包含明确的交易信息（金额/账单/到账/验证码）"
3251,HARASS,高,"包含催收/威胁关键词"
3252,AD,中,"运营商营销推广"
3253,TRANSACTION,高,"快递/物流服务通知"
3254,TRANSACTION,中,"疑似交易/服务通知，需人工确认"
3255,TRANSACTION,中,"疑似交易/服务通知，需人工确认"
3256,NEEDS_REVIEW,低,"无法明确归类，需人工判断"
3257,NEEDS_REVIEW,低,"无法明确归类，需人工判断"
3258,TRANSACTION,中,"疑似交易/服务通知，需人工确认"
3259,NEEDS_REVIEW,低,"无法明确归类，需人工判断"
3260,NEEDS_REVIEW,低,"无法明确归类，需人工判断"
3261,TRANSACTION,中,"疑似交易/服务通知，需人工确认"
3262,HARASS,高,"包含催收/威胁关键词"
3263,NEEDS_REVIEW,高,"天气预报服务信息"
3264,NEEDS_REVIEW,高,"天气预报服务信息"
3265,TRANSACTION,高,"包含明确的交易信息（金额/账单/到账/验证码）"
3266,TRANSACTION,高,"快递/物流服务通知"
3267,TRANSACTION,高,"包含明确的交易信息（金额/账单/到账/验证码）"
3268,TRANSACTION,中,"疑似交易/服务通知，需人工确认"
3269,NEEDS_REVIEW,高,"天气预报服务信息"
3270,TRANSACTION,高,"运营商服务通知（流量/余额/账单/来电提醒）"
3271,TRANSACTION,高,"包含明确的交易信息（金额/账单/到账/验证码）"
3272,NEEDS_REVIEW,低,"无法明确归类，需人工判断"
3273,NEEDS_REVIEW,低,"无法明确归类，需人工判断"
3274,NEEDS_REVIEW,低,"无法明确归类，需人工判断"
3275,NEEDS_REVIEW,高,"政府/公益/公共服务信息，无商业推广"
3276,TRANSACTION,高,"快递/物流服务通知"
3277,TRANSACTION,中,"疑似交易/服务通知，需人工确认"
3278,TRANSACTION,中,"疑似交易/服务通知，需人工确认"
3279,TRANSACTION,中,"疑似交易/服务通知，需人工确认"
3280,NEEDS_REVIEW,低,"无法明确归类，需人工判断"
3281,TRANSACTION,中,"疑似交易/服务通知，需人工确认"
3282,NEEDS_REVIEW,高,"天气预报服务信息"
3283,TRANSACTION,中,"疑似交易/服务通知，需人工确认"
3284,AD,中,"医疗推广信息"
3285,NEEDS_REVIEW,低,"无法明确归类，需人工判断"
3286,NEEDS_REVIEW,低,"无法明确归类，需人工判断"
3287,AD,高,"包含多个广告特征"
3288,TRANSACTION,中,"疑似交易/服务通知，需人工确认"
3289,TRANSACTION,中,"疑似交易/服务通知，需人工确认"
3290,NEEDS_REVIEW,低,"无法明确归类，需人工判断"
3291,TRANSACTION,中,"疑似交易/服务通知，需人工确认"
3292,TRANSACTION,高,"包含明确的交易信息（金额/账单/到账/验证码）"
3293,TRANSACTION,中,"疑似交易/服务通知，需人工确认"
3294,NEEDS_REVIEW,高,"政府/公益/公共服务信息，无商业推广"
3295,NEEDS_REVIEW,低,"无法明确归类，需人工判断"
3296,TRANSACTION,高,"快递/物流服务通知"
3297,TRANSACTION,中,"疑似交易/服务通知，需人工确认"
3298,NEEDS_REVIEW,低,"无法明确归类，需人工判断"
3299,TRANSACTION,中,"疑似交易/服务通知，需人工确认"
3300,TRANSACTION,高,"快递/物流服务通知"
3301,TRANSACTION,中,"疑似交易/服务通知，需人工确认"
3302,TRANSACTION,中,"疑似交易/服务通知，需人工确认"
3303,NEEDS_REVIEW,高,"天气预报服务信息"
3304,TRANSACTION,高,"包含明确的交易信息（金额/账单/到账/验证码）"
3305,NEEDS_REVIEW,低,"无法明确归类，需人工判断"
3306,NEEDS_REVIEW,低,"无法明确归类，需人工判断"
3307,NEEDS_REVIEW,低,"无法明确归类，需人工判断"
3308,TRANSACTION,中,"疑似交易/服务通知，需人工确认"
3309,TRANSACTION,中,"疑似交易/服务通知，需人工确认"
3310,NEEDS_REVIEW,低,"无法明确归类，需人工判断"
3311,TRANSACTION,中,"疑似交易/服务通知，需人工确认"
3312,NEEDS_REVIEW,高,"政府/公益信息"
3313,TRANSACTION,高,"快递/物流服务通知"
3314,TRANSACTION,高,"运营商服务通知（流量/余额/账单/来电提醒）"
3315,TRANSACTION,高,"运营商服务通知（流量/余额/账单/来电提醒）"
3316,TRANSACTION,中,"疑似交易/服务通知，需人工确认"
3317,HARASS,高,"匹配催收模式"
3318,AD,中,"运营商营销推广"
3319,NEEDS_REVIEW,高,"政府/公益信息"
3320,TRANSACTION,高,"运营商服务通知（流量/余额/账单/来电提醒）"
3321,NEEDS_REVIEW,低,"无法明确归类，需人工判断"
3322,TRANSACTION,高,"运营商服务通知（流量/余额/账单/来电提醒）"
3323,AD,中,"运营商营销推广"
3324,HARASS,高,"包含催收/威胁关键词"
3325,TRANSACTION,中,"疑似交易/服务通知，需人工确认"
3326,TRANSACTION,高,"运营商服务通知（流量/余额/账单/来电提醒）"
3327,TRANSACTION,中,"疑似交易/服务通知，需人工确认"
3328,TRANSACTION,高,"运营商服务通知（流量/余额/账单/来电提醒）"
3329,TRANSACTION,高,"包含明确的交易信息（金额/账单/到账/验证码）"
3330,TRANSACTION,高,"快递/物流服务通知"
3331,NEEDS_REVIEW,低,"无法明确归类，需人工判断"
3332,TRANSACTION,中,"疑似交易/服务通知，需人工确认"
3333,TRANSACTION,高,"运营商服务通知（流量/余额/账单/来电提醒）"
3334,TRANSACTION,中,"疑似交易/服务通知，需人工确认"
3335,NEEDS_REVIEW,低,"无法明确归类，需人工判断"
3336,NEEDS_REVIEW,高,"天气预报服务信息"
3337,NEEDS_REVIEW,低,"无法明确归类，需人工判断"
3338,NEEDS_REVIEW,低,"无法明确归类，需人工判断"
3339,TRANSACTION,中,"疑似交易/服务通知，需人工确认"
3340,HARASS,高,"包含催收/威胁关键词"
3341,TRANSACTION,中,"疑似交易/服务通知，需人工确认"
3342,NEEDS_REVIEW,高,"天气预报服务信息"
3343,NEEDS_REVIEW,低,"无法明确归类，需人工判断"
3344,NEEDS_REVIEW,低,"无法明确归类，需人工判断"
3345,TRANSACTION,高,"运营商服务通知（流量/余额/账单/来电提醒）"
3346,TRANSACTION,中,"疑似交易/服务通知，需人工确认"
3347,TRANSACTION,中,"疑似交易/服务通知，需人工确认"
3348,NEEDS_REVIEW,低,"无法明确归类，需人工判断"
3349,NEEDS_REVIEW,高,"政府/公益/公共服务信息，无商业推广"
3350,NEEDS_REVIEW,高,"天气预报服务信息"
3351,TRANSACTION,高,"运营商服务通知（流量/余额/账单/来电提醒）"
3352,TRANSACTION,中,"疑似交易/服务通知，需人工确认"
3353,NEEDS_REVIEW,高,"政府/公益/公共服务信息，无商业推广"
3354,TRANSACTION,高,"运营商服务通知（流量/余额/账单/来电提醒）"
3355,TRANSACTION,中,"疑似交易/服务通知，需人工确认"
3356,TRANSACTION,高,"包含明确的交易信息（金额/账单/到账/验证码）"
3357,NEEDS_REVIEW,低,"无法明确归类，需人工判断"
3358,NEEDS_REVIEW,高,"政府/公益/公共服务信息，无商业推广"
3359,HARASS,高,"匹配催收模式"
3360,TRANSACTION,高,"运营商服务通知（流量/余额/账单/来电提醒）"
3361,TRANSACTION,高,"运营商服务通知（流量/余额/账单/来电提醒）"
3362,TRANSACTION,高,"包含明确的交易信息（金额/账单/到账/验证码）"
3363,NEEDS_REVIEW,高,"天气预报服务信息"
3364,TRANSACTION,中,"疑似交易/服务通知，需人工确认"
3365,TRANSACTION,高,"运营商服务通知（流量/余额/账单/来电提醒）"
3366,TRANSACTION,高,"包含明确的交易信息（金额/账单/到账/验证码）"
3367,AD,高,"产品营销广告"
3368,TRANSACTION,中,"疑似交易/服务通知，需人工确认"
3369,NEEDS_REVIEW,低,"无法明确归类，需人工判断"
3370,NEEDS_REVIEW,低,"无法明确归类，需人工判断"
3371,TRANSACTION,中,"疑似交易/服务通知，需人工确认"
3372,NEEDS_REVIEW,低,"无法明确归类，需人工判断"
3373,NEEDS_REVIEW,低,"无法明确归类，需人工判断"
3374,TRANSACTION,中,"疑似交易/服务通知，需人工确认"
3375,AD,高,"产品营销广告"
3376,NEEDS_REVIEW,低,"无法明确归类，需人工判断"
3377,NEEDS_REVIEW,低,"无法明确归类，需人工判断"
3378,AD,高,"包含多个广告特征"
3379,TRANSACTION,中,"疑似交易/服务通知，需人工确认"
3380,NEEDS_REVIEW,低,"无法明确归类，需人工判断"
3381,AD,中,"医疗推广信息"
3382,AD,中,"医疗推广信息"
3383,NEEDS_REVIEW,低,"无法明确归类，需人工判断"
3384,AD,中,"运营商营销推广"
3385,AD,中,"医疗推广信息"
3386,NEEDS_REVIEW,低,"无法明确归类，需人工判断"
3387,TRANSACTION,中,"疑似交易/服务通知，需人工确认"
3388,NEEDS_REVIEW,高,"天气预报服务信息"
3389,NEEDS_REVIEW,高,"政府/公益/公共服务信息，无商业推广"
3390,TRANSACTION,中,"疑似交易/服务通知，需人工确认"
3391,NEEDS_REVIEW,高,"政府/公益信息"
3392,TRANSACTION,中,"疑似交易/服务通知，需人工确认"
3393,NEEDS_REVIEW,低,"无法明确归类，需人工判断"
3394,TRANSACTION,中,"疑似交易/服务通知，需人工确认"
3395,TRANSACTION,中,"疑似交易/服务通知，需人工确认"
3396,TRANSACTION,高,"运营商服务通知（流量/余额/账单/来电提醒）"
3397,TRANSACTION,中,"疑似交易/服务通知，需人工确认"
3398,TRANSACTION,中,"疑似交易/服务通知，需人工确认"
3399,TRANSACTION,中,"疑似交易/服务通知，需人工确认"
3400,NEEDS_REVIEW,高,"天气预报服务信息"
3401,AD,中,"运营商营销推广"
3402,NEEDS_REVIEW,低,"无法明确归类，需人工判断"
3403,TRANSACTION,中,"疑似交易/服务通知，需人工确认"
3404,TRANSACTION,高,"快递/物流服务通知"
3405,TRANSACTION,高,"运营商服务通知（流量/余额/账单/来电提醒）"
3406,NEEDS_REVIEW,高,"政府/公益/公共服务信息，无商业推广"
3407,AD,高,"贷款产品推广广告"
3408,TRANSACTION,中,"疑似交易/服务通知，需人工确认"
3409,NEEDS_REVIEW,低,"无法明确归类，需人工判断"
3410,TRANSACTION,中,"疑似交易/服务通知，需人工确认"
3411,NEEDS_REVIEW,低,"无法明确归类，需人工判断"
3412,NEEDS_REVIEW,低,"无法明确归类，需人工判断"
3413,AD,中,"运营商营销推广"
3414,NEEDS_REVIEW,低,"无法明确归类，需人工判断"
3415,TRANSACTION,高,"包含明确的交易信息（金额/账单/到账/验证码）"
3416,TRANSACTION,高,"包含明确的交易信息（金额/账单/到账/验证码）"
3417,TRANSACTION,中,"疑似交易/服务通知，需人工确认"
3418,AD,高,"贷款产品推广广告"
3419,NEEDS_REVIEW,中,"工作/业务通知，需人工判断"
3420,HARASS,高,"包含催收/威胁关键词"
3421,TRANSACTION,高,"运营商服务通知（流量/余额/账单/来电提醒）"
3422,NEEDS_REVIEW,低,"无法明确归类，需人工判断"
3423,TRANSACTION,高,"运营商服务通知（流量/余额/账单/来电提醒）"
3424,TRANSACTION,高,"保险/金融服务通知"
3425,TRANSACTION,高,"包含明确的交易信息（金额/账单/到账/验证码）"
3426,TRANSACTION,中,"疑似交易/服务通知，需人工确认"
3427,TRANSACTION,高,"运营商服务通知（流量/余额/账单/来电提醒）"
3428,TRANSACTION,高,"包含明确的交易信息（金额/账单/到账/验证码）"
3429,AD,中,"医疗推广信息"
3430,AD,中,"运营商营销推广"
3431,TRANSACTION,中,"疑似交易/服务通知，需人工确认"
3432,NEEDS_REVIEW,中,"工作/业务通知，需人工判断"
3433,TRANSACTION,中,"疑似交易/服务通知，需人工确认"
3434,TRANSACTION,高,"包含明确的交易信息（金额/账单/到账/验证码）"
3435,TRANSACTION,高,"运营商服务通知（流量/余额/账单/来电提醒）"
3436,TRANSACTION,高,"快递/物流服务通知"
3437,TRANSACTION,高,"运营商服务通知（流量/余额/账单/来电提醒）"
3438,TRANSACTION,高,"运营商服务通知（流量/余额/账单/来电提醒）"
3439,NEEDS_REVIEW,高,"政府/公益/公共服务信息，无商业推广"
3440,TRANSACTION,高,"快递/物流服务通知"
3441,TRANSACTION,高,"快递/物流服务通知"
3442,NEEDS_REVIEW,低,"无法明确归类，需人工判断"
3443,TRANSACTION,中,"疑似交易/服务通知，需人工确认"
3444,TRANSACTION,高,"运营商服务通知（流量/余额/账单/来电提醒）"
3445,NEEDS_REVIEW,高,"政府/公益/公共服务信息，无商业推广"
3446,TRANSACTION,高,"运营商服务通知（流量/余额/账单/来电提醒）"
3447,AD,中,"运营商营销推广"
3448,TRANSACTION,中,"疑似交易/服务通知，需人工确认"
3449,NEEDS_REVIEW,低,"无法明确归类，需人工判断"
3450,NEEDS_REVIEW,低,"无法明确归类，需人工判断"
3451,TRANSACTION,中,"疑似交易/服务通知，需人工确认"
3452,TRANSACTION,高,"快递/物流服务通知"
3453,TRANSACTION,高,"包含明确的交易信息（金额/账单/到账/验证码）"
3454,TRANSACTION,中,"疑似交易/服务通知，需人工确认"
3455,TRANSACTION,高,"包含明确的交易信息（金额/账单/到账/验证码）"
3456,NEEDS_REVIEW,低,"无法明确归类，需人工判断"
3457,NEEDS_REVIEW,高,"政府/公益/公共服务信息，无商业推广"
3458,TRANSACTION,中,"疑似交易/服务通知，需人工确认"
3459,AD,中,"医疗推广信息"
3460,AD,中,"运营商营销推广"
3461,TRANSACTION,高,"快递/物流服务通知"
3462,TRANSACTION,中,"疑似交易/服务通知，需人工确认"
3463,TRANSACTION,高,"保险/金融服务通知"
3464,TRANSACTION,高,"运营商服务通知（流量/余额/账单/来电提醒）"
3465,TRANSACTION,高,"包含明确的交易信息（金额/账单/到账/验证码）"
3466,NEEDS_REVIEW,低,"无法明确归类，需人工判断"
3467,TRANSACTION,中,"疑似交易/服务通知，需人工确认"
3468,TRANSACTION,高,"包含明确的交易信息（金额/账单/到账/验证码）"
3469,TRANSACTION,高,"快递/物流服务通知"
3470,TRANSACTION,高,"包含明确的交易信息（金额/账单/到账/验证码）"
3471,TRANSACTION,高,"包含明确的交易信息（金额/账单/到账/验证码）"
3472,NEEDS_REVIEW,低,"无法明确归类，需人工判断"
3473,AD,中,"运营商营销推广"
3474,TRANSACTION,高,"运营商服务通知（流量/余额/账单/来电提醒）"
3475,NEEDS_REVIEW,低,"无法明确归类，需人工判断"
3476,HARASS,高,"包含催收/威胁关键词"
3477,TRANSACTION,高,"包含明确的交易信息（金额/账单/到账/验证码）"
3478,NEEDS_REVIEW,高,"天气预报服务信息"
3479,TRANSACTION,高,"快递/物流服务通知"
3480,TRANSACTION,高,"运营商服务通知（流量/余额/账单/来电提醒）"
3481,TRANSACTION,中,"疑似交易/服务通知，需人工确认"
3482,NEEDS_REVIEW,低,"无法明确归类，需人工判断"
3483,TRANSACTION,高,"运营商服务通知（流量/余额/账单/来电提醒）"
3484,TRANSACTION,高,"运营商服务通知（流量/余额/账单/来电提醒）"
3485,TRANSACTION,中,"疑似交易/服务通知，需人工确认"
3486,AD,中,"医疗推广信息"
3487,TRANSACTION,高,"运营商服务通知（流量/余额/账单/来电提醒）"
3488,TRANSACTION,中,"疑似交易/服务通知，需人工确认"
3489,NEEDS_REVIEW,低,"无法明确归类，需人工判断"
3490,AD,中,"运营商营销推广"
3491,TRANSACTION,中,"疑似交易/服务通知，需人工确认"
3492,NEEDS_REVIEW,低,"无法明确归类，需人工判断"
3493,TRANSACTION,中,"疑似交易/服务通知，需人工确认"
3494,TRANSACTION,中,"疑似交易/服务通知，需人工确认"
3495,TRANSACTION,中,"疑似交易/服务通知，需人工确认"
3496,NEEDS_REVIEW,低,"无法明确归类，需人工判断"
3497,NEEDS_REVIEW,高,"政府/公益信息"
3498,NEEDS_REVIEW,低,"无法明确归类，需人工判断"
3499,AD,中,"运营商营销推广"
3500,TRANSACTION,中,"疑似交易/服务通知，需人工确认"
3501,TRANSACTION,高,"快递/物流服务通知"
3502,TRANSACTION,高,"运营商服务通知（流量/余额/账单/来电提醒）"
3503,TRANSACTION,高,"运营商服务通知（流量/余额/账单/来电提醒）"
3504,TRANSACTION,高,"运营商服务通知（流量/余额/账单/来电提醒）"
3505,TRANSACTION,中,"疑似交易/服务通知，需人工确认"
3506,TRANSACTION,中,"疑似交易/服务通知，需人工确认"
3507,TRANSACTION,高,"包含明确的交易信息（金额/账单/到账/验证码）"
3508,TRANSACTION,高,"包含明确的交易信息（金额/账单/到账/验证码）"
3509,TRANSACTION,高,"快递/物流服务通知"
3510,TRANSACTION,高,"运营商服务通知（流量/余额/账单/来电提醒）"
3511,TRANSACTION,中,"疑似交易/服务通知，需人工确认"
3512,TRANSACTION,中,"疑似交易/服务通知，需人工确认"
3513,TRANSACTION,中,"疑似交易/服务通知，需人工确认"
3514,TRANSACTION,中,"疑似交易/服务通知，需人工确认"
3515,TRANSACTION,高,"运营商服务通知（流量/余额/账单/来电提醒）"
3516,TRANSACTION,高,"快递/物流服务通知"
3517,TRANSACTION,高,"包含明确的交易信息（金额/账单/到账/验证码）"
3518,NEEDS_REVIEW,低,"无法明确归类，需人工判断"
3519,TRANSACTION,高,"包含明确的交易信息（金额/账单/到账/验证码）"
3520,TRANSACTION,中,"疑似交易/服务通知，需人工确认"
3521,NEEDS_REVIEW,低,"无法明确归类，需人工判断"
3522,TRANSACTION,中,"疑似交易/服务通知，需人工确认"
3523,NEEDS_REVIEW,高,"天气预报服务信息"
3524,TRANSACTION,高,"运营商服务通知（流量/余额/账单/来电提醒）"
3525,TRANSACTION,高,"包含明确的交易信息（金额/账单/到账/验证码）"
3526,NEEDS_REVIEW,高,"天气预报服务信息"
3527,TRANSACTION,中,"疑似交易/服务通知，需人工确认"
3528,TRANSACTION,高,"运营商服务通知（流量/余额/账单/来电提醒）"
3529,AD,中,"运营商营销推广"
3530,NEEDS_REVIEW,高,"政府/公益信息"
3531,NEEDS_REVIEW,高,"政府/公益/公共服务信息，无商业推广"
3532,AD,高,"包含多个广告特征"
3533,TRANSACTION,中,"疑似交易/服务通知，需人工确认"
3534,NEEDS_REVIEW,低,"无法明确归类，需人工判断"
3535,TRANSACTION,高,"包含明确的交易信息（金额/账单/到账/验证码）"
3536,TRANSACTION,中,"疑似交易/服务通知，需人工确认"
3537,TRANSACTION,高,"运营商服务通知（流量/余额/账单/来电提醒）"
3538,AD,中,"运营商营销推广"
3539,NEEDS_REVIEW,低,"无法明确归类，需人工判断"
3540,TRANSACTION,中,"疑似交易/服务通知，需人工确认"
3541,AD,中,"运营商营销推广"
3542,TRANSACTION,中,"疑似交易/服务通知，需人工确认"
3543,TRANSACTION,中,"疑似交易/服务通知，需人工确认"
3544,TRANSACTION,高,"运营商服务通知（流量/余额/账单/来电提醒）"
3545,NEEDS_REVIEW,低,"无法明确归类，需人工判断"
3546,AD,中,"医疗推广信息"
3547,HARASS,高,"包含催收/威胁关键词"
3548,TRANSACTION,中,"疑似交易/服务通知，需人工确认"
3549,NEEDS_REVIEW,低,"无法明确归类，需人工判断"
3550,TRANSACTION,中,"疑似交易/服务通知，需人工确认"
3551,TRANSACTION,中,"疑似交易/服务通知，需人工确认"
3552,TRANSACTION,高,"运营商服务通知（流量/余额/账单/来电提醒）"
3553,TRANSACTION,高,"快递/物流服务通知"
3554,TRANSACTION,高,"包含明确的交易信息（金额/账单/到账/验证码）"
3555,TRANSACTION,高,"快递/物流服务通知"
3556,NEEDS_REVIEW,低,"无法明确归类，需人工判断"
3557,TRANSACTION,中,"疑似交易/服务通知，需人工确认"
3558,TRANSACTION,中,"疑似交易/服务通知，需人工确认"
3559,AD,高,"包含多个广告特征"
3560,NEEDS_REVIEW,高,"政府/公益/公共服务信息，无商业推广"
3561,NEEDS_REVIEW,低,"无法明确归类，需人工判断"
3562,TRANSACTION,高,"包含明确的交易信息（金额/账单/到账/验证码）"
3563,NEEDS_REVIEW,低,"无法明确归类，需人工判断"
3564,NEEDS_REVIEW,低,"无法明确归类，需人工判断"
3565,TRANSACTION,高,"保险/金融服务通知"
3566,NEEDS_REVIEW,低,"无法明确归类，需人工判断"
3567,AD,中,"医疗推广信息"
3568,TRANSACTION,高,"快递/物流服务通知"
3569,TRANSACTION,高,"保险/金融服务通知"
3570,TRANSACTION,高,"包含明确的交易信息（金额/账单/到账/验证码）"
3571,NEEDS_REVIEW,高,"政府/公益/公共服务信息，无商业推广"
3572,TRANSACTION,中,"疑似交易/服务通知，需人工确认"
3573,NEEDS_REVIEW,低,"无法明确归类，需人工判断"
3574,TRANSACTION,中,"疑似交易/服务通知，需人工确认"
3575,TRANSACTION,高,"包含明确的交易信息（金额/账单/到账/验证码）"
3576,HARASS,高,"包含催收/威胁关键词"
3577,AD,中,"运营商营销推广"
3578,NEEDS_REVIEW,低,"无法明确归类，需人工判断"
3579,TRANSACTION,高,"运营商服务通知（流量/余额/账单/来电提醒）"
3580,TRANSACTION,高,"运营商服务通知（流量/余额/账单/来电提醒）"
3581,TRANSACTION,中,"疑似交易/服务通知，需人工确认"
3582,NEEDS_REVIEW,低,"无法明确归类，需人工判断"
3583,NEEDS_REVIEW,低,"无法明确归类，需人工判断"
3584,TRANSACTION,中,"疑似交易/服务通知，需人工确认"
3585,NEEDS_REVIEW,高,"天气预报服务信息"
3586,TRANSACTION,中,"疑似交易/服务通知，需人工确认"
3587,NEEDS_REVIEW,高,"天气预报服务信息"
3588,TRANSACTION,中,"疑似交易/服务通知，需人工确认"
3589,AD,中,"运营商营销推广"
3590,TRANSACTION,中,"疑似交易/服务通知，需人工确认"
3591,TRANSACTION,高,"快递/物流服务通知"
3592,TRANSACTION,高,"快递/物流服务通知"
3593,TRANSACTION,高,"包含明确的交易信息（金额/账单/到账/验证码）"
3594,AD,中,"运营商营销推广"
3595,NEEDS_REVIEW,低,"无法明确归类，需人工判断"
3596,NEEDS_REVIEW,低,"无法明确归类，需人工判断"
3597,TRANSACTION,高,"包含明确的交易信息（金额/账单/到账/验证码）"
3598,TRANSACTION,高,"包含明确的交易信息（金额/账单/到账/验证码）"
3599,NEEDS_REVIEW,低,"无法明确归类，需人工判断"
3600,AD,高,"包含多个广告特征"
3601,TRANSACTION,高,"运营商服务通知（流量/余额/账单/来电提醒）"
3602,TRANSACTION,高,"包含明确的交易信息（金额/账单/到账/验证码）"
3603,AD,高,"包含多个广告特征"
3604,TRANSACTION,高,"运营商服务通知（流量/余额/账单/来电提醒）"
3605,NEEDS_REVIEW,中,"工作/业务通知，需人工判断"
3606,AD,中,"教育培训推广"
3607,AD,中,"运营商营销推广"
3608,AD,中,"运营商营销推广"
3609,NEEDS_REVIEW,高,"政府/公益信息"
3610,TRANSACTION,中,"疑似交易/服务通知，需人工确认"
3611,TRANSACTION,中,"疑似交易/服务通知，需人工确认"
3612,AD,高,"贷款产品推广广告"
3613,TRANSACTION,高,"运营商服务通知（流量/余额/账单/来电提醒）"
3614,TRANSACTION,高,"包含明确的交易信息（金额/账单/到账/验证码）"
3615,NEEDS_REVIEW,低,"无法明确归类，需人工判断"
3616,NEEDS_REVIEW,高,"政府/公益/公共服务信息，无商业推广"
3617,NEEDS_REVIEW,低,"无法明确归类，需人工判断"
3618,TRANSACTION,中,"疑似交易/服务通知，需人工确认"
3619,TRANSACTION,中,"疑似交易/服务通知，需人工确认"
3620,TRANSACTION,中,"疑似交易/服务通知，需人工确认"
3621,NEEDS_REVIEW,低,"无法明确归类，需人工判断"
3622,TRANSACTION,高,"快递/物流服务通知"
3623,TRANSACTION,高,"运营商服务通知（流量/余额/账单/来电提醒）"
3624,TRANSACTION,高,"包含明确的交易信息（金额/账单/到账/验证码）"
3625,HARASS,高,"匹配催收模式"
3626,TRANSACTION,高,"包含明确的交易信息（金额/账单/到账/验证码）"
3627,NEEDS_REVIEW,中,"工作/业务通知，需人工判断"
3628,TRANSACTION,中,"疑似交易/服务通知，需人工确认"
3629,NEEDS_REVIEW,低,"无法明确归类，需人工判断"
3630,AD,中,"教育培训推广"
3631,TRANSACTION,高,"保险/金融服务通知"
3632,NEEDS_REVIEW,低,"无法明确归类，需人工判断"
3633,NEEDS_REVIEW,高,"天气预报服务信息"
3634,TRANSACTION,高,"运营商服务通知（流量/余额/账单/来电提醒）"
3635,TRANSACTION,高,"包含明确的交易信息（金额/账单/到账/验证码）"
3636,NEEDS_REVIEW,高,"政府/公益信息"
3637,TRANSACTION,高,"保险/金融服务通知"
3638,TRANSACTION,高,"运营商服务通知（流量/余额/账单/来电提醒）"
3639,TRANSACTION,中,"疑似交易/服务通知，需人工确认"
3640,TRANSACTION,高,"包含明确的交易信息（金额/账单/到账/验证码）"
3641,TRANSACTION,高,"运营商服务通知（流量/余额/账单/来电提醒）"
3642,NEEDS_REVIEW,高,"天气预报服务信息"
3643,TRANSACTION,中,"疑似交易/服务通知，需人工确认"
3644,AD,高,"贷款产品推广广告"
3645,TRANSACTION,中,"疑似交易/服务通知，需人工确认"
3646,TRANSACTION,中,"疑似交易/服务通知，需人工确认"
3647,NEEDS_REVIEW,高,"政府/公益/公共服务信息，无商业推广"
3648,TRANSACTION,中,"疑似交易/服务通知，需人工确认"
3649,TRANSACTION,高,"运营商服务通知（流量/余额/账单/来电提醒）"
3650,TRANSACTION,高,"快递/物流服务通知"
3651,TRANSACTION,中,"疑似交易/服务通知，需人工确认"
3652,NEEDS_REVIEW,低,"无法明确归类，需人工判断"
3653,TRANSACTION,高,"运营商服务通知（流量/余额/账单/来电提醒）"
3654,NEEDS_REVIEW,高,"天气预报服务信息"
3655,TRANSACTION,中,"疑似交易/服务通知，需人工确认"
3656,NEEDS_REVIEW,低,"无法明确归类，需人工判断"
3657,NEEDS_REVIEW,低,"无法明确归类，需人工判断"
3658,TRANSACTION,中,"疑似交易/服务通知，需人工确认"
3659,NEEDS_REVIEW,低,"无法明确归类，需人工判断"
3660,AD,中,"运营商营销推广"
3661,NEEDS_REVIEW,低,"无法明确归类，需人工判断"
3662,TRANSACTION,高,"快递/物流服务通知"
3663,TRANSACTION,中,"疑似交易/服务通知，需人工确认"
3664,NEEDS_REVIEW,高,"政府/公益信息"
3665,TRANSACTION,高,"快递/物流服务通知"
3666,NEEDS_REVIEW,低,"无法明确归类，需人工判断"
3667,TRANSACTION,高,"包含明确的交易信息（金额/账单/到账/验证码）"
3668,TRANSACTION,中,"疑似交易/服务通知，需人工确认"
3669,NEEDS_REVIEW,低,"无法明确归类，需人工判断"
3670,AD,中,"运营商营销推广"
3671,AD,中,"医疗推广信息"
3672,NEEDS_REVIEW,高,"天气预报服务信息"
3673,TRANSACTION,高,"快递/物流服务通知"
3674,NEEDS_REVIEW,低,"无法明确归类，需人工判断"
3675,AD,中,"运营商营销推广"
3676,TRANSACTION,中,"疑似交易/服务通知，需人工确认"
3677,AD,中,"运营商营销推广"
3678,TRANSACTION,高,"运营商服务通知（流量/余额/账单/来电提醒）"
3679,NEEDS_REVIEW,低,"无法明确归类，需人工判断"
3680,NEEDS_REVIEW,高,"天气预报服务信息"
3681,TRANSACTION,高,"包含明确的交易信息（金额/账单/到账/验证码）"
3682,HARASS,高,"包含催收/威胁关键词"
3683,NEEDS_REVIEW,低,"无法明确归类，需人工判断"
3684,TRANSACTION,中,"疑似交易/服务通知，需人工确认"
3685,NEEDS_REVIEW,高,"天气预报服务信息"
3686,TRANSACTION,高,"快递/物流服务通知"
3687,TRANSACTION,高,"快递/物流服务通知"
3688,AD,高,"贷款产品推广广告"
3689,TRANSACTION,中,"疑似交易/服务通知，需人工确认"
3690,TRANSACTION,中,"疑似交易/服务通知，需人工确认"
3691,TRANSACTION,高,"运营商服务通知（流量/余额/账单/来电提醒）"
3692,NEEDS_REVIEW,低,"无法明确归类，需人工判断"
3693,NEEDS_REVIEW,低,"无法明确归类，需人工判断"
3694,TRANSACTION,高,"包含明确的交易信息（金额/账单/到账/验证码）"
3695,TRANSACTION,中,"疑似交易/服务通知，需人工确认"
3696,AD,中,"运营商营销推广"
3697,TRANSACTION,高,"保险/金融服务通知"
3698,AD,中,"教育培训推广"
3699,NEEDS_REVIEW,低,"无法明确归类，需人工判断"
3700,TRANSACTION,高,"包含明确的交易信息（金额/账单/到账/验证码）"
3701,NEEDS_REVIEW,低,"无法明确归类，需人工判断"
3702,TRANSACTION,高,"运营商服务通知（流量/余额/账单/来电提醒）"
3703,NEEDS_REVIEW,中,"工作/业务通知，需人工判断"
3704,NEEDS_REVIEW,低,"无法明确归类，需人工判断"
3705,TRANSACTION,高,"包含明确的交易信息（金额/账单/到账/验证码）"
3706,TRANSACTION,高,"包含明确的交易信息（金额/账单/到账/验证码）"
3707,TRANSACTION,高,"运营商服务通知（流量/余额/账单/来电提醒）"
3708,NEEDS_REVIEW,高,"天气预报服务信息"
3709,TRANSACTION,高,"运营商服务通知（流量/余额/账单/来电提醒）"
3710,AD,中,"运营商营销推广"
3711,NEEDS_REVIEW,高,"政府/公益信息"
3712,AD,中,"运营商营销推广"
3713,TRANSACTION,高,"快递/物流服务通知"
3714,TRANSACTION,中,"疑似交易/服务通知，需人工确认"
3715,AD,中,"运营商营销推广"
3716,NEEDS_REVIEW,低,"无法明确归类，需人工判断"
3717,TRANSACTION,高,"保险/金融服务通知"
3718,NEEDS_REVIEW,高,"政府/公益/公共服务信息，无商业推广"
3719,TRANSACTION,中,"疑似交易/服务通知，需人工确认"
3720,TRANSACTION,中,"疑似交易/服务通知，需人工确认"
3721,TRANSACTION,高,"运营商服务通知（流量/余额/账单/来电提醒）"
3722,TRANSACTION,中,"疑似交易/服务通知，需人工确认"
3723,TRANSACTION,中,"疑似交易/服务通知，需人工确认"
3724,NEEDS_REVIEW,高,"天气预报服务信息"
3725,TRANSACTION,高,"包含明确的交易信息（金额/账单/到账/验证码）"
3726,NEEDS_REVIEW,低,"无法明确归类，需人工判断"
3727,AD,高,"包含多个广告特征"
3728,TRANSACTION,高,"运营商服务通知（流量/余额/账单/来电提醒）"
3729,TRANSACTION,高,"保险/金融服务通知"
3730,TRANSACTION,高,"快递/物流服务通知"
3731,TRANSACTION,高,"快递/物流服务通知"
3732,TRANSACTION,高,"包含明确的交易信息（金额/账单/到账/验证码）"
3733,TRANSACTION,中,"疑似交易/服务通知，需人工确认"
3734,NEEDS_REVIEW,高,"政府/公益/公共服务信息，无商业推广"
3735,NEEDS_REVIEW,低,"无法明确归类，需人工判断"
3736,NEEDS_REVIEW,低,"无法明确归类，需人工判断"
3737,TRANSACTION,中,"疑似交易/服务通知，需人工确认"
3738,TRANSACTION,中,"疑似交易/服务通知，需人工确认"
3739,NEEDS_REVIEW,低,"无法明确归类，需人工判断"
3740,AD,高,"包含多个广告特征"
3741,TRANSACTION,高,"运营商服务通知（流量/余额/账单/来电提醒）"
3742,TRANSACTION,高,"包含明确的交易信息（金额/账单/到账/验证码）"
3743,NEEDS_REVIEW,低,"无法明确归类，需人工判断"
3744,TRANSACTION,高,"快递/物流服务通知"
3745,TRANSACTION,高,"运营商服务通知（流量/余额/账单/来电提醒）"
3746,TRANSACTION,高,"包含明确的交易信息（金额/账单/到账/验证码）"
3747,AD,高,"包含多个广告特征"
3748,NEEDS_REVIEW,低,"无法明确归类，需人工判断"
3749,TRANSACTION,中,"疑似交易/服务通知，需人工确认"
3750,HARASS,高,"包含催收/威胁关键词"
3751,NEEDS_REVIEW,低,"无法明确归类，需人工判断"
3752,NEEDS_REVIEW,高,"政府/公益/公共服务信息，无商业推广"
3753,AD,中,"医疗推广信息"
3754,AD,中,"运营商营销推广"
3755,AD,中,"医疗推广信息"
3756,NEEDS_REVIEW,高,"政府/公益/公共服务信息，无商业推广"
3757,TRANSACTION,中,"疑似交易/服务通知，需人工确认"
3758,TRANSACTION,高,"包含明确的交易信息（金额/账单/到账/验证码）"
3759,TRANSACTION,高,"运营商服务通知（流量/余额/账单/来电提醒）"
3760,NEEDS_REVIEW,高,"政府/公益/公共服务信息，无商业推广"
3761,TRANSACTION,高,"运营商服务通知（流量/余额/账单/来电提醒）"
3762,NEEDS_REVIEW,低,"无法明确归类，需人工判断"
3763,NEEDS_REVIEW,低,"无法明确归类，需人工判断"
3764,NEEDS_REVIEW,高,"政府/公益/公共服务信息，无商业推广"
3765,TRANSACTION,中,"疑似交易/服务通知，需人工确认"
3766,TRANSACTION,中,"疑似交易/服务通知，需人工确认"
3767,TRANSACTION,中,"疑似交易/服务通知，需人工确认"
3768,NEEDS_REVIEW,低,"无法明确归类，需人工判断"
3769,TRANSACTION,中,"疑似交易/服务通知，需人工确认"
3770,NEEDS_REVIEW,高,"天气预报服务信息"
3771,NEEDS_REVIEW,高,"政府/公益/公共服务信息，无商业推广"
3772,TRANSACTION,高,"运营商服务通知（流量/余额/账单/来电提醒）"
3773,NEEDS_REVIEW,低,"无法明确归类，需人工判断"
3774,TRANSACTION,高,"包含明确的交易信息（金额/账单/到账/验证码）"
3775,TRANSACTION,中,"疑似交易/服务通知，需人工确认"
3776,TRANSACTION,高,"运营商服务通知（流量/余额/账单/来电提醒）"
3777,NEEDS_REVIEW,高,"政府/公益/公共服务信息，无商业推广"
3778,TRANSACTION,高,"运营商服务通知（流量/余额/账单/来电提醒）"
3779,NEEDS_REVIEW,低,"无法明确归类，需人工判断"
3780,TRANSACTION,中,"疑似交易/服务通知，需人工确认"
3781,NEEDS_REVIEW,低,"无法明确归类，需人工判断"
3782,TRANSACTION,高,"包含明确的交易信息（金额/账单/到账/验证码）"
3783,NEEDS_REVIEW,高,"天气预报服务信息"
3784,AD,高,"贷款产品推广广告"
3785,TRANSACTION,中,"疑似交易/服务通知，需人工确认"
3786,NEEDS_REVIEW,高,"政府/公益/公共服务信息，无商业推广"
3787,NEEDS_REVIEW,高,"政府/公益信息"
3788,AD,中,"医疗推广信息"
3789,TRANSACTION,高,"包含明确的交易信息（金额/账单/到账/验证码）"
3790,TRANSACTION,高,"包含明确的交易信息（金额/账单/到账/验证码）"
3791,NEEDS_REVIEW,高,"天气预报服务信息"
3792,TRANSACTION,中,"疑似交易/服务通知，需人工确认"
3793,NEEDS_REVIEW,低,"无法明确归类，需人工判断"
3794,TRANSACTION,高,"运营商服务通知（流量/余额/账单/来电提醒）"
3795,TRANSACTION,中,"疑似交易/服务通知，需人工确认"
3796,NEEDS_REVIEW,低,"无法明确归类，需人工判断"
3797,AD,中,"运营商营销推广"
3798,HARASS,高,"包含催收/威胁关键词"
3799,TRANSACTION,高,"运营商服务通知（流量/余额/账单/来电提醒）"
3800,TRANSACTION,中,"疑似交易/服务通知，需人工确认"
3801,TRANSACTION,中,"疑似交易/服务通知，需人工确认"
3802,TRANSACTION,高,"运营商服务通知（流量/余额/账单/来电提醒）"
3803,TRANSACTION,高,"包含明确的交易信息（金额/账单/到账/验证码）"
3804,TRANSACTION,高,"快递/物流服务通知"
3805,TRANSACTION,中,"疑似交易/服务通知，需人工确认"
3806,AD,高,"包含多个广告特征"
3807,TRANSACTION,中,"疑似交易/服务通知，需人工确认"
3808,NEEDS_REVIEW,高,"天气预报服务信息"
3809,TRANSACTION,高,"包含明确的交易信息（金额/账单/到账/验证码）"
3810,TRANSACTION,高,"快递/物流服务通知"
3811,TRANSACTION,高,"包含明确的交易信息（金额/账单/到账/验证码）"
3812,TRANSACTION,中,"疑似交易/服务通知，需人工确认"
3813,NEEDS_REVIEW,高,"天气预报服务信息"
3814,TRANSACTION,高,"运营商服务通知（流量/余额/账单/来电提醒）"
3815,TRANSACTION,高,"快递/物流服务通知"
3816,TRANSACTION,高,"运营商服务通知（流量/余额/账单/来电提醒）"
3817,NEEDS_REVIEW,低,"无法明确归类，需人工判断"
3818,HARASS,高,"包含催收/威胁关键词"
3819,AD,中,"医疗推广信息"
3820,TRANSACTION,高,"运营商服务通知（流量/余额/账单/来电提醒）"
3821,TRANSACTION,高,"运营商服务通知（流量/余额/账单/来电提醒）"
3822,TRANSACTION,高,"运营商服务通知（流量/余额/账单/来电提醒）"
3823,TRANSACTION,中,"疑似交易/服务通知，需人工确认"
3824,TRANSACTION,中,"疑似交易/服务通知，需人工确认"
3825,NEEDS_REVIEW,低,"无法明确归类，需人工判断"
3826,TRANSACTION,高,"运营商服务通知（流量/余额/账单/来电提醒）"
3827,TRANSACTION,中,"车辆服务通知"
3828,TRANSACTION,高,"包含明确的交易信息（金额/账单/到账/验证码）"
3829,NEEDS_REVIEW,高,"政府/公益/公共服务信息，无商业推广"
3830,AD,高,"贷款产品推广广告"
3831,NEEDS_REVIEW,低,"无法明确归类，需人工判断"
3832,TRANSACTION,高,"运营商服务通知（流量/余额/账单/来电提醒）"
3833,NEEDS_REVIEW,低,"无法明确归类，需人工判断"
3834,NEEDS_REVIEW,低,"无法明确归类，需人工判断"
3835,TRANSACTION,中,"疑似交易/服务通知，需人工确认"
3836,NEEDS_REVIEW,中,"工作/业务通知，需人工判断"
3837,TRANSACTION,中,"疑似交易/服务通知，需人工确认"
3838,TRANSACTION,高,"快递/物流服务通知"
3839,NEEDS_REVIEW,高,"政府/公益/公共服务信息，无商业推广"
3840,TRANSACTION,中,"疑似交易/服务通知，需人工确认"
3841,TRANSACTION,中,"疑似交易/服务通知，需人工确认"
3842,NEEDS_REVIEW,低,"无法明确归类，需人工判断"
3843,TRANSACTION,高,"包含明确的交易信息（金额/账单/到账/验证码）"
3844,TRANSACTION,高,"运营商服务通知（流量/余额/账单/来电提醒）"
3845,NEEDS_REVIEW,低,"无法明确归类，需人工判断"
3846,HARASS,高,"包含催收/威胁关键词"
3847,TRANSACTION,高,"运营商服务通知（流量/余额/账单/来电提醒）"
3848,TRANSACTION,高,"运营商服务通知（流量/余额/账单/来电提醒）"
3849,TRANSACTION,高,"快递/物流服务通知"
3850,NEEDS_REVIEW,低,"无法明确归类，需人工判断"
3851,AD,中,"运营商营销推广"
3852,NEEDS_REVIEW,低,"无法明确归类，需人工判断"
3853,TRANSACTION,高,"运营商服务通知（流量/余额/账单/来电提醒）"
3854,TRANSACTION,高,"快递/物流服务通知"
3855,AD,中,"医疗推广信息"
3856,TRANSACTION,中,"疑似交易/服务通知，需人工确认"
3857,AD,高,"包含多个广告特征"
3858,AD,中,"运营商营销推广"
3859,NEEDS_REVIEW,高,"天气预报服务信息"
3860,TRANSACTION,高,"包含明确的交易信息（金额/账单/到账/验证码）"
3861,NEEDS_REVIEW,低,"无法明确归类，需人工判断"
3862,NEEDS_REVIEW,高,"政府/公益/公共服务信息，无商业推广"
3863,TRANSACTION,中,"疑似交易/服务通知，需人工确认"
3864,TRANSACTION,中,"疑似交易/服务通知，需人工确认"
3865,TRANSACTION,高,"快递/物流服务通知"
3866,NEEDS_REVIEW,低,"无法明确归类，需人工判断"
3867,NEEDS_REVIEW,低,"无法明确归类，需人工判断"
3868,AD,中,"教育培训推广"
3869,TRANSACTION,中,"疑似交易/服务通知，需人工确认"
3870,NEEDS_REVIEW,低,"无法明确归类，需人工判断"
3871,AD,中,"医疗推广信息"
3872,NEEDS_REVIEW,高,"政府/公益/公共服务信息，无商业推广"
3873,TRANSACTION,高,"运营商服务通知（流量/余额/账单/来电提醒）"
3874,TRANSACTION,中,"疑似交易/服务通知，需人工确认"
3875,TRANSACTION,中,"疑似交易/服务通知，需人工确认"
3876,NEEDS_REVIEW,低,"无法明确归类，需人工判断"
3877,TRANSACTION,中,"疑似交易/服务通知，需人工确认"
3878,NEEDS_REVIEW,低,"无法明确归类，需人工判断"
3879,TRANSACTION,高,"快递/物流服务通知"
3880,TRANSACTION,中,"疑似交易/服务通知，需人工确认"
3881,TRANSACTION,中,"疑似交易/服务通知，需人工确认"
3882,NEEDS_REVIEW,低,"无法明确归类，需人工判断"
3883,NEEDS_REVIEW,高,"天气预报服务信息"
3884,TRANSACTION,高,"包含明确的交易信息（金额/账单/到账/验证码）"
3885,TRANSACTION,中,"疑似交易/服务通知，需人工确认"
3886,NEEDS_REVIEW,低,"无法明确归类，需人工判断"
3887,TRANSACTION,中,"疑似交易/服务通知，需人工确认"
3888,TRANSACTION,中,"疑似交易/服务通知，需人工确认"
3889,TRANSACTION,高,"快递/物流服务通知"
3890,NEEDS_REVIEW,低,"无法明确归类，需人工判断"
3891,TRANSACTION,中,"疑似交易/服务通知，需人工确认"
3892,NEEDS_REVIEW,低,"无法明确归类，需人工判断"
3893,TRANSACTION,中,"疑似交易/服务通知，需人工确认"
3894,HARASS,高,"包含催收/威胁关键词"
3895,NEEDS_REVIEW,低,"无法明确归类，需人工判断"
3896,NEEDS_REVIEW,低,"无法明确归类，需人工判断"
3897,NEEDS_REVIEW,低,"无法明确归类，需人工判断"
3898,TRANSACTION,高,"快递/物流服务通知"
3899,NEEDS_REVIEW,高,"天气预报服务信息"
3900,TRANSACTION,高,"快递/物流服务通知"
3901,TRANSACTION,高,"运营商服务通知（流量/余额/账单/来电提醒）"
3902,TRANSACTION,高,"运营商服务通知（流量/余额/账单/来电提醒）"
3903,TRANSACTION,中,"疑似交易/服务通知，需人工确认"
3904,TRANSACTION,高,"保险/金融服务通知"
3905,NEEDS_REVIEW,低,"无法明确归类，需人工判断"
3906,NEEDS_REVIEW,低,"无法明确归类，需人工判断"
3907,TRANSACTION,中,"疑似交易/服务通知，需人工确认"
3908,TRANSACTION,高,"运营商服务通知（流量/余额/账单/来电提醒）"
3909,NEEDS_REVIEW,中,"工作/业务通知，需人工判断"
3910,HARASS,高,"包含催收/威胁关键词"
3911,TRANSACTION,中,"疑似交易/服务通知，需人工确认"
3912,TRANSACTION,中,"疑似交易/服务通知，需人工确认"
3913,TRANSACTION,高,"运营商服务通知（流量/余额/账单/来电提醒）"
3914,NEEDS_REVIEW,高,"天气预报服务信息"
3915,TRANSACTION,高,"包含明确的交易信息（金额/账单/到账/验证码）"
3916,TRANSACTION,高,"快递/物流服务通知"
3917,NEEDS_REVIEW,低,"无法明确归类，需人工判断"
3918,TRANSACTION,中,"疑似交易/服务通知，需人工确认"
3919,TRANSACTION,高,"运营商服务通知（流量/余额/账单/来电提醒）"
3920,TRANSACTION,中,"疑似交易/服务通知，需人工确认"
3921,HARASS,高,"包含催收/威胁关键词"
3922,NEEDS_REVIEW,低,"无法明确归类，需人工判断"
3923,TRANSACTION,中,"疑似交易/服务通知，需人工确认"
3924,TRANSACTION,中,"疑似交易/服务通知，需人工确认"
3925,NEEDS_REVIEW,高,"天气预报服务信息"
3926,NEEDS_REVIEW,低,"无法明确归类，需人工判断"
3927,AD,中,"医疗推广信息"
3928,TRANSACTION,高,"运营商服务通知（流量/余额/账单/来电提醒）"
3929,NEEDS_REVIEW,高,"天气预报服务信息"
3930,NEEDS_REVIEW,低,"无法明确归类，需人工判断"
3931,NEEDS_REVIEW,低,"无法明确归类，需人工判断"
3932,TRANSACTION,高,"快递/物流服务通知"
3933,NEEDS_REVIEW,低,"无法明确归类，需人工判断"
3934,TRANSACTION,高,"快递/物流服务通知"
3935,NEEDS_REVIEW,低,"无法明确归类，需人工判断"
3936,AD,中,"运营商营销推广"
3937,NEEDS_REVIEW,高,"政府/公益/公共服务信息，无商业推广"
3938,NEEDS_REVIEW,高,"政府/公益信息"
3939,TRANSACTION,高,"运营商服务通知（流量/余额/账单/来电提醒）"
3940,AD,高,"包含多个广告特征"
3941,TRANSACTION,中,"疑似交易/服务通知，需人工确认"
3942,TRANSACTION,中,"疑似交易/服务通知，需人工确认"
3943,TRANSACTION,高,"包含明确的交易信息（金额/账单/到账/验证码）"
3944,NEEDS_REVIEW,低,"无法明确归类，需人工判断"
3945,TRANSACTION,高,"包含明确的交易信息（金额/账单/到账/验证码）"
3946,NEEDS_REVIEW,低,"无法明确归类，需人工判断"
3947,TRANSACTION,中,"疑似交易/服务通知，需人工确认"
3948,TRANSACTION,高,"包含明确的交易信息（金额/账单/到账/验证码）"
3949,TRANSACTION,高,"快递/物流服务通知"
3950,NEEDS_REVIEW,低,"无法明确归类，需人工判断"
3951,AD,高,"包含多个广告特征"
3952,NEEDS_REVIEW,高,"政府/公益/公共服务信息，无商业推广"
3953,NEEDS_REVIEW,低,"无法明确归类，需人工判断"
3954,NEEDS_REVIEW,低,"无法明确归类，需人工判断"
3955,NEEDS_REVIEW,低,"无法明确归类，需人工判断"
3956,NEEDS_REVIEW,低,"无法明确归类，需人工判断"
3957,TRANSACTION,中,"疑似交易/服务通知，需人工确认"
3958,NEEDS_REVIEW,低,"无法明确归类，需人工判断"
3959,TRANSACTION,中,"疑似交易/服务通知，需人工确认"
3960,NEEDS_REVIEW,高,"天气预报服务信息"
3961,NEEDS_REVIEW,低,"无法明确归类，需人工判断"
3962,NEEDS_REVIEW,低,"无法明确归类，需人工判断"
3963,NEEDS_REVIEW,低,"无法明确归类，需人工判断"
3964,NEEDS_REVIEW,低,"无法明确归类，需人工判断"
3965,TRANSACTION,高,"运营商服务通知（流量/余额/账单/来电提醒）"
3966,AD,中,"运营商营销推广"
3967,TRANSACTION,中,"疑似交易/服务通知，需人工确认"
3968,AD,高,"包含多个广告特征"
3969,TRANSACTION,中,"疑似交易/服务通知，需人工确认"
3970,TRANSACTION,高,"运营商服务通知（流量/余额/账单/来电提醒）"
3971,TRANSACTION,高,"运营商服务通知（流量/余额/账单/来电提醒）"
3972,TRANSACTION,高,"运营商服务通知（流量/余额/账单/来电提醒）"
3973,NEEDS_REVIEW,高,"政府/公益/公共服务信息，无商业推广"
3974,NEEDS_REVIEW,低,"无法明确归类，需人工判断"
3975,AD,高,"产品营销广告"
3976,NEEDS_REVIEW,高,"天气预报服务信息"
3977,AD,中,"运营商营销推广"
3978,TRANSACTION,高,"快递/物流服务通知"
3979,TRANSACTION,高,"包含明确的交易信息（金额/账单/到账/验证码）"
3980,NEEDS_REVIEW,低,"无法明确归类，需人工判断"
3981,NEEDS_REVIEW,低,"无法明确归类，需人工判断"
3982,TRANSACTION,中,"疑似交易/服务通知，需人工确认"
3983,NEEDS_REVIEW,低,"无法明确归类，需人工判断"
3984,NEEDS_REVIEW,低,"无法明确归类，需人工判断"
3985,TRANSACTION,中,"疑似交易/服务通知，需人工确认"
3986,TRANSACTION,高,"包含明确的交易信息（金额/账单/到账/验证码）"
3987,NEEDS_REVIEW,高,"政府/公益/公共服务信息，无商业推广"
3988,NEEDS_REVIEW,低,"无法明确归类，需人工判断"
3989,NEEDS_REVIEW,高,"政府/公益/公共服务信息，无商业推广"
3990,TRANSACTION,中,"疑似交易/服务通知，需人工确认"
3991,NEEDS_REVIEW,低,"无法明确归类，需人工判断"
3992,TRANSACTION,高,"运营商服务通知（流量/余额/账单/来电提醒）"
3993,TRANSACTION,高,"包含明确的交易信息（金额/账单/到账/验证码）"
3994,NEEDS_REVIEW,低,"无法明确归类，需人工判断"
3995,NEEDS_REVIEW,高,"天气预报服务信息"
3996,NEEDS_REVIEW,高,"政府/公益/公共服务信息，无商业推广"
3997,NEEDS_REVIEW,高,"政府/公益/公共服务信息，无商业推广"
3998,TRANSACTION,中,"疑似交易/服务通知，需人工确认"
3999,HARASS,高,"包含催收/威胁关键词"
4000,TRANSACTION,中,"疑似交易/服务通知，需人工确认"
4001,TRANSACTION,高,"运营商服务通知（流量/余额/账单/来电提醒）"
4002,NEEDS_REVIEW,低,"无法明确归类，需人工判断"
4003,NEEDS_REVIEW,低,"无法明确归类，需人工判断"
4004,TRANSACTION,高,"快递/物流服务通知"
4005,TRANSACTION,中,"疑似交易/服务通知，需人工确认"
4006,TRANSACTION,高,"运营商服务通知（流量/余额/账单/来电提醒）"
4007,TRANSACTION,高,"包含明确的交易信息（金额/账单/到账/验证码）"
4008,NEEDS_REVIEW,高,"政府/公益/公共服务信息，无商业推广"
4009,NEEDS_REVIEW,低,"无法明确归类，需人工判断"
4010,TRANSACTION,高,"包含明确的交易信息（金额/账单/到账/验证码）"
4011,TRANSACTION,中,"疑似交易/服务通知，需人工确认"
4012,NEEDS_REVIEW,高,"政府/公益/公共服务信息，无商业推广"
4013,NEEDS_REVIEW,低,"无法明确归类，需人工判断"
4014,TRANSACTION,高,"运营商服务通知（流量/余额/账单/来电提醒）"
4015,TRANSACTION,高,"运营商服务通知（流量/余额/账单/来电提醒）"
4016,TRANSACTION,高,"包含明确的交易信息（金额/账单/到账/验证码）"
4017,TRANSACTION,中,"疑似交易/服务通知，需人工确认"
4018,NEEDS_REVIEW,低,"无法明确归类，需人工判断"
4019,TRANSACTION,中,"疑似交易/服务通知，需人工确认"
4020,TRANSACTION,高,"快递/物流服务通知"
4021,TRANSACTION,中,"疑似交易/服务通知，需人工确认"
4022,TRANSACTION,中,"疑似交易/服务通知，需人工确认"
4023,NEEDS_REVIEW,低,"无法明确归类，需人工判断"
4024,NEEDS_REVIEW,低,"无法明确归类，需人工判断"
4025,AD,中,"运营商营销推广"
4026,NEEDS_REVIEW,高,"政府/公益/公共服务信息，无商业推广"
4027,TRANSACTION,高,"包含明确的交易信息（金额/账单/到账/验证码）"
4028,TRANSACTION,高,"包含明确的交易信息（金额/账单/到账/验证码）"
4029,AD,高,"包含多个广告特征"
4030,TRANSACTION,中,"疑似交易/服务通知，需人工确认"
4031,TRANSACTION,中,"疑似交易/服务通知，需人工确认"
4032,AD,中,"医疗推广信息"
4033,TRANSACTION,中,"疑似交易/服务通知，需人工确认"
4034,NEEDS_REVIEW,低,"无法明确归类，需人工判断"
4035,NEEDS_REVIEW,高,"天气预报服务信息"
4036,TRANSACTION,中,"疑似交易/服务通知，需人工确认"
4037,TRANSACTION,中,"疑似交易/服务通知，需人工确认"
4038,TRANSACTION,中,"疑似交易/服务通知，需人工确认"
4039,AD,中,"运营商营销推广"
4040,NEEDS_REVIEW,低,"无法明确归类，需人工判断"
4041,AD,高,"包含多个广告特征"
4042,TRANSACTION,中,"疑似交易/服务通知，需人工确认"
4043,NEEDS_REVIEW,高,"政府/公益/公共服务信息，无商业推广"
4044,TRANSACTION,中,"疑似交易/服务通知，需人工确认"
4045,TRANSACTION,中,"疑似交易/服务通知，需人工确认"
4046,AD,高,"包含多个广告特征"
4047,NEEDS_REVIEW,高,"政府/公益/公共服务信息，无商业推广"
4048,NEEDS_REVIEW,高,"政府/公益/公共服务信息，无商业推广"
4049,TRANSACTION,高,"包含明确的交易信息（金额/账单/到账/验证码）"
4050,NEEDS_REVIEW,低,"无法明确归类，需人工判断"
4051,TRANSACTION,高,"包含明确的交易信息（金额/账单/到账/验证码）"
4052,TRANSACTION,高,"快递/物流服务通知"
4053,TRANSACTION,高,"运营商服务通知（流量/余额/账单/来电提醒）"
4054,AD,中,"教育培训推广"
4055,NEEDS_REVIEW,低,"无法明确归类，需人工判断"
4056,TRANSACTION,高,"包含明确的交易信息（金额/账单/到账/验证码）"
4057,TRANSACTION,中,"疑似交易/服务通知，需人工确认"
4058,NEEDS_REVIEW,低,"无法明确归类，需人工判断"
4059,TRANSACTION,高,"运营商服务通知（流量/余额/账单/来电提醒）"
4060,NEEDS_REVIEW,高,"政府/公益/公共服务信息，无商业推广"
4061,NEEDS_REVIEW,低,"无法明确归类，需人工判断"
4062,NEEDS_REVIEW,高,"天气预报服务信息"
4063,NEEDS_REVIEW,低,"无法明确归类，需人工判断"
4064,NEEDS_REVIEW,高,"天气预报服务信息"
4065,TRANSACTION,高,"包含明确的交易信息（金额/账单/到账/验证码）"
4066,TRANSACTION,高,"保险/金融服务通知"
4067,HARASS,高,"包含催收/威胁关键词"
4068,NEEDS_REVIEW,高,"政府/公益/公共服务信息，无商业推广"
4069,HARASS,高,"包含催收/威胁关键词"
4070,TRANSACTION,中,"疑似交易/服务通知，需人工确认"
4071,TRANSACTION,高,"包含明确的交易信息（金额/账单/到账/验证码）"
4072,TRANSACTION,高,"快递/物流服务通知"
4073,NEEDS_REVIEW,高,"天气预报服务信息"
4074,TRANSACTION,高,"包含明确的交易信息（金额/账单/到账/验证码）"
4075,NEEDS_REVIEW,低,"无法明确归类，需人工判断"
4076,NEEDS_REVIEW,高,"政府/公益/公共服务信息，无商业推广"
4077,TRANSACTION,高,"运营商服务通知（流量/余额/账单/来电提醒）"
4078,NEEDS_REVIEW,低,"无法明确归类，需人工判断"
4079,HARASS,高,"包含催收/威胁关键词"
4080,NEEDS_REVIEW,高,"政府/公益/公共服务信息，无商业推广"
4081,TRANSACTION,中,"疑似交易/服务通知，需人工确认"
4082,NEEDS_REVIEW,高,"政府/公益/公共服务信息，无商业推广"
4083,AD,中,"运营商营销推广"
4084,NEEDS_REVIEW,高,"天气预报服务信息"
4085,TRANSACTION,中,"疑似交易/服务通知，需人工确认"
4086,TRANSACTION,高,"快递/物流服务通知"
4087,AD,中,"医疗推广信息"
4088,NEEDS_REVIEW,低,"无法明确归类，需人工判断"
4089,TRANSACTION,中,"疑似交易/服务通知，需人工确认"
4090,AD,中,"运营商营销推广"
4091,TRANSACTION,高,"包含明确的交易信息（金额/账单/到账/验证码）"
4092,TRANSACTION,中,"疑似交易/服务通知，需人工确认"
4093,AD,中,"运营商营销推广"
4094,AD,中,"运营商营销推广"
4095,NEEDS_REVIEW,低,"无法明确归类，需人工判断"
4096,TRANSACTION,高,"运营商服务通知（流量/余额/账单/来电提醒）"
4097,TRANSACTION,中,"疑似交易/服务通知，需人工确认"
4098,NEEDS_REVIEW,低,"无法明确归类，需人工判断"
4099,TRANSACTION,高,"快递/物流服务通知"
4100,TRANSACTION,中,"疑似交易/服务通知，需人工确认"
4101,TRANSACTION,高,"快递/物流服务通知"
4102,TRANSACTION,中,"疑似交易/服务通知，需人工确认"
4103,NEEDS_REVIEW,高,"天气预报服务信息"
4104,AD,中,"运营商营销推广"
4105,TRANSACTION,高,"运营商服务通知（流量/余额/账单/来电提醒）"
4106,TRANSACTION,中,"疑似交易/服务通知，需人工确认"
4107,TRANSACTION,高,"保险/金融服务通知"
4108,NEEDS_REVIEW,高,"政府/公益信息"
4109,NEEDS_REVIEW,低,"无法明确归类，需人工判断"
4110,NEEDS_REVIEW,低,"无法明确归类，需人工判断"
4111,NEEDS_REVIEW,低,"无法明确归类，需人工判断"
4112,TRANSACTION,中,"疑似交易/服务通知，需人工确认"
4113,TRANSACTION,高,"快递/物流服务通知"
4114,TRANSACTION,高,"包含明确的交易信息（金额/账单/到账/验证码）"
4115,NEEDS_REVIEW,低,"无法明确归类，需人工判断"
4116,NEEDS_REVIEW,高,"政府/公益/公共服务信息，无商业推广"
4117,TRANSACTION,中,"疑似交易/服务通知，需人工确认"
4118,TRANSACTION,高,"运营商服务通知（流量/余额/账单/来电提醒）"
4119,TRANSACTION,高,"包含明确的交易信息（金额/账单/到账/验证码）"
4120,TRANSACTION,高,"包含明确的交易信息（金额/账单/到账/验证码）"
4121,TRANSACTION,中,"疑似交易/服务通知，需人工确认"
4122,NEEDS_REVIEW,高,"政府/公益/公共服务信息，无商业推广"
4123,TRANSACTION,中,"疑似交易/服务通知，需人工确认"
4124,TRANSACTION,中,"疑似交易/服务通知，需人工确认"
4125,NEEDS_REVIEW,低,"无法明确归类，需人工判断"
4126,AD,高,"贷款产品推广广告"
4127,TRANSACTION,高,"包含明确的交易信息（金额/账单/到账/验证码）"
4128,NEEDS_REVIEW,高,"政府/公益/公共服务信息，无商业推广"
4129,TRANSACTION,高,"运营商服务通知（流量/余额/账单/来电提醒）"
4130,TRANSACTION,高,"保险/金融服务通知"
4131,TRANSACTION,高,"快递/物流服务通知"
4132,TRANSACTION,高,"包含明确的交易信息（金额/账单/到账/验证码）"
4133,TRANSACTION,高,"包含明确的交易信息（金额/账单/到账/验证码）"
4134,AD,高,"产品营销广告"
4135,TRANSACTION,高,"包含明确的交易信息（金额/账单/到账/验证码）"
4136,TRANSACTION,中,"疑似交易/服务通知，需人工确认"
4137,NEEDS_REVIEW,低,"无法明确归类，需人工判断"
4138,AD,中,"运营商营销推广"
4139,AD,高,"包含多个广告特征"
4140,NEEDS_REVIEW,中,"工作/业务通知，需人工判断"
4141,TRANSACTION,中,"疑似交易/服务通知，需人工确认"
4142,AD,高,"贷款产品推广广告"
4143,TRANSACTION,中,"疑似交易/服务通知，需人工确认"
4144,NEEDS_REVIEW,低,"无法明确归类，需人工判断"
4145,TRANSACTION,中,"疑似交易/服务通知，需人工确认"
4146,TRANSACTION,高,"运营商服务通知（流量/余额/账单/来电提醒）"
4147,TRANSACTION,高,"包含明确的交易信息（金额/账单/到账/验证码）"
4148,NEEDS_REVIEW,低,"无法明确归类，需人工判断"
4149,NEEDS_REVIEW,低,"无法明确归类，需人工判断"
4150,TRANSACTION,中,"疑似交易/服务通知，需人工确认"
4151,TRANSACTION,中,"疑似交易/服务通知，需人工确认"
4152,TRANSACTION,中,"疑似交易/服务通知，需人工确认"
4153,TRANSACTION,中,"疑似交易/服务通知，需人工确认"
4154,AD,高,"贷款产品推广广告"
4155,NEEDS_REVIEW,低,"无法明确归类，需人工判断"
4156,NEEDS_REVIEW,低,"无法明确归类，需人工判断"
4157,TRANSACTION,高,"快递/物流服务通知"
4158,TRANSACTION,中,"疑似交易/服务通知，需人工确认"
4159,NEEDS_REVIEW,低,"无法明确归类，需人工判断"
4160,TRANSACTION,中,"疑似交易/服务通知，需人工确认"
4161,AD,中,"运营商营销推广"
4162,NEEDS_REVIEW,高,"政府/公益信息"
4163,NEEDS_REVIEW,低,"无法明确归类，需人工判断"
4164,AD,高,"包含多个广告特征"
4165,AD,中,"运营商营销推广"
4166,TRANSACTION,高,"快递/物流服务通知"
4167,TRANSACTION,中,"疑似交易/服务通知，需人工确认"
4168,NEEDS_REVIEW,低,"无法明确归类，需人工判断"
4169,NEEDS_REVIEW,高,"天气预报服务信息"
4170,NEEDS_REVIEW,低,"无法明确归类，需人工判断"
4171,AD,高,"包含多个广告特征"
4172,TRANSACTION,中,"疑似交易/服务通知，需人工确认"
4173,NEEDS_REVIEW,低,"无法明确归类，需人工判断"
4174,NEEDS_REVIEW,高,"政府/公益/公共服务信息，无商业推广"
4175,TRANSACTION,高,"快递/物流服务通知"
4176,TRANSACTION,高,"运营商服务通知（流量/余额/账单/来电提醒）"
4177,TRANSACTION,中,"疑似交易/服务通知，需人工确认"
4178,NEEDS_REVIEW,中,"工作/业务通知，需人工判断"
4179,NEEDS_REVIEW,高,"天气预报服务信息"
4180,TRANSACTION,高,"包含明确的交易信息（金额/账单/到账/验证码）"
4181,HARASS,高,"包含催收/威胁关键词"
4182,TRANSACTION,高,"快递/物流服务通知"
4183,AD,中,"医疗推广信息"
4184,AD,中,"医疗推广信息"
4185,TRANSACTION,高,"运营商服务通知（流量/余额/账单/来电提醒）"
4186,NEEDS_REVIEW,低,"无法明确归类，需人工判断"
4187,TRANSACTION,高,"包含明确的交易信息（金额/账单/到账/验证码）"
4188,NEEDS_REVIEW,低,"无法明确归类，需人工判断"
4189,TRANSACTION,高,"快递/物流服务通知"
4190,NEEDS_REVIEW,高,"政府/公益/公共服务信息，无商业推广"
4191,NEEDS_REVIEW,低,"无法明确归类，需人工判断"
4192,AD,中,"运营商营销推广"
4193,TRANSACTION,中,"疑似交易/服务通知，需人工确认"
4194,TRANSACTION,中,"疑似交易/服务通知，需人工确认"
4195,AD,中,"运营商营销推广"
4196,NEEDS_REVIEW,低,"无法明确归类，需人工判断"
4197,AD,高,"包含多个广告特征"
4198,NEEDS_REVIEW,低,"无法明确归类，需人工判断"
4199,AD,中,"运营商营销推广"
4200,TRANSACTION,高,"包含明确的交易信息（金额/账单/到账/验证码）"
4201,TRANSACTION,高,"包含明确的交易信息（金额/账单/到账/验证码）"
4202,TRANSACTION,中,"疑似交易/服务通知，需人工确认"
4203,TRANSACTION,中,"疑似交易/服务通知，需人工确认"
4204,TRANSACTION,中,"疑似交易/服务通知，需人工确认"
4205,TRANSACTION,中,"疑似交易/服务通知，需人工确认"
4206,NEEDS_REVIEW,高,"政府/公益/公共服务信息，无商业推广"
4207,TRANSACTION,高,"快递/物流服务通知"
4208,TRANSACTION,高,"运营商服务通知（流量/余额/账单/来电提醒）"
4209,NEEDS_REVIEW,低,"无法明确归类，需人工判断"
4210,NEEDS_REVIEW,中,"工作/业务通知，需人工判断"
4211,TRANSACTION,中,"疑似交易/服务通知，需人工确认"
4212,TRANSACTION,中,"疑似交易/服务通知，需人工确认"
4213,NEEDS_REVIEW,低,"无法明确归类，需人工判断"
4214,NEEDS_REVIEW,高,"政府/公益/公共服务信息，无商业推广"
4215,NEEDS_REVIEW,低,"无法明确归类，需人工判断"
4216,NEEDS_REVIEW,高,"政府/公益/公共服务信息，无商业推广"
4217,NEEDS_REVIEW,高,"天气预报服务信息"
4218,TRANSACTION,高,"运营商服务通知（流量/余额/账单/来电提醒）"
4219,AD,中,"运营商营销推广"
4220,TRANSACTION,高,"运营商服务通知（流量/余额/账单/来电提醒）"
4221,AD,中,"医疗推广信息"
4222,TRANSACTION,中,"疑似交易/服务通知，需人工确认"
4223,TRANSACTION,高,"快递/物流服务通知"
4224,TRANSACTION,中,"疑似交易/服务通知，需人工确认"
4225,NEEDS_REVIEW,低,"无法明确归类，需人工判断"
4226,NEEDS_REVIEW,低,"无法明确归类，需人工判断"
4227,TRANSACTION,中,"疑似交易/服务通知，需人工确认"
4228,NEEDS_REVIEW,低,"无法明确归类，需人工判断"
4229,AD,中,"教育培训推广"
4230,TRANSACTION,高,"运营商服务通知（流量/余额/账单/来电提醒）"
4231,AD,高,"贷款产品推广广告"
4232,TRANSACTION,中,"疑似交易/服务通知，需人工确认"
4233,NEEDS_REVIEW,低,"无法明确归类，需人工判断"
4234,TRANSACTION,中,"疑似交易/服务通知，需人工确认"
4235,TRANSACTION,中,"疑似交易/服务通知，需人工确认"
4236,TRANSACTION,中,"疑似交易/服务通知，需人工确认"
4237,NEEDS_REVIEW,低,"无法明确归类，需人工判断"
4238,AD,中,"运营商营销推广"
4239,NEEDS_REVIEW,低,"无法明确归类，需人工判断"
4240,NEEDS_REVIEW,低,"无法明确归类，需人工判断"
4241,NEEDS_REVIEW,低,"无法明确归类，需人工判断"
4242,TRANSACTION,中,"疑似交易/服务通知，需人工确认"
4243,TRANSACTION,中,"疑似交易/服务通知，需人工确认"
4244,TRANSACTION,高,"运营商服务通知（流量/余额/账单/来电提醒）"
4245,TRANSACTION,中,"疑似交易/服务通知，需人工确认"
4246,AD,中,"运营商营销推广"
4247,NEEDS_REVIEW,低,"无法明确归类，需人工判断"
4248,TRANSACTION,中,"疑似交易/服务通知，需人工确认"
4249,TRANSACTION,高,"包含明确的交易信息（金额/账单/到账/验证码）"
4250,TRANSACTION,高,"快递/物流服务通知"
4251,NEEDS_REVIEW,低,"无法明确归类，需人工判断"
4252,TRANSACTION,高,"运营商服务通知（流量/余额/账单/来电提醒）"
4253,AD,中,"医疗推广信息"
4254,TRANSACTION,中,"疑似交易/服务通知，需人工确认"
4255,NEEDS_REVIEW,高,"政府/公益信息"
4256,TRANSACTION,中,"疑似交易/服务通知，需人工确认"
4257,NEEDS_REVIEW,低,"无法明确归类，需人工判断"
4258,TRANSACTION,中,"车辆服务通知"
4259,NEEDS_REVIEW,低,"无法明确归类，需人工判断"
4260,NEEDS_REVIEW,低,"无法明确归类，需人工判断"
4261,TRANSACTION,高,"快递/物流服务通知"
4262,AD,中,"运营商营销推广"
4263,TRANSACTION,高,"保险/金融服务通知"
4264,TRANSACTION,高,"快递/物流服务通知"
4265,TRANSACTION,高,"包含明确的交易信息（金额/账单/到账/验证码）"
4266,TRANSACTION,中,"疑似交易/服务通知，需人工确认"
4267,NEEDS_REVIEW,低,"无法明确归类，需人工判断"
4268,TRANSACTION,高,"运营商服务通知（流量/余额/账单/来电提醒）"
4269,TRANSACTION,高,"运营商服务通知（流量/余额/账单/来电提醒）"
4270,NEEDS_REVIEW,高,"天气预报服务信息"
4271,HARASS,高,"包含催收/威胁关键词"
4272,TRANSACTION,中,"疑似交易/服务通知，需人工确认"
4273,TRANSACTION,中,"疑似交易/服务通知，需人工确认"
4274,TRANSACTION,中,"疑似交易/服务通知，需人工确认"
4275,NEEDS_REVIEW,低,"无法明确归类，需人工判断"
4276,NEEDS_REVIEW,低,"无法明确归类，需人工判断"
4277,TRANSACTION,中,"疑似交易/服务通知，需人工确认"
4278,NEEDS_REVIEW,高,"政府/公益/公共服务信息，无商业推广"
4279,TRANSACTION,高,"快递/物流服务通知"
4280,TRANSACTION,高,"保险/金融服务通知"
4281,TRANSACTION,中,"疑似交易/服务通知，需人工确认"
4282,AD,高,"包含多个广告特征"
4283,TRANSACTION,高,"运营商服务通知（流量/余额/账单/来电提醒）"
4284,TRANSACTION,中,"疑似交易/服务通知，需人工确认"
4285,TRANSACTION,高,"包含明确的交易信息（金额/账单/到账/验证码）"
4286,AD,中,"运营商营销推广"
4287,NEEDS_REVIEW,高,"政府/公益/公共服务信息，无商业推广"
4288,TRANSACTION,高,"包含明确的交易信息（金额/账单/到账/验证码）"
4289,TRANSACTION,高,"运营商服务通知（流量/余额/账单/来电提醒）"
4290,NEEDS_REVIEW,低,"无法明确归类，需人工判断"
4291,TRANSACTION,高,"快递/物流服务通知"
4292,TRANSACTION,中,"疑似交易/服务通知，需人工确认"
4293,NEEDS_REVIEW,低,"无法明确归类，需人工判断"
4294,TRANSACTION,中,"疑似交易/服务通知，需人工确认"
4295,NEEDS_REVIEW,高,"政府/公益信息"
4296,TRANSACTION,高,"快递/物流服务通知"
4297,NEEDS_REVIEW,低,"无法明确归类，需人工判断"
4298,TRANSACTION,高,"包含明确的交易信息（金额/账单/到账/验证码）"
4299,TRANSACTION,中,"疑似交易/服务通知，需人工确认"
4300,AD,中,"运营商营销推广"
4301,TRANSACTION,高,"运营商服务通知（流量/余额/账单/来电提醒）"
4302,NEEDS_REVIEW,高,"天气预报服务信息"
4303,TRANSACTION,高,"包含明确的交易信息（金额/账单/到账/验证码）"
4304,HARASS,高,"包含催收/威胁关键词"
4305,TRANSACTION,中,"疑似交易/服务通知，需人工确认"
4306,TRANSACTION,中,"疑似交易/服务通知，需人工确认"
4307,TRANSACTION,高,"运营商服务通知（流量/余额/账单/来电提醒）"
4308,TRANSACTION,高,"包含明确的交易信息（金额/账单/到账/验证码）"
4309,NEEDS_REVIEW,低,"无法明确归类，需人工判断"
4310,TRANSACTION,中,"疑似交易/服务通知，需人工确认"
4311,NEEDS_REVIEW,低,"无法明确归类，需人工判断"
4312,AD,中,"医疗推广信息"
4313,TRANSACTION,中,"疑似交易/服务通知，需人工确认"
4314,TRANSACTION,中,"疑似交易/服务通知，需人工确认"
4315,TRANSACTION,中,"疑似交易/服务通知，需人工确认"
4316,TRANSACTION,高,"包含明确的交易信息（金额/账单/到账/验证码）"
4317,HARASS,高,"匹配催收模式"
4318,NEEDS_REVIEW,低,"无法明确归类，需人工判断"
4319,NEEDS_REVIEW,高,"天气预报服务信息"
4320,TRANSACTION,高,"快递/物流服务通知"
4321,TRANSACTION,中,"疑似交易/服务通知，需人工确认"
4322,NEEDS_REVIEW,高,"政府/公益/公共服务信息，无商业推广"
4323,TRANSACTION,中,"疑似交易/服务通知，需人工确认"
4324,TRANSACTION,高,"包含明确的交易信息（金额/账单/到账/验证码）"
4325,NEEDS_REVIEW,低,"无法明确归类，需人工判断"
4326,NEEDS_REVIEW,低,"无法明确归类，需人工判断"
4327,NEEDS_REVIEW,低,"无法明确归类，需人工判断"
4328,TRANSACTION,中,"疑似交易/服务通知，需人工确认"
4329,TRANSACTION,高,"快递/物流服务通知"
4330,TRANSACTION,中,"疑似交易/服务通知，需人工确认"
4331,NEEDS_REVIEW,高,"天气预报服务信息"
4332,TRANSACTION,高,"包含明确的交易信息（金额/账单/到账/验证码）"
4333,TRANSACTION,高,"包含明确的交易信息（金额/账单/到账/验证码）"
4334,AD,中,"运营商营销推广"
4335,NEEDS_REVIEW,低,"无法明确归类，需人工判断"
4336,NEEDS_REVIEW,低,"无法明确归类，需人工判断"
4337,NEEDS_REVIEW,低,"无法明确归类，需人工判断"
4338,NEEDS_REVIEW,低,"无法明确归类，需人工判断"
4339,TRANSACTION,高,"运营商服务通知（流量/余额/账单/来电提醒）"
4340,NEEDS_REVIEW,低,"无法明确归类，需人工判断"
4341,TRANSACTION,中,"疑似交易/服务通知，需人工确认"
4342,NEEDS_REVIEW,低,"无法明确归类，需人工判断"
4343,TRANSACTION,中,"疑似交易/服务通知，需人工确认"
4344,AD,中,"运营商营销推广"
4345,TRANSACTION,高,"运营商服务通知（流量/余额/账单/来电提醒）"
4346,NEEDS_REVIEW,低,"无法明确归类，需人工判断"
4347,NEEDS_REVIEW,高,"天气预报服务信息"
4348,TRANSACTION,中,"疑似交易/服务通知，需人工确认"
4349,TRANSACTION,高,"运营商服务通知（流量/余额/账单/来电提醒）"
4350,TRANSACTION,中,"疑似交易/服务通知，需人工确认"
4351,NEEDS_REVIEW,低,"无法明确归类，需人工判断"
4352,NEEDS_REVIEW,高,"天气预报服务信息"
4353,TRANSACTION,中,"疑似交易/服务通知，需人工确认"
4354,NEEDS_REVIEW,低,"无法明确归类，需人工判断"
4355,NEEDS_REVIEW,低,"无法明确归类，需人工判断"
4356,TRANSACTION,中,"疑似交易/服务通知，需人工确认"
4357,NEEDS_REVIEW,低,"无法明确归类，需人工判断"
4358,TRANSACTION,中,"疑似交易/服务通知，需人工确认"
4359,AD,中,"运营商营销推广"
4360,NEEDS_REVIEW,低,"无法明确归类，需人工判断"
4361,TRANSACTION,中,"疑似交易/服务通知，需人工确认"
4362,NEEDS_REVIEW,高,"政府/公益/公共服务信息，无商业推广"
4363,NEEDS_REVIEW,低,"无法明确归类，需人工判断"
4364,NEEDS_REVIEW,低,"无法明确归类，需人工判断"
4365,TRANSACTION,中,"疑似交易/服务通知，需人工确认"
4366,AD,高,"包含多个广告特征"
4367,AD,中,"运营商营销推广"
4368,NEEDS_REVIEW,低,"无法明确归类，需人工判断"
4369,AD,中,"教育培训推广"
4370,TRANSACTION,高,"运营商服务通知（流量/余额/账单/来电提醒）"
4371,TRANSACTION,高,"包含明确的交易信息（金额/账单/到账/验证码）"
4372,HARASS,高,"包含催收/威胁关键词"
4373,NEEDS_REVIEW,低,"无法明确归类，需人工判断"
4374,NEEDS_REVIEW,低,"无法明确归类，需人工判断"
4375,TRANSACTION,高,"包含明确的交易信息（金额/账单/到账/验证码）"
4376,TRANSACTION,中,"疑似交易/服务通知，需人工确认"
4377,TRANSACTION,高,"快递/物流服务通知"
4378,NEEDS_REVIEW,低,"无法明确归类，需人工判断"
4379,TRANSACTION,高,"运营商服务通知（流量/余额/账单/来电提醒）"
4380,NEEDS_REVIEW,低,"无法明确归类，需人工判断"
4381,AD,中,"运营商营销推广"
4382,TRANSACTION,高,"运营商服务通知（流量/余额/账单/来电提醒）"
4383,TRANSACTION,高,"运营商服务通知（流量/余额/账单/来电提醒）"
4384,AD,中,"运营商营销推广"
4385,NEEDS_REVIEW,低,"无法明确归类，需人工判断"
4386,NEEDS_REVIEW,高,"天气预报服务信息"
4387,TRANSACTION,中,"疑似交易/服务通知，需人工确认"
4388,NEEDS_REVIEW,低,"无法明确归类，需人工判断"
4389,TRANSACTION,中,"疑似交易/服务通知，需人工确认"
4390,TRANSACTION,中,"疑似交易/服务通知，需人工确认"
4391,NEEDS_REVIEW,低,"无法明确归类，需人工判断"
4392,NEEDS_REVIEW,低,"无法明确归类，需人工判断"
4393,TRANSACTION,高,"包含明确的交易信息（金额/账单/到账/验证码）"
4394,TRANSACTION,高,"包含明确的交易信息（金额/账单/到账/验证码）"
4395,NEEDS_REVIEW,中,"服务评价邀请，边界模糊"
4396,TRANSACTION,高,"运营商服务通知（流量/余额/账单/来电提醒）"
4397,NEEDS_REVIEW,低,"无法明确归类，需人工判断"
4398,NEEDS_REVIEW,低,"无法明确归类，需人工判断"
4399,TRANSACTION,中,"疑似交易/服务通知，需人工确认"
4400,AD,高,"产品营销广告"
4401,TRANSACTION,中,"疑似交易/服务通知，需人工确认"
4402,NEEDS_REVIEW,低,"无法明确归类，需人工判断"
4403,TRANSACTION,高,"保险/金融服务通知"
4404,TRANSACTION,高,"快递/物流服务通知"
4405,TRANSACTION,中,"疑似交易/服务通知，需人工确认"
4406,AD,中,"运营商营销推广"
4407,TRANSACTION,高,"运营商服务通知（流量/余额/账单/来电提醒）"
4408,TRANSACTION,中,"疑似交易/服务通知，需人工确认"
4409,TRANSACTION,高,"包含明确的交易信息（金额/账单/到账/验证码）"
4410,TRANSACTION,中,"疑似交易/服务通知，需人工确认"
4411,TRANSACTION,高,"包含明确的交易信息（金额/账单/到账/验证码）"
4412,AD,高,"包含多个广告特征"
4413,TRANSACTION,高,"保险/金融服务通知"
4414,TRANSACTION,中,"疑似交易/服务通知，需人工确认"
4415,TRANSACTION,中,"疑似交易/服务通知，需人工确认"
4416,TRANSACTION,中,"疑似交易/服务通知，需人工确认"
4417,TRANSACTION,中,"疑似交易/服务通知，需人工确认"
4418,TRANSACTION,中,"疑似交易/服务通知，需人工确认"
4419,NEEDS_REVIEW,低,"无法明确归类，需人工判断"
4420,TRANSACTION,中,"疑似交易/服务通知，需人工确认"
4421,AD,中,"教育培训推广"
4422,TRANSACTION,中,"疑似交易/服务通知，需人工确认"
4423,TRANSACTION,中,"疑似交易/服务通知，需人工确认"
4424,TRANSACTION,中,"疑似交易/服务通知，需人工确认"
4425,TRANSACTION,中,"疑似交易/服务通知，需人工确认"
4426,AD,中,"医疗推广信息"
4427,HARASS,高,"包含催收/威胁关键词"
4428,NEEDS_REVIEW,低,"无法明确归类，需人工判断"
4429,NEEDS_REVIEW,高,"政府/公益信息"
4430,NEEDS_REVIEW,高,"天气预报服务信息"
4431,TRANSACTION,高,"运营商服务通知（流量/余额/账单/来电提醒）"
4432,TRANSACTION,高,"运营商服务通知（流量/余额/账单/来电提醒）"
4433,TRANSACTION,中,"疑似交易/服务通知，需人工确认"
4434,AD,高,"包含多个广告特征"
4435,TRANSACTION,中,"疑似交易/服务通知，需人工确认"
4436,TRANSACTION,高,"快递/物流服务通知"
4437,NEEDS_REVIEW,低,"无法明确归类，需人工判断"
4438,NEEDS_REVIEW,高,"政府/公益/公共服务信息，无商业推广"
4439,NEEDS_REVIEW,低,"无法明确归类，需人工判断"
4440,NEEDS_REVIEW,低,"无法明确归类，需人工判断"
4441,NEEDS_REVIEW,低,"无法明确归类，需人工判断"
4442,NEEDS_REVIEW,低,"无法明确归类，需人工判断"
4443,NEEDS_REVIEW,低,"无法明确归类，需人工判断"
4444,NEEDS_REVIEW,低,"无法明确归类，需人工判断"
4445,TRANSACTION,中,"疑似交易/服务通知，需人工确认"
4446,TRANSACTION,中,"疑似交易/服务通知，需人工确认"
4447,AD,高,"产品营销广告"
4448,NEEDS_REVIEW,低,"无法明确归类，需人工判断"
4449,TRANSACTION,中,"疑似交易/服务通知，需人工确认"
4450,TRANSACTION,高,"快递/物流服务通知"
4451,NEEDS_REVIEW,高,"政府/公益/公共服务信息，无商业推广"
4452,AD,高,"贷款产品推广广告"
4453,NEEDS_REVIEW,低,"无法明确归类，需人工判断"
4454,TRANSACTION,中,"疑似交易/服务通知，需人工确认"
4455,AD,高,"贷款产品推广广告"
4456,AD,中,"运营商营销推广"
4457,NEEDS_REVIEW,高,"政府/公益/公共服务信息，无商业推广"
4458,TRANSACTION,中,"疑似交易/服务通知，需人工确认"
4459,NEEDS_REVIEW,低,"无法明确归类，需人工判断"
4460,TRANSACTION,高,"运营商服务通知（流量/余额/账单/来电提醒）"
4461,TRANSACTION,高,"快递/物流服务通知"
4462,TRANSACTION,高,"运营商服务通知（流量/余额/账单/来电提醒）"
4463,TRANSACTION,中,"疑似交易/服务通知，需人工确认"
4464,TRANSACTION,高,"快递/物流服务通知"
4465,TRANSACTION,中,"疑似交易/服务通知，需人工确认"
4466,TRANSACTION,中,"疑似交易/服务通知，需人工确认"
4467,NEEDS_REVIEW,高,"政府/公益/公共服务信息，无商业推广"
4468,NEEDS_REVIEW,低,"无法明确归类，需人工判断"
4469,AD,中,"医疗推广信息"
4470,AD,高,"包含多个广告特征"
4471,NEEDS_REVIEW,低,"无法明确归类，需人工判断"
4472,TRANSACTION,高,"运营商服务通知（流量/余额/账单/来电提醒）"
4473,NEEDS_REVIEW,低,"无法明确归类，需人工判断"
4474,HARASS,高,"包含催收/威胁关键词"
4475,NEEDS_REVIEW,低,"无法明确归类，需人工判断"
4476,TRANSACTION,中,"疑似交易/服务通知，需人工确认"
4477,AD,中,"运营商营销推广"
4478,TRANSACTION,中,"疑似交易/服务通知，需人工确认"
4479,NEEDS_REVIEW,低,"无法明确归类，需人工判断"
4480,AD,高,"包含多个广告特征"
4481,TRANSACTION,高,"保险/金融服务通知"
4482,TRANSACTION,中,"疑似交易/服务通知，需人工确认"
4483,NEEDS_REVIEW,高,"天气预报服务信息"
4484,TRANSACTION,中,"疑似交易/服务通知，需人工确认"
4485,TRANSACTION,中,"疑似交易/服务通知，需人工确认"
4486,TRANSACTION,高,"快递/物流服务通知"
4487,NEEDS_REVIEW,低,"无法明确归类，需人工判断"
4488,TRANSACTION,高,"快递/物流服务通知"
4489,TRANSACTION,中,"疑似交易/服务通知，需人工确认"
4490,TRANSACTION,中,"车辆服务通知"
4491,AD,高,"包含多个广告特征"
4492,NEEDS_REVIEW,低,"无法明确归类，需人工判断"
4493,NEEDS_REVIEW,高,"政府/公益/公共服务信息，无商业推广"
4494,TRANSACTION,高,"包含明确的交易信息（金额/账单/到账/验证码）"
4495,NEEDS_REVIEW,低,"无法明确归类，需人工判断"
4496,NEEDS_REVIEW,高,"政府/公益/公共服务信息，无商业推广"
4497,TRANSACTION,高,"包含明确的交易信息（金额/账单/到账/验证码）"
4498,TRANSACTION,高,"包含明确的交易信息（金额/账单/到账/验证码）"
4499,TRANSACTION,高,"包含明确的交易信息（金额/账单/到账/验证码）"
4500,TRANSACTION,中,"疑似交易/服务通知，需人工确认"
4501,AD,中,"医疗推广信息"
4502,TRANSACTION,高,"包含明确的交易信息（金额/账单/到账/验证码）"
4503,TRANSACTION,高,"快递/物流服务通知"
4504,NEEDS_REVIEW,高,"政府/公益/公共服务信息，无商业推广"
4505,TRANSACTION,中,"疑似交易/服务通知，需人工确认"
4506,TRANSACTION,高,"包含明确的交易信息（金额/账单/到账/验证码）"
4507,NEEDS_REVIEW,低,"无法明确归类，需人工判断"
4508,TRANSACTION,高,"包含明确的交易信息（金额/账单/到账/验证码）"
4509,TRANSACTION,中,"疑似交易/服务通知，需人工确认"
4510,NEEDS_REVIEW,低,"无法明确归类，需人工判断"
4511,HARASS,高,"包含催收/威胁关键词"
4512,TRANSACTION,高,"包含明确的交易信息（金额/账单/到账/验证码）"
4513,NEEDS_REVIEW,低,"无法明确归类，需人工判断"
4514,NEEDS_REVIEW,低,"无法明确归类，需人工判断"
4515,TRANSACTION,中,"疑似交易/服务通知，需人工确认"
4516,AD,中,"运营商营销推广"
4517,TRANSACTION,高,"运营商服务通知（流量/余额/账单/来电提醒）"
4518,NEEDS_REVIEW,低,"无法明确归类，需人工判断"
4519,TRANSACTION,中,"疑似交易/服务通知，需人工确认"
4520,AD,中,"运营商营销推广"
4521,NEEDS_REVIEW,低,"无法明确归类，需人工判断"
4522,TRANSACTION,中,"疑似交易/服务通知，需人工确认"
4523,TRANSACTION,中,"疑似交易/服务通知，需人工确认"
4524,TRANSACTION,中,"疑似交易/服务通知，需人工确认"
4525,AD,中,"医疗推广信息"
4526,NEEDS_REVIEW,低,"无法明确归类，需人工判断"
4527,NEEDS_REVIEW,低,"无法明确归类，需人工判断"
4528,TRANSACTION,高,"运营商服务通知（流量/余额/账单/来电提醒）"
4529,NEEDS_REVIEW,低,"无法明确归类，需人工判断"
4530,HARASS,高,"包含催收/威胁关键词"
4531,TRANSACTION,高,"运营商服务通知（流量/余额/账单/来电提醒）"
4532,NEEDS_REVIEW,低,"无法明确归类，需人工判断"
4533,TRANSACTION,中,"疑似交易/服务通知，需人工确认"
4534,NEEDS_REVIEW,高,"政府/公益信息"
4535,TRANSACTION,中,"疑似交易/服务通知，需人工确认"
4536,TRANSACTION,中,"疑似交易/服务通知，需人工确认"
4537,HARASS,高,"包含催收/威胁关键词"
4538,TRANSACTION,高,"运营商服务通知（流量/余额/账单/来电提醒）"
4539,TRANSACTION,高,"包含明确的交易信息（金额/账单/到账/验证码）"
4540,TRANSACTION,中,"疑似交易/服务通知，需人工确认"
4541,NEEDS_REVIEW,低,"无法明确归类，需人工判断"
4542,TRANSACTION,中,"疑似交易/服务通知，需人工确认"
4543,TRANSACTION,中,"疑似交易/服务通知，需人工确认"
4544,TRANSACTION,高,"包含明确的交易信息（金额/账单/到账/验证码）"
4545,TRANSACTION,中,"疑似交易/服务通知，需人工确认"
4546,NEEDS_REVIEW,高,"天气预报服务信息"
4547,HARASS,高,"包含催收/威胁关键词"
4548,TRANSACTION,高,"保险/金融服务通知"
4549,TRANSACTION,高,"包含明确的交易信息（金额/账单/到账/验证码）"
4550,HARASS,高,"包含催收/威胁关键词"
4551,HARASS,高,"包含催收/威胁关键词"
4552,TRANSACTION,中,"疑似交易/服务通知，需人工确认"
4553,TRANSACTION,中,"疑似交易/服务通知，需人工确认"
4554,TRANSACTION,高,"快递/物流服务通知"
4555,NEEDS_REVIEW,低,"无法明确归类，需人工判断"
4556,TRANSACTION,中,"疑似交易/服务通知，需人工确认"
4557,NEEDS_REVIEW,低,"无法明确归类，需人工判断"
4558,NEEDS_REVIEW,低,"无法明确归类，需人工判断"
4559,TRANSACTION,中,"疑似交易/服务通知，需人工确认"
4560,NEEDS_REVIEW,低,"无法明确归类，需人工判断"
4561,NEEDS_REVIEW,低,"无法明确归类，需人工判断"
4562,NEEDS_REVIEW,高,"政府/公益/公共服务信息，无商业推广"
4563,TRANSACTION,中,"车辆服务通知"
4564,TRANSACTION,中,"疑似交易/服务通知，需人工确认"
4565,NEEDS_REVIEW,低,"无法明确归类，需人工判断"
4566,TRANSACTION,高,"包含明确的交易信息（金额/账单/到账/验证码）"
4567,NEEDS_REVIEW,低,"无法明确归类，需人工判断"
4568,AD,中,"医疗推广信息"
4569,NEEDS_REVIEW,低,"无法明确归类，需人工判断"
4570,TRANSACTION,高,"运营商服务通知（流量/余额/账单/来电提醒）"
4571,NEEDS_REVIEW,低,"无法明确归类，需人工判断"
4572,TRANSACTION,高,"保险/金融服务通知"
4573,TRANSACTION,高,"保险/金融服务通知"
4574,TRANSACTION,高,"快递/物流服务通知"
4575,HARASS,高,"包含催收/威胁关键词"
4576,NEEDS_REVIEW,高,"政府/公益/公共服务信息，无商业推广"
4577,NEEDS_REVIEW,低,"无法明确归类，需人工判断"
4578,TRANSACTION,高,"运营商服务通知（流量/余额/账单/来电提醒）"
4579,TRANSACTION,中,"疑似交易/服务通知，需人工确认"
4580,NEEDS_REVIEW,低,"无法明确归类，需人工判断"
4581,NEEDS_REVIEW,中,"服务评价邀请，边界模糊"
4582,NEEDS_REVIEW,低,"无法明确归类，需人工判断"
4583,TRANSACTION,中,"疑似交易/服务通知，需人工确认"
4584,TRANSACTION,高,"快递/物流服务通知"
4585,NEEDS_REVIEW,高,"天气预报服务信息"
4586,NEEDS_REVIEW,低,"无法明确归类，需人工判断"
4587,TRANSACTION,中,"疑似交易/服务通知，需人工确认"
4588,TRANSACTION,高,"包含明确的交易信息（金额/账单/到账/验证码）"
4589,TRANSACTION,中,"疑似交易/服务通知，需人工确认"
4590,TRANSACTION,高,"运营商服务通知（流量/余额/账单/来电提醒）"
4591,TRANSACTION,中,"疑似交易/服务通知，需人工确认"
4592,TRANSACTION,高,"运营商服务通知（流量/余额/账单/来电提醒）"
4593,NEEDS_REVIEW,低,"无法明确归类，需人工判断"
4594,NEEDS_REVIEW,低,"无法明确归类，需人工判断"
4595,NEEDS_REVIEW,低,"无法明确归类，需人工判断"
4596,NEEDS_REVIEW,高,"天气预报服务信息"
4597,TRANSACTION,中,"疑似交易/服务通知，需人工确认"
4598,NEEDS_REVIEW,低,"无法明确归类，需人工判断"
4599,TRANSACTION,高,"运营商服务通知（流量/余额/账单/来电提醒）"
4600,NEEDS_REVIEW,低,"无法明确归类，需人工判断"
4601,TRANSACTION,中,"疑似交易/服务通知，需人工确认"
4602,TRANSACTION,高,"运营商服务通知（流量/余额/账单/来电提醒）"
4603,TRANSACTION,中,"疑似交易/服务通知，需人工确认"
4604,TRANSACTION,高,"运营商服务通知（流量/余额/账单/来电提醒）"
4605,TRANSACTION,中,"疑似交易/服务通知，需人工确认"
4606,TRANSACTION,高,"包含明确的交易信息（金额/账单/到账/验证码）"
4607,TRANSACTION,高,"运营商服务通知（流量/余额/账单/来电提醒）"
4608,TRANSACTION,中,"疑似交易/服务通知，需人工确认"
4609,NEEDS_REVIEW,低,"无法明确归类，需人工判断"
4610,NEEDS_REVIEW,低,"无法明确归类，需人工判断"
4611,AD,高,"包含多个广告特征"
4612,TRANSACTION,高,"包含明确的交易信息（金额/账单/到账/验证码）"
4613,TRANSACTION,高,"包含明确的交易信息（金额/账单/到账/验证码）"
4614,TRANSACTION,中,"疑似交易/服务通知，需人工确认"
4615,TRANSACTION,中,"疑似交易/服务通知，需人工确认"
4616,NEEDS_REVIEW,低,"无法明确归类，需人工判断"
4617,NEEDS_REVIEW,高,"天气预报服务信息"
4618,TRANSACTION,高,"运营商服务通知（流量/余额/账单/来电提醒）"
4619,NEEDS_REVIEW,低,"无法明确归类，需人工判断"
4620,TRANSACTION,中,"疑似交易/服务通知，需人工确认"
4621,NEEDS_REVIEW,低,"无法明确归类，需人工判断"
4622,NEEDS_REVIEW,低,"无法明确归类，需人工判断"
4623,NEEDS_REVIEW,低,"无法明确归类，需人工判断"
4624,AD,高,"包含多个广告特征"
4625,TRANSACTION,中,"疑似交易/服务通知，需人工确认"
4626,TRANSACTION,中,"疑似交易/服务通知，需人工确认"
4627,TRANSACTION,高,"运营商服务通知（流量/余额/账单/来电提醒）"
4628,NEEDS_REVIEW,低,"无法明确归类，需人工判断"
4629,AD,高,"贷款产品推广广告"
4630,HARASS,高,"包含催收/威胁关键词"
4631,TRANSACTION,中,"疑似交易/服务通知，需人工确认"
4632,TRANSACTION,高,"快递/物流服务通知"
4633,TRANSACTION,中,"疑似交易/服务通知，需人工确认"
4634,NEEDS_REVIEW,低,"无法明确归类，需人工判断"
4635,NEEDS_REVIEW,低,"无法明确归类，需人工判断"
4636,TRANSACTION,高,"运营商服务通知（流量/余额/账单/来电提醒）"
4637,TRANSACTION,高,"保险/金融服务通知"
4638,TRANSACTION,高,"包含明确的交易信息（金额/账单/到账/验证码）"
4639,TRANSACTION,高,"快递/物流服务通知"
4640,NEEDS_REVIEW,低,"无法明确归类，需人工判断"
4641,HARASS,高,"包含催收/威胁关键词"
4642,NEEDS_REVIEW,高,"政府/公益/公共服务信息，无商业推广"
4643,AD,中,"运营商营销推广"
4644,TRANSACTION,高,"保险/金融服务通知"
4645,TRANSACTION,高,"运营商服务通知（流量/余额/账单/来电提醒）"
4646,NEEDS_REVIEW,高,"政府/公益信息"
4647,NEEDS_REVIEW,低,"无法明确归类，需人工判断"
4648,AD,中,"医疗推广信息"
4649,NEEDS_REVIEW,低,"无法明确归类，需人工判断"
4650,TRANSACTION,高,"包含明确的交易信息（金额/账单/到账/验证码）"
4651,NEEDS_REVIEW,高,"政府/公益/公共服务信息，无商业推广"
4652,TRANSACTION,高,"运营商服务通知（流量/余额/账单/来电提醒）"
4653,AD,中,"医疗推广信息"
4654,TRANSACTION,中,"疑似交易/服务通知，需人工确认"
4655,HARASS,高,"包含催收/威胁关键词"
4656,TRANSACTION,中,"疑似交易/服务通知，需人工确认"
4657,TRANSACTION,高,"包含明确的交易信息（金额/账单/到账/验证码）"
4658,AD,中,"运营商营销推广"
4659,NEEDS_REVIEW,低,"无法明确归类，需人工判断"
4660,TRANSACTION,高,"运营商服务通知（流量/余额/账单/来电提醒）"
4661,AD,中,"运营商营销推广"
4662,TRANSACTION,中,"疑似交易/服务通知，需人工确认"
4663,HARASS,高,"包含催收/威胁关键词"
4664,NEEDS_REVIEW,高,"天气预报服务信息"
4665,TRANSACTION,高,"包含明确的交易信息（金额/账单/到账/验证码）"
4666,TRANSACTION,中,"疑似交易/服务通知，需人工确认"
4667,TRANSACTION,中,"疑似交易/服务通知，需人工确认"
4668,TRANSACTION,高,"包含明确的交易信息（金额/账单/到账/验证码）"
4669,AD,中,"运营商营销推广"
4670,NEEDS_REVIEW,低,"无法明确归类，需人工判断"
4671,TRANSACTION,高,"包含明确的交易信息（金额/账单/到账/验证码）"
4672,NEEDS_REVIEW,低,"无法明确归类，需人工判断"
4673,TRANSACTION,中,"疑似交易/服务通知，需人工确认"
4674,AD,中,"运营商营销推广"
4675,TRANSACTION,高,"快递/物流服务通知"
4676,NEEDS_REVIEW,低,"无法明确归类，需人工判断"
4677,NEEDS_REVIEW,低,"无法明确归类，需人工判断"
4678,NEEDS_REVIEW,低,"无法明确归类，需人工判断"
4679,TRANSACTION,中,"疑似交易/服务通知，需人工确认"
4680,NEEDS_REVIEW,低,"无法明确归类，需人工判断"
4681,NEEDS_REVIEW,高,"天气预报服务信息"
4682,TRANSACTION,高,"运营商服务通知（流量/余额/账单/来电提醒）"
4683,TRANSACTION,中,"疑似交易/服务通知，需人工确认"
4684,NEEDS_REVIEW,高,"天气预报服务信息"
4685,NEEDS_REVIEW,低,"无法明确归类，需人工判断"
4686,NEEDS_REVIEW,中,"工作/业务通知，需人工判断"
4687,TRANSACTION,中,"疑似交易/服务通知，需人工确认"
4688,TRANSACTION,中,"疑似交易/服务通知，需人工确认"
4689,TRANSACTION,中,"疑似交易/服务通知，需人工确认"
4690,NEEDS_REVIEW,低,"无法明确归类，需人工判断"
4691,TRANSACTION,中,"疑似交易/服务通知，需人工确认"
4692,NEEDS_REVIEW,低,"无法明确归类，需人工判断"
4693,TRANSACTION,高,"运营商服务通知（流量/余额/账单/来电提醒）"
4694,NEEDS_REVIEW,低,"无法明确归类，需人工判断"
4695,TRANSACTION,中,"疑似交易/服务通知，需人工确认"
4696,TRANSACTION,高,"运营商服务通知（流量/余额/账单/来电提醒）"
4697,NEEDS_REVIEW,高,"政府/公益/公共服务信息，无商业推广"
4698,TRANSACTION,高,"运营商服务通知（流量/余额/账单/来电提醒）"
4699,NEEDS_REVIEW,高,"天气预报服务信息"
4700,NEEDS_REVIEW,低,"无法明确归类，需人工判断"
4701,TRANSACTION,高,"运营商服务通知（流量/余额/账单/来电提醒）"
4702,HARASS,高,"包含催收/威胁关键词"
4703,TRANSACTION,中,"疑似交易/服务通知，需人工确认"
4704,NEEDS_REVIEW,低,"无法明确归类，需人工判断"
4705,TRANSACTION,高,"运营商服务通知（流量/余额/账单/来电提醒）"
4706,NEEDS_REVIEW,低,"无法明确归类，需人工判断"
4707,TRANSACTION,高,"包含明确的交易信息（金额/账单/到账/验证码）"
4708,TRANSACTION,高,"运营商服务通知（流量/余额/账单/来电提醒）"
4709,AD,高,"贷款产品推广广告"
4710,TRANSACTION,高,"运营商服务通知（流量/余额/账单/来电提醒）"
4711,NEEDS_REVIEW,高,"天气预报服务信息"
4712,TRANSACTION,高,"包含明确的交易信息（金额/账单/到账/验证码）"
4713,NEEDS_REVIEW,低,"无法明确归类，需人工判断"
4714,AD,中,"运营商营销推广"
4715,TRANSACTION,中,"疑似交易/服务通知，需人工确认"
4716,NEEDS_REVIEW,高,"政府/公益信息"
4717,TRANSACTION,中,"疑似交易/服务通知，需人工确认"
4718,TRANSACTION,中,"疑似交易/服务通知，需人工确认"
4719,NEEDS_REVIEW,高,"天气预报服务信息"
4720,NEEDS_REVIEW,高,"政府/公益/公共服务信息，无商业推广"
4721,TRANSACTION,高,"快递/物流服务通知"
4722,NEEDS_REVIEW,低,"无法明确归类，需人工判断"
4723,NEEDS_REVIEW,高,"政府/公益/公共服务信息，无商业推广"
4724,NEEDS_REVIEW,低,"无法明确归类，需人工判断"
4725,NEEDS_REVIEW,低,"无法明确归类，需人工判断"
4726,TRANSACTION,中,"疑似交易/服务通知，需人工确认"
4727,NEEDS_REVIEW,低,"无法明确归类，需人工判断"
4728,TRANSACTION,中,"疑似交易/服务通知，需人工确认"
4729,AD,中,"运营商营销推广"
4730,TRANSACTION,高,"快递/物流服务通知"
4731,TRANSACTION,中,"疑似交易/服务通知，需人工确认"
4732,AD,中,"医疗推广信息"
4733,NEEDS_REVIEW,中,"工作/业务通知，需人工判断"
4734,NEEDS_REVIEW,低,"无法明确归类，需人工判断"
4735,TRANSACTION,高,"运营商服务通知（流量/余额/账单/来电提醒）"
4736,NEEDS_REVIEW,高,"天气预报服务信息"
4737,TRANSACTION,高,"运营商服务通知（流量/余额/账单/来电提醒）"
4738,TRANSACTION,中,"疑似交易/服务通知，需人工确认"
4739,NEEDS_REVIEW,低,"无法明确归类，需人工判断"
4740,TRANSACTION,高,"快递/物流服务通知"
4741,NEEDS_REVIEW,低,"无法明确归类，需人工判断"
4742,TRANSACTION,高,"包含明确的交易信息（金额/账单/到账/验证码）"
4743,NEEDS_REVIEW,低,"无法明确归类，需人工判断"
4744,NEEDS_REVIEW,低,"无法明确归类，需人工判断"
4745,NEEDS_REVIEW,低,"无法明确归类，需人工判断"
4746,TRANSACTION,高,"包含明确的交易信息（金额/账单/到账/验证码）"
4747,TRANSACTION,高,"包含明确的交易信息（金额/账单/到账/验证码）"
4748,TRANSACTION,中,"疑似交易/服务通知，需人工确认"
4749,NEEDS_REVIEW,低,"无法明确归类，需人工判断"
4750,TRANSACTION,中,"疑似交易/服务通知，需人工确认"
4751,TRANSACTION,高,"包含明确的交易信息（金额/账单/到账/验证码）"
4752,NEEDS_REVIEW,低,"无法明确归类，需人工判断"
4753,TRANSACTION,高,"快递/物流服务通知"
4754,TRANSACTION,中,"疑似交易/服务通知，需人工确认"
4755,TRANSACTION,高,"运营商服务通知（流量/余额/账单/来电提醒）"
4756,TRANSACTION,高,"运营商服务通知（流量/余额/账单/来电提醒）"
4757,NEEDS_REVIEW,低,"无法明确归类，需人工判断"
4758,TRANSACTION,高,"包含明确的交易信息（金额/账单/到账/验证码）"
4759,TRANSACTION,中,"疑似交易/服务通知，需人工确认"
4760,TRANSACTION,高,"包含明确的交易信息（金额/账单/到账/验证码）"
4761,TRANSACTION,高,"快递/物流服务通知"
4762,TRANSACTION,高,"运营商服务通知（流量/余额/账单/来电提醒）"
4763,TRANSACTION,中,"疑似交易/服务通知，需人工确认"
4764,TRANSACTION,中,"疑似交易/服务通知，需人工确认"
4765,TRANSACTION,中,"疑似交易/服务通知，需人工确认"
4766,NEEDS_REVIEW,低,"无法明确归类，需人工判断"
4767,NEEDS_REVIEW,高,"政府/公益/公共服务信息，无商业推广"
4768,AD,中,"运营商营销推广"
4769,TRANSACTION,中,"疑似交易/服务通知，需人工确认"
4770,AD,高,"包含多个广告特征"
4771,NEEDS_REVIEW,高,"政府/公益/公共服务信息，无商业推广"
4772,TRANSACTION,高,"保险/金融服务通知"
4773,NEEDS_REVIEW,低,"无法明确归类，需人工判断"
4774,NEEDS_REVIEW,高,"天气预报服务信息"
4775,TRANSACTION,高,"快递/物流服务通知"
4776,TRANSACTION,高,"包含明确的交易信息（金额/账单/到账/验证码）"
4777,TRANSACTION,中,"疑似交易/服务通知，需人工确认"
4778,TRANSACTION,中,"疑似交易/服务通知，需人工确认"
4779,TRANSACTION,中,"疑似交易/服务通知，需人工确认"
4780,TRANSACTION,高,"包含明确的交易信息（金额/账单/到账/验证码）"
4781,TRANSACTION,高,"包含明确的交易信息（金额/账单/到账/验证码）"
4782,NEEDS_REVIEW,高,"天气预报服务信息"
4783,NEEDS_REVIEW,高,"政府/公益信息"
4784,TRANSACTION,高,"包含明确的交易信息（金额/账单/到账/验证码）"
4785,AD,中,"运营商营销推广"
4786,AD,中,"运营商营销推广"
4787,NEEDS_REVIEW,高,"天气预报服务信息"
4788,TRANSACTION,中,"疑似交易/服务通知，需人工确认"
4789,TRANSACTION,高,"包含明确的交易信息（金额/账单/到账/验证码）"
4790,AD,中,"运营商营销推广"
4791,TRANSACTION,中,"疑似交易/服务通知，需人工确认"
4792,TRANSACTION,高,"运营商服务通知（流量/余额/账单/来电提醒）"
4793,NEEDS_REVIEW,低,"无法明确归类，需人工判断"
4794,TRANSACTION,中,"疑似交易/服务通知，需人工确认"
4795,NEEDS_REVIEW,低,"无法明确归类，需人工判断"
4796,HARASS,高,"包含催收/威胁关键词"
4797,TRANSACTION,中,"疑似交易/服务通知，需人工确认"
4798,TRANSACTION,中,"疑似交易/服务通知，需人工确认"
4799,TRANSACTION,中,"疑似交易/服务通知，需人工确认"
4800,AD,中,"医疗推广信息"
4801,TRANSACTION,高,"运营商服务通知（流量/余额/账单/来电提醒）"
4802,TRANSACTION,高,"运营商服务通知（流量/余额/账单/来电提醒）"
4803,TRANSACTION,中,"疑似交易/服务通知，需人工确认"
4804,TRANSACTION,中,"疑似交易/服务通知，需人工确认"
4805,NEEDS_REVIEW,低,"无法明确归类，需人工判断"
4806,AD,高,"贷款产品推广广告"
4807,NEEDS_REVIEW,低,"无法明确归类，需人工判断"
4808,TRANSACTION,高,"保险/金融服务通知"
4809,TRANSACTION,高,"保险/金融服务通知"
4810,TRANSACTION,中,"疑似交易/服务通知，需人工确认"
4811,TRANSACTION,高,"包含明确的交易信息（金额/账单/到账/验证码）"
4812,TRANSACTION,中,"疑似交易/服务通知，需人工确认"
4813,TRANSACTION,高,"包含明确的交易信息（金额/账单/到账/验证码）"
4814,TRANSACTION,高,"运营商服务通知（流量/余额/账单/来电提醒）"
4815,AD,高,"贷款产品推广广告"
4816,NEEDS_REVIEW,低,"无法明确归类，需人工判断"
4817,HARASS,高,"包含催收/威胁关键词"
4818,NEEDS_REVIEW,低,"无法明确归类，需人工判断"
4819,TRANSACTION,高,"运营商服务通知（流量/余额/账单/来电提醒）"
4820,TRANSACTION,中,"疑似交易/服务通知，需人工确认"
4821,TRANSACTION,高,"运营商服务通知（流量/余额/账单/来电提醒）"
4822,TRANSACTION,高,"快递/物流服务通知"
4823,NEEDS_REVIEW,低,"无法明确归类，需人工判断"
4824,TRANSACTION,中,"疑似交易/服务通知，需人工确认"
4825,NEEDS_REVIEW,低,"无法明确归类，需人工判断"
4826,AD,中,"运营商营销推广"
4827,TRANSACTION,中,"疑似交易/服务通知，需人工确认"
4828,TRANSACTION,高,"运营商服务通知（流量/余额/账单/来电提醒）"
4829,NEEDS_REVIEW,低,"无法明确归类，需人工判断"
4830,TRANSACTION,中,"疑似交易/服务通知，需人工确认"
4831,NEEDS_REVIEW,中,"工作/业务通知，需人工判断"
4832,TRANSACTION,高,"运营商服务通知（流量/余额/账单/来电提醒）"
4833,TRANSACTION,高,"包含明确的交易信息（金额/账单/到账/验证码）"
4834,TRANSACTION,高,"运营商服务通知（流量/余额/账单/来电提醒）"
4835,TRANSACTION,中,"疑似交易/服务通知，需人工确认"
4836,TRANSACTION,中,"疑似交易/服务通知，需人工确认"
4837,TRANSACTION,高,"快递/物流服务通知"
4838,TRANSACTION,中,"疑似交易/服务通知，需人工确认"
4839,AD,高,"包含多个广告特征"
4840,NEEDS_REVIEW,低,"无法明确归类，需人工判断"
4841,TRANSACTION,高,"运营商服务通知（流量/余额/账单/来电提醒）"
4842,NEEDS_REVIEW,低,"无法明确归类，需人工判断"
4843,TRANSACTION,中,"疑似交易/服务通知，需人工确认"
4844,NEEDS_REVIEW,低,"无法明确归类，需人工判断"
4845,TRANSACTION,高,"包含明确的交易信息（金额/账单/到账/验证码）"
4846,NEEDS_REVIEW,高,"政府/公益信息"
4847,NEEDS_REVIEW,低,"无法明确归类，需人工判断"
4848,NEEDS_REVIEW,低,"无法明确归类，需人工判断"
4849,TRANSACTION,高,"快递/物流服务通知"
4850,AD,中,"运营商营销推广"
4851,TRANSACTION,高,"运营商服务通知（流量/余额/账单/来电提醒）"
4852,TRANSACTION,中,"疑似交易/服务通知，需人工确认"
4853,NEEDS_REVIEW,高,"政府/公益/公共服务信息，无商业推广"
4854,NEEDS_REVIEW,高,"政府/公益/公共服务信息，无商业推广"
4855,TRANSACTION,中,"疑似交易/服务通知，需人工确认"
4856,NEEDS_REVIEW,低,"无法明确归类，需人工判断"
4857,TRANSACTION,高,"包含明确的交易信息（金额/账单/到账/验证码）"
4858,TRANSACTION,高,"运营商服务通知（流量/余额/账单/来电提醒）"
4859,TRANSACTION,高,"运营商服务通知（流量/余额/账单/来电提醒）"
4860,TRANSACTION,中,"疑似交易/服务通知，需人工确认"
4861,TRANSACTION,高,"快递/物流服务通知"
4862,TRANSACTION,高,"快递/物流服务通知"
4863,TRANSACTION,中,"疑似交易/服务通知，需人工确认"
4864,NEEDS_REVIEW,低,"无法明确归类，需人工判断"
4865,HARASS,高,"包含催收/威胁关键词"
4866,NEEDS_REVIEW,低,"无法明确归类，需人工判断"
4867,NEEDS_REVIEW,低,"无法明确归类，需人工判断"
4868,NEEDS_REVIEW,高,"天气预报服务信息"
4869,HARASS,高,"包含催收/威胁关键词"
4870,TRANSACTION,中,"疑似交易/服务通知，需人工确认"
4871,TRANSACTION,中,"疑似交易/服务通知，需人工确认"
4872,AD,中,"运营商营销推广"
4873,AD,高,"产品营销广告"
4874,TRANSACTION,中,"疑似交易/服务通知，需人工确认"
4875,TRANSACTION,中,"疑似交易/服务通知，需人工确认"
4876,TRANSACTION,高,"包含明确的交易信息（金额/账单/到账/验证码）"
4877,TRANSACTION,高,"快递/物流服务通知"
4878,NEEDS_REVIEW,高,"天气预报服务信息"
4879,TRANSACTION,高,"保险/金融服务通知"
4880,TRANSACTION,中,"疑似交易/服务通知，需人工确认"
4881,TRANSACTION,中,"疑似交易/服务通知，需人工确认"
4882,NEEDS_REVIEW,低,"无法明确归类，需人工判断"
4883,TRANSACTION,中,"疑似交易/服务通知，需人工确认"
4884,TRANSACTION,中,"疑似交易/服务通知，需人工确认"
4885,NEEDS_REVIEW,高,"天气预报服务信息"
4886,TRANSACTION,高,"运营商服务通知（流量/余额/账单/来电提醒）"
4887,NEEDS_REVIEW,高,"天气预报服务信息"
4888,TRANSACTION,高,"运营商服务通知（流量/余额/账单/来电提醒）"
4889,TRANSACTION,高,"包含明确的交易信息（金额/账单/到账/验证码）"
4890,NEEDS_REVIEW,低,"无法明确归类，需人工判断"
4891,TRANSACTION,高,"保险/金融服务通知"
4892,TRANSACTION,中,"疑似交易/服务通知，需人工确认"
4893,NEEDS_REVIEW,低,"无法明确归类，需人工判断"
4894,NEEDS_REVIEW,高,"政府/公益信息"
4895,NEEDS_REVIEW,高,"天气预报服务信息"
4896,NEEDS_REVIEW,高,"天气预报服务信息"
4897,TRANSACTION,高,"保险/金融服务通知"
4898,TRANSACTION,中,"疑似交易/服务通知，需人工确认"
4899,NEEDS_REVIEW,低,"无法明确归类，需人工判断"
4900,TRANSACTION,高,"运营商服务通知（流量/余额/账单/来电提醒）"
4901,NEEDS_REVIEW,低,"无法明确归类，需人工判断"
4902,AD,中,"运营商营销推广"
4903,TRANSACTION,中,"疑似交易/服务通知，需人工确认"
4904,AD,中,"运营商营销推广"
4905,TRANSACTION,中,"疑似交易/服务通知，需人工确认"
4906,TRANSACTION,高,"运营商服务通知（流量/余额/账单/来电提醒）"
4907,NEEDS_REVIEW,低,"无法明确归类，需人工判断"
4908,TRANSACTION,中,"疑似交易/服务通知，需人工确认"
4909,TRANSACTION,高,"快递/物流服务通知"
4910,NEEDS_REVIEW,低,"无法明确归类，需人工判断"
4911,TRANSACTION,中,"疑似交易/服务通知，需人工确认"
4912,TRANSACTION,高,"运营商服务通知（流量/余额/账单/来电提醒）"
4913,NEEDS_REVIEW,低,"无法明确归类，需人工判断"
4914,TRANSACTION,中,"疑似交易/服务通知，需人工确认"
4915,TRANSACTION,高,"快递/物流服务通知"
4916,NEEDS_REVIEW,高,"政府/公益/公共服务信息，无商业推广"
4917,TRANSACTION,中,"疑似交易/服务通知，需人工确认"
4918,NEEDS_REVIEW,低,"无法明确归类，需人工判断"
4919,NEEDS_REVIEW,低,"无法明确归类，需人工判断"
4920,TRANSACTION,中,"疑似交易/服务通知，需人工确认"
4921,NEEDS_REVIEW,低,"无法明确归类，需人工判断"
4922,AD,高,"包含多个广告特征"
4923,TRANSACTION,中,"疑似交易/服务通知，需人工确认"
4924,TRANSACTION,中,"疑似交易/服务通知，需人工确认"
4925,NEEDS_REVIEW,低,"无法明确归类，需人工判断"
4926,TRANSACTION,高,"运营商服务通知（流量/余额/账单/来电提醒）"
4927,AD,中,"运营商营销推广"
4928,NEEDS_REVIEW,高,"天气预报服务信息"
4929,NEEDS_REVIEW,低,"无法明确归类，需人工判断"
4930,NEEDS_REVIEW,低,"无法明确归类，需人工判断"
4931,TRANSACTION,高,"运营商服务通知（流量/余额/账单/来电提醒）"
4932,NEEDS_REVIEW,高,"政府/公益/公共服务信息，无商业推广"
4933,NEEDS_REVIEW,高,"政府/公益/公共服务信息，无商业推广"
4934,TRANSACTION,中,"疑似交易/服务通知，需人工确认"
4935,AD,高,"包含多个广告特征"
4936,NEEDS_REVIEW,低,"无法明确归类，需人工判断"
4937,NEEDS_REVIEW,低,"无法明确归类，需人工判断"
4938,TRANSACTION,中,"疑似交易/服务通知，需人工确认"
4939,AD,中,"运营商营销推广"
4940,TRANSACTION,中,"疑似交易/服务通知，需人工确认"
4941,AD,高,"贷款产品推广广告"
4942,TRANSACTION,中,"疑似交易/服务通知，需人工确认"
4943,NEEDS_REVIEW,低,"无法明确归类，需人工判断"
4944,TRANSACTION,高,"快递/物流服务通知"
4945,NEEDS_REVIEW,低,"无法明确归类，需人工判断"
4946,NEEDS_REVIEW,低,"无法明确归类，需人工判断"
4947,TRANSACTION,中,"疑似交易/服务通知，需人工确认"
4948,TRANSACTION,高,"快递/物流服务通知"
4949,TRANSACTION,高,"运营商服务通知（流量/余额/账单/来电提醒）"
4950,NEEDS_REVIEW,高,"天气预报服务信息"
4951,NEEDS_REVIEW,低,"无法明确归类，需人工判断"
4952,TRANSACTION,中,"疑似交易/服务通知，需人工确认"
4953,TRANSACTION,高,"包含明确的交易信息（金额/账单/到账/验证码）"
4954,TRANSACTION,高,"运营商服务通知（流量/余额/账单/来电提醒）"
4955,TRANSACTION,中,"疑似交易/服务通知，需人工确认"
4956,TRANSACTION,高,"包含明确的交易信息（金额/账单/到账/验证码）"
4957,AD,中,"医疗推广信息"
4958,TRANSACTION,高,"运营商服务通知（流量/余额/账单/来电提醒）"
4959,NEEDS_REVIEW,低,"无法明确归类，需人工判断"
4960,TRANSACTION,中,"疑似交易/服务通知，需人工确认"
4961,NEEDS_REVIEW,低,"无法明确归类，需人工判断"
4962,TRANSACTION,中,"疑似交易/服务通知，需人工确认"
4963,NEEDS_REVIEW,低,"无法明确归类，需人工判断"
4964,NEEDS_REVIEW,低,"无法明确归类，需人工判断"
4965,HARASS,高,"包含催收/威胁关键词"
4966,AD,中,"运营商营销推广"
4967,TRANSACTION,高,"运营商服务通知（流量/余额/账单/来电提醒）"
4968,AD,中,"运营商营销推广"
4969,AD,中,"教育培训推广"
4970,TRANSACTION,中,"疑似交易/服务通知，需人工确认"
4971,NEEDS_REVIEW,低,"无法明确归类，需人工判断"
4972,NEEDS_REVIEW,低,"无法明确归类，需人工判断"
4973,TRANSACTION,中,"疑似交易/服务通知，需人工确认"
4974,TRANSACTION,中,"疑似交易/服务通知，需人工确认"
4975,NEEDS_REVIEW,低,"无法明确归类，需人工判断"
4976,TRANSACTION,高,"运营商服务通知（流量/余额/账单/来电提醒）"
4977,AD,高,"包含多个广告特征"
4978,NEEDS_REVIEW,高,"政府/公益/公共服务信息，无商业推广"
4979,NEEDS_REVIEW,低,"无法明确归类，需人工判断"
4980,NEEDS_REVIEW,低,"无法明确归类，需人工判断"
4981,NEEDS_REVIEW,低,"无法明确归类，需人工判断"
4982,AD,中,"运营商营销推广"
4983,AD,中,"运营商营销推广"
4984,TRANSACTION,高,"保险/金融服务通知"
4985,TRANSACTION,高,"包含明确的交易信息（金额/账单/到账/验证码）"
4986,TRANSACTION,中,"疑似交易/服务通知，需人工确认"
4987,TRANSACTION,高,"运营商服务通知（流量/余额/账单/来电提醒）"
4988,AD,中,"医疗推广信息"
4989,NEEDS_REVIEW,低,"无法明确归类，需人工判断"
4990,NEEDS_REVIEW,低,"无法明确归类，需人工判断"
4991,NEEDS_REVIEW,低,"无法明确归类，需人工判断"
4992,NEEDS_REVIEW,高,"政府/公益/公共服务信息，无商业推广"
4993,TRANSACTION,高,"包含明确的交易信息（金额/账单/到账/验证码）"
4994,NEEDS_REVIEW,低,"无法明确归类，需人工判断"
4995,TRANSACTION,高,"运营商服务通知（流量/余额/账单/来电提醒）"
4996,TRANSACTION,高,"运营商服务通知（流量/余额/账单/来电提醒）"
4997,TRANSACTION,高,"运营商服务通知（流量/余额/账单/来电提醒）"
4998,TRANSACTION,高,"包含明确的交易信息（金额/账单/到账/验证码）"
4999,TRANSACTION,高,"包含明确的交易信息（金额/账单/到账/验证码）"
5000,NEEDS_REVIEW,高,"政府/公益/公共服务信息，无商业推广"
5001,HARASS,高,"包含催收/威胁关键词"
5002,TRANSACTION,高,"快递/物流服务通知"
5003,TRANSACTION,中,"疑似交易/服务通知，需人工确认"
5004,TRANSACTION,高,"快递/物流服务通知"
5005,TRANSACTION,高,"运营商服务通知（流量/余额/账单/来电提醒）"
5006,TRANSACTION,中,"疑似交易/服务通知，需人工确认"
5007,TRANSACTION,中,"疑似交易/服务通知，需人工确认"
5008,NEEDS_REVIEW,低,"无法明确归类，需人工判断"
5009,NEEDS_REVIEW,低,"无法明确归类，需人工判断"
5010,TRANSACTION,中,"疑似交易/服务通知，需人工确认"
5011,AD,中,"运营商营销推广"
5012,NEEDS_REVIEW,高,"天气预报服务信息"
5013,AD,高,"包含多个广告特征"
5014,NEEDS_REVIEW,高,"天气预报服务信息"
5015,TRANSACTION,中,"疑似交易/服务通知，需人工确认"
5016,NEEDS_REVIEW,低,"无法明确归类，需人工判断"
5017,TRANSACTION,高,"运营商服务通知（流量/余额/账单/来电提醒）"
5018,NEEDS_REVIEW,高,"天气预报服务信息"
5019,NEEDS_REVIEW,高,"政府/公益/公共服务信息，无商业推广"
5020,NEEDS_REVIEW,高,"天气预报服务信息"
5021,NEEDS_REVIEW,低,"无法明确归类，需人工判断"
5022,TRANSACTION,中,"疑似交易/服务通知，需人工确认"
5023,TRANSACTION,中,"疑似交易/服务通知，需人工确认"
5024,TRANSACTION,中,"疑似交易/服务通知，需人工确认"
5025,AD,中,"医疗推广信息"
5026,TRANSACTION,高,"快递/物流服务通知"
5027,TRANSACTION,高,"包含明确的交易信息（金额/账单/到账/验证码）"
5028,TRANSACTION,高,"运营商服务通知（流量/余额/账单/来电提醒）"
5029,TRANSACTION,高,"保险/金融服务通知"
5030,TRANSACTION,高,"运营商服务通知（流量/余额/账单/来电提醒）"
5031,NEEDS_REVIEW,低,"无法明确归类，需人工判断"
5032,HARASS,高,"包含催收/威胁关键词"
5033,TRANSACTION,中,"疑似交易/服务通知，需人工确认"
5034,NEEDS_REVIEW,低,"无法明确归类，需人工判断"
5035,AD,中,"运营商营销推广"
5036,TRANSACTION,高,"快递/物流服务通知"
5037,TRANSACTION,中,"疑似交易/服务通知，需人工确认"
5038,NEEDS_REVIEW,低,"无法明确归类，需人工判断"
5039,TRANSACTION,中,"疑似交易/服务通知，需人工确认"
5040,TRANSACTION,高,"包含明确的交易信息（金额/账单/到账/验证码）"
5041,NEEDS_REVIEW,高,"政府/公益/公共服务信息，无商业推广"
5042,TRANSACTION,高,"包含明确的交易信息（金额/账单/到账/验证码）"
5043,TRANSACTION,高,"运营商服务通知（流量/余额/账单/来电提醒）"
5044,NEEDS_REVIEW,低,"无法明确归类，需人工判断"
5045,TRANSACTION,中,"疑似交易/服务通知，需人工确认"
5046,TRANSACTION,高,"运营商服务通知（流量/余额/账单/来电提醒）"
5047,TRANSACTION,高,"运营商服务通知（流量/余额/账单/来电提醒）"
5048,TRANSACTION,中,"疑似交易/服务通知，需人工确认"
5049,NEEDS_REVIEW,高,"天气预报服务信息"
5050,NEEDS_REVIEW,低,"无法明确归类，需人工判断"
5051,TRANSACTION,中,"疑似交易/服务通知，需人工确认"
5052,NEEDS_REVIEW,低,"无法明确归类，需人工判断"
5053,NEEDS_REVIEW,低,"无法明确归类，需人工判断"
5054,TRANSACTION,中,"疑似交易/服务通知，需人工确认"
5055,NEEDS_REVIEW,低,"无法明确归类，需人工判断"
5056,NEEDS_REVIEW,低,"无法明确归类，需人工判断"
5057,NEEDS_REVIEW,低,"无法明确归类，需人工判断"
5058,NEEDS_REVIEW,高,"政府/公益信息"
5059,TRANSACTION,中,"疑似交易/服务通知，需人工确认"
5060,NEEDS_REVIEW,高,"天气预报服务信息"
5061,AD,中,"运营商营销推广"
5062,AD,高,"贷款产品推广广告"
5063,NEEDS_REVIEW,低,"无法明确归类，需人工判断"
5064,AD,中,"运营商营销推广"
5065,NEEDS_REVIEW,高,"天气预报服务信息"
5066,TRANSACTION,中,"疑似交易/服务通知，需人工确认"
5067,TRANSACTION,高,"快递/物流服务通知"
5068,NEEDS_REVIEW,高,"天气预报服务信息"
5069,TRANSACTION,高,"运营商服务通知（流量/余额/账单/来电提醒）"
5070,NEEDS_REVIEW,低,"无法明确归类，需人工判断"
5071,TRANSACTION,中,"疑似交易/服务通知，需人工确认"
5072,AD,中,"医疗推广信息"
5073,TRANSACTION,高,"快递/物流服务通知"
5074,NEEDS_REVIEW,低,"无法明确归类，需人工判断"
5075,AD,高,"包含多个广告特征"
5076,NEEDS_REVIEW,中,"工作/业务通知，需人工判断"
5077,AD,中,"医疗推广信息"
5078,TRANSACTION,高,"快递/物流服务通知"
5079,TRANSACTION,高,"包含明确的交易信息（金额/账单/到账/验证码）"
5080,TRANSACTION,高,"运营商服务通知（流量/余额/账单/来电提醒）"
5081,TRANSACTION,高,"包含明确的交易信息（金额/账单/到账/验证码）"
5082,TRANSACTION,中,"疑似交易/服务通知，需人工确认"
5083,TRANSACTION,高,"包含明确的交易信息（金额/账单/到账/验证码）"
5084,TRANSACTION,中,"疑似交易/服务通知，需人工确认"
5085,TRANSACTION,中,"疑似交易/服务通知，需人工确认"
5086,NEEDS_REVIEW,低,"无法明确归类，需人工判断"
5087,TRANSACTION,高,"包含明确的交易信息（金额/账单/到账/验证码）"
5088,NEEDS_REVIEW,低,"无法明确归类，需人工判断"
5089,TRANSACTION,高,"包含明确的交易信息（金额/账单/到账/验证码）"
5090,TRANSACTION,中,"疑似交易/服务通知，需人工确认"
5091,TRANSACTION,高,"运营商服务通知（流量/余额/账单/来电提醒）"
5092,TRANSACTION,高,"运营商服务通知（流量/余额/账单/来电提醒）"
5093,NEEDS_REVIEW,高,"天气预报服务信息"
5094,AD,中,"运营商营销推广"
5095,NEEDS_REVIEW,低,"无法明确归类，需人工判断"
5096,AD,中,"医疗推广信息"
5097,NEEDS_REVIEW,低,"无法明确归类，需人工判断"
5098,TRANSACTION,中,"疑似交易/服务通知，需人工确认"
5099,TRANSACTION,中,"车辆服务通知"
5100,TRANSACTION,中,"疑似交易/服务通知，需人工确认"
5101,TRANSACTION,中,"疑似交易/服务通知，需人工确认"
5102,TRANSACTION,中,"疑似交易/服务通知，需人工确认"
5103,TRANSACTION,中,"疑似交易/服务通知，需人工确认"
5104,NEEDS_REVIEW,低,"无法明确归类，需人工判断"
5105,AD,中,"医疗推广信息"
5106,NEEDS_REVIEW,低,"无法明确归类，需人工判断"
5107,NEEDS_REVIEW,低,"无法明确归类，需人工判断"
5108,NEEDS_REVIEW,低,"无法明确归类，需人工判断"
5109,NEEDS_REVIEW,低,"无法明确归类，需人工判断"
5110,TRANSACTION,高,"快递/物流服务通知"
5111,TRANSACTION,高,"快递/物流服务通知"
5112,NEEDS_REVIEW,低,"无法明确归类，需人工判断"
5113,TRANSACTION,高,"包含明确的交易信息（金额/账单/到账/验证码）"
5114,NEEDS_REVIEW,高,"政府/公益/公共服务信息，无商业推广"
5115,TRANSACTION,高,"保险/金融服务通知"
5116,TRANSACTION,高,"包含明确的交易信息（金额/账单/到账/验证码）"
5117,TRANSACTION,高,"包含明确的交易信息（金额/账单/到账/验证码）"
5118,NEEDS_REVIEW,低,"无法明确归类，需人工判断"
5119,NEEDS_REVIEW,低,"无法明确归类，需人工判断"
5120,TRANSACTION,中,"疑似交易/服务通知，需人工确认"
5121,AD,中,"运营商营销推广"
5122,TRANSACTION,中,"疑似交易/服务通知，需人工确认"
5123,TRANSACTION,中,"疑似交易/服务通知，需人工确认"
5124,AD,中,"运营商营销推广"
5125,NEEDS_REVIEW,低,"无法明确归类，需人工判断"
5126,TRANSACTION,高,"保险/金融服务通知"
5127,TRANSACTION,高,"保险/金融服务通知"
5128,AD,中,"运营商营销推广"
5129,TRANSACTION,高,"包含明确的交易信息（金额/账单/到账/验证码）"
5130,NEEDS_REVIEW,高,"政府/公益信息"
5131,TRANSACTION,中,"疑似交易/服务通知，需人工确认"
5132,NEEDS_REVIEW,高,"政府/公益/公共服务信息，无商业推广"
5133,TRANSACTION,中,"疑似交易/服务通知，需人工确认"
5134,TRANSACTION,中,"疑似交易/服务通知，需人工确认"
5135,NEEDS_REVIEW,高,"政府/公益/公共服务信息，无商业推广"
5136,NEEDS_REVIEW,低,"无法明确归类，需人工判断"
5137,TRANSACTION,高,"保险/金融服务通知"
5138,NEEDS_REVIEW,低,"无法明确归类，需人工判断"
5139,TRANSACTION,高,"快递/物流服务通知"
5140,TRANSACTION,中,"疑似交易/服务通知，需人工确认"
5141,AD,中,"运营商营销推广"
5142,TRANSACTION,高,"运营商服务通知（流量/余额/账单/来电提醒）"
5143,AD,高,"贷款产品推广广告"
5144,AD,中,"医疗推广信息"
5145,NEEDS_REVIEW,低,"无法明确归类，需人工判断"
5146,NEEDS_REVIEW,低,"无法明确归类，需人工判断"
5147,NEEDS_REVIEW,低,"无法明确归类，需人工判断"
5148,TRANSACTION,高,"包含明确的交易信息（金额/账单/到账/验证码）"
5149,TRANSACTION,中,"疑似交易/服务通知，需人工确认"
5150,TRANSACTION,高,"运营商服务通知（流量/余额/账单/来电提醒）"
5151,NEEDS_REVIEW,高,"政府/公益信息"
5152,TRANSACTION,高,"快递/物流服务通知"
5153,NEEDS_REVIEW,高,"政府/公益信息"
5154,TRANSACTION,高,"包含明确的交易信息（金额/账单/到账/验证码）"
5155,TRANSACTION,中,"疑似交易/服务通知，需人工确认"
5156,TRANSACTION,高,"保险/金融服务通知"
5157,AD,高,"产品营销广告"
5158,NEEDS_REVIEW,高,"政府/公益/公共服务信息，无商业推广"
5159,TRANSACTION,高,"包含明确的交易信息（金额/账单/到账/验证码）"
5160,NEEDS_REVIEW,低,"无法明确归类，需人工判断"
5161,TRANSACTION,中,"疑似交易/服务通知，需人工确认"
5162,TRANSACTION,高,"快递/物流服务通知"
5163,TRANSACTION,中,"疑似交易/服务通知，需人工确认"
5164,TRANSACTION,高,"快递/物流服务通知"
5165,NEEDS_REVIEW,中,"工作/业务通知，需人工判断"
5166,AD,中,"运营商营销推广"
5167,NEEDS_REVIEW,低,"无法明确归类，需人工判断"
5168,TRANSACTION,高,"快递/物流服务通知"
5169,TRANSACTION,中,"疑似交易/服务通知，需人工确认"
5170,HARASS,高,"匹配催收模式"
5171,TRANSACTION,高,"运营商服务通知（流量/余额/账单/来电提醒）"
5172,NEEDS_REVIEW,中,"工作/业务通知，需人工判断"
5173,AD,中,"运营商营销推广"
5174,NEEDS_REVIEW,低,"无法明确归类，需人工判断"
5175,TRANSACTION,中,"疑似交易/服务通知，需人工确认"
5176,HARASS,高,"包含催收/威胁关键词"
5177,TRANSACTION,中,"疑似交易/服务通知，需人工确认"
5178,TRANSACTION,高,"包含明确的交易信息（金额/账单/到账/验证码）"
5179,TRANSACTION,高,"运营商服务通知（流量/余额/账单/来电提醒）"
5180,TRANSACTION,高,"包含明确的交易信息（金额/账单/到账/验证码）"
5181,HARASS,高,"包含催收/威胁关键词"
5182,TRANSACTION,高,"快递/物流服务通知"
5183,TRANSACTION,中,"疑似交易/服务通知，需人工确认"
5184,TRANSACTION,中,"疑似交易/服务通知，需人工确认"
5185,AD,高,"包含多个广告特征"
5186,TRANSACTION,中,"疑似交易/服务通知，需人工确认"
5187,TRANSACTION,高,"运营商服务通知（流量/余额/账单/来电提醒）"
5188,NEEDS_REVIEW,低,"无法明确归类，需人工判断"
5189,NEEDS_REVIEW,高,"天气预报服务信息"
5190,NEEDS_REVIEW,低,"无法明确归类，需人工判断"
5191,TRANSACTION,高,"保险/金融服务通知"
5192,AD,中,"医疗推广信息"
5193,NEEDS_REVIEW,低,"无法明确归类，需人工判断"
5194,TRANSACTION,中,"疑似交易/服务通知，需人工确认"
5195,TRANSACTION,中,"疑似交易/服务通知，需人工确认"
5196,NEEDS_REVIEW,高,"政府/公益/公共服务信息，无商业推广"
5197,TRANSACTION,高,"保险/金融服务通知"
5198,NEEDS_REVIEW,低,"无法明确归类，需人工判断"
5199,TRANSACTION,高,"包含明确的交易信息（金额/账单/到账/验证码）"
5200,AD,高,"产品营销广告"
5201,TRANSACTION,高,"快递/物流服务通知"
5202,NEEDS_REVIEW,低,"无法明确归类，需人工判断"
5203,TRANSACTION,高,"运营商服务通知（流量/余额/账单/来电提醒）"
5204,AD,中,"医疗推广信息"
5205,NEEDS_REVIEW,中,"工作/业务通知，需人工判断"
5206,NEEDS_REVIEW,高,"政府/公益/公共服务信息，无商业推广"
5207,AD,中,"医疗推广信息"
5208,TRANSACTION,中,"疑似交易/服务通知，需人工确认"
5209,TRANSACTION,高,"包含明确的交易信息（金额/账单/到账/验证码）"
5210,TRANSACTION,高,"运营商服务通知（流量/余额/账单/来电提醒）"
5211,TRANSACTION,高,"保险/金融服务通知"
5212,TRANSACTION,中,"疑似交易/服务通知，需人工确认"
5213,TRANSACTION,高,"包含明确的交易信息（金额/账单/到账/验证码）"
5214,TRANSACTION,中,"疑似交易/服务通知，需人工确认"
5215,TRANSACTION,中,"疑似交易/服务通知，需人工确认"
5216,NEEDS_REVIEW,低,"无法明确归类，需人工判断"
5217,NEEDS_REVIEW,低,"无法明确归类，需人工判断"
5218,NEEDS_REVIEW,高,"政府/公益/公共服务信息，无商业推广"
5219,TRANSACTION,中,"疑似交易/服务通知，需人工确认"
5220,TRANSACTION,高,"包含明确的交易信息（金额/账单/到账/验证码）"
5221,TRANSACTION,高,"运营商服务通知（流量/余额/账单/来电提醒）"
5222,NEEDS_REVIEW,低,"无法明确归类，需人工判断"
5223,TRANSACTION,中,"疑似交易/服务通知，需人工确认"
5224,TRANSACTION,高,"保险/金融服务通知"
5225,TRANSACTION,高,"包含明确的交易信息（金额/账单/到账/验证码）"
5226,NEEDS_REVIEW,高,"政府/公益/公共服务信息，无商业推广"
5227,TRANSACTION,高,"包含明确的交易信息（金额/账单/到账/验证码）"
5228,TRANSACTION,中,"疑似交易/服务通知，需人工确认"
5229,TRANSACTION,中,"疑似交易/服务通知，需人工确认"
5230,TRANSACTION,中,"疑似交易/服务通知，需人工确认"
5231,TRANSACTION,中,"疑似交易/服务通知，需人工确认"
5232,TRANSACTION,高,"运营商服务通知（流量/余额/账单/来电提醒）"
5233,NEEDS_REVIEW,高,"政府/公益/公共服务信息，无商业推广"
5234,NEEDS_REVIEW,低,"无法明确归类，需人工判断"
5235,HARASS,高,"包含催收/威胁关键词"
5236,HARASS,高,"包含催收/威胁关键词"
5237,TRANSACTION,高,"包含明确的交易信息（金额/账单/到账/验证码）"
5238,NEEDS_REVIEW,低,"无法明确归类，需人工判断"
5239,NEEDS_REVIEW,低,"无法明确归类，需人工判断"
5240,TRANSACTION,中,"疑似交易/服务通知，需人工确认"
5241,AD,中,"教育培训推广"
5242,TRANSACTION,中,"疑似交易/服务通知，需人工确认"
5243,TRANSACTION,中,"疑似交易/服务通知，需人工确认"
5244,TRANSACTION,高,"运营商服务通知（流量/余额/账单/来电提醒）"
5245,TRANSACTION,中,"疑似交易/服务通知，需人工确认"
5246,TRANSACTION,中,"疑似交易/服务通知，需人工确认"
5247,TRANSACTION,中,"疑似交易/服务通知，需人工确认"
5248,NEEDS_REVIEW,低,"无法明确归类，需人工判断"
5249,NEEDS_REVIEW,低,"无法明确归类，需人工判断"
5250,NEEDS_REVIEW,低,"无法明确归类，需人工判断"
5251,AD,中,"运营商营销推广"
5252,NEEDS_REVIEW,高,"天气预报服务信息"
5253,HARASS,高,"包含催收/威胁关键词"
5254,NEEDS_REVIEW,低,"无法明确归类，需人工判断"
5255,TRANSACTION,高,"快递/物流服务通知"
5256,TRANSACTION,高,"包含明确的交易信息（金额/账单/到账/验证码）"
5257,TRANSACTION,中,"疑似交易/服务通知，需人工确认"
5258,TRANSACTION,高,"快递/物流服务通知"
5259,TRANSACTION,中,"疑似交易/服务通知，需人工确认"
5260,AD,中,"医疗推广信息"
5261,AD,中,"运营商营销推广"
5262,TRANSACTION,高,"包含明确的交易信息（金额/账单/到账/验证码）"
5263,TRANSACTION,高,"运营商服务通知（流量/余额/账单/来电提醒）"
5264,TRANSACTION,中,"疑似交易/服务通知，需人工确认"
5265,NEEDS_REVIEW,低,"无法明确归类，需人工判断"
5266,NEEDS_REVIEW,低,"无法明确归类，需人工判断"
5267,TRANSACTION,高,"快递/物流服务通知"
5268,TRANSACTION,高,"包含明确的交易信息（金额/账单/到账/验证码）"
5269,NEEDS_REVIEW,低,"无法明确归类，需人工判断"
5270,HARASS,高,"包含催收/威胁关键词"
5271,NEEDS_REVIEW,低,"无法明确归类，需人工判断"
5272,TRANSACTION,高,"运营商服务通知（流量/余额/账单/来电提醒）"
5273,TRANSACTION,中,"疑似交易/服务通知，需人工确认"
5274,NEEDS_REVIEW,低,"无法明确归类，需人工判断"
5275,AD,高,"包含多个广告特征"
5276,TRANSACTION,高,"包含明确的交易信息（金额/账单/到账/验证码）"
5277,TRANSACTION,高,"运营商服务通知（流量/余额/账单/来电提醒）"
5278,TRANSACTION,中,"疑似交易/服务通知，需人工确认"
5279,TRANSACTION,高,"包含明确的交易信息（金额/账单/到账/验证码）"
5280,TRANSACTION,高,"包含明确的交易信息（金额/账单/到账/验证码）"
5281,TRANSACTION,高,"运营商服务通知（流量/余额/账单/来电提醒）"
5282,NEEDS_REVIEW,低,"无法明确归类，需人工判断"
5283,TRANSACTION,高,"包含明确的交易信息（金额/账单/到账/验证码）"
5284,TRANSACTION,中,"疑似交易/服务通知，需人工确认"
5285,AD,中,"运营商营销推广"
5286,NEEDS_REVIEW,低,"无法明确归类，需人工判断"
5287,TRANSACTION,中,"疑似交易/服务通知，需人工确认"
5288,TRANSACTION,高,"包含明确的交易信息（金额/账单/到账/验证码）"
5289,NEEDS_REVIEW,低,"无法明确归类，需人工判断"
5290,AD,中,"运营商营销推广"
5291,NEEDS_REVIEW,低,"无法明确归类，需人工判断"
5292,TRANSACTION,中,"疑似交易/服务通知，需人工确认"
5293,NEEDS_REVIEW,低,"无法明确归类，需人工判断"
5294,NEEDS_REVIEW,高,"天气预报服务信息"
5295,NEEDS_REVIEW,低,"无法明确归类，需人工判断"
5296,TRANSACTION,高,"包含明确的交易信息（金额/账单/到账/验证码）"
5297,TRANSACTION,中,"疑似交易/服务通知，需人工确认"
5298,TRANSACTION,中,"疑似交易/服务通知，需人工确认"
5299,AD,中,"运营商营销推广"
5300,TRANSACTION,中,"疑似交易/服务通知，需人工确认"
5301,NEEDS_REVIEW,高,"政府/公益/公共服务信息，无商业推广"
5302,TRANSACTION,高,"包含明确的交易信息（金额/账单/到账/验证码）"
5303,TRANSACTION,高,"快递/物流服务通知"
5304,AD,中,"运营商营销推广"
5305,NEEDS_REVIEW,高,"天气预报服务信息"
5306,TRANSACTION,中,"疑似交易/服务通知，需人工确认"
5307,NEEDS_REVIEW,低,"无法明确归类，需人工判断"
5308,NEEDS_REVIEW,低,"无法明确归类，需人工判断"
5309,TRANSACTION,高,"运营商服务通知（流量/余额/账单/来电提醒）"
5310,NEEDS_REVIEW,低,"无法明确归类，需人工判断"
5311,TRANSACTION,高,"包含明确的交易信息（金额/账单/到账/验证码）"
5312,AD,中,"运营商营销推广"
5313,NEEDS_REVIEW,高,"天气预报服务信息"
5314,AD,高,"产品营销广告"
5315,TRANSACTION,高,"运营商服务通知（流量/余额/账单/来电提醒）"
5316,NEEDS_REVIEW,低,"无法明确归类，需人工判断"
5317,AD,中,"运营商营销推广"
5318,TRANSACTION,高,"快递/物流服务通知"
5319,TRANSACTION,高,"快递/物流服务通知"
5320,AD,中,"运营商营销推广"
5321,NEEDS_REVIEW,高,"政府/公益/公共服务信息，无商业推广"
5322,NEEDS_REVIEW,高,"政府/公益/公共服务信息，无商业推广"
5323,TRANSACTION,高,"运营商服务通知（流量/余额/账单/来电提醒）"
5324,NEEDS_REVIEW,低,"无法明确归类，需人工判断"
5325,TRANSACTION,高,"快递/物流服务通知"
5326,TRANSACTION,中,"疑似交易/服务通知，需人工确认"
5327,NEEDS_REVIEW,低,"无法明确归类，需人工判断"
5328,NEEDS_REVIEW,低,"无法明确归类，需人工判断"
5329,NEEDS_REVIEW,低,"无法明确归类，需人工判断"
5330,TRANSACTION,高,"运营商服务通知（流量/余额/账单/来电提醒）"
5331,NEEDS_REVIEW,低,"无法明确归类，需人工判断"
5332,NEEDS_REVIEW,低,"无法明确归类，需人工判断"
5333,TRANSACTION,高,"包含明确的交易信息（金额/账单/到账/验证码）"
5334,NEEDS_REVIEW,高,"天气预报服务信息"
5335,TRANSACTION,中,"疑似交易/服务通知，需人工确认"
5336,AD,中,"教育培训推广"
5337,TRANSACTION,高,"运营商服务通知（流量/余额/账单/来电提醒）"
5338,AD,中,"运营商营销推广"
5339,AD,中,"医疗推广信息"
5340,AD,中,"医疗推广信息"
5341,TRANSACTION,中,"疑似交易/服务通知，需人工确认"
5342,NEEDS_REVIEW,高,"天气预报服务信息"
5343,AD,中,"运营商营销推广"
5344,TRANSACTION,中,"疑似交易/服务通知，需人工确认"
5345,TRANSACTION,高,"包含明确的交易信息（金额/账单/到账/验证码）"
5346,TRANSACTION,中,"疑似交易/服务通知，需人工确认"
5347,TRANSACTION,高,"快递/物流服务通知"
5348,TRANSACTION,高,"包含明确的交易信息（金额/账单/到账/验证码）"
5349,HARASS,高,"匹配催收模式"
5350,NEEDS_REVIEW,低,"无法明确归类，需人工判断"
5351,NEEDS_REVIEW,低,"无法明确归类，需人工判断"
5352,TRANSACTION,中,"疑似交易/服务通知，需人工确认"
5353,AD,中,"运营商营销推广"
5354,TRANSACTION,中,"疑似交易/服务通知，需人工确认"
5355,TRANSACTION,中,"疑似交易/服务通知，需人工确认"
5356,NEEDS_REVIEW,高,"天气预报服务信息"
5357,NEEDS_REVIEW,低,"无法明确归类，需人工判断"
5358,TRANSACTION,高,"快递/物流服务通知"
5359,NEEDS_REVIEW,高,"天气预报服务信息"
5360,TRANSACTION,中,"疑似交易/服务通知，需人工确认"
5361,TRANSACTION,高,"运营商服务通知（流量/余额/账单/来电提醒）"
5362,TRANSACTION,高,"运营商服务通知（流量/余额/账单/来电提醒）"
5363,TRANSACTION,高,"包含明确的交易信息（金额/账单/到账/验证码）"
5364,TRANSACTION,高,"包含明确的交易信息（金额/账单/到账/验证码）"
5365,NEEDS_REVIEW,低,"无法明确归类，需人工判断"
5366,TRANSACTION,高,"包含明确的交易信息（金额/账单/到账/验证码）"
5367,AD,中,"运营商营销推广"
5368,TRANSACTION,中,"疑似交易/服务通知，需人工确认"
5369,TRANSACTION,高,"包含明确的交易信息（金额/账单/到账/验证码）"
5370,AD,中,"医疗推广信息"
5371,TRANSACTION,高,"运营商服务通知（流量/余额/账单/来电提醒）"
5372,TRANSACTION,中,"疑似交易/服务通知，需人工确认"
5373,TRANSACTION,高,"运营商服务通知（流量/余额/账单/来电提醒）"
5374,TRANSACTION,高,"运营商服务通知（流量/余额/账单/来电提醒）"
5375,TRANSACTION,中,"疑似交易/服务通知，需人工确认"
5376,AD,高,"包含多个广告特征"
5377,TRANSACTION,中,"疑似交易/服务通知，需人工确认"
5378,TRANSACTION,高,"快递/物流服务通知"
5379,TRANSACTION,中,"疑似交易/服务通知，需人工确认"
5380,TRANSACTION,中,"疑似交易/服务通知，需人工确认"
5381,TRANSACTION,高,"运营商服务通知（流量/余额/账单/来电提醒）"
5382,TRANSACTION,高,"快递/物流服务通知"
5383,TRANSACTION,中,"疑似交易/服务通知，需人工确认"
5384,NEEDS_REVIEW,低,"无法明确归类，需人工判断"
5385,NEEDS_REVIEW,高,"天气预报服务信息"
5386,AD,中,"医疗推广信息"
5387,NEEDS_REVIEW,低,"无法明确归类，需人工判断"
5388,NEEDS_REVIEW,高,"政府/公益/公共服务信息，无商业推广"
5389,TRANSACTION,中,"疑似交易/服务通知，需人工确认"
5390,NEEDS_REVIEW,高,"政府/公益/公共服务信息，无商业推广"
5391,TRANSACTION,高,"运营商服务通知（流量/余额/账单/来电提醒）"
5392,TRANSACTION,高,"运营商服务通知（流量/余额/账单/来电提醒）"
5393,NEEDS_REVIEW,高,"政府/公益信息"
5394,NEEDS_REVIEW,低,"无法明确归类，需人工判断"
5395,NEEDS_REVIEW,高,"政府/公益/公共服务信息，无商业推广"
5396,HARASS,高,"包含催收/威胁关键词"
5397,TRANSACTION,高,"运营商服务通知（流量/余额/账单/来电提醒）"
5398,TRANSACTION,高,"包含明确的交易信息（金额/账单/到账/验证码）"
5399,NEEDS_REVIEW,低,"无法明确归类，需人工判断"
5400,TRANSACTION,中,"疑似交易/服务通知，需人工确认"
5401,TRANSACTION,高,"包含明确的交易信息（金额/账单/到账/验证码）"
5402,TRANSACTION,高,"包含明确的交易信息（金额/账单/到账/验证码）"
5403,TRANSACTION,中,"疑似交易/服务通知，需人工确认"
5404,NEEDS_REVIEW,低,"无法明确归类，需人工判断"
5405,NEEDS_REVIEW,低,"无法明确归类，需人工判断"
5406,AD,中,"运营商营销推广"
5407,TRANSACTION,中,"疑似交易/服务通知，需人工确认"
5408,NEEDS_REVIEW,低,"无法明确归类，需人工判断"
5409,TRANSACTION,高,"快递/物流服务通知"
5410,NEEDS_REVIEW,低,"无法明确归类，需人工判断"
5411,NEEDS_REVIEW,高,"天气预报服务信息"
5412,TRANSACTION,高,"运营商服务通知（流量/余额/账单/来电提醒）"
5413,TRANSACTION,高,"包含明确的交易信息（金额/账单/到账/验证码）"
5414,AD,高,"包含多个广告特征"
5415,TRANSACTION,中,"疑似交易/服务通知，需人工确认"
5416,TRANSACTION,高,"快递/物流服务通知"
5417,TRANSACTION,高,"运营商服务通知（流量/余额/账单/来电提醒）"
5418,NEEDS_REVIEW,高,"政府/公益/公共服务信息，无商业推广"
5419,NEEDS_REVIEW,低,"无法明确归类，需人工判断"
5420,TRANSACTION,高,"快递/物流服务通知"
5421,AD,高,"包含多个广告特征"
5422,AD,中,"运营商营销推广"
5423,NEEDS_REVIEW,低,"无法明确归类，需人工判断"
5424,AD,中,"运营商营销推广"
5425,TRANSACTION,高,"包含明确的交易信息（金额/账单/到账/验证码）"
5426,TRANSACTION,中,"疑似交易/服务通知，需人工确认"
5427,TRANSACTION,高,"快递/物流服务通知"
5428,AD,中,"运营商营销推广"
5429,TRANSACTION,中,"疑似交易/服务通知，需人工确认"
5430,NEEDS_REVIEW,低,"无法明确归类，需人工判断"
5431,NEEDS_REVIEW,高,"政府/公益/公共服务信息，无商业推广"
5432,NEEDS_REVIEW,低,"无法明确归类，需人工判断"
5433,TRANSACTION,高,"快递/物流服务通知"
5434,TRANSACTION,中,"疑似交易/服务通知，需人工确认"
5435,TRANSACTION,中,"疑似交易/服务通知，需人工确认"
5436,TRANSACTION,中,"疑似交易/服务通知，需人工确认"
5437,TRANSACTION,中,"疑似交易/服务通知，需人工确认"
5438,NEEDS_REVIEW,低,"无法明确归类，需人工判断"
5439,NEEDS_REVIEW,低,"无法明确归类，需人工判断"
5440,NEEDS_REVIEW,低,"无法明确归类，需人工判断"
5441,AD,中,"医疗推广信息"
5442,NEEDS_REVIEW,低,"无法明确归类，需人工判断"
5443,NEEDS_REVIEW,低,"无法明确归类，需人工判断"
5444,TRANSACTION,高,"包含明确的交易信息（金额/账单/到账/验证码）"
5445,TRANSACTION,中,"疑似交易/服务通知，需人工确认"
5446,NEEDS_REVIEW,低,"无法明确归类，需人工判断"
5447,TRANSACTION,高,"包含明确的交易信息（金额/账单/到账/验证码）"
5448,TRANSACTION,高,"运营商服务通知（流量/余额/账单/来电提醒）"
5449,AD,中,"运营商营销推广"
5450,AD,高,"包含多个广告特征"
5451,NEEDS_REVIEW,高,"政府/公益/公共服务信息，无商业推广"
5452,NEEDS_REVIEW,高,"政府/公益/公共服务信息，无商业推广"
5453,HARASS,高,"包含催收/威胁关键词"
5454,TRANSACTION,高,"包含明确的交易信息（金额/账单/到账/验证码）"
5455,TRANSACTION,中,"疑似交易/服务通知，需人工确认"
5456,NEEDS_REVIEW,低,"无法明确归类，需人工判断"
5457,TRANSACTION,中,"疑似交易/服务通知，需人工确认"
5458,TRANSACTION,中,"车辆服务通知"
5459,TRANSACTION,高,"包含明确的交易信息（金额/账单/到账/验证码）"
5460,TRANSACTION,中,"疑似交易/服务通知，需人工确认"
5461,TRANSACTION,高,"运营商服务通知（流量/余额/账单/来电提醒）"
5462,NEEDS_REVIEW,低,"无法明确归类，需人工判断"
5463,NEEDS_REVIEW,低,"无法明确归类，需人工判断"
5464,TRANSACTION,中,"疑似交易/服务通知，需人工确认"
5465,TRANSACTION,高,"包含明确的交易信息（金额/账单/到账/验证码）"
5466,TRANSACTION,高,"快递/物流服务通知"
5467,TRANSACTION,中,"疑似交易/服务通知，需人工确认"
5468,TRANSACTION,中,"疑似交易/服务通知，需人工确认"
5469,NEEDS_REVIEW,低,"无法明确归类，需人工判断"
5470,TRANSACTION,高,"保险/金融服务通知"
5471,NEEDS_REVIEW,高,"政府/公益信息"
5472,TRANSACTION,高,"运营商服务通知（流量/余额/账单/来电提醒）"
5473,AD,中,"教育培训推广"
5474,NEEDS_REVIEW,高,"政府/公益/公共服务信息，无商业推广"
5475,TRANSACTION,高,"快递/物流服务通知"
5476,NEEDS_REVIEW,低,"无法明确归类，需人工判断"
5477,NEEDS_REVIEW,低,"无法明确归类，需人工判断"
5478,TRANSACTION,高,"快递/物流服务通知"
5479,NEEDS_REVIEW,高,"天气预报服务信息"
5480,TRANSACTION,中,"疑似交易/服务通知，需人工确认"
5481,NEEDS_REVIEW,低,"无法明确归类，需人工判断"
5482,NEEDS_REVIEW,低,"无法明确归类，需人工判断"
5483,NEEDS_REVIEW,低,"无法明确归类，需人工判断"
5484,AD,中,"运营商营销推广"
5485,NEEDS_REVIEW,低,"无法明确归类，需人工判断"
5486,TRANSACTION,高,"运营商服务通知（流量/余额/账单/来电提醒）"
5487,TRANSACTION,高,"包含明确的交易信息（金额/账单/到账/验证码）"
5488,NEEDS_REVIEW,低,"无法明确归类，需人工判断"
5489,NEEDS_REVIEW,低,"无法明确归类，需人工判断"
5490,TRANSACTION,高,"运营商服务通知（流量/余额/账单/来电提醒）"
5491,AD,中,"教育培训推广"
5492,TRANSACTION,中,"疑似交易/服务通知，需人工确认"
5493,AD,高,"包含多个广告特征"
5494,TRANSACTION,高,"包含明确的交易信息（金额/账单/到账/验证码）"
5495,TRANSACTION,中,"疑似交易/服务通知，需人工确认"
5496,TRANSACTION,中,"疑似交易/服务通知，需人工确认"
5497,NEEDS_REVIEW,低,"无法明确归类，需人工判断"
5498,TRANSACTION,高,"快递/物流服务通知"
5499,NEEDS_REVIEW,高,"政府/公益/公共服务信息，无商业推广"
5500,NEEDS_REVIEW,高,"政府/公益/公共服务信息，无商业推广"
5501,NEEDS_REVIEW,低,"无法明确归类，需人工判断"
5502,TRANSACTION,高,"包含明确的交易信息（金额/账单/到账/验证码）"
5503,TRANSACTION,中,"疑似交易/服务通知，需人工确认"
5504,TRANSACTION,高,"运营商服务通知（流量/余额/账单/来电提醒）"
5505,HARASS,高,"包含催收/威胁关键词"
5506,TRANSACTION,高,"运营商服务通知（流量/余额/账单/来电提醒）"
5507,AD,中,"医疗推广信息"
5508,NEEDS_REVIEW,低,"无法明确归类，需人工判断"
5509,TRANSACTION,高,"运营商服务通知（流量/余额/账单/来电提醒）"
5510,AD,高,"包含多个广告特征"
5511,TRANSACTION,高,"包含明确的交易信息（金额/账单/到账/验证码）"
5512,NEEDS_REVIEW,低,"无法明确归类，需人工判断"
5513,NEEDS_REVIEW,低,"无法明确归类，需人工判断"
5514,TRANSACTION,中,"疑似交易/服务通知，需人工确认"
5515,TRANSACTION,中,"疑似交易/服务通知，需人工确认"
5516,NEEDS_REVIEW,低,"无法明确归类，需人工判断"
5517,TRANSACTION,中,"疑似交易/服务通知，需人工确认"
5518,TRANSACTION,高,"包含明确的交易信息（金额/账单/到账/验证码）"
5519,TRANSACTION,高,"运营商服务通知（流量/余额/账单/来电提醒）"
5520,TRANSACTION,高,"运营商服务通知（流量/余额/账单/来电提醒）"
5521,TRANSACTION,高,"快递/物流服务通知"
5522,AD,中,"医疗推广信息"
5523,AD,中,"医疗推广信息"
5524,AD,中,"运营商营销推广"
5525,NEEDS_REVIEW,低,"无法明确归类，需人工判断"
5526,TRANSACTION,高,"包含明确的交易信息（金额/账单/到账/验证码）"
5527,TRANSACTION,中,"疑似交易/服务通知，需人工确认"
5528,TRANSACTION,高,"包含明确的交易信息（金额/账单/到账/验证码）"
5529,NEEDS_REVIEW,高,"天气预报服务信息"
5530,AD,中,"教育培训推广"
5531,TRANSACTION,高,"快递/物流服务通知"
5532,TRANSACTION,高,"运营商服务通知（流量/余额/账单/来电提醒）"
5533,TRANSACTION,中,"疑似交易/服务通知，需人工确认"
5534,TRANSACTION,高,"包含明确的交易信息（金额/账单/到账/验证码）"
5535,TRANSACTION,高,"运营商服务通知（流量/余额/账单/来电提醒）"
5536,TRANSACTION,高,"包含明确的交易信息（金额/账单/到账/验证码）"
5537,TRANSACTION,中,"疑似交易/服务通知，需人工确认"
5538,TRANSACTION,高,"包含明确的交易信息（金额/账单/到账/验证码）"
5539,TRANSACTION,中,"疑似交易/服务通知，需人工确认"
5540,NEEDS_REVIEW,低,"无法明确归类，需人工判断"
5541,TRANSACTION,中,"疑似交易/服务通知，需人工确认"
5542,NEEDS_REVIEW,高,"天气预报服务信息"
5543,TRANSACTION,高,"运营商服务通知（流量/余额/账单/来电提醒）"
5544,AD,中,"医疗推广信息"
5545,TRANSACTION,中,"疑似交易/服务通知，需人工确认"
5546,TRANSACTION,中,"疑似交易/服务通知，需人工确认"
5547,TRANSACTION,中,"疑似交易/服务通知，需人工确认"
5548,AD,高,"贷款产品推广广告"
5549,TRANSACTION,高,"快递/物流服务通知"
5550,TRANSACTION,中,"疑似交易/服务通知，需人工确认"
5551,TRANSACTION,高,"快递/物流服务通知"
5552,TRANSACTION,高,"运营商服务通知（流量/余额/账单/来电提醒）"
5553,TRANSACTION,高,"快递/物流服务通知"
5554,TRANSACTION,高,"运营商服务通知（流量/余额/账单/来电提醒）"
5555,NEEDS_REVIEW,低,"无法明确归类，需人工判断"
5556,NEEDS_REVIEW,低,"无法明确归类，需人工判断"
5557,NEEDS_REVIEW,低,"无法明确归类，需人工判断"
5558,TRANSACTION,中,"疑似交易/服务通知，需人工确认"
5559,TRANSACTION,高,"包含明确的交易信息（金额/账单/到账/验证码）"
5560,NEEDS_REVIEW,低,"无法明确归类，需人工判断"
5561,TRANSACTION,中,"疑似交易/服务通知，需人工确认"
5562,TRANSACTION,中,"疑似交易/服务通知，需人工确认"
5563,TRANSACTION,中,"疑似交易/服务通知，需人工确认"
5564,NEEDS_REVIEW,低,"无法明确归类，需人工判断"
5565,TRANSACTION,中,"疑似交易/服务通知，需人工确认"
5566,TRANSACTION,高,"包含明确的交易信息（金额/账单/到账/验证码）"
5567,NEEDS_REVIEW,低,"无法明确归类，需人工判断"
5568,NEEDS_REVIEW,中,"服务评价邀请，边界模糊"
5569,TRANSACTION,中,"疑似交易/服务通知，需人工确认"
5570,NEEDS_REVIEW,中,"服务评价邀请，边界模糊"
5571,NEEDS_REVIEW,高,"政府/公益信息"
5572,TRANSACTION,高,"运营商服务通知（流量/余额/账单/来电提醒）"
5573,TRANSACTION,中,"疑似交易/服务通知，需人工确认"
5574,TRANSACTION,中,"疑似交易/服务通知，需人工确认"
5575,TRANSACTION,高,"包含明确的交易信息（金额/账单/到账/验证码）"
5576,TRANSACTION,中,"疑似交易/服务通知，需人工确认"
5577,NEEDS_REVIEW,低,"无法明确归类，需人工判断"
5578,NEEDS_REVIEW,低,"无法明确归类，需人工判断"
5579,NEEDS_REVIEW,高,"政府/公益信息"
5580,NEEDS_REVIEW,低,"无法明确归类，需人工判断"
5581,TRANSACTION,高,"运营商服务通知（流量/余额/账单/来电提醒）"
5582,TRANSACTION,中,"疑似交易/服务通知，需人工确认"
5583,NEEDS_REVIEW,低,"无法明确归类，需人工判断"
5584,NEEDS_REVIEW,低,"无法明确归类，需人工判断"
5585,TRANSACTION,中,"疑似交易/服务通知，需人工确认"
5586,TRANSACTION,中,"疑似交易/服务通知，需人工确认"
5587,TRANSACTION,高,"包含明确的交易信息（金额/账单/到账/验证码）"
5588,TRANSACTION,中,"疑似交易/服务通知，需人工确认"
5589,NEEDS_REVIEW,低,"无法明确归类，需人工判断"
5590,TRANSACTION,中,"疑似交易/服务通知，需人工确认"
5591,TRANSACTION,中,"疑似交易/服务通知，需人工确认"
5592,TRANSACTION,高,"运营商服务通知（流量/余额/账单/来电提醒）"
5593,TRANSACTION,高,"运营商服务通知（流量/余额/账单/来电提醒）"
5594,TRANSACTION,高,"快递/物流服务通知"
5595,NEEDS_REVIEW,低,"无法明确归类，需人工判断"
5596,HARASS,高,"包含催收/威胁关键词"
5597,AD,中,"运营商营销推广"
5598,TRANSACTION,中,"疑似交易/服务通知，需人工确认"
5599,TRANSACTION,高,"包含明确的交易信息（金额/账单/到账/验证码）"
5600,TRANSACTION,高,"运营商服务通知（流量/余额/账单/来电提醒）"
5601,TRANSACTION,高,"包含明确的交易信息（金额/账单/到账/验证码）"
5602,NEEDS_REVIEW,低,"无法明确归类，需人工判断"
5603,NEEDS_REVIEW,高,"政府/公益/公共服务信息，无商业推广"
5604,NEEDS_REVIEW,低,"无法明确归类，需人工判断"
5605,NEEDS_REVIEW,低,"无法明确归类，需人工判断"
5606,HARASS,高,"匹配催收模式"
5607,AD,高,"贷款产品推广广告"
5608,TRANSACTION,中,"疑似交易/服务通知，需人工确认"
5609,TRANSACTION,高,"包含明确的交易信息（金额/账单/到账/验证码）"
5610,NEEDS_REVIEW,低,"无法明确归类，需人工判断"
5611,TRANSACTION,高,"包含明确的交易信息（金额/账单/到账/验证码）"
5612,TRANSACTION,高,"运营商服务通知（流量/余额/账单/来电提醒）"
5613,AD,中,"医疗推广信息"
5614,TRANSACTION,高,"包含明确的交易信息（金额/账单/到账/验证码）"
5615,NEEDS_REVIEW,高,"政府/公益/公共服务信息，无商业推广"
5616,TRANSACTION,高,"包含明确的交易信息（金额/账单/到账/验证码）"
5617,NEEDS_REVIEW,低,"无法明确归类，需人工判断"
5618,TRANSACTION,高,"包含明确的交易信息（金额/账单/到账/验证码）"
5619,TRANSACTION,高,"运营商服务通知（流量/余额/账单/来电提醒）"
5620,AD,高,"包含多个广告特征"
5621,TRANSACTION,高,"包含明确的交易信息（金额/账单/到账/验证码）"
5622,TRANSACTION,中,"疑似交易/服务通知，需人工确认"
5623,TRANSACTION,高,"运营商服务通知（流量/余额/账单/来电提醒）"
5624,TRANSACTION,高,"包含明确的交易信息（金额/账单/到账/验证码）"
5625,TRANSACTION,中,"疑似交易/服务通知，需人工确认"
5626,AD,中,"运营商营销推广"
5627,NEEDS_REVIEW,中,"工作/业务通知，需人工判断"
5628,TRANSACTION,中,"疑似交易/服务通知，需人工确认"
5629,TRANSACTION,高,"包含明确的交易信息（金额/账单/到账/验证码）"
5630,AD,中,"运营商营销推广"
5631,TRANSACTION,高,"运营商服务通知（流量/余额/账单/来电提醒）"
5632,NEEDS_REVIEW,高,"政府/公益/公共服务信息，无商业推广"
5633,TRANSACTION,高,"包含明确的交易信息（金额/账单/到账/验证码）"
5634,TRANSACTION,中,"疑似交易/服务通知，需人工确认"
5635,AD,高,"包含多个广告特征"
5636,AD,中,"运营商营销推广"
5637,TRANSACTION,高,"包含明确的交易信息（金额/账单/到账/验证码）"
5638,TRANSACTION,高,"快递/物流服务通知"
5639,TRANSACTION,中,"疑似交易/服务通知，需人工确认"
5640,AD,中,"运营商营销推广"
5641,TRANSACTION,高,"运营商服务通知（流量/余额/账单/来电提醒）"
5642,TRANSACTION,中,"疑似交易/服务通知，需人工确认"
5643,NEEDS_REVIEW,低,"无法明确归类，需人工判断"
5644,HARASS,高,"包含催收/威胁关键词"
5645,TRANSACTION,中,"疑似交易/服务通知，需人工确认"
5646,NEEDS_REVIEW,低,"无法明确归类，需人工判断"
5647,TRANSACTION,高,"运营商服务通知（流量/余额/账单/来电提醒）"
5648,NEEDS_REVIEW,低,"无法明确归类，需人工判断"
5649,TRANSACTION,中,"疑似交易/服务通知，需人工确认"
5650,NEEDS_REVIEW,低,"无法明确归类，需人工判断"
5651,TRANSACTION,中,"疑似交易/服务通知，需人工确认"
5652,NEEDS_REVIEW,高,"政府/公益/公共服务信息，无商业推广"
5653,TRANSACTION,高,"包含明确的交易信息（金额/账单/到账/验证码）"
5654,NEEDS_REVIEW,高,"政府/公益/公共服务信息，无商业推广"
5655,AD,中,"运营商营销推广"
5656,NEEDS_REVIEW,低,"无法明确归类，需人工判断"
5657,TRANSACTION,中,"疑似交易/服务通知，需人工确认"
5658,AD,中,"医疗推广信息"
5659,TRANSACTION,中,"疑似交易/服务通知，需人工确认"
5660,AD,中,"运营商营销推广"
5661,TRANSACTION,中,"疑似交易/服务通知，需人工确认"
5662,NEEDS_REVIEW,低,"无法明确归类，需人工判断"
5663,NEEDS_REVIEW,高,"天气预报服务信息"
5664,AD,中,"运营商营销推广"
5665,NEEDS_REVIEW,低,"无法明确归类，需人工判断"
5666,TRANSACTION,高,"运营商服务通知（流量/余额/账单/来电提醒）"
5667,TRANSACTION,高,"运营商服务通知（流量/余额/账单/来电提醒）"
5668,TRANSACTION,高,"包含明确的交易信息（金额/账单/到账/验证码）"
5669,NEEDS_REVIEW,高,"天气预报服务信息"
5670,TRANSACTION,中,"疑似交易/服务通知，需人工确认"
5671,TRANSACTION,高,"快递/物流服务通知"
5672,NEEDS_REVIEW,低,"无法明确归类，需人工判断"
5673,TRANSACTION,中,"疑似交易/服务通知，需人工确认"
5674,TRANSACTION,中,"疑似交易/服务通知，需人工确认"
5675,TRANSACTION,中,"疑似交易/服务通知，需人工确认"
5676,AD,中,"运营商营销推广"
5677,TRANSACTION,高,"运营商服务通知（流量/余额/账单/来电提醒）"
5678,NEEDS_REVIEW,低,"无法明确归类，需人工判断"
5679,TRANSACTION,高,"快递/物流服务通知"
5680,TRANSACTION,中,"疑似交易/服务通知，需人工确认"
5681,AD,中,"运营商营销推广"
5682,TRANSACTION,高,"运营商服务通知（流量/余额/账单/来电提醒）"
5683,NEEDS_REVIEW,低,"无法明确归类，需人工判断"
5684,AD,高,"包含多个广告特征"
5685,NEEDS_REVIEW,高,"政府/公益信息"
5686,NEEDS_REVIEW,高,"天气预报服务信息"
5687,AD,中,"运营商营销推广"
5688,AD,中,"运营商营销推广"
5689,AD,中,"运营商营销推广"
5690,TRANSACTION,高,"保险/金融服务通知"
5691,NEEDS_REVIEW,低,"无法明确归类，需人工判断"
5692,TRANSACTION,中,"疑似交易/服务通知，需人工确认"
5693,NEEDS_REVIEW,高,"天气预报服务信息"
5694,TRANSACTION,中,"疑似交易/服务通知，需人工确认"
5695,NEEDS_REVIEW,低,"无法明确归类，需人工判断"
5696,TRANSACTION,高,"运营商服务通知（流量/余额/账单/来电提醒）"
5697,TRANSACTION,高,"包含明确的交易信息（金额/账单/到账/验证码）"
5698,TRANSACTION,高,"包含明确的交易信息（金额/账单/到账/验证码）"
5699,TRANSACTION,高,"运营商服务通知（流量/余额/账单/来电提醒）"
5700,TRANSACTION,中,"疑似交易/服务通知，需人工确认"
5701,HARASS,高,"匹配催收模式"
5702,TRANSACTION,中,"疑似交易/服务通知，需人工确认"
5703,NEEDS_REVIEW,中,"工作/业务通知，需人工判断"
5704,AD,高,"贷款产品推广广告"
5705,NEEDS_REVIEW,低,"无法明确归类，需人工判断"
5706,TRANSACTION,高,"包含明确的交易信息（金额/账单/到账/验证码）"
5707,NEEDS_REVIEW,低,"无法明确归类，需人工判断"
5708,TRANSACTION,高,"快递/物流服务通知"
5709,TRANSACTION,高,"运营商服务通知（流量/余额/账单/来电提醒）"
5710,TRANSACTION,高,"包含明确的交易信息（金额/账单/到账/验证码）"
5711,NEEDS_REVIEW,低,"无法明确归类，需人工判断"
5712,TRANSACTION,中,"疑似交易/服务通知，需人工确认"
5713,TRANSACTION,高,"包含明确的交易信息（金额/账单/到账/验证码）"
5714,TRANSACTION,高,"运营商服务通知（流量/余额/账单/来电提醒）"
5715,TRANSACTION,中,"疑似交易/服务通知，需人工确认"
5716,TRANSACTION,高,"包含明确的交易信息（金额/账单/到账/验证码）"
5717,NEEDS_REVIEW,高,"天气预报服务信息"
5718,TRANSACTION,中,"疑似交易/服务通知，需人工确认"
5719,TRANSACTION,高,"运营商服务通知（流量/余额/账单/来电提醒）"
5720,TRANSACTION,高,"运营商服务通知（流量/余额/账单/来电提醒）"
5721,TRANSACTION,高,"包含明确的交易信息（金额/账单/到账/验证码）"
5722,NEEDS_REVIEW,低,"无法明确归类，需人工判断"
5723,TRANSACTION,中,"疑似交易/服务通知，需人工确认"
5724,TRANSACTION,中,"疑似交易/服务通知，需人工确认"
5725,TRANSACTION,高,"运营商服务通知（流量/余额/账单/来电提醒）"
5726,AD,高,"包含多个广告特征"
5727,NEEDS_REVIEW,低,"无法明确归类，需人工判断"
5728,TRANSACTION,中,"疑似交易/服务通知，需人工确认"
5729,NEEDS_REVIEW,低,"无法明确归类，需人工判断"
5730,TRANSACTION,中,"疑似交易/服务通知，需人工确认"
5731,AD,中,"教育培训推广"
5732,NEEDS_REVIEW,低,"无法明确归类，需人工判断"
5733,TRANSACTION,中,"疑似交易/服务通知，需人工确认"
5734,TRANSACTION,高,"包含明确的交易信息（金额/账单/到账/验证码）"
5735,AD,高,"贷款产品推广广告"
5736,TRANSACTION,中,"疑似交易/服务通知，需人工确认"
5737,AD,中,"运营商营销推广"
5738,TRANSACTION,中,"疑似交易/服务通知，需人工确认"
5739,TRANSACTION,高,"运营商服务通知（流量/余额/账单/来电提醒）"
5740,TRANSACTION,高,"包含明确的交易信息（金额/账单/到账/验证码）"
5741,TRANSACTION,中,"疑似交易/服务通知，需人工确认"
5742,NEEDS_REVIEW,高,"政府/公益/公共服务信息，无商业推广"
5743,TRANSACTION,中,"疑似交易/服务通知，需人工确认"
5744,NEEDS_REVIEW,高,"天气预报服务信息"
5745,AD,中,"医疗推广信息"
5746,NEEDS_REVIEW,低,"无法明确归类，需人工判断"
5747,NEEDS_REVIEW,高,"政府/公益/公共服务信息，无商业推广"
5748,AD,中,"运营商营销推广"
5749,TRANSACTION,高,"运营商服务通知（流量/余额/账单/来电提醒）"
5750,TRANSACTION,中,"疑似交易/服务通知，需人工确认"
5751,TRANSACTION,高,"快递/物流服务通知"
5752,NEEDS_REVIEW,低,"无法明确归类，需人工判断"
5753,TRANSACTION,高,"运营商服务通知（流量/余额/账单/来电提醒）"
5754,NEEDS_REVIEW,低,"无法明确归类，需人工判断"
5755,NEEDS_REVIEW,低,"无法明确归类，需人工判断"
5756,TRANSACTION,中,"疑似交易/服务通知，需人工确认"
5757,AD,中,"运营商营销推广"
5758,AD,中,"医疗推广信息"
5759,NEEDS_REVIEW,低,"无法明确归类，需人工判断"
5760,NEEDS_REVIEW,低,"无法明确归类，需人工判断"
5761,NEEDS_REVIEW,低,"无法明确归类，需人工判断"
5762,TRANSACTION,高,"运营商服务通知（流量/余额/账单/来电提醒）"
5763,TRANSACTION,中,"疑似交易/服务通知，需人工确认"
5764,AD,中,"运营商营销推广"
5765,NEEDS_REVIEW,高,"天气预报服务信息"
5766,TRANSACTION,中,"疑似交易/服务通知，需人工确认"
5767,TRANSACTION,高,"快递/物流服务通知"
5768,TRANSACTION,高,"包含明确的交易信息（金额/账单/到账/验证码）"
5769,NEEDS_REVIEW,高,"天气预报服务信息"
5770,TRANSACTION,高,"运营商服务通知（流量/余额/账单/来电提醒）"
5771,TRANSACTION,高,"快递/物流服务通知"
5772,NEEDS_REVIEW,低,"无法明确归类，需人工判断"
5773,NEEDS_REVIEW,低,"无法明确归类，需人工判断"
5774,NEEDS_REVIEW,低,"无法明确归类，需人工判断"
5775,TRANSACTION,高,"快递/物流服务通知"
5776,NEEDS_REVIEW,高,"天气预报服务信息"
5777,TRANSACTION,中,"疑似交易/服务通知，需人工确认"
5778,TRANSACTION,高,"运营商服务通知（流量/余额/账单/来电提醒）"
5779,TRANSACTION,高,"包含明确的交易信息（金额/账单/到账/验证码）"
5780,TRANSACTION,高,"快递/物流服务通知"
5781,NEEDS_REVIEW,高,"政府/公益信息"
5782,TRANSACTION,高,"运营商服务通知（流量/余额/账单/来电提醒）"
5783,NEEDS_REVIEW,低,"无法明确归类，需人工判断"
5784,TRANSACTION,高,"运营商服务通知（流量/余额/账单/来电提醒）"
5785,NEEDS_REVIEW,高,"天气预报服务信息"
5786,TRANSACTION,中,"疑似交易/服务通知，需人工确认"
5787,NEEDS_REVIEW,低,"无法明确归类，需人工判断"
5788,TRANSACTION,高,"快递/物流服务通知"
5789,TRANSACTION,中,"疑似交易/服务通知，需人工确认"
5790,TRANSACTION,高,"包含明确的交易信息（金额/账单/到账/验证码）"
5791,NEEDS_REVIEW,中,"工作/业务通知，需人工判断"
5792,NEEDS_REVIEW,低,"无法明确归类，需人工判断"
5793,TRANSACTION,中,"疑似交易/服务通知，需人工确认"
5794,TRANSACTION,高,"快递/物流服务通知"
5795,NEEDS_REVIEW,低,"无法明确归类，需人工判断"
5796,NEEDS_REVIEW,低,"无法明确归类，需人工判断"
5797,TRANSACTION,高,"包含明确的交易信息（金额/账单/到账/验证码）"
5798,NEEDS_REVIEW,低,"无法明确归类，需人工判断"
5799,HARASS,高,"包含催收/威胁关键词"
5800,NEEDS_REVIEW,低,"无法明确归类，需人工判断"
5801,TRANSACTION,高,"包含明确的交易信息（金额/账单/到账/验证码）"
5802,TRANSACTION,中,"疑似交易/服务通知，需人工确认"
5803,TRANSACTION,高,"保险/金融服务通知"
5804,NEEDS_REVIEW,低,"无法明确归类，需人工判断"
5805,AD,中,"医疗推广信息"
5806,NEEDS_REVIEW,低,"无法明确归类，需人工判断"
5807,TRANSACTION,高,"保险/金融服务通知"
5808,NEEDS_REVIEW,低,"无法明确归类，需人工判断"
5809,TRANSACTION,中,"疑似交易/服务通知，需人工确认"
5810,NEEDS_REVIEW,低,"无法明确归类，需人工判断"
5811,NEEDS_REVIEW,高,"天气预报服务信息"
5812,TRANSACTION,高,"快递/物流服务通知"
5813,TRANSACTION,高,"运营商服务通知（流量/余额/账单/来电提醒）"
5814,TRANSACTION,高,"快递/物流服务通知"
5815,NEEDS_REVIEW,高,"政府/公益/公共服务信息，无商业推广"
5816,TRANSACTION,中,"疑似交易/服务通知，需人工确认"
5817,AD,高,"包含多个广告特征"
5818,NEEDS_REVIEW,低,"无法明确归类，需人工判断"
5819,AD,高,"包含多个广告特征"
5820,TRANSACTION,中,"疑似交易/服务通知，需人工确认"
5821,TRANSACTION,高,"运营商服务通知（流量/余额/账单/来电提醒）"
5822,TRANSACTION,高,"包含明确的交易信息（金额/账单/到账/验证码）"
5823,NEEDS_REVIEW,低,"无法明确归类，需人工判断"
5824,TRANSACTION,高,"包含明确的交易信息（金额/账单/到账/验证码）"
5825,TRANSACTION,高,"包含明确的交易信息（金额/账单/到账/验证码）"
5826,TRANSACTION,高,"包含明确的交易信息（金额/账单/到账/验证码）"
5827,TRANSACTION,高,"包含明确的交易信息（金额/账单/到账/验证码）"
5828,TRANSACTION,中,"疑似交易/服务通知，需人工确认"
5829,TRANSACTION,高,"包含明确的交易信息（金额/账单/到账/验证码）"
5830,TRANSACTION,中,"疑似交易/服务通知，需人工确认"
5831,NEEDS_REVIEW,低,"无法明确归类，需人工判断"
5832,TRANSACTION,高,"运营商服务通知（流量/余额/账单/来电提醒）"
5833,TRANSACTION,高,"保险/金融服务通知"
5834,TRANSACTION,高,"包含明确的交易信息（金额/账单/到账/验证码）"
5835,TRANSACTION,高,"运营商服务通知（流量/余额/账单/来电提醒）"
5836,AD,高,"贷款产品推广广告"
5837,NEEDS_REVIEW,低,"无法明确归类，需人工判断"
5838,NEEDS_REVIEW,高,"政府/公益/公共服务信息，无商业推广"
5839,NEEDS_REVIEW,中,"工作/业务通知，需人工判断"
5840,NEEDS_REVIEW,低,"无法明确归类，需人工判断"
5841,TRANSACTION,高,"包含明确的交易信息（金额/账单/到账/验证码）"
5842,NEEDS_REVIEW,低,"无法明确归类，需人工判断"
5843,TRANSACTION,高,"运营商服务通知（流量/余额/账单/来电提醒）"
5844,TRANSACTION,中,"车辆服务通知"
5845,NEEDS_REVIEW,高,"天气预报服务信息"
5846,AD,中,"运营商营销推广"
5847,TRANSACTION,高,"运营商服务通知（流量/余额/账单/来电提醒）"
5848,NEEDS_REVIEW,高,"天气预报服务信息"
5849,TRANSACTION,高,"包含明确的交易信息（金额/账单/到账/验证码）"
5850,NEEDS_REVIEW,低,"无法明确归类，需人工判断"
5851,TRANSACTION,中,"疑似交易/服务通知，需人工确认"
5852,TRANSACTION,高,"包含明确的交易信息（金额/账单/到账/验证码）"
5853,AD,中,"运营商营销推广"
5854,TRANSACTION,中,"疑似交易/服务通知，需人工确认"
5855,NEEDS_REVIEW,低,"无法明确归类，需人工判断"
5856,AD,中,"运营商营销推广"
5857,NEEDS_REVIEW,低,"无法明确归类，需人工判断"
5858,TRANSACTION,中,"疑似交易/服务通知，需人工确认"
5859,TRANSACTION,高,"快递/物流服务通知"
5860,AD,高,"包含多个广告特征"
5861,TRANSACTION,高,"运营商服务通知（流量/余额/账单/来电提醒）"
5862,TRANSACTION,高,"快递/物流服务通知"
5863,AD,中,"运营商营销推广"
5864,TRANSACTION,高,"快递/物流服务通知"
5865,TRANSACTION,高,"快递/物流服务通知"
5866,TRANSACTION,中,"疑似交易/服务通知，需人工确认"
5867,NEEDS_REVIEW,低,"无法明确归类，需人工判断"
5868,NEEDS_REVIEW,低,"无法明确归类，需人工判断"
5869,TRANSACTION,高,"运营商服务通知（流量/余额/账单/来电提醒）"
5870,TRANSACTION,高,"运营商服务通知（流量/余额/账单/来电提醒）"
5871,TRANSACTION,高,"包含明确的交易信息（金额/账单/到账/验证码）"
5872,NEEDS_REVIEW,低,"无法明确归类，需人工判断"
5873,TRANSACTION,高,"运营商服务通知（流量/余额/账单/来电提醒）"
5874,TRANSACTION,高,"运营商服务通知（流量/余额/账单/来电提醒）"
5875,NEEDS_REVIEW,低,"无法明确归类，需人工判断"
5876,TRANSACTION,高,"快递/物流服务通知"
5877,TRANSACTION,高,"快递/物流服务通知"
5878,NEEDS_REVIEW,高,"政府/公益/公共服务信息，无商业推广"
5879,NEEDS_REVIEW,高,"政府/公益/公共服务信息，无商业推广"
5880,TRANSACTION,高,"运营商服务通知（流量/余额/账单/来电提醒）"
5881,NEEDS_REVIEW,低,"无法明确归类，需人工判断"
5882,TRANSACTION,中,"疑似交易/服务通知，需人工确认"
5883,AD,中,"运营商营销推广"
5884,TRANSACTION,中,"疑似交易/服务通知，需人工确认"
5885,TRANSACTION,中,"疑似交易/服务通知，需人工确认"
5886,NEEDS_REVIEW,低,"无法明确归类，需人工判断"
5887,NEEDS_REVIEW,低,"无法明确归类，需人工判断"
5888,TRANSACTION,高,"运营商服务通知（流量/余额/账单/来电提醒）"
5889,AD,中,"运营商营销推广"
5890,NEEDS_REVIEW,低,"无法明确归类，需人工判断"
5891,NEEDS_REVIEW,低,"无法明确归类，需人工判断"
5892,TRANSACTION,中,"疑似交易/服务通知，需人工确认"
5893,TRANSACTION,中,"疑似交易/服务通知，需人工确认"
5894,TRANSACTION,高,"快递/物流服务通知"
5895,TRANSACTION,中,"疑似交易/服务通知，需人工确认"
5896,AD,中,"运营商营销推广"
5897,NEEDS_REVIEW,低,"无法明确归类，需人工判断"
5898,TRANSACTION,高,"运营商服务通知（流量/余额/账单/来电提醒）"
5899,AD,中,"运营商营销推广"
5900,NEEDS_REVIEW,低,"无法明确归类，需人工判断"
5901,AD,高,"包含多个广告特征"
5902,TRANSACTION,高,"包含明确的交易信息（金额/账单/到账/验证码）"
5903,TRANSACTION,中,"疑似交易/服务通知，需人工确认"
5904,TRANSACTION,高,"包含明确的交易信息（金额/账单/到账/验证码）"
5905,NEEDS_REVIEW,低,"无法明确归类，需人工判断"
5906,NEEDS_REVIEW,高,"天气预报服务信息"
5907,TRANSACTION,高,"快递/物流服务通知"
5908,TRANSACTION,高,"运营商服务通知（流量/余额/账单/来电提醒）"
5909,TRANSACTION,中,"疑似交易/服务通知，需人工确认"
5910,AD,高,"包含多个广告特征"
5911,NEEDS_REVIEW,低,"无法明确归类，需人工判断"
5912,TRANSACTION,中,"疑似交易/服务通知，需人工确认"
5913,NEEDS_REVIEW,低,"无法明确归类，需人工判断"
5914,TRANSACTION,高,"运营商服务通知（流量/余额/账单/来电提醒）"
5915,TRANSACTION,中,"疑似交易/服务通知，需人工确认"
5916,NEEDS_REVIEW,低,"无法明确归类，需人工判断"
5917,TRANSACTION,高,"快递/物流服务通知"
5918,TRANSACTION,中,"疑似交易/服务通知，需人工确认"
5919,TRANSACTION,高,"快递/物流服务通知"
5920,TRANSACTION,中,"疑似交易/服务通知，需人工确认"
5921,AD,中,"医疗推广信息"
5922,NEEDS_REVIEW,低,"无法明确归类，需人工判断"
5923,TRANSACTION,高,"快递/物流服务通知"
5924,NEEDS_REVIEW,低,"无法明确归类，需人工判断"
5925,NEEDS_REVIEW,高,"政府/公益/公共服务信息，无商业推广"
5926,NEEDS_REVIEW,高,"天气预报服务信息"
5927,TRANSACTION,中,"疑似交易/服务通知，需人工确认"
5928,AD,中,"教育培训推广"
5929,AD,高,"包含多个广告特征"
5930,TRANSACTION,中,"疑似交易/服务通知，需人工确认"
5931,NEEDS_REVIEW,低,"无法明确归类，需人工判断"
5932,NEEDS_REVIEW,高,"政府/公益/公共服务信息，无商业推广"
5933,TRANSACTION,中,"疑似交易/服务通知，需人工确认"
5934,TRANSACTION,高,"快递/物流服务通知"
5935,NEEDS_REVIEW,低,"无法明确归类，需人工判断"
5936,NEEDS_REVIEW,高,"政府/公益/公共服务信息，无商业推广"
5937,TRANSACTION,中,"疑似交易/服务通知，需人工确认"
5938,NEEDS_REVIEW,高,"政府/公益/公共服务信息，无商业推广"
5939,AD,中,"运营商营销推广"
5940,TRANSACTION,高,"运营商服务通知（流量/余额/账单/来电提醒）"
5941,TRANSACTION,中,"疑似交易/服务通知，需人工确认"
5942,AD,中,"医疗推广信息"
5943,TRANSACTION,高,"运营商服务通知（流量/余额/账单/来电提醒）"
5944,TRANSACTION,中,"疑似交易/服务通知，需人工确认"
5945,TRANSACTION,高,"运营商服务通知（流量/余额/账单/来电提醒）"
5946,TRANSACTION,高,"包含明确的交易信息（金额/账单/到账/验证码）"
5947,NEEDS_REVIEW,高,"政府/公益信息"
5948,NEEDS_REVIEW,低,"无法明确归类，需人工判断"
5949,TRANSACTION,高,"快递/物流服务通知"
5950,TRANSACTION,中,"疑似交易/服务通知，需人工确认"
5951,TRANSACTION,高,"运营商服务通知（流量/余额/账单/来电提醒）"
5952,TRANSACTION,中,"疑似交易/服务通知，需人工确认"
5953,TRANSACTION,高,"包含明确的交易信息（金额/账单/到账/验证码）"
5954,TRANSACTION,高,"运营商服务通知（流量/余额/账单/来电提醒）"
5955,TRANSACTION,中,"疑似交易/服务通知，需人工确认"
5956,NEEDS_REVIEW,低,"无法明确归类，需人工判断"
5957,TRANSACTION,中,"疑似交易/服务通知，需人工确认"
5958,TRANSACTION,中,"疑似交易/服务通知，需人工确认"
5959,TRANSACTION,中,"疑似交易/服务通知，需人工确认"
5960,TRANSACTION,中,"疑似交易/服务通知，需人工确认"
5961,NEEDS_REVIEW,低,"无法明确归类，需人工判断"
5962,NEEDS_REVIEW,高,"政府/公益/公共服务信息，无商业推广"
5963,TRANSACTION,中,"疑似交易/服务通知，需人工确认"
5964,NEEDS_REVIEW,低,"无法明确归类，需人工判断"
5965,TRANSACTION,中,"疑似交易/服务通知，需人工确认"
5966,NEEDS_REVIEW,低,"无法明确归类，需人工判断"
5967,TRANSACTION,高,"快递/物流服务通知"
5968,AD,中,"服务评价邀请，含营销激励（抽奖/礼品）"
5969,TRANSACTION,中,"疑似交易/服务通知，需人工确认"
5970,TRANSACTION,高,"快递/物流服务通知"
5971,NEEDS_REVIEW,低,"无法明确归类，需人工判断"
5972,NEEDS_REVIEW,低,"无法明确归类，需人工判断"
5973,NEEDS_REVIEW,低,"无法明确归类，需人工判断"
5974,TRANSACTION,高,"运营商服务通知（流量/余额/账单/来电提醒）"
5975,TRANSACTION,高,"运营商服务通知（流量/余额/账单/来电提醒）"
5976,NEEDS_REVIEW,低,"无法明确归类，需人工判断"
5977,TRANSACTION,中,"疑似交易/服务通知，需人工确认"
5978,NEEDS_REVIEW,高,"政府/公益/公共服务信息，无商业推广"
5979,TRANSACTION,高,"运营商服务通知（流量/余额/账单/来电提醒）"
5980,TRANSACTION,中,"疑似交易/服务通知，需人工确认"
5981,NEEDS_REVIEW,低,"无法明确归类，需人工判断"
5982,NEEDS_REVIEW,高,"天气预报服务信息"
5983,TRANSACTION,高,"快递/物流服务通知"
5984,NEEDS_REVIEW,低,"无法明确归类，需人工判断"
5985,NEEDS_REVIEW,低,"无法明确归类，需人工判断"
5986,TRANSACTION,中,"疑似交易/服务通知，需人工确认"
5987,TRANSACTION,中,"疑似交易/服务通知，需人工确认"
5988,NEEDS_REVIEW,低,"无法明确归类，需人工判断"
5989,AD,中,"运营商营销推广"
5990,TRANSACTION,高,"运营商服务通知（流量/余额/账单/来电提醒）"
5991,AD,中,"运营商营销推广"
5992,NEEDS_REVIEW,高,"天气预报服务信息"
5993,NEEDS_REVIEW,高,"天气预报服务信息"
5994,NEEDS_REVIEW,低,"无法明确归类，需人工判断"
5995,TRANSACTION,高,"运营商服务通知（流量/余额/账单/来电提醒）"
5996,NEEDS_REVIEW,低,"无法明确归类，需人工判断"
5997,TRANSACTION,高,"快递/物流服务通知"
5998,TRANSACTION,高,"快递/物流服务通知"
5999,HARASS,高,"匹配催收模式"
6000,TRANSACTION,高,"包含明确的交易信息（金额/账单/到账/验证码）"
6001,TRANSACTION,高,"包含明确的交易信息（金额/账单/到账/验证码）"
6002,NEEDS_REVIEW,低,"无法明确归类，需人工判断"
6003,AD,中,"运营商营销推广"
6004,NEEDS_REVIEW,低,"无法明确归类，需人工判断"
6005,TRANSACTION,高,"快递/物流服务通知"
6006,TRANSACTION,高,"运营商服务通知（流量/余额/账单/来电提醒）"
6007,NEEDS_REVIEW,高,"政府/公益信息"
6008,AD,中,"运营商营销推广"
6009,TRANSACTION,中,"疑似交易/服务通知，需人工确认"
6010,NEEDS_REVIEW,低,"无法明确归类，需人工判断"
6011,TRANSACTION,中,"疑似交易/服务通知，需人工确认"
6012,NEEDS_REVIEW,低,"无法明确归类，需人工判断"
6013,TRANSACTION,高,"包含明确的交易信息（金额/账单/到账/验证码）"
6014,TRANSACTION,高,"运营商服务通知（流量/余额/账单/来电提醒）"
6015,TRANSACTION,高,"运营商服务通知（流量/余额/账单/来电提醒）"
6016,NEEDS_REVIEW,低,"无法明确归类，需人工判断"
6017,TRANSACTION,高,"运营商服务通知（流量/余额/账单/来电提醒）"
6018,TRANSACTION,高,"运营商服务通知（流量/余额/账单/来电提醒）"
6019,TRANSACTION,中,"疑似交易/服务通知，需人工确认"
6020,TRANSACTION,高,"运营商服务通知（流量/余额/账单/来电提醒）"
6021,NEEDS_REVIEW,低,"无法明确归类，需人工判断"
6022,TRANSACTION,高,"运营商服务通知（流量/余额/账单/来电提醒）"
6023,NEEDS_REVIEW,低,"无法明确归类，需人工判断"
6024,TRANSACTION,中,"疑似交易/服务通知，需人工确认"
6025,TRANSACTION,中,"疑似交易/服务通知，需人工确认"
6026,TRANSACTION,中,"疑似交易/服务通知，需人工确认"
6027,NEEDS_REVIEW,低,"无法明确归类，需人工判断"
6028,NEEDS_REVIEW,低,"无法明确归类，需人工判断"
6029,HARASS,高,"包含催收/威胁关键词"
6030,TRANSACTION,中,"疑似交易/服务通知，需人工确认"
6031,TRANSACTION,中,"疑似交易/服务通知，需人工确认"
6032,NEEDS_REVIEW,低,"无法明确归类，需人工判断"
6033,TRANSACTION,中,"疑似交易/服务通知，需人工确认"
6034,TRANSACTION,高,"快递/物流服务通知"
6035,NEEDS_REVIEW,高,"天气预报服务信息"
6036,TRANSACTION,中,"疑似交易/服务通知，需人工确认"
6037,NEEDS_REVIEW,低,"无法明确归类，需人工判断"
6038,NEEDS_REVIEW,高,"政府/公益/公共服务信息，无商业推广"
6039,TRANSACTION,高,"包含明确的交易信息（金额/账单/到账/验证码）"
6040,TRANSACTION,中,"疑似交易/服务通知，需人工确认"
6041,AD,高,"包含多个广告特征"
6042,TRANSACTION,高,"包含明确的交易信息（金额/账单/到账/验证码）"
6043,TRANSACTION,高,"运营商服务通知（流量/余额/账单/来电提醒）"
6044,NEEDS_REVIEW,低,"无法明确归类，需人工判断"
6045,NEEDS_REVIEW,高,"政府/公益/公共服务信息，无商业推广"
6046,TRANSACTION,高,"包含明确的交易信息（金额/账单/到账/验证码）"
6047,TRANSACTION,中,"疑似交易/服务通知，需人工确认"
6048,NEEDS_REVIEW,高,"政府/公益/公共服务信息，无商业推广"
6049,TRANSACTION,中,"疑似交易/服务通知，需人工确认"
6050,NEEDS_REVIEW,低,"无法明确归类，需人工判断"
6051,AD,高,"贷款产品推广广告"
6052,TRANSACTION,高,"包含明确的交易信息（金额/账单/到账/验证码）"
6053,AD,中,"运营商营销推广"
6054,NEEDS_REVIEW,高,"政府/公益信息"
6055,AD,中,"运营商营销推广"
6056,TRANSACTION,高,"包含明确的交易信息（金额/账单/到账/验证码）"
6057,TRANSACTION,高,"运营商服务通知（流量/余额/账单/来电提醒）"
6058,TRANSACTION,中,"疑似交易/服务通知，需人工确认"
6059,TRANSACTION,高,"运营商服务通知（流量/余额/账单/来电提醒）"
6060,TRANSACTION,高,"包含明确的交易信息（金额/账单/到账/验证码）"
6061,NEEDS_REVIEW,低,"无法明确归类，需人工判断"
6062,NEEDS_REVIEW,高,"天气预报服务信息"
6063,AD,中,"医疗推广信息"
6064,TRANSACTION,高,"运营商服务通知（流量/余额/账单/来电提醒）"
6065,TRANSACTION,中,"疑似交易/服务通知，需人工确认"
6066,TRANSACTION,中,"疑似交易/服务通知，需人工确认"
6067,AD,中,"运营商营销推广"
6068,NEEDS_REVIEW,低,"无法明确归类，需人工判断"
6069,NEEDS_REVIEW,低,"无法明确归类，需人工判断"
6070,TRANSACTION,高,"包含明确的交易信息（金额/账单/到账/验证码）"
6071,TRANSACTION,高,"快递/物流服务通知"
6072,NEEDS_REVIEW,高,"政府/公益/公共服务信息，无商业推广"
6073,TRANSACTION,中,"疑似交易/服务通知，需人工确认"
6074,TRANSACTION,高,"运营商服务通知（流量/余额/账单/来电提醒）"
6075,NEEDS_REVIEW,低,"无法明确归类，需人工判断"
6076,TRANSACTION,高,"包含明确的交易信息（金额/账单/到账/验证码）"
6077,NEEDS_REVIEW,高,"天气预报服务信息"
6078,TRANSACTION,中,"疑似交易/服务通知，需人工确认"
6079,AD,中,"运营商营销推广"
6080,TRANSACTION,高,"包含明确的交易信息（金额/账单/到账/验证码）"
6081,TRANSACTION,中,"疑似交易/服务通知，需人工确认"
6082,TRANSACTION,高,"快递/物流服务通知"
6083,TRANSACTION,中,"疑似交易/服务通知，需人工确认"
6084,NEEDS_REVIEW,高,"政府/公益/公共服务信息，无商业推广"
6085,TRANSACTION,高,"包含明确的交易信息（金额/账单/到账/验证码）"
6086,NEEDS_REVIEW,高,"天气预报服务信息"
6087,NEEDS_REVIEW,高,"天气预报服务信息"
6088,TRANSACTION,高,"包含明确的交易信息（金额/账单/到账/验证码）"
6089,TRANSACTION,中,"疑似交易/服务通知，需人工确认"
6090,TRANSACTION,高,"运营商服务通知（流量/余额/账单/来电提醒）"
6091,TRANSACTION,中,"疑似交易/服务通知，需人工确认"
6092,TRANSACTION,中,"疑似交易/服务通知，需人工确认"
6093,TRANSACTION,高,"包含明确的交易信息（金额/账单/到账/验证码）"
6094,TRANSACTION,高,"包含明确的交易信息（金额/账单/到账/验证码）"
6095,AD,高,"包含多个广告特征"
6096,TRANSACTION,高,"包含明确的交易信息（金额/账单/到账/验证码）"
6097,AD,高,"产品营销广告"
6098,AD,中,"运营商营销推广"
6099,TRANSACTION,高,"运营商服务通知（流量/余额/账单/来电提醒）"
6100,NEEDS_REVIEW,低,"无法明确归类，需人工判断"
6101,TRANSACTION,中,"疑似交易/服务通知，需人工确认"
6102,TRANSACTION,高,"运营商服务通知（流量/余额/账单/来电提醒）"
6103,TRANSACTION,中,"疑似交易/服务通知，需人工确认"
6104,TRANSACTION,中,"疑似交易/服务通知，需人工确认"
6105,TRANSACTION,中,"疑似交易/服务通知，需人工确认"
6106,TRANSACTION,高,"包含明确的交易信息（金额/账单/到账/验证码）"
6107,TRANSACTION,中,"疑似交易/服务通知，需人工确认"
6108,TRANSACTION,高,"快递/物流服务通知"
6109,HARASS,高,"包含催收/威胁关键词"
6110,TRANSACTION,中,"疑似交易/服务通知，需人工确认"
6111,NEEDS_REVIEW,低,"无法明确归类，需人工判断"
6112,NEEDS_REVIEW,低,"无法明确归类，需人工判断"
6113,NEEDS_REVIEW,低,"无法明确归类，需人工判断"
6114,NEEDS_REVIEW,低,"无法明确归类，需人工判断"
6115,AD,中,"运营商营销推广"
6116,TRANSACTION,高,"运营商服务通知（流量/余额/账单/来电提醒）"
6117,TRANSACTION,中,"疑似交易/服务通知，需人工确认"
6118,TRANSACTION,中,"疑似交易/服务通知，需人工确认"
6119,TRANSACTION,中,"疑似交易/服务通知，需人工确认"
6120,NEEDS_REVIEW,低,"无法明确归类，需人工判断"
6121,NEEDS_REVIEW,高,"政府/公益/公共服务信息，无商业推广"
6122,TRANSACTION,高,"运营商服务通知（流量/余额/账单/来电提醒）"
6123,TRANSACTION,高,"包含明确的交易信息（金额/账单/到账/验证码）"
6124,NEEDS_REVIEW,低,"无法明确归类，需人工判断"
6125,TRANSACTION,高,"包含明确的交易信息（金额/账单/到账/验证码）"
6126,AD,高,"贷款产品推广广告"
6127,HARASS,高,"包含催收/威胁关键词"
6128,NEEDS_REVIEW,低,"无法明确归类，需人工判断"
6129,TRANSACTION,中,"疑似交易/服务通知，需人工确认"
6130,AD,中,"运营商营销推广"
6131,NEEDS_REVIEW,低,"无法明确归类，需人工判断"
6132,AD,中,"运营商营销推广"
6133,NEEDS_REVIEW,低,"无法明确归类，需人工判断"
6134,TRANSACTION,高,"保险/金融服务通知"
6135,TRANSACTION,高,"快递/物流服务通知"
6136,NEEDS_REVIEW,高,"政府/公益信息"
6137,AD,高,"贷款产品推广广告"
6138,TRANSACTION,中,"疑似交易/服务通知，需人工确认"
6139,AD,中,"运营商营销推广"
6140,NEEDS_REVIEW,高,"天气预报服务信息"
6141,TRANSACTION,中,"疑似交易/服务通知，需人工确认"
6142,TRANSACTION,中,"疑似交易/服务通知，需人工确认"
6143,NEEDS_REVIEW,中,"工作/业务通知，需人工判断"
6144,TRANSACTION,中,"疑似交易/服务通知，需人工确认"
6145,NEEDS_REVIEW,低,"无法明确归类，需人工判断"
6146,AD,中,"医疗推广信息"
6147,TRANSACTION,中,"疑似交易/服务通知，需人工确认"
6148,TRANSACTION,高,"包含明确的交易信息（金额/账单/到账/验证码）"
6149,NEEDS_REVIEW,低,"无法明确归类，需人工判断"
6150,TRANSACTION,中,"疑似交易/服务通知，需人工确认"
6151,AD,中,"教育培训推广"
6152,TRANSACTION,高,"保险/金融服务通知"
6153,NEEDS_REVIEW,低,"无法明确归类，需人工判断"
6154,TRANSACTION,高,"包含明确的交易信息（金额/账单/到账/验证码）"
6155,NEEDS_REVIEW,高,"天气预报服务信息"
6156,NEEDS_REVIEW,高,"天气预报服务信息"
6157,TRANSACTION,中,"疑似交易/服务通知，需人工确认"
6158,NEEDS_REVIEW,低,"无法明确归类，需人工判断"
6159,AD,中,"运营商营销推广"
6160,TRANSACTION,高,"快递/物流服务通知"
6161,TRANSACTION,中,"疑似交易/服务通知，需人工确认"
6162,NEEDS_REVIEW,高,"天气预报服务信息"
6163,HARASS,高,"包含催收/威胁关键词"
6164,TRANSACTION,高,"运营商服务通知（流量/余额/账单/来电提醒）"
6165,TRANSACTION,高,"快递/物流服务通知"
6166,NEEDS_REVIEW,高,"天气预报服务信息"
6167,NEEDS_REVIEW,低,"无法明确归类，需人工判断"
6168,NEEDS_REVIEW,低,"无法明确归类，需人工判断"
6169,NEEDS_REVIEW,低,"无法明确归类，需人工判断"
6170,TRANSACTION,中,"疑似交易/服务通知，需人工确认"
6171,NEEDS_REVIEW,低,"无法明确归类，需人工判断"
6172,NEEDS_REVIEW,高,"政府/公益/公共服务信息，无商业推广"
6173,NEEDS_REVIEW,中,"工作/业务通知，需人工判断"
6174,TRANSACTION,高,"包含明确的交易信息（金额/账单/到账/验证码）"
6175,NEEDS_REVIEW,低,"无法明确归类，需人工判断"
6176,TRANSACTION,高,"运营商服务通知（流量/余额/账单/来电提醒）"
6177,TRANSACTION,高,"包含明确的交易信息（金额/账单/到账/验证码）"
6178,TRANSACTION,高,"快递/物流服务通知"
6179,TRANSACTION,高,"快递/物流服务通知"
6180,NEEDS_REVIEW,低,"无法明确归类，需人工判断"
6181,NEEDS_REVIEW,高,"政府/公益/公共服务信息，无商业推广"
6182,NEEDS_REVIEW,高,"政府/公益信息"
6183,TRANSACTION,高,"运营商服务通知（流量/余额/账单/来电提醒）"
6184,NEEDS_REVIEW,高,"政府/公益/公共服务信息，无商业推广"
6185,TRANSACTION,中,"疑似交易/服务通知，需人工确认"
6186,TRANSACTION,高,"包含明确的交易信息（金额/账单/到账/验证码）"
6187,TRANSACTION,高,"快递/物流服务通知"
6188,TRANSACTION,高,"运营商服务通知（流量/余额/账单/来电提醒）"
6189,TRANSACTION,高,"快递/物流服务通知"
6190,NEEDS_REVIEW,低,"无法明确归类，需人工判断"
6191,TRANSACTION,中,"疑似交易/服务通知，需人工确认"
6192,TRANSACTION,高,"运营商服务通知（流量/余额/账单/来电提醒）"
6193,NEEDS_REVIEW,高,"政府/公益信息"
6194,NEEDS_REVIEW,低,"无法明确归类，需人工判断"
6195,AD,高,"包含多个广告特征"
6196,NEEDS_REVIEW,低,"无法明确归类，需人工判断"
6197,TRANSACTION,中,"疑似交易/服务通知，需人工确认"
6198,HARASS,高,"包含催收/威胁关键词"
6199,NEEDS_REVIEW,低,"无法明确归类，需人工判断"
6200,NEEDS_REVIEW,低,"无法明确归类，需人工判断"
6201,NEEDS_REVIEW,高,"天气预报服务信息"
6202,TRANSACTION,高,"包含明确的交易信息（金额/账单/到账/验证码）"
6203,TRANSACTION,中,"疑似交易/服务通知，需人工确认"
6204,NEEDS_REVIEW,低,"无法明确归类，需人工判断"
6205,NEEDS_REVIEW,低,"无法明确归类，需人工判断"
6206,NEEDS_REVIEW,低,"无法明确归类，需人工判断"
6207,AD,中,"医疗推广信息"
6208,TRANSACTION,高,"运营商服务通知（流量/余额/账单/来电提醒）"
6209,TRANSACTION,中,"疑似交易/服务通知，需人工确认"
6210,TRANSACTION,高,"快递/物流服务通知"
6211,HARASS,高,"匹配催收模式"
6212,NEEDS_REVIEW,高,"天气预报服务信息"
6213,TRANSACTION,高,"包含明确的交易信息（金额/账单/到账/验证码）"
6214,TRANSACTION,高,"运营商服务通知（流量/余额/账单/来电提醒）"
6215,NEEDS_REVIEW,高,"政府/公益/公共服务信息，无商业推广"
6216,NEEDS_REVIEW,高,"天气预报服务信息"
6217,TRANSACTION,高,"快递/物流服务通知"
6218,TRANSACTION,高,"运营商服务通知（流量/余额/账单/来电提醒）"
6219,NEEDS_REVIEW,高,"政府/公益/公共服务信息，无商业推广"
6220,TRANSACTION,中,"疑似交易/服务通知，需人工确认"
6221,NEEDS_REVIEW,低,"无法明确归类，需人工判断"
6222,TRANSACTION,高,"运营商服务通知（流量/余额/账单/来电提醒）"
6223,AD,中,"运营商营销推广"
6224,TRANSACTION,高,"包含明确的交易信息（金额/账单/到账/验证码）"
6225,AD,中,"运营商营销推广"
6226,AD,高,"贷款产品推广广告"
6227,TRANSACTION,中,"疑似交易/服务通知，需人工确认"
6228,TRANSACTION,高,"保险/金融服务通知"
6229,TRANSACTION,中,"疑似交易/服务通知，需人工确认"
6230,AD,中,"运营商营销推广"
6231,TRANSACTION,中,"疑似交易/服务通知，需人工确认"
6232,AD,高,"贷款产品推广广告"
6233,NEEDS_REVIEW,低,"无法明确归类，需人工判断"
6234,TRANSACTION,高,"快递/物流服务通知"
6235,NEEDS_REVIEW,低,"无法明确归类，需人工判断"
6236,TRANSACTION,高,"快递/物流服务通知"
6237,TRANSACTION,高,"包含明确的交易信息（金额/账单/到账/验证码）"
6238,TRANSACTION,高,"包含明确的交易信息（金额/账单/到账/验证码）"
6239,AD,中,"运营商营销推广"
6240,AD,中,"运营商营销推广"
6241,TRANSACTION,高,"快递/物流服务通知"
6242,TRANSACTION,中,"疑似交易/服务通知，需人工确认"
6243,NEEDS_REVIEW,低,"无法明确归类，需人工判断"
6244,NEEDS_REVIEW,低,"无法明确归类，需人工判断"
6245,AD,高,"包含多个广告特征"
6246,TRANSACTION,中,"疑似交易/服务通知，需人工确认"
6247,AD,高,"包含多个广告特征"
6248,TRANSACTION,中,"疑似交易/服务通知，需人工确认"
6249,TRANSACTION,高,"包含明确的交易信息（金额/账单/到账/验证码）"
6250,TRANSACTION,中,"疑似交易/服务通知，需人工确认"
6251,NEEDS_REVIEW,低,"无法明确归类，需人工判断"
6252,TRANSACTION,中,"疑似交易/服务通知，需人工确认"
6253,TRANSACTION,高,"包含明确的交易信息（金额/账单/到账/验证码）"
6254,NEEDS_REVIEW,低,"无法明确归类，需人工判断"
6255,NEEDS_REVIEW,低,"无法明确归类，需人工判断"
6256,AD,高,"包含多个广告特征"
6257,NEEDS_REVIEW,高,"天气预报服务信息"
6258,NEEDS_REVIEW,低,"无法明确归类，需人工判断"
6259,AD,高,"产品营销广告"
6260,AD,中,"医疗推广信息"
6261,AD,中,"运营商营销推广"
6262,NEEDS_REVIEW,低,"无法明确归类，需人工判断"
6263,NEEDS_REVIEW,高,"天气预报服务信息"
6264,AD,高,"贷款产品推广广告"
6265,TRANSACTION,高,"包含明确的交易信息（金额/账单/到账/验证码）"
6266,NEEDS_REVIEW,中,"工作/业务通知，需人工判断"
6267,AD,高,"包含多个广告特征"
6268,NEEDS_REVIEW,高,"政府/公益信息"
6269,TRANSACTION,中,"疑似交易/服务通知，需人工确认"
6270,AD,中,"运营商营销推广"
6271,TRANSACTION,高,"运营商服务通知（流量/余额/账单/来电提醒）"
6272,TRANSACTION,高,"运营商服务通知（流量/余额/账单/来电提醒）"
6273,NEEDS_REVIEW,高,"天气预报服务信息"
6274,NEEDS_REVIEW,低,"无法明确归类，需人工判断"
6275,NEEDS_REVIEW,高,"政府/公益/公共服务信息，无商业推广"
6276,TRANSACTION,高,"快递/物流服务通知"
6277,NEEDS_REVIEW,高,"政府/公益/公共服务信息，无商业推广"
6278,TRANSACTION,高,"包含明确的交易信息（金额/账单/到账/验证码）"
6279,TRANSACTION,高,"运营商服务通知（流量/余额/账单/来电提醒）"
6280,TRANSACTION,中,"疑似交易/服务通知，需人工确认"
6281,AD,中,"运营商营销推广"
6282,TRANSACTION,中,"疑似交易/服务通知，需人工确认"
6283,NEEDS_REVIEW,低,"无法明确归类，需人工判断"
6284,NEEDS_REVIEW,高,"政府/公益/公共服务信息，无商业推广"
6285,NEEDS_REVIEW,低,"无法明确归类，需人工判断"
6286,AD,中,"医疗推广信息"
6287,TRANSACTION,高,"快递/物流服务通知"
6288,NEEDS_REVIEW,低,"无法明确归类，需人工判断"
6289,NEEDS_REVIEW,高,"政府/公益/公共服务信息，无商业推广"
6290,AD,中,"运营商营销推广"
6291,TRANSACTION,中,"疑似交易/服务通知，需人工确认"
6292,NEEDS_REVIEW,高,"天气预报服务信息"
6293,TRANSACTION,高,"包含明确的交易信息（金额/账单/到账/验证码）"
6294,TRANSACTION,高,"运营商服务通知（流量/余额/账单/来电提醒）"
6295,NEEDS_REVIEW,低,"无法明确归类，需人工判断"
6296,AD,中,"运营商营销推广"
6297,TRANSACTION,中,"疑似交易/服务通知，需人工确认"
6298,TRANSACTION,高,"包含明确的交易信息（金额/账单/到账/验证码）"
6299,AD,高,"包含多个广告特征"
6300,TRANSACTION,高,"快递/物流服务通知"
6301,TRANSACTION,高,"包含明确的交易信息（金额/账单/到账/验证码）"
6302,NEEDS_REVIEW,低,"无法明确归类，需人工判断"
6303,NEEDS_REVIEW,高,"政府/公益信息"
6304,TRANSACTION,中,"疑似交易/服务通知，需人工确认"
6305,NEEDS_REVIEW,高,"天气预报服务信息"
6306,TRANSACTION,高,"运营商服务通知（流量/余额/账单/来电提醒）"
6307,TRANSACTION,高,"快递/物流服务通知"
6308,NEEDS_REVIEW,高,"政府/公益/公共服务信息，无商业推广"
6309,TRANSACTION,高,"运营商服务通知（流量/余额/账单/来电提醒）"
6310,TRANSACTION,高,"保险/金融服务通知"
6311,NEEDS_REVIEW,低,"无法明确归类，需人工判断"
6312,HARASS,高,"包含催收/威胁关键词"
6313,NEEDS_REVIEW,低,"无法明确归类，需人工判断"
6314,NEEDS_REVIEW,低,"无法明确归类，需人工判断"
6315,HARASS,高,"包含催收/威胁关键词"
6316,TRANSACTION,高,"运营商服务通知（流量/余额/账单/来电提醒）"
6317,TRANSACTION,高,"保险/金融服务通知"
6318,TRANSACTION,高,"包含明确的交易信息（金额/账单/到账/验证码）"
6319,TRANSACTION,中,"疑似交易/服务通知，需人工确认"
6320,NEEDS_REVIEW,低,"无法明确归类，需人工判断"
6321,TRANSACTION,高,"包含明确的交易信息（金额/账单/到账/验证码）"
6322,TRANSACTION,中,"疑似交易/服务通知，需人工确认"
6323,TRANSACTION,高,"保险/金融服务通知"
6324,AD,中,"医疗推广信息"
6325,AD,中,"运营商营销推广"
6326,TRANSACTION,中,"疑似交易/服务通知，需人工确认"
6327,TRANSACTION,高,"运营商服务通知（流量/余额/账单/来电提醒）"
6328,TRANSACTION,中,"疑似交易/服务通知，需人工确认"
6329,NEEDS_REVIEW,低,"无法明确归类，需人工判断"
6330,TRANSACTION,高,"运营商服务通知（流量/余额/账单/来电提醒）"
6331,NEEDS_REVIEW,低,"无法明确归类，需人工判断"
6332,TRANSACTION,中,"疑似交易/服务通知，需人工确认"
6333,NEEDS_REVIEW,高,"天气预报服务信息"
6334,NEEDS_REVIEW,低,"无法明确归类，需人工判断"
6335,TRANSACTION,中,"疑似交易/服务通知，需人工确认"
6336,TRANSACTION,高,"运营商服务通知（流量/余额/账单/来电提醒）"
6337,TRANSACTION,高,"运营商服务通知（流量/余额/账单/来电提醒）"
6338,NEEDS_REVIEW,低,"无法明确归类，需人工判断"
6339,TRANSACTION,中,"疑似交易/服务通知，需人工确认"
6340,NEEDS_REVIEW,低,"无法明确归类，需人工判断"
6341,NEEDS_REVIEW,低,"无法明确归类，需人工判断"
6342,NEEDS_REVIEW,低,"无法明确归类，需人工判断"
6343,TRANSACTION,高,"快递/物流服务通知"
6344,NEEDS_REVIEW,高,"天气预报服务信息"
6345,NEEDS_REVIEW,高,"天气预报服务信息"
6346,AD,高,"包含多个广告特征"
6347,NEEDS_REVIEW,低,"无法明确归类，需人工判断"
6348,NEEDS_REVIEW,低,"无法明确归类，需人工判断"
6349,AD,中,"服务评价邀请，含营销激励（抽奖/礼品）"
6350,TRANSACTION,高,"包含明确的交易信息（金额/账单/到账/验证码）"
6351,TRANSACTION,高,"快递/物流服务通知"
6352,TRANSACTION,高,"运营商服务通知（流量/余额/账单/来电提醒）"
6353,AD,中,"运营商营销推广"
6354,TRANSACTION,中,"疑似交易/服务通知，需人工确认"
6355,TRANSACTION,中,"疑似交易/服务通知，需人工确认"
6356,NEEDS_REVIEW,低,"无法明确归类，需人工判断"
6357,TRANSACTION,中,"疑似交易/服务通知，需人工确认"
6358,NEEDS_REVIEW,高,"天气预报服务信息"
6359,NEEDS_REVIEW,低,"无法明确归类，需人工判断"
6360,TRANSACTION,中,"疑似交易/服务通知，需人工确认"
6361,TRANSACTION,中,"疑似交易/服务通知，需人工确认"
6362,TRANSACTION,高,"快递/物流服务通知"
6363,TRANSACTION,高,"快递/物流服务通知"
6364,AD,高,"包含多个广告特征"
6365,TRANSACTION,高,"运营商服务通知（流量/余额/账单/来电提醒）"
6366,AD,中,"运营商营销推广"
6367,NEEDS_REVIEW,低,"无法明确归类，需人工判断"
6368,TRANSACTION,高,"运营商服务通知（流量/余额/账单/来电提醒）"
6369,AD,中,"医疗推广信息"
6370,TRANSACTION,中,"疑似交易/服务通知，需人工确认"
6371,TRANSACTION,中,"疑似交易/服务通知，需人工确认"
6372,TRANSACTION,中,"疑似交易/服务通知，需人工确认"
6373,TRANSACTION,高,"快递/物流服务通知"
6374,TRANSACTION,高,"运营商服务通知（流量/余额/账单/来电提醒）"
6375,TRANSACTION,中,"疑似交易/服务通知，需人工确认"
6376,TRANSACTION,高,"包含明确的交易信息（金额/账单/到账/验证码）"
6377,NEEDS_REVIEW,低,"无法明确归类，需人工判断"
6378,TRANSACTION,高,"包含明确的交易信息（金额/账单/到账/验证码）"
6379,NEEDS_REVIEW,高,"天气预报服务信息"
6380,TRANSACTION,中,"疑似交易/服务通知，需人工确认"
6381,TRANSACTION,中,"疑似交易/服务通知，需人工确认"
6382,TRANSACTION,高,"运营商服务通知（流量/余额/账单/来电提醒）"
6383,NEEDS_REVIEW,低,"无法明确归类，需人工判断"
6384,NEEDS_REVIEW,低,"无法明确归类，需人工判断"
6385,AD,中,"医疗推广信息"
6386,HARASS,高,"包含催收/威胁关键词"
6387,NEEDS_REVIEW,高,"政府/公益/公共服务信息，无商业推广"
6388,NEEDS_REVIEW,高,"政府/公益/公共服务信息，无商业推广"
6389,TRANSACTION,中,"疑似交易/服务通知，需人工确认"
6390,NEEDS_REVIEW,低,"无法明确归类，需人工判断"
6391,TRANSACTION,中,"疑似交易/服务通知，需人工确认"
6392,NEEDS_REVIEW,高,"政府/公益/公共服务信息，无商业推广"
6393,TRANSACTION,高,"运营商服务通知（流量/余额/账单/来电提醒）"
6394,TRANSACTION,高,"包含明确的交易信息（金额/账单/到账/验证码）"
6395,NEEDS_REVIEW,低,"无法明确归类，需人工判断"
6396,TRANSACTION,中,"疑似交易/服务通知，需人工确认"
6397,TRANSACTION,中,"疑似交易/服务通知，需人工确认"
6398,TRANSACTION,高,"运营商服务通知（流量/余额/账单/来电提醒）"
6399,NEEDS_REVIEW,高,"政府/公益/公共服务信息，无商业推广"
6400,NEEDS_REVIEW,低,"无法明确归类，需人工判断"
6401,TRANSACTION,中,"疑似交易/服务通知，需人工确认"
6402,NEEDS_REVIEW,高,"天气预报服务信息"
6403,TRANSACTION,中,"疑似交易/服务通知，需人工确认"
6404,TRANSACTION,中,"疑似交易/服务通知，需人工确认"
6405,TRANSACTION,中,"疑似交易/服务通知，需人工确认"
6406,TRANSACTION,中,"疑似交易/服务通知，需人工确认"
6407,NEEDS_REVIEW,高,"政府/公益/公共服务信息，无商业推广"
6408,TRANSACTION,中,"疑似交易/服务通知，需人工确认"
6409,NEEDS_REVIEW,中,"工作/业务通知，需人工判断"
6410,TRANSACTION,中,"疑似交易/服务通知，需人工确认"
6411,AD,中,"医疗推广信息"
6412,NEEDS_REVIEW,高,"政府/公益/公共服务信息，无商业推广"
6413,TRANSACTION,高,"快递/物流服务通知"
6414,TRANSACTION,高,"快递/物流服务通知"
6415,NEEDS_REVIEW,高,"天气预报服务信息"
6416,NEEDS_REVIEW,高,"政府/公益/公共服务信息，无商业推广"
6417,AD,中,"运营商营销推广"
6418,TRANSACTION,中,"疑似交易/服务通知，需人工确认"
6419,NEEDS_REVIEW,低,"无法明确归类，需人工判断"
6420,HARASS,高,"包含催收/威胁关键词"
6421,TRANSACTION,中,"疑似交易/服务通知，需人工确认"
6422,NEEDS_REVIEW,高,"天气预报服务信息"
6423,TRANSACTION,中,"疑似交易/服务通知，需人工确认"
6424,AD,中,"医疗推广信息"
6425,TRANSACTION,中,"疑似交易/服务通知，需人工确认"
6426,NEEDS_REVIEW,高,"政府/公益/公共服务信息，无商业推广"
6427,TRANSACTION,中,"疑似交易/服务通知，需人工确认"
6428,TRANSACTION,中,"疑似交易/服务通知，需人工确认"
6429,NEEDS_REVIEW,高,"政府/公益信息"
6430,NEEDS_REVIEW,低,"无法明确归类，需人工判断"
6431,NEEDS_REVIEW,低,"无法明确归类，需人工判断"
6432,TRANSACTION,高,"快递/物流服务通知"
6433,TRANSACTION,中,"疑似交易/服务通知，需人工确认"
6434,TRANSACTION,高,"包含明确的交易信息（金额/账单/到账/验证码）"
6435,TRANSACTION,高,"包含明确的交易信息（金额/账单/到账/验证码）"
6436,AD,高,"包含多个广告特征"
6437,TRANSACTION,高,"运营商服务通知（流量/余额/账单/来电提醒）"
6438,TRANSACTION,高,"包含明确的交易信息（金额/账单/到账/验证码）"
6439,TRANSACTION,中,"疑似交易/服务通知，需人工确认"
6440,AD,中,"运营商营销推广"
6441,TRANSACTION,中,"疑似交易/服务通知，需人工确认"
6442,TRANSACTION,高,"包含明确的交易信息（金额/账单/到账/验证码）"
6443,TRANSACTION,高,"运营商服务通知（流量/余额/账单/来电提醒）"
6444,TRANSACTION,高,"运营商服务通知（流量/余额/账单/来电提醒）"
6445,NEEDS_REVIEW,中,"服务评价邀请，边界模糊"
6446,NEEDS_REVIEW,高,"政府/公益/公共服务信息，无商业推广"
6447,AD,高,"包含多个广告特征"
6448,AD,中,"运营商营销推广"
6449,TRANSACTION,中,"疑似交易/服务通知，需人工确认"
6450,TRANSACTION,高,"快递/物流服务通知"
6451,NEEDS_REVIEW,低,"无法明确归类，需人工判断"
6452,AD,中,"医疗推广信息"
6453,TRANSACTION,高,"运营商服务通知（流量/余额/账单/来电提醒）"
6454,TRANSACTION,高,"包含明确的交易信息（金额/账单/到账/验证码）"
6455,TRANSACTION,中,"疑似交易/服务通知，需人工确认"
6456,NEEDS_REVIEW,高,"天气预报服务信息"
6457,TRANSACTION,高,"包含明确的交易信息（金额/账单/到账/验证码）"
6458,NEEDS_REVIEW,低,"无法明确归类，需人工判断"
6459,TRANSACTION,高,"快递/物流服务通知"
6460,NEEDS_REVIEW,低,"无法明确归类，需人工判断"
6461,NEEDS_REVIEW,高,"天气预报服务信息"
6462,TRANSACTION,高,"包含明确的交易信息（金额/账单/到账/验证码）"
6463,TRANSACTION,高,"包含明确的交易信息（金额/账单/到账/验证码）"
6464,TRANSACTION,高,"运营商服务通知（流量/余额/账单/来电提醒）"
6465,AD,高,"产品营销广告"
6466,TRANSACTION,高,"运营商服务通知（流量/余额/账单/来电提醒）"
6467,NEEDS_REVIEW,低,"无法明确归类，需人工判断"
6468,TRANSACTION,中,"疑似交易/服务通知，需人工确认"
6469,AD,中,"运营商营销推广"
6470,TRANSACTION,中,"疑似交易/服务通知，需人工确认"
6471,NEEDS_REVIEW,低,"无法明确归类，需人工判断"
6472,NEEDS_REVIEW,低,"无法明确归类，需人工判断"
6473,TRANSACTION,中,"疑似交易/服务通知，需人工确认"
6474,TRANSACTION,高,"包含明确的交易信息（金额/账单/到账/验证码）"
6475,TRANSACTION,高,"快递/物流服务通知"
6476,TRANSACTION,高,"运营商服务通知（流量/余额/账单/来电提醒）"
6477,TRANSACTION,中,"疑似交易/服务通知，需人工确认"
6478,TRANSACTION,高,"运营商服务通知（流量/余额/账单/来电提醒）"
6479,TRANSACTION,高,"运营商服务通知（流量/余额/账单/来电提醒）"
6480,AD,高,"包含多个广告特征"
6481,TRANSACTION,高,"运营商服务通知（流量/余额/账单/来电提醒）"
6482,NEEDS_REVIEW,高,"政府/公益信息"
6483,NEEDS_REVIEW,高,"政府/公益/公共服务信息，无商业推广"
6484,TRANSACTION,中,"疑似交易/服务通知，需人工确认"
6485,TRANSACTION,中,"疑似交易/服务通知，需人工确认"
6486,TRANSACTION,高,"包含明确的交易信息（金额/账单/到账/验证码）"
6487,NEEDS_REVIEW,低,"无法明确归类，需人工判断"
6488,TRANSACTION,中,"疑似交易/服务通知，需人工确认"
6489,TRANSACTION,高,"运营商服务通知（流量/余额/账单/来电提醒）"
6490,AD,高,"包含多个广告特征"
6491,TRANSACTION,高,"包含明确的交易信息（金额/账单/到账/验证码）"
6492,TRANSACTION,中,"疑似交易/服务通知，需人工确认"
6493,AD,中,"医疗推广信息"
6494,AD,高,"产品营销广告"
6495,TRANSACTION,高,"包含明确的交易信息（金额/账单/到账/验证码）"
6496,AD,高,"包含多个广告特征"
6497,TRANSACTION,高,"快递/物流服务通知"
6498,NEEDS_REVIEW,低,"无法明确归类，需人工判断"
6499,AD,中,"医疗推广信息"
6500,TRANSACTION,中,"疑似交易/服务通知，需人工确认"
6501,TRANSACTION,高,"包含明确的交易信息（金额/账单/到账/验证码）"
6502,NEEDS_REVIEW,低,"无法明确归类，需人工判断"
6503,TRANSACTION,中,"疑似交易/服务通知，需人工确认"
6504,AD,高,"产品营销广告"
6505,NEEDS_REVIEW,低,"无法明确归类，需人工判断"
6506,TRANSACTION,中,"疑似交易/服务通知，需人工确认"
6507,AD,中,"医疗推广信息"
6508,TRANSACTION,高,"运营商服务通知（流量/余额/账单/来电提醒）"
6509,TRANSACTION,中,"疑似交易/服务通知，需人工确认"
6510,NEEDS_REVIEW,低,"无法明确归类，需人工判断"
6511,HARASS,高,"包含催收/威胁关键词"
6512,TRANSACTION,中,"疑似交易/服务通知，需人工确认"
6513,TRANSACTION,高,"运营商服务通知（流量/余额/账单/来电提醒）"
6514,NEEDS_REVIEW,低,"无法明确归类，需人工判断"
6515,NEEDS_REVIEW,低,"无法明确归类，需人工判断"
6516,NEEDS_REVIEW,低,"无法明确归类，需人工判断"
6517,AD,高,"包含多个广告特征"
6518,NEEDS_REVIEW,低,"无法明确归类，需人工判断"
6519,NEEDS_REVIEW,低,"无法明确归类，需人工判断"
6520,TRANSACTION,中,"疑似交易/服务通知，需人工确认"
6521,AD,高,"包含多个广告特征"
6522,TRANSACTION,高,"运营商服务通知（流量/余额/账单/来电提醒）"
6523,NEEDS_REVIEW,高,"政府/公益/公共服务信息，无商业推广"
6524,TRANSACTION,高,"运营商服务通知（流量/余额/账单/来电提醒）"
6525,TRANSACTION,中,"疑似交易/服务通知，需人工确认"
6526,NEEDS_REVIEW,低,"无法明确归类，需人工判断"
6527,AD,中,"运营商营销推广"
6528,TRANSACTION,高,"快递/物流服务通知"
6529,TRANSACTION,中,"疑似交易/服务通知，需人工确认"
6530,NEEDS_REVIEW,高,"政府/公益/公共服务信息，无商业推广"
6531,TRANSACTION,高,"运营商服务通知（流量/余额/账单/来电提醒）"
6532,NEEDS_REVIEW,低,"无法明确归类，需人工判断"
6533,TRANSACTION,中,"车辆服务通知"
6534,NEEDS_REVIEW,高,"天气预报服务信息"
6535,NEEDS_REVIEW,高,"政府/公益/公共服务信息，无商业推广"
6536,TRANSACTION,高,"快递/物流服务通知"
6537,TRANSACTION,高,"包含明确的交易信息（金额/账单/到账/验证码）"
6538,TRANSACTION,中,"疑似交易/服务通知，需人工确认"
6539,NEEDS_REVIEW,高,"天气预报服务信息"
6540,AD,中,"运营商营销推广"
6541,TRANSACTION,中,"疑似交易/服务通知，需人工确认"
6542,HARASS,高,"包含催收/威胁关键词"
6543,TRANSACTION,中,"疑似交易/服务通知，需人工确认"
6544,NEEDS_REVIEW,低,"无法明确归类，需人工判断"
6545,TRANSACTION,高,"保险/金融服务通知"
6546,NEEDS_REVIEW,低,"无法明确归类，需人工判断"
6547,TRANSACTION,中,"疑似交易/服务通知，需人工确认"
6548,TRANSACTION,中,"疑似交易/服务通知，需人工确认"
6549,TRANSACTION,中,"疑似交易/服务通知，需人工确认"
6550,NEEDS_REVIEW,低,"无法明确归类，需人工判断"
6551,TRANSACTION,高,"运营商服务通知（流量/余额/账单/来电提醒）"
6552,TRANSACTION,中,"疑似交易/服务通知，需人工确认"
6553,TRANSACTION,高,"保险/金融服务通知"
6554,TRANSACTION,高,"运营商服务通知（流量/余额/账单/来电提醒）"
6555,TRANSACTION,高,"包含明确的交易信息（金额/账单/到账/验证码）"
6556,TRANSACTION,中,"疑似交易/服务通知，需人工确认"
6557,AD,中,"教育培训推广"
6558,TRANSACTION,中,"疑似交易/服务通知，需人工确认"
6559,TRANSACTION,高,"运营商服务通知（流量/余额/账单/来电提醒）"
6560,TRANSACTION,高,"运营商服务通知（流量/余额/账单/来电提醒）"
6561,NEEDS_REVIEW,低,"无法明确归类，需人工判断"
6562,NEEDS_REVIEW,高,"政府/公益/公共服务信息，无商业推广"
6563,NEEDS_REVIEW,低,"无法明确归类，需人工判断"
6564,TRANSACTION,高,"包含明确的交易信息（金额/账单/到账/验证码）"
6565,TRANSACTION,中,"疑似交易/服务通知，需人工确认"
6566,TRANSACTION,中,"疑似交易/服务通知，需人工确认"
6567,TRANSACTION,高,"保险/金融服务通知"
6568,NEEDS_REVIEW,高,"政府/公益/公共服务信息，无商业推广"
6569,TRANSACTION,高,"包含明确的交易信息（金额/账单/到账/验证码）"
6570,TRANSACTION,中,"疑似交易/服务通知，需人工确认"
6571,TRANSACTION,高,"快递/物流服务通知"
6572,TRANSACTION,高,"快递/物流服务通知"
6573,TRANSACTION,中,"疑似交易/服务通知，需人工确认"
6574,TRANSACTION,高,"包含明确的交易信息（金额/账单/到账/验证码）"
6575,NEEDS_REVIEW,低,"无法明确归类，需人工判断"
6576,TRANSACTION,中,"疑似交易/服务通知，需人工确认"
6577,NEEDS_REVIEW,中,"工作/业务通知，需人工判断"
6578,NEEDS_REVIEW,低,"无法明确归类，需人工判断"
6579,TRANSACTION,高,"包含明确的交易信息（金额/账单/到账/验证码）"
6580,TRANSACTION,高,"保险/金融服务通知"
6581,NEEDS_REVIEW,低,"无法明确归类，需人工判断"
6582,TRANSACTION,高,"快递/物流服务通知"
6583,NEEDS_REVIEW,低,"无法明确归类，需人工判断"
6584,NEEDS_REVIEW,低,"无法明确归类，需人工判断"
6585,NEEDS_REVIEW,高,"政府/公益信息"
6586,NEEDS_REVIEW,低,"无法明确归类，需人工判断"
6587,TRANSACTION,中,"疑似交易/服务通知，需人工确认"
6588,NEEDS_REVIEW,低,"无法明确归类，需人工判断"
6589,TRANSACTION,高,"快递/物流服务通知"
6590,NEEDS_REVIEW,高,"政府/公益/公共服务信息，无商业推广"
6591,NEEDS_REVIEW,低,"无法明确归类，需人工判断"
6592,TRANSACTION,高,"运营商服务通知（流量/余额/账单/来电提醒）"
6593,AD,中,"医疗推广信息"
6594,NEEDS_REVIEW,低,"无法明确归类，需人工判断"
6595,TRANSACTION,高,"运营商服务通知（流量/余额/账单/来电提醒）"
6596,TRANSACTION,高,"运营商服务通知（流量/余额/账单/来电提醒）"
6597,TRANSACTION,高,"快递/物流服务通知"
6598,TRANSACTION,中,"疑似交易/服务通知，需人工确认"
6599,NEEDS_REVIEW,低,"无法明确归类，需人工判断"
6600,NEEDS_REVIEW,低,"无法明确归类，需人工判断"
6601,TRANSACTION,中,"疑似交易/服务通知，需人工确认"
6602,TRANSACTION,高,"包含明确的交易信息（金额/账单/到账/验证码）"
6603,TRANSACTION,中,"疑似交易/服务通知，需人工确认"
6604,HARASS,高,"包含催收/威胁关键词"
6605,AD,中,"医疗推广信息"
6606,NEEDS_REVIEW,高,"政府/公益/公共服务信息，无商业推广"
6607,NEEDS_REVIEW,低,"无法明确归类，需人工判断"
6608,AD,高,"贷款产品推广广告"
6609,HARASS,高,"包含催收/威胁关键词"
6610,TRANSACTION,中,"疑似交易/服务通知，需人工确认"
6611,TRANSACTION,高,"运营商服务通知（流量/余额/账单/来电提醒）"
6612,TRANSACTION,中,"疑似交易/服务通知，需人工确认"
6613,NEEDS_REVIEW,高,"政府/公益/公共服务信息，无商业推广"
6614,NEEDS_REVIEW,低,"无法明确归类，需人工判断"
6615,AD,中,"运营商营销推广"
6616,TRANSACTION,高,"快递/物流服务通知"
6617,NEEDS_REVIEW,高,"政府/公益/公共服务信息，无商业推广"
6618,TRANSACTION,高,"包含明确的交易信息（金额/账单/到账/验证码）"
6619,TRANSACTION,高,"运营商服务通知（流量/余额/账单/来电提醒）"
6620,TRANSACTION,高,"运营商服务通知（流量/余额/账单/来电提醒）"
6621,NEEDS_REVIEW,高,"政府/公益/公共服务信息，无商业推广"
6622,AD,中,"医疗推广信息"
6623,TRANSACTION,中,"疑似交易/服务通知，需人工确认"
6624,TRANSACTION,中,"疑似交易/服务通知，需人工确认"
6625,TRANSACTION,中,"疑似交易/服务通知，需人工确认"
6626,AD,中,"运营商营销推广"
6627,TRANSACTION,中,"疑似交易/服务通知，需人工确认"
6628,NEEDS_REVIEW,高,"天气预报服务信息"
6629,NEEDS_REVIEW,低,"无法明确归类，需人工判断"
6630,NEEDS_REVIEW,低,"无法明确归类，需人工判断"
6631,TRANSACTION,高,"包含明确的交易信息（金额/账单/到账/验证码）"
6632,TRANSACTION,高,"快递/物流服务通知"
6633,TRANSACTION,中,"疑似交易/服务通知，需人工确认"
6634,TRANSACTION,高,"运营商服务通知（流量/余额/账单/来电提醒）"
6635,AD,中,"运营商营销推广"
6636,TRANSACTION,中,"疑似交易/服务通知，需人工确认"
6637,TRANSACTION,高,"保险/金融服务通知"
6638,AD,中,"运营商营销推广"
6639,TRANSACTION,高,"运营商服务通知（流量/余额/账单/来电提醒）"
6640,NEEDS_REVIEW,低,"无法明确归类，需人工判断"
6641,NEEDS_REVIEW,高,"政府/公益/公共服务信息，无商业推广"
6642,TRANSACTION,中,"疑似交易/服务通知，需人工确认"
6643,NEEDS_REVIEW,高,"天气预报服务信息"
6644,AD,中,"运营商营销推广"
6645,TRANSACTION,高,"运营商服务通知（流量/余额/账单/来电提醒）"
6646,TRANSACTION,中,"疑似交易/服务通知，需人工确认"
6647,TRANSACTION,高,"保险/金融服务通知"
6648,NEEDS_REVIEW,高,"政府/公益信息"
6649,TRANSACTION,高,"快递/物流服务通知"
6650,TRANSACTION,高,"包含明确的交易信息（金额/账单/到账/验证码）"
6651,TRANSACTION,高,"保险/金融服务通知"
6652,NEEDS_REVIEW,低,"无法明确归类，需人工判断"
6653,AD,中,"医疗推广信息"
6654,NEEDS_REVIEW,低,"无法明确归类，需人工判断"
6655,HARASS,高,"包含催收/威胁关键词"
6656,NEEDS_REVIEW,低,"无法明确归类，需人工判断"
6657,TRANSACTION,高,"运营商服务通知（流量/余额/账单/来电提醒）"
6658,TRANSACTION,中,"疑似交易/服务通知，需人工确认"
6659,NEEDS_REVIEW,低,"无法明确归类，需人工判断"
6660,TRANSACTION,中,"疑似交易/服务通知，需人工确认"
6661,NEEDS_REVIEW,低,"无法明确归类，需人工判断"
6662,NEEDS_REVIEW,低,"无法明确归类，需人工判断"
6663,TRANSACTION,高,"快递/物流服务通知"
6664,AD,中,"运营商营销推广"
6665,NEEDS_REVIEW,低,"无法明确归类，需人工判断"
6666,NEEDS_REVIEW,低,"无法明确归类，需人工判断"
6667,NEEDS_REVIEW,低,"无法明确归类，需人工判断"
6668,TRANSACTION,高,"快递/物流服务通知"
6669,TRANSACTION,高,"运营商服务通知（流量/余额/账单/来电提醒）"
6670,HARASS,高,"包含催收/威胁关键词"
6671,NEEDS_REVIEW,低,"无法明确归类，需人工判断"
6672,AD,中,"医疗推广信息"
6673,NEEDS_REVIEW,低,"无法明确归类，需人工判断"
6674,NEEDS_REVIEW,高,"政府/公益/公共服务信息，无商业推广"
6675,NEEDS_REVIEW,高,"天气预报服务信息"
6676,NEEDS_REVIEW,低,"无法明确归类，需人工判断"
6677,HARASS,高,"包含催收/威胁关键词"
6678,TRANSACTION,中,"疑似交易/服务通知，需人工确认"
6679,AD,中,"运营商营销推广"
6680,TRANSACTION,中,"疑似交易/服务通知，需人工确认"
6681,TRANSACTION,高,"包含明确的交易信息（金额/账单/到账/验证码）"
6682,AD,中,"运营商营销推广"
6683,NEEDS_REVIEW,低,"无法明确归类，需人工判断"
6684,TRANSACTION,高,"快递/物流服务通知"
6685,TRANSACTION,中,"疑似交易/服务通知，需人工确认"
6686,TRANSACTION,中,"疑似交易/服务通知，需人工确认"
6687,NEEDS_REVIEW,低,"无法明确归类，需人工判断"
6688,TRANSACTION,中,"疑似交易/服务通知，需人工确认"
6689,NEEDS_REVIEW,低,"无法明确归类，需人工判断"
6690,NEEDS_REVIEW,低,"无法明确归类，需人工判断"
6691,TRANSACTION,高,"运营商服务通知（流量/余额/账单/来电提醒）"
6692,TRANSACTION,高,"运营商服务通知（流量/余额/账单/来电提醒）"
6693,TRANSACTION,中,"疑似交易/服务通知，需人工确认"
6694,NEEDS_REVIEW,高,"天气预报服务信息"
6695,AD,中,"运营商营销推广"
6696,NEEDS_REVIEW,低,"无法明确归类，需人工判断"
6697,TRANSACTION,中,"疑似交易/服务通知，需人工确认"
6698,NEEDS_REVIEW,高,"政府/公益/公共服务信息，无商业推广"
6699,TRANSACTION,高,"包含明确的交易信息（金额/账单/到账/验证码）"
6700,TRANSACTION,高,"包含明确的交易信息（金额/账单/到账/验证码）"
6701,TRANSACTION,高,"快递/物流服务通知"
6702,AD,中,"运营商营销推广"
6703,NEEDS_REVIEW,低,"无法明确归类，需人工判断"
6704,TRANSACTION,高,"快递/物流服务通知"
6705,TRANSACTION,高,"运营商服务通知（流量/余额/账单/来电提醒）"
6706,NEEDS_REVIEW,低,"无法明确归类，需人工判断"
6707,NEEDS_REVIEW,高,"政府/公益/公共服务信息，无商业推广"
6708,NEEDS_REVIEW,高,"政府/公益信息"
6709,AD,中,"运营商营销推广"
6710,AD,中,"医疗推广信息"
6711,TRANSACTION,中,"疑似交易/服务通知，需人工确认"
6712,TRANSACTION,中,"疑似交易/服务通知，需人工确认"
6713,TRANSACTION,中,"疑似交易/服务通知，需人工确认"
6714,TRANSACTION,高,"包含明确的交易信息（金额/账单/到账/验证码）"
6715,TRANSACTION,高,"运营商服务通知（流量/余额/账单/来电提醒）"
6716,TRANSACTION,高,"包含明确的交易信息（金额/账单/到账/验证码）"
6717,TRANSACTION,高,"包含明确的交易信息（金额/账单/到账/验证码）"
6718,NEEDS_REVIEW,低,"无法明确归类，需人工判断"
6719,TRANSACTION,中,"疑似交易/服务通知，需人工确认"
6720,TRANSACTION,高,"包含明确的交易信息（金额/账单/到账/验证码）"
6721,TRANSACTION,中,"疑似交易/服务通知，需人工确认"
6722,NEEDS_REVIEW,低,"无法明确归类，需人工判断"
6723,TRANSACTION,中,"疑似交易/服务通知，需人工确认"
6724,TRANSACTION,高,"快递/物流服务通知"
6725,NEEDS_REVIEW,低,"无法明确归类，需人工判断"
6726,TRANSACTION,高,"快递/物流服务通知"
6727,NEEDS_REVIEW,高,"政府/公益/公共服务信息，无商业推广"
6728,TRANSACTION,中,"疑似交易/服务通知，需人工确认"
6729,TRANSACTION,高,"快递/物流服务通知"
6730,TRANSACTION,中,"疑似交易/服务通知，需人工确认"
6731,NEEDS_REVIEW,低,"无法明确归类，需人工判断"
6732,TRANSACTION,中,"疑似交易/服务通知，需人工确认"
6733,NEEDS_REVIEW,低,"无法明确归类，需人工判断"
6734,TRANSACTION,高,"运营商服务通知（流量/余额/账单/来电提醒）"
6735,NEEDS_REVIEW,低,"无法明确归类，需人工判断"
6736,NEEDS_REVIEW,低,"无法明确归类，需人工判断"
6737,TRANSACTION,高,"包含明确的交易信息（金额/账单/到账/验证码）"
6738,NEEDS_REVIEW,低,"无法明确归类，需人工判断"
6739,TRANSACTION,高,"包含明确的交易信息（金额/账单/到账/验证码）"
6740,TRANSACTION,高,"运营商服务通知（流量/余额/账单/来电提醒）"
6741,AD,中,"运营商营销推广"
6742,TRANSACTION,高,"快递/物流服务通知"
6743,NEEDS_REVIEW,高,"天气预报服务信息"
6744,NEEDS_REVIEW,低,"无法明确归类，需人工判断"
6745,AD,高,"产品营销广告"
6746,TRANSACTION,高,"快递/物流服务通知"
6747,TRANSACTION,中,"疑似交易/服务通知，需人工确认"
6748,TRANSACTION,中,"疑似交易/服务通知，需人工确认"
6749,NEEDS_REVIEW,低,"无法明确归类，需人工判断"
6750,TRANSACTION,高,"保险/金融服务通知"
6751,TRANSACTION,中,"疑似交易/服务通知，需人工确认"
6752,NEEDS_REVIEW,高,"政府/公益/公共服务信息，无商业推广"
6753,TRANSACTION,高,"包含明确的交易信息（金额/账单/到账/验证码）"
6754,HARASS,高,"包含催收/威胁关键词"
6755,TRANSACTION,中,"疑似交易/服务通知，需人工确认"
6756,NEEDS_REVIEW,高,"天气预报服务信息"
6757,TRANSACTION,中,"疑似交易/服务通知，需人工确认"
6758,AD,中,"医疗推广信息"
6759,NEEDS_REVIEW,低,"无法明确归类，需人工判断"
6760,TRANSACTION,中,"疑似交易/服务通知，需人工确认"
6761,NEEDS_REVIEW,低,"无法明确归类，需人工判断"
6762,AD,中,"运营商营销推广"
6763,AD,中,"运营商营销推广"
6764,NEEDS_REVIEW,低,"无法明确归类，需人工判断"
6765,TRANSACTION,高,"快递/物流服务通知"
6766,TRANSACTION,中,"疑似交易/服务通知，需人工确认"
6767,NEEDS_REVIEW,低,"无法明确归类，需人工判断"
6768,NEEDS_REVIEW,低,"无法明确归类，需人工判断"
6769,NEEDS_REVIEW,低,"无法明确归类，需人工判断"
6770,NEEDS_REVIEW,高,"天气预报服务信息"
6771,AD,中,"医疗推广信息"
6772,AD,中,"运营商营销推广"
6773,TRANSACTION,高,"运营商服务通知（流量/余额/账单/来电提醒）"
6774,TRANSACTION,中,"疑似交易/服务通知，需人工确认"
6775,TRANSACTION,高,"包含明确的交易信息（金额/账单/到账/验证码）"
6776,TRANSACTION,高,"包含明确的交易信息（金额/账单/到账/验证码）"
6777,NEEDS_REVIEW,低,"无法明确归类，需人工判断"
6778,TRANSACTION,中,"疑似交易/服务通知，需人工确认"
6779,NEEDS_REVIEW,高,"天气预报服务信息"
6780,TRANSACTION,高,"运营商服务通知（流量/余额/账单/来电提醒）"
6781,TRANSACTION,高,"包含明确的交易信息（金额/账单/到账/验证码）"
6782,NEEDS_REVIEW,低,"无法明确归类，需人工判断"
6783,TRANSACTION,中,"疑似交易/服务通知，需人工确认"
6784,AD,中,"医疗推广信息"
6785,NEEDS_REVIEW,高,"天气预报服务信息"
6786,TRANSACTION,中,"疑似交易/服务通知，需人工确认"
6787,NEEDS_REVIEW,高,"天气预报服务信息"
6788,TRANSACTION,中,"疑似交易/服务通知，需人工确认"
6789,TRANSACTION,高,"运营商服务通知（流量/余额/账单/来电提醒）"
6790,TRANSACTION,中,"疑似交易/服务通知，需人工确认"
6791,TRANSACTION,中,"疑似交易/服务通知，需人工确认"
6792,TRANSACTION,中,"疑似交易/服务通知，需人工确认"
6793,NEEDS_REVIEW,低,"无法明确归类，需人工判断"
6794,TRANSACTION,高,"运营商服务通知（流量/余额/账单/来电提醒）"
6795,AD,中,"医疗推广信息"
6796,TRANSACTION,中,"疑似交易/服务通知，需人工确认"
6797,NEEDS_REVIEW,中,"工作/业务通知，需人工判断"
6798,HARASS,高,"包含催收/威胁关键词"
6799,TRANSACTION,中,"疑似交易/服务通知，需人工确认"
6800,NEEDS_REVIEW,低,"无法明确归类，需人工判断"
6801,TRANSACTION,中,"疑似交易/服务通知，需人工确认"
6802,TRANSACTION,高,"快递/物流服务通知"
6803,NEEDS_REVIEW,低,"无法明确归类，需人工判断"
6804,NEEDS_REVIEW,低,"无法明确归类，需人工判断"
6805,TRANSACTION,高,"运营商服务通知（流量/余额/账单/来电提醒）"
6806,TRANSACTION,高,"快递/物流服务通知"
6807,AD,高,"包含多个广告特征"
6808,AD,高,"包含多个广告特征"
6809,HARASS,高,"包含催收/威胁关键词"
6810,TRANSACTION,高,"包含明确的交易信息（金额/账单/到账/验证码）"
6811,AD,中,"医疗推广信息"
6812,TRANSACTION,高,"包含明确的交易信息（金额/账单/到账/验证码）"
6813,TRANSACTION,高,"快递/物流服务通知"
6814,HARASS,高,"包含催收/威胁关键词"
6815,TRANSACTION,中,"疑似交易/服务通知，需人工确认"
6816,AD,中,"运营商营销推广"
6817,TRANSACTION,高,"包含明确的交易信息（金额/账单/到账/验证码）"
6818,AD,中,"运营商营销推广"
6819,NEEDS_REVIEW,低,"无法明确归类，需人工判断"
6820,NEEDS_REVIEW,低,"无法明确归类，需人工判断"
6821,NEEDS_REVIEW,高,"天气预报服务信息"
6822,TRANSACTION,中,"疑似交易/服务通知，需人工确认"
6823,NEEDS_REVIEW,低,"无法明确归类，需人工判断"
6824,AD,高,"包含多个广告特征"
6825,NEEDS_REVIEW,高,"天气预报服务信息"
6826,TRANSACTION,高,"包含明确的交易信息（金额/账单/到账/验证码）"
6827,TRANSACTION,中,"疑似交易/服务通知，需人工确认"
6828,TRANSACTION,中,"疑似交易/服务通知，需人工确认"
6829,TRANSACTION,中,"车辆服务通知"
6830,TRANSACTION,高,"运营商服务通知（流量/余额/账单/来电提醒）"
6831,TRANSACTION,中,"疑似交易/服务通知，需人工确认"
6832,NEEDS_REVIEW,低,"无法明确归类，需人工判断"
6833,AD,高,"贷款产品推广广告"
6834,NEEDS_REVIEW,高,"天气预报服务信息"
6835,NEEDS_REVIEW,高,"天气预报服务信息"
6836,TRANSACTION,高,"快递/物流服务通知"
6837,TRANSACTION,高,"快递/物流服务通知"
6838,NEEDS_REVIEW,低,"无法明确归类，需人工判断"
6839,AD,中,"运营商营销推广"
6840,AD,中,"运营商营销推广"
6841,TRANSACTION,高,"包含明确的交易信息（金额/账单/到账/验证码）"
6842,AD,中,"运营商营销推广"
6843,TRANSACTION,高,"包含明确的交易信息（金额/账单/到账/验证码）"
6844,HARASS,高,"包含催收/威胁关键词"
6845,TRANSACTION,中,"疑似交易/服务通知，需人工确认"
6846,NEEDS_REVIEW,低,"无法明确归类，需人工判断"
6847,NEEDS_REVIEW,高,"天气预报服务信息"
6848,TRANSACTION,高,"运营商服务通知（流量/余额/账单/来电提醒）"
6849,TRANSACTION,中,"疑似交易/服务通知，需人工确认"
6850,NEEDS_REVIEW,低,"无法明确归类，需人工判断"
6851,TRANSACTION,高,"快递/物流服务通知"
6852,TRANSACTION,高,"包含明确的交易信息（金额/账单/到账/验证码）"
6853,TRANSACTION,高,"包含明确的交易信息（金额/账单/到账/验证码）"
6854,TRANSACTION,高,"运营商服务通知（流量/余额/账单/来电提醒）"
6855,TRANSACTION,中,"疑似交易/服务通知，需人工确认"
6856,TRANSACTION,高,"包含明确的交易信息（金额/账单/到账/验证码）"
6857,TRANSACTION,中,"疑似交易/服务通知，需人工确认"
6858,NEEDS_REVIEW,高,"政府/公益/公共服务信息，无商业推广"
6859,NEEDS_REVIEW,高,"政府/公益/公共服务信息，无商业推广"
6860,NEEDS_REVIEW,低,"无法明确归类，需人工判断"
6861,TRANSACTION,高,"包含明确的交易信息（金额/账单/到账/验证码）"
6862,TRANSACTION,中,"疑似交易/服务通知，需人工确认"
6863,TRANSACTION,中,"疑似交易/服务通知，需人工确认"
6864,TRANSACTION,高,"运营商服务通知（流量/余额/账单/来电提醒）"
6865,NEEDS_REVIEW,低,"无法明确归类，需人工判断"
6866,AD,中,"运营商营销推广"
6867,TRANSACTION,中,"疑似交易/服务通知，需人工确认"
6868,TRANSACTION,高,"运营商服务通知（流量/余额/账单/来电提醒）"
6869,TRANSACTION,中,"疑似交易/服务通知，需人工确认"
6870,NEEDS_REVIEW,低,"无法明确归类，需人工判断"
6871,AD,中,"教育培训推广"
6872,TRANSACTION,中,"疑似交易/服务通知，需人工确认"
6873,TRANSACTION,高,"运营商服务通知（流量/余额/账单/来电提醒）"
6874,TRANSACTION,中,"疑似交易/服务通知，需人工确认"
6875,NEEDS_REVIEW,中,"服务评价邀请，边界模糊"
6876,TRANSACTION,高,"包含明确的交易信息（金额/账单/到账/验证码）"
6877,TRANSACTION,高,"运营商服务通知（流量/余额/账单/来电提醒）"
6878,NEEDS_REVIEW,低,"无法明确归类，需人工判断"
6879,NEEDS_REVIEW,低,"无法明确归类，需人工判断"
6880,NEEDS_REVIEW,高,"政府/公益信息"
6881,TRANSACTION,中,"疑似交易/服务通知，需人工确认"
6882,AD,中,"医疗推广信息"
6883,TRANSACTION,高,"包含明确的交易信息（金额/账单/到账/验证码）"
6884,TRANSACTION,高,"运营商服务通知（流量/余额/账单/来电提醒）"
6885,TRANSACTION,中,"疑似交易/服务通知，需人工确认"
6886,TRANSACTION,中,"疑似交易/服务通知，需人工确认"
6887,TRANSACTION,高,"包含明确的交易信息（金额/账单/到账/验证码）"
6888,AD,中,"教育培训推广"
6889,TRANSACTION,中,"疑似交易/服务通知，需人工确认"
6890,TRANSACTION,中,"疑似交易/服务通知，需人工确认"
6891,TRANSACTION,高,"包含明确的交易信息（金额/账单/到账/验证码）"
6892,TRANSACTION,中,"疑似交易/服务通知，需人工确认"
6893,NEEDS_REVIEW,低,"无法明确归类，需人工判断"
6894,TRANSACTION,高,"运营商服务通知（流量/余额/账单/来电提醒）"
6895,NEEDS_REVIEW,高,"政府/公益信息"
6896,TRANSACTION,中,"疑似交易/服务通知，需人工确认"
6897,TRANSACTION,高,"运营商服务通知（流量/余额/账单/来电提醒）"
6898,NEEDS_REVIEW,低,"无法明确归类，需人工判断"
6899,TRANSACTION,中,"疑似交易/服务通知，需人工确认"
6900,NEEDS_REVIEW,低,"无法明确归类，需人工判断"
6901,TRANSACTION,高,"运营商服务通知（流量/余额/账单/来电提醒）"
6902,TRANSACTION,高,"快递/物流服务通知"
6903,TRANSACTION,高,"运营商服务通知（流量/余额/账单/来电提醒）"
6904,NEEDS_REVIEW,低,"无法明确归类，需人工判断"
6905,TRANSACTION,高,"包含明确的交易信息（金额/账单/到账/验证码）"
6906,TRANSACTION,高,"运营商服务通知（流量/余额/账单/来电提醒）"
6907,TRANSACTION,高,"包含明确的交易信息（金额/账单/到账/验证码）"
6908,NEEDS_REVIEW,低,"无法明确归类，需人工判断"
6909,AD,中,"运营商营销推广"
6910,NEEDS_REVIEW,低,"无法明确归类，需人工判断"
6911,NEEDS_REVIEW,高,"天气预报服务信息"
6912,NEEDS_REVIEW,中,"服务评价邀请，边界模糊"
6913,TRANSACTION,中,"疑似交易/服务通知，需人工确认"
6914,TRANSACTION,中,"疑似交易/服务通知，需人工确认"
6915,TRANSACTION,中,"疑似交易/服务通知，需人工确认"
6916,NEEDS_REVIEW,低,"无法明确归类，需人工判断"
6917,NEEDS_REVIEW,低,"无法明确归类，需人工判断"
6918,TRANSACTION,中,"疑似交易/服务通知，需人工确认"
6919,NEEDS_REVIEW,高,"政府/公益/公共服务信息，无商业推广"
6920,NEEDS_REVIEW,低,"无法明确归类，需人工判断"
6921,NEEDS_REVIEW,低,"无法明确归类，需人工判断"
6922,NEEDS_REVIEW,低,"无法明确归类，需人工判断"
6923,TRANSACTION,高,"包含明确的交易信息（金额/账单/到账/验证码）"
6924,TRANSACTION,中,"疑似交易/服务通知，需人工确认"
6925,NEEDS_REVIEW,高,"政府/公益/公共服务信息，无商业推广"
6926,AD,高,"产品营销广告"
6927,TRANSACTION,中,"疑似交易/服务通知，需人工确认"
6928,HARASS,高,"包含催收/威胁关键词"
6929,NEEDS_REVIEW,低,"无法明确归类，需人工判断"
6930,HARASS,高,"匹配催收模式"
6931,TRANSACTION,中,"疑似交易/服务通知，需人工确认"
6932,TRANSACTION,中,"疑似交易/服务通知，需人工确认"
6933,NEEDS_REVIEW,低,"无法明确归类，需人工判断"
6934,TRANSACTION,中,"疑似交易/服务通知，需人工确认"
6935,NEEDS_REVIEW,低,"无法明确归类，需人工判断"
6936,TRANSACTION,高,"运营商服务通知（流量/余额/账单/来电提醒）"
6937,TRANSACTION,高,"包含明确的交易信息（金额/账单/到账/验证码）"
6938,NEEDS_REVIEW,低,"无法明确归类，需人工判断"
6939,TRANSACTION,高,"包含明确的交易信息（金额/账单/到账/验证码）"
6940,AD,高,"包含多个广告特征"
6941,TRANSACTION,中,"疑似交易/服务通知，需人工确认"
6942,TRANSACTION,中,"疑似交易/服务通知，需人工确认"
6943,TRANSACTION,高,"包含明确的交易信息（金额/账单/到账/验证码）"
6944,NEEDS_REVIEW,低,"无法明确归类，需人工判断"
6945,NEEDS_REVIEW,高,"天气预报服务信息"
6946,NEEDS_REVIEW,高,"政府/公益/公共服务信息，无商业推广"
6947,TRANSACTION,中,"疑似交易/服务通知，需人工确认"
6948,TRANSACTION,高,"包含明确的交易信息（金额/账单/到账/验证码）"
6949,TRANSACTION,中,"疑似交易/服务通知，需人工确认"
6950,TRANSACTION,中,"疑似交易/服务通知，需人工确认"
6951,NEEDS_REVIEW,高,"政府/公益/公共服务信息，无商业推广"
6952,NEEDS_REVIEW,中,"工作/业务通知，需人工判断"
6953,TRANSACTION,高,"快递/物流服务通知"
6954,TRANSACTION,高,"运营商服务通知（流量/余额/账单/来电提醒）"
6955,TRANSACTION,中,"疑似交易/服务通知，需人工确认"
6956,TRANSACTION,中,"疑似交易/服务通知，需人工确认"
6957,TRANSACTION,中,"疑似交易/服务通知，需人工确认"
6958,TRANSACTION,高,"运营商服务通知（流量/余额/账单/来电提醒）"
6959,TRANSACTION,高,"快递/物流服务通知"
6960,NEEDS_REVIEW,低,"无法明确归类，需人工判断"
6961,TRANSACTION,中,"疑似交易/服务通知，需人工确认"
6962,TRANSACTION,高,"保险/金融服务通知"
6963,TRANSACTION,中,"疑似交易/服务通知，需人工确认"
6964,AD,中,"运营商营销推广"
6965,NEEDS_REVIEW,低,"无法明确归类，需人工判断"
6966,TRANSACTION,中,"疑似交易/服务通知，需人工确认"
6967,NEEDS_REVIEW,低,"无法明确归类，需人工判断"
6968,TRANSACTION,中,"疑似交易/服务通知，需人工确认"
6969,TRANSACTION,高,"快递/物流服务通知"
6970,AD,中,"医疗推广信息"
6971,TRANSACTION,高,"包含明确的交易信息（金额/账单/到账/验证码）"
6972,NEEDS_REVIEW,低,"无法明确归类，需人工判断"
6973,NEEDS_REVIEW,高,"天气预报服务信息"
6974,NEEDS_REVIEW,低,"无法明确归类，需人工判断"
6975,TRANSACTION,高,"包含明确的交易信息（金额/账单/到账/验证码）"
6976,NEEDS_REVIEW,低,"无法明确归类，需人工判断"
6977,NEEDS_REVIEW,低,"无法明确归类，需人工判断"
6978,HARASS,高,"匹配催收模式"
6979,AD,高,"包含多个广告特征"
6980,NEEDS_REVIEW,低,"无法明确归类，需人工判断"
6981,NEEDS_REVIEW,高,"政府/公益信息"
6982,AD,高,"贷款产品推广广告"
6983,TRANSACTION,高,"包含明确的交易信息（金额/账单/到账/验证码）"
6984,TRANSACTION,高,"包含明确的交易信息（金额/账单/到账/验证码）"
6985,NEEDS_REVIEW,低,"无法明确归类，需人工判断"
6986,NEEDS_REVIEW,低,"无法明确归类，需人工判断"
6987,TRANSACTION,中,"疑似交易/服务通知，需人工确认"
6988,TRANSACTION,高,"保险/金融服务通知"
6989,TRANSACTION,中,"疑似交易/服务通知，需人工确认"
6990,AD,高,"贷款产品推广广告"
6991,TRANSACTION,中,"疑似交易/服务通知，需人工确认"
6992,TRANSACTION,中,"疑似交易/服务通知，需人工确认"
6993,TRANSACTION,中,"疑似交易/服务通知，需人工确认"
6994,NEEDS_REVIEW,低,"无法明确归类，需人工判断"
6995,TRANSACTION,高,"快递/物流服务通知"
6996,TRANSACTION,中,"疑似交易/服务通知，需人工确认"
6997,NEEDS_REVIEW,高,"政府/公益/公共服务信息，无商业推广"
6998,TRANSACTION,中,"疑似交易/服务通知，需人工确认"
6999,AD,高,"包含多个广告特征"
7000,TRANSACTION,中,"疑似交易/服务通知，需人工确认"
7001,TRANSACTION,中,"疑似交易/服务通知，需人工确认"
7002,TRANSACTION,高,"包含明确的交易信息（金额/账单/到账/验证码）"
7003,TRANSACTION,中,"疑似交易/服务通知，需人工确认"
7004,NEEDS_REVIEW,高,"政府/公益/公共服务信息，无商业推广"
7005,HARASS,高,"包含催收/威胁关键词"
7006,TRANSACTION,中,"疑似交易/服务通知，需人工确认"
7007,NEEDS_REVIEW,高,"政府/公益/公共服务信息，无商业推广"
7008,NEEDS_REVIEW,低,"无法明确归类，需人工判断"
7009,AD,中,"运营商营销推广"
7010,TRANSACTION,中,"疑似交易/服务通知，需人工确认"
7011,NEEDS_REVIEW,高,"政府/公益信息"
7012,TRANSACTION,高,"运营商服务通知（流量/余额/账单/来电提醒）"
7013,TRANSACTION,中,"疑似交易/服务通知，需人工确认"
7014,AD,中,"运营商营销推广"
7015,NEEDS_REVIEW,高,"政府/公益/公共服务信息，无商业推广"
7016,TRANSACTION,中,"疑似交易/服务通知，需人工确认"
7017,NEEDS_REVIEW,低,"无法明确归类，需人工判断"
7018,TRANSACTION,中,"疑似交易/服务通知，需人工确认"
7019,TRANSACTION,高,"运营商服务通知（流量/余额/账单/来电提醒）"
7020,TRANSACTION,高,"保险/金融服务通知"
7021,TRANSACTION,中,"疑似交易/服务通知，需人工确认"
7022,TRANSACTION,中,"疑似交易/服务通知，需人工确认"
7023,NEEDS_REVIEW,低,"无法明确归类，需人工判断"
7024,AD,中,"运营商营销推广"
7025,NEEDS_REVIEW,低,"无法明确归类，需人工判断"
7026,NEEDS_REVIEW,高,"天气预报服务信息"
7027,TRANSACTION,高,"运营商服务通知（流量/余额/账单/来电提醒）"
7028,NEEDS_REVIEW,低,"无法明确归类，需人工判断"
7029,TRANSACTION,高,"运营商服务通知（流量/余额/账单/来电提醒）"
7030,HARASS,高,"包含催收/威胁关键词"
7031,TRANSACTION,中,"疑似交易/服务通知，需人工确认"
7032,NEEDS_REVIEW,低,"无法明确归类，需人工判断"
7033,TRANSACTION,中,"疑似交易/服务通知，需人工确认"
7034,TRANSACTION,高,"包含明确的交易信息（金额/账单/到账/验证码）"
7035,HARASS,高,"包含催收/威胁关键词"
7036,TRANSACTION,高,"保险/金融服务通知"
7037,TRANSACTION,中,"疑似交易/服务通知，需人工确认"
7038,TRANSACTION,中,"疑似交易/服务通知，需人工确认"
7039,TRANSACTION,中,"疑似交易/服务通知，需人工确认"
7040,HARASS,高,"包含催收/威胁关键词"
7041,TRANSACTION,高,"包含明确的交易信息（金额/账单/到账/验证码）"
7042,TRANSACTION,中,"疑似交易/服务通知，需人工确认"
7043,TRANSACTION,高,"运营商服务通知（流量/余额/账单/来电提醒）"
7044,TRANSACTION,中,"疑似交易/服务通知，需人工确认"
7045,TRANSACTION,中,"疑似交易/服务通知，需人工确认"
7046,NEEDS_REVIEW,低,"无法明确归类，需人工判断"
7047,TRANSACTION,中,"疑似交易/服务通知，需人工确认"
7048,TRANSACTION,高,"快递/物流服务通知"
7049,HARASS,高,"包含催收/威胁关键词"
7050,TRANSACTION,中,"疑似交易/服务通知，需人工确认"
7051,NEEDS_REVIEW,低,"无法明确归类，需人工判断"
7052,NEEDS_REVIEW,高,"政府/公益/公共服务信息，无商业推广"
7053,TRANSACTION,高,"包含明确的交易信息（金额/账单/到账/验证码）"
7054,NEEDS_REVIEW,低,"无法明确归类，需人工判断"
7055,TRANSACTION,高,"运营商服务通知（流量/余额/账单/来电提醒）"
7056,TRANSACTION,高,"包含明确的交易信息（金额/账单/到账/验证码）"
7057,AD,高,"包含多个广告特征"
7058,TRANSACTION,中,"疑似交易/服务通知，需人工确认"
7059,NEEDS_REVIEW,低,"无法明确归类，需人工判断"
7060,NEEDS_REVIEW,高,"政府/公益/公共服务信息，无商业推广"
7061,AD,高,"产品营销广告"
7062,TRANSACTION,高,"运营商服务通知（流量/余额/账单/来电提醒）"
7063,TRANSACTION,高,"运营商服务通知（流量/余额/账单/来电提醒）"
7064,HARASS,高,"包含催收/威胁关键词"
7065,TRANSACTION,中,"疑似交易/服务通知，需人工确认"
7066,AD,中,"医疗推广信息"
7067,TRANSACTION,高,"包含明确的交易信息（金额/账单/到账/验证码）"
7068,TRANSACTION,高,"包含明确的交易信息（金额/账单/到账/验证码）"
7069,NEEDS_REVIEW,低,"无法明确归类，需人工判断"
7070,HARASS,高,"匹配催收模式"
7071,NEEDS_REVIEW,高,"政府/公益/公共服务信息，无商业推广"
7072,NEEDS_REVIEW,中,"服务评价邀请，边界模糊"
7073,TRANSACTION,中,"疑似交易/服务通知，需人工确认"
7074,NEEDS_REVIEW,高,"政府/公益/公共服务信息，无商业推广"
7075,TRANSACTION,中,"疑似交易/服务通知，需人工确认"
7076,TRANSACTION,高,"包含明确的交易信息（金额/账单/到账/验证码）"
7077,TRANSACTION,中,"疑似交易/服务通知，需人工确认"
7078,TRANSACTION,高,"包含明确的交易信息（金额/账单/到账/验证码）"
7079,NEEDS_REVIEW,高,"天气预报服务信息"
7080,TRANSACTION,中,"疑似交易/服务通知，需人工确认"
7081,TRANSACTION,高,"运营商服务通知（流量/余额/账单/来电提醒）"
7082,TRANSACTION,高,"运营商服务通知（流量/余额/账单/来电提醒）"
7083,NEEDS_REVIEW,中,"工作/业务通知，需人工判断"
7084,NEEDS_REVIEW,低,"无法明确归类，需人工判断"
7085,NEEDS_REVIEW,低,"无法明确归类，需人工判断"
7086,NEEDS_REVIEW,低,"无法明确归类，需人工判断"
7087,NEEDS_REVIEW,高,"政府/公益信息"
7088,NEEDS_REVIEW,低,"无法明确归类，需人工判断"
7089,NEEDS_REVIEW,低,"无法明确归类，需人工判断"
7090,TRANSACTION,高,"包含明确的交易信息（金额/账单/到账/验证码）"
7091,TRANSACTION,高,"运营商服务通知（流量/余额/账单/来电提醒）"
7092,TRANSACTION,中,"疑似交易/服务通知，需人工确认"
7093,TRANSACTION,高,"运营商服务通知（流量/余额/账单/来电提醒）"
7094,NEEDS_REVIEW,高,"天气预报服务信息"
7095,TRANSACTION,中,"疑似交易/服务通知，需人工确认"
7096,NEEDS_REVIEW,低,"无法明确归类，需人工判断"
7097,TRANSACTION,中,"疑似交易/服务通知，需人工确认"
7098,NEEDS_REVIEW,高,"政府/公益/公共服务信息，无商业推广"
7099,TRANSACTION,高,"运营商服务通知（流量/余额/账单/来电提醒）"
7100,TRANSACTION,中,"疑似交易/服务通知，需人工确认"
7101,HARASS,高,"包含催收/威胁关键词"
7102,TRANSACTION,中,"疑似交易/服务通知，需人工确认"
7103,TRANSACTION,中,"疑似交易/服务通知，需人工确认"
7104,TRANSACTION,中,"疑似交易/服务通知，需人工确认"
7105,AD,中,"运营商营销推广"
7106,NEEDS_REVIEW,低,"无法明确归类，需人工判断"
7107,HARASS,高,"包含催收/威胁关键词"
7108,NEEDS_REVIEW,低,"无法明确归类，需人工判断"
7109,NEEDS_REVIEW,高,"政府/公益/公共服务信息，无商业推广"
7110,TRANSACTION,高,"运营商服务通知（流量/余额/账单/来电提醒）"
7111,TRANSACTION,中,"疑似交易/服务通知，需人工确认"
7112,TRANSACTION,高,"运营商服务通知（流量/余额/账单/来电提醒）"
7113,NEEDS_REVIEW,低,"无法明确归类，需人工判断"
7114,NEEDS_REVIEW,低,"无法明确归类，需人工判断"
7115,TRANSACTION,中,"疑似交易/服务通知，需人工确认"
7116,NEEDS_REVIEW,低,"无法明确归类，需人工判断"
7117,TRANSACTION,中,"疑似交易/服务通知，需人工确认"
7118,TRANSACTION,中,"疑似交易/服务通知，需人工确认"
7119,TRANSACTION,中,"疑似交易/服务通知，需人工确认"
7120,TRANSACTION,中,"疑似交易/服务通知，需人工确认"
7121,NEEDS_REVIEW,低,"无法明确归类，需人工判断"
7122,TRANSACTION,中,"疑似交易/服务通知，需人工确认"
7123,NEEDS_REVIEW,低,"无法明确归类，需人工判断"
7124,NEEDS_REVIEW,高,"天气预报服务信息"
7125,TRANSACTION,中,"疑似交易/服务通知，需人工确认"
7126,TRANSACTION,中,"疑似交易/服务通知，需人工确认"
7127,TRANSACTION,高,"包含明确的交易信息（金额/账单/到账/验证码）"
7128,TRANSACTION,中,"疑似交易/服务通知，需人工确认"
7129,TRANSACTION,中,"疑似交易/服务通知，需人工确认"
7130,TRANSACTION,中,"疑似交易/服务通知，需人工确认"
7131,TRANSACTION,高,"运营商服务通知（流量/余额/账单/来电提醒）"
7132,TRANSACTION,中,"疑似交易/服务通知，需人工确认"
7133,AD,中,"运营商营销推广"
7134,NEEDS_REVIEW,高,"政府/公益/公共服务信息，无商业推广"
7135,NEEDS_REVIEW,高,"政府/公益/公共服务信息，无商业推广"
7136,NEEDS_REVIEW,高,"政府/公益/公共服务信息，无商业推广"
7137,AD,中,"运营商营销推广"
7138,TRANSACTION,高,"保险/金融服务通知"
7139,NEEDS_REVIEW,低,"无法明确归类，需人工判断"
7140,TRANSACTION,高,"运营商服务通知（流量/余额/账单/来电提醒）"
7141,TRANSACTION,中,"疑似交易/服务通知，需人工确认"
7142,TRANSACTION,中,"疑似交易/服务通知，需人工确认"
7143,TRANSACTION,中,"疑似交易/服务通知，需人工确认"
7144,TRANSACTION,中,"疑似交易/服务通知，需人工确认"
7145,TRANSACTION,高,"包含明确的交易信息（金额/账单/到账/验证码）"
7146,TRANSACTION,中,"疑似交易/服务通知，需人工确认"
7147,AD,中,"医疗推广信息"
7148,AD,中,"运营商营销推广"
7149,NEEDS_REVIEW,高,"政府/公益/公共服务信息，无商业推广"
7150,NEEDS_REVIEW,低,"无法明确归类，需人工判断"
7151,NEEDS_REVIEW,中,"工作/业务通知，需人工判断"
7152,TRANSACTION,高,"包含明确的交易信息（金额/账单/到账/验证码）"
7153,TRANSACTION,高,"运营商服务通知（流量/余额/账单/来电提醒）"
7154,NEEDS_REVIEW,低,"无法明确归类，需人工判断"
7155,TRANSACTION,中,"疑似交易/服务通知，需人工确认"
7156,TRANSACTION,高,"保险/金融服务通知"
7157,NEEDS_REVIEW,高,"天气预报服务信息"
7158,TRANSACTION,高,"保险/金融服务通知"
7159,NEEDS_REVIEW,低,"无法明确归类，需人工判断"
7160,TRANSACTION,中,"疑似交易/服务通知，需人工确认"
7161,NEEDS_REVIEW,高,"政府/公益/公共服务信息，无商业推广"
7162,AD,高,"贷款产品推广广告"
7163,TRANSACTION,高,"保险/金融服务通知"
7164,AD,中,"运营商营销推广"
7165,TRANSACTION,高,"运营商服务通知（流量/余额/账单/来电提醒）"
7166,TRANSACTION,高,"快递/物流服务通知"
7167,TRANSACTION,高,"包含明确的交易信息（金额/账单/到账/验证码）"
7168,AD,中,"运营商营销推广"
7169,TRANSACTION,高,"包含明确的交易信息（金额/账单/到账/验证码）"
7170,NEEDS_REVIEW,低,"无法明确归类，需人工判断"
7171,NEEDS_REVIEW,低,"无法明确归类，需人工判断"
7172,NEEDS_REVIEW,高,"天气预报服务信息"
7173,TRANSACTION,高,"包含明确的交易信息（金额/账单/到账/验证码）"
7174,TRANSACTION,中,"疑似交易/服务通知，需人工确认"
7175,AD,中,"运营商营销推广"
7176,TRANSACTION,高,"包含明确的交易信息（金额/账单/到账/验证码）"
7177,NEEDS_REVIEW,低,"无法明确归类，需人工判断"
7178,HARASS,高,"包含催收/威胁关键词"
7179,TRANSACTION,高,"快递/物流服务通知"
7180,NEEDS_REVIEW,高,"政府/公益/公共服务信息，无商业推广"
7181,TRANSACTION,高,"包含明确的交易信息（金额/账单/到账/验证码）"
7182,AD,中,"运营商营销推广"
7183,NEEDS_REVIEW,低,"无法明确归类，需人工判断"
7184,TRANSACTION,高,"包含明确的交易信息（金额/账单/到账/验证码）"
7185,NEEDS_REVIEW,低,"无法明确归类，需人工判断"
7186,TRANSACTION,中,"疑似交易/服务通知，需人工确认"
7187,TRANSACTION,高,"运营商服务通知（流量/余额/账单/来电提醒）"
7188,TRANSACTION,中,"疑似交易/服务通知，需人工确认"
7189,NEEDS_REVIEW,低,"无法明确归类，需人工判断"
7190,NEEDS_REVIEW,高,"天气预报服务信息"
7191,NEEDS_REVIEW,低,"无法明确归类，需人工判断"
7192,AD,中,"运营商营销推广"
7193,TRANSACTION,高,"快递/物流服务通知"
7194,TRANSACTION,高,"运营商服务通知（流量/余额/账单/来电提醒）"
7195,TRANSACTION,高,"保险/金融服务通知"
7196,TRANSACTION,中,"疑似交易/服务通知，需人工确认"
7197,TRANSACTION,高,"运营商服务通知（流量/余额/账单/来电提醒）"
7198,TRANSACTION,高,"运营商服务通知（流量/余额/账单/来电提醒）"
7199,TRANSACTION,中,"疑似交易/服务通知，需人工确认"
7200,NEEDS_REVIEW,高,"政府/公益/公共服务信息，无商业推广"
7201,TRANSACTION,高,"运营商服务通知（流量/余额/账单/来电提醒）"
7202,AD,中,"医疗推广信息"
7203,TRANSACTION,高,"运营商服务通知（流量/余额/账单/来电提醒）"
7204,TRANSACTION,高,"运营商服务通知（流量/余额/账单/来电提醒）"
7205,NEEDS_REVIEW,低,"无法明确归类，需人工判断"
7206,TRANSACTION,中,"疑似交易/服务通知，需人工确认"
7207,TRANSACTION,中,"疑似交易/服务通知，需人工确认"
7208,TRANSACTION,高,"运营商服务通知（流量/余额/账单/来电提醒）"
7209,NEEDS_REVIEW,低,"无法明确归类，需人工判断"
7210,NEEDS_REVIEW,低,"无法明确归类，需人工判断"
7211,AD,中,"医疗推广信息"
7212,TRANSACTION,高,"运营商服务通知（流量/余额/账单/来电提醒）"
7213,TRANSACTION,中,"疑似交易/服务通知，需人工确认"
7214,NEEDS_REVIEW,低,"无法明确归类，需人工判断"
7215,TRANSACTION,中,"疑似交易/服务通知，需人工确认"
7216,TRANSACTION,中,"疑似交易/服务通知，需人工确认"
7217,AD,高,"包含多个广告特征"
7218,AD,高,"包含多个广告特征"
7219,AD,中,"医疗推广信息"
7220,NEEDS_REVIEW,中,"工作/业务通知，需人工判断"
7221,TRANSACTION,中,"疑似交易/服务通知，需人工确认"
7222,NEEDS_REVIEW,高,"政府/公益/公共服务信息，无商业推广"
7223,TRANSACTION,高,"包含明确的交易信息（金额/账单/到账/验证码）"
7224,TRANSACTION,高,"快递/物流服务通知"
7225,NEEDS_REVIEW,低,"无法明确归类，需人工判断"
7226,NEEDS_REVIEW,低,"无法明确归类，需人工判断"
7227,NEEDS_REVIEW,低,"无法明确归类，需人工判断"
7228,NEEDS_REVIEW,高,"政府/公益信息"
7229,TRANSACTION,高,"包含明确的交易信息（金额/账单/到账/验证码）"
7230,TRANSACTION,中,"疑似交易/服务通知，需人工确认"
7231,TRANSACTION,中,"疑似交易/服务通知，需人工确认"
7232,TRANSACTION,中,"疑似交易/服务通知，需人工确认"
7233,TRANSACTION,高,"快递/物流服务通知"
7234,TRANSACTION,高,"快递/物流服务通知"
7235,AD,高,"包含多个广告特征"
7236,TRANSACTION,中,"疑似交易/服务通知，需人工确认"
7237,NEEDS_REVIEW,低,"无法明确归类，需人工判断"
7238,TRANSACTION,高,"快递/物流服务通知"
7239,NEEDS_REVIEW,低,"无法明确归类，需人工判断"
7240,TRANSACTION,高,"保险/金融服务通知"
7241,TRANSACTION,中,"疑似交易/服务通知，需人工确认"
7242,TRANSACTION,中,"疑似交易/服务通知，需人工确认"
7243,AD,中,"运营商营销推广"
7244,TRANSACTION,高,"运营商服务通知（流量/余额/账单/来电提醒）"
7245,NEEDS_REVIEW,低,"无法明确归类，需人工判断"
7246,NEEDS_REVIEW,高,"政府/公益/公共服务信息，无商业推广"
7247,TRANSACTION,高,"包含明确的交易信息（金额/账单/到账/验证码）"
7248,TRANSACTION,中,"疑似交易/服务通知，需人工确认"
7249,TRANSACTION,中,"疑似交易/服务通知，需人工确认"
7250,NEEDS_REVIEW,低,"无法明确归类，需人工判断"
7251,TRANSACTION,中,"疑似交易/服务通知，需人工确认"
7252,TRANSACTION,高,"运营商服务通知（流量/余额/账单/来电提醒）"
7253,NEEDS_REVIEW,高,"天气预报服务信息"
7254,NEEDS_REVIEW,低,"无法明确归类，需人工判断"
7255,TRANSACTION,高,"运营商服务通知（流量/余额/账单/来电提醒）"
7256,TRANSACTION,高,"快递/物流服务通知"
7257,NEEDS_REVIEW,高,"天气预报服务信息"
7258,TRANSACTION,中,"疑似交易/服务通知，需人工确认"
7259,NEEDS_REVIEW,低,"无法明确归类，需人工判断"
7260,TRANSACTION,高,"包含明确的交易信息（金额/账单/到账/验证码）"
7261,TRANSACTION,高,"运营商服务通知（流量/余额/账单/来电提醒）"
7262,HARASS,高,"包含催收/威胁关键词"
7263,TRANSACTION,中,"疑似交易/服务通知，需人工确认"
7264,NEEDS_REVIEW,高,"政府/公益信息"
7265,TRANSACTION,中,"疑似交易/服务通知，需人工确认"
7266,TRANSACTION,中,"疑似交易/服务通知，需人工确认"
7267,TRANSACTION,高,"快递/物流服务通知"
7268,TRANSACTION,高,"快递/物流服务通知"
7269,NEEDS_REVIEW,低,"无法明确归类，需人工判断"
7270,TRANSACTION,高,"快递/物流服务通知"
7271,NEEDS_REVIEW,低,"无法明确归类，需人工判断"
7272,TRANSACTION,中,"疑似交易/服务通知，需人工确认"
7273,AD,高,"包含多个广告特征"
7274,TRANSACTION,高,"运营商服务通知（流量/余额/账单/来电提醒）"
7275,TRANSACTION,中,"疑似交易/服务通知，需人工确认"
7276,TRANSACTION,中,"疑似交易/服务通知，需人工确认"
7277,TRANSACTION,中,"疑似交易/服务通知，需人工确认"
7278,NEEDS_REVIEW,低,"无法明确归类，需人工判断"
7279,NEEDS_REVIEW,低,"无法明确归类，需人工判断"
7280,TRANSACTION,高,"运营商服务通知（流量/余额/账单/来电提醒）"
7281,NEEDS_REVIEW,低,"无法明确归类，需人工判断"
7282,TRANSACTION,中,"疑似交易/服务通知，需人工确认"
7283,TRANSACTION,中,"疑似交易/服务通知，需人工确认"
7284,NEEDS_REVIEW,低,"无法明确归类，需人工判断"
7285,TRANSACTION,中,"疑似交易/服务通知，需人工确认"
7286,NEEDS_REVIEW,低,"无法明确归类，需人工判断"
7287,NEEDS_REVIEW,高,"天气预报服务信息"
7288,TRANSACTION,高,"运营商服务通知（流量/余额/账单/来电提醒）"
7289,TRANSACTION,高,"包含明确的交易信息（金额/账单/到账/验证码）"
7290,NEEDS_REVIEW,低,"无法明确归类，需人工判断"
7291,TRANSACTION,中,"疑似交易/服务通知，需人工确认"
7292,TRANSACTION,高,"运营商服务通知（流量/余额/账单/来电提醒）"
7293,TRANSACTION,高,"运营商服务通知（流量/余额/账单/来电提醒）"
7294,NEEDS_REVIEW,低,"无法明确归类，需人工判断"
7295,TRANSACTION,高,"包含明确的交易信息（金额/账单/到账/验证码）"
7296,TRANSACTION,中,"疑似交易/服务通知，需人工确认"
7297,NEEDS_REVIEW,高,"政府/公益/公共服务信息，无商业推广"
7298,AD,高,"贷款产品推广广告"
7299,NEEDS_REVIEW,中,"工作/业务通知，需人工判断"
7300,TRANSACTION,高,"快递/物流服务通知"
7301,TRANSACTION,中,"疑似交易/服务通知，需人工确认"
7302,NEEDS_REVIEW,高,"政府/公益/公共服务信息，无商业推广"
7303,NEEDS_REVIEW,低,"无法明确归类，需人工判断"
7304,NEEDS_REVIEW,低,"无法明确归类，需人工判断"
7305,AD,中,"运营商营销推广"
7306,AD,中,"运营商营销推广"
7307,AD,中,"运营商营销推广"
7308,TRANSACTION,中,"疑似交易/服务通知，需人工确认"
7309,TRANSACTION,高,"包含明确的交易信息（金额/账单/到账/验证码）"
7310,NEEDS_REVIEW,低,"无法明确归类，需人工判断"
7311,TRANSACTION,高,"运营商服务通知（流量/余额/账单/来电提醒）"
7312,NEEDS_REVIEW,低,"无法明确归类，需人工判断"
7313,TRANSACTION,高,"运营商服务通知（流量/余额/账单/来电提醒）"
7314,TRANSACTION,中,"疑似交易/服务通知，需人工确认"
7315,TRANSACTION,中,"疑似交易/服务通知，需人工确认"
7316,AD,中,"运营商营销推广"
7317,TRANSACTION,中,"疑似交易/服务通知，需人工确认"
7318,TRANSACTION,中,"疑似交易/服务通知，需人工确认"
7319,NEEDS_REVIEW,低,"无法明确归类，需人工判断"
7320,AD,中,"医疗推广信息"
7321,NEEDS_REVIEW,低,"无法明确归类，需人工判断"
7322,TRANSACTION,高,"运营商服务通知（流量/余额/账单/来电提醒）"
7323,NEEDS_REVIEW,低,"无法明确归类，需人工判断"
7324,TRANSACTION,高,"包含明确的交易信息（金额/账单/到账/验证码）"
7325,TRANSACTION,中,"疑似交易/服务通知，需人工确认"
7326,TRANSACTION,高,"运营商服务通知（流量/余额/账单/来电提醒）"
7327,TRANSACTION,中,"疑似交易/服务通知，需人工确认"
7328,TRANSACTION,高,"包含明确的交易信息（金额/账单/到账/验证码）"
7329,TRANSACTION,高,"运营商服务通知（流量/余额/账单/来电提醒）"
7330,TRANSACTION,中,"疑似交易/服务通知，需人工确认"
7331,TRANSACTION,高,"运营商服务通知（流量/余额/账单/来电提醒）"
7332,AD,高,"包含多个广告特征"
7333,TRANSACTION,高,"运营商服务通知（流量/余额/账单/来电提醒）"
7334,NEEDS_REVIEW,低,"无法明确归类，需人工判断"
7335,TRANSACTION,中,"疑似交易/服务通知，需人工确认"
7336,AD,中,"运营商营销推广"
7337,TRANSACTION,中,"疑似交易/服务通知，需人工确认"
7338,NEEDS_REVIEW,高,"政府/公益/公共服务信息，无商业推广"
7339,AD,高,"贷款产品推广广告"
7340,NEEDS_REVIEW,高,"政府/公益信息"
7341,TRANSACTION,中,"疑似交易/服务通知，需人工确认"
7342,NEEDS_REVIEW,低,"无法明确归类，需人工判断"
7343,TRANSACTION,高,"快递/物流服务通知"
7344,TRANSACTION,中,"疑似交易/服务通知，需人工确认"
7345,TRANSACTION,高,"运营商服务通知（流量/余额/账单/来电提醒）"
7346,NEEDS_REVIEW,高,"天气预报服务信息"
7347,TRANSACTION,高,"运营商服务通知（流量/余额/账单/来电提醒）"
7348,TRANSACTION,中,"疑似交易/服务通知，需人工确认"
7349,TRANSACTION,高,"保险/金融服务通知"
7350,TRANSACTION,高,"包含明确的交易信息（金额/账单/到账/验证码）"
7351,TRANSACTION,高,"包含明确的交易信息（金额/账单/到账/验证码）"
7352,TRANSACTION,高,"快递/物流服务通知"
7353,TRANSACTION,高,"包含明确的交易信息（金额/账单/到账/验证码）"
7354,TRANSACTION,中,"疑似交易/服务通知，需人工确认"
7355,NEEDS_REVIEW,低,"无法明确归类，需人工判断"
7356,TRANSACTION,中,"疑似交易/服务通知，需人工确认"
7357,TRANSACTION,中,"疑似交易/服务通知，需人工确认"
7358,NEEDS_REVIEW,高,"天气预报服务信息"
7359,NEEDS_REVIEW,低,"无法明确归类，需人工判断"
7360,TRANSACTION,高,"运营商服务通知（流量/余额/账单/来电提醒）"
7361,NEEDS_REVIEW,中,"工作/业务通知，需人工判断"
7362,NEEDS_REVIEW,低,"无法明确归类，需人工判断"
7363,TRANSACTION,中,"疑似交易/服务通知，需人工确认"
7364,NEEDS_REVIEW,高,"政府/公益/公共服务信息，无商业推广"
7365,TRANSACTION,高,"包含明确的交易信息（金额/账单/到账/验证码）"
7366,NEEDS_REVIEW,低,"无法明确归类，需人工判断"
7367,HARASS,高,"匹配催收模式"
7368,TRANSACTION,高,"运营商服务通知（流量/余额/账单/来电提醒）"
7369,NEEDS_REVIEW,高,"政府/公益/公共服务信息，无商业推广"
7370,TRANSACTION,中,"疑似交易/服务通知，需人工确认"
7371,AD,中,"运营商营销推广"
7372,TRANSACTION,中,"疑似交易/服务通知，需人工确认"
7373,HARASS,高,"包含催收/威胁关键词"
7374,AD,中,"运营商营销推广"
7375,TRANSACTION,高,"运营商服务通知（流量/余额/账单/来电提醒）"
7376,AD,中,"运营商营销推广"
7377,NEEDS_REVIEW,低,"无法明确归类，需人工判断"
7378,TRANSACTION,中,"疑似交易/服务通知，需人工确认"
7379,TRANSACTION,中,"疑似交易/服务通知，需人工确认"
7380,TRANSACTION,中,"疑似交易/服务通知，需人工确认"
7381,HARASS,高,"匹配催收模式"
7382,NEEDS_REVIEW,低,"无法明确归类，需人工判断"
7383,NEEDS_REVIEW,低,"无法明确归类，需人工判断"
7384,AD,中,"运营商营销推广"
7385,NEEDS_REVIEW,高,"天气预报服务信息"
7386,TRANSACTION,高,"包含明确的交易信息（金额/账单/到账/验证码）"
7387,TRANSACTION,中,"疑似交易/服务通知，需人工确认"
7388,TRANSACTION,高,"快递/物流服务通知"
7389,TRANSACTION,高,"运营商服务通知（流量/余额/账单/来电提醒）"
7390,TRANSACTION,中,"疑似交易/服务通知，需人工确认"
7391,TRANSACTION,中,"疑似交易/服务通知，需人工确认"
7392,TRANSACTION,高,"快递/物流服务通知"
7393,NEEDS_REVIEW,低,"无法明确归类，需人工判断"
7394,NEEDS_REVIEW,低,"无法明确归类，需人工判断"
7395,NEEDS_REVIEW,低,"无法明确归类，需人工判断"
7396,NEEDS_REVIEW,低,"无法明确归类，需人工判断"
7397,AD,高,"产品营销广告"
7398,TRANSACTION,中,"疑似交易/服务通知，需人工确认"
7399,TRANSACTION,中,"疑似交易/服务通知，需人工确认"
7400,TRANSACTION,中,"疑似交易/服务通知，需人工确认"
7401,TRANSACTION,中,"疑似交易/服务通知，需人工确认"
7402,NEEDS_REVIEW,低,"无法明确归类，需人工判断"
7403,TRANSACTION,中,"疑似交易/服务通知，需人工确认"
7404,NEEDS_REVIEW,高,"政府/公益/公共服务信息，无商业推广"
7405,TRANSACTION,中,"疑似交易/服务通知，需人工确认"
7406,TRANSACTION,中,"疑似交易/服务通知，需人工确认"
7407,TRANSACTION,高,"包含明确的交易信息（金额/账单/到账/验证码）"
7408,TRANSACTION,中,"疑似交易/服务通知，需人工确认"
7409,TRANSACTION,中,"疑似交易/服务通知，需人工确认"
7410,TRANSACTION,中,"疑似交易/服务通知，需人工确认"
7411,TRANSACTION,中,"疑似交易/服务通知，需人工确认"
7412,AD,中,"运营商营销推广"
7413,TRANSACTION,高,"快递/物流服务通知"
7414,TRANSACTION,高,"运营商服务通知（流量/余额/账单/来电提醒）"
7415,TRANSACTION,中,"疑似交易/服务通知，需人工确认"
7416,TRANSACTION,中,"疑似交易/服务通知，需人工确认"
7417,NEEDS_REVIEW,高,"天气预报服务信息"
7418,NEEDS_REVIEW,高,"政府/公益/公共服务信息，无商业推广"
7419,TRANSACTION,中,"疑似交易/服务通知，需人工确认"
7420,NEEDS_REVIEW,低,"无法明确归类，需人工判断"
7421,TRANSACTION,高,"快递/物流服务通知"
7422,NEEDS_REVIEW,高,"天气预报服务信息"
7423,NEEDS_REVIEW,高,"天气预报服务信息"
7424,TRANSACTION,中,"疑似交易/服务通知，需人工确认"
7425,NEEDS_REVIEW,低,"无法明确归类，需人工判断"
7426,NEEDS_REVIEW,低,"无法明确归类，需人工判断"
7427,TRANSACTION,中,"疑似交易/服务通知，需人工确认"
7428,NEEDS_REVIEW,低,"无法明确归类，需人工判断"
7429,TRANSACTION,中,"疑似交易/服务通知，需人工确认"
7430,TRANSACTION,中,"疑似交易/服务通知，需人工确认"
7431,TRANSACTION,高,"运营商服务通知（流量/余额/账单/来电提醒）"
7432,TRANSACTION,高,"运营商服务通知（流量/余额/账单/来电提醒）"
7433,TRANSACTION,高,"运营商服务通知（流量/余额/账单/来电提醒）"
7434,NEEDS_REVIEW,低,"无法明确归类，需人工判断"
7435,TRANSACTION,中,"疑似交易/服务通知，需人工确认"
7436,TRANSACTION,高,"运营商服务通知（流量/余额/账单/来电提醒）"
7437,TRANSACTION,中,"疑似交易/服务通知，需人工确认"
7438,AD,高,"包含多个广告特征"
7439,TRANSACTION,中,"疑似交易/服务通知，需人工确认"
7440,TRANSACTION,高,"运营商服务通知（流量/余额/账单/来电提醒）"
7441,TRANSACTION,中,"疑似交易/服务通知，需人工确认"
7442,TRANSACTION,中,"疑似交易/服务通知，需人工确认"
7443,TRANSACTION,中,"疑似交易/服务通知，需人工确认"
7444,NEEDS_REVIEW,低,"无法明确归类，需人工判断"
7445,TRANSACTION,高,"包含明确的交易信息（金额/账单/到账/验证码）"
7446,TRANSACTION,中,"疑似交易/服务通知，需人工确认"
7447,NEEDS_REVIEW,低,"无法明确归类，需人工判断"
7448,NEEDS_REVIEW,低,"无法明确归类，需人工判断"
7449,NEEDS_REVIEW,高,"政府/公益/公共服务信息，无商业推广"
7450,TRANSACTION,高,"包含明确的交易信息（金额/账单/到账/验证码）"
7451,NEEDS_REVIEW,低,"无法明确归类，需人工判断"
7452,TRANSACTION,高,"包含明确的交易信息（金额/账单/到账/验证码）"
7453,TRANSACTION,中,"疑似交易/服务通知，需人工确认"
7454,TRANSACTION,高,"运营商服务通知（流量/余额/账单/来电提醒）"
7455,TRANSACTION,高,"包含明确的交易信息（金额/账单/到账/验证码）"
7456,NEEDS_REVIEW,高,"政府/公益/公共服务信息，无商业推广"
7457,AD,中,"运营商营销推广"
7458,TRANSACTION,高,"包含明确的交易信息（金额/账单/到账/验证码）"
7459,TRANSACTION,中,"疑似交易/服务通知，需人工确认"
7460,NEEDS_REVIEW,低,"无法明确归类，需人工判断"
7461,TRANSACTION,中,"疑似交易/服务通知，需人工确认"
7462,TRANSACTION,中,"疑似交易/服务通知，需人工确认"
7463,TRANSACTION,高,"包含明确的交易信息（金额/账单/到账/验证码）"
7464,TRANSACTION,高,"运营商服务通知（流量/余额/账单/来电提醒）"
7465,TRANSACTION,中,"疑似交易/服务通知，需人工确认"
7466,AD,中,"运营商营销推广"
7467,NEEDS_REVIEW,高,"政府/公益信息"
7468,TRANSACTION,高,"包含明确的交易信息（金额/账单/到账/验证码）"
7469,TRANSACTION,中,"疑似交易/服务通知，需人工确认"
7470,TRANSACTION,高,"运营商服务通知（流量/余额/账单/来电提醒）"
7471,TRANSACTION,高,"快递/物流服务通知"
7472,AD,中,"运营商营销推广"
7473,NEEDS_REVIEW,高,"政府/公益/公共服务信息，无商业推广"
7474,NEEDS_REVIEW,低,"无法明确归类，需人工判断"
7475,TRANSACTION,中,"疑似交易/服务通知，需人工确认"
7476,TRANSACTION,中,"疑似交易/服务通知，需人工确认"
7477,NEEDS_REVIEW,高,"天气预报服务信息"
7478,NEEDS_REVIEW,低,"无法明确归类，需人工判断"
7479,NEEDS_REVIEW,低,"无法明确归类，需人工判断"
7480,TRANSACTION,中,"疑似交易/服务通知，需人工确认"
7481,TRANSACTION,高,"运营商服务通知（流量/余额/账单/来电提醒）"
7482,TRANSACTION,高,"包含明确的交易信息（金额/账单/到账/验证码）"
7483,TRANSACTION,中,"疑似交易/服务通知，需人工确认"
7484,NEEDS_REVIEW,高,"天气预报服务信息"
7485,TRANSACTION,高,"运营商服务通知（流量/余额/账单/来电提醒）"
7486,NEEDS_REVIEW,高,"政府/公益信息"
7487,TRANSACTION,中,"疑似交易/服务通知，需人工确认"
7488,NEEDS_REVIEW,高,"政府/公益/公共服务信息，无商业推广"
7489,TRANSACTION,中,"疑似交易/服务通知，需人工确认"
7490,NEEDS_REVIEW,低,"无法明确归类，需人工判断"
7491,TRANSACTION,高,"运营商服务通知（流量/余额/账单/来电提醒）"
7492,AD,中,"医疗推广信息"
7493,TRANSACTION,中,"疑似交易/服务通知，需人工确认"
7494,NEEDS_REVIEW,低,"无法明确归类，需人工判断"
7495,NEEDS_REVIEW,高,"政府/公益信息"
7496,NEEDS_REVIEW,高,"天气预报服务信息"
7497,NEEDS_REVIEW,低,"无法明确归类，需人工判断"
7498,NEEDS_REVIEW,低,"无法明确归类，需人工判断"
7499,TRANSACTION,高,"运营商服务通知（流量/余额/账单/来电提醒）"
7500,TRANSACTION,高,"运营商服务通知（流量/余额/账单/来电提醒）"
7501,TRANSACTION,高,"运营商服务通知（流量/余额/账单/来电提醒）"
7502,NEEDS_REVIEW,低,"无法明确归类，需人工判断"
7503,TRANSACTION,中,"疑似交易/服务通知，需人工确认"
7504,NEEDS_REVIEW,高,"政府/公益/公共服务信息，无商业推广"
7505,TRANSACTION,高,"保险/金融服务通知"
7506,TRANSACTION,中,"疑似交易/服务通知，需人工确认"
7507,AD,中,"运营商营销推广"
7508,NEEDS_REVIEW,低,"无法明确归类，需人工判断"
7509,TRANSACTION,中,"疑似交易/服务通知，需人工确认"
7510,TRANSACTION,中,"疑似交易/服务通知，需人工确认"
7511,NEEDS_REVIEW,高,"天气预报服务信息"
7512,NEEDS_REVIEW,高,"天气预报服务信息"
7513,NEEDS_REVIEW,低,"无法明确归类，需人工判断"
7514,TRANSACTION,中,"疑似交易/服务通知，需人工确认"
7515,TRANSACTION,高,"包含明确的交易信息（金额/账单/到账/验证码）"
7516,NEEDS_REVIEW,高,"政府/公益信息"
7517,TRANSACTION,中,"疑似交易/服务通知，需人工确认"
7518,TRANSACTION,中,"疑似交易/服务通知，需人工确认"
7519,AD,中,"医疗推广信息"
7520,TRANSACTION,高,"包含明确的交易信息（金额/账单/到账/验证码）"
7521,NEEDS_REVIEW,高,"政府/公益/公共服务信息，无商业推广"
7522,TRANSACTION,高,"快递/物流服务通知"
7523,TRANSACTION,高,"运营商服务通知（流量/余额/账单/来电提醒）"
7524,TRANSACTION,高,"包含明确的交易信息（金额/账单/到账/验证码）"
7525,TRANSACTION,中,"疑似交易/服务通知，需人工确认"
7526,TRANSACTION,高,"运营商服务通知（流量/余额/账单/来电提醒）"
7527,NEEDS_REVIEW,低,"无法明确归类，需人工判断"
7528,NEEDS_REVIEW,低,"无法明确归类，需人工判断"
7529,TRANSACTION,高,"包含明确的交易信息（金额/账单/到账/验证码）"
7530,NEEDS_REVIEW,低,"无法明确归类，需人工判断"
7531,NEEDS_REVIEW,低,"无法明确归类，需人工判断"
7532,AD,中,"运营商营销推广"
7533,TRANSACTION,中,"疑似交易/服务通知，需人工确认"
7534,TRANSACTION,中,"疑似交易/服务通知，需人工确认"
7535,TRANSACTION,高,"运营商服务通知（流量/余额/账单/来电提醒）"
7536,NEEDS_REVIEW,低,"无法明确归类，需人工判断"
7537,AD,中,"运营商营销推广"
7538,NEEDS_REVIEW,低,"无法明确归类，需人工判断"
7539,NEEDS_REVIEW,低,"无法明确归类，需人工判断"
7540,NEEDS_REVIEW,低,"无法明确归类，需人工判断"
7541,TRANSACTION,中,"疑似交易/服务通知，需人工确认"
7542,TRANSACTION,高,"运营商服务通知（流量/余额/账单/来电提醒）"
7543,AD,中,"运营商营销推广"
7544,TRANSACTION,中,"疑似交易/服务通知，需人工确认"
7545,TRANSACTION,高,"运营商服务通知（流量/余额/账单/来电提醒）"
7546,AD,中,"运营商营销推广"
7547,NEEDS_REVIEW,高,"政府/公益/公共服务信息，无商业推广"
7548,TRANSACTION,高,"快递/物流服务通知"
7549,NEEDS_REVIEW,低,"无法明确归类，需人工判断"
7550,NEEDS_REVIEW,低,"无法明确归类，需人工判断"
7551,TRANSACTION,高,"保险/金融服务通知"
7552,AD,中,"医疗推广信息"
7553,AD,高,"产品营销广告"
7554,NEEDS_REVIEW,高,"政府/公益/公共服务信息，无商业推广"
7555,AD,中,"医疗推广信息"
7556,TRANSACTION,中,"疑似交易/服务通知，需人工确认"
7557,TRANSACTION,高,"运营商服务通知（流量/余额/账单/来电提醒）"
7558,TRANSACTION,高,"运营商服务通知（流量/余额/账单/来电提醒）"
7559,AD,中,"运营商营销推广"
7560,TRANSACTION,高,"运营商服务通知（流量/余额/账单/来电提醒）"
7561,AD,中,"教育培训推广"
7562,NEEDS_REVIEW,低,"无法明确归类，需人工判断"
7563,TRANSACTION,中,"疑似交易/服务通知，需人工确认"
7564,NEEDS_REVIEW,高,"天气预报服务信息"
7565,TRANSACTION,中,"疑似交易/服务通知，需人工确认"
7566,TRANSACTION,高,"包含明确的交易信息（金额/账单/到账/验证码）"
7567,NEEDS_REVIEW,低,"无法明确归类，需人工判断"
7568,TRANSACTION,高,"包含明确的交易信息（金额/账单/到账/验证码）"
7569,TRANSACTION,高,"运营商服务通知（流量/余额/账单/来电提醒）"
7570,TRANSACTION,高,"保险/金融服务通知"
7571,TRANSACTION,中,"疑似交易/服务通知，需人工确认"
7572,NEEDS_REVIEW,高,"政府/公益/公共服务信息，无商业推广"
7573,TRANSACTION,高,"包含明确的交易信息（金额/账单/到账/验证码）"
7574,TRANSACTION,高,"运营商服务通知（流量/余额/账单/来电提醒）"
7575,TRANSACTION,高,"运营商服务通知（流量/余额/账单/来电提醒）"
7576,NEEDS_REVIEW,高,"政府/公益/公共服务信息，无商业推广"
7577,AD,中,"运营商营销推广"
7578,NEEDS_REVIEW,低,"无法明确归类，需人工判断"
7579,TRANSACTION,高,"运营商服务通知（流量/余额/账单/来电提醒）"
7580,TRANSACTION,中,"疑似交易/服务通知，需人工确认"
7581,TRANSACTION,中,"疑似交易/服务通知，需人工确认"
7582,NEEDS_REVIEW,高,"政府/公益/公共服务信息，无商业推广"
7583,TRANSACTION,中,"疑似交易/服务通知，需人工确认"
7584,NEEDS_REVIEW,低,"无法明确归类，需人工判断"
7585,TRANSACTION,中,"疑似交易/服务通知，需人工确认"
7586,TRANSACTION,高,"快递/物流服务通知"
7587,NEEDS_REVIEW,高,"政府/公益/公共服务信息，无商业推广"
7588,AD,中,"运营商营销推广"
7589,AD,中,"教育培训推广"
7590,TRANSACTION,高,"运营商服务通知（流量/余额/账单/来电提醒）"
7591,TRANSACTION,中,"疑似交易/服务通知，需人工确认"
7592,TRANSACTION,中,"疑似交易/服务通知，需人工确认"
7593,NEEDS_REVIEW,高,"政府/公益/公共服务信息，无商业推广"
7594,NEEDS_REVIEW,低,"无法明确归类，需人工判断"
7595,AD,高,"包含多个广告特征"
7596,TRANSACTION,中,"疑似交易/服务通知，需人工确认"
7597,TRANSACTION,中,"疑似交易/服务通知，需人工确认"
7598,AD,高,"贷款产品推广广告"
7599,AD,中,"医疗推广信息"
7600,NEEDS_REVIEW,高,"政府/公益信息"
7601,TRANSACTION,中,"疑似交易/服务通知，需人工确认"
7602,AD,中,"运营商营销推广"
7603,TRANSACTION,高,"快递/物流服务通知"
7604,NEEDS_REVIEW,低,"无法明确归类，需人工判断"
7605,NEEDS_REVIEW,低,"无法明确归类，需人工判断"
7606,TRANSACTION,高,"运营商服务通知（流量/余额/账单/来电提醒）"
7607,TRANSACTION,中,"疑似交易/服务通知，需人工确认"
7608,AD,中,"医疗推广信息"
7609,TRANSACTION,中,"疑似交易/服务通知，需人工确认"
7610,NEEDS_REVIEW,高,"天气预报服务信息"
7611,TRANSACTION,高,"运营商服务通知（流量/余额/账单/来电提醒）"
7612,HARASS,高,"包含催收/威胁关键词"
7613,TRANSACTION,中,"疑似交易/服务通知，需人工确认"
7614,NEEDS_REVIEW,低,"无法明确归类，需人工判断"
7615,NEEDS_REVIEW,高,"政府/公益/公共服务信息，无商业推广"
7616,NEEDS_REVIEW,高,"政府/公益信息"
7617,TRANSACTION,高,"运营商服务通知（流量/余额/账单/来电提醒）"
7618,AD,中,"运营商营销推广"
7619,NEEDS_REVIEW,低,"无法明确归类，需人工判断"
7620,NEEDS_REVIEW,低,"无法明确归类，需人工判断"
7621,TRANSACTION,高,"运营商服务通知（流量/余额/账单/来电提醒）"
7622,TRANSACTION,高,"运营商服务通知（流量/余额/账单/来电提醒）"
7623,NEEDS_REVIEW,低,"无法明确归类，需人工判断"
7624,NEEDS_REVIEW,低,"无法明确归类，需人工判断"
7625,AD,中,"教育培训推广"
7626,TRANSACTION,高,"包含明确的交易信息（金额/账单/到账/验证码）"
7627,NEEDS_REVIEW,高,"政府/公益/公共服务信息，无商业推广"
7628,NEEDS_REVIEW,高,"政府/公益/公共服务信息，无商业推广"
7629,TRANSACTION,高,"快递/物流服务通知"
7630,TRANSACTION,中,"疑似交易/服务通知，需人工确认"
7631,AD,中,"医疗推广信息"
7632,NEEDS_REVIEW,高,"天气预报服务信息"
7633,TRANSACTION,高,"快递/物流服务通知"
7634,AD,高,"包含多个广告特征"
7635,TRANSACTION,高,"快递/物流服务通知"
7636,AD,高,"包含多个广告特征"
7637,TRANSACTION,中,"疑似交易/服务通知，需人工确认"
7638,AD,中,"医疗推广信息"
7639,TRANSACTION,高,"运营商服务通知（流量/余额/账单/来电提醒）"
7640,TRANSACTION,高,"快递/物流服务通知"
7641,AD,中,"运营商营销推广"
7642,NEEDS_REVIEW,高,"政府/公益/公共服务信息，无商业推广"
7643,TRANSACTION,中,"疑似交易/服务通知，需人工确认"
7644,AD,中,"医疗推广信息"
7645,TRANSACTION,中,"疑似交易/服务通知，需人工确认"
7646,AD,中,"医疗推广信息"
7647,TRANSACTION,中,"疑似交易/服务通知，需人工确认"
7648,TRANSACTION,高,"包含明确的交易信息（金额/账单/到账/验证码）"
7649,AD,中,"医疗推广信息"
7650,AD,中,"医疗推广信息"
7651,HARASS,高,"包含催收/威胁关键词"
7652,TRANSACTION,中,"疑似交易/服务通知，需人工确认"
7653,TRANSACTION,高,"快递/物流服务通知"
7654,TRANSACTION,高,"运营商服务通知（流量/余额/账单/来电提醒）"
7655,NEEDS_REVIEW,高,"天气预报服务信息"
7656,TRANSACTION,高,"包含明确的交易信息（金额/账单/到账/验证码）"
7657,NEEDS_REVIEW,低,"无法明确归类，需人工判断"
7658,TRANSACTION,中,"疑似交易/服务通知，需人工确认"
7659,TRANSACTION,中,"疑似交易/服务通知，需人工确认"
7660,NEEDS_REVIEW,中,"工作/业务通知，需人工判断"
7661,NEEDS_REVIEW,低,"无法明确归类，需人工判断"
7662,TRANSACTION,中,"疑似交易/服务通知，需人工确认"
7663,TRANSACTION,中,"疑似交易/服务通知，需人工确认"
7664,TRANSACTION,中,"疑似交易/服务通知，需人工确认"
7665,TRANSACTION,中,"疑似交易/服务通知，需人工确认"
7666,AD,高,"包含多个广告特征"
7667,NEEDS_REVIEW,低,"无法明确归类，需人工判断"
7668,NEEDS_REVIEW,低,"无法明确归类，需人工判断"
7669,NEEDS_REVIEW,高,"政府/公益/公共服务信息，无商业推广"
7670,NEEDS_REVIEW,低,"无法明确归类，需人工判断"
7671,TRANSACTION,高,"运营商服务通知（流量/余额/账单/来电提醒）"
7672,TRANSACTION,中,"疑似交易/服务通知，需人工确认"
7673,TRANSACTION,高,"快递/物流服务通知"
7674,TRANSACTION,中,"疑似交易/服务通知，需人工确认"
7675,TRANSACTION,高,"包含明确的交易信息（金额/账单/到账/验证码）"
7676,TRANSACTION,中,"疑似交易/服务通知，需人工确认"
7677,TRANSACTION,高,"包含明确的交易信息（金额/账单/到账/验证码）"
7678,TRANSACTION,高,"包含明确的交易信息（金额/账单/到账/验证码）"
7679,TRANSACTION,高,"包含明确的交易信息（金额/账单/到账/验证码）"
7680,NEEDS_REVIEW,低,"无法明确归类，需人工判断"
7681,AD,高,"包含多个广告特征"
7682,TRANSACTION,高,"包含明确的交易信息（金额/账单/到账/验证码）"
7683,NEEDS_REVIEW,低,"无法明确归类，需人工判断"
7684,TRANSACTION,高,"运营商服务通知（流量/余额/账单/来电提醒）"
7685,TRANSACTION,中,"疑似交易/服务通知，需人工确认"
7686,TRANSACTION,中,"疑似交易/服务通知，需人工确认"
7687,TRANSACTION,高,"运营商服务通知（流量/余额/账单/来电提醒）"
7688,NEEDS_REVIEW,高,"政府/公益/公共服务信息，无商业推广"
7689,AD,中,"运营商营销推广"
7690,NEEDS_REVIEW,低,"无法明确归类，需人工判断"
7691,AD,高,"贷款产品推广广告"
7692,NEEDS_REVIEW,低,"无法明确归类，需人工判断"
7693,NEEDS_REVIEW,低,"无法明确归类，需人工判断"
7694,TRANSACTION,高,"运营商服务通知（流量/余额/账单/来电提醒）"
7695,NEEDS_REVIEW,低,"无法明确归类，需人工判断"
7696,NEEDS_REVIEW,低,"无法明确归类，需人工判断"
7697,AD,中,"运营商营销推广"
7698,NEEDS_REVIEW,低,"无法明确归类，需人工判断"
7699,NEEDS_REVIEW,高,"政府/公益/公共服务信息，无商业推广"
7700,TRANSACTION,中,"疑似交易/服务通知，需人工确认"
7701,HARASS,高,"包含催收/威胁关键词"
7702,AD,中,"运营商营销推广"
7703,NEEDS_REVIEW,低,"无法明确归类，需人工判断"
7704,TRANSACTION,高,"包含明确的交易信息（金额/账单/到账/验证码）"
7705,AD,中,"运营商营销推广"
7706,TRANSACTION,高,"包含明确的交易信息（金额/账单/到账/验证码）"
7707,TRANSACTION,高,"运营商服务通知（流量/余额/账单/来电提醒）"
7708,AD,高,"产品营销广告"
7709,TRANSACTION,中,"疑似交易/服务通知，需人工确认"
7710,HARASS,高,"包含催收/威胁关键词"
7711,TRANSACTION,中,"疑似交易/服务通知，需人工确认"
7712,HARASS,高,"包含催收/威胁关键词"
7713,TRANSACTION,中,"疑似交易/服务通知，需人工确认"
7714,AD,中,"运营商营销推广"
7715,TRANSACTION,中,"疑似交易/服务通知，需人工确认"
7716,NEEDS_REVIEW,高,"天气预报服务信息"
7717,TRANSACTION,高,"运营商服务通知（流量/余额/账单/来电提醒）"
7718,NEEDS_REVIEW,低,"无法明确归类，需人工判断"
7719,TRANSACTION,高,"快递/物流服务通知"
7720,TRANSACTION,高,"快递/物流服务通知"
7721,NEEDS_REVIEW,低,"无法明确归类，需人工判断"
7722,AD,中,"运营商营销推广"
7723,AD,中,"运营商营销推广"
7724,NEEDS_REVIEW,低,"无法明确归类，需人工判断"
7725,NEEDS_REVIEW,高,"政府/公益/公共服务信息，无商业推广"
7726,AD,中,"运营商营销推广"
7727,NEEDS_REVIEW,低,"无法明确归类，需人工判断"
7728,NEEDS_REVIEW,高,"政府/公益/公共服务信息，无商业推广"
7729,TRANSACTION,高,"包含明确的交易信息（金额/账单/到账/验证码）"
7730,TRANSACTION,高,"包含明确的交易信息（金额/账单/到账/验证码）"
7731,AD,中,"医疗推广信息"
7732,TRANSACTION,中,"疑似交易/服务通知，需人工确认"
7733,TRANSACTION,高,"运营商服务通知（流量/余额/账单/来电提醒）"
7734,TRANSACTION,中,"车辆服务通知"
7735,NEEDS_REVIEW,低,"无法明确归类，需人工判断"
7736,NEEDS_REVIEW,低,"无法明确归类，需人工判断"
7737,NEEDS_REVIEW,低,"无法明确归类，需人工判断"
7738,TRANSACTION,高,"包含明确的交易信息（金额/账单/到账/验证码）"
7739,TRANSACTION,中,"疑似交易/服务通知，需人工确认"
7740,NEEDS_REVIEW,低,"无法明确归类，需人工判断"
7741,NEEDS_REVIEW,低,"无法明确归类，需人工判断"
7742,TRANSACTION,高,"保险/金融服务通知"
7743,NEEDS_REVIEW,高,"政府/公益/公共服务信息，无商业推广"
7744,NEEDS_REVIEW,低,"无法明确归类，需人工判断"
7745,NEEDS_REVIEW,高,"天气预报服务信息"
7746,NEEDS_REVIEW,高,"政府/公益/公共服务信息，无商业推广"
7747,TRANSACTION,高,"包含明确的交易信息（金额/账单/到账/验证码）"
7748,NEEDS_REVIEW,低,"无法明确归类，需人工判断"
7749,TRANSACTION,高,"运营商服务通知（流量/余额/账单/来电提醒）"
7750,TRANSACTION,高,"运营商服务通知（流量/余额/账单/来电提醒）"
7751,TRANSACTION,高,"快递/物流服务通知"
7752,TRANSACTION,中,"疑似交易/服务通知，需人工确认"
7753,NEEDS_REVIEW,低,"无法明确归类，需人工判断"
7754,NEEDS_REVIEW,高,"政府/公益信息"
7755,TRANSACTION,中,"疑似交易/服务通知，需人工确认"
7756,TRANSACTION,高,"包含明确的交易信息（金额/账单/到账/验证码）"
7757,NEEDS_REVIEW,高,"政府/公益/公共服务信息，无商业推广"
7758,TRANSACTION,高,"运营商服务通知（流量/余额/账单/来电提醒）"
7759,AD,中,"医疗推广信息"
7760,NEEDS_REVIEW,低,"无法明确归类，需人工判断"
7761,NEEDS_REVIEW,高,"政府/公益/公共服务信息，无商业推广"
7762,TRANSACTION,中,"疑似交易/服务通知，需人工确认"
7763,TRANSACTION,高,"运营商服务通知（流量/余额/账单/来电提醒）"
7764,TRANSACTION,中,"疑似交易/服务通知，需人工确认"
7765,AD,高,"包含多个广告特征"
7766,AD,中,"运营商营销推广"
7767,HARASS,高,"包含催收/威胁关键词"
7768,NEEDS_REVIEW,高,"天气预报服务信息"
7769,NEEDS_REVIEW,高,"天气预报服务信息"
7770,TRANSACTION,高,"运营商服务通知（流量/余额/账单/来电提醒）"
7771,TRANSACTION,高,"包含明确的交易信息（金额/账单/到账/验证码）"
7772,TRANSACTION,中,"疑似交易/服务通知，需人工确认"
7773,TRANSACTION,中,"疑似交易/服务通知，需人工确认"
7774,TRANSACTION,中,"疑似交易/服务通知，需人工确认"
7775,TRANSACTION,高,"包含明确的交易信息（金额/账单/到账/验证码）"
7776,AD,高,"包含多个广告特征"
7777,NEEDS_REVIEW,低,"无法明确归类，需人工判断"
7778,TRANSACTION,高,"包含明确的交易信息（金额/账单/到账/验证码）"
7779,TRANSACTION,中,"疑似交易/服务通知，需人工确认"
7780,TRANSACTION,中,"疑似交易/服务通知，需人工确认"
7781,NEEDS_REVIEW,低,"无法明确归类，需人工判断"
7782,TRANSACTION,高,"运营商服务通知（流量/余额/账单/来电提醒）"
7783,NEEDS_REVIEW,低,"无法明确归类，需人工判断"
7784,TRANSACTION,高,"保险/金融服务通知"
7785,AD,中,"医疗推广信息"
7786,AD,中,"医疗推广信息"
7787,TRANSACTION,高,"运营商服务通知（流量/余额/账单/来电提醒）"
7788,TRANSACTION,中,"疑似交易/服务通知，需人工确认"
7789,NEEDS_REVIEW,低,"无法明确归类，需人工判断"
7790,NEEDS_REVIEW,低,"无法明确归类，需人工判断"
7791,NEEDS_REVIEW,高,"政府/公益/公共服务信息，无商业推广"
7792,TRANSACTION,高,"运营商服务通知（流量/余额/账单/来电提醒）"
7793,NEEDS_REVIEW,低,"无法明确归类，需人工判断"
7794,NEEDS_REVIEW,低,"无法明确归类，需人工判断"
7795,TRANSACTION,中,"疑似交易/服务通知，需人工确认"
7796,TRANSACTION,高,"包含明确的交易信息（金额/账单/到账/验证码）"
7797,NEEDS_REVIEW,高,"政府/公益/公共服务信息，无商业推广"
7798,AD,中,"运营商营销推广"
7799,TRANSACTION,中,"疑似交易/服务通知，需人工确认"
7800,NEEDS_REVIEW,低,"无法明确归类，需人工判断"
7801,NEEDS_REVIEW,高,"天气预报服务信息"
7802,TRANSACTION,中,"疑似交易/服务通知，需人工确认"
7803,NEEDS_REVIEW,高,"天气预报服务信息"
7804,NEEDS_REVIEW,低,"无法明确归类，需人工判断"
7805,TRANSACTION,中,"疑似交易/服务通知，需人工确认"
7806,AD,中,"教育培训推广"
7807,TRANSACTION,高,"包含明确的交易信息（金额/账单/到账/验证码）"
7808,NEEDS_REVIEW,高,"政府/公益/公共服务信息，无商业推广"
7809,NEEDS_REVIEW,低,"无法明确归类，需人工判断"
7810,TRANSACTION,高,"运营商服务通知（流量/余额/账单/来电提醒）"
7811,NEEDS_REVIEW,低,"无法明确归类，需人工判断"
7812,NEEDS_REVIEW,低,"无法明确归类，需人工判断"
7813,TRANSACTION,中,"疑似交易/服务通知，需人工确认"
7814,AD,中,"运营商营销推广"
7815,NEEDS_REVIEW,低,"无法明确归类，需人工判断"
7816,TRANSACTION,中,"疑似交易/服务通知，需人工确认"
7817,TRANSACTION,中,"疑似交易/服务通知，需人工确认"
7818,TRANSACTION,高,"运营商服务通知（流量/余额/账单/来电提醒）"
7819,AD,中,"医疗推广信息"
7820,TRANSACTION,高,"包含明确的交易信息（金额/账单/到账/验证码）"
7821,TRANSACTION,中,"疑似交易/服务通知，需人工确认"
7822,TRANSACTION,高,"运营商服务通知（流量/余额/账单/来电提醒）"
7823,NEEDS_REVIEW,低,"无法明确归类，需人工判断"
7824,TRANSACTION,高,"快递/物流服务通知"
7825,TRANSACTION,高,"快递/物流服务通知"
7826,HARASS,高,"包含催收/威胁关键词"
7827,TRANSACTION,高,"包含明确的交易信息（金额/账单/到账/验证码）"
7828,AD,中,"运营商营销推广"
7829,TRANSACTION,高,"包含明确的交易信息（金额/账单/到账/验证码）"
7830,AD,中,"运营商营销推广"
7831,TRANSACTION,高,"包含明确的交易信息（金额/账单/到账/验证码）"
7832,TRANSACTION,中,"疑似交易/服务通知，需人工确认"
7833,AD,中,"运营商营销推广"
7834,TRANSACTION,中,"疑似交易/服务通知，需人工确认"
7835,TRANSACTION,中,"疑似交易/服务通知，需人工确认"
7836,AD,中,"运营商营销推广"
7837,TRANSACTION,中,"疑似交易/服务通知，需人工确认"
7838,NEEDS_REVIEW,低,"无法明确归类，需人工判断"
7839,AD,高,"产品营销广告"
7840,TRANSACTION,高,"快递/物流服务通知"
7841,NEEDS_REVIEW,低,"无法明确归类，需人工判断"
7842,NEEDS_REVIEW,低,"无法明确归类，需人工判断"
7843,TRANSACTION,中,"疑似交易/服务通知，需人工确认"
7844,NEEDS_REVIEW,低,"无法明确归类，需人工判断"
7845,NEEDS_REVIEW,低,"无法明确归类，需人工判断"
7846,TRANSACTION,高,"保险/金融服务通知"
7847,TRANSACTION,高,"包含明确的交易信息（金额/账单/到账/验证码）"
7848,TRANSACTION,高,"包含明确的交易信息（金额/账单/到账/验证码）"
7849,NEEDS_REVIEW,高,"天气预报服务信息"
7850,AD,中,"运营商营销推广"
7851,NEEDS_REVIEW,高,"天气预报服务信息"
7852,NEEDS_REVIEW,低,"无法明确归类，需人工判断"
7853,TRANSACTION,高,"包含明确的交易信息（金额/账单/到账/验证码）"
7854,TRANSACTION,中,"疑似交易/服务通知，需人工确认"
7855,TRANSACTION,高,"包含明确的交易信息（金额/账单/到账/验证码）"
7856,TRANSACTION,高,"包含明确的交易信息（金额/账单/到账/验证码）"
7857,TRANSACTION,高,"快递/物流服务通知"
7858,NEEDS_REVIEW,低,"无法明确归类，需人工判断"
7859,NEEDS_REVIEW,低,"无法明确归类，需人工判断"
7860,NEEDS_REVIEW,低,"无法明确归类，需人工判断"
7861,TRANSACTION,中,"疑似交易/服务通知，需人工确认"
7862,TRANSACTION,高,"包含明确的交易信息（金额/账单/到账/验证码）"
7863,NEEDS_REVIEW,高,"政府/公益/公共服务信息，无商业推广"
7864,NEEDS_REVIEW,高,"政府/公益/公共服务信息，无商业推广"
7865,TRANSACTION,高,"运营商服务通知（流量/余额/账单/来电提醒）"
7866,TRANSACTION,中,"疑似交易/服务通知，需人工确认"
7867,TRANSACTION,中,"疑似交易/服务通知，需人工确认"
7868,TRANSACTION,中,"疑似交易/服务通知，需人工确认"
7869,TRANSACTION,高,"运营商服务通知（流量/余额/账单/来电提醒）"
7870,NEEDS_REVIEW,低,"无法明确归类，需人工判断"
7871,AD,中,"运营商营销推广"
7872,TRANSACTION,高,"运营商服务通知（流量/余额/账单/来电提醒）"
7873,TRANSACTION,中,"疑似交易/服务通知，需人工确认"
7874,TRANSACTION,中,"疑似交易/服务通知，需人工确认"
7875,TRANSACTION,高,"运营商服务通知（流量/余额/账单/来电提醒）"
7876,TRANSACTION,中,"疑似交易/服务通知，需人工确认"
7877,TRANSACTION,中,"疑似交易/服务通知，需人工确认"
7878,TRANSACTION,高,"包含明确的交易信息（金额/账单/到账/验证码）"
7879,TRANSACTION,中,"疑似交易/服务通知，需人工确认"
7880,NEEDS_REVIEW,低,"无法明确归类，需人工判断"
7881,HARASS,高,"包含催收/威胁关键词"
7882,TRANSACTION,中,"疑似交易/服务通知，需人工确认"
7883,NEEDS_REVIEW,低,"无法明确归类，需人工判断"
7884,TRANSACTION,中,"疑似交易/服务通知，需人工确认"
7885,NEEDS_REVIEW,低,"无法明确归类，需人工判断"
7886,TRANSACTION,高,"包含明确的交易信息（金额/账单/到账/验证码）"
7887,TRANSACTION,高,"运营商服务通知（流量/余额/账单/来电提醒）"
7888,AD,中,"运营商营销推广"
7889,TRANSACTION,中,"疑似交易/服务通知，需人工确认"
7890,HARASS,高,"包含催收/威胁关键词"
7891,NEEDS_REVIEW,高,"天气预报服务信息"
7892,TRANSACTION,高,"包含明确的交易信息（金额/账单/到账/验证码）"
7893,TRANSACTION,中,"疑似交易/服务通知，需人工确认"
7894,NEEDS_REVIEW,高,"政府/公益/公共服务信息，无商业推广"
7895,TRANSACTION,中,"疑似交易/服务通知，需人工确认"
7896,TRANSACTION,高,"运营商服务通知（流量/余额/账单/来电提醒）"
7897,AD,中,"运营商营销推广"
7898,TRANSACTION,高,"运营商服务通知（流量/余额/账单/来电提醒）"
7899,TRANSACTION,高,"包含明确的交易信息（金额/账单/到账/验证码）"
7900,TRANSACTION,中,"疑似交易/服务通知，需人工确认"
7901,TRANSACTION,高,"运营商服务通知（流量/余额/账单/来电提醒）"
7902,NEEDS_REVIEW,低,"无法明确归类，需人工判断"
7903,TRANSACTION,中,"疑似交易/服务通知，需人工确认"
7904,TRANSACTION,高,"包含明确的交易信息（金额/账单/到账/验证码）"
7905,TRANSACTION,高,"保险/金融服务通知"
7906,TRANSACTION,高,"快递/物流服务通知"
7907,NEEDS_REVIEW,高,"天气预报服务信息"
7908,AD,高,"包含多个广告特征"
7909,AD,中,"运营商营销推广"
7910,NEEDS_REVIEW,高,"政府/公益/公共服务信息，无商业推广"
7911,TRANSACTION,高,"运营商服务通知（流量/余额/账单/来电提醒）"
7912,NEEDS_REVIEW,低,"无法明确归类，需人工判断"
7913,NEEDS_REVIEW,高,"天气预报服务信息"
7914,TRANSACTION,高,"包含明确的交易信息（金额/账单/到账/验证码）"
7915,AD,中,"运营商营销推广"
7916,TRANSACTION,高,"包含明确的交易信息（金额/账单/到账/验证码）"
7917,AD,高,"产品营销广告"
7918,NEEDS_REVIEW,低,"无法明确归类，需人工判断"
7919,NEEDS_REVIEW,低,"无法明确归类，需人工判断"
7920,NEEDS_REVIEW,低,"无法明确归类，需人工判断"
7921,NEEDS_REVIEW,低,"无法明确归类，需人工判断"
7922,AD,高,"包含多个广告特征"
7923,NEEDS_REVIEW,高,"政府/公益/公共服务信息，无商业推广"
7924,TRANSACTION,高,"快递/物流服务通知"
7925,TRANSACTION,中,"疑似交易/服务通知，需人工确认"
7926,TRANSACTION,中,"疑似交易/服务通知，需人工确认"
7927,NEEDS_REVIEW,低,"无法明确归类，需人工判断"
7928,TRANSACTION,高,"快递/物流服务通知"
7929,TRANSACTION,中,"疑似交易/服务通知，需人工确认"
7930,AD,高,"贷款产品推广广告"
7931,NEEDS_REVIEW,高,"政府/公益/公共服务信息，无商业推广"
7932,TRANSACTION,高,"包含明确的交易信息（金额/账单/到账/验证码）"
7933,AD,中,"运营商营销推广"
7934,TRANSACTION,中,"疑似交易/服务通知，需人工确认"
7935,AD,高,"包含多个广告特征"
7936,NEEDS_REVIEW,低,"无法明确归类，需人工判断"
7937,TRANSACTION,中,"疑似交易/服务通知，需人工确认"
7938,TRANSACTION,中,"疑似交易/服务通知，需人工确认"
7939,NEEDS_REVIEW,中,"服务评价邀请，边界模糊"
7940,NEEDS_REVIEW,低,"无法明确归类，需人工判断"
7941,TRANSACTION,高,"包含明确的交易信息（金额/账单/到账/验证码）"
7942,TRANSACTION,高,"运营商服务通知（流量/余额/账单/来电提醒）"
7943,NEEDS_REVIEW,高,"天气预报服务信息"
7944,NEEDS_REVIEW,中,"服务评价邀请，边界模糊"
7945,TRANSACTION,高,"快递/物流服务通知"
7946,TRANSACTION,高,"运营商服务通知（流量/余额/账单/来电提醒）"
7947,TRANSACTION,中,"疑似交易/服务通知，需人工确认"
7948,TRANSACTION,高,"快递/物流服务通知"
7949,TRANSACTION,中,"疑似交易/服务通知，需人工确认"
7950,HARASS,高,"匹配催收模式"
7951,AD,中,"医疗推广信息"
7952,TRANSACTION,中,"疑似交易/服务通知，需人工确认"
7953,AD,中,"医疗推广信息"
7954,NEEDS_REVIEW,低,"无法明确归类，需人工判断"
7955,TRANSACTION,高,"运营商服务通知（流量/余额/账单/来电提醒）"
7956,TRANSACTION,中,"疑似交易/服务通知，需人工确认"
7957,TRANSACTION,高,"运营商服务通知（流量/余额/账单/来电提醒）"
7958,TRANSACTION,高,"运营商服务通知（流量/余额/账单/来电提醒）"
7959,TRANSACTION,高,"快递/物流服务通知"
7960,TRANSACTION,高,"运营商服务通知（流量/余额/账单/来电提醒）"
7961,NEEDS_REVIEW,低,"无法明确归类，需人工判断"
7962,TRANSACTION,中,"疑似交易/服务通知，需人工确认"
7963,NEEDS_REVIEW,低,"无法明确归类，需人工判断"
7964,TRANSACTION,中,"疑似交易/服务通知，需人工确认"
7965,TRANSACTION,高,"快递/物流服务通知"
7966,NEEDS_REVIEW,低,"无法明确归类，需人工判断"
7967,NEEDS_REVIEW,低,"无法明确归类，需人工判断"
7968,NEEDS_REVIEW,低,"无法明确归类，需人工判断"
7969,AD,高,"产品营销广告"
7970,TRANSACTION,中,"疑似交易/服务通知，需人工确认"
7971,TRANSACTION,中,"疑似交易/服务通知，需人工确认"
7972,NEEDS_REVIEW,低,"无法明确归类，需人工判断"
7973,NEEDS_REVIEW,高,"天气预报服务信息"
7974,TRANSACTION,高,"快递/物流服务通知"
7975,TRANSACTION,高,"运营商服务通知（流量/余额/账单/来电提醒）"
7976,AD,中,"运营商营销推广"
7977,NEEDS_REVIEW,低,"无法明确归类，需人工判断"
7978,TRANSACTION,中,"疑似交易/服务通知，需人工确认"
7979,NEEDS_REVIEW,中,"服务评价邀请，边界模糊"
7980,NEEDS_REVIEW,高,"政府/公益/公共服务信息，无商业推广"
7981,TRANSACTION,高,"运营商服务通知（流量/余额/账单/来电提醒）"
7982,TRANSACTION,中,"疑似交易/服务通知，需人工确认"
7983,TRANSACTION,中,"疑似交易/服务通知，需人工确认"
7984,TRANSACTION,中,"疑似交易/服务通知，需人工确认"
7985,TRANSACTION,中,"疑似交易/服务通知，需人工确认"
7986,NEEDS_REVIEW,低,"无法明确归类，需人工判断"
7987,TRANSACTION,中,"疑似交易/服务通知，需人工确认"
7988,HARASS,高,"包含催收/威胁关键词"
7989,TRANSACTION,高,"包含明确的交易信息（金额/账单/到账/验证码）"
7990,AD,中,"运营商营销推广"
7991,TRANSACTION,高,"包含明确的交易信息（金额/账单/到账/验证码）"
7992,NEEDS_REVIEW,低,"无法明确归类，需人工判断"
7993,TRANSACTION,中,"疑似交易/服务通知，需人工确认"
7994,NEEDS_REVIEW,低,"无法明确归类，需人工判断"
7995,TRANSACTION,中,"疑似交易/服务通知，需人工确认"
7996,TRANSACTION,中,"疑似交易/服务通知，需人工确认"
7997,TRANSACTION,高,"包含明确的交易信息（金额/账单/到账/验证码）"
7998,AD,中,"教育培训推广"
7999,TRANSACTION,中,"疑似交易/服务通知，需人工确认"
8000,AD,中,"运营商营销推广"
8001,TRANSACTION,高,"运营商服务通知（流量/余额/账单/来电提醒）"
8002,TRANSACTION,中,"疑似交易/服务通知，需人工确认"
8003,TRANSACTION,高,"快递/物流服务通知"
8004,TRANSACTION,中,"疑似交易/服务通知，需人工确认"
8005,TRANSACTION,高,"快递/物流服务通知"
8006,NEEDS_REVIEW,低,"无法明确归类，需人工判断"
8007,NEEDS_REVIEW,低,"无法明确归类，需人工判断"
8008,TRANSACTION,高,"运营商服务通知（流量/余额/账单/来电提醒）"
8009,TRANSACTION,中,"疑似交易/服务通知，需人工确认"
8010,TRANSACTION,高,"快递/物流服务通知"
8011,NEEDS_REVIEW,低,"无法明确归类，需人工判断"
8012,TRANSACTION,高,"运营商服务通知（流量/余额/账单/来电提醒）"
8013,NEEDS_REVIEW,高,"政府/公益/公共服务信息，无商业推广"
8014,NEEDS_REVIEW,高,"天气预报服务信息"
8015,TRANSACTION,高,"快递/物流服务通知"
8016,NEEDS_REVIEW,低,"无法明确归类，需人工判断"
8017,TRANSACTION,中,"疑似交易/服务通知，需人工确认"
8018,TRANSACTION,高,"运营商服务通知（流量/余额/账单/来电提醒）"
8019,AD,高,"贷款产品推广广告"
8020,TRANSACTION,高,"包含明确的交易信息（金额/账单/到账/验证码）"
8021,TRANSACTION,中,"疑似交易/服务通知，需人工确认"
8022,TRANSACTION,中,"疑似交易/服务通知，需人工确认"
8023,NEEDS_REVIEW,低,"无法明确归类，需人工判断"
8024,NEEDS_REVIEW,低,"无法明确归类，需人工判断"
8025,NEEDS_REVIEW,低,"无法明确归类，需人工判断"
8026,TRANSACTION,中,"疑似交易/服务通知，需人工确认"
8027,TRANSACTION,高,"包含明确的交易信息（金额/账单/到账/验证码）"
8028,NEEDS_REVIEW,高,"天气预报服务信息"
8029,TRANSACTION,中,"疑似交易/服务通知，需人工确认"
8030,NEEDS_REVIEW,高,"天气预报服务信息"
8031,TRANSACTION,高,"快递/物流服务通知"
8032,NEEDS_REVIEW,高,"政府/公益/公共服务信息，无商业推广"
8033,TRANSACTION,高,"运营商服务通知（流量/余额/账单/来电提醒）"
8034,TRANSACTION,高,"运营商服务通知（流量/余额/账单/来电提醒）"
8035,TRANSACTION,中,"疑似交易/服务通知，需人工确认"
8036,NEEDS_REVIEW,低,"无法明确归类，需人工判断"
8037,NEEDS_REVIEW,低,"无法明确归类，需人工判断"
8038,TRANSACTION,高,"运营商服务通知（流量/余额/账单/来电提醒）"
8039,TRANSACTION,高,"运营商服务通知（流量/余额/账单/来电提醒）"
8040,NEEDS_REVIEW,低,"无法明确归类，需人工判断"
8041,NEEDS_REVIEW,低,"无法明确归类，需人工判断"
8042,TRANSACTION,中,"疑似交易/服务通知，需人工确认"
8043,NEEDS_REVIEW,低,"无法明确归类，需人工判断"
8044,TRANSACTION,高,"快递/物流服务通知"
8045,TRANSACTION,高,"包含明确的交易信息（金额/账单/到账/验证码）"
8046,TRANSACTION,高,"快递/物流服务通知"
8047,AD,中,"医疗推广信息"
8048,NEEDS_REVIEW,低,"无法明确归类，需人工判断"
8049,AD,中,"运营商营销推广"
8050,AD,中,"运营商营销推广"
8051,NEEDS_REVIEW,低,"无法明确归类，需人工判断"
8052,NEEDS_REVIEW,高,"政府/公益/公共服务信息，无商业推广"
8053,TRANSACTION,高,"快递/物流服务通知"
8054,TRANSACTION,中,"疑似交易/服务通知，需人工确认"
8055,TRANSACTION,高,"快递/物流服务通知"
8056,NEEDS_REVIEW,高,"天气预报服务信息"
8057,NEEDS_REVIEW,低,"无法明确归类，需人工判断"
8058,NEEDS_REVIEW,高,"政府/公益/公共服务信息，无商业推广"
8059,NEEDS_REVIEW,低,"无法明确归类，需人工判断"
8060,TRANSACTION,中,"疑似交易/服务通知，需人工确认"
8061,TRANSACTION,高,"运营商服务通知（流量/余额/账单/来电提醒）"
8062,TRANSACTION,中,"疑似交易/服务通知，需人工确认"
8063,AD,中,"教育培训推广"
8064,NEEDS_REVIEW,低,"无法明确归类，需人工判断"
8065,NEEDS_REVIEW,低,"无法明确归类，需人工判断"
8066,NEEDS_REVIEW,低,"无法明确归类，需人工判断"
8067,AD,中,"运营商营销推广"
8068,TRANSACTION,高,"保险/金融服务通知"
8069,NEEDS_REVIEW,中,"工作/业务通知，需人工判断"
8070,NEEDS_REVIEW,低,"无法明确归类，需人工判断"
8071,NEEDS_REVIEW,低,"无法明确归类，需人工判断"
8072,NEEDS_REVIEW,低,"无法明确归类，需人工判断"
8073,TRANSACTION,高,"运营商服务通知（流量/余额/账单/来电提醒）"
8074,NEEDS_REVIEW,低,"无法明确归类，需人工判断"
8075,AD,中,"医疗推广信息"
8076,TRANSACTION,高,"包含明确的交易信息（金额/账单/到账/验证码）"
8077,TRANSACTION,中,"疑似交易/服务通知，需人工确认"
8078,NEEDS_REVIEW,低,"无法明确归类，需人工判断"
8079,NEEDS_REVIEW,低,"无法明确归类，需人工判断"
8080,AD,中,"运营商营销推广"
8081,TRANSACTION,中,"疑似交易/服务通知，需人工确认"
8082,NEEDS_REVIEW,低,"无法明确归类，需人工判断"
8083,NEEDS_REVIEW,低,"无法明确归类，需人工判断"
8084,NEEDS_REVIEW,低,"无法明确归类，需人工判断"
8085,TRANSACTION,高,"运营商服务通知（流量/余额/账单/来电提醒）"
8086,NEEDS_REVIEW,低,"无法明确归类，需人工判断"
8087,NEEDS_REVIEW,中,"服务评价邀请，边界模糊"
8088,NEEDS_REVIEW,高,"政府/公益/公共服务信息，无商业推广"
8089,TRANSACTION,中,"疑似交易/服务通知，需人工确认"
8090,TRANSACTION,高,"快递/物流服务通知"
8091,TRANSACTION,中,"疑似交易/服务通知，需人工确认"
8092,NEEDS_REVIEW,低,"无法明确归类，需人工判断"
8093,TRANSACTION,高,"快递/物流服务通知"
8094,NEEDS_REVIEW,低,"无法明确归类，需人工判断"
8095,TRANSACTION,高,"运营商服务通知（流量/余额/账单/来电提醒）"
8096,TRANSACTION,高,"运营商服务通知（流量/余额/账单/来电提醒）"
8097,NEEDS_REVIEW,低,"无法明确归类，需人工判断"
8098,TRANSACTION,中,"疑似交易/服务通知，需人工确认"
8099,AD,高,"包含多个广告特征"
8100,TRANSACTION,中,"疑似交易/服务通知，需人工确认"
8101,NEEDS_REVIEW,低,"无法明确归类，需人工判断"
8102,HARASS,高,"包含催收/威胁关键词"
8103,NEEDS_REVIEW,低,"无法明确归类，需人工判断"
8104,TRANSACTION,高,"包含明确的交易信息（金额/账单/到账/验证码）"
8105,TRANSACTION,高,"保险/金融服务通知"
8106,TRANSACTION,高,"快递/物流服务通知"
8107,AD,中,"医疗推广信息"
8108,AD,中,"教育培训推广"
8109,NEEDS_REVIEW,低,"无法明确归类，需人工判断"
8110,TRANSACTION,高,"包含明确的交易信息（金额/账单/到账/验证码）"
8111,TRANSACTION,中,"疑似交易/服务通知，需人工确认"
8112,NEEDS_REVIEW,低,"无法明确归类，需人工判断"
8113,NEEDS_REVIEW,高,"天气预报服务信息"
8114,TRANSACTION,高,"运营商服务通知（流量/余额/账单/来电提醒）"
8115,NEEDS_REVIEW,中,"工作/业务通知，需人工判断"
8116,TRANSACTION,高,"包含明确的交易信息（金额/账单/到账/验证码）"
8117,TRANSACTION,中,"疑似交易/服务通知，需人工确认"
8118,TRANSACTION,中,"疑似交易/服务通知，需人工确认"
8119,TRANSACTION,高,"包含明确的交易信息（金额/账单/到账/验证码）"
8120,TRANSACTION,高,"快递/物流服务通知"
8121,AD,高,"包含多个广告特征"
8122,TRANSACTION,高,"快递/物流服务通知"
8123,NEEDS_REVIEW,高,"政府/公益信息"
8124,TRANSACTION,高,"保险/金融服务通知"
8125,AD,中,"运营商营销推广"
8126,NEEDS_REVIEW,低,"无法明确归类，需人工判断"
8127,AD,中,"运营商营销推广"
8128,TRANSACTION,中,"疑似交易/服务通知，需人工确认"
8129,NEEDS_REVIEW,低,"无法明确归类，需人工判断"
8130,TRANSACTION,中,"疑似交易/服务通知，需人工确认"
8131,TRANSACTION,高,"运营商服务通知（流量/余额/账单/来电提醒）"
8132,TRANSACTION,中,"疑似交易/服务通知，需人工确认"
8133,TRANSACTION,中,"疑似交易/服务通知，需人工确认"
8134,TRANSACTION,中,"疑似交易/服务通知，需人工确认"
8135,TRANSACTION,中,"疑似交易/服务通知，需人工确认"
8136,TRANSACTION,中,"疑似交易/服务通知，需人工确认"
8137,TRANSACTION,高,"包含明确的交易信息（金额/账单/到账/验证码）"
8138,TRANSACTION,高,"包含明确的交易信息（金额/账单/到账/验证码）"
8139,NEEDS_REVIEW,低,"无法明确归类，需人工判断"
8140,TRANSACTION,高,"包含明确的交易信息（金额/账单/到账/验证码）"
8141,TRANSACTION,中,"疑似交易/服务通知，需人工确认"
8142,NEEDS_REVIEW,高,"政府/公益/公共服务信息，无商业推广"
8143,TRANSACTION,高,"包含明确的交易信息（金额/账单/到账/验证码）"
8144,AD,高,"产品营销广告"
8145,TRANSACTION,中,"疑似交易/服务通知，需人工确认"
8146,TRANSACTION,中,"疑似交易/服务通知，需人工确认"
8147,TRANSACTION,高,"包含明确的交易信息（金额/账单/到账/验证码）"
8148,TRANSACTION,高,"运营商服务通知（流量/余额/账单/来电提醒）"
8149,TRANSACTION,高,"运营商服务通知（流量/余额/账单/来电提醒）"
8150,TRANSACTION,中,"疑似交易/服务通知，需人工确认"
8151,TRANSACTION,高,"包含明确的交易信息（金额/账单/到账/验证码）"
8152,TRANSACTION,高,"包含明确的交易信息（金额/账单/到账/验证码）"
8153,TRANSACTION,中,"疑似交易/服务通知，需人工确认"
8154,TRANSACTION,高,"包含明确的交易信息（金额/账单/到账/验证码）"
8155,TRANSACTION,中,"疑似交易/服务通知，需人工确认"
8156,TRANSACTION,高,"运营商服务通知（流量/余额/账单/来电提醒）"
8157,AD,中,"运营商营销推广"
8158,TRANSACTION,中,"疑似交易/服务通知，需人工确认"
8159,TRANSACTION,高,"运营商服务通知（流量/余额/账单/来电提醒）"
8160,TRANSACTION,高,"运营商服务通知（流量/余额/账单/来电提醒）"
8161,NEEDS_REVIEW,低,"无法明确归类，需人工判断"
8162,TRANSACTION,高,"包含明确的交易信息（金额/账单/到账/验证码）"
8163,AD,中,"医疗推广信息"
8164,AD,中,"运营商营销推广"
8165,AD,中,"医疗推广信息"
8166,NEEDS_REVIEW,高,"政府/公益/公共服务信息，无商业推广"
8167,NEEDS_REVIEW,低,"无法明确归类，需人工判断"
8168,TRANSACTION,中,"疑似交易/服务通知，需人工确认"
8169,AD,中,"运营商营销推广"
8170,TRANSACTION,中,"疑似交易/服务通知，需人工确认"
8171,TRANSACTION,中,"疑似交易/服务通知，需人工确认"
8172,TRANSACTION,高,"包含明确的交易信息（金额/账单/到账/验证码）"
8173,NEEDS_REVIEW,高,"天气预报服务信息"
8174,TRANSACTION,中,"疑似交易/服务通知，需人工确认"
8175,NEEDS_REVIEW,低,"无法明确归类，需人工判断"
8176,TRANSACTION,中,"疑似交易/服务通知，需人工确认"
8177,NEEDS_REVIEW,高,"政府/公益/公共服务信息，无商业推广"
8178,NEEDS_REVIEW,低,"无法明确归类，需人工判断"
8179,AD,中,"运营商营销推广"
8180,NEEDS_REVIEW,低,"无法明确归类，需人工判断"
8181,TRANSACTION,高,"运营商服务通知（流量/余额/账单/来电提醒）"
8182,NEEDS_REVIEW,高,"政府/公益/公共服务信息，无商业推广"
8183,TRANSACTION,中,"疑似交易/服务通知，需人工确认"
8184,NEEDS_REVIEW,高,"政府/公益/公共服务信息，无商业推广"
8185,TRANSACTION,中,"疑似交易/服务通知，需人工确认"
8186,TRANSACTION,中,"疑似交易/服务通知，需人工确认"
8187,TRANSACTION,高,"运营商服务通知（流量/余额/账单/来电提醒）"
8188,TRANSACTION,中,"疑似交易/服务通知，需人工确认"
8189,NEEDS_REVIEW,高,"政府/公益/公共服务信息，无商业推广"
8190,TRANSACTION,高,"包含明确的交易信息（金额/账单/到账/验证码）"
8191,TRANSACTION,中,"疑似交易/服务通知，需人工确认"
8192,TRANSACTION,高,"运营商服务通知（流量/余额/账单/来电提醒）"
8193,TRANSACTION,中,"疑似交易/服务通知，需人工确认"
8194,TRANSACTION,中,"疑似交易/服务通知，需人工确认"
8195,NEEDS_REVIEW,高,"天气预报服务信息"
8196,TRANSACTION,高,"运营商服务通知（流量/余额/账单/来电提醒）"
8197,NEEDS_REVIEW,低,"无法明确归类，需人工判断"
8198,AD,高,"包含多个广告特征"
8199,TRANSACTION,高,"快递/物流服务通知"
8200,TRANSACTION,中,"疑似交易/服务通知，需人工确认"
8201,TRANSACTION,中,"疑似交易/服务通知，需人工确认"
8202,TRANSACTION,高,"包含明确的交易信息（金额/账单/到账/验证码）"
8203,TRANSACTION,中,"疑似交易/服务通知，需人工确认"
8204,HARASS,高,"包含催收/威胁关键词"
8205,TRANSACTION,高,"运营商服务通知（流量/余额/账单/来电提醒）"
8206,NEEDS_REVIEW,高,"政府/公益/公共服务信息，无商业推广"
8207,TRANSACTION,中,"疑似交易/服务通知，需人工确认"
8208,TRANSACTION,中,"疑似交易/服务通知，需人工确认"
8209,TRANSACTION,中,"疑似交易/服务通知，需人工确认"
8210,TRANSACTION,中,"疑似交易/服务通知，需人工确认"
8211,NEEDS_REVIEW,低,"无法明确归类，需人工判断"
8212,NEEDS_REVIEW,高,"天气预报服务信息"
8213,TRANSACTION,中,"疑似交易/服务通知，需人工确认"
8214,TRANSACTION,高,"运营商服务通知（流量/余额/账单/来电提醒）"
8215,AD,中,"运营商营销推广"
8216,TRANSACTION,高,"包含明确的交易信息（金额/账单/到账/验证码）"
8217,TRANSACTION,中,"疑似交易/服务通知，需人工确认"
8218,TRANSACTION,高,"运营商服务通知（流量/余额/账单/来电提醒）"
8219,NEEDS_REVIEW,低,"无法明确归类，需人工判断"
8220,NEEDS_REVIEW,低,"无法明确归类，需人工判断"
8221,AD,中,"医疗推广信息"
8222,TRANSACTION,中,"疑似交易/服务通知，需人工确认"
8223,TRANSACTION,高,"保险/金融服务通知"
8224,TRANSACTION,中,"疑似交易/服务通知，需人工确认"
8225,NEEDS_REVIEW,低,"无法明确归类，需人工判断"
8226,TRANSACTION,高,"包含明确的交易信息（金额/账单/到账/验证码）"
8227,TRANSACTION,中,"疑似交易/服务通知，需人工确认"
8228,NEEDS_REVIEW,低,"无法明确归类，需人工判断"
8229,TRANSACTION,高,"运营商服务通知（流量/余额/账单/来电提醒）"
8230,NEEDS_REVIEW,高,"政府/公益信息"
8231,NEEDS_REVIEW,高,"天气预报服务信息"
8232,TRANSACTION,高,"运营商服务通知（流量/余额/账单/来电提醒）"
8233,TRANSACTION,中,"疑似交易/服务通知，需人工确认"
8234,AD,中,"运营商营销推广"
8235,NEEDS_REVIEW,低,"无法明确归类，需人工判断"
8236,NEEDS_REVIEW,低,"无法明确归类，需人工判断"
8237,TRANSACTION,高,"运营商服务通知（流量/余额/账单/来电提醒）"
8238,NEEDS_REVIEW,低,"无法明确归类，需人工判断"
8239,TRANSACTION,中,"疑似交易/服务通知，需人工确认"
8240,NEEDS_REVIEW,低,"无法明确归类，需人工判断"
8241,AD,高,"包含多个广告特征"
8242,NEEDS_REVIEW,低,"无法明确归类，需人工判断"
8243,NEEDS_REVIEW,低,"无法明确归类，需人工判断"
8244,NEEDS_REVIEW,低,"无法明确归类，需人工判断"
8245,TRANSACTION,中,"疑似交易/服务通知，需人工确认"
8246,TRANSACTION,高,"运营商服务通知（流量/余额/账单/来电提醒）"
8247,TRANSACTION,中,"疑似交易/服务通知，需人工确认"
8248,NEEDS_REVIEW,高,"天气预报服务信息"
8249,NEEDS_REVIEW,低,"无法明确归类，需人工判断"
8250,TRANSACTION,中,"疑似交易/服务通知，需人工确认"
8251,TRANSACTION,高,"运营商服务通知（流量/余额/账单/来电提醒）"
8252,TRANSACTION,高,"包含明确的交易信息（金额/账单/到账/验证码）"
8253,NEEDS_REVIEW,高,"政府/公益/公共服务信息，无商业推广"
8254,HARASS,高,"匹配催收模式"
8255,TRANSACTION,高,"包含明确的交易信息（金额/账单/到账/验证码）"
8256,NEEDS_REVIEW,高,"天气预报服务信息"
8257,TRANSACTION,高,"包含明确的交易信息（金额/账单/到账/验证码）"
8258,TRANSACTION,中,"疑似交易/服务通知，需人工确认"
8259,TRANSACTION,中,"疑似交易/服务通知，需人工确认"
8260,TRANSACTION,高,"运营商服务通知（流量/余额/账单/来电提醒）"
8261,TRANSACTION,高,"快递/物流服务通知"
8262,TRANSACTION,中,"疑似交易/服务通知，需人工确认"
8263,TRANSACTION,高,"运营商服务通知（流量/余额/账单/来电提醒）"
8264,TRANSACTION,高,"快递/物流服务通知"
8265,TRANSACTION,高,"包含明确的交易信息（金额/账单/到账/验证码）"
8266,AD,中,"医疗推广信息"
8267,TRANSACTION,高,"快递/物流服务通知"
8268,TRANSACTION,中,"疑似交易/服务通知，需人工确认"
8269,NEEDS_REVIEW,低,"无法明确归类，需人工判断"
8270,TRANSACTION,高,"运营商服务通知（流量/余额/账单/来电提醒）"
8271,TRANSACTION,中,"疑似交易/服务通知，需人工确认"
8272,NEEDS_REVIEW,高,"政府/公益/公共服务信息，无商业推广"
8273,TRANSACTION,高,"保险/金融服务通知"
8274,TRANSACTION,中,"疑似交易/服务通知，需人工确认"
8275,AD,中,"运营商营销推广"
8276,TRANSACTION,中,"疑似交易/服务通知，需人工确认"
8277,TRANSACTION,高,"包含明确的交易信息（金额/账单/到账/验证码）"
8278,NEEDS_REVIEW,低,"无法明确归类，需人工判断"
8279,TRANSACTION,高,"运营商服务通知（流量/余额/账单/来电提醒）"
8280,NEEDS_REVIEW,低,"无法明确归类，需人工判断"
8281,TRANSACTION,中,"疑似交易/服务通知，需人工确认"
8282,TRANSACTION,高,"保险/金融服务通知"
8283,TRANSACTION,中,"疑似交易/服务通知，需人工确认"
8284,TRANSACTION,高,"包含明确的交易信息（金额/账单/到账/验证码）"
8285,AD,中,"运营商营销推广"
8286,TRANSACTION,中,"疑似交易/服务通知，需人工确认"
8287,AD,中,"运营商营销推广"
8288,NEEDS_REVIEW,低,"无法明确归类，需人工判断"
8289,TRANSACTION,中,"疑似交易/服务通知，需人工确认"
8290,NEEDS_REVIEW,低,"无法明确归类，需人工判断"
8291,TRANSACTION,高,"运营商服务通知（流量/余额/账单/来电提醒）"
8292,TRANSACTION,高,"运营商服务通知（流量/余额/账单/来电提醒）"
8293,TRANSACTION,高,"包含明确的交易信息（金额/账单/到账/验证码）"
8294,TRANSACTION,中,"疑似交易/服务通知，需人工确认"
8295,NEEDS_REVIEW,低,"无法明确归类，需人工判断"
8296,TRANSACTION,中,"疑似交易/服务通知，需人工确认"
8297,NEEDS_REVIEW,低,"无法明确归类，需人工判断"
8298,TRANSACTION,中,"疑似交易/服务通知，需人工确认"
8299,AD,中,"运营商营销推广"
8300,AD,高,"包含多个广告特征"
8301,NEEDS_REVIEW,高,"政府/公益/公共服务信息，无商业推广"
8302,TRANSACTION,中,"疑似交易/服务通知，需人工确认"
8303,NEEDS_REVIEW,低,"无法明确归类，需人工判断"
8304,AD,中,"医疗推广信息"
8305,TRANSACTION,中,"疑似交易/服务通知，需人工确认"
8306,NEEDS_REVIEW,低,"无法明确归类，需人工判断"
8307,NEEDS_REVIEW,高,"政府/公益信息"
8308,TRANSACTION,中,"疑似交易/服务通知，需人工确认"
8309,NEEDS_REVIEW,低,"无法明确归类，需人工判断"
8310,NEEDS_REVIEW,低,"无法明确归类，需人工判断"
8311,NEEDS_REVIEW,低,"无法明确归类，需人工判断"
8312,NEEDS_REVIEW,高,"政府/公益/公共服务信息，无商业推广"
8313,TRANSACTION,中,"疑似交易/服务通知，需人工确认"
8314,NEEDS_REVIEW,低,"无法明确归类，需人工判断"
8315,NEEDS_REVIEW,高,"天气预报服务信息"
8316,NEEDS_REVIEW,低,"无法明确归类，需人工判断"
8317,TRANSACTION,中,"疑似交易/服务通知，需人工确认"
8318,NEEDS_REVIEW,高,"天气预报服务信息"
8319,TRANSACTION,中,"疑似交易/服务通知，需人工确认"
8320,NEEDS_REVIEW,低,"无法明确归类，需人工判断"
8321,TRANSACTION,中,"疑似交易/服务通知，需人工确认"
8322,TRANSACTION,高,"快递/物流服务通知"
8323,HARASS,高,"包含催收/威胁关键词"
8324,TRANSACTION,中,"疑似交易/服务通知，需人工确认"
8325,NEEDS_REVIEW,高,"政府/公益/公共服务信息，无商业推广"
8326,TRANSACTION,高,"保险/金融服务通知"
8327,TRANSACTION,高,"包含明确的交易信息（金额/账单/到账/验证码）"
8328,TRANSACTION,高,"包含明确的交易信息（金额/账单/到账/验证码）"
8329,TRANSACTION,高,"包含明确的交易信息（金额/账单/到账/验证码）"
8330,NEEDS_REVIEW,低,"无法明确归类，需人工判断"
8331,NEEDS_REVIEW,低,"无法明确归类，需人工判断"
8332,TRANSACTION,中,"疑似交易/服务通知，需人工确认"
8333,NEEDS_REVIEW,高,"天气预报服务信息"
8334,AD,中,"运营商营销推广"
8335,NEEDS_REVIEW,低,"无法明确归类，需人工判断"
8336,TRANSACTION,高,"包含明确的交易信息（金额/账单/到账/验证码）"
8337,TRANSACTION,中,"疑似交易/服务通知，需人工确认"
8338,TRANSACTION,高,"运营商服务通知（流量/余额/账单/来电提醒）"
8339,NEEDS_REVIEW,高,"政府/公益/公共服务信息，无商业推广"
8340,NEEDS_REVIEW,低,"无法明确归类，需人工判断"
8341,TRANSACTION,中,"疑似交易/服务通知，需人工确认"
8342,NEEDS_REVIEW,低,"无法明确归类，需人工判断"
8343,NEEDS_REVIEW,高,"政府/公益/公共服务信息，无商业推广"
8344,AD,中,"运营商营销推广"
8345,TRANSACTION,高,"运营商服务通知（流量/余额/账单/来电提醒）"
8346,AD,中,"运营商营销推广"
8347,TRANSACTION,高,"包含明确的交易信息（金额/账单/到账/验证码）"
8348,AD,中,"运营商营销推广"
8349,NEEDS_REVIEW,高,"政府/公益信息"
8350,NEEDS_REVIEW,高,"政府/公益/公共服务信息，无商业推广"
8351,TRANSACTION,中,"疑似交易/服务通知，需人工确认"
8352,NEEDS_REVIEW,低,"无法明确归类，需人工判断"
8353,TRANSACTION,中,"疑似交易/服务通知，需人工确认"
8354,NEEDS_REVIEW,高,"政府/公益信息"
8355,AD,中,"医疗推广信息"
8356,TRANSACTION,高,"包含明确的交易信息（金额/账单/到账/验证码）"
8357,NEEDS_REVIEW,高,"天气预报服务信息"
8358,TRANSACTION,高,"快递/物流服务通知"
8359,NEEDS_REVIEW,低,"无法明确归类，需人工判断"
8360,NEEDS_REVIEW,低,"无法明确归类，需人工判断"
8361,NEEDS_REVIEW,低,"无法明确归类，需人工判断"
8362,NEEDS_REVIEW,高,"政府/公益信息"
8363,TRANSACTION,中,"疑似交易/服务通知，需人工确认"
8364,TRANSACTION,中,"疑似交易/服务通知，需人工确认"
8365,NEEDS_REVIEW,高,"政府/公益/公共服务信息，无商业推广"
8366,NEEDS_REVIEW,高,"天气预报服务信息"
8367,AD,中,"运营商营销推广"
8368,TRANSACTION,中,"疑似交易/服务通知，需人工确认"
8369,AD,中,"医疗推广信息"
8370,TRANSACTION,中,"疑似交易/服务通知，需人工确认"
8371,TRANSACTION,中,"疑似交易/服务通知，需人工确认"
8372,NEEDS_REVIEW,低,"无法明确归类，需人工判断"
8373,TRANSACTION,高,"包含明确的交易信息（金额/账单/到账/验证码）"
8374,TRANSACTION,高,"包含明确的交易信息（金额/账单/到账/验证码）"
8375,NEEDS_REVIEW,高,"政府/公益/公共服务信息，无商业推广"
8376,TRANSACTION,中,"疑似交易/服务通知，需人工确认"
8377,NEEDS_REVIEW,低,"无法明确归类，需人工判断"
8378,TRANSACTION,中,"疑似交易/服务通知，需人工确认"
8379,NEEDS_REVIEW,低,"无法明确归类，需人工判断"
8380,TRANSACTION,中,"疑似交易/服务通知，需人工确认"
8381,NEEDS_REVIEW,低,"无法明确归类，需人工判断"
8382,NEEDS_REVIEW,低,"无法明确归类，需人工判断"
8383,TRANSACTION,高,"快递/物流服务通知"
8384,TRANSACTION,高,"快递/物流服务通知"
8385,TRANSACTION,中,"疑似交易/服务通知，需人工确认"
8386,NEEDS_REVIEW,低,"无法明确归类，需人工判断"
8387,HARASS,高,"包含催收/威胁关键词"
8388,NEEDS_REVIEW,低,"无法明确归类，需人工判断"
8389,HARASS,高,"匹配催收模式"
8390,HARASS,高,"匹配催收模式"
8391,TRANSACTION,高,"运营商服务通知（流量/余额/账单/来电提醒）"
8392,TRANSACTION,高,"包含明确的交易信息（金额/账单/到账/验证码）"
8393,TRANSACTION,中,"疑似交易/服务通知，需人工确认"
8394,NEEDS_REVIEW,低,"无法明确归类，需人工判断"
8395,TRANSACTION,高,"运营商服务通知（流量/余额/账单/来电提醒）"
8396,TRANSACTION,中,"疑似交易/服务通知，需人工确认"
8397,TRANSACTION,中,"疑似交易/服务通知，需人工确认"
8398,TRANSACTION,中,"疑似交易/服务通知，需人工确认"
8399,NEEDS_REVIEW,低,"无法明确归类，需人工判断"
8400,NEEDS_REVIEW,高,"天气预报服务信息"
8401,TRANSACTION,高,"运营商服务通知（流量/余额/账单/来电提醒）"
8402,TRANSACTION,高,"运营商服务通知（流量/余额/账单/来电提醒）"
8403,TRANSACTION,中,"疑似交易/服务通知，需人工确认"
8404,TRANSACTION,中,"疑似交易/服务通知，需人工确认"
8405,TRANSACTION,高,"保险/金融服务通知"
8406,NEEDS_REVIEW,高,"天气预报服务信息"
8407,TRANSACTION,高,"包含明确的交易信息（金额/账单/到账/验证码）"
8408,NEEDS_REVIEW,低,"无法明确归类，需人工判断"
8409,NEEDS_REVIEW,低,"无法明确归类，需人工判断"
8410,TRANSACTION,中,"疑似交易/服务通知，需人工确认"
8411,TRANSACTION,高,"包含明确的交易信息（金额/账单/到账/验证码）"
8412,AD,中,"运营商营销推广"
8413,NEEDS_REVIEW,高,"政府/公益/公共服务信息，无商业推广"
8414,NEEDS_REVIEW,低,"无法明确归类，需人工判断"
8415,AD,高,"包含多个广告特征"
8416,NEEDS_REVIEW,低,"无法明确归类，需人工判断"
8417,TRANSACTION,高,"运营商服务通知（流量/余额/账单/来电提醒）"
8418,TRANSACTION,中,"疑似交易/服务通知，需人工确认"
8419,NEEDS_REVIEW,高,"天气预报服务信息"
8420,TRANSACTION,高,"运营商服务通知（流量/余额/账单/来电提醒）"
8421,TRANSACTION,高,"保险/金融服务通知"
8422,AD,中,"教育培训推广"
8423,NEEDS_REVIEW,高,"天气预报服务信息"
8424,NEEDS_REVIEW,低,"无法明确归类，需人工判断"
8425,NEEDS_REVIEW,低,"无法明确归类，需人工判断"
8426,AD,中,"运营商营销推广"
8427,TRANSACTION,高,"运营商服务通知（流量/余额/账单/来电提醒）"
8428,TRANSACTION,高,"运营商服务通知（流量/余额/账单/来电提醒）"
8429,HARASS,高,"包含催收/威胁关键词"
8430,AD,高,"包含多个广告特征"
8431,TRANSACTION,中,"疑似交易/服务通知，需人工确认"
8432,TRANSACTION,高,"运营商服务通知（流量/余额/账单/来电提醒）"
8433,NEEDS_REVIEW,低,"无法明确归类，需人工判断"
8434,NEEDS_REVIEW,低,"无法明确归类，需人工判断"
8435,TRANSACTION,高,"运营商服务通知（流量/余额/账单/来电提醒）"
8436,TRANSACTION,高,"运营商服务通知（流量/余额/账单/来电提醒）"
8437,AD,中,"医疗推广信息"
8438,NEEDS_REVIEW,低,"无法明确归类，需人工判断"
8439,NEEDS_REVIEW,低,"无法明确归类，需人工判断"
8440,TRANSACTION,高,"运营商服务通知（流量/余额/账单/来电提醒）"
8441,NEEDS_REVIEW,低,"无法明确归类，需人工判断"
8442,TRANSACTION,高,"保险/金融服务通知"
8443,NEEDS_REVIEW,低,"无法明确归类，需人工判断"
8444,TRANSACTION,高,"运营商服务通知（流量/余额/账单/来电提醒）"
8445,TRANSACTION,高,"包含明确的交易信息（金额/账单/到账/验证码）"
8446,TRANSACTION,高,"快递/物流服务通知"
8447,TRANSACTION,中,"疑似交易/服务通知，需人工确认"
8448,TRANSACTION,中,"疑似交易/服务通知，需人工确认"
8449,TRANSACTION,高,"保险/金融服务通知"
8450,NEEDS_REVIEW,低,"无法明确归类，需人工判断"
8451,TRANSACTION,中,"疑似交易/服务通知，需人工确认"
8452,NEEDS_REVIEW,低,"无法明确归类，需人工判断"
8453,TRANSACTION,高,"运营商服务通知（流量/余额/账单/来电提醒）"
8454,TRANSACTION,中,"疑似交易/服务通知，需人工确认"
8455,AD,中,"运营商营销推广"
8456,TRANSACTION,高,"运营商服务通知（流量/余额/账单/来电提醒）"
8457,TRANSACTION,中,"疑似交易/服务通知，需人工确认"
8458,TRANSACTION,高,"运营商服务通知（流量/余额/账单/来电提醒）"
8459,NEEDS_REVIEW,低,"无法明确归类，需人工判断"
8460,TRANSACTION,中,"疑似交易/服务通知，需人工确认"
8461,NEEDS_REVIEW,低,"无法明确归类，需人工判断"
8462,TRANSACTION,高,"运营商服务通知（流量/余额/账单/来电提醒）"
8463,AD,中,"运营商营销推广"
8464,NEEDS_REVIEW,低,"无法明确归类，需人工判断"
8465,NEEDS_REVIEW,高,"天气预报服务信息"
8466,NEEDS_REVIEW,低,"无法明确归类，需人工判断"
8467,NEEDS_REVIEW,高,"政府/公益/公共服务信息，无商业推广"
8468,TRANSACTION,高,"运营商服务通知（流量/余额/账单/来电提醒）"
8469,TRANSACTION,中,"疑似交易/服务通知，需人工确认"
8470,TRANSACTION,中,"疑似交易/服务通知，需人工确认"
8471,NEEDS_REVIEW,高,"天气预报服务信息"
8472,TRANSACTION,中,"疑似交易/服务通知，需人工确认"
8473,TRANSACTION,高,"运营商服务通知（流量/余额/账单/来电提醒）"
8474,AD,中,"运营商营销推广"
8475,NEEDS_REVIEW,低,"无法明确归类，需人工判断"
8476,NEEDS_REVIEW,低,"无法明确归类，需人工判断"
8477,TRANSACTION,中,"疑似交易/服务通知，需人工确认"
8478,AD,中,"运营商营销推广"
8479,NEEDS_REVIEW,低,"无法明确归类，需人工判断"
8480,NEEDS_REVIEW,低,"无法明确归类，需人工判断"
8481,TRANSACTION,高,"包含明确的交易信息（金额/账单/到账/验证码）"
8482,TRANSACTION,高,"快递/物流服务通知"
8483,TRANSACTION,中,"疑似交易/服务通知，需人工确认"
8484,TRANSACTION,中,"疑似交易/服务通知，需人工确认"
8485,AD,高,"产品营销广告"
8486,NEEDS_REVIEW,低,"无法明确归类，需人工判断"
8487,NEEDS_REVIEW,高,"政府/公益/公共服务信息，无商业推广"
8488,NEEDS_REVIEW,高,"政府/公益/公共服务信息，无商业推广"
8489,TRANSACTION,高,"运营商服务通知（流量/余额/账单/来电提醒）"
8490,AD,中,"运营商营销推广"
8491,AD,中,"运营商营销推广"
8492,TRANSACTION,中,"疑似交易/服务通知，需人工确认"
8493,HARASS,高,"包含催收/威胁关键词"
8494,AD,中,"医疗推广信息"
8495,TRANSACTION,高,"运营商服务通知（流量/余额/账单/来电提醒）"
8496,NEEDS_REVIEW,低,"无法明确归类，需人工判断"
8497,TRANSACTION,高,"包含明确的交易信息（金额/账单/到账/验证码）"
8498,TRANSACTION,中,"疑似交易/服务通知，需人工确认"
8499,TRANSACTION,中,"疑似交易/服务通知，需人工确认"
8500,TRANSACTION,中,"疑似交易/服务通知，需人工确认"
8501,TRANSACTION,中,"疑似交易/服务通知，需人工确认"
8502,NEEDS_REVIEW,低,"无法明确归类，需人工判断"
8503,NEEDS_REVIEW,低,"无法明确归类，需人工判断"
8504,TRANSACTION,中,"疑似交易/服务通知，需人工确认"
8505,TRANSACTION,中,"疑似交易/服务通知，需人工确认"
8506,NEEDS_REVIEW,高,"政府/公益/公共服务信息，无商业推广"
8507,NEEDS_REVIEW,高,"天气预报服务信息"
8508,TRANSACTION,高,"包含明确的交易信息（金额/账单/到账/验证码）"
8509,TRANSACTION,中,"疑似交易/服务通知，需人工确认"
8510,TRANSACTION,中,"疑似交易/服务通知，需人工确认"
8511,TRANSACTION,中,"疑似交易/服务通知，需人工确认"
8512,NEEDS_REVIEW,低,"无法明确归类，需人工判断"
8513,TRANSACTION,高,"包含明确的交易信息（金额/账单/到账/验证码）"
8514,NEEDS_REVIEW,高,"天气预报服务信息"
8515,AD,中,"运营商营销推广"
8516,TRANSACTION,高,"包含明确的交易信息（金额/账单/到账/验证码）"
8517,TRANSACTION,高,"包含明确的交易信息（金额/账单/到账/验证码）"
8518,NEEDS_REVIEW,低,"无法明确归类，需人工判断"
8519,NEEDS_REVIEW,高,"政府/公益/公共服务信息，无商业推广"
8520,NEEDS_REVIEW,高,"政府/公益信息"
8521,NEEDS_REVIEW,高,"政府/公益/公共服务信息，无商业推广"
8522,TRANSACTION,中,"疑似交易/服务通知，需人工确认"
8523,TRANSACTION,高,"运营商服务通知（流量/余额/账单/来电提醒）"
8524,TRANSACTION,中,"疑似交易/服务通知，需人工确认"
8525,TRANSACTION,中,"疑似交易/服务通知，需人工确认"
8526,TRANSACTION,高,"运营商服务通知（流量/余额/账单/来电提醒）"
8527,TRANSACTION,中,"疑似交易/服务通知，需人工确认"
8528,NEEDS_REVIEW,高,"天气预报服务信息"
8529,TRANSACTION,高,"快递/物流服务通知"
8530,AD,中,"运营商营销推广"
8531,TRANSACTION,高,"运营商服务通知（流量/余额/账单/来电提醒）"
8532,TRANSACTION,高,"包含明确的交易信息（金额/账单/到账/验证码）"
8533,TRANSACTION,高,"运营商服务通知（流量/余额/账单/来电提醒）"
8534,NEEDS_REVIEW,低,"无法明确归类，需人工判断"
8535,NEEDS_REVIEW,低,"无法明确归类，需人工判断"
8536,TRANSACTION,高,"运营商服务通知（流量/余额/账单/来电提醒）"
8537,TRANSACTION,中,"疑似交易/服务通知，需人工确认"
8538,NEEDS_REVIEW,高,"政府/公益/公共服务信息，无商业推广"
8539,NEEDS_REVIEW,低,"无法明确归类，需人工判断"
8540,NEEDS_REVIEW,低,"无法明确归类，需人工判断"
8541,NEEDS_REVIEW,高,"政府/公益/公共服务信息，无商业推广"
8542,TRANSACTION,中,"疑似交易/服务通知，需人工确认"
8543,AD,中,"运营商营销推广"
8544,TRANSACTION,中,"疑似交易/服务通知，需人工确认"
8545,NEEDS_REVIEW,高,"政府/公益/公共服务信息，无商业推广"
8546,NEEDS_REVIEW,低,"无法明确归类，需人工判断"
8547,AD,中,"运营商营销推广"
8548,TRANSACTION,高,"快递/物流服务通知"
8549,TRANSACTION,中,"疑似交易/服务通知，需人工确认"
8550,NEEDS_REVIEW,低,"无法明确归类，需人工判断"
8551,TRANSACTION,高,"包含明确的交易信息（金额/账单/到账/验证码）"
8552,NEEDS_REVIEW,低,"无法明确归类，需人工判断"
8553,NEEDS_REVIEW,低,"无法明确归类，需人工判断"
8554,NEEDS_REVIEW,低,"无法明确归类，需人工判断"
8555,TRANSACTION,中,"疑似交易/服务通知，需人工确认"
8556,NEEDS_REVIEW,低,"无法明确归类，需人工判断"
8557,NEEDS_REVIEW,低,"无法明确归类，需人工判断"
8558,TRANSACTION,中,"疑似交易/服务通知，需人工确认"
8559,NEEDS_REVIEW,低,"无法明确归类，需人工判断"
8560,TRANSACTION,中,"疑似交易/服务通知，需人工确认"
8561,TRANSACTION,中,"疑似交易/服务通知，需人工确认"
8562,TRANSACTION,中,"疑似交易/服务通知，需人工确认"
8563,AD,中,"医疗推广信息"
8564,TRANSACTION,中,"疑似交易/服务通知，需人工确认"
8565,TRANSACTION,高,"运营商服务通知（流量/余额/账单/来电提醒）"
8566,TRANSACTION,高,"快递/物流服务通知"
8567,TRANSACTION,中,"疑似交易/服务通知，需人工确认"
8568,TRANSACTION,高,"快递/物流服务通知"
8569,AD,高,"包含多个广告特征"
8570,NEEDS_REVIEW,低,"无法明确归类，需人工判断"
8571,NEEDS_REVIEW,低,"无法明确归类，需人工判断"
8572,TRANSACTION,高,"包含明确的交易信息（金额/账单/到账/验证码）"
8573,NEEDS_REVIEW,低,"无法明确归类，需人工判断"
8574,NEEDS_REVIEW,低,"无法明确归类，需人工判断"
8575,NEEDS_REVIEW,低,"无法明确归类，需人工判断"
8576,TRANSACTION,高,"运营商服务通知（流量/余额/账单/来电提醒）"
8577,TRANSACTION,高,"运营商服务通知（流量/余额/账单/来电提醒）"
8578,TRANSACTION,高,"包含明确的交易信息（金额/账单/到账/验证码）"
8579,AD,高,"产品营销广告"
8580,NEEDS_REVIEW,低,"无法明确归类，需人工判断"
8581,HARASS,高,"包含催收/威胁关键词"
8582,TRANSACTION,高,"运营商服务通知（流量/余额/账单/来电提醒）"
8583,NEEDS_REVIEW,高,"天气预报服务信息"
8584,TRANSACTION,中,"疑似交易/服务通知，需人工确认"
8585,NEEDS_REVIEW,低,"无法明确归类，需人工判断"
8586,TRANSACTION,中,"疑似交易/服务通知，需人工确认"
8587,NEEDS_REVIEW,高,"政府/公益/公共服务信息，无商业推广"
8588,NEEDS_REVIEW,高,"政府/公益/公共服务信息，无商业推广"
8589,AD,高,"包含多个广告特征"
8590,TRANSACTION,高,"运营商服务通知（流量/余额/账单/来电提醒）"
8591,NEEDS_REVIEW,低,"无法明确归类，需人工判断"
8592,NEEDS_REVIEW,低,"无法明确归类，需人工判断"
8593,TRANSACTION,高,"包含明确的交易信息（金额/账单/到账/验证码）"
8594,AD,中,"运营商营销推广"
8595,TRANSACTION,高,"运营商服务通知（流量/余额/账单/来电提醒）"
8596,TRANSACTION,中,"疑似交易/服务通知，需人工确认"
8597,TRANSACTION,高,"包含明确的交易信息（金额/账单/到账/验证码）"
8598,TRANSACTION,高,"包含明确的交易信息（金额/账单/到账/验证码）"
8599,TRANSACTION,高,"包含明确的交易信息（金额/账单/到账/验证码）"
8600,NEEDS_REVIEW,高,"天气预报服务信息"
8601,NEEDS_REVIEW,低,"无法明确归类，需人工判断"
8602,TRANSACTION,中,"疑似交易/服务通知，需人工确认"
8603,TRANSACTION,中,"疑似交易/服务通知，需人工确认"
8604,NEEDS_REVIEW,高,"政府/公益/公共服务信息，无商业推广"
8605,TRANSACTION,中,"疑似交易/服务通知，需人工确认"
8606,TRANSACTION,中,"疑似交易/服务通知，需人工确认"
8607,NEEDS_REVIEW,低,"无法明确归类，需人工判断"
8608,TRANSACTION,中,"疑似交易/服务通知，需人工确认"
8609,NEEDS_REVIEW,低,"无法明确归类，需人工判断"
8610,HARASS,高,"匹配催收模式"
8611,AD,中,"运营商营销推广"
8612,TRANSACTION,中,"疑似交易/服务通知，需人工确认"
8613,TRANSACTION,中,"疑似交易/服务通知，需人工确认"
8614,NEEDS_REVIEW,低,"无法明确归类，需人工判断"
8615,TRANSACTION,高,"运营商服务通知（流量/余额/账单/来电提醒）"
8616,TRANSACTION,高,"运营商服务通知（流量/余额/账单/来电提醒）"
8617,AD,中,"运营商营销推广"
8618,NEEDS_REVIEW,低,"无法明确归类，需人工判断"
8619,TRANSACTION,高,"包含明确的交易信息（金额/账单/到账/验证码）"
8620,HARASS,高,"包含催收/威胁关键词"
8621,TRANSACTION,高,"运营商服务通知（流量/余额/账单/来电提醒）"
8622,TRANSACTION,高,"运营商服务通知（流量/余额/账单/来电提醒）"
8623,TRANSACTION,高,"包含明确的交易信息（金额/账单/到账/验证码）"
8624,NEEDS_REVIEW,低,"无法明确归类，需人工判断"
8625,NEEDS_REVIEW,低,"无法明确归类，需人工判断"
8626,NEEDS_REVIEW,低,"无法明确归类，需人工判断"
8627,NEEDS_REVIEW,低,"无法明确归类，需人工判断"
8628,NEEDS_REVIEW,低,"无法明确归类，需人工判断"
8629,TRANSACTION,中,"疑似交易/服务通知，需人工确认"
8630,TRANSACTION,高,"包含明确的交易信息（金额/账单/到账/验证码）"
8631,TRANSACTION,高,"运营商服务通知（流量/余额/账单/来电提醒）"
8632,TRANSACTION,中,"疑似交易/服务通知，需人工确认"
8633,NEEDS_REVIEW,低,"无法明确归类，需人工判断"
8634,TRANSACTION,中,"疑似交易/服务通知，需人工确认"
8635,AD,中,"医疗推广信息"
8636,TRANSACTION,高,"快递/物流服务通知"
8637,NEEDS_REVIEW,低,"无法明确归类，需人工判断"
8638,NEEDS_REVIEW,低,"无法明确归类，需人工判断"
8639,TRANSACTION,高,"运营商服务通知（流量/余额/账单/来电提醒）"
8640,NEEDS_REVIEW,低,"无法明确归类，需人工判断"
8641,AD,中,"医疗推广信息"
8642,TRANSACTION,高,"包含明确的交易信息（金额/账单/到账/验证码）"
8643,NEEDS_REVIEW,低,"无法明确归类，需人工判断"
8644,TRANSACTION,中,"疑似交易/服务通知，需人工确认"
8645,TRANSACTION,高,"保险/金融服务通知"
8646,TRANSACTION,中,"疑似交易/服务通知，需人工确认"
8647,TRANSACTION,中,"疑似交易/服务通知，需人工确认"
8648,AD,中,"运营商营销推广"
8649,NEEDS_REVIEW,高,"天气预报服务信息"
8650,TRANSACTION,中,"疑似交易/服务通知，需人工确认"
8651,TRANSACTION,高,"运营商服务通知（流量/余额/账单/来电提醒）"
8652,TRANSACTION,高,"快递/物流服务通知"
8653,AD,中,"医疗推广信息"
8654,TRANSACTION,高,"运营商服务通知（流量/余额/账单/来电提醒）"
8655,TRANSACTION,高,"运营商服务通知（流量/余额/账单/来电提醒）"
8656,TRANSACTION,高,"快递/物流服务通知"
8657,NEEDS_REVIEW,低,"无法明确归类，需人工判断"
8658,AD,中,"运营商营销推广"
8659,TRANSACTION,高,"包含明确的交易信息（金额/账单/到账/验证码）"
8660,TRANSACTION,高,"运营商服务通知（流量/余额/账单/来电提醒）"
8661,TRANSACTION,高,"包含明确的交易信息（金额/账单/到账/验证码）"
8662,NEEDS_REVIEW,高,"政府/公益信息"
8663,NEEDS_REVIEW,低,"无法明确归类，需人工判断"
8664,TRANSACTION,高,"运营商服务通知（流量/余额/账单/来电提醒）"
8665,TRANSACTION,高,"包含明确的交易信息（金额/账单/到账/验证码）"
8666,NEEDS_REVIEW,高,"天气预报服务信息"
8667,TRANSACTION,中,"疑似交易/服务通知，需人工确认"
8668,NEEDS_REVIEW,低,"无法明确归类，需人工判断"
8669,TRANSACTION,中,"疑似交易/服务通知，需人工确认"
8670,NEEDS_REVIEW,低,"无法明确归类，需人工判断"
8671,TRANSACTION,高,"快递/物流服务通知"
8672,TRANSACTION,中,"疑似交易/服务通知，需人工确认"
8673,TRANSACTION,高,"快递/物流服务通知"
8674,TRANSACTION,高,"运营商服务通知（流量/余额/账单/来电提醒）"
8675,AD,中,"运营商营销推广"
8676,NEEDS_REVIEW,低,"无法明确归类，需人工判断"
8677,TRANSACTION,中,"疑似交易/服务通知，需人工确认"
8678,TRANSACTION,中,"疑似交易/服务通知，需人工确认"
8679,NEEDS_REVIEW,低,"无法明确归类，需人工判断"
8680,TRANSACTION,高,"运营商服务通知（流量/余额/账单/来电提醒）"
8681,TRANSACTION,高,"运营商服务通知（流量/余额/账单/来电提醒）"
8682,TRANSACTION,高,"运营商服务通知（流量/余额/账单/来电提醒）"
8683,NEEDS_REVIEW,低,"无法明确归类，需人工判断"
8684,TRANSACTION,高,"运营商服务通知（流量/余额/账单/来电提醒）"
8685,AD,中,"运营商营销推广"
8686,NEEDS_REVIEW,低,"无法明确归类，需人工判断"
8687,TRANSACTION,中,"疑似交易/服务通知，需人工确认"
8688,NEEDS_REVIEW,低,"无法明确归类，需人工判断"
8689,NEEDS_REVIEW,高,"天气预报服务信息"
8690,TRANSACTION,高,"运营商服务通知（流量/余额/账单/来电提醒）"
8691,NEEDS_REVIEW,低,"无法明确归类，需人工判断"
8692,TRANSACTION,中,"疑似交易/服务通知，需人工确认"
8693,TRANSACTION,高,"包含明确的交易信息（金额/账单/到账/验证码）"
8694,TRANSACTION,高,"快递/物流服务通知"
8695,NEEDS_REVIEW,高,"政府/公益/公共服务信息，无商业推广"
8696,TRANSACTION,高,"运营商服务通知（流量/余额/账单/来电提醒）"
8697,TRANSACTION,高,"包含明确的交易信息（金额/账单/到账/验证码）"
8698,TRANSACTION,高,"运营商服务通知（流量/余额/账单/来电提醒）"
8699,AD,中,"医疗推广信息"
8700,NEEDS_REVIEW,低,"无法明确归类，需人工判断"
8701,NEEDS_REVIEW,高,"天气预报服务信息"
8702,TRANSACTION,高,"运营商服务通知（流量/余额/账单/来电提醒）"
8703,NEEDS_REVIEW,高,"政府/公益/公共服务信息，无商业推广"
8704,TRANSACTION,高,"运营商服务通知（流量/余额/账单/来电提醒）"
8705,NEEDS_REVIEW,高,"政府/公益/公共服务信息，无商业推广"
8706,NEEDS_REVIEW,低,"无法明确归类，需人工判断"
8707,TRANSACTION,高,"运营商服务通知（流量/余额/账单/来电提醒）"
8708,TRANSACTION,高,"快递/物流服务通知"
8709,NEEDS_REVIEW,低,"无法明确归类，需人工判断"
8710,TRANSACTION,高,"运营商服务通知（流量/余额/账单/来电提醒）"
8711,NEEDS_REVIEW,低,"无法明确归类，需人工判断"
8712,NEEDS_REVIEW,低,"无法明确归类，需人工判断"
8713,NEEDS_REVIEW,低,"无法明确归类，需人工判断"
8714,TRANSACTION,高,"运营商服务通知（流量/余额/账单/来电提醒）"
8715,NEEDS_REVIEW,低,"无法明确归类，需人工判断"
8716,TRANSACTION,中,"疑似交易/服务通知，需人工确认"
8717,NEEDS_REVIEW,低,"无法明确归类，需人工判断"
8718,TRANSACTION,中,"疑似交易/服务通知，需人工确认"
8719,TRANSACTION,高,"运营商服务通知（流量/余额/账单/来电提醒）"
8720,TRANSACTION,中,"疑似交易/服务通知，需人工确认"
8721,TRANSACTION,中,"疑似交易/服务通知，需人工确认"
8722,TRANSACTION,中,"疑似交易/服务通知，需人工确认"
8723,TRANSACTION,中,"疑似交易/服务通知，需人工确认"
8724,AD,中,"运营商营销推广"
8725,HARASS,高,"匹配催收模式"
8726,AD,中,"运营商营销推广"
8727,NEEDS_REVIEW,高,"政府/公益/公共服务信息，无商业推广"
8728,NEEDS_REVIEW,高,"政府/公益信息"
8729,AD,中,"教育培训推广"
8730,NEEDS_REVIEW,低,"无法明确归类，需人工判断"
8731,TRANSACTION,高,"快递/物流服务通知"
8732,AD,中,"医疗推广信息"
8733,NEEDS_REVIEW,低,"无法明确归类，需人工判断"
8734,TRANSACTION,高,"包含明确的交易信息（金额/账单/到账/验证码）"
8735,TRANSACTION,高,"运营商服务通知（流量/余额/账单/来电提醒）"
8736,TRANSACTION,高,"运营商服务通知（流量/余额/账单/来电提醒）"
8737,NEEDS_REVIEW,低,"无法明确归类，需人工判断"
8738,TRANSACTION,中,"疑似交易/服务通知，需人工确认"
8739,TRANSACTION,高,"包含明确的交易信息（金额/账单/到账/验证码）"
8740,NEEDS_REVIEW,高,"天气预报服务信息"
8741,TRANSACTION,高,"快递/物流服务通知"
8742,TRANSACTION,高,"包含明确的交易信息（金额/账单/到账/验证码）"
8743,NEEDS_REVIEW,高,"政府/公益/公共服务信息，无商业推广"
8744,AD,中,"教育培训推广"
8745,NEEDS_REVIEW,低,"无法明确归类，需人工判断"
8746,NEEDS_REVIEW,低,"无法明确归类，需人工判断"
8747,TRANSACTION,高,"运营商服务通知（流量/余额/账单/来电提醒）"
8748,TRANSACTION,高,"运营商服务通知（流量/余额/账单/来电提醒）"
8749,AD,中,"教育培训推广"
8750,TRANSACTION,高,"运营商服务通知（流量/余额/账单/来电提醒）"
8751,TRANSACTION,中,"疑似交易/服务通知，需人工确认"
8752,TRANSACTION,中,"疑似交易/服务通知，需人工确认"
8753,AD,中,"运营商营销推广"
8754,NEEDS_REVIEW,低,"无法明确归类，需人工判断"
8755,TRANSACTION,高,"包含明确的交易信息（金额/账单/到账/验证码）"
8756,TRANSACTION,高,"快递/物流服务通知"
8757,TRANSACTION,高,"运营商服务通知（流量/余额/账单/来电提醒）"
8758,TRANSACTION,中,"疑似交易/服务通知，需人工确认"
8759,TRANSACTION,高,"包含明确的交易信息（金额/账单/到账/验证码）"
8760,TRANSACTION,高,"运营商服务通知（流量/余额/账单/来电提醒）"
8761,NEEDS_REVIEW,低,"无法明确归类，需人工判断"
8762,TRANSACTION,高,"运营商服务通知（流量/余额/账单/来电提醒）"
8763,HARASS,高,"匹配催收模式"
8764,NEEDS_REVIEW,低,"无法明确归类，需人工判断"
8765,AD,高,"包含多个广告特征"
8766,TRANSACTION,高,"快递/物流服务通知"
8767,TRANSACTION,高,"包含明确的交易信息（金额/账单/到账/验证码）"
8768,TRANSACTION,高,"运营商服务通知（流量/余额/账单/来电提醒）"
8769,TRANSACTION,中,"疑似交易/服务通知，需人工确认"
8770,TRANSACTION,高,"包含明确的交易信息（金额/账单/到账/验证码）"
8771,TRANSACTION,中,"疑似交易/服务通知，需人工确认"
8772,TRANSACTION,高,"运营商服务通知（流量/余额/账单/来电提醒）"
8773,TRANSACTION,中,"疑似交易/服务通知，需人工确认"
8774,TRANSACTION,高,"运营商服务通知（流量/余额/账单/来电提醒）"
8775,TRANSACTION,高,"运营商服务通知（流量/余额/账单/来电提醒）"
8776,TRANSACTION,中,"疑似交易/服务通知，需人工确认"
8777,TRANSACTION,高,"包含明确的交易信息（金额/账单/到账/验证码）"
8778,NEEDS_REVIEW,高,"天气预报服务信息"
8779,NEEDS_REVIEW,高,"天气预报服务信息"
8780,TRANSACTION,高,"快递/物流服务通知"
8781,TRANSACTION,高,"快递/物流服务通知"
8782,AD,中,"教育培训推广"
8783,NEEDS_REVIEW,低,"无法明确归类，需人工判断"
8784,TRANSACTION,高,"包含明确的交易信息（金额/账单/到账/验证码）"
8785,TRANSACTION,中,"疑似交易/服务通知，需人工确认"
8786,TRANSACTION,高,"包含明确的交易信息（金额/账单/到账/验证码）"
8787,TRANSACTION,高,"快递/物流服务通知"
8788,TRANSACTION,中,"疑似交易/服务通知，需人工确认"
8789,NEEDS_REVIEW,低,"无法明确归类，需人工判断"
8790,NEEDS_REVIEW,低,"无法明确归类，需人工判断"
8791,NEEDS_REVIEW,高,"政府/公益/公共服务信息，无商业推广"
8792,NEEDS_REVIEW,高,"政府/公益/公共服务信息，无商业推广"
8793,TRANSACTION,高,"运营商服务通知（流量/余额/账单/来电提醒）"
8794,TRANSACTION,中,"疑似交易/服务通知，需人工确认"
8795,AD,中,"医疗推广信息"
8796,TRANSACTION,中,"疑似交易/服务通知，需人工确认"
8797,TRANSACTION,中,"疑似交易/服务通知，需人工确认"
8798,AD,高,"包含多个广告特征"
8799,AD,中,"运营商营销推广"
8800,NEEDS_REVIEW,高,"天气预报服务信息"
8801,TRANSACTION,中,"疑似交易/服务通知，需人工确认"
8802,TRANSACTION,高,"运营商服务通知（流量/余额/账单/来电提醒）"
8803,TRANSACTION,高,"快递/物流服务通知"
8804,TRANSACTION,高,"快递/物流服务通知"
8805,NEEDS_REVIEW,低,"无法明确归类，需人工判断"
8806,TRANSACTION,中,"疑似交易/服务通知，需人工确认"
8807,TRANSACTION,高,"包含明确的交易信息（金额/账单/到账/验证码）"
8808,TRANSACTION,高,"快递/物流服务通知"
8809,NEEDS_REVIEW,低,"无法明确归类，需人工判断"
8810,TRANSACTION,高,"保险/金融服务通知"
8811,NEEDS_REVIEW,高,"天气预报服务信息"
8812,NEEDS_REVIEW,低,"无法明确归类，需人工判断"
8813,NEEDS_REVIEW,低,"无法明确归类，需人工判断"
8814,TRANSACTION,高,"快递/物流服务通知"
8815,TRANSACTION,中,"疑似交易/服务通知，需人工确认"
8816,TRANSACTION,高,"运营商服务通知（流量/余额/账单/来电提醒）"
8817,TRANSACTION,中,"疑似交易/服务通知，需人工确认"
8818,TRANSACTION,高,"快递/物流服务通知"
8819,AD,中,"医疗推广信息"
8820,AD,中,"运营商营销推广"
8821,HARASS,高,"包含催收/威胁关键词"
8822,NEEDS_REVIEW,高,"天气预报服务信息"
8823,TRANSACTION,高,"运营商服务通知（流量/余额/账单/来电提醒）"
8824,NEEDS_REVIEW,低,"无法明确归类，需人工判断"
8825,NEEDS_REVIEW,低,"无法明确归类，需人工判断"
8826,TRANSACTION,中,"疑似交易/服务通知，需人工确认"
8827,NEEDS_REVIEW,低,"无法明确归类，需人工判断"
8828,NEEDS_REVIEW,高,"天气预报服务信息"
8829,NEEDS_REVIEW,低,"无法明确归类，需人工判断"
8830,TRANSACTION,中,"疑似交易/服务通知，需人工确认"
8831,NEEDS_REVIEW,低,"无法明确归类，需人工判断"
8832,TRANSACTION,高,"包含明确的交易信息（金额/账单/到账/验证码）"
8833,TRANSACTION,高,"包含明确的交易信息（金额/账单/到账/验证码）"
8834,TRANSACTION,中,"疑似交易/服务通知，需人工确认"
8835,NEEDS_REVIEW,低,"无法明确归类，需人工判断"
8836,NEEDS_REVIEW,低,"无法明确归类，需人工判断"
8837,TRANSACTION,高,"快递/物流服务通知"
8838,TRANSACTION,高,"快递/物流服务通知"
8839,TRANSACTION,中,"疑似交易/服务通知，需人工确认"
8840,TRANSACTION,高,"包含明确的交易信息（金额/账单/到账/验证码）"
8841,NEEDS_REVIEW,低,"无法明确归类，需人工判断"
8842,AD,高,"包含多个广告特征"
8843,TRANSACTION,中,"疑似交易/服务通知，需人工确认"
8844,TRANSACTION,高,"运营商服务通知（流量/余额/账单/来电提醒）"
8845,TRANSACTION,高,"运营商服务通知（流量/余额/账单/来电提醒）"
8846,NEEDS_REVIEW,中,"工作/业务通知，需人工判断"
8847,TRANSACTION,中,"疑似交易/服务通知，需人工确认"
8848,NEEDS_REVIEW,高,"政府/公益信息"
8849,NEEDS_REVIEW,低,"无法明确归类，需人工判断"
8850,TRANSACTION,中,"疑似交易/服务通知，需人工确认"
8851,NEEDS_REVIEW,高,"政府/公益/公共服务信息，无商业推广"
8852,TRANSACTION,高,"快递/物流服务通知"
8853,NEEDS_REVIEW,高,"天气预报服务信息"
8854,TRANSACTION,高,"快递/物流服务通知"
8855,NEEDS_REVIEW,低,"无法明确归类，需人工判断"
8856,NEEDS_REVIEW,低,"无法明确归类，需人工判断"
8857,NEEDS_REVIEW,高,"天气预报服务信息"
8858,TRANSACTION,中,"疑似交易/服务通知，需人工确认"
8859,AD,中,"运营商营销推广"
8860,NEEDS_REVIEW,低,"无法明确归类，需人工判断"
8861,TRANSACTION,中,"疑似交易/服务通知，需人工确认"
8862,TRANSACTION,高,"运营商服务通知（流量/余额/账单/来电提醒）"
8863,NEEDS_REVIEW,高,"天气预报服务信息"
8864,TRANSACTION,高,"快递/物流服务通知"
8865,TRANSACTION,中,"疑似交易/服务通知，需人工确认"
8866,TRANSACTION,中,"疑似交易/服务通知，需人工确认"
8867,NEEDS_REVIEW,高,"天气预报服务信息"
8868,TRANSACTION,高,"包含明确的交易信息（金额/账单/到账/验证码）"
8869,AD,中,"运营商营销推广"
8870,NEEDS_REVIEW,高,"天气预报服务信息"
8871,NEEDS_REVIEW,低,"无法明确归类，需人工判断"
8872,NEEDS_REVIEW,低,"无法明确归类，需人工判断"
8873,TRANSACTION,高,"包含明确的交易信息（金额/账单/到账/验证码）"
8874,NEEDS_REVIEW,高,"天气预报服务信息"
8875,NEEDS_REVIEW,高,"政府/公益/公共服务信息，无商业推广"
8876,TRANSACTION,高,"包含明确的交易信息（金额/账单/到账/验证码）"
8877,NEEDS_REVIEW,低,"无法明确归类，需人工判断"
8878,NEEDS_REVIEW,低,"无法明确归类，需人工判断"
8879,TRANSACTION,高,"运营商服务通知（流量/余额/账单/来电提醒）"
8880,TRANSACTION,中,"疑似交易/服务通知，需人工确认"
8881,TRANSACTION,高,"包含明确的交易信息（金额/账单/到账/验证码）"
8882,TRANSACTION,高,"保险/金融服务通知"
8883,TRANSACTION,高,"快递/物流服务通知"
8884,AD,中,"运营商营销推广"
8885,NEEDS_REVIEW,低,"无法明确归类，需人工判断"
8886,NEEDS_REVIEW,高,"天气预报服务信息"
8887,NEEDS_REVIEW,低,"无法明确归类，需人工判断"
8888,HARASS,高,"包含催收/威胁关键词"
8889,NEEDS_REVIEW,中,"服务评价邀请，边界模糊"
8890,NEEDS_REVIEW,低,"无法明确归类，需人工判断"
8891,NEEDS_REVIEW,高,"政府/公益信息"
8892,NEEDS_REVIEW,高,"天气预报服务信息"
8893,TRANSACTION,高,"快递/物流服务通知"
8894,NEEDS_REVIEW,低,"无法明确归类，需人工判断"
8895,TRANSACTION,中,"疑似交易/服务通知，需人工确认"
8896,AD,中,"教育培训推广"
8897,TRANSACTION,高,"包含明确的交易信息（金额/账单/到账/验证码）"
8898,NEEDS_REVIEW,低,"无法明确归类，需人工判断"
8899,TRANSACTION,中,"疑似交易/服务通知，需人工确认"
8900,TRANSACTION,中,"疑似交易/服务通知，需人工确认"
8901,NEEDS_REVIEW,低,"无法明确归类，需人工判断"
8902,AD,高,"包含多个广告特征"
8903,TRANSACTION,高,"运营商服务通知（流量/余额/账单/来电提醒）"
8904,AD,中,"医疗推广信息"
8905,AD,中,"医疗推广信息"
8906,AD,高,"贷款产品推广广告"
8907,TRANSACTION,中,"疑似交易/服务通知，需人工确认"
8908,AD,中,"教育培训推广"
8909,TRANSACTION,中,"疑似交易/服务通知，需人工确认"
8910,TRANSACTION,中,"车辆服务通知"
8911,TRANSACTION,中,"疑似交易/服务通知，需人工确认"
8912,AD,中,"运营商营销推广"
8913,NEEDS_REVIEW,高,"天气预报服务信息"
8914,AD,中,"医疗推广信息"
8915,TRANSACTION,中,"疑似交易/服务通知，需人工确认"
8916,AD,中,"运营商营销推广"
8917,NEEDS_REVIEW,高,"政府/公益/公共服务信息，无商业推广"
8918,NEEDS_REVIEW,低,"无法明确归类，需人工判断"
8919,TRANSACTION,中,"疑似交易/服务通知，需人工确认"
8920,TRANSACTION,中,"疑似交易/服务通知，需人工确认"
8921,TRANSACTION,中,"疑似交易/服务通知，需人工确认"
8922,TRANSACTION,高,"包含明确的交易信息（金额/账单/到账/验证码）"
8923,NEEDS_REVIEW,低,"无法明确归类，需人工判断"
8924,AD,高,"包含多个广告特征"
8925,NEEDS_REVIEW,高,"天气预报服务信息"
8926,NEEDS_REVIEW,高,"政府/公益/公共服务信息，无商业推广"
8927,TRANSACTION,高,"包含明确的交易信息（金额/账单/到账/验证码）"
8928,TRANSACTION,高,"运营商服务通知（流量/余额/账单/来电提醒）"
8929,TRANSACTION,中,"疑似交易/服务通知，需人工确认"
8930,TRANSACTION,高,"运营商服务通知（流量/余额/账单/来电提醒）"
8931,NEEDS_REVIEW,高,"政府/公益信息"
8932,TRANSACTION,高,"保险/金融服务通知"
8933,NEEDS_REVIEW,低,"无法明确归类，需人工判断"
8934,TRANSACTION,高,"运营商服务通知（流量/余额/账单/来电提醒）"
8935,TRANSACTION,高,"运营商服务通知（流量/余额/账单/来电提醒）"
8936,TRANSACTION,高,"运营商服务通知（流量/余额/账单/来电提醒）"
8937,TRANSACTION,高,"运营商服务通知（流量/余额/账单/来电提醒）"
8938,NEEDS_REVIEW,高,"天气预报服务信息"
8939,NEEDS_REVIEW,低,"无法明确归类，需人工判断"
8940,NEEDS_REVIEW,低,"无法明确归类，需人工判断"
8941,HARASS,高,"包含催收/威胁关键词"
8942,TRANSACTION,中,"疑似交易/服务通知，需人工确认"
8943,AD,中,"运营商营销推广"
8944,AD,中,"教育培训推广"
8945,AD,中,"运营商营销推广"
8946,TRANSACTION,中,"疑似交易/服务通知，需人工确认"
8947,TRANSACTION,中,"疑似交易/服务通知，需人工确认"
8948,TRANSACTION,中,"疑似交易/服务通知，需人工确认"
8949,TRANSACTION,中,"疑似交易/服务通知，需人工确认"
8950,TRANSACTION,中,"疑似交易/服务通知，需人工确认"
8951,TRANSACTION,中,"疑似交易/服务通知，需人工确认"
8952,TRANSACTION,高,"运营商服务通知（流量/余额/账单/来电提醒）"
8953,NEEDS_REVIEW,高,"天气预报服务信息"
8954,NEEDS_REVIEW,高,"天气预报服务信息"
8955,NEEDS_REVIEW,高,"政府/公益/公共服务信息，无商业推广"
8956,TRANSACTION,高,"运营商服务通知（流量/余额/账单/来电提醒）"
8957,NEEDS_REVIEW,低,"无法明确归类，需人工判断"
8958,TRANSACTION,高,"包含明确的交易信息（金额/账单/到账/验证码）"
8959,AD,中,"运营商营销推广"
8960,NEEDS_REVIEW,高,"天气预报服务信息"
8961,AD,中,"运营商营销推广"
8962,NEEDS_REVIEW,高,"天气预报服务信息"
8963,AD,中,"医疗推广信息"
8964,TRANSACTION,中,"疑似交易/服务通知，需人工确认"
8965,AD,高,"包含多个广告特征"
8966,NEEDS_REVIEW,低,"无法明确归类，需人工判断"
8967,AD,高,"包含多个广告特征"
8968,TRANSACTION,高,"运营商服务通知（流量/余额/账单/来电提醒）"
8969,TRANSACTION,高,"运营商服务通知（流量/余额/账单/来电提醒）"
8970,TRANSACTION,高,"运营商服务通知（流量/余额/账单/来电提醒）"
8971,NEEDS_REVIEW,低,"无法明确归类，需人工判断"
8972,NEEDS_REVIEW,低,"无法明确归类，需人工判断"
8973,AD,高,"包含多个广告特征"
8974,NEEDS_REVIEW,低,"无法明确归类，需人工判断"
8975,TRANSACTION,高,"运营商服务通知（流量/余额/账单/来电提醒）"
8976,NEEDS_REVIEW,低,"无法明确归类，需人工判断"
8977,TRANSACTION,高,"运营商服务通知（流量/余额/账单/来电提醒）"
8978,TRANSACTION,中,"疑似交易/服务通知，需人工确认"
8979,TRANSACTION,中,"疑似交易/服务通知，需人工确认"
8980,NEEDS_REVIEW,低,"无法明确归类，需人工判断"
8981,TRANSACTION,高,"包含明确的交易信息（金额/账单/到账/验证码）"
8982,TRANSACTION,中,"疑似交易/服务通知，需人工确认"
8983,NEEDS_REVIEW,低,"无法明确归类，需人工判断"
8984,TRANSACTION,中,"疑似交易/服务通知，需人工确认"
8985,AD,中,"运营商营销推广"
8986,AD,中,"运营商营销推广"
8987,NEEDS_REVIEW,低,"无法明确归类，需人工判断"
8988,NEEDS_REVIEW,低,"无法明确归类，需人工判断"
8989,AD,高,"贷款产品推广广告"
8990,NEEDS_REVIEW,低,"无法明确归类，需人工判断"
8991,TRANSACTION,中,"疑似交易/服务通知，需人工确认"
8992,NEEDS_REVIEW,低,"无法明确归类，需人工判断"
8993,NEEDS_REVIEW,低,"无法明确归类，需人工判断"
8994,TRANSACTION,中,"疑似交易/服务通知，需人工确认"
8995,TRANSACTION,中,"疑似交易/服务通知，需人工确认"
8996,TRANSACTION,中,"疑似交易/服务通知，需人工确认"
8997,TRANSACTION,高,"保险/金融服务通知"
8998,TRANSACTION,高,"运营商服务通知（流量/余额/账单/来电提醒）"
8999,TRANSACTION,高,"运营商服务通知（流量/余额/账单/来电提醒）"
9000,NEEDS_REVIEW,高,"天气预报服务信息"
9001,NEEDS_REVIEW,高,"天气预报服务信息"
9002,TRANSACTION,中,"疑似交易/服务通知，需人工确认"
9003,NEEDS_REVIEW,高,"天气预报服务信息"
9004,TRANSACTION,中,"疑似交易/服务通知，需人工确认"
9005,TRANSACTION,高,"快递/物流服务通知"
9006,NEEDS_REVIEW,高,"政府/公益信息"
9007,AD,高,"包含多个广告特征"
9008,TRANSACTION,高,"快递/物流服务通知"
9009,TRANSACTION,高,"运营商服务通知（流量/余额/账单/来电提醒）"
9010,TRANSACTION,中,"疑似交易/服务通知，需人工确认"
9011,TRANSACTION,高,"快递/物流服务通知"
9012,AD,中,"运营商营销推广"
9013,NEEDS_REVIEW,低,"无法明确归类，需人工判断"
9014,NEEDS_REVIEW,低,"无法明确归类，需人工判断"
9015,TRANSACTION,中,"疑似交易/服务通知，需人工确认"
9016,TRANSACTION,中,"疑似交易/服务通知，需人工确认"
9017,NEEDS_REVIEW,低,"无法明确归类，需人工判断"
9018,TRANSACTION,高,"运营商服务通知（流量/余额/账单/来电提醒）"
9019,TRANSACTION,中,"疑似交易/服务通知，需人工确认"
9020,NEEDS_REVIEW,低,"无法明确归类，需人工判断"
9021,NEEDS_REVIEW,低,"无法明确归类，需人工判断"
9022,AD,中,"医疗推广信息"
9023,NEEDS_REVIEW,低,"无法明确归类，需人工判断"
9024,NEEDS_REVIEW,低,"无法明确归类，需人工判断"
9025,NEEDS_REVIEW,低,"无法明确归类，需人工判断"
9026,TRANSACTION,中,"疑似交易/服务通知，需人工确认"
9027,TRANSACTION,中,"疑似交易/服务通知，需人工确认"
9028,TRANSACTION,高,"保险/金融服务通知"
9029,TRANSACTION,中,"疑似交易/服务通知，需人工确认"
9030,NEEDS_REVIEW,低,"无法明确归类，需人工判断"
9031,TRANSACTION,高,"包含明确的交易信息（金额/账单/到账/验证码）"
9032,TRANSACTION,高,"运营商服务通知（流量/余额/账单/来电提醒）"
9033,TRANSACTION,高,"包含明确的交易信息（金额/账单/到账/验证码）"
9034,HARASS,高,"包含催收/威胁关键词"
9035,TRANSACTION,高,"包含明确的交易信息（金额/账单/到账/验证码）"
9036,TRANSACTION,中,"疑似交易/服务通知，需人工确认"
9037,AD,高,"贷款产品推广广告"
9038,TRANSACTION,高,"运营商服务通知（流量/余额/账单/来电提醒）"
9039,TRANSACTION,中,"疑似交易/服务通知，需人工确认"
9040,TRANSACTION,中,"疑似交易/服务通知，需人工确认"
9041,NEEDS_REVIEW,高,"天气预报服务信息"
9042,NEEDS_REVIEW,高,"政府/公益/公共服务信息，无商业推广"
9043,TRANSACTION,高,"运营商服务通知（流量/余额/账单/来电提醒）"
9044,TRANSACTION,高,"快递/物流服务通知"
9045,AD,中,"运营商营销推广"
9046,AD,中,"运营商营销推广"
9047,AD,高,"包含多个广告特征"
9048,TRANSACTION,高,"运营商服务通知（流量/余额/账单/来电提醒）"
9049,NEEDS_REVIEW,低,"无法明确归类，需人工判断"
9050,TRANSACTION,中,"疑似交易/服务通知，需人工确认"
9051,NEEDS_REVIEW,高,"天气预报服务信息"
9052,TRANSACTION,高,"包含明确的交易信息（金额/账单/到账/验证码）"
9053,TRANSACTION,高,"运营商服务通知（流量/余额/账单/来电提醒）"
9054,TRANSACTION,高,"快递/物流服务通知"
9055,NEEDS_REVIEW,低,"无法明确归类，需人工判断"
9056,NEEDS_REVIEW,高,"政府/公益/公共服务信息，无商业推广"
9057,NEEDS_REVIEW,高,"政府/公益/公共服务信息，无商业推广"
9058,TRANSACTION,中,"疑似交易/服务通知，需人工确认"
9059,AD,中,"教育培训推广"
9060,TRANSACTION,中,"疑似交易/服务通知，需人工确认"
9061,NEEDS_REVIEW,高,"天气预报服务信息"
9062,TRANSACTION,高,"包含明确的交易信息（金额/账单/到账/验证码）"
9063,TRANSACTION,中,"疑似交易/服务通知，需人工确认"
9064,TRANSACTION,中,"疑似交易/服务通知，需人工确认"
9065,NEEDS_REVIEW,低,"无法明确归类，需人工判断"
9066,AD,中,"教育培训推广"
9067,AD,中,"教育培训推广"
9068,TRANSACTION,高,"包含明确的交易信息（金额/账单/到账/验证码）"
9069,TRANSACTION,高,"运营商服务通知（流量/余额/账单/来电提醒）"
9070,TRANSACTION,高,"快递/物流服务通知"
9071,TRANSACTION,高,"快递/物流服务通知"
9072,TRANSACTION,高,"快递/物流服务通知"
9073,TRANSACTION,高,"保险/金融服务通知"
9074,TRANSACTION,高,"包含明确的交易信息（金额/账单/到账/验证码）"
9075,TRANSACTION,中,"疑似交易/服务通知，需人工确认"
9076,TRANSACTION,高,"运营商服务通知（流量/余额/账单/来电提醒）"
9077,TRANSACTION,高,"运营商服务通知（流量/余额/账单/来电提醒）"
9078,TRANSACTION,中,"疑似交易/服务通知，需人工确认"
9079,NEEDS_REVIEW,低,"无法明确归类，需人工判断"
9080,NEEDS_REVIEW,低,"无法明确归类，需人工判断"
9081,AD,高,"包含多个广告特征"
9082,AD,中,"医疗推广信息"
9083,TRANSACTION,高,"快递/物流服务通知"
9084,TRANSACTION,中,"疑似交易/服务通知，需人工确认"
9085,NEEDS_REVIEW,高,"政府/公益信息"
9086,TRANSACTION,高,"快递/物流服务通知"
9087,TRANSACTION,中,"疑似交易/服务通知，需人工确认"
9088,TRANSACTION,中,"疑似交易/服务通知，需人工确认"
9089,TRANSACTION,中,"疑似交易/服务通知，需人工确认"
9090,NEEDS_REVIEW,低,"无法明确归类，需人工判断"
9091,TRANSACTION,高,"运营商服务通知（流量/余额/账单/来电提醒）"
9092,AD,中,"运营商营销推广"
9093,TRANSACTION,中,"疑似交易/服务通知，需人工确认"
9094,HARASS,高,"包含催收/威胁关键词"
9095,NEEDS_REVIEW,高,"天气预报服务信息"
9096,TRANSACTION,高,"包含明确的交易信息（金额/账单/到账/验证码）"
9097,TRANSACTION,中,"疑似交易/服务通知，需人工确认"
9098,NEEDS_REVIEW,高,"政府/公益/公共服务信息，无商业推广"
9099,AD,中,"运营商营销推广"
9100,AD,中,"运营商营销推广"
9101,NEEDS_REVIEW,低,"无法明确归类，需人工判断"
9102,NEEDS_REVIEW,低,"无法明确归类，需人工判断"
9103,NEEDS_REVIEW,高,"政府/公益/公共服务信息，无商业推广"
9104,NEEDS_REVIEW,高,"天气预报服务信息"
9105,NEEDS_REVIEW,高,"天气预报服务信息"
9106,AD,中,"教育培训推广"
9107,TRANSACTION,高,"包含明确的交易信息（金额/账单/到账/验证码）"
9108,TRANSACTION,中,"疑似交易/服务通知，需人工确认"
9109,NEEDS_REVIEW,高,"天气预报服务信息"
9110,NEEDS_REVIEW,低,"无法明确归类，需人工判断"
9111,TRANSACTION,高,"包含明确的交易信息（金额/账单/到账/验证码）"
9112,NEEDS_REVIEW,低,"无法明确归类，需人工判断"
9113,NEEDS_REVIEW,低,"无法明确归类，需人工判断"
9114,TRANSACTION,高,"运营商服务通知（流量/余额/账单/来电提醒）"
9115,AD,高,"产品营销广告"
9116,AD,高,"贷款产品推广广告"
9117,TRANSACTION,高,"包含明确的交易信息（金额/账单/到账/验证码）"
9118,TRANSACTION,中,"疑似交易/服务通知，需人工确认"
9119,TRANSACTION,中,"疑似交易/服务通知，需人工确认"
9120,NEEDS_REVIEW,高,"天气预报服务信息"
9121,TRANSACTION,中,"疑似交易/服务通知，需人工确认"
9122,TRANSACTION,中,"疑似交易/服务通知，需人工确认"
9123,NEEDS_REVIEW,低,"无法明确归类，需人工判断"
9124,TRANSACTION,高,"包含明确的交易信息（金额/账单/到账/验证码）"
9125,TRANSACTION,高,"快递/物流服务通知"
9126,TRANSACTION,中,"疑似交易/服务通知，需人工确认"
9127,TRANSACTION,高,"包含明确的交易信息（金额/账单/到账/验证码）"
9128,NEEDS_REVIEW,高,"政府/公益/公共服务信息，无商业推广"
9129,TRANSACTION,高,"包含明确的交易信息（金额/账单/到账/验证码）"
9130,TRANSACTION,高,"运营商服务通知（流量/余额/账单/来电提醒）"
9131,AD,高,"贷款产品推广广告"
9132,TRANSACTION,高,"快递/物流服务通知"
9133,NEEDS_REVIEW,低,"无法明确归类，需人工判断"
9134,TRANSACTION,中,"疑似交易/服务通知，需人工确认"
9135,NEEDS_REVIEW,低,"无法明确归类，需人工判断"
9136,TRANSACTION,高,"包含明确的交易信息（金额/账单/到账/验证码）"
9137,TRANSACTION,高,"包含明确的交易信息（金额/账单/到账/验证码）"
9138,AD,高,"贷款产品推广广告"
9139,TRANSACTION,高,"运营商服务通知（流量/余额/账单/来电提醒）"
9140,TRANSACTION,高,"运营商服务通知（流量/余额/账单/来电提醒）"
9141,TRANSACTION,高,"运营商服务通知（流量/余额/账单/来电提醒）"
9142,NEEDS_REVIEW,低,"无法明确归类，需人工判断"
9143,TRANSACTION,高,"快递/物流服务通知"
9144,AD,高,"贷款产品推广广告"
9145,TRANSACTION,高,"包含明确的交易信息（金额/账单/到账/验证码）"
9146,NEEDS_REVIEW,低,"无法明确归类，需人工判断"
9147,TRANSACTION,高,"运营商服务通知（流量/余额/账单/来电提醒）"
9148,AD,中,"运营商营销推广"
9149,TRANSACTION,高,"运营商服务通知（流量/余额/账单/来电提醒）"
9150,TRANSACTION,高,"快递/物流服务通知"
9151,TRANSACTION,高,"包含明确的交易信息（金额/账单/到账/验证码）"
9152,TRANSACTION,高,"快递/物流服务通知"
9153,NEEDS_REVIEW,低,"无法明确归类，需人工判断"
9154,TRANSACTION,高,"包含明确的交易信息（金额/账单/到账/验证码）"
9155,TRANSACTION,中,"疑似交易/服务通知，需人工确认"
9156,TRANSACTION,中,"疑似交易/服务通知，需人工确认"
9157,TRANSACTION,中,"疑似交易/服务通知，需人工确认"
9158,TRANSACTION,高,"运营商服务通知（流量/余额/账单/来电提醒）"
9159,NEEDS_REVIEW,低,"无法明确归类，需人工判断"
9160,NEEDS_REVIEW,低,"无法明确归类，需人工判断"
9161,NEEDS_REVIEW,低,"无法明确归类，需人工判断"
9162,NEEDS_REVIEW,低,"无法明确归类，需人工判断"
9163,TRANSACTION,高,"快递/物流服务通知"
9164,NEEDS_REVIEW,高,"天气预报服务信息"
9165,TRANSACTION,高,"包含明确的交易信息（金额/账单/到账/验证码）"
9166,TRANSACTION,中,"疑似交易/服务通知，需人工确认"
9167,AD,中,"医疗推广信息"
9168,TRANSACTION,高,"运营商服务通知（流量/余额/账单/来电提醒）"
9169,TRANSACTION,中,"疑似交易/服务通知，需人工确认"
9170,TRANSACTION,高,"包含明确的交易信息（金额/账单/到账/验证码）"
9171,TRANSACTION,中,"疑似交易/服务通知，需人工确认"
9172,NEEDS_REVIEW,低,"无法明确归类，需人工判断"
9173,TRANSACTION,高,"快递/物流服务通知"
9174,NEEDS_REVIEW,高,"政府/公益/公共服务信息，无商业推广"
9175,TRANSACTION,中,"疑似交易/服务通知，需人工确认"
9176,AD,中,"运营商营销推广"
9177,AD,中,"医疗推广信息"
9178,TRANSACTION,高,"包含明确的交易信息（金额/账单/到账/验证码）"
9179,TRANSACTION,高,"快递/物流服务通知"
9180,NEEDS_REVIEW,低,"无法明确归类，需人工判断"
9181,TRANSACTION,中,"疑似交易/服务通知，需人工确认"
9182,TRANSACTION,高,"快递/物流服务通知"
9183,AD,中,"教育培训推广"
9184,TRANSACTION,高,"运营商服务通知（流量/余额/账单/来电提醒）"
9185,TRANSACTION,高,"运营商服务通知（流量/余额/账单/来电提醒）"
9186,TRANSACTION,高,"包含明确的交易信息（金额/账单/到账/验证码）"
9187,TRANSACTION,中,"疑似交易/服务通知，需人工确认"
9188,TRANSACTION,高,"包含明确的交易信息（金额/账单/到账/验证码）"
9189,TRANSACTION,高,"保险/金融服务通知"
9190,NEEDS_REVIEW,低,"无法明确归类，需人工判断"
9191,TRANSACTION,高,"包含明确的交易信息（金额/账单/到账/验证码）"
9192,AD,中,"运营商营销推广"
9193,NEEDS_REVIEW,低,"无法明确归类，需人工判断"
9194,TRANSACTION,中,"疑似交易/服务通知，需人工确认"
9195,NEEDS_REVIEW,低,"无法明确归类，需人工判断"
9196,NEEDS_REVIEW,低,"无法明确归类，需人工判断"
9197,TRANSACTION,中,"疑似交易/服务通知，需人工确认"
9198,TRANSACTION,高,"快递/物流服务通知"
9199,TRANSACTION,中,"疑似交易/服务通知，需人工确认"
9200,NEEDS_REVIEW,低,"无法明确归类，需人工判断"
9201,AD,高,"包含多个广告特征"
9202,TRANSACTION,高,"包含明确的交易信息（金额/账单/到账/验证码）"
9203,TRANSACTION,中,"疑似交易/服务通知，需人工确认"
9204,TRANSACTION,中,"疑似交易/服务通知，需人工确认"
9205,TRANSACTION,高,"包含明确的交易信息（金额/账单/到账/验证码）"
9206,NEEDS_REVIEW,中,"服务评价邀请，边界模糊"
9207,TRANSACTION,高,"快递/物流服务通知"
9208,AD,中,"医疗推广信息"
9209,TRANSACTION,高,"运营商服务通知（流量/余额/账单/来电提醒）"
9210,AD,中,"医疗推广信息"
9211,NEEDS_REVIEW,低,"无法明确归类，需人工判断"
9212,AD,中,"运营商营销推广"
9213,TRANSACTION,高,"运营商服务通知（流量/余额/账单/来电提醒）"
9214,NEEDS_REVIEW,低,"无法明确归类，需人工判断"
9215,NEEDS_REVIEW,低,"无法明确归类，需人工判断"
9216,AD,中,"医疗推广信息"
9217,TRANSACTION,高,"保险/金融服务通知"
9218,TRANSACTION,高,"运营商服务通知（流量/余额/账单/来电提醒）"
9219,NEEDS_REVIEW,低,"无法明确归类，需人工判断"
9220,TRANSACTION,高,"运营商服务通知（流量/余额/账单/来电提醒）"
9221,NEEDS_REVIEW,高,"天气预报服务信息"
9222,AD,高,"包含多个广告特征"
9223,TRANSACTION,高,"运营商服务通知（流量/余额/账单/来电提醒）"
9224,TRANSACTION,高,"运营商服务通知（流量/余额/账单/来电提醒）"
9225,AD,中,"运营商营销推广"
9226,NEEDS_REVIEW,高,"政府/公益/公共服务信息，无商业推广"
9227,TRANSACTION,中,"疑似交易/服务通知，需人工确认"
9228,NEEDS_REVIEW,低,"无法明确归类，需人工判断"
9229,TRANSACTION,中,"疑似交易/服务通知，需人工确认"
9230,AD,高,"包含多个广告特征"
9231,NEEDS_REVIEW,低,"无法明确归类，需人工判断"
9232,TRANSACTION,中,"疑似交易/服务通知，需人工确认"
9233,TRANSACTION,高,"包含明确的交易信息（金额/账单/到账/验证码）"
9234,NEEDS_REVIEW,低,"无法明确归类，需人工判断"
9235,HARASS,高,"包含催收/威胁关键词"
9236,AD,中,"医疗推广信息"
9237,TRANSACTION,中,"疑似交易/服务通知，需人工确认"
9238,TRANSACTION,高,"快递/物流服务通知"
9239,NEEDS_REVIEW,高,"政府/公益/公共服务信息，无商业推广"
9240,TRANSACTION,高,"包含明确的交易信息（金额/账单/到账/验证码）"
9241,TRANSACTION,中,"疑似交易/服务通知，需人工确认"
9242,NEEDS_REVIEW,低,"无法明确归类，需人工判断"
9243,HARASS,高,"包含催收/威胁关键词"
9244,NEEDS_REVIEW,低,"无法明确归类，需人工判断"
9245,HARASS,高,"匹配催收模式"
9246,TRANSACTION,高,"保险/金融服务通知"
9247,TRANSACTION,中,"疑似交易/服务通知，需人工确认"
9248,TRANSACTION,中,"疑似交易/服务通知，需人工确认"
9249,TRANSACTION,高,"包含明确的交易信息（金额/账单/到账/验证码）"
9250,TRANSACTION,高,"快递/物流服务通知"
9251,TRANSACTION,中,"疑似交易/服务通知，需人工确认"
9252,NEEDS_REVIEW,高,"政府/公益信息"
9253,NEEDS_REVIEW,低,"无法明确归类，需人工判断"
9254,TRANSACTION,中,"疑似交易/服务通知，需人工确认"
9255,NEEDS_REVIEW,高,"政府/公益/公共服务信息，无商业推广"
9256,TRANSACTION,高,"包含明确的交易信息（金额/账单/到账/验证码）"
9257,TRANSACTION,高,"包含明确的交易信息（金额/账单/到账/验证码）"
9258,AD,中,"运营商营销推广"
9259,NEEDS_REVIEW,高,"天气预报服务信息"
9260,TRANSACTION,高,"包含明确的交易信息（金额/账单/到账/验证码）"
9261,NEEDS_REVIEW,低,"无法明确归类，需人工判断"
9262,TRANSACTION,中,"疑似交易/服务通知，需人工确认"
9263,NEEDS_REVIEW,高,"政府/公益/公共服务信息，无商业推广"
9264,NEEDS_REVIEW,低,"无法明确归类，需人工判断"
9265,TRANSACTION,高,"运营商服务通知（流量/余额/账单/来电提醒）"
9266,TRANSACTION,高,"包含明确的交易信息（金额/账单/到账/验证码）"
9267,TRANSACTION,中,"疑似交易/服务通知，需人工确认"
9268,TRANSACTION,高,"包含明确的交易信息（金额/账单/到账/验证码）"
9269,AD,中,"运营商营销推广"
9270,TRANSACTION,中,"疑似交易/服务通知，需人工确认"
9271,TRANSACTION,高,"运营商服务通知（流量/余额/账单/来电提醒）"
9272,TRANSACTION,中,"疑似交易/服务通知，需人工确认"
9273,NEEDS_REVIEW,低,"无法明确归类，需人工判断"
9274,NEEDS_REVIEW,中,"工作/业务通知，需人工判断"
9275,NEEDS_REVIEW,高,"政府/公益信息"
9276,TRANSACTION,中,"疑似交易/服务通知，需人工确认"
9277,TRANSACTION,中,"疑似交易/服务通知，需人工确认"
9278,TRANSACTION,中,"疑似交易/服务通知，需人工确认"
9279,TRANSACTION,中,"疑似交易/服务通知，需人工确认"
9280,NEEDS_REVIEW,低,"无法明确归类，需人工判断"
9281,TRANSACTION,中,"疑似交易/服务通知，需人工确认"
9282,NEEDS_REVIEW,高,"政府/公益/公共服务信息，无商业推广"
9283,AD,中,"运营商营销推广"
9284,TRANSACTION,高,"快递/物流服务通知"
9285,TRANSACTION,中,"疑似交易/服务通知，需人工确认"
9286,TRANSACTION,中,"疑似交易/服务通知，需人工确认"
9287,TRANSACTION,高,"包含明确的交易信息（金额/账单/到账/验证码）"
9288,TRANSACTION,中,"疑似交易/服务通知，需人工确认"
9289,NEEDS_REVIEW,低,"无法明确归类，需人工判断"
9290,TRANSACTION,高,"运营商服务通知（流量/余额/账单/来电提醒）"
9291,NEEDS_REVIEW,低,"无法明确归类，需人工判断"
9292,NEEDS_REVIEW,高,"政府/公益/公共服务信息，无商业推广"
9293,TRANSACTION,中,"疑似交易/服务通知，需人工确认"
9294,TRANSACTION,高,"快递/物流服务通知"
9295,NEEDS_REVIEW,高,"政府/公益信息"
9296,TRANSACTION,中,"疑似交易/服务通知，需人工确认"
9297,TRANSACTION,中,"疑似交易/服务通知，需人工确认"
9298,TRANSACTION,高,"包含明确的交易信息（金额/账单/到账/验证码）"
9299,TRANSACTION,中,"疑似交易/服务通知，需人工确认"
9300,AD,中,"医疗推广信息"
9301,NEEDS_REVIEW,高,"政府/公益信息"
9302,TRANSACTION,高,"快递/物流服务通知"
9303,NEEDS_REVIEW,低,"无法明确归类，需人工判断"
9304,TRANSACTION,中,"疑似交易/服务通知，需人工确认"
9305,AD,中,"运营商营销推广"
9306,TRANSACTION,中,"疑似交易/服务通知，需人工确认"
9307,AD,中,"医疗推广信息"
9308,NEEDS_REVIEW,高,"天气预报服务信息"
9309,TRANSACTION,高,"快递/物流服务通知"
9310,TRANSACTION,中,"疑似交易/服务通知，需人工确认"
9311,TRANSACTION,高,"保险/金融服务通知"
9312,TRANSACTION,中,"疑似交易/服务通知，需人工确认"
9313,TRANSACTION,中,"疑似交易/服务通知，需人工确认"
9314,NEEDS_REVIEW,高,"天气预报服务信息"
9315,TRANSACTION,中,"疑似交易/服务通知，需人工确认"
9316,TRANSACTION,高,"保险/金融服务通知"
9317,TRANSACTION,中,"疑似交易/服务通知，需人工确认"
9318,NEEDS_REVIEW,低,"无法明确归类，需人工判断"
9319,TRANSACTION,中,"疑似交易/服务通知，需人工确认"
9320,NEEDS_REVIEW,低,"无法明确归类，需人工判断"
9321,NEEDS_REVIEW,高,"政府/公益/公共服务信息，无商业推广"
9322,TRANSACTION,中,"疑似交易/服务通知，需人工确认"
9323,TRANSACTION,高,"快递/物流服务通知"
9324,AD,中,"医疗推广信息"
9325,NEEDS_REVIEW,高,"政府/公益信息"
9326,TRANSACTION,中,"疑似交易/服务通知，需人工确认"
9327,NEEDS_REVIEW,高,"政府/公益/公共服务信息，无商业推广"
9328,NEEDS_REVIEW,低,"无法明确归类，需人工判断"
9329,NEEDS_REVIEW,高,"政府/公益/公共服务信息，无商业推广"
9330,TRANSACTION,高,"快递/物流服务通知"
9331,NEEDS_REVIEW,低,"无法明确归类，需人工判断"
9332,TRANSACTION,中,"疑似交易/服务通知，需人工确认"
9333,TRANSACTION,中,"疑似交易/服务通知，需人工确认"
9334,AD,中,"运营商营销推广"
9335,NEEDS_REVIEW,低,"无法明确归类，需人工判断"
9336,AD,中,"医疗推广信息"
9337,TRANSACTION,中,"疑似交易/服务通知，需人工确认"
9338,TRANSACTION,中,"疑似交易/服务通知，需人工确认"
9339,TRANSACTION,中,"疑似交易/服务通知，需人工确认"
9340,NEEDS_REVIEW,低,"无法明确归类，需人工判断"
9341,NEEDS_REVIEW,高,"政府/公益/公共服务信息，无商业推广"
9342,TRANSACTION,高,"运营商服务通知（流量/余额/账单/来电提醒）"
9343,TRANSACTION,中,"疑似交易/服务通知，需人工确认"
9344,NEEDS_REVIEW,低,"无法明确归类，需人工判断"
9345,NEEDS_REVIEW,低,"无法明确归类，需人工判断"
9346,AD,高,"包含多个广告特征"
9347,TRANSACTION,中,"疑似交易/服务通知，需人工确认"
9348,TRANSACTION,中,"疑似交易/服务通知，需人工确认"
9349,NEEDS_REVIEW,低,"无法明确归类，需人工判断"
9350,NEEDS_REVIEW,低,"无法明确归类，需人工判断"
9351,NEEDS_REVIEW,低,"无法明确归类，需人工判断"
9352,TRANSACTION,中,"疑似交易/服务通知，需人工确认"
9353,TRANSACTION,中,"疑似交易/服务通知，需人工确认"
9354,TRANSACTION,高,"快递/物流服务通知"
9355,TRANSACTION,中,"疑似交易/服务通知，需人工确认"
9356,NEEDS_REVIEW,高,"政府/公益/公共服务信息，无商业推广"
9357,NEEDS_REVIEW,低,"无法明确归类，需人工判断"
9358,TRANSACTION,中,"疑似交易/服务通知，需人工确认"
9359,AD,中,"运营商营销推广"
9360,TRANSACTION,高,"包含明确的交易信息（金额/账单/到账/验证码）"
9361,TRANSACTION,高,"运营商服务通知（流量/余额/账单/来电提醒）"
9362,NEEDS_REVIEW,高,"天气预报服务信息"
9363,TRANSACTION,高,"运营商服务通知（流量/余额/账单/来电提醒）"
9364,NEEDS_REVIEW,低,"无法明确归类，需人工判断"
9365,TRANSACTION,高,"包含明确的交易信息（金额/账单/到账/验证码）"
9366,TRANSACTION,高,"运营商服务通知（流量/余额/账单/来电提醒）"
9367,TRANSACTION,高,"运营商服务通知（流量/余额/账单/来电提醒）"
9368,TRANSACTION,中,"疑似交易/服务通知，需人工确认"
9369,TRANSACTION,高,"运营商服务通知（流量/余额/账单/来电提醒）"
9370,TRANSACTION,高,"运营商服务通知（流量/余额/账单/来电提醒）"
9371,NEEDS_REVIEW,中,"服务评价邀请，边界模糊"
9372,AD,中,"教育培训推广"
9373,TRANSACTION,中,"疑似交易/服务通知，需人工确认"
9374,TRANSACTION,高,"包含明确的交易信息（金额/账单/到账/验证码）"
9375,TRANSACTION,高,"包含明确的交易信息（金额/账单/到账/验证码）"
9376,TRANSACTION,中,"疑似交易/服务通知，需人工确认"
9377,NEEDS_REVIEW,低,"无法明确归类，需人工判断"
9378,TRANSACTION,中,"疑似交易/服务通知，需人工确认"
9379,TRANSACTION,高,"运营商服务通知（流量/余额/账单/来电提醒）"
9380,TRANSACTION,高,"运营商服务通知（流量/余额/账单/来电提醒）"
9381,TRANSACTION,高,"保险/金融服务通知"
9382,TRANSACTION,高,"快递/物流服务通知"
9383,NEEDS_REVIEW,低,"无法明确归类，需人工判断"
9384,HARASS,高,"包含催收/威胁关键词"
9385,NEEDS_REVIEW,低,"无法明确归类，需人工判断"
9386,TRANSACTION,高,"快递/物流服务通知"
9387,TRANSACTION,中,"疑似交易/服务通知，需人工确认"
9388,TRANSACTION,高,"包含明确的交易信息（金额/账单/到账/验证码）"
9389,TRANSACTION,高,"运营商服务通知（流量/余额/账单/来电提醒）"
9390,NEEDS_REVIEW,低,"无法明确归类，需人工判断"
9391,AD,中,"医疗推广信息"
9392,TRANSACTION,中,"疑似交易/服务通知，需人工确认"
9393,NEEDS_REVIEW,中,"工作/业务通知，需人工判断"
9394,TRANSACTION,中,"疑似交易/服务通知，需人工确认"
9395,TRANSACTION,高,"快递/物流服务通知"
9396,TRANSACTION,中,"疑似交易/服务通知，需人工确认"
9397,AD,高,"包含多个广告特征"
9398,TRANSACTION,高,"快递/物流服务通知"
9399,TRANSACTION,高,"快递/物流服务通知"
9400,TRANSACTION,中,"疑似交易/服务通知，需人工确认"
9401,AD,中,"运营商营销推广"
9402,TRANSACTION,中,"疑似交易/服务通知，需人工确认"
9403,NEEDS_REVIEW,低,"无法明确归类，需人工判断"
9404,TRANSACTION,中,"疑似交易/服务通知，需人工确认"
9405,NEEDS_REVIEW,高,"天气预报服务信息"
9406,TRANSACTION,高,"包含明确的交易信息（金额/账单/到账/验证码）"
9407,TRANSACTION,中,"疑似交易/服务通知，需人工确认"
9408,AD,高,"包含多个广告特征"
9409,TRANSACTION,中,"疑似交易/服务通知，需人工确认"
9410,TRANSACTION,高,"运营商服务通知（流量/余额/账单/来电提醒）"
9411,TRANSACTION,中,"疑似交易/服务通知，需人工确认"
9412,NEEDS_REVIEW,高,"政府/公益信息"
9413,TRANSACTION,高,"运营商服务通知（流量/余额/账单/来电提醒）"
9414,NEEDS_REVIEW,低,"无法明确归类，需人工判断"
9415,TRANSACTION,高,"快递/物流服务通知"
9416,NEEDS_REVIEW,高,"天气预报服务信息"
9417,TRANSACTION,高,"包含明确的交易信息（金额/账单/到账/验证码）"
9418,NEEDS_REVIEW,低,"无法明确归类，需人工判断"
9419,NEEDS_REVIEW,低,"无法明确归类，需人工判断"
9420,TRANSACTION,中,"疑似交易/服务通知，需人工确认"
9421,NEEDS_REVIEW,低,"无法明确归类，需人工判断"
9422,NEEDS_REVIEW,高,"天气预报服务信息"
9423,TRANSACTION,高,"包含明确的交易信息（金额/账单/到账/验证码）"
9424,AD,中,"医疗推广信息"
9425,TRANSACTION,高,"快递/物流服务通知"
9426,NEEDS_REVIEW,低,"无法明确归类，需人工判断"
9427,TRANSACTION,高,"快递/物流服务通知"
9428,NEEDS_REVIEW,高,"政府/公益/公共服务信息，无商业推广"
9429,AD,中,"运营商营销推广"
9430,TRANSACTION,高,"包含明确的交易信息（金额/账单/到账/验证码）"
9431,TRANSACTION,高,"包含明确的交易信息（金额/账单/到账/验证码）"
9432,NEEDS_REVIEW,低,"无法明确归类，需人工判断"
9433,NEEDS_REVIEW,低,"无法明确归类，需人工判断"
9434,TRANSACTION,中,"疑似交易/服务通知，需人工确认"
9435,TRANSACTION,高,"快递/物流服务通知"
9436,NEEDS_REVIEW,高,"政府/公益/公共服务信息，无商业推广"
9437,NEEDS_REVIEW,高,"天气预报服务信息"
9438,AD,高,"包含多个广告特征"
9439,TRANSACTION,高,"运营商服务通知（流量/余额/账单/来电提醒）"
9440,TRANSACTION,高,"运营商服务通知（流量/余额/账单/来电提醒）"
9441,TRANSACTION,高,"快递/物流服务通知"
9442,TRANSACTION,高,"快递/物流服务通知"
9443,NEEDS_REVIEW,低,"无法明确归类，需人工判断"
9444,TRANSACTION,高,"快递/物流服务通知"
9445,TRANSACTION,高,"快递/物流服务通知"
9446,AD,高,"包含多个广告特征"
9447,NEEDS_REVIEW,低,"无法明确归类，需人工判断"
9448,TRANSACTION,高,"运营商服务通知（流量/余额/账单/来电提醒）"
9449,TRANSACTION,中,"疑似交易/服务通知，需人工确认"
9450,TRANSACTION,中,"疑似交易/服务通知，需人工确认"
9451,AD,中,"医疗推广信息"
9452,TRANSACTION,高,"运营商服务通知（流量/余额/账单/来电提醒）"
9453,TRANSACTION,高,"包含明确的交易信息（金额/账单/到账/验证码）"
9454,TRANSACTION,高,"快递/物流服务通知"
9455,NEEDS_REVIEW,低,"无法明确归类，需人工判断"
9456,TRANSACTION,高,"快递/物流服务通知"
9457,TRANSACTION,高,"包含明确的交易信息（金额/账单/到账/验证码）"
9458,TRANSACTION,中,"疑似交易/服务通知，需人工确认"
9459,NEEDS_REVIEW,低,"无法明确归类，需人工判断"
9460,AD,中,"运营商营销推广"
9461,TRANSACTION,高,"快递/物流服务通知"
9462,TRANSACTION,高,"保险/金融服务通知"
9463,TRANSACTION,高,"保险/金融服务通知"
9464,AD,中,"运营商营销推广"
9465,NEEDS_REVIEW,低,"无法明确归类，需人工判断"
9466,TRANSACTION,高,"包含明确的交易信息（金额/账单/到账/验证码）"
9467,TRANSACTION,中,"疑似交易/服务通知，需人工确认"
9468,TRANSACTION,高,"包含明确的交易信息（金额/账单/到账/验证码）"
9469,NEEDS_REVIEW,低,"无法明确归类，需人工判断"
9470,NEEDS_REVIEW,低,"无法明确归类，需人工判断"
9471,NEEDS_REVIEW,低,"无法明确归类，需人工判断"
9472,NEEDS_REVIEW,低,"无法明确归类，需人工判断"
9473,NEEDS_REVIEW,低,"无法明确归类，需人工判断"
9474,TRANSACTION,中,"疑似交易/服务通知，需人工确认"
9475,NEEDS_REVIEW,低,"无法明确归类，需人工判断"
9476,TRANSACTION,中,"疑似交易/服务通知，需人工确认"
9477,NEEDS_REVIEW,低,"无法明确归类，需人工判断"
9478,NEEDS_REVIEW,低,"无法明确归类，需人工判断"
9479,NEEDS_REVIEW,低,"无法明确归类，需人工判断"
9480,TRANSACTION,中,"疑似交易/服务通知，需人工确认"
9481,TRANSACTION,中,"疑似交易/服务通知，需人工确认"
9482,TRANSACTION,中,"疑似交易/服务通知，需人工确认"
9483,TRANSACTION,高,"运营商服务通知（流量/余额/账单/来电提醒）"
9484,TRANSACTION,中,"疑似交易/服务通知，需人工确认"
9485,TRANSACTION,中,"疑似交易/服务通知，需人工确认"
9486,NEEDS_REVIEW,高,"政府/公益/公共服务信息，无商业推广"
9487,NEEDS_REVIEW,高,"天气预报服务信息"
9488,AD,中,"医疗推广信息"
9489,NEEDS_REVIEW,低,"无法明确归类，需人工判断"
9490,AD,中,"运营商营销推广"
9491,NEEDS_REVIEW,高,"政府/公益/公共服务信息，无商业推广"
9492,TRANSACTION,高,"包含明确的交易信息（金额/账单/到账/验证码）"
9493,TRANSACTION,高,"包含明确的交易信息（金额/账单/到账/验证码）"
9494,TRANSACTION,高,"保险/金融服务通知"
9495,TRANSACTION,高,"运营商服务通知（流量/余额/账单/来电提醒）"
9496,TRANSACTION,高,"快递/物流服务通知"
9497,TRANSACTION,中,"疑似交易/服务通知，需人工确认"
9498,TRANSACTION,高,"快递/物流服务通知"
9499,NEEDS_REVIEW,低,"无法明确归类，需人工判断"
9500,TRANSACTION,中,"疑似交易/服务通知，需人工确认"
9501,TRANSACTION,高,"快递/物流服务通知"
9502,NEEDS_REVIEW,低,"无法明确归类，需人工判断"
9503,TRANSACTION,中,"疑似交易/服务通知，需人工确认"
9504,TRANSACTION,高,"运营商服务通知（流量/余额/账单/来电提醒）"
9505,NEEDS_REVIEW,低,"无法明确归类，需人工判断"
9506,TRANSACTION,高,"快递/物流服务通知"
9507,NEEDS_REVIEW,高,"天气预报服务信息"
9508,TRANSACTION,中,"疑似交易/服务通知，需人工确认"
9509,NEEDS_REVIEW,低,"无法明确归类，需人工判断"
9510,AD,中,"运营商营销推广"
9511,TRANSACTION,高,"运营商服务通知（流量/余额/账单/来电提醒）"
9512,TRANSACTION,中,"疑似交易/服务通知，需人工确认"
9513,AD,中,"运营商营销推广"
9514,NEEDS_REVIEW,高,"天气预报服务信息"
9515,NEEDS_REVIEW,低,"无法明确归类，需人工判断"
9516,TRANSACTION,中,"疑似交易/服务通知，需人工确认"
9517,TRANSACTION,中,"疑似交易/服务通知，需人工确认"
9518,TRANSACTION,中,"疑似交易/服务通知，需人工确认"
9519,TRANSACTION,中,"疑似交易/服务通知，需人工确认"
9520,AD,中,"运营商营销推广"
9521,TRANSACTION,中,"疑似交易/服务通知，需人工确认"
9522,TRANSACTION,中,"疑似交易/服务通知，需人工确认"
9523,TRANSACTION,中,"疑似交易/服务通知，需人工确认"
9524,NEEDS_REVIEW,低,"无法明确归类，需人工判断"
9525,AD,中,"医疗推广信息"
9526,NEEDS_REVIEW,低,"无法明确归类，需人工判断"
9527,AD,高,"包含多个广告特征"
9528,TRANSACTION,高,"快递/物流服务通知"
9529,TRANSACTION,高,"快递/物流服务通知"
9530,TRANSACTION,高,"运营商服务通知（流量/余额/账单/来电提醒）"
9531,NEEDS_REVIEW,低,"无法明确归类，需人工判断"
9532,TRANSACTION,中,"疑似交易/服务通知，需人工确认"
9533,NEEDS_REVIEW,低,"无法明确归类，需人工判断"
9534,TRANSACTION,高,"包含明确的交易信息（金额/账单/到账/验证码）"
9535,NEEDS_REVIEW,低,"无法明确归类，需人工判断"
9536,NEEDS_REVIEW,低,"无法明确归类，需人工判断"
9537,TRANSACTION,高,"运营商服务通知（流量/余额/账单/来电提醒）"
9538,TRANSACTION,中,"疑似交易/服务通知，需人工确认"
9539,NEEDS_REVIEW,低,"无法明确归类，需人工判断"
9540,TRANSACTION,中,"疑似交易/服务通知，需人工确认"
9541,TRANSACTION,高,"快递/物流服务通知"
9542,AD,中,"运营商营销推广"
9543,TRANSACTION,高,"运营商服务通知（流量/余额/账单/来电提醒）"
9544,TRANSACTION,中,"疑似交易/服务通知，需人工确认"
9545,NEEDS_REVIEW,低,"无法明确归类，需人工判断"
9546,NEEDS_REVIEW,低,"无法明确归类，需人工判断"
9547,TRANSACTION,高,"运营商服务通知（流量/余额/账单/来电提醒）"
9548,NEEDS_REVIEW,低,"无法明确归类，需人工判断"
9549,NEEDS_REVIEW,低,"无法明确归类，需人工判断"
9550,NEEDS_REVIEW,高,"政府/公益/公共服务信息，无商业推广"
9551,TRANSACTION,中,"疑似交易/服务通知，需人工确认"
9552,NEEDS_REVIEW,低,"无法明确归类，需人工判断"
9553,TRANSACTION,中,"疑似交易/服务通知，需人工确认"
9554,HARASS,高,"匹配催收模式"
9555,NEEDS_REVIEW,低,"无法明确归类，需人工判断"
9556,TRANSACTION,中,"疑似交易/服务通知，需人工确认"
9557,AD,中,"运营商营销推广"
9558,TRANSACTION,中,"疑似交易/服务通知，需人工确认"
9559,NEEDS_REVIEW,高,"政府/公益/公共服务信息，无商业推广"
9560,AD,高,"包含多个广告特征"
9561,TRANSACTION,高,"快递/物流服务通知"
9562,NEEDS_REVIEW,低,"无法明确归类，需人工判断"
9563,TRANSACTION,中,"疑似交易/服务通知，需人工确认"
9564,TRANSACTION,中,"疑似交易/服务通知，需人工确认"
9565,AD,高,"贷款产品推广广告"
9566,TRANSACTION,中,"疑似交易/服务通知，需人工确认"
9567,TRANSACTION,中,"疑似交易/服务通知，需人工确认"
9568,TRANSACTION,高,"运营商服务通知（流量/余额/账单/来电提醒）"
9569,TRANSACTION,高,"运营商服务通知（流量/余额/账单/来电提醒）"
9570,TRANSACTION,中,"疑似交易/服务通知，需人工确认"
9571,NEEDS_REVIEW,高,"政府/公益/公共服务信息，无商业推广"
9572,NEEDS_REVIEW,低,"无法明确归类，需人工判断"
9573,TRANSACTION,中,"疑似交易/服务通知，需人工确认"
9574,TRANSACTION,中,"疑似交易/服务通知，需人工确认"
9575,TRANSACTION,高,"包含明确的交易信息（金额/账单/到账/验证码）"
9576,TRANSACTION,中,"疑似交易/服务通知，需人工确认"
9577,NEEDS_REVIEW,中,"服务评价邀请，边界模糊"
9578,NEEDS_REVIEW,低,"无法明确归类，需人工判断"
9579,TRANSACTION,中,"疑似交易/服务通知，需人工确认"
9580,TRANSACTION,中,"疑似交易/服务通知，需人工确认"
9581,TRANSACTION,高,"包含明确的交易信息（金额/账单/到账/验证码）"
9582,TRANSACTION,中,"疑似交易/服务通知，需人工确认"
9583,TRANSACTION,高,"运营商服务通知（流量/余额/账单/来电提醒）"
9584,TRANSACTION,高,"包含明确的交易信息（金额/账单/到账/验证码）"
9585,NEEDS_REVIEW,低,"无法明确归类，需人工判断"
9586,NEEDS_REVIEW,低,"无法明确归类，需人工判断"
9587,TRANSACTION,中,"疑似交易/服务通知，需人工确认"
9588,TRANSACTION,中,"疑似交易/服务通知，需人工确认"
9589,TRANSACTION,高,"快递/物流服务通知"
9590,TRANSACTION,高,"运营商服务通知（流量/余额/账单/来电提醒）"
9591,TRANSACTION,中,"疑似交易/服务通知，需人工确认"
9592,TRANSACTION,中,"疑似交易/服务通知，需人工确认"
9593,TRANSACTION,高,"运营商服务通知（流量/余额/账单/来电提醒）"
9594,AD,高,"包含多个广告特征"
9595,TRANSACTION,中,"疑似交易/服务通知，需人工确认"
9596,AD,高,"包含多个广告特征"
9597,TRANSACTION,中,"疑似交易/服务通知，需人工确认"
9598,TRANSACTION,中,"疑似交易/服务通知，需人工确认"
9599,NEEDS_REVIEW,低,"无法明确归类，需人工判断"
9600,TRANSACTION,中,"疑似交易/服务通知，需人工确认"
9601,TRANSACTION,中,"疑似交易/服务通知，需人工确认"
9602,TRANSACTION,高,"包含明确的交易信息（金额/账单/到账/验证码）"
9603,NEEDS_REVIEW,低,"无法明确归类，需人工判断"
9604,AD,高,"包含多个广告特征"
9605,TRANSACTION,中,"疑似交易/服务通知，需人工确认"
9606,TRANSACTION,中,"疑似交易/服务通知，需人工确认"
9607,TRANSACTION,中,"疑似交易/服务通知，需人工确认"
9608,TRANSACTION,中,"疑似交易/服务通知，需人工确认"
9609,NEEDS_REVIEW,低,"无法明确归类，需人工判断"
9610,TRANSACTION,高,"包含明确的交易信息（金额/账单/到账/验证码）"
9611,TRANSACTION,高,"包含明确的交易信息（金额/账单/到账/验证码）"
9612,NEEDS_REVIEW,低,"无法明确归类，需人工判断"
9613,TRANSACTION,中,"疑似交易/服务通知，需人工确认"
9614,TRANSACTION,高,"运营商服务通知（流量/余额/账单/来电提醒）"
9615,TRANSACTION,中,"疑似交易/服务通知，需人工确认"
9616,TRANSACTION,高,"快递/物流服务通知"
9617,TRANSACTION,高,"快递/物流服务通知"
9618,NEEDS_REVIEW,低,"无法明确归类，需人工判断"
9619,TRANSACTION,高,"运营商服务通知（流量/余额/账单/来电提醒）"
9620,TRANSACTION,高,"运营商服务通知（流量/余额/账单/来电提醒）"
9621,NEEDS_REVIEW,低,"无法明确归类，需人工判断"
9622,TRANSACTION,高,"包含明确的交易信息（金额/账单/到账/验证码）"
9623,NEEDS_REVIEW,低,"无法明确归类，需人工判断"
9624,AD,高,"贷款产品推广广告"
9625,TRANSACTION,中,"疑似交易/服务通知，需人工确认"
9626,NEEDS_REVIEW,低,"无法明确归类，需人工判断"
9627,TRANSACTION,高,"包含明确的交易信息（金额/账单/到账/验证码）"
9628,NEEDS_REVIEW,低,"无法明确归类，需人工判断"
9629,AD,高,"包含多个广告特征"
9630,TRANSACTION,高,"运营商服务通知（流量/余额/账单/来电提醒）"
9631,TRANSACTION,高,"快递/物流服务通知"
9632,AD,高,"包含多个广告特征"
9633,TRANSACTION,中,"疑似交易/服务通知，需人工确认"
9634,TRANSACTION,中,"疑似交易/服务通知，需人工确认"
9635,TRANSACTION,高,"运营商服务通知（流量/余额/账单/来电提醒）"
9636,TRANSACTION,高,"包含明确的交易信息（金额/账单/到账/验证码）"
9637,TRANSACTION,中,"疑似交易/服务通知，需人工确认"
9638,NEEDS_REVIEW,高,"天气预报服务信息"
9639,NEEDS_REVIEW,低,"无法明确归类，需人工判断"
9640,TRANSACTION,高,"包含明确的交易信息（金额/账单/到账/验证码）"
9641,TRANSACTION,中,"疑似交易/服务通知，需人工确认"
9642,NEEDS_REVIEW,高,"政府/公益/公共服务信息，无商业推广"
9643,NEEDS_REVIEW,低,"无法明确归类，需人工判断"
9644,TRANSACTION,高,"包含明确的交易信息（金额/账单/到账/验证码）"
9645,TRANSACTION,高,"快递/物流服务通知"
9646,TRANSACTION,中,"疑似交易/服务通知，需人工确认"
9647,TRANSACTION,高,"快递/物流服务通知"
9648,AD,中,"运营商营销推广"
9649,NEEDS_REVIEW,低,"无法明确归类，需人工判断"
9650,HARASS,高,"包含催收/威胁关键词"
9651,NEEDS_REVIEW,低,"无法明确归类，需人工判断"
9652,AD,高,"贷款产品推广广告"
9653,TRANSACTION,高,"保险/金融服务通知"
9654,TRANSACTION,中,"疑似交易/服务通知，需人工确认"
9655,NEEDS_REVIEW,低,"无法明确归类，需人工判断"
9656,TRANSACTION,中,"疑似交易/服务通知，需人工确认"
9657,TRANSACTION,中,"疑似交易/服务通知，需人工确认"
9658,AD,中,"医疗推广信息"
9659,TRANSACTION,高,"快递/物流服务通知"
9660,TRANSACTION,高,"快递/物流服务通知"
9661,NEEDS_REVIEW,低,"无法明确归类，需人工判断"
9662,TRANSACTION,中,"疑似交易/服务通知，需人工确认"
9663,TRANSACTION,高,"快递/物流服务通知"
9664,AD,中,"运营商营销推广"
9665,NEEDS_REVIEW,高,"政府/公益/公共服务信息，无商业推广"
9666,TRANSACTION,高,"运营商服务通知（流量/余额/账单/来电提醒）"
9667,TRANSACTION,中,"疑似交易/服务通知，需人工确认"
9668,AD,中,"运营商营销推广"
9669,TRANSACTION,中,"疑似交易/服务通知，需人工确认"
9670,AD,中,"医疗推广信息"
9671,AD,中,"服务评价邀请，含营销激励（抽奖/礼品）"
9672,TRANSACTION,中,"疑似交易/服务通知，需人工确认"
9673,NEEDS_REVIEW,低,"无法明确归类，需人工判断"
9674,NEEDS_REVIEW,高,"天气预报服务信息"
9675,TRANSACTION,高,"包含明确的交易信息（金额/账单/到账/验证码）"
9676,NEEDS_REVIEW,低,"无法明确归类，需人工判断"
9677,TRANSACTION,中,"疑似交易/服务通知，需人工确认"
9678,NEEDS_REVIEW,低,"无法明确归类，需人工判断"
9679,NEEDS_REVIEW,低,"无法明确归类，需人工判断"
9680,TRANSACTION,高,"快递/物流服务通知"
9681,TRANSACTION,高,"包含明确的交易信息（金额/账单/到账/验证码）"
9682,HARASS,高,"匹配催收模式"
9683,TRANSACTION,高,"包含明确的交易信息（金额/账单/到账/验证码）"
9684,TRANSACTION,中,"疑似交易/服务通知，需人工确认"
9685,TRANSACTION,中,"疑似交易/服务通知，需人工确认"
9686,TRANSACTION,中,"疑似交易/服务通知，需人工确认"
9687,NEEDS_REVIEW,高,"天气预报服务信息"
9688,TRANSACTION,高,"运营商服务通知（流量/余额/账单/来电提醒）"
9689,TRANSACTION,高,"快递/物流服务通知"
9690,AD,中,"医疗推广信息"
9691,NEEDS_REVIEW,高,"政府/公益/公共服务信息，无商业推广"
9692,NEEDS_REVIEW,低,"无法明确归类，需人工判断"
9693,TRANSACTION,中,"疑似交易/服务通知，需人工确认"
9694,TRANSACTION,高,"包含明确的交易信息（金额/账单/到账/验证码）"
9695,TRANSACTION,中,"疑似交易/服务通知，需人工确认"
9696,TRANSACTION,高,"包含明确的交易信息（金额/账单/到账/验证码）"
9697,NEEDS_REVIEW,低,"无法明确归类，需人工判断"
9698,AD,高,"包含多个广告特征"
9699,NEEDS_REVIEW,低,"无法明确归类，需人工判断"
9700,TRANSACTION,中,"疑似交易/服务通知，需人工确认"
9701,TRANSACTION,高,"快递/物流服务通知"
9702,AD,中,"教育培训推广"
9703,NEEDS_REVIEW,低,"无法明确归类，需人工判断"
9704,TRANSACTION,高,"运营商服务通知（流量/余额/账单/来电提醒）"
9705,TRANSACTION,高,"运营商服务通知（流量/余额/账单/来电提醒）"
9706,AD,中,"医疗推广信息"
9707,NEEDS_REVIEW,低,"无法明确归类，需人工判断"
9708,TRANSACTION,高,"包含明确的交易信息（金额/账单/到账/验证码）"
9709,TRANSACTION,中,"疑似交易/服务通知，需人工确认"
9710,TRANSACTION,高,"包含明确的交易信息（金额/账单/到账/验证码）"
9711,NEEDS_REVIEW,高,"天气预报服务信息"
9712,TRANSACTION,高,"包含明确的交易信息（金额/账单/到账/验证码）"
9713,TRANSACTION,中,"疑似交易/服务通知，需人工确认"
9714,NEEDS_REVIEW,中,"工作/业务通知，需人工判断"
9715,TRANSACTION,中,"疑似交易/服务通知，需人工确认"
9716,TRANSACTION,中,"疑似交易/服务通知，需人工确认"
9717,TRANSACTION,高,"包含明确的交易信息（金额/账单/到账/验证码）"
9718,NEEDS_REVIEW,高,"政府/公益/公共服务信息，无商业推广"
9719,NEEDS_REVIEW,低,"无法明确归类，需人工判断"
9720,TRANSACTION,高,"快递/物流服务通知"
9721,NEEDS_REVIEW,低,"无法明确归类，需人工判断"
9722,TRANSACTION,中,"疑似交易/服务通知，需人工确认"
9723,TRANSACTION,高,"保险/金融服务通知"
9724,TRANSACTION,高,"保险/金融服务通知"
9725,NEEDS_REVIEW,低,"无法明确归类，需人工判断"
9726,NEEDS_REVIEW,高,"政府/公益信息"
9727,TRANSACTION,中,"疑似交易/服务通知，需人工确认"
9728,AD,高,"贷款产品推广广告"
9729,NEEDS_REVIEW,低,"无法明确归类，需人工判断"
9730,TRANSACTION,中,"疑似交易/服务通知，需人工确认"
9731,NEEDS_REVIEW,高,"天气预报服务信息"
9732,NEEDS_REVIEW,低,"无法明确归类，需人工判断"
9733,NEEDS_REVIEW,低,"无法明确归类，需人工判断"
9734,NEEDS_REVIEW,高,"政府/公益/公共服务信息，无商业推广"
9735,TRANSACTION,高,"运营商服务通知（流量/余额/账单/来电提醒）"
9736,HARASS,高,"包含催收/威胁关键词"
9737,HARASS,高,"包含催收/威胁关键词"
9738,TRANSACTION,高,"包含明确的交易信息（金额/账单/到账/验证码）"
9739,TRANSACTION,中,"疑似交易/服务通知，需人工确认"
9740,TRANSACTION,中,"疑似交易/服务通知，需人工确认"
9741,AD,中,"运营商营销推广"
9742,NEEDS_REVIEW,低,"无法明确归类，需人工判断"
9743,TRANSACTION,高,"运营商服务通知（流量/余额/账单/来电提醒）"
9744,NEEDS_REVIEW,低,"无法明确归类，需人工判断"
9745,TRANSACTION,高,"包含明确的交易信息（金额/账单/到账/验证码）"
9746,TRANSACTION,高,"运营商服务通知（流量/余额/账单/来电提醒）"
9747,NEEDS_REVIEW,低,"无法明确归类，需人工判断"
9748,TRANSACTION,高,"快递/物流服务通知"
9749,NEEDS_REVIEW,低,"无法明确归类，需人工判断"
9750,NEEDS_REVIEW,低,"无法明确归类，需人工判断"
9751,NEEDS_REVIEW,低,"无法明确归类，需人工判断"
9752,TRANSACTION,高,"运营商服务通知（流量/余额/账单/来电提醒）"
9753,TRANSACTION,高,"保险/金融服务通知"
9754,TRANSACTION,中,"疑似交易/服务通知，需人工确认"
9755,NEEDS_REVIEW,低,"无法明确归类，需人工判断"
9756,NEEDS_REVIEW,低,"无法明确归类，需人工判断"
9757,NEEDS_REVIEW,高,"天气预报服务信息"
9758,NEEDS_REVIEW,高,"政府/公益/公共服务信息，无商业推广"
9759,TRANSACTION,高,"运营商服务通知（流量/余额/账单/来电提醒）"
9760,NEEDS_REVIEW,高,"政府/公益信息"
9761,NEEDS_REVIEW,高,"政府/公益信息"
9762,TRANSACTION,高,"快递/物流服务通知"
9763,TRANSACTION,中,"疑似交易/服务通知，需人工确认"
9764,NEEDS_REVIEW,低,"无法明确归类，需人工判断"
9765,TRANSACTION,高,"运营商服务通知（流量/余额/账单/来电提醒）"
9766,AD,中,"运营商营销推广"
9767,TRANSACTION,中,"疑似交易/服务通知，需人工确认"
9768,HARASS,高,"包含催收/威胁关键词"
9769,TRANSACTION,高,"包含明确的交易信息（金额/账单/到账/验证码）"
9770,TRANSACTION,高,"运营商服务通知（流量/余额/账单/来电提醒）"
9771,NEEDS_REVIEW,高,"天气预报服务信息"
9772,TRANSACTION,中,"疑似交易/服务通知，需人工确认"
9773,NEEDS_REVIEW,低,"无法明确归类，需人工判断"
9774,TRANSACTION,中,"疑似交易/服务通知，需人工确认"
9775,NEEDS_REVIEW,低,"无法明确归类，需人工判断"
9776,NEEDS_REVIEW,低,"无法明确归类，需人工判断"
9777,TRANSACTION,中,"疑似交易/服务通知，需人工确认"
9778,NEEDS_REVIEW,高,"政府/公益/公共服务信息，无商业推广"
9779,TRANSACTION,高,"快递/物流服务通知"
9780,TRANSACTION,高,"快递/物流服务通知"
9781,TRANSACTION,中,"疑似交易/服务通知，需人工确认"
9782,TRANSACTION,中,"疑似交易/服务通知，需人工确认"
9783,TRANSACTION,中,"疑似交易/服务通知，需人工确认"
9784,TRANSACTION,高,"运营商服务通知（流量/余额/账单/来电提醒）"
9785,AD,中,"运营商营销推广"
9786,TRANSACTION,中,"疑似交易/服务通知，需人工确认"
9787,AD,高,"包含多个广告特征"
9788,NEEDS_REVIEW,高,"天气预报服务信息"
9789,NEEDS_REVIEW,低,"无法明确归类，需人工判断"
9790,TRANSACTION,高,"快递/物流服务通知"
9791,NEEDS_REVIEW,低,"无法明确归类，需人工判断"
9792,NEEDS_REVIEW,高,"天气预报服务信息"
9793,TRANSACTION,高,"运营商服务通知（流量/余额/账单/来电提醒）"
9794,TRANSACTION,中,"疑似交易/服务通知，需人工确认"
9795,TRANSACTION,高,"运营商服务通知（流量/余额/账单/来电提醒）"
9796,NEEDS_REVIEW,中,"服务评价邀请，边界模糊"
9797,AD,高,"包含多个广告特征"
9798,TRANSACTION,高,"包含明确的交易信息（金额/账单/到账/验证码）"
9799,NEEDS_REVIEW,高,"政府/公益/公共服务信息，无商业推广"
9800,TRANSACTION,高,"快递/物流服务通知"
9801,AD,中,"运营商营销推广"
9802,AD,高,"产品营销广告"
9803,NEEDS_REVIEW,高,"天气预报服务信息"
9804,TRANSACTION,中,"疑似交易/服务通知，需人工确认"
9805,TRANSACTION,高,"包含明确的交易信息（金额/账单/到账/验证码）"
9806,HARASS,高,"匹配催收模式"
9807,NEEDS_REVIEW,低,"无法明确归类，需人工判断"
9808,FRAUD,高,"包含诈骗关键词"
9809,AD,高,"贷款产品推广广告"
9810,NEEDS_REVIEW,低,"无法明确归类，需人工判断"
9811,AD,高,"贷款产品推广广告"
9812,AD,中,"运营商营销推广"
9813,TRANSACTION,中,"疑似交易/服务通知，需人工确认"
9814,NEEDS_REVIEW,高,"天气预报服务信息"
9815,TRANSACTION,高,"运营商服务通知（流量/余额/账单/来电提醒）"
9816,NEEDS_REVIEW,高,"天气预报服务信息"
9817,NEEDS_REVIEW,高,"政府/公益/公共服务信息，无商业推广"
9818,TRANSACTION,高,"包含明确的交易信息（金额/账单/到账/验证码）"
9819,TRANSACTION,中,"疑似交易/服务通知，需人工确认"
9820,TRANSACTION,中,"疑似交易/服务通知，需人工确认"
9821,TRANSACTION,高,"包含明确的交易信息（金额/账单/到账/验证码）"
9822,TRANSACTION,高,"快递/物流服务通知"
9823,TRANSACTION,中,"疑似交易/服务通知，需人工确认"
9824,TRANSACTION,高,"包含明确的交易信息（金额/账单/到账/验证码）"
9825,AD,中,"运营商营销推广"
9826,NEEDS_REVIEW,低,"无法明确归类，需人工判断"
9827,AD,中,"医疗推广信息"
9828,TRANSACTION,中,"疑似交易/服务通知，需人工确认"
9829,NEEDS_REVIEW,低,"无法明确归类，需人工判断"
9830,TRANSACTION,高,"包含明确的交易信息（金额/账单/到账/验证码）"
9831,TRANSACTION,高,"快递/物流服务通知"
9832,NEEDS_REVIEW,低,"无法明确归类，需人工判断"
9833,TRANSACTION,高,"快递/物流服务通知"
9834,HARASS,高,"包含催收/威胁关键词"
9835,NEEDS_REVIEW,低,"无法明确归类，需人工判断"
9836,NEEDS_REVIEW,低,"无法明确归类，需人工判断"
9837,NEEDS_REVIEW,低,"无法明确归类，需人工判断"
9838,AD,高,"贷款产品推广广告"
9839,TRANSACTION,高,"运营商服务通知（流量/余额/账单/来电提醒）"
9840,TRANSACTION,中,"疑似交易/服务通知，需人工确认"
9841,NEEDS_REVIEW,高,"政府/公益/公共服务信息，无商业推广"
9842,TRANSACTION,高,"包含明确的交易信息（金额/账单/到账/验证码）"
9843,TRANSACTION,中,"疑似交易/服务通知，需人工确认"
9844,NEEDS_REVIEW,高,"政府/公益/公共服务信息，无商业推广"
9845,NEEDS_REVIEW,低,"无法明确归类，需人工判断"
9846,TRANSACTION,中,"疑似交易/服务通知，需人工确认"
9847,NEEDS_REVIEW,低,"无法明确归类，需人工判断"
9848,NEEDS_REVIEW,低,"无法明确归类，需人工判断"
9849,TRANSACTION,中,"疑似交易/服务通知，需人工确认"
9850,TRANSACTION,中,"疑似交易/服务通知，需人工确认"
9851,TRANSACTION,高,"保险/金融服务通知"
9852,NEEDS_REVIEW,中,"工作/业务通知，需人工判断"
9853,TRANSACTION,中,"疑似交易/服务通知，需人工确认"
9854,NEEDS_REVIEW,低,"无法明确归类，需人工判断"
9855,TRANSACTION,中,"疑似交易/服务通知，需人工确认"
9856,TRANSACTION,高,"运营商服务通知（流量/余额/账单/来电提醒）"
9857,TRANSACTION,中,"疑似交易/服务通知，需人工确认"
9858,TRANSACTION,高,"运营商服务通知（流量/余额/账单/来电提醒）"
9859,TRANSACTION,高,"运营商服务通知（流量/余额/账单/来电提醒）"
9860,NEEDS_REVIEW,低,"无法明确归类，需人工判断"
9861,TRANSACTION,中,"疑似交易/服务通知，需人工确认"
9862,TRANSACTION,中,"疑似交易/服务通知，需人工确认"
9863,FRAUD,高,"包含诈骗关键词"
9864,TRANSACTION,高,"包含明确的交易信息（金额/账单/到账/验证码）"
9865,NEEDS_REVIEW,低,"无法明确归类，需人工判断"
9866,TRANSACTION,中,"疑似交易/服务通知，需人工确认"
9867,TRANSACTION,中,"疑似交易/服务通知，需人工确认"
9868,TRANSACTION,高,"包含明确的交易信息（金额/账单/到账/验证码）"
9869,NEEDS_REVIEW,低,"无法明确归类，需人工判断"
9870,NEEDS_REVIEW,低,"无法明确归类，需人工判断"
9871,NEEDS_REVIEW,低,"无法明确归类，需人工判断"
9872,HARASS,高,"包含催收/威胁关键词"
9873,TRANSACTION,高,"快递/物流服务通知"
9874,AD,中,"医疗推广信息"
9875,AD,高,"贷款产品推广广告"
9876,NEEDS_REVIEW,高,"天气预报服务信息"
9877,TRANSACTION,高,"包含明确的交易信息（金额/账单/到账/验证码）"
9878,NEEDS_REVIEW,低,"无法明确归类，需人工判断"
9879,TRANSACTION,高,"运营商服务通知（流量/余额/账单/来电提醒）"
9880,TRANSACTION,中,"疑似交易/服务通知，需人工确认"
9881,AD,中,"运营商营销推广"
9882,TRANSACTION,高,"快递/物流服务通知"
9883,TRANSACTION,高,"包含明确的交易信息（金额/账单/到账/验证码）"
9884,TRANSACTION,高,"包含明确的交易信息（金额/账单/到账/验证码）"
9885,TRANSACTION,高,"运营商服务通知（流量/余额/账单/来电提醒）"
9886,AD,中,"教育培训推广"
9887,NEEDS_REVIEW,低,"无法明确归类，需人工判断"
9888,AD,高,"贷款产品推广广告"
9889,NEEDS_REVIEW,低,"无法明确归类，需人工判断"
9890,HARASS,高,"包含催收/威胁关键词"
9891,NEEDS_REVIEW,高,"政府/公益/公共服务信息，无商业推广"
9892,NEEDS_REVIEW,低,"无法明确归类，需人工判断"
9893,TRANSACTION,中,"疑似交易/服务通知，需人工确认"
9894,TRANSACTION,高,"快递/物流服务通知"
9895,TRANSACTION,高,"快递/物流服务通知"
9896,TRANSACTION,中,"疑似交易/服务通知，需人工确认"
9897,AD,中,"运营商营销推广"
9898,NEEDS_REVIEW,高,"政府/公益/公共服务信息，无商业推广"
9899,HARASS,高,"包含催收/威胁关键词"
9900,TRANSACTION,高,"保险/金融服务通知"
9901,NEEDS_REVIEW,低,"无法明确归类，需人工判断"
9902,TRANSACTION,中,"疑似交易/服务通知，需人工确认"
9903,NEEDS_REVIEW,高,"政府/公益/公共服务信息，无商业推广"
9904,TRANSACTION,高,"运营商服务通知（流量/余额/账单/来电提醒）"
9905,TRANSACTION,中,"疑似交易/服务通知，需人工确认"
9906,NEEDS_REVIEW,中,"工作/业务通知，需人工判断"
9907,NEEDS_REVIEW,低,"无法明确归类，需人工判断"
9908,AD,中,"教育培训推广"
9909,TRANSACTION,高,"运营商服务通知（流量/余额/账单/来电提醒）"
9910,NEEDS_REVIEW,低,"无法明确归类，需人工判断"
9911,TRANSACTION,高,"快递/物流服务通知"
9912,TRANSACTION,中,"疑似交易/服务通知，需人工确认"
9913,TRANSACTION,中,"疑似交易/服务通知，需人工确认"
9914,HARASS,高,"匹配催收模式"
9915,TRANSACTION,中,"疑似交易/服务通知，需人工确认"
9916,NEEDS_REVIEW,低,"无法明确归类，需人工判断"
9917,TRANSACTION,中,"疑似交易/服务通知，需人工确认"
9918,TRANSACTION,中,"疑似交易/服务通知，需人工确认"
9919,TRANSACTION,高,"包含明确的交易信息（金额/账单/到账/验证码）"
9920,AD,中,"医疗推广信息"
9921,HARASS,高,"包含催收/威胁关键词"
9922,TRANSACTION,高,"运营商服务通知（流量/余额/账单/来电提醒）"
9923,HARASS,高,"包含催收/威胁关键词"
9924,TRANSACTION,中,"疑似交易/服务通知，需人工确认"
9925,TRANSACTION,高,"包含明确的交易信息（金额/账单/到账/验证码）"
9926,TRANSACTION,中,"疑似交易/服务通知，需人工确认"
9927,AD,中,"教育培训推广"
9928,AD,高,"产品营销广告"
9929,TRANSACTION,中,"疑似交易/服务通知，需人工确认"
9930,TRANSACTION,高,"运营商服务通知（流量/余额/账单/来电提醒）"
9931,NEEDS_REVIEW,高,"政府/公益/公共服务信息，无商业推广"
9932,TRANSACTION,高,"包含明确的交易信息（金额/账单/到账/验证码）"
9933,TRANSACTION,高,"包含明确的交易信息（金额/账单/到账/验证码）"
9934,TRANSACTION,中,"疑似交易/服务通知，需人工确认"
9935,TRANSACTION,高,"运营商服务通知（流量/余额/账单/来电提醒）"
9936,NEEDS_REVIEW,高,"政府/公益/公共服务信息，无商业推广"
9937,AD,中,"服务评价邀请，含营销激励（抽奖/礼品）"
9938,TRANSACTION,高,"包含明确的交易信息（金额/账单/到账/验证码）"
9939,TRANSACTION,高,"运营商服务通知（流量/余额/账单/来电提醒）"
9940,NEEDS_REVIEW,低,"无法明确归类，需人工判断"
9941,TRANSACTION,中,"疑似交易/服务通知，需人工确认"
9942,TRANSACTION,高,"运营商服务通知（流量/余额/账单/来电提醒）"
9943,TRANSACTION,高,"运营商服务通知（流量/余额/账单/来电提醒）"
9944,NEEDS_REVIEW,高,"政府/公益/公共服务信息，无商业推广"
9945,TRANSACTION,中,"疑似交易/服务通知，需人工确认"
9946,NEEDS_REVIEW,低,"无法明确归类，需人工判断"
9947,TRANSACTION,高,"包含明确的交易信息（金额/账单/到账/验证码）"
9948,NEEDS_REVIEW,低,"无法明确归类，需人工判断"
9949,NEEDS_REVIEW,中,"工作/业务通知，需人工判断"
9950,TRANSACTION,高,"包含明确的交易信息（金额/账单/到账/验证码）"
9951,TRANSACTION,高,"快递/物流服务通知"
9952,AD,高,"包含多个广告特征"
9953,NEEDS_REVIEW,低,"无法明确归类，需人工判断"
9954,NEEDS_REVIEW,高,"政府/公益/公共服务信息，无商业推广"
9955,TRANSACTION,中,"疑似交易/服务通知，需人工确认"
9956,NEEDS_REVIEW,高,"政府/公益/公共服务信息，无商业推广"
9957,AD,中,"教育培训推广"
9958,NEEDS_REVIEW,低,"无法明确归类，需人工判断"
9959,NEEDS_REVIEW,低,"无法明确归类，需人工判断"
9960,TRANSACTION,高,"包含明确的交易信息（金额/账单/到账/验证码）"
9961,TRANSACTION,中,"疑似交易/服务通知，需人工确认"
9962,AD,高,"包含多个广告特征"
9963,TRANSACTION,高,"运营商服务通知（流量/余额/账单/来电提醒）"
9964,NEEDS_REVIEW,低,"无法明确归类，需人工判断"
9965,AD,中,"运营商营销推广"
9966,TRANSACTION,中,"疑似交易/服务通知，需人工确认"
9967,TRANSACTION,高,"运营商服务通知（流量/余额/账单/来电提醒）"
9968,AD,高,"包含多个广告特征"
9969,AD,中,"医疗推广信息"
9970,TRANSACTION,高,"包含明确的交易信息（金额/账单/到账/验证码）"
9971,NEEDS_REVIEW,低,"无法明确归类，需人工判断"
9972,TRANSACTION,中,"疑似交易/服务通知，需人工确认"
9973,NEEDS_REVIEW,高,"政府/公益信息"
9974,TRANSACTION,中,"疑似交易/服务通知，需人工确认"
9975,NEEDS_REVIEW,低,"无法明确归类，需人工判断"
9976,TRANSACTION,高,"运营商服务通知（流量/余额/账单/来电提醒）"
9977,TRANSACTION,高,"快递/物流服务通知"
9978,AD,中,"医疗推广信息"
9979,NEEDS_REVIEW,中,"服务评价邀请，边界模糊"
9980,TRANSACTION,中,"疑似交易/服务通知，需人工确认"
9981,TRANSACTION,中,"疑似交易/服务通知，需人工确认"
9982,AD,高,"包含多个广告特征"
9983,TRANSACTION,高,"运营商服务通知（流量/余额/账单/来电提醒）"
9984,TRANSACTION,中,"疑似交易/服务通知，需人工确认"
9985,AD,中,"运营商营销推广"
9986,TRANSACTION,中,"疑似交易/服务通知，需人工确认"
9987,TRANSACTION,高,"包含明确的交易信息（金额/账单/到账/验证码）"
9988,NEEDS_REVIEW,高,"政府/公益/公共服务信息，无商业推广"
9989,TRANSACTION,高,"运营商服务通知（流量/余额/账单/来电提醒）"
9990,AD,中,"运营商营销推广"
9991,TRANSACTION,高,"包含明确的交易信息（金额/账单/到账/验证码）"
9992,TRANSACTION,中,"疑似交易/服务通知，需人工确认"
9993,TRANSACTION,高,"快递/物流服务通知"
9994,TRANSACTION,中,"疑似交易/服务通知，需人工确认"
9995,NEEDS_REVIEW,高,"天气预报服务信息"
9996,TRANSACTION,中,"疑似交易/服务通知，需人工确认"
9997,NEEDS_REVIEW,高,"天气预报服务信息"
9998,NEEDS_REVIEW,低,"无法明确归类，需人工判断"
9999,TRANSACTION,中,"疑似交易/服务通知，需人工确认"
10000,TRANSACTION,高,"运营商服务通知（流量/余额/账单/来电提醒）"
