id,text,language,source,prior_label,suggested_label,suggest_reason,label,annotator,template_group,notes,pack_role
uci_03632,Thank you princess! You are so sexy...,en,uci_sms_spam_collection_v1,NEEDS_REVIEW,HARASS,nr_hint:\bsexy\b|\bhook ?up\b|\bget laid\b|\badu;loan|debt|collection|sexy|casino|gamblin,,,50fba9987675,Re-label from NEEDS_REVIEW; prefer HARASS vs AD vs FRAUD.,harass_relabel
uci_03324,"She said,'' do u mind if I go into the bedroom for a minute ? '' ''OK'', I sed in a sexy mood. She came out 5 minuts latr wid a cake...n My Wife,",en,uci_sms_spam_collection_v1,NEEDS_REVIEW,HARASS,nr_hint:\bsexy\b|\bhook ?up\b|\bget laid\b|\badu;loan|debt|collection|sexy|casino|gamblin,,,9e8cf5f74e37,Re-label from NEEDS_REVIEW; prefer HARASS vs AD vs FRAUD.,harass_relabel
uci_02695,Hey sexy buns! What of that day? No word from you this morning on YM ... :-( ... I think of you,en,uci_sms_spam_collection_v1,NEEDS_REVIEW,HARASS,nr_hint:\bsexy\b|\bhook ?up\b|\bget laid\b|\badu;loan|debt|collection|sexy|casino|gamblin,,,4762a052cee3,Re-label from NEEDS_REVIEW; prefer HARASS vs AD vs FRAUD.,harass_relabel
uci_04125,"Hey sexy buns ! Have I told you ? I adore you, loverboy. I hope you remember to thank your sister in law for those meatballs *grins* ... i love you, babe",en,uci_sms_spam_collection_v1,NEEDS_REVIEW,HARASS,nr_hint:\bsexy\b|\bhook ?up\b|\bget laid\b|\badu;loan|debt|collection|sexy|casino|gamblin,,,7eaac6f6c399,Re-label from NEEDS_REVIEW; prefer HARASS vs AD vs FRAUD.,harass_relabel
iiitd_00373,"i) will u go shopping with me? ii) u wer sleeping so deeply, ur mom picked up d fone. bt we didn tok mch. iii) if ur meeting me, den plz bring ur best n latest song collection on a pen drive so tht i cn save it on my laptop. iv) i need to discuss all oder bday stuff with u including hw wil anura b picked up. v) at any cost, i wana kno wot wer u being teased abt in colg. i don wana unecessarily jump to d wrong conclusions or take tension abt u having a girl assistant. vi) preferably wake me up by 9am.",hi,iiitd_sms_spam_v1,NEEDS_REVIEW,HARASS,nr_hint:\bdebt\b|\bcollect(ion|or)\b|\boverdue\b;loan|debt|collection|sexy|casino|gamblin,,,4c550b0eafc1,Re-label from NEEDS_REVIEW; prefer HARASS vs AD vs FRAUD.,harass_relabel
uci_03211,"She said,'' do u mind if I go into the bedroom for a minute ? '' ''OK'', I sed in a sexy mood. She came out 5 minuts latr wid a cake...n My Wife,",en,uci_sms_spam_collection_v1,NEEDS_REVIEW,HARASS,nr_hint:\bsexy\b|\bhook ?up\b|\bget laid\b|\badu;loan|debt|collection|sexy|casino|gamblin,,,9e8cf5f74e37,Re-label from NEEDS_REVIEW; prefer HARASS vs AD vs FRAUD.,harass_relabel
uci_04932,"Good morning, my boytoy! How's those yummy lips ? Where's my sexy buns now ? What do you do ? Do you think of me ? Do you crave me ? Do you need me ?",en,uci_sms_spam_collection_v1,NEEDS_REVIEW,HARASS,nr_hint:\bsexy\b|\bhook ?up\b|\bget laid\b|\badu;loan|debt|collection|sexy|casino|gamblin,,,a87bb2d10795,Re-label from NEEDS_REVIEW; prefer HARASS vs AD vs FRAUD.,harass_relabel
uci_03668,"Honey ? Sweetheart ? Darling ? Sexy buns ? Sugar plum ? Loverboy ? I miss you, boytoy ... *smacks your ass* Did you go to the gym too ?",en,uci_sms_spam_collection_v1,NEEDS_REVIEW,HARASS,nr_hint:\bsexy\b|\bhook ?up\b|\bget laid\b|\badu;loan|debt|collection|sexy|casino|gamblin,,,7bb720c5aa3e,Re-label from NEEDS_REVIEW; prefer HARASS vs AD vs FRAUD.,harass_relabel
uci_02849,"Sad story of a Man - Last week was my b'day. My Wife did'nt wish me. My Parents forgot n so did my Kids . I went to work. Even my Colleagues did not wish. As I entered my cabin my PA said, '' Happy B'day Boss !!''. I felt special. She askd me 4 lunch. After lunch she invited me to her apartment. We went there. She said,'' do u mind if I go into the bedroom for a minute ? '' ''OK'', I sed in a sexy mood. She came out 5 minuts latr wid a cake...n My Wife, My Parents, My Kidz, My Friends n My Colleagues. All screaming.. SURPRISE !! and I was waiting on the sofa.. ... ..... ' NAKED...!",en,uci_sms_spam_collection_v1,NEEDS_REVIEW,HARASS,nr_hint:\bsexy\b|\bhook ?up\b|\bget laid\b|\badu;loan|debt|collection|sexy|casino|gamblin,,,0de513b60c46,Re-label from NEEDS_REVIEW; prefer HARASS vs AD vs FRAUD.,harass_relabel
uci_03128,Thats cool. i liked your photos. You are very sexy!,en,uci_sms_spam_collection_v1,NEEDS_REVIEW,HARASS,nr_hint:\bsexy\b|\bhook ?up\b|\bget laid\b|\badu;loan|debt|collection|sexy|casino|gamblin,,,f09dcb1ea223,Re-label from NEEDS_REVIEW; prefer HARASS vs AD vs FRAUD.,harass_relabel
uci_01773,"Good afternoon sexy buns! How goes the job search ? I wake and you are my first thought as always, my love. I wish your fine and happy and know I adore you!",en,uci_sms_spam_collection_v1,NEEDS_REVIEW,HARASS,nr_hint:\bsexy\b|\bhook ?up\b|\bget laid\b|\badu;loan|debt|collection|sexy|casino|gamblin,,,2ed5153215c1,Re-label from NEEDS_REVIEW; prefer HARASS vs AD vs FRAUD.,harass_relabel
uci_02158,"Sad story of a Man - Last week was my b'day. My Wife did'nt wish me. My Parents forgot n so did my Kids . I went to work. Even my Colleagues did not wish. As I entered my cabin my PA said, '' Happy B'day Boss !!''. I felt special. She askd me 4 lunch. After lunch she invited me to her apartment. We went there. She said,'' do u mind if I go into the bedroom for a minute ? '' ''OK'', I sed in a sexy mood. She came out 5 minuts latr wid a cake...n My Wife, My Parents, My Kidz, My Friends n My Colleagues. All screaming.. SURPRISE !! and I was waiting on the sofa.. ... ..... ' NAKED...!",en,uci_sms_spam_collection_v1,NEEDS_REVIEW,HARASS,nr_hint:\bsexy\b|\bhook ?up\b|\bget laid\b|\badu;loan|debt|collection|sexy|casino|gamblin,,,0de513b60c46,Re-label from NEEDS_REVIEW; prefer HARASS vs AD vs FRAUD.,harass_relabel
uci_04468,"She said,'' do u mind if I go into the bedroom for a minute ? '' ''OK'', I sed in a sexy mood. She came out 5 minuts latr wid a cake...n My Wife,",en,uci_sms_spam_collection_v1,NEEDS_REVIEW,HARASS,nr_hint:\bsexy\b|\bhook ?up\b|\bget laid\b|\badu;loan|debt|collection|sexy|casino|gamblin,,,9e8cf5f74e37,Re-label from NEEDS_REVIEW; prefer HARASS vs AD vs FRAUD.,harass_relabel
id_ss_00244,"Ayah ingin berbicara tentang apartemen jadi saya mendapat awal terlambat, omw sekarang",id,spamshield_indonesian_v1,NEEDS_REVIEW,HARASS,nr_hint:hutang|penagihan|terlambat|pinjaman|toge,,,5cdb79d3d443,Re-label from NEEDS_REVIEW; prefer HARASS vs AD vs FRAUD.,harass_relabel
uci_02434,"Indians r poor but India is not a poor country. Says one of the swiss bank directors. He says that "" &lt;#&gt;  lac crore"" of Indian money is deposited in swiss banks which can be used for 'taxless' budget for  &lt;#&gt;  yrs. Can give  &lt;#&gt;  crore jobs to all Indians. From any village to Delhi 4 lane roads. Forever free power suply to more than  &lt;#&gt;  social projects. Every citizen can get monthly  &lt;#&gt; /- for  &lt;#&gt;  yrs. No need of World Bank &amp; IMF loan. Think how our money is blocked by rich politicians. We have full rights against corrupt politicians. Itna forward karo ki pura INDIA padhe.g.m.""",en,uci_sms_spam_collection_v1,NEEDS_REVIEW,HARASS,nr_hint:loan|debt|collection|sexy|casino|gamblin,,,0a8c2a829f7b,Re-label from NEEDS_REVIEW; prefer HARASS vs AD vs FRAUD.,harass_relabel
uci_01692,I don't know but I'm raping dudes at poker,en,uci_sms_spam_collection_v1,NEEDS_REVIEW,HARASS,nr_hint:\bsexy\b|\bhook ?up\b|\bget laid\b|\badu,,,fe1619e27dcc,Re-label from NEEDS_REVIEW; prefer HARASS vs AD vs FRAUD.,harass_relabel
uci_03107,"I had been hoping i would not have to send you this message. My rent is due and i dont have enough for it. My reserves are completely gone. Its a loan i need and was hoping you could her. The balance is  &lt;#&gt; . Is there a way i could get that from you, till mid march when i hope to pay back.",en,uci_sms_spam_collection_v1,NEEDS_REVIEW,HARASS,nr_hint:loan|debt|collection|sexy|casino|gamblin,,,e348e955bbb2,Re-label from NEEDS_REVIEW; prefer HARASS vs AD vs FRAUD.,harass_relabel
uci_02696,And whenever you and i see we can still hook up too.,en,uci_sms_spam_collection_v1,NEEDS_REVIEW,HARASS,nr_hint:\bsexy\b|\bhook ?up\b|\bget laid\b|\badu,,,e565d538b3b6,Re-label from NEEDS_REVIEW; prefer HARASS vs AD vs FRAUD.,harass_relabel
id_ss_01091,"Teman-teman yang terkasih, maaf atas keterlambatan informasi.Hari ini adalah ulang tahun kami yang tercinta Ar.Praveesh. untuk lebih banyak rincian login ke muka buku dan lihat.Nombornya + &lt;#&gt; .",id,spamshield_indonesian_v1,NEEDS_REVIEW,HARASS,nr_hint:hutang|penagihan|terlambat|pinjaman|toge,,,28d10f101a74,Re-label from NEEDS_REVIEW; prefer HARASS vs AD vs FRAUD.,harass_relabel
iiitd_00288,"if i sound rude in the following lines, i'm sorry. but i can't keep quiet about something like this.  i'm really disappointed in the company your family keeps (santosh uncle). i was initially happy that tanmay was impressed by him. but what kind of responsible adult encourages/allows a 20-year old boy to smoke? tanmay already has poor will power. and he becomes even more gullible when he's drunk. you know he's a recovering smoking addict. how could you leave him with a man like that? i have always had a",hi,iiitd_sms_spam_v1,NEEDS_REVIEW,HARASS,nr_hint:\bsexy\b|\bhook ?up\b|\bget laid\b|\badu,,,8d05edff02d5,Re-label from NEEDS_REVIEW; prefer HARASS vs AD vs FRAUD.,harass_relabel
uci_03638,You know what hook up means right?,en,uci_sms_spam_collection_v1,NEEDS_REVIEW,HARASS,nr_hint:\bsexy\b|\bhook ?up\b|\bget laid\b|\badu,,,91eeb9e55c5b,Re-label from NEEDS_REVIEW; prefer HARASS vs AD vs FRAUD.,harass_relabel
uci_02049,So dont use hook up any how,en,uci_sms_spam_collection_v1,NEEDS_REVIEW,HARASS,nr_hint:\bsexy\b|\bhook ?up\b|\bget laid\b|\badu,,,62bfd8e2efaf,Re-label from NEEDS_REVIEW; prefer HARASS vs AD vs FRAUD.,harass_relabel
id_ss_00567,"Anda bermain poker ruang, bukan?",id,spamshield_indonesian_v1,NEEDS_REVIEW,HARASS,nr_hint:\bsexy\b|\bhook ?up\b|\bget laid\b|\badu,,,c73f4ee2e313,Re-label from NEEDS_REVIEW; prefer HARASS vs AD vs FRAUD.,harass_relabel
id_ss_01265,"Selamat pagi, hari ini saya terlambat &lt;#&gt; min.",id,spamshield_indonesian_v1,NEEDS_REVIEW,HARASS,nr_hint:hutang|penagihan|terlambat|pinjaman|toge,,,33429cfa0ca5,Re-label from NEEDS_REVIEW; prefer HARASS vs AD vs FRAUD.,harass_relabel
id_ss_00859,INTERFLORA - Tidak terlambat untuk memesan bunga Interflora untuk Natal panggilan 0800 505060 untuk membuat pesanan Anda sebelum tengah malam esok.,id,spamshield_indonesian_v1,NEEDS_REVIEW,HARASS,nr_hint:hutang|penagihan|terlambat|pinjaman|toge,,,ebf3e327167e,Re-label from NEEDS_REVIEW; prefer HARASS vs AD vs FRAUD.,harass_relabel
uci_01719,"As in missionary hook up, doggy hook up, standing...|",en,uci_sms_spam_collection_v1,NEEDS_REVIEW,HARASS,nr_hint:\bsexy\b|\bhook ?up\b|\bget laid\b|\badu,,,f1811eeced5f,Re-label from NEEDS_REVIEW; prefer HARASS vs AD vs FRAUD.,harass_relabel
uci_02649,"Hi, can i please get a  &lt;#&gt;  dollar loan from you. I.ll pay you back by mid february. Pls.",en,uci_sms_spam_collection_v1,NEEDS_REVIEW,HARASS,nr_hint:loan|debt|collection|sexy|casino|gamblin,,,f334a8561a6e,Re-label from NEEDS_REVIEW; prefer HARASS vs AD vs FRAUD.,harass_relabel
id_ss_00277,Aku akan terlambat...,id,spamshield_indonesian_v1,NEEDS_REVIEW,HARASS,nr_hint:hutang|penagihan|terlambat|pinjaman|toge,,,5c6563fecf1a,Re-label from NEEDS_REVIEW; prefer HARASS vs AD vs FRAUD.,harass_relabel
id_ss_01188,"Oh, apa yang terjadi Charles minta maaf atas keterlambatan jawaban.",id,spamshield_indonesian_v1,NEEDS_REVIEW,HARASS,nr_hint:hutang|penagihan|terlambat|pinjaman|toge,,,39011dc4b1c0,Re-label from NEEDS_REVIEW; prefer HARASS vs AD vs FRAUD.,harass_relabel
uci_03934,"Playin space poker, u?",en,uci_sms_spam_collection_v1,NEEDS_REVIEW,HARASS,nr_hint:\bsexy\b|\bhook ?up\b|\bget laid\b|\badu,,,67793f1b7bb7,Re-label from NEEDS_REVIEW; prefer HARASS vs AD vs FRAUD.,harass_relabel
id_ss_00943,Adult 18 Content Video Anda akan segera bersama Anda,id,spamshield_indonesian_v1,NEEDS_REVIEW,HARASS,nr_hint:\bsexy\b|\bhook ?up\b|\bget laid\b|\badu,,,b0ccefa1baa0,Re-label from NEEDS_REVIEW; prefer HARASS vs AD vs FRAUD.,harass_relabel
id_ss_01249,"Selamat malam Sir, harap Anda memiliki hari yang menyenangkan. saya ingin memberikannya kepada pemberitahuan Anda bahwa saya terlambat dalam membayar sewa selama beberapa bulan terakhir dan harus membayar $ &lt;#&gt; biaya. saya merasa akan tidak mempertimbangkan saya untuk bercakap tentang sesuatu yang Anda berikan dengan biaya yang besar kepada diri sendiri dan itulah sebabnya saya tidak berbicara. saya masih dalam resesi dan tidak akan dapat membayar biaya bulan ini oleh karena itu permintaan saya baik-baik saja sebelum akhir bulan.",id,spamshield_indonesian_v1,NEEDS_REVIEW,HARASS,nr_hint:hutang|penagihan|terlambat|pinjaman|toge,,,215fb7dc2eb4,Re-label from NEEDS_REVIEW; prefer HARASS vs AD vs FRAUD.,harass_relabel
id_ss_00528,"Selamat pagi, hari ini saya terlambat untuk 2h. karena sakit punggung.",id,spamshield_indonesian_v1,NEEDS_REVIEW,HARASS,nr_hint:hutang|penagihan|terlambat|pinjaman|toge,,,870b0a248fa7,Re-label from NEEDS_REVIEW; prefer HARASS vs AD vs FRAUD.,harass_relabel
iiitd_00099,"In 1980,IDBI rejected Ambani's loan..bt nw Ambani is plannin 2 buy IDBI. Dis shows nthng is imposble.. Today ICICI rejected my loan... Anywaz.. Gud nyt",hi,iiitd_sms_spam_v1,NEEDS_REVIEW,HARASS,nr_hint:loan|debt|collection|sexy|casino|gamblin,,,88d8e2b8f11a,Re-label from NEEDS_REVIEW; prefer HARASS vs AD vs FRAUD.,harass_relabel
id_ss_00714,Saya akan keluar sekitar 10:30 ingin sesuatu atau itu untuk terlambat?,id,spamshield_indonesian_v1,NEEDS_REVIEW,HARASS,nr_hint:hutang|penagihan|terlambat|pinjaman|toge,,,e9e372727fe7,Re-label from NEEDS_REVIEW; prefer HARASS vs AD vs FRAUD.,harass_relabel
id_ss_00495,"Hi harap Anda mendapatkan ini txt~journey belum pernah gd, sekarang sekitar 50 menit terlambat saya pikir.",id,spamshield_indonesian_v1,NEEDS_REVIEW,HARASS,nr_hint:hutang|penagihan|terlambat|pinjaman|toge,,,c1814af957e3,Re-label from NEEDS_REVIEW; prefer HARASS vs AD vs FRAUD.,harass_relabel
uci_02153,Hi kindly give us back our documents which we submitted for loan from STAPATI,en,uci_sms_spam_collection_v1,NEEDS_REVIEW,HARASS,nr_hint:loan|debt|collection|sexy|casino|gamblin,,,db26d7aed700,Re-label from NEEDS_REVIEW; prefer HARASS vs AD vs FRAUD.,harass_relabel
uci_02110,Lara said she can loan me  &lt;#&gt; .,en,uci_sms_spam_collection_v1,NEEDS_REVIEW,HARASS,nr_hint:loan|debt|collection|sexy|casino|gamblin,,,349f00992456,Re-label from NEEDS_REVIEW; prefer HARASS vs AD vs FRAUD.,harass_relabel
uci_01158,He's an adult and would learn from the experience. There's no real danger. I just dont like peeps using drugs they dont need. But no comment,en,uci_sms_spam_collection_v1,NEEDS_REVIEW,HARASS,nr_hint:\bsexy\b|\bhook ?up\b|\bget laid\b|\badu,,,1e8cbf4659b4,Re-label from NEEDS_REVIEW; prefer HARASS vs AD vs FRAUD.,harass_relabel
zh_04355,白色情人节，感情接力新起点。爱我的人，我爱的人，你是我今生的唯一。路过的人，牵手的人，你是我缘分的归依。爱永不嫌多，情永不落幕！,zh,gitcode_zh_sms_8a104,NEEDS_REVIEW,HARASS,nr_hint:催收|欠款|逾期|讨债|灰产|发票代开|色情|约炮|加微信下款|无抵押|赌博|博,,,deb8ebacc484,Re-label from NEEDS_REVIEW; prefer HARASS vs AD vs FRAUD.,harass_relabel
uci_00097,i see. When we finish we have loads of loans to pay,en,uci_sms_spam_collection_v1,NEEDS_REVIEW,HARASS,nr_hint:loan|debt|collection|sexy|casino|gamblin,,,39e0d6bae5a1,Re-label from NEEDS_REVIEW; prefer HARASS vs AD vs FRAUD.,harass_relabel
iiitd_01938,"Weekender Presents Kids, Mens & Womens Garment with Winter Collection at City Plaza, Opp Payel Cinema. Call 9933890310 Or 0353-2641247 for Details.",hi,iiitd_sms_spam_v1,AD,HARASS,ad_borderline:\bdebt\b|\bcollect(ion|or)\b|\boverdue\b;loan|debt|collection|sexy|casino|gamblin,,,315ea969899e,Was AD — check if HARASS (催收/灰产/成人) or keep AD.,harass_relabel
iiitd_01377,"PEOPLE STORE LAUNCHES ITS SPRING SUMMER COLLECTION OF MEN, WOMEN, YOUTH, KIDSWEAR & ACCESSORIES.REFRESH YOURSELF THIS SUMMER@PEOPLE STORE KAROLBAGH,  PH.45097542/69",hi,iiitd_sms_spam_v1,AD,HARASS,ad_borderline:\bdebt\b|\bcollect(ion|or)\b|\boverdue\b;loan|debt|collection|sexy|casino|gamblin,,,0a803b965497,Was AD — check if HARASS (催收/灰产/成人) or keep AD.,harass_relabel
iiitd_01396,"WINTER COLLECTION !!! swetaer & coats just arrived @ The Arcade, Kazi road .",hi,iiitd_sms_spam_v1,AD,HARASS,ad_borderline:\bdebt\b|\bcollect(ion|or)\b|\boverdue\b;loan|debt|collection|sexy|casino|gamblin,,,266e8088f330,Was AD — check if HARASS (催收/灰产/成人) or keep AD.,harass_relabel
uci_05198,"Spook up your mob with a Halloween collection of a logo & pic message plus a free eerie tone, txt CARD SPOOK to 8007 zed 08701417012150p per logo/pic",en,uci_sms_spam_collection_v1,AD,HARASS,ad_borderline:\bdebt\b|\bcollect(ion|or)\b|\boverdue\b;loan|debt|collection|sexy|casino|gamblin,,,bcd6cc37ffac,Was AD — check if HARASS (催收/灰产/成人) or keep AD.,harass_relabel
uci_02360,"Spook up your mob with a Halloween collection of a logo & pic message plus a free eerie tone, txt CARD SPOOK to 8007 zed 08701417012150p per logo/pic",en,uci_sms_spam_collection_v1,AD,HARASS,ad_borderline:\bdebt\b|\bcollect(ion|or)\b|\boverdue\b;loan|debt|collection|sexy|casino|gamblin,,,bcd6cc37ffac,Was AD — check if HARASS (催收/灰产/成人) or keep AD.,harass_relabel
uci_02945,We currently have a message awaiting your collection. To collect your message just call 08718723815.,en,uci_sms_spam_collection_v1,AD,HARASS,ad_borderline:\bdebt\b|\bcollect(ion|or)\b|\boverdue\b;loan|debt|collection|sexy|casino|gamblin,,,746fdd225674,Was AD — check if HARASS (催收/灰产/成人) or keep AD.,harass_relabel
iiitd_01098,We are specialist in placing people in BPOs & hv al the major client.Hiring 4 collection/cce/tse 4 top 10 Bpos with good sal+inc.DAYSHIFT av.Tanvi/9953921288,hi,iiitd_sms_spam_v1,AD,HARASS,ad_borderline:\bdebt\b|\bcollect(ion|or)\b|\boverdue\b;loan|debt|collection|sexy|casino|gamblin,,,a5526dca0c53,Was AD — check if HARASS (催收/灰产/成人) or keep AD.,harass_relabel
iiitd_01670,NOW Displaying the NEW Summer Collection at JOHN PLAYERS Dwarka Sec-5 (near HDFC Bank),hi,iiitd_sms_spam_v1,AD,HARASS,ad_borderline:\bdebt\b|\bcollect(ion|or)\b|\boverdue\b;loan|debt|collection|sexy|casino|gamblin,,,433727cca1d1,Was AD — check if HARASS (催收/灰产/成人) or keep AD.,harass_relabel
iiitd_01342,"Play it cool with all-new Spring Summer collection from John Players. Rush to stores now,  grab the hottest stuff & make a style statement this season!",hi,iiitd_sms_spam_v1,AD,HARASS,ad_borderline:\bdebt\b|\bcollect(ion|or)\b|\boverdue\b;loan|debt|collection|sexy|casino|gamblin,,,47bf6acb153f,Was AD — check if HARASS (催收/灰产/成人) or keep AD.,harass_relabel
uci_02480,"Sppok up ur mob with a Halloween collection of nokia logo&pic message plus a FREE eerie tone, txt CARD SPOOK to 8007",en,uci_sms_spam_collection_v1,AD,HARASS,ad_borderline:\bdebt\b|\bcollect(ion|or)\b|\boverdue\b;loan|debt|collection|sexy|casino|gamblin,,,e460892d82dd,Was AD — check if HARASS (催收/灰产/成人) or keep AD.,harass_relabel
zh_07329,"白色情人节约会邦购网！春装硬货低至3.5折，3件再7折；限时购周三重磅呈现。详情请登陆www.banggo.com,回复TD退订!【邦购网】",zh,gitcode_zh_sms_8a104,AD,HARASS,ad_borderline:催收|欠款|逾期|讨债|灰产|发票代开|色情|约炮|加微信下款|无抵押|赌博|博,,,42e6bee437bd,Was AD — check if HARASS (催收/灰产/成人) or keep AD.,harass_relabel
iiitd_01921,"Minimal documentation,  Quick approval,  Low rates. Home Loan @9.25%.Loan Against Properties@11.5%. Call on 011-43065228 visit www.mymoneymantra.com.T$C apply.",hi,iiitd_sms_spam_v1,AD,HARASS,ad_borderline:loan|debt|collection|sexy|casino|gamblin,,,8f9e6270618a,Was AD — check if HARASS (催收/灰产/成人) or keep AD.,harass_relabel
iiitd_01562,onfused with insurance schemes? Need health insurance or home loans? Visit www.FullOnInsurance.com & find the best plan for you & your family. T&C appl,hi,iiitd_sms_spam_v1,AD,HARASS,ad_borderline:loan|debt|collection|sexy|casino|gamblin,,,a79ab9fa0428,Was AD — check if HARASS (催收/灰产/成人) or keep AD.,harass_relabel
iiitd_01239,"Ramprastha has Launched The Edge Towers in Gurgaon, @2800/-*Home Loan @ 0*% Just Pay 15% Now & EMI Starts On Possession 2/3/4 BHK Luxurious Flats Cal- 9650988282",hi,iiitd_sms_spam_v1,AD,HARASS,ad_borderline:loan|debt|collection|sexy|casino|gamblin,,,0d9cb76d618c,Was AD — check if HARASS (催收/灰产/成人) or keep AD.,harass_relabel
id_ss_01216,Summers akhirnya di sini! Fancy chat atau flirt dengan single seksi di area yr? Untuk mendapatkan MATCHED hanya jawab SUMMER sekarang. Gratis 2 Bergabung. OptOut txt STOP Help08714742804,id,spamshield_indonesian_v1,AD,HARASS,ad_borderline:hutang|penagihan|terlambat|pinjaman|toge,,,d451a165142e,Was AD — check if HARASS (催收/灰产/成人) or keep AD.,harass_relabel
iiitd_01862,MS HOM TO 56070 And get your Dream Home in NOIDA extn. Two Bedrooms at Rs.17.45 Lacs. Loan Available from leading banks. Located on 200 feet wide road,hi,iiitd_sms_spam_v1,AD,HARASS,ad_borderline:loan|debt|collection|sexy|casino|gamblin,,,e43d154ece2c,Was AD — check if HARASS (催收/灰产/成人) or keep AD.,harass_relabel
iiitd_01794,NEED FUNDS ? Take LOAN AGAINST PROPERTY@11%(Resi/Comm).OD LMT(40 Lkhs-40 Crs.) BALANCE TRANSFER/TOP  UP.SMSLOAN to 57333 or call at 45595488.ICICI HOME LOANS.,hi,iiitd_sms_spam_v1,AD,HARASS,ad_borderline:loan|debt|collection|sexy|casino|gamblin,,,6b14f43158b8,Was AD — check if HARASS (催收/灰产/成人) or keep AD.,harass_relabel
uci_03954,Refused a loan? Secured or Unsecured? Can't get credit? Call free now 0800 195 6669 or text back 'help' & we will!,en,uci_sms_spam_collection_v1,AD,HARASS,ad_borderline:loan|debt|collection|sexy|casino|gamblin,,,2bc7d9714e1e,Was AD — check if HARASS (催收/灰产/成人) or keep AD.,harass_relabel
iiitd_01563,oney4every needz Business Loan OverDraft Construction Loan:Bawana/Narela Home Loan MONEY MATTERS 65656666 981174999,hi,iiitd_sms_spam_v1,AD,HARASS,ad_borderline:loan|debt|collection|sexy|casino|gamblin,,,0056478810e8,Was AD — check if HARASS (催收/灰产/成人) or keep AD.,harass_relabel
uci_03009,"Loan for any purpose ¡ê500 - ¡ê75,000. Homeowners + Tenants welcome. Have you been previously refused? We can still help. Call Free 0800 1956669 or text back 'help'",en,uci_sms_spam_collection_v1,AD,HARASS,ad_borderline:loan|debt|collection|sexy|casino|gamblin,,,5cb9262d83ee,Was AD — check if HARASS (催收/灰产/成人) or keep AD.,harass_relabel
iiitd_01795,NEED FUNDS ? Take LOAN AGAINST PROPERTY @11%(Resi/Comm).40 Lkhs-40 Crs. BALANCE TRANSFER/TOP UP.SMS LOAN to 57333 for reply or call 45595488.ICICI HOME LOANS.,hi,iiitd_sms_spam_v1,AD,HARASS,ad_borderline:loan|debt|collection|sexy|casino|gamblin,,,6b14f43158b8,Was AD — check if HARASS (催收/灰产/成人) or keep AD.,harass_relabel
iiitd_01463,"OWN A PLOT IN NOIDA Y.EXP LAST 2 DAY, PRICE REVISING *JUST INVEST RS.1.5 LAC *REST IN INSTALMENT 18 MNTHS. *LOAN AVAILABLE HURRY CALL-9650198151,9650198251",hi,iiitd_sms_spam_v1,AD,HARASS,ad_borderline:loan|debt|collection|sexy|casino|gamblin,,,92a84c8b838e,Was AD — check if HARASS (催收/灰产/成人) or keep AD.,harass_relabel
uci_01780,"Loan for any purpose ¡ê500 - ¡ê75,000. Homeowners + Tenants welcome. Have you been previously refused? We can still help. Call Free 0800 1956669 or text back 'help'",en,uci_sms_spam_collection_v1,AD,HARASS,ad_borderline:loan|debt|collection|sexy|casino|gamblin,,,5cb9262d83ee,Was AD — check if HARASS (催收/灰产/成人) or keep AD.,harass_relabel
iiitd_01451,P Kensington Blvrd@sec-131 Noida xway.Combo of worldclass amnties&exclnt connectivity.1/2/3/4 BHKApts startin 16.20 Lac on DP.Easy loan avlble.Call-956079603,hi,iiitd_sms_spam_v1,AD,HARASS,ad_borderline:loan|debt|collection|sexy|casino|gamblin,,,243af7a2fd1e,Was AD — check if HARASS (催收/灰产/成人) or keep AD.,harass_relabel
iiitd_01884,"Welcome To SBI, AXIS & Other MNC Banks-home loan, car loan & LAP. Total 15 working days. Interested Call On....This no....LALIT, POOJA--7428124991 --9250121002",hi,iiitd_sms_spam_v1,AD,HARASS,ad_borderline:loan|debt|collection|sexy|casino|gamblin,,,6de5d9fd1d66,Was AD — check if HARASS (催收/灰产/成人) or keep AD.,harass_relabel
iiitd_01874,"Movies,  Masti & More! MovieMania bhejta hai movie reviews,  movies on TV& movies se judi saari khabrein! Register karne ke liye,  sms karo JOIN MM to 09219592195",hi,iiitd_sms_spam_v1,AD,HARASS,ad_borderline:hutang|penagihan|terlambat|pinjaman|toge,,,1b48a61a39d9,Was AD — check if HARASS (催收/灰产/成人) or keep AD.,harass_relabel
id_ss_00934,Anda sekarang tidak berlangganan semua layanan. Dapatkan ribuan gadis seksi atau mengejar langsung ke telepon Anda! pergi ke http://gotbabes.co.uk. Tidak ada langganan.,id,spamshield_indonesian_v1,AD,HARASS,ad_borderline:hutang|penagihan|terlambat|pinjaman|toge,,,f683a406be87,Was AD — check if HARASS (催收/灰产/成人) or keep AD.,harass_relabel
zh_08284,平安银行“新一贷”，快速为您解决消费、经营资金需求，无抵押免担保，手续简便，最高可贷50万，详询13528839645【平安银行】,zh,gitcode_zh_sms_8a104,AD,HARASS,ad_borderline:催收|欠款|逾期|讨债|灰产|发票代开|色情|约炮|加微信下款|无抵押|赌博|博,,,8efdf547fec0,Was AD — check if HARASS (催收/灰产/成人) or keep AD.,harass_relabel
iiitd_01920,"Minimal documentation,  Quick approval,  Low rates. Home Loan @9.25%. Loan Against Properties@11.5%.Call on 011-43065228 visit www.mymoneymantra.com.T$C apply.",hi,iiitd_sms_spam_v1,AD,HARASS,ad_borderline:loan|debt|collection|sexy|casino|gamblin,,,8f9e6270618a,Was AD — check if HARASS (催收/灰产/成人) or keep AD.,harass_relabel
uci_04073,Loans for any purpose even if you have Bad Credit! Tenants Welcome. Call NoWorriesLoans.com on 08717111821,en,uci_sms_spam_collection_v1,AD,HARASS,ad_borderline:loan|debt|collection|sexy|casino|gamblin,,,141e35129249,Was AD — check if HARASS (催收/灰产/成人) or keep AD.,harass_relabel
iiitd_01615,o solve all your credit card & loan problems immediate relief - FREE Consulting legal help center -9871968068/914148391,hi,iiitd_sms_spam_v1,AD,HARASS,ad_borderline:loan|debt|collection|sexy|casino|gamblin,,,0aad8d0de734,Was AD — check if HARASS (催收/灰产/成人) or keep AD.,harass_relabel
iiitd_01406,"Pay just 20%, rest 80%  pay after possesion.loan byDHFL,  2/3/4 BHK APPTS@2772p.sq.ft. in sec37D, GGN.  township on DWARKA EXPRESSWAY.100% profit @ 8800322199",hi,iiitd_sms_spam_v1,AD,HARASS,ad_borderline:loan|debt|collection|sexy|casino|gamblin,,,1d8c60310085,Was AD — check if HARASS (催收/灰产/成人) or keep AD.,harass_relabel
iiitd_01792,NEED FUNDS ? Take LOAN AGAINST PROPERTY@11%(Resi/Comm).OD LMT(40 Lkhs-40 Crs.) BALANCE TRANSFER/TOP UP.SMSLOAN to 57333 or call at 45595488.ICICI HOME LOANS.,hi,iiitd_sms_spam_v1,AD,HARASS,ad_borderline:loan|debt|collection|sexy|casino|gamblin,,,6b14f43158b8,Was AD — check if HARASS (催收/灰产/成人) or keep AD.,harass_relabel
iiitd_01793,NEED FUNDS ? Take LOAN AGAINST PROPERTY@11%(Resi/Comm).OD LMT(40 Lkhs-40 Crs.) BALANCE TRANSFER/TOP UP.SMS LOAN  to 57333 or call at 32222040.ICICI HOME LOANS.,hi,iiitd_sms_spam_v1,AD,HARASS,ad_borderline:loan|debt|collection|sexy|casino|gamblin,,,6b14f43158b8,Was AD — check if HARASS (催收/灰产/成人) or keep AD.,harass_relabel
iiitd_01208,reakng Price Barrier *Supertech presnts Xpandabl Villa's at Yamuna Xprsway *Near Ngt Safari/Racing Track *@26.9 lac onwrds *80% Bank Loan sms IT to 5499,hi,iiitd_sms_spam_v1,AD,HARASS,ad_borderline:loan|debt|collection|sexy|casino|gamblin,,,89a56a96e239,Was AD — check if HARASS (催收/灰产/成人) or keep AD.,harass_relabel
iiitd_01611,o solve All your Credit Card&Loan Problems-IMMEDIATE RELIEF-FREE CONSULTING LEGAL HELP CENTRE-CALL-9591217593/741112356,hi,iiitd_sms_spam_v1,AD,HARASS,ad_borderline:loan|debt|collection|sexy|casino|gamblin,,,9afc043bf4fd,Was AD — check if HARASS (催收/灰产/成人) or keep AD.,harass_relabel
zh_09515,小陆家嘴，财富海景业主欠款急抛低于市场价600万！另，一手独栋别/墅，448平，特价88折！详情张泽龙：15000859520【德佑】,zh,gitcode_zh_sms_8a104,AD,HARASS,ad_borderline:催收|欠款|逾期|讨债|灰产|发票代开|色情|约炮|加微信下款|无抵押|赌博|博,,,196603bb8226,Was AD — check if HARASS (催收/灰产/成人) or keep AD.,harass_relabel
iiitd_01450,P presnts Kensington Blvrd@sec-131 Noida xway.Combo of world class amnenties.1/2/3/4 BHKApts starting 16.20 Lac on DP. Easily loan avlble. SMS bop to 5667,hi,iiitd_sms_spam_v1,AD,HARASS,ad_borderline:loan|debt|collection|sexy|casino|gamblin,,,9e10dc809b26,Was AD — check if HARASS (催收/灰产/成人) or keep AD.,harass_relabel
uci_00400,Hmmm...k...but i want to change the field quickly da:-)i wanna get system administrator or network administrator..,en,uci_sms_spam_collection_v1,NEEDS_REVIEW,NEEDS_REVIEW,nr_pool,,,c9bcf1089b9e,Open NR — mark HARASS if 扰民非骗转账.,harass_relabel
uci_00908,I.ll give her once i have it. Plus she said grinule greet you whenever we speak,en,uci_sms_spam_collection_v1,NEEDS_REVIEW,NEEDS_REVIEW,nr_pool,,,d4500666aaf8,Open NR — mark HARASS if 扰民非骗转账.,harass_relabel
uci_05111,Oh you got many responsibilities.,en,uci_sms_spam_collection_v1,NEEDS_REVIEW,NEEDS_REVIEW,nr_pool,,,c539d28ca081,Open NR — mark HARASS if 扰民非骗转账.,harass_relabel
iiitd_00365,Ibm ka mail kar de.,hi,iiitd_sms_spam_v1,NEEDS_REVIEW,NEEDS_REVIEW,nr_pool,,,0a186189a474,Open NR — mark HARASS if 扰民非骗转账.,harass_relabel
uci_03219,Don know:)this week i'm going to tirunelvai da.,en,uci_sms_spam_collection_v1,NEEDS_REVIEW,NEEDS_REVIEW,nr_pool,,,f11449679839,Open NR — mark HARASS if 扰民非骗转账.,harass_relabel
uci_02613,Yes. It's all innocent fun. O:-),en,uci_sms_spam_collection_v1,NEEDS_REVIEW,NEEDS_REVIEW,nr_pool,,,e55b875b78c8,Open NR — mark HARASS if 扰民非骗转账.,harass_relabel
zh_06256,财富收盘版：近几日市场的技术性反弹为仓重者提供了逢高减仓的机会，由于反弹无量能配合故指数仍将回调寻求支撑。投资建议仅供参考。【招商证券】,zh,gitcode_zh_sms_8a104,NEEDS_REVIEW,NEEDS_REVIEW,nr_pool,,,a2fbdef4ac8c,Open NR — mark HARASS if 扰民非骗转账.,harass_relabel
zh_09185,女乘客唱歌难听惹众怒，飞机迫降将其赶下飞机http://180.3gbc.cn/?a=138921,zh,gitcode_zh_sms_8a104,NEEDS_REVIEW,NEEDS_REVIEW,nr_pool,,,6367e211103f,Open NR — mark HARASS if 扰民非骗转账.,harass_relabel
uci_02173,Yavnt tried yet and never played original either,en,uci_sms_spam_collection_v1,NEEDS_REVIEW,NEEDS_REVIEW,nr_pool,,,962ca48f6b3e,Open NR — mark HARASS if 扰民非骗转账.,harass_relabel
uci_04497,"In case you wake up wondering where I am, I forgot I have to take care of something for grandma today, should be done before the parade",en,uci_sms_spam_collection_v1,NEEDS_REVIEW,NEEDS_REVIEW,nr_pool,,,32fcd8b3bbcb,Open NR — mark HARASS if 扰民非骗转账.,harass_relabel
uci_05102,"Aight, call me once you're close",en,uci_sms_spam_collection_v1,NEEDS_REVIEW,NEEDS_REVIEW,nr_pool,,,d6495126a186,Open NR — mark HARASS if 扰民非骗转账.,harass_relabel
uci_02935,Yup n her fren lor. I'm meeting my fren at 730.,en,uci_sms_spam_collection_v1,NEEDS_REVIEW,NEEDS_REVIEW,nr_pool,,,eda10315be7b,Open NR — mark HARASS if 扰民非骗转账.,harass_relabel
zh_05714,悲情母亲：汶川失子雅安失女[凤凰]-中国移动冲浪助手:http://go.10086.cn/nd/lpy/cJctr,zh,gitcode_zh_sms_8a104,NEEDS_REVIEW,NEEDS_REVIEW,nr_pool,,,efcfd4af01ef,Open NR — mark HARASS if 扰民非骗转账.,harass_relabel
uci_05151,Pls call me da. What happen.,en,uci_sms_spam_collection_v1,NEEDS_REVIEW,NEEDS_REVIEW,nr_pool,,,b31a833f7277,Open NR — mark HARASS if 扰民非骗转账.,harass_relabel
id_ss_00316,Kami berada di sisi yang berlawanan dari mana kami melemparkan Anda,id,spamshield_indonesian_v1,NEEDS_REVIEW,NEEDS_REVIEW,nr_pool,,,343458b5404b,Open NR — mark HARASS if 扰民非骗转账.,harass_relabel
uci_03703,Hey loverboy! I love you !! I had to tell ... I look at your picture and ache to feel you between my legs ... Fuck I want you ... I need you ... I crave you .,en,uci_sms_spam_collection_v1,NEEDS_REVIEW,NEEDS_REVIEW,nr_pool,,,d433f19b17e0,Open NR — mark HARASS if 扰民非骗转账.,harass_relabel
id_ss_00014,Apakah ada hari Jumat yang akan datang adalah liburan untuk pongal?Apakah Anda mendapatkan berita dari tempat kerja Anda.,id,spamshield_indonesian_v1,NEEDS_REVIEW,NEEDS_REVIEW,nr_pool,,,5690c9f7bdb4,Open NR — mark HARASS if 扰民非骗转账.,harass_relabel
uci_05224,5 nights...We nt staying at port step liao...Too ex,en,uci_sms_spam_collection_v1,NEEDS_REVIEW,NEEDS_REVIEW,nr_pool,,,beecd8dfd5aa,Open NR — mark HARASS if 扰民非骗转账.,harass_relabel
zh_05267,京北后花园拉斐水岸，三山一湖零距离亲水，一万抵十万，大产权送花园露台，180-600平法式实景养生别墅，样板间盛情绽放4000686076,zh,gitcode_zh_sms_8a104,NEEDS_REVIEW,NEEDS_REVIEW,nr_pool,,,8dfe7fbcaece,Open NR — mark HARASS if 扰民非骗转账.,harass_relabel
uci_01979,No I'm in the same boat. Still here at my moms. Check me out on yo. I'm half naked.,en,uci_sms_spam_collection_v1,NEEDS_REVIEW,NEEDS_REVIEW,nr_pool,,,5035db335d3e,Open NR — mark HARASS if 扰民非骗转账.,harass_relabel
uci_00178,"Turns out my friends are staying for the whole show and won't be back til ~ &lt;#&gt; , so feel free to go ahead and smoke that $ &lt;#&gt;  worth",en,uci_sms_spam_collection_v1,NEEDS_REVIEW,NEEDS_REVIEW,nr_pool,,,74a129e129c5,Open NR — mark HARASS if 扰民非骗转账.,harass_relabel
uci_02524,"Sorry, I'll call later",en,uci_sms_spam_collection_v1,NEEDS_REVIEW,NEEDS_REVIEW,nr_pool,,,d5081f7715ce,Open NR — mark HARASS if 扰民非骗转账.,harass_relabel
id_yudi_01085,"Terus kalau ada yang nanya, kita masuknya suka pagi sampai siang kadang juga siang sampai sore. Gimana dari sananha.",id,yudiwbs_id_sms_spam_v1,NEEDS_REVIEW,NEEDS_REVIEW,nr_pool,,,08e5c2d9704f,Open NR — mark HARASS if 扰民非骗转账.,harass_relabel
id_ss_00457,"Dia tidak bisa berdebat dengan dan dia selalu memperlakukan saya seperti anaknya, seperti dia tidak pernah melepaskan saya ... Apa yang dia lakukan dan saya akan mengingatkan dia tentang itu jika perlu",id,spamshield_indonesian_v1,NEEDS_REVIEW,NEEDS_REVIEW,nr_pool,,,952b804ed2d7,Open NR — mark HARASS if 扰民非骗转账.,harass_relabel
uci_04336,"Now u sound like manky scouse boy steve,like! I is travelling on da bus home.wot has u inmind 4 recreation dis eve?",en,uci_sms_spam_collection_v1,NEEDS_REVIEW,NEEDS_REVIEW,nr_pool,,,b1f8befa9f42,Open NR — mark HARASS if 扰民非骗转账.,harass_relabel
uci_00087,Yes I started to send requests to make it but pain came back so I'm back in bed. Double coins at the factory too. I gotta cash in all my nitros.,en,uci_sms_spam_collection_v1,NEEDS_REVIEW,NEEDS_REVIEW,nr_pool,,,f701a2df4155,Open NR — mark HARASS if 扰民非骗转账.,harass_relabel
uci_03115,Yes watching footie but worried we're going to blow it - Phil Neville?,en,uci_sms_spam_collection_v1,NEEDS_REVIEW,NEEDS_REVIEW,nr_pool,,,eb908fe695b9,Open NR — mark HARASS if 扰民非骗转账.,harass_relabel
uci_04393,what are your new years plans?,en,uci_sms_spam_collection_v1,NEEDS_REVIEW,NEEDS_REVIEW,nr_pool,,,76a8e8e8bd2c,Open NR — mark HARASS if 扰民非骗转账.,harass_relabel
uci_04994,"""HEY KATE, HOPE UR OK... WILL GIVE U A BUZ WEDLUNCH. GO OUTSOMEWHERE 4 ADRINK IN TOWN..CUD GO 2WATERSHD 4 A BIT? PPL FROMWRK WILL BTHERE. LOVE PETEXXX.""",en,uci_sms_spam_collection_v1,NEEDS_REVIEW,NEEDS_REVIEW,nr_pool,,,cc80be51c982,Open NR — mark HARASS if 扰民非骗转账.,harass_relabel
iiitd_00939,I am manoj.My new no. 9802414624,hi,iiitd_sms_spam_v1,NEEDS_REVIEW,NEEDS_REVIEW,nr_pool,,,f939869881fa,Open NR — mark HARASS if 扰民非骗转账.,harass_relabel
uci_05184,I sent them. Do you like?,en,uci_sms_spam_collection_v1,NEEDS_REVIEW,NEEDS_REVIEW,nr_pool,,,c61d9595fff7,Open NR — mark HARASS if 扰民非骗转账.,harass_relabel
uci_02924,Fine am simply sitting.,en,uci_sms_spam_collection_v1,NEEDS_REVIEW,NEEDS_REVIEW,nr_pool,,,13bbb2b8dba6,Open NR — mark HARASS if 扰民非骗转账.,harass_relabel
uci_03038,Cos darren say ¨¹ considering mah so i ask ¨¹...,en,uci_sms_spam_collection_v1,NEEDS_REVIEW,NEEDS_REVIEW,nr_pool,,,2604e930ce7e,Open NR — mark HARASS if 扰民非骗转账.,harass_relabel
uci_02939,Hey i've booked the pilates and yoga lesson already... Haha,en,uci_sms_spam_collection_v1,NEEDS_REVIEW,NEEDS_REVIEW,nr_pool,,,a3f17b55de7f,Open NR — mark HARASS if 扰民非骗转账.,harass_relabel
uci_04513,Now project pa. After that only i can come.,en,uci_sms_spam_collection_v1,NEEDS_REVIEW,NEEDS_REVIEW,nr_pool,,,eee9cebdc6f0,Open NR — mark HARASS if 扰民非骗转账.,harass_relabel
uci_01324,I thk 50 shd be ok he said plus minus 10.. Did ¨¹ leave a line in between paragraphs?,en,uci_sms_spam_collection_v1,NEEDS_REVIEW,NEEDS_REVIEW,nr_pool,,,15656dfccc1e,Open NR — mark HARASS if 扰民非骗转账.,harass_relabel
uci_03143,Not planned yet :)going to join company on jan 5 only.don know what will happen after that.,en,uci_sms_spam_collection_v1,NEEDS_REVIEW,NEEDS_REVIEW,nr_pool,,,6d94cd2df4f1,Open NR — mark HARASS if 扰民非骗转账.,harass_relabel
uci_00464,"Sorry, I'll call later ok bye",en,uci_sms_spam_collection_v1,NEEDS_REVIEW,NEEDS_REVIEW,nr_pool,,,fb3c9b5fe223,Open NR — mark HARASS if 扰民非骗转账.,harass_relabel
id_ss_01023,Ini adalah &lt;DECIMAL&gt; lakhs :),id,spamshield_indonesian_v1,NEEDS_REVIEW,NEEDS_REVIEW,nr_pool,,,22f0c63114f6,Open NR — mark HARASS if 扰民非骗转账.,harass_relabel
uci_00864,Did u find out what time the bus is at coz i need to sort some stuff out.,en,uci_sms_spam_collection_v1,NEEDS_REVIEW,NEEDS_REVIEW,nr_pool,,,d23ec7bcb535,Open NR — mark HARASS if 扰民非骗转账.,harass_relabel
uci_00300,Need a coffee run tomo?Can't believe it's that time of week already,en,uci_sms_spam_collection_v1,NEEDS_REVIEW,NEEDS_REVIEW,nr_pool,,,dc7ff2e4dccb,Open NR — mark HARASS if 扰民非骗转账.,harass_relabel
uci_04979,JADE ITS PAUL. Y DIDN?T U TXT ME? DO U REMEMBER ME FROM BARMED? I WANT 2 TALK 2 U! TXT ME,en,uci_sms_spam_collection_v1,NEEDS_REVIEW,NEEDS_REVIEW,nr_pool,,,93efa51c7422,Open NR — mark HARASS if 扰民非骗转账.,harass_relabel
iiitd_00388,i'm sure you know different ways to say not right now.,hi,iiitd_sms_spam_v1,NEEDS_REVIEW,NEEDS_REVIEW,nr_pool,,,ef3d5884685f,Open NR — mark HARASS if 扰民非骗转账.,harass_relabel
uci_03555,am up to my eyes in philosophy,en,uci_sms_spam_collection_v1,NEEDS_REVIEW,NEEDS_REVIEW,nr_pool,,,9742af6f6ef3,Open NR — mark HARASS if 扰民非骗转账.,harass_relabel
iiitd_00112,"ZINDGI mein kuch lamhe khas ban gaye,Mile to MULAQAT or Bichde to YAAD ban gaye,kuch lamhe dhire dhire fisalte chale gaye,par jo dil se na gaye vo aap ban gye.",hi,iiitd_sms_spam_v1,NEEDS_REVIEW,NEEDS_REVIEW,nr_pool,,,53b90e7e9387,Open NR — mark HARASS if 扰民非骗转账.,harass_relabel
zh_09419,【招商证券】财富早间版：我国六月份规模以上工业企业利润总额同比增17.9%；上市公司财报低于预期美股下挫。主板指数突破后继续呈现强势格局，关注优质品种轮动操作机会。可适当配置业绩优良，未来具备一定成长性的沙隆达A、浙江龙盛。投资建议仅供参考。,zh,gitcode_zh_sms_8a104,NEEDS_REVIEW,NEEDS_REVIEW,nr_pool,,,6cea394434a5,Open NR — mark HARASS if 扰民非骗转账.,harass_relabel
zh_08793,【招商证券】财富早间版：昆明市11日起宣布解除商品房限购；7月中旬以来超九成省区市猪肉价格上涨。指数经历短期回调后有望继续拓展向上空间，关注优质个股轮动机会。宇通客车、沙隆达A逢高了结，可适当配置业绩优良、行业景气度较佳的文峰股份、海通证券。投资建议仅供参考。,zh,gitcode_zh_sms_8a104,NEEDS_REVIEW,NEEDS_REVIEW,nr_pool,,,b5683225ae50,Open NR — mark HARASS if 扰民非骗转账.,harass_relabel
uci_01606,When you came to hostel.,en,uci_sms_spam_collection_v1,NEEDS_REVIEW,NEEDS_REVIEW,nr_pool,,,6a0b7de5c5c9,Open NR — mark HARASS if 扰民非骗转账.,harass_relabel
uci_02551,Please sen :)my kind advice :-)please come here and try:-),en,uci_sms_spam_collection_v1,NEEDS_REVIEW,NEEDS_REVIEW,nr_pool,,,a293554ba748,Open NR — mark HARASS if 扰民非骗转账.,harass_relabel
zh_01220,【招商证券】财富版：证监会核准12家公司IPO新股批文；安邦财险再举牌招商银行，持股已达10%。昨日指数报复性反弹，然量能有所萎缩，预计短期市场以震荡为主。除金融为主线外，热点向环保、传媒、一带一路、军工等扩散，可适当关注。投资建议仅供参考，回复N退订。,zh,gitcode_zh_sms_8a104,NEEDS_REVIEW,NEEDS_REVIEW,nr_pool,,,dfc9016dc74c,Open NR — mark HARASS if 扰民非骗转账.,harass_relabel
id_yudi_00836,Januari pokoknya mau sama sapapun kemanapun harus liburan fix aamiin,id,yudiwbs_id_sms_spam_v1,NEEDS_REVIEW,NEEDS_REVIEW,nr_pool,,,520cb47d4992,Open NR — mark HARASS if 扰民非骗转账.,harass_relabel
uci_00412,Cos i want it to be your thing,en,uci_sms_spam_collection_v1,NEEDS_REVIEW,NEEDS_REVIEW,nr_pool,,,c9fe2c411dca,Open NR — mark HARASS if 扰民非骗转账.,harass_relabel
uci_02483,Pansy! You've been living in a jungle for two years! Its my driving you should be more worried about!,en,uci_sms_spam_collection_v1,NEEDS_REVIEW,NEEDS_REVIEW,nr_pool,,,41c444e67e25,Open NR — mark HARASS if 扰民非骗转账.,harass_relabel
uci_01377,Auntie huai juan never pick up her phone,en,uci_sms_spam_collection_v1,NEEDS_REVIEW,NEEDS_REVIEW,nr_pool,,,bb7b85efa3c4,Open NR — mark HARASS if 扰民非骗转账.,harass_relabel
uci_01345,Were somewhere on Fredericksburg,en,uci_sms_spam_collection_v1,NEEDS_REVIEW,NEEDS_REVIEW,nr_pool,,,e89b5251c86d,Open NR — mark HARASS if 扰民非骗转账.,harass_relabel
zh_10069,深圳一电梯失控 女护士被诡异夹死[21CN]-中国移动冲浪助手:http://go.10086.cn/nd/m8e/a9f6E,zh,gitcode_zh_sms_8a104,NEEDS_REVIEW,NEEDS_REVIEW,nr_pool,,,78b52ab4a666,Open NR — mark HARASS if 扰民非骗转账.,harass_relabel
uci_05098,But i'm really really broke oh. No amount is too small even  &lt;#&gt;,en,uci_sms_spam_collection_v1,NEEDS_REVIEW,NEEDS_REVIEW,nr_pool,,,34163a0eac4a,Open NR — mark HARASS if 扰民非骗转账.,harass_relabel
uci_04448,Please tell me you have some of that special stock you were talking about,en,uci_sms_spam_collection_v1,NEEDS_REVIEW,NEEDS_REVIEW,nr_pool,,,f42d71a10f74,Open NR — mark HARASS if 扰民非骗转账.,harass_relabel
iiitd_00685,i like your new dp on fb. :*,hi,iiitd_sms_spam_v1,NEEDS_REVIEW,NEEDS_REVIEW,nr_pool,,,9a296443f492,Open NR — mark HARASS if 扰民非骗转账.,harass_relabel
uci_03704,"How is my boy? No sweet words left for me this morning ... *sighs* ... How goes you day, my love ? Did you start your studying?",en,uci_sms_spam_collection_v1,NEEDS_REVIEW,NEEDS_REVIEW,nr_pool,,,7ba617d9d34b,Open NR — mark HARASS if 扰民非骗转账.,harass_relabel
uci_03871,Oh ok wait 4 me there... My lect havent finish,en,uci_sms_spam_collection_v1,NEEDS_REVIEW,NEEDS_REVIEW,nr_pool,,,ba6c900c30db,Open NR — mark HARASS if 扰民非骗转账.,harass_relabel
zh_04745,【招商证券】财富早间版：国务院称坚持稳健货币政策，保持信贷总量合理增长；全国已有27个城市对限购政策进行不同程度的调整。创业板持续疲弱或拖累主板，且上证年线即2100点附近具备一定阻力需要反复震荡消化。维持前期策略，等待主板优质品种回调低吸机会。投资建议仅供参考。,zh,gitcode_zh_sms_8a104,NEEDS_REVIEW,NEEDS_REVIEW,nr_pool,,,a473e9888be3,Open NR — mark HARASS if 扰民非骗转账.,harass_relabel
uci_02697,Nope but i'm going home now then go pump petrol lor... Like going 2 rain soon...,en,uci_sms_spam_collection_v1,NEEDS_REVIEW,NEEDS_REVIEW,nr_pool,,,8e8a1f8dd3a3,Open NR — mark HARASS if 扰民非骗转账.,harass_relabel
id_yudi_00573,"Yuk Ikuti akun dakwah, caranya: ketik IKUT [spasi] AkuCintaIslam kirim ke 082110001021.",id,yudiwbs_id_sms_spam_v1,NEEDS_REVIEW,NEEDS_REVIEW,nr_pool,,,6256130f3343,Open NR — mark HARASS if 扰民非骗转账.,harass_relabel
zh_04837,美媒曝光中国地下空军:不可战胜[搜狐]-中国移动冲浪助手:http://go.10086.cn/nd/mgB/VtYfr,zh,gitcode_zh_sms_8a104,NEEDS_REVIEW,NEEDS_REVIEW,nr_pool,,,ca88947f04e5,Open NR — mark HARASS if 扰民非骗转账.,harass_relabel
uci_00456,Si si. I think ill go make those oreo truffles.,en,uci_sms_spam_collection_v1,NEEDS_REVIEW,NEEDS_REVIEW,nr_pool,,,15e9f337c70c,Open NR — mark HARASS if 扰民非骗转账.,harass_relabel
zh_07326,盘点公交咸猪手三特征 网友支猛招[腾讯]-中国移动冲浪助手:http://go.10086.cn/np/mga/cQA8M,zh,gitcode_zh_sms_8a104,NEEDS_REVIEW,NEEDS_REVIEW,nr_pool,,,70ee5a7620c5,Open NR — mark HARASS if 扰民非骗转账.,harass_relabel
zh_08020,戈:能让用户自己设置 移出 移入 我觉得是用户的需求【发自飞信】,zh,gitcode_zh_sms_8a104,NEEDS_REVIEW,NEEDS_REVIEW,nr_pool,,,67c17e8f4591,Open NR — mark HARASS if 扰民非骗转账.,harass_relabel
iiitd_00239,If u busy rgt nw v cn talk latr,hi,iiitd_sms_spam_v1,NEEDS_REVIEW,NEEDS_REVIEW,nr_pool,,,7fe72281828d,Open NR — mark HARASS if 扰民非骗转账.,harass_relabel
uci_03030,What is your record for one night? :),en,uci_sms_spam_collection_v1,NEEDS_REVIEW,NEEDS_REVIEW,nr_pool,,,9df9f167c00d,Open NR — mark HARASS if 扰民非骗转账.,harass_relabel
uci_02764,"Say this slowly.? GOD,I LOVE YOU &amp; I NEED YOU,CLEAN MY HEART WITH YOUR BLOOD.Send this to Ten special people &amp; u c miracle tomorrow, do it,pls,pls do it...",en,uci_sms_spam_collection_v1,NEEDS_REVIEW,NEEDS_REVIEW,nr_pool,,,17abb528d1b6,Open NR — mark HARASS if 扰民非骗转账.,harass_relabel
id_yudi_00606,Ajakin ke soekarno hatta aja nama1 . Makan di eatboss soekarno hatta wkwkw,id,yudiwbs_id_sms_spam_v1,NEEDS_REVIEW,NEEDS_REVIEW,nr_pool,,,60e9f192d919,Open NR — mark HARASS if 扰民非骗转账.,harass_relabel
id_ss_00157,Ur cash-balance saat ini 500 pound - untuk memaksimalkan ur cash-in sekarang mengirim GO ke 86688 hanya 150p/msg. CC 08718720201 HG/Suite342/2Lands Row/W1J6HL,id,spamshield_indonesian_v1,NEEDS_REVIEW,NEEDS_REVIEW,nr_pool,,,69f91dc9c9b8,Open NR — mark HARASS if 扰民非骗转账.,harass_relabel
zh_01040,您好，我是您的移动业务好帮手小e。您现在需要“开通”或了解哪种业务或套餐？请直接回复具体业务名称，感谢您的使用！,zh,gitcode_zh_sms_8a104,NEEDS_REVIEW,NEEDS_REVIEW,nr_pool,,,6ee1be0c534e,Open NR — mark HARASS if 扰民非骗转账.,harass_relabel
uci_03112,"Short But Cute : "" Be a good person , but dont try to prove"" ..... Gud mrng...",en,uci_sms_spam_collection_v1,NEEDS_REVIEW,NEEDS_REVIEW,nr_pool,,,38f8680c2c06,Open NR — mark HARASS if 扰民非骗转账.,harass_relabel
zh_00484,网曝大学女生最好嫁人的五大专业[腾讯]-中国移动冲浪助手:http://go.10086.cn/nd/lX0/OANCK,zh,gitcode_zh_sms_8a104,NEEDS_REVIEW,NEEDS_REVIEW,nr_pool,,,3465f9d0a7f7,Open NR — mark HARASS if 扰民非骗转账.,harass_relabel
zh_00891,【招商证券】财富早间版：证监会核准11家企业IPO首发申请；经济数据及企业财报提振市场信心，美标普指数逼近历史新高。市场盘中震荡后上证指数有望冲击2250点强阻力区，近期涨幅较大品种应适当减仓以谨防获利回吐，其余滞涨优质个股继续持股待涨。投资建议仅供参考。,zh,gitcode_zh_sms_8a104,NEEDS_REVIEW,NEEDS_REVIEW,nr_pool,,,648e26ae75d6,Open NR — mark HARASS if 扰民非骗转账.,harass_relabel
uci_00723,That is wondar full flim.,en,uci_sms_spam_collection_v1,NEEDS_REVIEW,NEEDS_REVIEW,nr_pool,,,4d4bbad93e71,Open NR — mark HARASS if 扰民非骗转账.,harass_relabel
uci_05241,"Jay wants to work out first, how's 4 sound?",en,uci_sms_spam_collection_v1,NEEDS_REVIEW,NEEDS_REVIEW,nr_pool,,,10cbdb0f0ccb,Open NR — mark HARASS if 扰民非骗转账.,harass_relabel
iiitd_00425,i woke up so early only to find out its off for me today!,hi,iiitd_sms_spam_v1,NEEDS_REVIEW,NEEDS_REVIEW,nr_pool,,,60aabc052ac7,Open NR — mark HARASS if 扰民非骗转账.,harass_relabel
iiitd_00561,I promise to be by your side always..whenever u need me..in your happy times and your sad times..coz u r someone i never wanna lose..i love you..n i ll be your friend forever..i promise..Happy promise day..,hi,iiitd_sms_spam_v1,NEEDS_REVIEW,NEEDS_REVIEW,nr_pool,,,fb5bb9d1c3eb,Open NR — mark HARASS if 扰民非骗转账.,harass_relabel
uci_05075,I want to sent  &lt;#&gt; mesages today. Thats y. Sorry if i hurts,en,uci_sms_spam_collection_v1,NEEDS_REVIEW,NEEDS_REVIEW,nr_pool,,,84a7b80d6b6f,Open NR — mark HARASS if 扰民非骗转账.,harass_relabel
iiitd_00465,Who r d three mst hard workin ppl in MTV ROADIES? Raghu Ranvijay n think?   Its the man who presses the beep button to censor abuses !!!,hi,iiitd_sms_spam_v1,NEEDS_REVIEW,NEEDS_REVIEW,nr_pool,,,5c278d191d35,Open NR — mark HARASS if 扰民非骗转账.,harass_relabel
uci_00195,How are you doing? Hope you've settled in for the new school year. Just wishin you a gr8 day,en,uci_sms_spam_collection_v1,NEEDS_REVIEW,NEEDS_REVIEW,nr_pool,,,4e500d5001dd,Open NR — mark HARASS if 扰民非骗转账.,harass_relabel
zh_03880,"""【金眼睛】【中传视讯】测试的短信马上一大波开始了。请关注短信测试讨论组15:41:32",zh,gitcode_zh_sms_8a104,NEEDS_REVIEW,NEEDS_REVIEW,nr_pool,,,4a42c2666ec9,Open NR — mark HARASS if 扰民非骗转账.,harass_relabel
uci_05310,I'm coming back on Thursday. Yay. Is it gonna be ok to get the money. Cheers. Oh yeah and how are you. Everything alright. Hows school. Or do you call it work now,en,uci_sms_spam_collection_v1,NEEDS_REVIEW,NEEDS_REVIEW,nr_pool,,,551b29783f7f,Open NR — mark HARASS if 扰民非骗转账.,harass_relabel
id_yudi_00591,Ada internet min alamatnya dmn?,id,yudiwbs_id_sms_spam_v1,NEEDS_REVIEW,NEEDS_REVIEW,nr_pool,,,130675015378,Open NR — mark HARASS if 扰民非骗转账.,harass_relabel
uci_00212,Home so we can always chat,en,uci_sms_spam_collection_v1,NEEDS_REVIEW,NEEDS_REVIEW,nr_pool,,,06ce82c2492c,Open NR — mark HARASS if 扰民非骗转账.,harass_relabel
id_yudi_01048,Semoga Allah bersama kita Semua.,id,yudiwbs_id_sms_spam_v1,NEEDS_REVIEW,NEEDS_REVIEW,nr_pool,,,654a8627313b,Open NR — mark HARASS if 扰民非骗转账.,harass_relabel
uci_04806,Sorry for the delay. Yes masters,en,uci_sms_spam_collection_v1,NEEDS_REVIEW,NEEDS_REVIEW,nr_pool,,,8762e051978c,Open NR — mark HARASS if 扰民非骗转账.,harass_relabel
uci_02229,Those were my exact intentions,en,uci_sms_spam_collection_v1,NEEDS_REVIEW,NEEDS_REVIEW,nr_pool,,,b5588c62667e,Open NR — mark HARASS if 扰民非骗转账.,harass_relabel
iiitd_00234,"If u cn talk thru text, cn u jus tell me wot d hell is going on??? M rely getting vry pissed off frustrated and disturbed. N its betr if i don live in misconceptions.",hi,iiitd_sms_spam_v1,NEEDS_REVIEW,NEEDS_REVIEW,nr_pool,,,6096d6ed1790,Open NR — mark HARASS if 扰民非骗转账.,harass_relabel
uci_02544,Package all your programs well,en,uci_sms_spam_collection_v1,NEEDS_REVIEW,NEEDS_REVIEW,nr_pool,,,056e4a7d9938,Open NR — mark HARASS if 扰民非骗转账.,harass_relabel
uci_01945,"Yeah, I'll leave in a couple minutes &amp; let you know when I get to mu",en,uci_sms_spam_collection_v1,NEEDS_REVIEW,NEEDS_REVIEW,nr_pool,,,fe4a8031e70e,Open NR — mark HARASS if 扰民非骗转账.,harass_relabel
uci_01310,"Ok, be careful ! Don't text and drive !",en,uci_sms_spam_collection_v1,NEEDS_REVIEW,NEEDS_REVIEW,nr_pool,,,cb3b54a48c23,Open NR — mark HARASS if 扰民非骗转账.,harass_relabel
uci_02356,"Hello, my love ! How went your day ? Are you alright ? I think of you, my sweet and send a jolt to your heart to remind you ... I LOVE YOU! Can you hear it ? I screamed it across the sea for all the world to hear. Ahmad al Hallaq is loved ! and owned ! *possessive passionate kiss*",en,uci_sms_spam_collection_v1,NEEDS_REVIEW,NEEDS_REVIEW,nr_pool,,,462f1c26f516,Open NR — mark HARASS if 扰民非骗转账.,harass_relabel
id_yudi_00612,Aku di pt. DI,id,yudiwbs_id_sms_spam_v1,NEEDS_REVIEW,NEEDS_REVIEW,nr_pool,,,9afe3ef60044,Open NR — mark HARASS if 扰民非骗转账.,harass_relabel
id_ss_00865,Photoshop membuat komputer saya tertutup.,id,spamshield_indonesian_v1,NEEDS_REVIEW,NEEDS_REVIEW,nr_pool,,,87bc0d8c0a2f,Open NR — mark HARASS if 扰民非骗转账.,harass_relabel
zh_09651,京石路改扩建施工，请谨慎驾驶，因此带来不便请谅解。冀星公司客服电话:0311-966122.,zh,gitcode_zh_sms_8a104,NEEDS_REVIEW,NEEDS_REVIEW,nr_pool,,,9509c24ce28d,Open NR — mark HARASS if 扰民非骗转账.,harass_relabel
uci_03470,All day working day:)except saturday and sunday..,en,uci_sms_spam_collection_v1,NEEDS_REVIEW,NEEDS_REVIEW,nr_pool,,,6f823aa17b22,Open NR — mark HARASS if 扰民非骗转账.,harass_relabel
uci_04415,How stupid to say that i challenge god.You dont think at all on what i write instead you respond immed.,en,uci_sms_spam_collection_v1,NEEDS_REVIEW,NEEDS_REVIEW,nr_pool,,,2cf779177735,Open NR — mark HARASS if 扰民非骗转账.,harass_relabel
id_yudi_00702,Cara panggil na localhost/SistemRumahSakit/gerbang/rawatdarurat,id,yudiwbs_id_sms_spam_v1,NEEDS_REVIEW,NEEDS_REVIEW,nr_pool,,,9507ef96b4c7,Open NR — mark HARASS if 扰民非骗转账.,harass_relabel
uci_01689,Nan sonathaya soladha. Why boss?,en,uci_sms_spam_collection_v1,NEEDS_REVIEW,NEEDS_REVIEW,nr_pool,,,7f1c507b4bee,Open NR — mark HARASS if 扰民非骗转账.,harass_relabel
iiitd_00078,"In any relationship, the essence of trust is in it's bond.So, hold the hand of the person whom you love, rather than expecting them to hold urs. .! :-)",hi,iiitd_sms_spam_v1,NEEDS_REVIEW,NEEDS_REVIEW,nr_pool,,,94aa419494c4,Open NR — mark HARASS if 扰民非骗转账.,harass_relabel
uci_00722,S'fine. Anytime. All the best with it.,en,uci_sms_spam_collection_v1,NEEDS_REVIEW,NEEDS_REVIEW,nr_pool,,,0e80e54bf3a3,Open NR — mark HARASS if 扰民非骗转账.,harass_relabel
zh_02280,纸袋碰腿北京2孕妇地铁内互殴[人民]-中国移动冲浪助手:http://go.10086.cn/nd/mh9/E5RT5,zh,gitcode_zh_sms_8a104,NEEDS_REVIEW,NEEDS_REVIEW,nr_pool,,,acba29da0882,Open NR — mark HARASS if 扰民非骗转账.,harass_relabel
uci_02517,Yes.i'm in office da:),en,uci_sms_spam_collection_v1,NEEDS_REVIEW,NEEDS_REVIEW,nr_pool,,,e43ec34ead17,Open NR — mark HARASS if 扰民非骗转账.,harass_relabel
zh_08804,女护士乘电梯被夹死事故原因查明[腾讯]-中国移动冲浪助手:http://go.10086.cn/nd/mdc/NUljA,zh,gitcode_zh_sms_8a104,NEEDS_REVIEW,NEEDS_REVIEW,nr_pool,,,5bbbb4ebfbd1,Open NR — mark HARASS if 扰民非骗转账.,harass_relabel
uci_01090,Goodmorning today i am late for  &lt;DECIMAL&gt; min.,en,uci_sms_spam_collection_v1,NEEDS_REVIEW,NEEDS_REVIEW,nr_pool,,,6c7125e13e05,Open NR — mark HARASS if 扰民非骗转账.,harass_relabel
uci_00441,Yes..he is really great..bhaji told kallis best cricketer after sachin in world:).very tough to get out.,en,uci_sms_spam_collection_v1,NEEDS_REVIEW,NEEDS_REVIEW,nr_pool,,,0f5f3fcabd05,Open NR — mark HARASS if 扰民非骗转账.,harass_relabel
uci_03611,"Call me. I m unable to cal. Lets meet bhaskar, and deep",en,uci_sms_spam_collection_v1,NEEDS_REVIEW,NEEDS_REVIEW,nr_pool,,,53a19db64fdf,Open NR — mark HARASS if 扰民非骗转账.,harass_relabel
uci_04528,Understand. his loss is my gain :) so do you work? School?,en,uci_sms_spam_collection_v1,NEEDS_REVIEW,NEEDS_REVIEW,nr_pool,,,c2b4d8563355,Open NR — mark HARASS if 扰民非骗转账.,harass_relabel
uci_03499,You said to me before i went back to bed that you can't sleep for anything.,en,uci_sms_spam_collection_v1,NEEDS_REVIEW,NEEDS_REVIEW,nr_pool,,,8349bf48f686,Open NR — mark HARASS if 扰民非骗转账.,harass_relabel
uci_04255,"How about clothes, jewelry, and trips?",en,uci_sms_spam_collection_v1,NEEDS_REVIEW,NEEDS_REVIEW,nr_pool,,,02feea351815,Open NR — mark HARASS if 扰民非骗转账.,harass_relabel
uci_04575,:( but your not here....,en,uci_sms_spam_collection_v1,NEEDS_REVIEW,NEEDS_REVIEW,nr_pool,,,d153f4e8be36,Open NR — mark HARASS if 扰民非骗转账.,harass_relabel
uci_01539,Midnight at the earliest,en,uci_sms_spam_collection_v1,NEEDS_REVIEW,NEEDS_REVIEW,nr_pool,,,81f272a47aaa,Open NR — mark HARASS if 扰民非骗转账.,harass_relabel
uci_00753,Dont gimme that lip caveboy,en,uci_sms_spam_collection_v1,NEEDS_REVIEW,NEEDS_REVIEW,nr_pool,,,720721aef524,Open NR — mark HARASS if 扰民非骗转账.,harass_relabel
uci_01950,Wait 2 min..stand at bus stop,en,uci_sms_spam_collection_v1,NEEDS_REVIEW,NEEDS_REVIEW,nr_pool,,,b85b01b4d5b8,Open NR — mark HARASS if 扰民非骗转账.,harass_relabel
uci_04179,Two teams waiting for some players,en,uci_sms_spam_collection_v1,NEEDS_REVIEW,NEEDS_REVIEW,nr_pool,,,9c987c31291b,Open NR — mark HARASS if 扰民非骗转账.,harass_relabel
uci_00601,Mind blastin.. No more Tsunamis will occur from now on.. Rajnikant stopped swimming in Indian Ocean..:-D,en,uci_sms_spam_collection_v1,NEEDS_REVIEW,NEEDS_REVIEW,nr_pool,,,1266b816fe23,Open NR — mark HARASS if 扰民非骗转账.,harass_relabel
zh_08262,"张薇（13810345905)希望加您为飞信好友:360 张薇""同意回复Y",zh,gitcode_zh_sms_8a104,NEEDS_REVIEW,NEEDS_REVIEW,nr_pool,,,6bcc69c74a1d,Open NR — mark HARASS if 扰民非骗转账.,harass_relabel
uci_01236,Your opinion about me? 1. Over 2. Jada 3. Kusruthi 4. Lovable 5. Silent 6. Spl character 7. Not matured 8. Stylish 9. Simple Pls reply..,en,uci_sms_spam_collection_v1,NEEDS_REVIEW,NEEDS_REVIEW,nr_pool,,,c12d6b402956,Open NR — mark HARASS if 扰民非骗转账.,harass_relabel
zh_04546,"全国十大橱柜品牌--中美合资【我乐厨柜】针对融科东南海小区业主样板橱柜招募中，您的服务顾问黄蓉-18874885459,89721747，体验店址：长沙各高端卖场。【我乐厨柜】",zh,gitcode_zh_sms_8a104,NEEDS_REVIEW,NEEDS_REVIEW,nr_pool,,,e8615d097cee,Open NR — mark HARASS if 扰民非骗转账.,harass_relabel
id_yudi_00859,"Kalo masih mau ke kep. Seribu mending ikut yang ini nih, tinggal duduk manis dari unpad du",id,yudiwbs_id_sms_spam_v1,NEEDS_REVIEW,NEEDS_REVIEW,nr_pool,,,98edb0be4524,Open NR — mark HARASS if 扰民非骗转账.,harass_relabel
zh_08375,13701126330因手机忙暂未收到您发的短信。园博会“城市周”开幕：北京周首先亮相，活动持续至本周四；南京、鄂尔多斯等城市周将陆续亮相,zh,gitcode_zh_sms_8a104,NEEDS_REVIEW,NEEDS_REVIEW,nr_pool,,,19b3171de491,Open NR — mark HARASS if 扰民非骗转账.,harass_relabel
zh_03740,女护士乘电梯被夹死事故原因查明[腾讯]-中国移动冲浪助手:http://go.10086.cn/nd/md8/jqaVi,zh,gitcode_zh_sms_8a104,NEEDS_REVIEW,NEEDS_REVIEW,nr_pool,,,5bbbb4ebfbd1,Open NR — mark HARASS if 扰民非骗转账.,harass_relabel
uci_01083,Send to someone else :-),en,uci_sms_spam_collection_v1,NEEDS_REVIEW,NEEDS_REVIEW,nr_pool,,,6a1e89f90097,Open NR — mark HARASS if 扰民非骗转账.,harass_relabel
zh_10782,美媒曝光中国地下空军:不可战胜[搜狐]-中国移动冲浪助手:http://go.10086.cn/nd/mgD/wCQUP,zh,gitcode_zh_sms_8a104,NEEDS_REVIEW,NEEDS_REVIEW,nr_pool,,,ca88947f04e5,Open NR — mark HARASS if 扰民非骗转账.,harass_relabel
iiitd_00991,Hv a lvly morning....!!,hi,iiitd_sms_spam_v1,NEEDS_REVIEW,NEEDS_REVIEW,nr_pool,,,d0e5075c9fd3,Open NR — mark HARASS if 扰民非骗转账.,harass_relabel
id_ss_00335,Jadi tidak perlu memberitahu saya apa pun saya akan tidur malam yang baik,id,spamshield_indonesian_v1,NEEDS_REVIEW,NEEDS_REVIEW,nr_pool,,,cfc52fc8c060,Open NR — mark HARASS if 扰民非骗转账.,harass_relabel
zh_01318,【联通赠刊】苍井空广告书法卖60万 网友表示：愚蠢的人类       http://hao.hb165.com/i/1/Fihp0E4d,zh,gitcode_zh_sms_8a104,NEEDS_REVIEW,NEEDS_REVIEW,nr_pool,,,47c794025aa0,Open NR — mark HARASS if 扰民非骗转账.,harass_relabel
uci_03904,Waiting in e car 4 my mum lor. U leh? Reach home already?,en,uci_sms_spam_collection_v1,NEEDS_REVIEW,NEEDS_REVIEW,nr_pool,,,0188a55bb834,Open NR — mark HARASS if 扰民非骗转账.,harass_relabel
uci_00282,"""Wen u miss someone, the person is definitely special for u..... But if the person is so special, why to miss them, just Keep-in-touch"" gdeve..",en,uci_sms_spam_collection_v1,NEEDS_REVIEW,NEEDS_REVIEW,nr_pool,,,5ae7b25907e3,Open NR — mark HARASS if 扰民非骗转账.,harass_relabel
uci_03589,If you were/are free i can give. Otherwise nalla adi entey nattil kittum,en,uci_sms_spam_collection_v1,NEEDS_REVIEW,NEEDS_REVIEW,nr_pool,,,a1f8ebd3d525,Open NR — mark HARASS if 扰民非骗转账.,harass_relabel
iiitd_00805,"I got an email yesterday. You also probably received it. They are starting their recruitment process. The question is, did they select smit? Find out.",hi,iiitd_sms_spam_v1,NEEDS_REVIEW,NEEDS_REVIEW,nr_pool,,,c5a1dcd49c4d,Open NR — mark HARASS if 扰民非骗转账.,harass_relabel
uci_02532,What's happening with you. Have you gotten a job and have you begun registration for permanent residency,en,uci_sms_spam_collection_v1,NEEDS_REVIEW,NEEDS_REVIEW,nr_pool,,,a3ed96ca2346,Open NR — mark HARASS if 扰民非骗转账.,harass_relabel
uci_04024,Well. Balls. Time to make calls,en,uci_sms_spam_collection_v1,NEEDS_REVIEW,NEEDS_REVIEW,nr_pool,,,2756c152ae99,Open NR — mark HARASS if 扰民非骗转账.,harass_relabel
uci_04189,Mm umma ask vava also to come tell him can play later together,en,uci_sms_spam_collection_v1,NEEDS_REVIEW,NEEDS_REVIEW,nr_pool,,,c1024c6361cc,Open NR — mark HARASS if 扰民非骗转账.,harass_relabel
uci_03730,I'm at home. Please call,en,uci_sms_spam_collection_v1,NEEDS_REVIEW,NEEDS_REVIEW,nr_pool,,,73fe47bca296,Open NR — mark HARASS if 扰民非骗转账.,harass_relabel
uci_01464,Ok good then i later come find ¨¹... C lucky i told ¨¹ to go earlier... Later pple take finish ¨¹ no more again...,en,uci_sms_spam_collection_v1,NEEDS_REVIEW,NEEDS_REVIEW,nr_pool,,,46ca85f2043d,Open NR — mark HARASS if 扰民非骗转账.,harass_relabel
uci_04700,Yes fine,en,uci_sms_spam_collection_v1,NEEDS_REVIEW,NEEDS_REVIEW,nr_pool,,,3a16906ffed4,Open NR — mark HARASS if 扰民非骗转账.,harass_relabel
id_ss_00498,Nope I'm not drivin... I neva mengembangkan da foto lei...,id,spamshield_indonesian_v1,NEEDS_REVIEW,NEEDS_REVIEW,nr_pool,,,44a0171241d5,Open NR — mark HARASS if 扰民非骗转账.,harass_relabel
iiitd_00970,Hy hpy nw yr. .god bls ya ! Luv ya lots ! :-),hi,iiitd_sms_spam_v1,NEEDS_REVIEW,NEEDS_REVIEW,nr_pool,,,639b62b69a2a,Open NR — mark HARASS if 扰民非骗转账.,harass_relabel
zh_00008,浦发信用卡祝您生日快乐，如意安康！感谢您对浦发信用卡的支持。【浦发银行】,zh,gitcode_zh_sms_8a104,NEEDS_REVIEW,NEEDS_REVIEW,nr_pool,,,c21fd1016bd2,Open NR — mark HARASS if 扰民非骗转账.,harass_relabel
uci_04706,Hey anyway i have to :-),en,uci_sms_spam_collection_v1,NEEDS_REVIEW,NEEDS_REVIEW,nr_pool,,,6ad9db049337,Open NR — mark HARASS if 扰民非骗转账.,harass_relabel
uci_00450,10 min later k...,en,uci_sms_spam_collection_v1,NEEDS_REVIEW,NEEDS_REVIEW,nr_pool,,,df0e908cf1cb,Open NR — mark HARASS if 扰民非骗转账.,harass_relabel
iiitd_00454,I wil gve 2 alka aunty 2marw,hi,iiitd_sms_spam_v1,NEEDS_REVIEW,NEEDS_REVIEW,nr_pool,,,b162ccf0776e,Open NR — mark HARASS if 扰民非骗转账.,harass_relabel
iiitd_00398,i'm not able to call you! :( i've so many times. and your landline is busy. :(,hi,iiitd_sms_spam_v1,NEEDS_REVIEW,NEEDS_REVIEW,nr_pool,,,cbfeeed306de,Open NR — mark HARASS if 扰民非骗转账.,harass_relabel
zh_03169,20日LME电：镍15070涨240，铅2041涨27，锡21300涨326，铜7388涨78。美银2258.2涨23[无锡不锈钢交易中心],zh,gitcode_zh_sms_8a104,NEEDS_REVIEW,NEEDS_REVIEW,nr_pool,,,98c2ca9c39dc,Open NR — mark HARASS if 扰民非骗转账.,harass_relabel
uci_01103,Black shirt n blue jeans... I thk i c ¨¹...,en,uci_sms_spam_collection_v1,NEEDS_REVIEW,NEEDS_REVIEW,nr_pool,,,d46de464373b,Open NR — mark HARASS if 扰民非骗转账.,harass_relabel
id_ss_00811,Kakak saya menyelesaikan dua putaran di birla soft kemarin.,id,spamshield_indonesian_v1,NEEDS_REVIEW,NEEDS_REVIEW,nr_pool,,,bcb8db9c840f,Open NR — mark HARASS if 扰民非骗转账.,harass_relabel
zh_01418,【招商证券】601688华泰证券：公司因有重要事项正在商谈中，为维护投资者利益，今起停牌。仅供参考，以沪深交易所公告为准,zh,gitcode_zh_sms_8a104,NEEDS_REVIEW,NEEDS_REVIEW,nr_pool,,,c5f6de91c185,Open NR — mark HARASS if 扰民非骗转账.,harass_relabel
uci_03294,A little. Meds say take once every 8 hours. It's only been 5 but pain is back. So I took another. Hope I don't die,en,uci_sms_spam_collection_v1,NEEDS_REVIEW,NEEDS_REVIEW,nr_pool,,,2af5b33f509a,Open NR — mark HARASS if 扰民非骗转账.,harass_relabel
uci_02526,"Say this slowly.? GOD,I LOVE YOU &amp; I NEED YOU,CLEAN MY HEART WITH YOUR BLOOD.Send this to Ten special people &amp; u c miracle tomorrow, do it,pls,pls do it...",en,uci_sms_spam_collection_v1,NEEDS_REVIEW,NEEDS_REVIEW,nr_pool,,,17abb528d1b6,Open NR — mark HARASS if 扰民非骗转账.,harass_relabel
uci_04596,Yo sorry was in the shower sup,en,uci_sms_spam_collection_v1,NEEDS_REVIEW,NEEDS_REVIEW,nr_pool,,,29654e81e1e2,Open NR — mark HARASS if 扰民非骗转账.,harass_relabel
zh_10345,结婚娶亲本是一件高兴事，新郎却因一辆加长林肯车而当场落泪！这是为什么？详情请点击 http://10006.co/lbJ5,zh,gitcode_zh_sms_8a104,NEEDS_REVIEW,NEEDS_REVIEW,nr_pool,,,9a4723586dd0,Open NR — mark HARASS if 扰民非骗转账.,harass_relabel
id_ss_00705,Moby Pub Quiz.Win a £100 High Street prize if you know who the new Duchess of Cornwall will be? Txt her first name to 82277.unsub STOP £1.50 008704050406 SP,id,spamshield_indonesian_v1,NEEDS_REVIEW,NEEDS_REVIEW,nr_pool,,,0fe21dca6813,Open NR — mark HARASS if 扰民非骗转账.,harass_relabel
uci_00023,Aft i finish my lunch then i go str down lor. Ard 3 smth lor. U finish ur lunch already?,en,uci_sms_spam_collection_v1,NEEDS_REVIEW,NEEDS_REVIEW,nr_pool,,,ad6448cd3e5d,Open NR — mark HARASS if 扰民非骗转账.,harass_relabel
zh_09551,【招商证券】财富早间版：央行称下半年继续贯彻定向调控，加大对经济发展重点领域的金融支持；新能源汽车下月起免征购置税。预计短期市场主板与创业板将继续呈现轮动效应，主板优质品种为本轮行情关注重点，轻仓者把握盘中震荡低吸机会。投资建议仅供参考。,zh,gitcode_zh_sms_8a104,NEEDS_REVIEW,NEEDS_REVIEW,nr_pool,,,0867b4b8334b,Open NR — mark HARASS if 扰民非骗转账.,harass_relabel
uci_03380,Dear umma she called me now :-),en,uci_sms_spam_collection_v1,NEEDS_REVIEW,NEEDS_REVIEW,nr_pool,,,bfc7e8fd9a5a,Open NR — mark HARASS if 扰民非骗转账.,harass_relabel
zh_04251,美媒曝光中国地下空军:不可战胜[搜狐]-中国移动冲浪助手:http://go.10086.cn/nd/mgp/171BM1,zh,gitcode_zh_sms_8a104,NEEDS_REVIEW,NEEDS_REVIEW,nr_pool,,,ca88947f04e5,Open NR — mark HARASS if 扰民非骗转账.,harass_relabel
uci_03832,Let's pool our money together and buy a bunch of lotto tickets. If we win I get &lt;#&gt; % u get &lt;#&gt; %. Deal?,en,uci_sms_spam_collection_v1,NEEDS_REVIEW,NEEDS_REVIEW,nr_pool,,,dd074a2d8d0b,Open NR — mark HARASS if 扰民非骗转账.,harass_relabel
uci_03761,We'll join the  &lt;#&gt;  bus,en,uci_sms_spam_collection_v1,NEEDS_REVIEW,NEEDS_REVIEW,nr_pool,,,6e466822d82e,Open NR — mark HARASS if 扰民非骗转账.,harass_relabel
uci_01259,Honey boo I'm missing u.,en,uci_sms_spam_collection_v1,NEEDS_REVIEW,NEEDS_REVIEW,nr_pool,,,53ff96f3aeee,Open NR — mark HARASS if 扰民非骗转账.,harass_relabel
uci_00293,Oops. 4 got that bit.,en,uci_sms_spam_collection_v1,NEEDS_REVIEW,NEEDS_REVIEW,nr_pool,,,30a39a7ee4ff,Open NR — mark HARASS if 扰民非骗转账.,harass_relabel
zh_05336,2013年自考与计算机等级考试成绩现已公布，请中国电信用户拨打16887811查询自考成绩，拨打16887812查询计算机等级考试成绩。,zh,gitcode_zh_sms_8a104,NEEDS_REVIEW,NEEDS_REVIEW,nr_pool,,,0b6e43b64b4a,Open NR — mark HARASS if 扰民非骗转账.,harass_relabel
id_ss_00414,Selamat bercuti. selamat bercuti. selamat bercuti. selamat bercuti. selamat bercuti. selamat bercuti.,id,spamshield_indonesian_v1,NEEDS_REVIEW,NEEDS_REVIEW,nr_pool,,,33009e58b78e,Open NR — mark HARASS if 扰民非骗转账.,harass_relabel
iiitd_00295,"If i can help u, tell me i will. Otherwise, i hope wotevr ur doing gets done as fast as posibl n as gud as posibl. Tc.",hi,iiitd_sms_spam_v1,NEEDS_REVIEW,NEEDS_REVIEW,nr_pool,,,8ad99a80c8e2,Open NR — mark HARASS if 扰民非骗转账.,harass_relabel
zh_06279,美媒曝光中国地下空军:不可战胜[搜狐]-中国移动冲浪助手:http://go.10086.cn/nd/mgp/13ST1C,zh,gitcode_zh_sms_8a104,NEEDS_REVIEW,NEEDS_REVIEW,nr_pool,,,ca88947f04e5,Open NR — mark HARASS if 扰民非骗转账.,harass_relabel
id_ss_00666,"Awalnya, ia bergurau dengan Wif U...",id,spamshield_indonesian_v1,NEEDS_REVIEW,NEEDS_REVIEW,nr_pool,,,9633bd4b24f1,Open NR — mark HARASS if 扰民非骗转账.,harass_relabel
zh_02137,（沧州沃生活）各位联通沃友：上午好！【少食多餐该怎么吃】晨6至9点:最佳选择鸡蛋、腊肠、酸奶、水果和燕麦粥。上午10点半:选低糖点心―酸奶。中午至下午2点：鸡鱼含蛋白质，蔬菜水果含维生素，适当坚果和橄榄油对健康有益。下午4点30分：蔬菜色拉或苹果。下午5至晚8点：含蛋白质、维生素和少量脂肪的食品。晚上9至次日晨6点：进食易发胖。一起听相声吧-德云社封箱相声专场全程一 http://video.sina.cn/?sa=d834917t424v456&sid=121706&spage=1&vt=4,zh,gitcode_zh_sms_8a104,NEEDS_REVIEW,NEEDS_REVIEW,nr_pool,,,ef6083e0cbed,Open NR — mark HARASS if 扰民非骗转账.,harass_relabel
uci_05284,I have gone into get info bt dont know what to do,en,uci_sms_spam_collection_v1,NEEDS_REVIEW,NEEDS_REVIEW,nr_pool,,,d1c79021d368,Open NR — mark HARASS if 扰民非骗转账.,harass_relabel
id_ss_00637,"Tiket Xmas & New Years Eve sekarang dijual dari klub, selama hari dari 10am hingga 8pm, dan di Thurs, Fri & Sat malam ini.",id,spamshield_indonesian_v1,NEEDS_REVIEW,NEEDS_REVIEW,nr_pool,,,c56b19a06c6e,Open NR — mark HARASS if 扰民非骗转账.,harass_relabel
zh_07160,[必备软件]软件名称：联通手机营业厅运行平台：安卓软件介绍：联通官方手机营业厅，动动手指，话费、流量随时随地全知道。下载地址：http://www.17wo.cn/WorkInfo.action?childId=1&workId=55692。,zh,gitcode_zh_sms_8a104,NEEDS_REVIEW,NEEDS_REVIEW,nr_pool,,,9bdec91e0d3d,Open NR — mark HARASS if 扰民非骗转账.,harass_relabel
zh_08219,"请您验证938h.com海通证 券早盘带领客户14.80元介入的300223。明日将拉6以上,电021-29079513",zh,gitcode_zh_sms_8a104,NEEDS_REVIEW,NEEDS_REVIEW,nr_pool,,,bfbc67529c24,Open NR — mark HARASS if 扰民非骗转账.,harass_relabel
uci_00759,U should have made an appointment,en,uci_sms_spam_collection_v1,NEEDS_REVIEW,NEEDS_REVIEW,nr_pool,,,4ac53d97bf24,Open NR — mark HARASS if 扰民非骗转账.,harass_relabel
uci_02426,Hey!!! I almost forgot ... Happy B-day babe ! I love ya!!,en,uci_sms_spam_collection_v1,NEEDS_REVIEW,NEEDS_REVIEW,nr_pool,,,32cce43bdb62,Open NR — mark HARASS if 扰民非骗转账.,harass_relabel
uci_03992,I am on the way to ur home,en,uci_sms_spam_collection_v1,NEEDS_REVIEW,NEEDS_REVIEW,nr_pool,,,98567d786fb4,Open NR — mark HARASS if 扰民非骗转账.,harass_relabel
zh_10409,【招商证券】财富收盘版：如早盘所示由于存在上涨惯性故今日上证收出中阳线，再创收盘新高，短期反弹仍有望持续。关注周末政策消息面情况。仅供参考。,zh,gitcode_zh_sms_8a104,NEEDS_REVIEW,NEEDS_REVIEW,nr_pool,,,0d74fc37bde2,Open NR — mark HARASS if 扰民非骗转账.,harass_relabel
id_ss_00096,"Anda dihubungi oleh Layanan Kencan kami oleh seseorang yang Anda kenal! Untuk mengetahui siapa itu, hubungi dari ponsel Anda atau landline 09064017305 PoBox75LDNS7",id,spamshield_indonesian_v1,NEEDS_REVIEW,NEEDS_REVIEW,nr_pool,,,5e85a79b3b27,Open NR — mark HARASS if 扰民非骗转账.,harass_relabel
zh_06442,欢迎乘坐娄底长沙往返豪华别克小车，请电：15773813331 15773813332 小件速递，敬请保留！【国盛汽车服务】,zh,gitcode_zh_sms_8a104,NEEDS_REVIEW,NEEDS_REVIEW,nr_pool,,,717bc6cf8b91,Open NR — mark HARASS if 扰民非骗转账.,harass_relabel
zh_02902,5月25日8:30-11:30，盐城国际会展中心综合招聘会，欢迎各类人才进场洽谈！咨询68822566详见“沿海就业网”【市开发区人社局】,zh,gitcode_zh_sms_8a104,NEEDS_REVIEW,NEEDS_REVIEW,nr_pool,,,65469885b57c,Open NR — mark HARASS if 扰民非骗转账.,harass_relabel
uci_05321,Kothi print out marandratha.,en,uci_sms_spam_collection_v1,NEEDS_REVIEW,NEEDS_REVIEW,nr_pool,,,ee7e88e4d028,Open NR — mark HARASS if 扰民非骗转账.,harass_relabel
uci_05403,Babes I think I got ur brolly I left it in English wil bring it in 2mrw 4 u luv Franxx,en,uci_sms_spam_collection_v1,NEEDS_REVIEW,NEEDS_REVIEW,nr_pool,,,bed4a5f249fb,Open NR — mark HARASS if 扰民非骗转账.,harass_relabel
id_yudi_00760,Gais aku sudah brgkt. Mau matiin hp,id,yudiwbs_id_sms_spam_v1,NEEDS_REVIEW,NEEDS_REVIEW,nr_pool,,,75b3e942ba97,Open NR — mark HARASS if 扰民非骗转账.,harass_relabel
uci_00718,Book which lesson? then you msg me... I will call up after work or sth... I'm going to get specs. My membership is PX3748,en,uci_sms_spam_collection_v1,NEEDS_REVIEW,NEEDS_REVIEW,nr_pool,,,90028c57e26c,Open NR — mark HARASS if 扰民非骗转账.,harass_relabel
id_ss_00290,Pergi ke latihan lor... Muz kehilangan dan lemak...,id,spamshield_indonesian_v1,NEEDS_REVIEW,NEEDS_REVIEW,nr_pool,,,cd5dac44d8f1,Open NR — mark HARASS if 扰民非骗转账.,harass_relabel
zh_10157,不可不看的美女搞笑视频集  http://g.wo.com.cn/gEy/9qhScO&h=1&f=a11FU,zh,gitcode_zh_sms_8a104,NEEDS_REVIEW,NEEDS_REVIEW,nr_pool,,,dd7f31de2899,Open NR — mark HARASS if 扰民非骗转账.,harass_relabel
uci_01812,Do ¨¹ all wan 2 meet up n combine all the parts? How's da rest of da project going?,en,uci_sms_spam_collection_v1,NEEDS_REVIEW,NEEDS_REVIEW,nr_pool,,,a8901c26a428,Open NR — mark HARASS if 扰民非骗转账.,harass_relabel
zh_00341,纸袋碰腿北京2孕妇地铁内互殴[人民]-中国移动冲浪助手:http://go.10086.cn/nd/mgP/YGDM3,zh,gitcode_zh_sms_8a104,NEEDS_REVIEW,NEEDS_REVIEW,nr_pool,,,acba29da0882,Open NR — mark HARASS if 扰民非骗转账.,harass_relabel
uci_01658,S:-)if we have one good partnership going we will take lead:),en,uci_sms_spam_collection_v1,NEEDS_REVIEW,NEEDS_REVIEW,nr_pool,,,64813d21af58,Open NR — mark HARASS if 扰民非骗转账.,harass_relabel
zh_08791,武大现85后正教授:简历引膜拜【江苏联通WAP推送】  http://g.js165.com/h5q/3B0zfQ&h=1&f=u1LVu,zh,gitcode_zh_sms_8a104,NEEDS_REVIEW,NEEDS_REVIEW,nr_pool,,,69920ef131ba,Open NR — mark HARASS if 扰民非骗转账.,harass_relabel
zh_06967,"回复QX不再接收此消息。""",zh,gitcode_zh_sms_8a104,NEEDS_REVIEW,NEEDS_REVIEW,nr_pool,,,b29519f82659,Open NR — mark HARASS if 扰民非骗转账.,harass_relabel
id_ss_01243,Txt CHAT ke 86688 150p/MsgrcvdHG/Suite342/2Lands/Row/W1J6HL LDN 18 yrs,id,spamshield_indonesian_v1,NEEDS_REVIEW,NEEDS_REVIEW,nr_pool,,,e31cd488595f,Open NR — mark HARASS if 扰民非骗转账.,harass_relabel
id_ss_00333,"Hanya mendapatkan sedikit uang gas, ada kesempatan Anda dan geng ingin pergi ke petualangan alam yang hebat?",id,spamshield_indonesian_v1,NEEDS_REVIEW,NEEDS_REVIEW,nr_pool,,,913e449358df,Open NR — mark HARASS if 扰民非骗转账.,harass_relabel
id_yudi_00634,Asal pagi pagi ya.. Bjam 10an saya sudah ke jakarta..,id,yudiwbs_id_sms_spam_v1,NEEDS_REVIEW,NEEDS_REVIEW,nr_pool,,,23a1064389c9,Open NR — mark HARASS if 扰民非骗转账.,harass_relabel
uci_02149,I will once i get home,en,uci_sms_spam_collection_v1,NEEDS_REVIEW,NEEDS_REVIEW,nr_pool,,,82ca04b87090,Open NR — mark HARASS if 扰民非骗转账.,harass_relabel
uci_04217,Er mw im filled tuth is aight,en,uci_sms_spam_collection_v1,NEEDS_REVIEW,NEEDS_REVIEW,nr_pool,,,0a6e0185a74d,Open NR — mark HARASS if 扰民非骗转账.,harass_relabel
id_yudi_00684,Blm aku cek min mau apa? Kalau penting bgt nanti aku gedorin,id,yudiwbs_id_sms_spam_v1,NEEDS_REVIEW,NEEDS_REVIEW,nr_pool,,,cd285a6a44f5,Open NR — mark HARASS if 扰民非骗转账.,harass_relabel
id_yudi_00785,Haha ayook kita bully adi ndut sama sama ????,id,yudiwbs_id_sms_spam_v1,NEEDS_REVIEW,NEEDS_REVIEW,nr_pool,,,a42542ef05fe,Open NR — mark HARASS if 扰民非骗转账.,harass_relabel
uci_01837,Are you wet right now?,en,uci_sms_spam_collection_v1,NEEDS_REVIEW,NEEDS_REVIEW,nr_pool,,,b2e02fae274c,Open NR — mark HARASS if 扰民非骗转账.,harass_relabel
uci_00115,"Wa, ur openin sentence very formal... Anyway, i'm fine too, juz tt i'm eatin too much n puttin on weight...Haha... So anythin special happened?",en,uci_sms_spam_collection_v1,NEEDS_REVIEW,NEEDS_REVIEW,nr_pool,,,2be10b2143c3,Open NR — mark HARASS if 扰民非骗转账.,harass_relabel
id_ss_00331,Pertanyaan berikutnya adalah: Siapa yang menyanyikan 'Uptown Girl' di tahun 80-an ? 2 jawaban txt ur ANSWER ke 83600.,id,spamshield_indonesian_v1,NEEDS_REVIEW,NEEDS_REVIEW,nr_pool,,,80d5332c52ab,Open NR — mark HARASS if 扰民非骗转账.,harass_relabel
zh_09702,深圳一电梯失控 女护士被诡异夹死[21CN]-中国移动冲浪助手:http://go.10086.cn/nd/m8n/yR8Yu,zh,gitcode_zh_sms_8a104,NEEDS_REVIEW,NEEDS_REVIEW,nr_pool,,,78b52ab4a666,Open NR — mark HARASS if 扰民非骗转账.,harass_relabel
uci_01822,I couldn't say no as he is a dying man and I feel sad for him so I will go and I just wanted you to know I would probably be gone late into your night,en,uci_sms_spam_collection_v1,NEEDS_REVIEW,NEEDS_REVIEW,nr_pool,,,ca193817fbf6,Open NR — mark HARASS if 扰民非骗转账.,harass_relabel
uci_03060,"Dear all, as we know  &lt;#&gt; th is the  &lt;#&gt; th birthday of our loving Gopalettan. We are planning to give a small gift on that day. Those who like to participate in that you are welcome. Please contact our admin team for more details",en,uci_sms_spam_collection_v1,NEEDS_REVIEW,NEEDS_REVIEW,nr_pool,,,385122d8ae06,Open NR — mark HARASS if 扰民非骗转账.,harass_relabel
uci_03708,Aight do you still want to get money,en,uci_sms_spam_collection_v1,NEEDS_REVIEW,NEEDS_REVIEW,nr_pool,,,328d7df42925,Open NR — mark HARASS if 扰民非骗转账.,harass_relabel
uci_03689,I'll meet you in the lobby,en,uci_sms_spam_collection_v1,NEEDS_REVIEW,NEEDS_REVIEW,nr_pool,,,f67921f8dc40,Open NR — mark HARASS if 扰民非骗转账.,harass_relabel
uci_04615,hows my favourite person today? r u workin hard? couldn't sleep again last nite nearly rang u at 4.30,en,uci_sms_spam_collection_v1,NEEDS_REVIEW,NEEDS_REVIEW,nr_pool,,,52acd0b4b103,Open NR — mark HARASS if 扰民非骗转账.,harass_relabel
iiitd_00253,If sumone hurts u dont mind it Bcoz its law of nature that The tree which have the sweetest fruits gets the maximum number of stones...,hi,iiitd_sms_spam_v1,NEEDS_REVIEW,NEEDS_REVIEW,nr_pool,,,8e25462bd83e,Open NR — mark HARASS if 扰民非骗转账.,harass_relabel
uci_00254,"Ups which is 3days also, and the shipping company that takes 2wks. The other way is usps which takes a week but when it gets to lag you may have to bribe nipost to get your stuff.",en,uci_sms_spam_collection_v1,NEEDS_REVIEW,NEEDS_REVIEW,nr_pool,,,eea27060b414,Open NR — mark HARASS if 扰民非骗转账.,harass_relabel
id_yudi_00753,nama1 .. Saya masih di perjalanan.. Besok aja habis jumatan ketemu di kanto.. Web service nya juga sudah bisa di akses,id,yudiwbs_id_sms_spam_v1,NEEDS_REVIEW,NEEDS_REVIEW,nr_pool,,,e9a784a2fff2,Open NR — mark HARASS if 扰民非骗转账.,harass_relabel
uci_04889,You have to pls make a note of all she.s exposed to. Also find out from her school if anyone else was vomiting. Is there a dog or cat in the house? Let me know later.,en,uci_sms_spam_collection_v1,NEEDS_REVIEW,NEEDS_REVIEW,nr_pool,,,a107f1ad20e5,Open NR — mark HARASS if 扰民非骗转账.,harass_relabel
id_yudi_00798,Ini ini udh disini mau apa aku gorengin,id,yudiwbs_id_sms_spam_v1,NEEDS_REVIEW,NEEDS_REVIEW,nr_pool,,,01430046ecbe,Open NR — mark HARASS if 扰民非骗转账.,harass_relabel
iiitd_00028,"In my dream, U & ME went 2 a wishwell, I bent down threw a coin & made a wish, U bent down a litle more N fell into d well.. I shouted, 'Oh teri it works'",hi,iiitd_sms_spam_v1,NEEDS_REVIEW,NEEDS_REVIEW,nr_pool,,,6fb932a55896,Open NR — mark HARASS if 扰民非骗转账.,harass_relabel
uci_02676,I'm sick !! I'm needy !! I want you !! *pouts* *stomps feet* Where are you ?! *pouts* *stomps feet* I want my slave !! I want him now !!,en,uci_sms_spam_collection_v1,NEEDS_REVIEW,NEEDS_REVIEW,nr_pool,,,0105787edf69,Open NR — mark HARASS if 扰民非骗转账.,harass_relabel
uci_04952,hi baby im sat on the bloody bus at the mo and i wont be home until about 7:30 wanna do somethin later? call me later ortxt back jess xx,en,uci_sms_spam_collection_v1,NEEDS_REVIEW,NEEDS_REVIEW,nr_pool,,,03172ff8d698,Open NR — mark HARASS if 扰民非骗转账.,harass_relabel
zh_07894,女护士乘电梯被夹死事故原因查明[腾讯]-中国移动冲浪助手:http://go.10086.cn/nd/mcY/NlAvR,zh,gitcode_zh_sms_8a104,NEEDS_REVIEW,NEEDS_REVIEW,nr_pool,,,5bbbb4ebfbd1,Open NR — mark HARASS if 扰民非骗转账.,harass_relabel
iiitd_00552,"I requested to God-Let my friend be happy & healthy forever..God said-for 4 days only..I said ok-Springday,Summerday,Autumnday n Winterday..He said no-only 3 days..I said ok-Yesterday,Today n Tomorrow..He said no-only 2 days..I said ok-Good day & Bad day..He said no-only 1 day..I said-Everyday..God laughed & said-ok, u win..ur frnd wil Be happy n healthy forever my dear.....GooD NighT. Tk care....swt drmz....",hi,iiitd_sms_spam_v1,NEEDS_REVIEW,NEEDS_REVIEW,nr_pool,,,b8d70070b65f,Open NR — mark HARASS if 扰民非骗转账.,harass_relabel
uci_03641,He's really into skateboarding now despite the fact that he gets thrown off of it and winds up with bandages and shit all over his arms every five minutes,en,uci_sms_spam_collection_v1,NEEDS_REVIEW,NEEDS_REVIEW,nr_pool,,,1d65d27569b1,Open NR — mark HARASS if 扰民非骗转账.,harass_relabel
zh_10517,美媒曝光中国地下空军:不可战胜[搜狐]-中国移动冲浪助手:http://go.10086.cn/nd/mgp/11T0z4,zh,gitcode_zh_sms_8a104,NEEDS_REVIEW,NEEDS_REVIEW,nr_pool,,,ca88947f04e5,Open NR — mark HARASS if 扰民非骗转账.,harass_relabel
zh_09964,美媒曝光中国地下空军:不可战胜[搜狐]-中国移动冲浪助手:http://go.10086.cn/nd/mgp/11iShC,zh,gitcode_zh_sms_8a104,NEEDS_REVIEW,NEEDS_REVIEW,nr_pool,,,ca88947f04e5,Open NR — mark HARASS if 扰民非骗转账.,harass_relabel
uci_03971,"That's the trouble with classes that go well - you're due a dodgey one ¡­ Expecting mine tomo! See you for recovery, same time, same place",en,uci_sms_spam_collection_v1,NEEDS_REVIEW,NEEDS_REVIEW,nr_pool,,,ced3aebe0021,Open NR — mark HARASS if 扰民非骗转账.,harass_relabel
id_ss_00518,PRIVATE! Pernyataan Akun 2003 Anda untuk 07808247860 menunjukkan 800 S. I. M. titik yang tidak dibayar. panggilan 08719899229 Kode Identifikasi: 40411 Berakhir 06/11/04,id,spamshield_indonesian_v1,NEEDS_REVIEW,NEEDS_REVIEW,nr_pool,,,99e8d1c29a1e,Open NR — mark HARASS if 扰民非骗转账.,harass_relabel
zh_10624,美媒曝光中国地下空军:不可战胜[搜狐]-中国移动冲浪助手:http://go.10086.cn/nd/mgM/IF3cH,zh,gitcode_zh_sms_8a104,NEEDS_REVIEW,NEEDS_REVIEW,nr_pool,,,ca88947f04e5,Open NR — mark HARASS if 扰民非骗转账.,harass_relabel
id_ss_00419,"Pernahkah Anda mendengar tentang ""Divorce Barbie"" baru? itu datang dengan semua hal Ken!",id,spamshield_indonesian_v1,NEEDS_REVIEW,NEEDS_REVIEW,nr_pool,,,cc463f4e6600,Open NR — mark HARASS if 扰民非骗转账.,harass_relabel
uci_03894,Have you heard from this week?,en,uci_sms_spam_collection_v1,NEEDS_REVIEW,NEEDS_REVIEW,nr_pool,,,052ed63aed03,Open NR — mark HARASS if 扰民非骗转账.,harass_relabel
id_ss_01210,Teman-teman saya menggunakan untuk memanggil yang sama.,id,spamshield_indonesian_v1,NEEDS_REVIEW,NEEDS_REVIEW,nr_pool,,,52696512f3b9,Open NR — mark HARASS if 扰民非骗转账.,harass_relabel
zh_09015,【漂流瓶★1481724】被爱是奢侈的幸福，可惜你从来不在乎……【直接回复成为好友，回复JJ拒收瓶子】,zh,gitcode_zh_sms_8a104,NEEDS_REVIEW,NEEDS_REVIEW,nr_pool,,,21bf6616280b,Open NR — mark HARASS if 扰民非骗转账.,harass_relabel
uci_04653,Where r e meeting tmr?,en,uci_sms_spam_collection_v1,NEEDS_REVIEW,NEEDS_REVIEW,nr_pool,,,712ee5f0e5e4,Open NR — mark HARASS if 扰民非骗转账.,harass_relabel
uci_05506,Wait . I will msg after  &lt;#&gt;  min.,en,uci_sms_spam_collection_v1,NEEDS_REVIEW,NEEDS_REVIEW,nr_pool,,,dfdbde761169,Open NR — mark HARASS if 扰民非骗转账.,harass_relabel
zh_03362,【招商证券】财富早间版：投资者预测美联储或不急于加息，美股大涨收复昨日失地；国务院召开会议决定实施定向刺激经济六项举措。上证指数接近2400点附近重要关口，客观上有回吐整固要求，短期行情或出现反复。中线仓位继续持股，短线仓位逢高适当了结以应对震荡。仅供参考。回A退订。,zh,gitcode_zh_sms_8a104,NEEDS_REVIEW,NEEDS_REVIEW,nr_pool,,,b88a3aa73b98,Open NR — mark HARASS if 扰民非骗转账.,harass_relabel
id_yudi_00821,Iyaaaa ayyuuuukk biar kamu bisa reunian dg org sana fir,id,yudiwbs_id_sms_spam_v1,NEEDS_REVIEW,NEEDS_REVIEW,nr_pool,,,3da3ede58e2b,Open NR — mark HARASS if 扰民非骗转账.,harass_relabel
iiitd_00491,I vl b cntnung mah intrnshp nly so vl pair wid aastha...hv to tlk to pk abt it abhi...,hi,iiitd_sms_spam_v1,NEEDS_REVIEW,NEEDS_REVIEW,nr_pool,,,42fdadd85857,Open NR — mark HARASS if 扰民非骗转账.,harass_relabel
uci_03843,"chile, please! It's only a  &lt;DECIMAL&gt;  hour drive for me. I come down all the time and will be subletting feb-april for audition season.",en,uci_sms_spam_collection_v1,NEEDS_REVIEW,NEEDS_REVIEW,nr_pool,,,8f9ac995a08f,Open NR — mark HARASS if 扰民非骗转账.,harass_relabel
uci_03969,Did u turn on the heater? The heater was on and set to &lt;#&gt; degrees.,en,uci_sms_spam_collection_v1,NEEDS_REVIEW,NEEDS_REVIEW,nr_pool,,,09f218edc9b8,Open NR — mark HARASS if 扰民非骗转账.,harass_relabel
zh_06450,公司拥有一次成型共板（角铁）法兰流水线，同行业服务最优，价格最低，垂询电话：4006185107、18653406979【天玺空调】,zh,gitcode_zh_sms_8a104,NEEDS_REVIEW,NEEDS_REVIEW,nr_pool,,,016f824d6428,Open NR — mark HARASS if 扰民非骗转账.,harass_relabel
uci_05074,Gud ni8 dear..slp well..take care..swt dreams..Muah..,en,uci_sms_spam_collection_v1,NEEDS_REVIEW,NEEDS_REVIEW,nr_pool,,,91fe2c446893,Open NR — mark HARASS if 扰民非骗转账.,harass_relabel
uci_02692,Hey tmr meet at bugis 930 ?,en,uci_sms_spam_collection_v1,NEEDS_REVIEW,NEEDS_REVIEW,nr_pool,,,28c679797a99,Open NR — mark HARASS if 扰民非骗转账.,harass_relabel
id_ss_01186,Untuk dijual - arsenal dartboard. kondisi yang baik tetapi tidak menggandakan atau menggandakan!,id,spamshield_indonesian_v1,NEEDS_REVIEW,NEEDS_REVIEW,nr_pool,,,2cd3d41053a9,Open NR — mark HARASS if 扰民非骗转账.,harass_relabel
zh_00538,"010-56761100（工作日9：00-12：00  下午13：30—17：00）""",zh,gitcode_zh_sms_8a104,NEEDS_REVIEW,NEEDS_REVIEW,nr_pool,,,bdf120ddd45b,Open NR — mark HARASS if 扰民非骗转账.,harass_relabel
id_yudi_01099,Tunggu aja dulu di lobi bawah kalo saya belum datang ya...,id,yudiwbs_id_sms_spam_v1,NEEDS_REVIEW,NEEDS_REVIEW,nr_pool,,,d38359d4c9d6,Open NR — mark HARASS if 扰民非骗转账.,harass_relabel
uci_02775,"Dude u knw also telugu..thts gud..k, gud nyt..",en,uci_sms_spam_collection_v1,NEEDS_REVIEW,NEEDS_REVIEW,nr_pool,,,e17ab715494b,Open NR — mark HARASS if 扰民非骗转账.,harass_relabel
uci_05520,"By the way, i've put a skip right outside the front of the house so you can see which house it is. Just pull up before it.",en,uci_sms_spam_collection_v1,NEEDS_REVIEW,NEEDS_REVIEW,nr_pool,,,18cd9a6d93bd,Open NR — mark HARASS if 扰民非骗转账.,harass_relabel
id_yudi_00732,nama1;Graha Desila kmr 14 Lt.2;Aqua;20000(kembalian),id,yudiwbs_id_sms_spam_v1,NEEDS_REVIEW,NEEDS_REVIEW,nr_pool,,,8037843695c5,Open NR — mark HARASS if 扰民非骗转账.,harass_relabel
zh_10381,京北后花园拉斐水岸，三山一湖零距离亲水，一万抵十万，大产权送花园露台，180-600平法式实景养生别墅，样板间盛情绽放4000686076,zh,gitcode_zh_sms_8a104,NEEDS_REVIEW,NEEDS_REVIEW,nr_pool,,,8dfe7fbcaece,Open NR — mark HARASS if 扰民非骗转账.,harass_relabel
uci_04723,"I'm home, my love ... If your still awake ... *loving kiss*",en,uci_sms_spam_collection_v1,NEEDS_REVIEW,NEEDS_REVIEW,nr_pool,,,d647332bb1f6,Open NR — mark HARASS if 扰民非骗转账.,harass_relabel
uci_01303,"FRAN I DECIDED 2 GO N E WAY IM COMPLETELY BROKE AN KNACKERED I GOT UP BOUT 3 C U 2MRW LOVE JANX P.S THIS IS MY DADS FONE, -NO CREDIT",en,uci_sms_spam_collection_v1,NEEDS_REVIEW,NEEDS_REVIEW,nr_pool,,,7cc0400c06ae,Open NR — mark HARASS if 扰民非骗转账.,harass_relabel
uci_03731,"I guess you could be as good an excuse as any, lol.",en,uci_sms_spam_collection_v1,NEEDS_REVIEW,NEEDS_REVIEW,nr_pool,,,44466865ef15,Open NR — mark HARASS if 扰民非骗转账.,harass_relabel
uci_01329,My exam is for february 4. Wish you a great day.,en,uci_sms_spam_collection_v1,NEEDS_REVIEW,NEEDS_REVIEW,nr_pool,,,344e363a73c8,Open NR — mark HARASS if 扰民非骗转账.,harass_relabel
uci_02410,Aww that's the first time u said u missed me without asking if I missed u first. You DO love me! :),en,uci_sms_spam_collection_v1,NEEDS_REVIEW,NEEDS_REVIEW,nr_pool,,,3215d70dd41b,Open NR — mark HARASS if 扰民非骗转账.,harass_relabel
uci_02497,HCL chennai requires FRESHERS for voice process.Excellent english needed.Salary upto  &lt;#&gt; .Call Ms.Suman  &lt;#&gt;  for Telephonic interview -via Indyarocks.com,en,uci_sms_spam_collection_v1,NEEDS_REVIEW,NEEDS_REVIEW,nr_pool,,,97be819832ae,Open NR — mark HARASS if 扰民非骗转账.,harass_relabel
uci_05327,"Gal n boy walking in d park. gal-can i hold ur hand? boy-y? do u think i would run away? gal-no, jst wana c how it feels walking in heaven with an prince..GN:-)",en,uci_sms_spam_collection_v1,NEEDS_REVIEW,NEEDS_REVIEW,nr_pool,,,2935856cd3b9,Open NR — mark HARASS if 扰民非骗转账.,harass_relabel
uci_01738,I cant pick the phone right now. Pls send a message,en,uci_sms_spam_collection_v1,NEEDS_REVIEW,NEEDS_REVIEW,nr_pool,,,ea4561f1db70,Open NR — mark HARASS if 扰民非骗转账.,harass_relabel
uci_03268,Ok then i come n pick u at engin?,en,uci_sms_spam_collection_v1,NEEDS_REVIEW,NEEDS_REVIEW,nr_pool,,,1e7f7c0d624e,Open NR — mark HARASS if 扰民非骗转账.,harass_relabel
id_ss_00480,Apakah kertas ur dalam e morn atau aft tmr?,id,spamshield_indonesian_v1,NEEDS_REVIEW,NEEDS_REVIEW,nr_pool,,,fd8654cf29c4,Open NR — mark HARASS if 扰民非骗转账.,harass_relabel
uci_05209,"Babe, I'm answering you, can't you see me ? Maybe you'd better reboot YM ... I got the photo ... It's great !",en,uci_sms_spam_collection_v1,NEEDS_REVIEW,NEEDS_REVIEW,nr_pool,,,7b8eb9b311dd,Open NR — mark HARASS if 扰民非骗转账.,harass_relabel
uci_04825,Not thought bout it... || Drink in tap & spile at seven. || Is that pub on gas st off broad st by canal. || Ok?,en,uci_sms_spam_collection_v1,NEEDS_REVIEW,NEEDS_REVIEW,nr_pool,,,1cb0e6f07563,Open NR — mark HARASS if 扰民非骗转账.,harass_relabel
iiitd_00914,"Which is the longest n most joyful word in English?SMILESBecause,there is a mile gap between 2 s.(sadness n sorrow) so keep smiling..!!:-)Gudmorng",hi,iiitd_sms_spam_v1,NEEDS_REVIEW,NEEDS_REVIEW,nr_pool,,,f10dcb17911b,Open NR — mark HARASS if 扰民非骗转账.,harass_relabel
uci_04027,Oh ok.. Wat's ur email?,en,uci_sms_spam_collection_v1,NEEDS_REVIEW,NEEDS_REVIEW,nr_pool,,,a5b4d427d92c,Open NR — mark HARASS if 扰民非骗转账.,harass_relabel
uci_01019,Nope watching tv at home... Not going out. V bored...,en,uci_sms_spam_collection_v1,NEEDS_REVIEW,NEEDS_REVIEW,nr_pool,,,aaea841010e8,Open NR — mark HARASS if 扰民非骗转账.,harass_relabel
uci_04837,Yay can't wait to party together!,en,uci_sms_spam_collection_v1,NEEDS_REVIEW,NEEDS_REVIEW,nr_pool,,,bebc7175c9bb,Open NR — mark HARASS if 扰民非骗转账.,harass_relabel
uci_03896,Yes. Last  practice,en,uci_sms_spam_collection_v1,NEEDS_REVIEW,NEEDS_REVIEW,nr_pool,,,f89f6ae683f8,Open NR — mark HARASS if 扰民非骗转账.,harass_relabel
id_yudi_01061,Soalnya bapa mau liat database secara keseluruhan.,id,yudiwbs_id_sms_spam_v1,NEEDS_REVIEW,NEEDS_REVIEW,nr_pool,,,c5cc8d8e896a,Open NR — mark HARASS if 扰民非骗转账.,harass_relabel
uci_04900,"Haha, that was the first person I was gonna ask",en,uci_sms_spam_collection_v1,NEEDS_REVIEW,NEEDS_REVIEW,nr_pool,,,585b2d44de5c,Open NR — mark HARASS if 扰民非骗转账.,harass_relabel
id_yudi_00955,Oh udah yah haha aku bingung jd gimana udh ketinggalan banyak chat,id,yudiwbs_id_sms_spam_v1,NEEDS_REVIEW,NEEDS_REVIEW,nr_pool,,,d987cfedeb6f,Open NR — mark HARASS if 扰民非骗转账.,harass_relabel
uci_03182,"So many people seems to be special at first sight, But only very few will remain special to you till your last sight.. Maintain them till life ends.. take cr da",en,uci_sms_spam_collection_v1,NEEDS_REVIEW,NEEDS_REVIEW,nr_pool,,,7c34324e825f,Open NR — mark HARASS if 扰民非骗转账.,harass_relabel
uci_01418,No wonder... Cos i dun rem seeing a silver car... But i thk i saw a black one...,en,uci_sms_spam_collection_v1,NEEDS_REVIEW,NEEDS_REVIEW,nr_pool,,,df5cb24c4691,Open NR — mark HARASS if 扰民非骗转账.,harass_relabel
uci_05047,Desires- u going to doctor 4 liver. And get a bit stylish. Get ur hair managed. Thats it.,en,uci_sms_spam_collection_v1,NEEDS_REVIEW,NEEDS_REVIEW,nr_pool,,,717b1d5a0cf3,Open NR — mark HARASS if 扰民非骗转账.,harass_relabel
zh_04658,三环内177平米.550万。两居105平270万，一居65平米210万。还有更多优质满五唯一房源，咨询电话：13522903337.,zh,gitcode_zh_sms_8a104,NEEDS_REVIEW,NEEDS_REVIEW,nr_pool,,,0b5b26cddc05,Open NR — mark HARASS if 扰民非骗转账.,harass_relabel
zh_09155,美媒曝光中国地下空军:不可战胜[搜狐]-中国移动冲浪助手:http://go.10086.cn/nd/mgp/11sAwn,zh,gitcode_zh_sms_8a104,NEEDS_REVIEW,NEEDS_REVIEW,nr_pool,,,ca88947f04e5,Open NR — mark HARASS if 扰民非骗转账.,harass_relabel
uci_01472,Oh. U must have taken your REAL Valentine out shopping first.,en,uci_sms_spam_collection_v1,NEEDS_REVIEW,NEEDS_REVIEW,nr_pool,,,307def63ffee,Open NR — mark HARASS if 扰民非骗转账.,harass_relabel
zh_04497,【联通赠刊】苍井空广告书法卖60万 网友表示：愚蠢的人类       http://hao.hb165.com/i/1/EMPECVFo,zh,gitcode_zh_sms_8a104,NEEDS_REVIEW,NEEDS_REVIEW,nr_pool,,,47c794025aa0,Open NR — mark HARASS if 扰民非骗转账.,harass_relabel
uci_04063,Hi dear we saw dear. We both are happy. Where you my battery is low,en,uci_sms_spam_collection_v1,NEEDS_REVIEW,NEEDS_REVIEW,nr_pool,,,5c7e3fd37091,Open NR — mark HARASS if 扰民非骗转账.,harass_relabel
uci_02258,Here got lots of hair dresser fr china.,en,uci_sms_spam_collection_v1,NEEDS_REVIEW,NEEDS_REVIEW,nr_pool,,,5369af4b2cc8,Open NR — mark HARASS if 扰民非骗转账.,harass_relabel
iiitd_00811,i found d security device bt i don remem d password...coz it didn accept d one i entered. sent a password change request. will hv to call customer care to activate tht nw. so left it.,hi,iiitd_sms_spam_v1,NEEDS_REVIEW,NEEDS_REVIEW,nr_pool,,,406d1560b4cc,Open NR — mark HARASS if 扰民非骗转账.,harass_relabel
uci_02020,From tomorrow onwards eve 6 to 3 work.,en,uci_sms_spam_collection_v1,NEEDS_REVIEW,NEEDS_REVIEW,nr_pool,,,2315c4ddc60e,Open NR — mark HARASS if 扰民非骗转账.,harass_relabel
uci_04925,We can go 4 e normal pilates after our intro...,en,uci_sms_spam_collection_v1,NEEDS_REVIEW,NEEDS_REVIEW,nr_pool,,,d1f58288a80d,Open NR — mark HARASS if 扰民非骗转账.,harass_relabel
uci_03526,I not free today i haf 2 pick my parents up tonite...,en,uci_sms_spam_collection_v1,NEEDS_REVIEW,NEEDS_REVIEW,nr_pool,,,ca89932ac5c5,Open NR — mark HARASS if 扰民非骗转账.,harass_relabel
uci_05065,I dunno lei... Like dun haf...,en,uci_sms_spam_collection_v1,NEEDS_REVIEW,NEEDS_REVIEW,nr_pool,,,52be3ce9adbf,Open NR — mark HARASS if 扰民非骗转账.,harass_relabel
iiitd_00911,"I bought a packet of air, I was surprised to see that, . . . . There were few chips in it....!:O:D . . . . Dedicated to Lays!:P",hi,iiitd_sms_spam_v1,NEEDS_REVIEW,NEEDS_REVIEW,nr_pool,,,dd189ff585da,Open NR — mark HARASS if 扰民非骗转账.,harass_relabel
zh_08035,据说，每个人一生大概会遇到2920万人，而两人相爱的概率仅为0.000049。原来爱情堪比中大奖！这就可以解释“为何当爱情来临，人们时常慌乱无章、患得患失”。当一份太大的幸运被捧在手心，实在令人无法不紧张。拥有爱情，要好好珍惜，一直幸福哦！,zh,gitcode_zh_sms_8a104,NEEDS_REVIEW,NEEDS_REVIEW,nr_pool,,,00166e3c3ffb,Open NR — mark HARASS if 扰民非骗转账.,harass_relabel
uci_03867,"Theoretically yeah, he could be able to come",en,uci_sms_spam_collection_v1,NEEDS_REVIEW,NEEDS_REVIEW,nr_pool,,,02433f590bcf,Open NR — mark HARASS if 扰民非骗转账.,harass_relabel
zh_03840,我办公室在济南市经十东路与奥体中路路口西北角鲁商国奥城（省高级人民法院东临）六号楼十八层大正泰和律师事务所1813房间，办公电话；86569148,zh,gitcode_zh_sms_8a104,NEEDS_REVIEW,NEEDS_REVIEW,nr_pool,,,eb96e9141bea,Open NR — mark HARASS if 扰民非骗转账.,harass_relabel
id_yudi_00853,kalo aku ngasihinnya habis ashar aja gpp ?,id,yudiwbs_id_sms_spam_v1,NEEDS_REVIEW,NEEDS_REVIEW,nr_pool,,,ff249bd67097,Open NR — mark HARASS if 扰民非骗转账.,harass_relabel
uci_04599,I'm stuck in da middle of da row on da right hand side of da lt...,en,uci_sms_spam_collection_v1,NEEDS_REVIEW,NEEDS_REVIEW,nr_pool,,,dca409456975,Open NR — mark HARASS if 扰民非骗转账.,harass_relabel
uci_02418,Oh... Lk tt den we take e one tt ends at cine lor... Dun wan yogasana oso can...,en,uci_sms_spam_collection_v1,NEEDS_REVIEW,NEEDS_REVIEW,nr_pool,,,19c4f9ec42ab,Open NR — mark HARASS if 扰民非骗转账.,harass_relabel
zh_01376,【北京公共卫生热线】9月20日是全国爱牙日。今年爱牙日的主题是：健康每一天 从爱牙开始。号召居民养成良好的口腔卫生习惯，定期检查防治牙病。,zh,gitcode_zh_sms_8a104,NEEDS_REVIEW,NEEDS_REVIEW,nr_pool,,,951e453c25da,Open NR — mark HARASS if 扰民非骗转账.,harass_relabel
zh_08291,纸袋碰腿北京2孕妇地铁内互殴[人民]-中国移动冲浪助手:http://go.10086.cn/nd/mha/QqrWJ,zh,gitcode_zh_sms_8a104,NEEDS_REVIEW,NEEDS_REVIEW,nr_pool,,,acba29da0882,Open NR — mark HARASS if 扰民非骗转账.,harass_relabel
uci_02155,Oh god i am happy to see your message after 3 days,en,uci_sms_spam_collection_v1,NEEDS_REVIEW,NEEDS_REVIEW,nr_pool,,,b573ad54283a,Open NR — mark HARASS if 扰民非骗转账.,harass_relabel
id_ss_01095,"Apa yang datang di atas bukit... Apakah itu raksasa! harap Anda memiliki hari yang indah. hal-hal berjalan lancar di sini, sibuk walaupun!",id,spamshield_indonesian_v1,NEEDS_REVIEW,NEEDS_REVIEW,nr_pool,,,b2d111099569,Open NR — mark HARASS if 扰民非骗转账.,harass_relabel
iiitd_00046,"Irony of lyf: Footwears dat v wear r sold in AC shwrooms bt vegtabls dat v eat, r sold on footpath. Ppl v love, ignore us bt Ppl v ignore, love us.!! Gudnite",hi,iiitd_sms_spam_v1,NEEDS_REVIEW,NEEDS_REVIEW,nr_pool,,,47e3331a1f4e,Open NR — mark HARASS if 扰民非骗转账.,harass_relabel
zh_01545,普京手机曝光 系中国品牌旗舰机[搜狐]-中国移动冲浪助手:http://go.10086.cn/nd/lO4/12iqL3,zh,gitcode_zh_sms_8a104,NEEDS_REVIEW,NEEDS_REVIEW,nr_pool,,,5e76064c9ca9,Open NR — mark HARASS if 扰民非骗转账.,harass_relabel
zh_09945,湖北联通年中特惠，2013最热手游《我叫MT》免流量费下载，纯正的魔兽题材，以Q版超萌的形式表现，丰富的卡牌人物任您选择，给你带来全新的游戏体验。       http://hao.hb165.com/i/1/Gf2g6v6N,zh,gitcode_zh_sms_8a104,NEEDS_REVIEW,NEEDS_REVIEW,nr_pool,,,4ec996cd41b9,Open NR — mark HARASS if 扰民非骗转账.,harass_relabel
iiitd_00909,I BRO. . . Tera cell recharge nhe ho paya so mom two 25-25 wale cards lae hai . . No. Next msg mai hai. . . Bie.,hi,iiitd_sms_spam_v1,NEEDS_REVIEW,NEEDS_REVIEW,nr_pool,,,fbcf9cca23e1,Open NR — mark HARASS if 扰民非骗转账.,harass_relabel
id_ss_00977,Tidak ada yang terjadi sampai Anda sampai di sini.,id,spamshield_indonesian_v1,NEEDS_REVIEW,NEEDS_REVIEW,nr_pool,,,3ea29d948467,Open NR — mark HARASS if 扰民非骗转账.,harass_relabel
zh_06027,祝贺学员建仓的【拓尔思】今再涨 停，【汇冠股份，东方铁塔】涨 停。下午继续带学员建仓下档金股。投资预约专线：4006220363【红日基金】,zh,gitcode_zh_sms_8a104,NEEDS_REVIEW,NEEDS_REVIEW,nr_pool,,,d1c4850424d9,Open NR — mark HARASS if 扰民非骗转账.,harass_relabel
id_ss_01165,Saya akan berada di mu dalam seperti &lt;#&gt; detik,id,spamshield_indonesian_v1,NEEDS_REVIEW,NEEDS_REVIEW,nr_pool,,,6f74e402543f,Open NR — mark HARASS if 扰民非骗转账.,harass_relabel
uci_03054,Pls send me the correct name da.,en,uci_sms_spam_collection_v1,NEEDS_REVIEW,NEEDS_REVIEW,nr_pool,,,0a00895660ee,Open NR — mark HARASS if 扰民非骗转账.,harass_relabel
uci_05218,I am late. I will be there at,en,uci_sms_spam_collection_v1,NEEDS_REVIEW,NEEDS_REVIEW,nr_pool,,,c6319f76384d,Open NR — mark HARASS if 扰民非骗转账.,harass_relabel
zh_02476,美媒曝光中国地下空军:不可战胜[搜狐]-中国移动冲浪助手:http://go.10086.cn/nd/mgu/SojpF,zh,gitcode_zh_sms_8a104,NEEDS_REVIEW,NEEDS_REVIEW,nr_pool,,,ca88947f04e5,Open NR — mark HARASS if 扰民非骗转账.,harass_relabel
iiitd_00889,"Is bangalore, delhi, kolkata ok with you?",hi,iiitd_sms_spam_v1,NEEDS_REVIEW,NEEDS_REVIEW,nr_pool,,,e167450001bf,Open NR — mark HARASS if 扰民非骗转账.,harass_relabel
id_ss_00396,"Untuk informasi Anda, IKEA dilipat dengan semua kapsul. itu tidak berteriak. ketika Anda berpikir saya telah meninggalkan Anda, Anda sedang duduk di tempat tidur di tengah-tengah kebingungan ketika saya masuk. saya berkata kami akan pergi setelah Anda pulang dari kelas. tolong jangan cuba dan bullshit saya. itu membuat saya ingin mendengarkan Anda kurang.",id,spamshield_indonesian_v1,NEEDS_REVIEW,NEEDS_REVIEW,nr_pool,,,a005d502a6d9,Open NR — mark HARASS if 扰民非骗转账.,harass_relabel
iiitd_00581,I need 2 tok 2 u. Its a lil bit important. Call me wen ur free. N best of luck 4 ur test n assignments.,hi,iiitd_sms_spam_v1,NEEDS_REVIEW,NEEDS_REVIEW,nr_pool,,,abe0e5e488b9,Open NR — mark HARASS if 扰民非骗转账.,harass_relabel
uci_01592,That's my honeymoon outfit. :),en,uci_sms_spam_collection_v1,NEEDS_REVIEW,NEEDS_REVIEW,nr_pool,,,546aadc41a82,Open NR — mark HARASS if 扰民非骗转账.,harass_relabel
uci_02624,I'm coming home 4 dinner.,en,uci_sms_spam_collection_v1,NEEDS_REVIEW,NEEDS_REVIEW,nr_pool,,,4f8094d16be8,Open NR — mark HARASS if 扰民非骗转账.,harass_relabel
zh_09827,2013年自考与计算机等级考试成绩现已公布，请中国电信用户拨打16887811查询自考成绩，拨打16887812查询计算机等级考试成绩。,zh,gitcode_zh_sms_8a104,NEEDS_REVIEW,NEEDS_REVIEW,nr_pool,,,0b6e43b64b4a,Open NR — mark HARASS if 扰民非骗转账.,harass_relabel
uci_01115,No no:)this is kallis home ground.amla home town is durban:),en,uci_sms_spam_collection_v1,NEEDS_REVIEW,NEEDS_REVIEW,nr_pool,,,093105c63d81,Open NR — mark HARASS if 扰民非骗转账.,harass_relabel
iiitd_00881,"i cud write u a ltter : if d sky is my paper, if d ocean is my ink & d stars r my words it wud still not b enough 2 describe how dear u are 2 me..",hi,iiitd_sms_spam_v1,NEEDS_REVIEW,NEEDS_REVIEW,nr_pool,,,d4b2ebf5df3e,Open NR — mark HARASS if 扰民非骗转账.,harass_relabel
zh_03767,秒杀好莱坞大片的印度科幻影效，场面创意出人意料http://180.3gbc.cn/?a=139241,zh,gitcode_zh_sms_8a104,NEEDS_REVIEW,NEEDS_REVIEW,nr_pool,,,823f449b85e7,Open NR — mark HARASS if 扰民非骗转账.,harass_relabel
uci_01178,Just nw i came to hme da..,en,uci_sms_spam_collection_v1,NEEDS_REVIEW,NEEDS_REVIEW,nr_pool,,,03890841c6af,Open NR — mark HARASS if 扰民非骗转账.,harass_relabel
iiitd_00801,"INDIAN GIRLS THROUGH THE YEARS: 1980=Love Me But don't touch Me. 1990=Touch Me But don't kiss Me. 2000=Kiss Me But or kuch Mat Karna. 2005:sab kuch Kar lo par kisi ko Batana nahi. 2010:sub kuch Karo Warna, Mai sub ko Bata Dungi ki Tum Kuch nahi kar Saktay . . . .;-). . .:-P",hi,iiitd_sms_spam_v1,NEEDS_REVIEW,NEEDS_REVIEW,nr_pool,,,20a3e78f6446,Open NR — mark HARASS if 扰民非骗转账.,harass_relabel
id_ss_00204,Yup...saya telah berada di sana sebelum... Anda ingin pergi untuk yoga? saya bisa memanggil untuk buku,id,spamshield_indonesian_v1,NEEDS_REVIEW,NEEDS_REVIEW,nr_pool,,,f6dde2eb79c6,Open NR — mark HARASS if 扰民非骗转账.,harass_relabel
uci_03892,No problem. We will be spending a lot of quality time together...,en,uci_sms_spam_collection_v1,NEEDS_REVIEW,NEEDS_REVIEW,nr_pool,,,0eea08ee8bac,Open NR — mark HARASS if 扰民非骗转账.,harass_relabel
zh_02720,美媒曝光中国地下空军:不可战胜[搜狐]-中国移动冲浪助手:http://go.10086.cn/nd/mgp/13upFU,zh,gitcode_zh_sms_8a104,NEEDS_REVIEW,NEEDS_REVIEW,nr_pool,,,ca88947f04e5,Open NR — mark HARASS if 扰民非骗转账.,harass_relabel
uci_02654,Sorry da:)i was thought of calling you lot of times:)lil busy.i will call you at noon..,en,uci_sms_spam_collection_v1,NEEDS_REVIEW,NEEDS_REVIEW,nr_pool,,,5b9a5fa5e76c,Open NR — mark HARASS if 扰民非骗转账.,harass_relabel
uci_04964,I want to see your pretty pussy...,en,uci_sms_spam_collection_v1,NEEDS_REVIEW,NEEDS_REVIEW,nr_pool,,,e17e41ebd510,Open NR — mark HARASS if 扰民非骗转账.,harass_relabel
zh_07758,【朝阳区文明办】就餐不剩饭不剩菜，购物自带环保袋，分类投放垃圾，爱护公共卫生，参加“清洁空气蓝天行动”，实践绿色出行，共建Apec蓝！,zh,gitcode_zh_sms_8a104,NEEDS_REVIEW,NEEDS_REVIEW,nr_pool,,,5ab4584a33c8,Open NR — mark HARASS if 扰民非骗转账.,harass_relabel
uci_02757,Have a good trip. Watch out for . Remember when you get back we must decide about easter.,en,uci_sms_spam_collection_v1,NEEDS_REVIEW,NEEDS_REVIEW,nr_pool,,,0a7e01e38b63,Open NR — mark HARASS if 扰民非骗转账.,harass_relabel
uci_03923,"Oh really? perform, write a paper, go to a movie AND be home by midnight, huh?",en,uci_sms_spam_collection_v1,NEEDS_REVIEW,NEEDS_REVIEW,nr_pool,,,0c989b817081,Open NR — mark HARASS if 扰民非骗转账.,harass_relabel
uci_04933,Match started.india  &lt;#&gt;  for 2,en,uci_sms_spam_collection_v1,NEEDS_REVIEW,NEEDS_REVIEW,nr_pool,,,6d8929dc4cf3,Open NR — mark HARASS if 扰民非骗转账.,harass_relabel
uci_04117,What you doing?how are you?,en,uci_sms_spam_collection_v1,NEEDS_REVIEW,NEEDS_REVIEW,nr_pool,,,7b4028dbcc85,Open NR — mark HARASS if 扰民非骗转账.,harass_relabel
id_ss_00551,Bagaimana dia tahu tepat waktu pembunuhan,id,spamshield_indonesian_v1,NEEDS_REVIEW,NEEDS_REVIEW,nr_pool,,,47e672f118af,Open NR — mark HARASS if 扰民非骗转账.,harass_relabel
uci_01185,"Yo, you around? Just got my car back",en,uci_sms_spam_collection_v1,NEEDS_REVIEW,NEEDS_REVIEW,nr_pool,,,72d652940486,Open NR — mark HARASS if 扰民非骗转账.,harass_relabel
uci_04101,I not at home now lei...,en,uci_sms_spam_collection_v1,NEEDS_REVIEW,NEEDS_REVIEW,nr_pool,,,612574649786,Open NR — mark HARASS if 扰民非骗转账.,harass_relabel
uci_02385,"Sorry, I'll call later",en,uci_sms_spam_collection_v1,NEEDS_REVIEW,NEEDS_REVIEW,nr_pool,,,d5081f7715ce,Open NR — mark HARASS if 扰民非骗转账.,harass_relabel
iiitd_00221,"If u hav 2 keep hurting me d way u r (n showing me such cold attitude,i dono y)...den m betr off dealing wid nt having u in my life dan having u lyk dis. N plz don call bck nw. I don think u need 2 hav d last word wid sum1 uv alredy hurt so mch.",hi,iiitd_sms_spam_v1,NEEDS_REVIEW,NEEDS_REVIEW,nr_pool,,,5c680fa3f699,Open NR — mark HARASS if 扰民非骗转账.,harass_relabel
uci_03884,"Gumby's has a special where a  &lt;#&gt; "" cheese pizza is $2 so I know what we're doin tonight",en,uci_sms_spam_collection_v1,NEEDS_REVIEW,NEEDS_REVIEW,nr_pool,,,1475dd57c237,Open NR — mark HARASS if 扰民非骗转账.,harass_relabel
uci_05208,I will reach ur home in  &lt;#&gt;  minutes,en,uci_sms_spam_collection_v1,NEEDS_REVIEW,NEEDS_REVIEW,nr_pool,,,c2d3bd8694cb,Open NR — mark HARASS if 扰民非骗转账.,harass_relabel
uci_04874,Lol! Oops sorry! Have fun.,en,uci_sms_spam_collection_v1,NEEDS_REVIEW,NEEDS_REVIEW,nr_pool,,,3cfeb6f31618,Open NR — mark HARASS if 扰民非骗转账.,harass_relabel
iiitd_00409,I WUD LUV TO... n ve bn tryn to cnvnce mum n sis a hel lot..rly wan to cm cuz its d last day n al..aur kya bolun ya?.. Finally aftr so lng our stupid fights ve ended! D farewels suposd to b rlyyy spcl! Jus 3 hrs ya..plzzz aaaajaaaaooo!! Rply..,hi,iiitd_sms_spam_v1,NEEDS_REVIEW,NEEDS_REVIEW,nr_pool,,,9116efe2a905,Open NR — mark HARASS if 扰民非骗转账.,harass_relabel
uci_05236,Ok cool. See ya then.,en,uci_sms_spam_collection_v1,NEEDS_REVIEW,NEEDS_REVIEW,nr_pool,,,8c26148ae0c6,Open NR — mark HARASS if 扰民非骗转账.,harass_relabel
zh_04281,秒杀好莱坞大片的印度科幻影效，场面创意出人意料http://180.3gbc.cn/?a=139241,zh,gitcode_zh_sms_8a104,NEEDS_REVIEW,NEEDS_REVIEW,nr_pool,,,823f449b85e7,Open NR — mark HARASS if 扰民非骗转账.,harass_relabel
iiitd_00785,Whn do we hv MR 2mrw?,hi,iiitd_sms_spam_v1,NEEDS_REVIEW,NEEDS_REVIEW,nr_pool,,,17cf69671271,Open NR — mark HARASS if 扰民非骗转账.,harass_relabel
iiitd_00762,"I haven't even started! Give me email, ph no and other stuff about them.",hi,iiitd_sms_spam_v1,NEEDS_REVIEW,NEEDS_REVIEW,nr_pool,,,05c456ce869a,Open NR — mark HARASS if 扰民非骗转账.,harass_relabel
uci_03151,Yo! Howz u? girls never rang after india. L,en,uci_sms_spam_collection_v1,NEEDS_REVIEW,NEEDS_REVIEW,nr_pool,,,cb03084ac671,Open NR — mark HARASS if 扰民非骗转账.,harass_relabel
id_ss_00625,Alasan adalah jika anggaran tim tersedia akhirnya mereka membeli pemain yang tidak dijual untuk pada tingkat dasar.,id,spamshield_indonesian_v1,NEEDS_REVIEW,NEEDS_REVIEW,nr_pool,,,eb4ae50156a8,Open NR — mark HARASS if 扰民非骗转账.,harass_relabel
uci_00922,On ma way to school. Can you pls send me ashley's number,en,uci_sms_spam_collection_v1,NEEDS_REVIEW,NEEDS_REVIEW,nr_pool,,,d5cb61c82872,Open NR — mark HARASS if 扰民非骗转账.,harass_relabel
uci_02836,"Ya they are well and fine., BBD(pooja) full pimples..even she become quite black..and ur rite here its too cold, wearing sweatter..",en,uci_sms_spam_collection_v1,NEEDS_REVIEW,NEEDS_REVIEW,nr_pool,,,911286ef0370,Open NR — mark HARASS if 扰民非骗转账.,harass_relabel
uci_00615,I called and said all to him:)then he have to choose this future.,en,uci_sms_spam_collection_v1,NEEDS_REVIEW,NEEDS_REVIEW,nr_pool,,,043b2615701f,Open NR — mark HARASS if 扰民非骗转账.,harass_relabel
uci_00290,"Dear,shall mail tonite.busy in the street,shall update you tonite.things are looking ok.varunnathu edukkukayee raksha ollu.but a good one in real sense.",en,uci_sms_spam_collection_v1,NEEDS_REVIEW,NEEDS_REVIEW,nr_pool,,,8a11031c7345,Open NR — mark HARASS if 扰民非骗转账.,harass_relabel
id_ss_00371,Dalam sh tapi neva mind u makan 1st lor..,id,spamshield_indonesian_v1,NEEDS_REVIEW,NEEDS_REVIEW,nr_pool,,,15527a4facd5,Open NR — mark HARASS if 扰民非骗转账.,harass_relabel
id_ss_00829,Gunakan link berikut pada PC Anda 2 menikmati pengalaman makan 2 4 1http://www.vouch4me.com/etlp/dining.asp,id,spamshield_indonesian_v1,NEEDS_REVIEW,NEEDS_REVIEW,nr_pool,,,34b19f92c800,Open NR — mark HARASS if 扰民非骗转账.,harass_relabel
uci_04379,"Doing nothing, then u not having dinner w us?",en,uci_sms_spam_collection_v1,NEEDS_REVIEW,NEEDS_REVIEW,nr_pool,,,d6df0399a57c,Open NR — mark HARASS if 扰民非骗转账.,harass_relabel
uci_02141,After the drug she will be able to eat.,en,uci_sms_spam_collection_v1,NEEDS_REVIEW,NEEDS_REVIEW,nr_pool,,,768fa7c48009,Open NR — mark HARASS if 扰民非骗转账.,harass_relabel
uci_00826,Hmm .. Bits and pieces lol ... *sighs* ...,en,uci_sms_spam_collection_v1,NEEDS_REVIEW,NEEDS_REVIEW,nr_pool,,,de8540df787d,Open NR — mark HARASS if 扰民非骗转账.,harass_relabel
uci_02639,Am in gobi arts college,en,uci_sms_spam_collection_v1,NEEDS_REVIEW,NEEDS_REVIEW,nr_pool,,,d4009db1634a,Open NR — mark HARASS if 扰民非骗转账.,harass_relabel
zh_08302,【腾讯科技】你的微信帐号deeplyfun找回帐号密码失败，回执单号37267885。查看原因http://url.cn/UZI9YR,zh,gitcode_zh_sms_8a104,NEEDS_REVIEW,NEEDS_REVIEW,nr_pool,,,3ca54e9841e2,Open NR — mark HARASS if 扰民非骗转账.,harass_relabel
uci_04899,Oh for fuck's sake she's in like tallahassee,en,uci_sms_spam_collection_v1,NEEDS_REVIEW,NEEDS_REVIEW,nr_pool,,,e00a1d0dcaaf,Open NR — mark HARASS if 扰民非骗转账.,harass_relabel
iiitd_00054,In English- Gd 9t. In Deshi- Subhratri.In Urdu- Sabbakhair.In Telgu- Pandankopo.Apun ka style chal ludhak le,hi,iiitd_sms_spam_v1,NEEDS_REVIEW,NEEDS_REVIEW,nr_pool,,,855c1e4c0031,Open NR — mark HARASS if 扰民非骗转账.,harass_relabel
uci_03249,Also track down any lighters you can find,en,uci_sms_spam_collection_v1,NEEDS_REVIEW,NEEDS_REVIEW,nr_pool,,,ce56f3a09c12,Open NR — mark HARASS if 扰民非骗转账.,harass_relabel
zh_07855,【招商证券】财富早间版：我国10月份PMI指数50.8%略低于预期；日本扩大货币刺激政策规模提振投资者信心，美股收盘创历史新高。指数二八分化明显，持股应重视业绩，可在控制整体仓位的前提下继续中线持有金融、机械、家电、医药消费等优质品种。仅供参考，回A退订。,zh,gitcode_zh_sms_8a104,NEEDS_REVIEW,NEEDS_REVIEW,nr_pool,,,55cabe1a4ca9,Open NR — mark HARASS if 扰民非骗转账.,harass_relabel
uci_05025,Where you. What happen,en,uci_sms_spam_collection_v1,NEEDS_REVIEW,NEEDS_REVIEW,nr_pool,,,ea451a6eec12,Open NR — mark HARASS if 扰民非骗转账.,harass_relabel
id_yudi_00680,Bisa bu...buka jam 11 bu,id,yudiwbs_id_sms_spam_v1,NEEDS_REVIEW,NEEDS_REVIEW,nr_pool,,,9d5ceb20c6ee,Open NR — mark HARASS if 扰民非骗转账.,harass_relabel
uci_03987,"Friendship is not a game to play, It is not a word to say, It doesn\'t start on March and ends on May, It is tomorrow, yesterday, today and e",en,uci_sms_spam_collection_v1,NEEDS_REVIEW,NEEDS_REVIEW,nr_pool,,,3f2a8eb59232,Open NR — mark HARASS if 扰民非骗转账.,harass_relabel
uci_01990,The basket's gettin full so I might be by tonight,en,uci_sms_spam_collection_v1,NEEDS_REVIEW,NEEDS_REVIEW,nr_pool,,,b806184a9a7f,Open NR — mark HARASS if 扰民非骗转账.,harass_relabel
iiitd_00861,"I dnt know d art of showing love, concern and respect for d buddies i care for...There may be many who wud impres u better than i can do... Some may even know how to cary on frndship in a far better way than i can... But one thing i can do is i will be a true friend just try 2 make u feel gud and joyful ,help you where i can and will be with you whenever u want...Dis is me and i am not at all unique...:-)jst a fnd of urz,frevr nd evr.",hi,iiitd_sms_spam_v1,NEEDS_REVIEW,NEEDS_REVIEW,nr_pool,,,90f7377732bf,Open NR — mark HARASS if 扰民非骗转账.,harass_relabel
uci_02875,Crucify is c not s. You should have told me earlier.,en,uci_sms_spam_collection_v1,NEEDS_REVIEW,NEEDS_REVIEW,nr_pool,,,1ec7839ecd09,Open NR — mark HARASS if 扰民非骗转账.,harass_relabel
uci_00896,"Superb Thought- ""Be grateful that u dont have everything u want. That means u still have an opportunity to be happier tomorrow than u are today."":-)",en,uci_sms_spam_collection_v1,NEEDS_REVIEW,NEEDS_REVIEW,nr_pool,,,312cc4790ca3,Open NR — mark HARASS if 扰民非骗转账.,harass_relabel
uci_00382,"Yeah sure, give me a couple minutes to track down my wallet",en,uci_sms_spam_collection_v1,NEEDS_REVIEW,NEEDS_REVIEW,nr_pool,,,04ca51538cf1,Open NR — mark HARASS if 扰民非骗转账.,harass_relabel
uci_00814,I borrow ur bag ok.,en,uci_sms_spam_collection_v1,NEEDS_REVIEW,NEEDS_REVIEW,nr_pool,,,22860dbf5d5b,Open NR — mark HARASS if 扰民非骗转账.,harass_relabel
id_yudi_01063,Soalnya yang aku udah ditambahin,id,yudiwbs_id_sms_spam_v1,NEEDS_REVIEW,NEEDS_REVIEW,nr_pool,,,b472d78be0dd,Open NR — mark HARASS if 扰民非骗转账.,harass_relabel
zh_05686,公司让员工跪地围爬行引热议[凤凰]-中国移动冲浪助手:http://go.10086.cn/nd/lMl/12iqL3,zh,gitcode_zh_sms_8a104,NEEDS_REVIEW,NEEDS_REVIEW,nr_pool,,,5a3e6e93516e,Open NR — mark HARASS if 扰民非骗转账.,harass_relabel
zh_03544,温馨提醒：户名：蔡雪棉，开户行：农行莘塍支行，帐号：6228490330014513112，金额：5万元，祝您生活愉快！,zh,gitcode_zh_sms_8a104,NEEDS_REVIEW,NEEDS_REVIEW,nr_pool,,,280a66967f9e,Open NR — mark HARASS if 扰民非骗转账.,harass_relabel
id_yudi_00887,ku ada 300 ratus nih di tabungan~ di nama1  aku tabungan ada berapa nama1 ? cabut sekarang juga #ManaAda~ :(,id,yudiwbs_id_sms_spam_v1,NEEDS_REVIEW,NEEDS_REVIEW,nr_pool,,,37d1e96d9af7,Open NR — mark HARASS if 扰民非骗转账.,harass_relabel
iiitd_00760,"I havn't seen a lazy person like U, in winter days u stand in front of d mirror with 1 mug of water & throw it on d mirror & say, LO NAHA LIYA....",hi,iiitd_sms_spam_v1,NEEDS_REVIEW,NEEDS_REVIEW,nr_pool,,,7fc752337c3d,Open NR — mark HARASS if 扰民非骗转账.,harass_relabel
uci_02627,Unni thank you dear for the recharge..Rakhesh,en,uci_sms_spam_collection_v1,NEEDS_REVIEW,NEEDS_REVIEW,nr_pool,,,4d303e184b43,Open NR — mark HARASS if 扰民非骗转账.,harass_relabel
id_yudi_00762,Gais kalau ada chat2 sebelumnya tolong dibaca dan dipahami biar ga ulg2 ????,id,yudiwbs_id_sms_spam_v1,NEEDS_REVIEW,NEEDS_REVIEW,nr_pool,,,768b91f831f2,Open NR — mark HARASS if 扰民非骗转账.,harass_relabel
uci_01517,I need to come home and give you some good lovin...,en,uci_sms_spam_collection_v1,NEEDS_REVIEW,NEEDS_REVIEW,nr_pool,,,c61594c0c578,Open NR — mark HARASS if 扰民非骗转账.,harass_relabel
iiitd_00676,I love kids wen Dey travel alone.,hi,iiitd_sms_spam_v1,NEEDS_REVIEW,NEEDS_REVIEW,nr_pool,,,3a2407b6e00f,Open NR — mark HARASS if 扰民非骗转账.,harass_relabel
uci_03653,"Probably not, still going over some stuff here",en,uci_sms_spam_collection_v1,NEEDS_REVIEW,NEEDS_REVIEW,nr_pool,,,f9f31180b364,Open NR — mark HARASS if 扰民非骗转账.,harass_relabel
id_ss_00087,Berapa banyak yang Anda dapatkan untuk membersihkan,id,spamshield_indonesian_v1,NEEDS_REVIEW,NEEDS_REVIEW,nr_pool,,,6dc6e78bc645,Open NR — mark HARASS if 扰民非骗转账.,harass_relabel
uci_02867,Smith waste da.i wanna gayle.,en,uci_sms_spam_collection_v1,NEEDS_REVIEW,NEEDS_REVIEW,nr_pool,,,3fa4b4b4fe7a,Open NR — mark HARASS if 扰民非骗转账.,harass_relabel
uci_02734,Do ¨¹ noe if ben is going?,en,uci_sms_spam_collection_v1,NEEDS_REVIEW,NEEDS_REVIEW,nr_pool,,,8687068fcd3b,Open NR — mark HARASS if 扰民非骗转账.,harass_relabel
id_ss_00012,"Teks Terbatas, Minit Terbatas",id,spamshield_indonesian_v1,NEEDS_REVIEW,NEEDS_REVIEW,nr_pool,,,e3979f2ee4a4,Open NR — mark HARASS if 扰民非骗转账.,harass_relabel
uci_02036,Simply sitting and watching match in office..,en,uci_sms_spam_collection_v1,NEEDS_REVIEW,NEEDS_REVIEW,nr_pool,,,291307d3aded,Open NR — mark HARASS if 扰民非骗转账.,harass_relabel
zh_05004,新闻：男婴天生畸形长四条腿极度罕见（图）详情点击 http://wap.zjicity.com/wxcs/qZ2bLU,zh,gitcode_zh_sms_8a104,NEEDS_REVIEW,NEEDS_REVIEW,nr_pool,,,a2d4c3917a2b,Open NR — mark HARASS if 扰民非骗转账.,harass_relabel
uci_03640,Wat's da model num of ur phone?,en,uci_sms_spam_collection_v1,NEEDS_REVIEW,NEEDS_REVIEW,nr_pool,,,f8ed30e25fab,Open NR — mark HARASS if 扰民非骗转账.,harass_relabel
uci_03406,"Jus chillaxin, what up",en,uci_sms_spam_collection_v1,NEEDS_REVIEW,NEEDS_REVIEW,nr_pool,,,47588ebd82e4,Open NR — mark HARASS if 扰民非骗转账.,harass_relabel
iiitd_00189,"If you feel that you cant smile, stand before a mirror and with your fingers pull your mouth into a smile. It is that important! Good morning Jai sri ram:-)",hi,iiitd_sms_spam_v1,NEEDS_REVIEW,NEEDS_REVIEW,nr_pool,,,ee973c5c486e,Open NR — mark HARASS if 扰民非骗转账.,harass_relabel
iiitd_00523,"Innocent confession by Shiney Ahuja: Aasmaan me kaali ghata chhai hai, aaj fir gharwali se maar khai hai. Dil to karta hai ki sudhar jaaun, magar kaamwali aaj fir bheeg kar aayi hai.. ;)",hi,iiitd_sms_spam_v1,NEEDS_REVIEW,NEEDS_REVIEW,nr_pool,,,3bde7be5075e,Open NR — mark HARASS if 扰民非骗转账.,harass_relabel
uci_01815,HI ITS JESS I DONT KNOW IF YOU ARE AT WORK BUT CALL ME WHEN U CAN IM AT HOME ALL EVE. XXX,en,uci_sms_spam_collection_v1,NEEDS_REVIEW,NEEDS_REVIEW,nr_pool,,,a4af12b60a6c,Open NR — mark HARASS if 扰民非骗转账.,harass_relabel
id_yudi_00657,Baru ngeh chatnya maafkan (maaf),id,yudiwbs_id_sms_spam_v1,NEEDS_REVIEW,NEEDS_REVIEW,nr_pool,,,cafa04824fba,Open NR — mark HARASS if 扰民非骗转账.,harass_relabel
id_ss_01190,untuk minum?,id,spamshield_indonesian_v1,NEEDS_REVIEW,NEEDS_REVIEW,nr_pool,,,6425f4962b59,Open NR — mark HARASS if 扰民非骗转账.,harass_relabel
uci_02655,Its sarcasm.. .nt scarcasim,en,uci_sms_spam_collection_v1,NEEDS_REVIEW,NEEDS_REVIEW,nr_pool,,,fdc893d44e0e,Open NR — mark HARASS if 扰民非骗转账.,harass_relabel
id_ss_00503,Keguguran memanggil Anda sakit malam beberapa ide.,id,spamshield_indonesian_v1,NEEDS_REVIEW,NEEDS_REVIEW,nr_pool,,,fc29d68a1d41,Open NR — mark HARASS if 扰民非骗转账.,harass_relabel
iiitd_00301,???cHr?StMaS?????S?nEaR?? ??So ? I??? ?????????? ??w?$h?��oU??????M�RR��? CHRI$M?$??????H?pp��?? N�W????���?R??in Advanc...??,hi,iiitd_sms_spam_v1,NEEDS_REVIEW,NEEDS_REVIEW,nr_pool,,,ce7111f18e90,Open NR — mark HARASS if 扰民非骗转账.,harass_relabel
zh_08330,纸袋碰腿北京2孕妇地铁内互殴[人民]-中国移动冲浪助手:Url:http://go.10086.cn/np/mh9/Y7Lya,zh,gitcode_zh_sms_8a104,NEEDS_REVIEW,NEEDS_REVIEW,nr_pool,,,2946aef4fed1,Open NR — mark HARASS if 扰民非骗转账.,harass_relabel
uci_00386,It took Mr owl 3 licks,en,uci_sms_spam_collection_v1,NEEDS_REVIEW,NEEDS_REVIEW,nr_pool,,,3cde1ee28e91,Open NR — mark HARASS if 扰民非骗转账.,harass_relabel
uci_05364,I'm in inside office..still filling forms.don know when they leave me.,en,uci_sms_spam_collection_v1,NEEDS_REVIEW,NEEDS_REVIEW,nr_pool,,,f403332e9849,Open NR — mark HARASS if 扰民非骗转账.,harass_relabel
id_ss_01224,Tidak ada!SelengkapnyaSelengkapnyaSelengkapnya,id,spamshield_indonesian_v1,NEEDS_REVIEW,NEEDS_REVIEW,nr_pool,,,5943b15c48a4,Open NR — mark HARASS if 扰民非骗转账.,harass_relabel
uci_02783,Well at this right I'm gonna have to get up and check today's steam sales/pee so text me when you want me to come get you,en,uci_sms_spam_collection_v1,NEEDS_REVIEW,NEEDS_REVIEW,nr_pool,,,4bc7f33e03c3,Open NR — mark HARASS if 扰民非骗转账.,harass_relabel
zh_04642,丽江酒吧摆千万“艳遇佛”引游客疯狂膜拜，网友争议炸开锅http://180.3gbc.cn/?a=139341,zh,gitcode_zh_sms_8a104,NEEDS_REVIEW,NEEDS_REVIEW,nr_pool,,,93e46ffe93f3,Open NR — mark HARASS if 扰民非骗转账.,harass_relabel
uci_01579,How to Make a girl Happy? It's not at all difficult to make girls happy. U only need to be... 1. A friend 2. Companion 3. Lover 4. Chef . . .  &lt;#&gt; . Good listener  &lt;#&gt; . Organizer  &lt;#&gt; . Good boyfriend  &lt;#&gt; . Very clean  &lt;#&gt; . Sympathetic  &lt;#&gt; . Athletic  &lt;#&gt; . Warm . . .  &lt;#&gt; . Courageous  &lt;#&gt; . Determined  &lt;#&gt; . True  &lt;#&gt; . Dependable  &lt;#&gt; . Intelligent . . .  &lt;#&gt; . Psychologist  &lt;#&gt; . Pest exterminator  &lt;#&gt; . Psychiatrist  &lt;#&gt; . Healer . .  &lt;#&gt; . Stylist  &lt;#&gt; . Driver . . Aaniye pudunga venaam..,en,uci_sms_spam_collection_v1,NEEDS_REVIEW,NEEDS_REVIEW,nr_pool,,,6f1f741ebc91,Open NR — mark HARASS if 扰民非骗转账.,harass_relabel
uci_04669,IM REALY SOZ IMAT MY MUMS 2NITE WHAT ABOUT 2MORO,en,uci_sms_spam_collection_v1,NEEDS_REVIEW,NEEDS_REVIEW,nr_pool,,,5a72608cfc47,Open NR — mark HARASS if 扰民非骗转账.,harass_relabel
uci_03664,"Frnd s not juz a word.....not merely a relationship.....its a silent promise which says ... "" I will be with YOU "" Wherevr.. Whenevr.. Forevr... Gudnyt dear..",en,uci_sms_spam_collection_v1,NEEDS_REVIEW,NEEDS_REVIEW,nr_pool,,,ae5bfdcf68e1,Open NR — mark HARASS if 扰民非骗转账.,harass_relabel
zh_03801,周立波李咏不和视频遭曝光，女神朱莉为防癌切双侧乳腺。《夏日风情》活动大奖三星GALAXYNoteII、超市券等你拿，赶快行动吧！-新华E刊http://zsjc.bj.monternet.com/xh1,zh,gitcode_zh_sms_8a104,NEEDS_REVIEW,NEEDS_REVIEW,nr_pool,,,a2497b17e11c,Open NR — mark HARASS if 扰民非骗转账.,harass_relabel
id_yudi_01107,"untuk dwm soal klasifikasi, algoritma yang menjadi dasar adalah random forest dengan akurasi model kira2 0.8. Setelah menggunakan data test (data yg saya berikan kemarin di UAS untuk diprediksi), akurasi yg didapat adalah 0.75. Jika mhs mendapat akurasi 0.75 dia akan mendapat nilai maksimal (20point). Akurasi tertinggi 0.77 diperoleh oleh nama1",id,yudiwbs_id_sms_spam_v1,NEEDS_REVIEW,NEEDS_REVIEW,nr_pool,,,5306490d6033,Open NR — mark HARASS if 扰民非骗转账.,harass_relabel
id_ss_01047,"Sebagai langganan SIM, Anda dipilih untuk menerima Bonus! Dapatkannya diserahkan ke pintu Anda, Txt kata OK ke No: 88600 untuk menuntut. 150p/msg, EXP. 30Apr",id,spamshield_indonesian_v1,NEEDS_REVIEW,NEEDS_REVIEW,nr_pool,,,3b374645cf5a,Open NR — mark HARASS if 扰民非骗转账.,harass_relabel
id_yudi_00086,"Hayu dateng, mumpung ada ustad Fatih karim,beliau yg mengislamkan ustad Felix siaw",id,yudiwbs_id_sms_spam_v1,NEEDS_REVIEW,NEEDS_REVIEW,nr_pool,,,6a6f1ed38026,Open NR — mark HARASS if 扰民非骗转账.,harass_relabel
id_ss_00090,"Bloody hell, cant believe you forgot my surname Mr. Ill memberi Anda petunjuk, bahasa Spanyol dan dimulai dengan ...",id,spamshield_indonesian_v1,NEEDS_REVIEW,NEEDS_REVIEW,nr_pool,,,c1b2fa30dba3,Open NR — mark HARASS if 扰民非骗转账.,harass_relabel
uci_00204,Goodmorning sleeping ga.,en,uci_sms_spam_collection_v1,NEEDS_REVIEW,NEEDS_REVIEW,nr_pool,,,58f304c9b041,Open NR — mark HARASS if 扰民非骗转账.,harass_relabel
uci_01608,Jus telling u dat i'll b leaving 4 shanghai on 21st instead so we'll haf more time 2 meet up cya...,en,uci_sms_spam_collection_v1,NEEDS_REVIEW,NEEDS_REVIEW,nr_pool,,,4714876d1924,Open NR — mark HARASS if 扰民非骗转账.,harass_relabel
iiitd_00510,I thot d date tl nw would hve been a bit more precise..,hi,iiitd_sms_spam_v1,NEEDS_REVIEW,NEEDS_REVIEW,nr_pool,,,21430af86b5a,Open NR — mark HARASS if 扰民非骗转账.,harass_relabel
zh_04966,"114商城特供:鸡蛋4.2/斤,生态奶1.2/袋,竹炭毛绒鞋垫1.8/副,暖足贴1元/副。地址：114商城，电话：2175114",zh,gitcode_zh_sms_8a104,NEEDS_REVIEW,NEEDS_REVIEW,nr_pool,,,78d0ea5e1b72,Open NR — mark HARASS if 扰民非骗转账.,harass_relabel
uci_01495,It has everything to do with the weather. Keep extra warm. Its a cold but nothing serious. Pls lots of vitamin c,en,uci_sms_spam_collection_v1,NEEDS_REVIEW,NEEDS_REVIEW,nr_pool,,,cc59d907f08b,Open NR — mark HARASS if 扰民非骗转账.,harass_relabel
uci_05096,"Hi Shanil,Rakhesh here.thanks,i have exchanged the uncut diamond stuff.leaving back. Excellent service by Dino and Prem.",en,uci_sms_spam_collection_v1,NEEDS_REVIEW,NEEDS_REVIEW,nr_pool,,,e3d4c3240192,Open NR — mark HARASS if 扰民非骗转账.,harass_relabel
uci_03673,"came to look at the flat, seems ok, in his 50s? * Is away alot wiv work. Got woman coming at 6.30 too.",en,uci_sms_spam_collection_v1,NEEDS_REVIEW,NEEDS_REVIEW,nr_pool,,,862c3272d8af,Open NR — mark HARASS if 扰民非骗转账.,harass_relabel
uci_01861,"It could work, we'll reach a consensus at the next meeting",en,uci_sms_spam_collection_v1,NEEDS_REVIEW,NEEDS_REVIEW,nr_pool,,,9667f1e2c00d,Open NR — mark HARASS if 扰民非骗转账.,harass_relabel
uci_05095,Gokila is talking with you aha:),en,uci_sms_spam_collection_v1,NEEDS_REVIEW,NEEDS_REVIEW,nr_pool,,,f454ef363cef,Open NR — mark HARASS if 扰民非骗转账.,harass_relabel
id_ss_01162,"Free msg. Maaf, layanan yang Anda pesan dari 81303 tidak dapat disampaikan karena Anda tidak memiliki kredit yang cukup.",id,spamshield_indonesian_v1,NEEDS_REVIEW,NEEDS_REVIEW,nr_pool,,,a1046c8401df,Open NR — mark HARASS if 扰民非骗转账.,harass_relabel
uci_04549,Hope you are having a good week. Just checking in,en,uci_sms_spam_collection_v1,NEEDS_REVIEW,NEEDS_REVIEW,nr_pool,,,290c042168b1,Open NR — mark HARASS if 扰民非骗转账.,harass_relabel
uci_03629,Meeting u is my work. . . Tel me when shall i do my work tomorrow,en,uci_sms_spam_collection_v1,NEEDS_REVIEW,NEEDS_REVIEW,nr_pool,,,a9d94df8cbd8,Open NR — mark HARASS if 扰民非骗转账.,harass_relabel
uci_04479,I anything lor.,en,uci_sms_spam_collection_v1,NEEDS_REVIEW,NEEDS_REVIEW,nr_pool,,,c08242dc545f,Open NR — mark HARASS if 扰民非骗转账.,harass_relabel
uci_03062,What u talking bout early morning? It's almost noon where your at!,en,uci_sms_spam_collection_v1,NEEDS_REVIEW,NEEDS_REVIEW,nr_pool,,,8271ea14a681,Open NR — mark HARASS if 扰民非骗转账.,harass_relabel
uci_01148,Ok... Help me ask if she's working tmr a not?,en,uci_sms_spam_collection_v1,NEEDS_REVIEW,NEEDS_REVIEW,nr_pool,,,e1678d1d85b8,Open NR — mark HARASS if 扰民非骗转账.,harass_relabel
uci_04818,Me too. Mark is taking forever to pick up my prescription and the pain is coming back.,en,uci_sms_spam_collection_v1,NEEDS_REVIEW,NEEDS_REVIEW,nr_pool,,,41838d9cdc78,Open NR — mark HARASS if 扰民非骗转账.,harass_relabel
iiitd_00292,If i giv u a t-shirt n ask u 2 write a tag on it as per my nature wat wud u write? Send dis 2 al ur frns n collect ur taglines..Bt reply me 1st.,hi,iiitd_sms_spam_v1,NEEDS_REVIEW,NEEDS_REVIEW,nr_pool,,,f7693db10594,Open NR — mark HARASS if 扰民非骗转账.,harass_relabel
uci_01774,"I'm not coming over, do whatever you want",en,uci_sms_spam_collection_v1,NEEDS_REVIEW,NEEDS_REVIEW,nr_pool,,,d8fe60b11a94,Open NR — mark HARASS if 扰民非骗转账.,harass_relabel
uci_00461,Where did u go? My phone is gonna die you have to stay in here,en,uci_sms_spam_collection_v1,NEEDS_REVIEW,NEEDS_REVIEW,nr_pool,,,cc69bf034ec1,Open NR — mark HARASS if 扰民非骗转账.,harass_relabel
uci_02231,"Hey... Thk we juz go accordin to wat we discussed yest lor, except no kb on sun... Cos there's nt much lesson to go if we attend kb on sat...",en,uci_sms_spam_collection_v1,NEEDS_REVIEW,NEEDS_REVIEW,nr_pool,,,13dba868b3a6,Open NR — mark HARASS if 扰民非骗转账.,harass_relabel
id_yudi_00683,Bisi ga enak ga bantuin beberes ato masak2nya :(,id,yudiwbs_id_sms_spam_v1,NEEDS_REVIEW,NEEDS_REVIEW,nr_pool,,,78cc7f8e67d5,Open NR — mark HARASS if 扰民非骗转账.,harass_relabel
uci_01113,So that means you still think of teju,en,uci_sms_spam_collection_v1,NEEDS_REVIEW,NEEDS_REVIEW,nr_pool,,,eeb473f9f263,Open NR — mark HARASS if 扰民非骗转账.,harass_relabel
zh_03516,【招商证券】财富早间版：沪港通或10月份启动，逾300券商申请试点；住建部要求加快城市道路桥梁建设，公路建设投资有望加速。新股申购抽离资金预期令市场主力态度谨慎，稳健者等待回调低吸主板优质品种如券商、医药、高铁、核电等的操作机会。投资建议仅供参考。,zh,gitcode_zh_sms_8a104,NEEDS_REVIEW,NEEDS_REVIEW,nr_pool,,,6535501ddfbd,Open NR — mark HARASS if 扰民非骗转账.,harass_relabel
iiitd_00499,I told ya it decrz ur efficiency..lol...Push sux! Big tym...,hi,iiitd_sms_spam_v1,NEEDS_REVIEW,NEEDS_REVIEW,nr_pool,,,5aee208db839,Open NR — mark HARASS if 扰民非骗转账.,harass_relabel
id_ss_01182,Moby Pub Quiz.Win a £100 High Street prize if you know who the new Duchess of Cornwall will be? Txt her first name to 82277.unsub STOP £1.50 0087040406 SP Arrow,id,spamshield_indonesian_v1,NEEDS_REVIEW,NEEDS_REVIEW,nr_pool,,,0fe21dca6813,Open NR — mark HARASS if 扰民非骗转账.,harass_relabel
zh_10319,*_*沃视界推荐：台湾爆红搞笑大片《老板的口头禅》，看逆天杀伤力的美女老板如何不计形象的全力摧残员工。看看你中枪了吗？省内观看沃视界，免收流量费 http://www.3ghn.com.cn/753K4J/JCJ,zh,gitcode_zh_sms_8a104,NEEDS_REVIEW,NEEDS_REVIEW,nr_pool,,,fd0430060d76,Open NR — mark HARASS if 扰民非骗转账.,harass_relabel
uci_02084,"you are sweet as well, princess. Please tell me your likes and dislikes in bed...",en,uci_sms_spam_collection_v1,NEEDS_REVIEW,NEEDS_REVIEW,nr_pool,,,c8c960db4631,Open NR — mark HARASS if 扰民非骗转账.,harass_relabel
uci_00507,"Maybe westshore or hyde park village, the place near my house?",en,uci_sms_spam_collection_v1,NEEDS_REVIEW,NEEDS_REVIEW,nr_pool,,,745a6ebf6284,Open NR — mark HARASS if 扰民非骗转账.,harass_relabel
zh_08949,实习生“四宗罪”偷懒自我任性非主流  http://g.wo.com.cn/h85/69gFQj&h=1&f=a11HX,zh,gitcode_zh_sms_8a104,NEEDS_REVIEW,NEEDS_REVIEW,nr_pool,,,9b75e1262dc2,Open NR — mark HARASS if 扰民非骗转账.,harass_relabel
zh_01767,专业提供橱饰软件定制和短信群 发服务。祝您周末愉快、生意兴隆！电话15882023697 qq5402135【成都好易捷软件】,zh,gitcode_zh_sms_8a104,NEEDS_REVIEW,NEEDS_REVIEW,nr_pool,,,e21d43bedc8e,Open NR — mark HARASS if 扰民非骗转账.,harass_relabel
uci_00205,U call me alter at 11 ok.,en,uci_sms_spam_collection_v1,NEEDS_REVIEW,NEEDS_REVIEW,nr_pool,,,c525a64d8078,Open NR — mark HARASS if 扰民非骗转账.,harass_relabel
id_ss_01156,"Wow...saya mencintaimu sooo banyak, kau tahu? aku hampir tidak bisa berdiri! aku bertanya-tanya bagaimana harimu berjalan dan jika kau baik-baik saja, cintaku...saya memikirkanmu dan merindukanmu",id,spamshield_indonesian_v1,NEEDS_REVIEW,NEEDS_REVIEW,nr_pool,,,91ea0fc2ed07,Open NR — mark HARASS if 扰民非骗转账.,harass_relabel
iiitd_00413,i ws saying gn wen u disconnected. atles convo toh finish hone diya karo!,hi,iiitd_sms_spam_v1,NEEDS_REVIEW,NEEDS_REVIEW,nr_pool,,,331ad545e706,Open NR — mark HARASS if 扰民非骗转账.,harass_relabel
uci_04782,Yup... Hey then one day on fri we can ask miwa and jiayin take leave go karaoke,en,uci_sms_spam_collection_v1,NEEDS_REVIEW,NEEDS_REVIEW,nr_pool,,,495ffc1f1d8b,Open NR — mark HARASS if 扰民非骗转账.,harass_relabel
uci_01810,"Aight, I'll ask a few of my roommates",en,uci_sms_spam_collection_v1,NEEDS_REVIEW,NEEDS_REVIEW,nr_pool,,,cda0ac8eef8e,Open NR — mark HARASS if 扰民非骗转账.,harass_relabel
uci_01647,Thts wat Wright Brother did to fly..,en,uci_sms_spam_collection_v1,NEEDS_REVIEW,NEEDS_REVIEW,nr_pool,,,f5274482dbd3,Open NR — mark HARASS if 扰民非骗转账.,harass_relabel
uci_03805,"No dude, its not fake..my frnds got money, thts y i'm reffering u..if u member wit my mail link, u vl be credited  &lt;#&gt; rs and il be getiing  &lt;#&gt; rs..i can draw my acc wen it is  &lt;#&gt; rs..",en,uci_sms_spam_collection_v1,NEEDS_REVIEW,NEEDS_REVIEW,nr_pool,,,433cd7b2da70,Open NR — mark HARASS if 扰民非骗转账.,harass_relabel
uci_03439,Its good to hear from you,en,uci_sms_spam_collection_v1,NEEDS_REVIEW,NEEDS_REVIEW,nr_pool,,,eb8971fcc86a,Open NR — mark HARASS if 扰民非骗转账.,harass_relabel
zh_07560,美媒曝光中国地下空军:不可战胜[搜狐]-中国移动冲浪助手:http://go.10086.cn/nd/mgp/10Wmdh,zh,gitcode_zh_sms_8a104,NEEDS_REVIEW,NEEDS_REVIEW,nr_pool,,,ca88947f04e5,Open NR — mark HARASS if 扰民非骗转账.,harass_relabel
id_ss_00334,Anda memiliki 1 email baru. silakan hubungi 08719181513.,id,spamshield_indonesian_v1,NEEDS_REVIEW,NEEDS_REVIEW,nr_pool,,,cd7c9227a8d1,Open NR — mark HARASS if 扰民非骗转账.,harass_relabel
iiitd_00763,I have sent d ppt.,hi,iiitd_sms_spam_v1,NEEDS_REVIEW,NEEDS_REVIEW,nr_pool,,,f40d8ec41011,Open NR — mark HARASS if 扰民非骗转账.,harass_relabel
zh_00402,【招商证券】财富早间版：消费者信心超预期，美股收高标普指数站上2000点；权威媒体称中国石化非油业务牵手腾讯。指数充分震荡消化前期获利盘，上证2200点附近具备一定支撑。维持持有或低吸金融、消费、高铁、国企改革等优质品种的操作策略。投资建议仅供参考。,zh,gitcode_zh_sms_8a104,NEEDS_REVIEW,NEEDS_REVIEW,nr_pool,,,5eba6a0cadd4,Open NR — mark HARASS if 扰民非骗转账.,harass_relabel
uci_03557,Ok lor. I'm in town now lei.,en,uci_sms_spam_collection_v1,NEEDS_REVIEW,NEEDS_REVIEW,nr_pool,,,c8d5e3a18da1,Open NR — mark HARASS if 扰民非骗转账.,harass_relabel
uci_03197,"I av a new number,  . Wil u only use this one,ta.",en,uci_sms_spam_collection_v1,NEEDS_REVIEW,NEEDS_REVIEW,nr_pool,,,d6cc3a55834d,Open NR — mark HARASS if 扰民非骗转账.,harass_relabel
uci_00299,I cant pick the phone right now. Pls send a message,en,uci_sms_spam_collection_v1,NEEDS_REVIEW,NEEDS_REVIEW,nr_pool,,,ea4561f1db70,Open NR — mark HARASS if 扰民非骗转账.,harass_relabel
uci_04352,"Night has ended for another day, morning has come in a special way. May you smile like the sunny rays and leaves your worries at the blue blue bay. Gud mrng",en,uci_sms_spam_collection_v1,NEEDS_REVIEW,NEEDS_REVIEW,nr_pool,,,1a315246ee2b,Open NR — mark HARASS if 扰民非骗转账.,harass_relabel
zh_09046,【招商证券】新股发行提示：7月30日发行732609禾丰牧业，申购价格5.88元/股，申购上限2.4万股。仅供参考，以沪深交易所公告为准。,zh,gitcode_zh_sms_8a104,NEEDS_REVIEW,NEEDS_REVIEW,nr_pool,,,cce55b8e4529,Open NR — mark HARASS if 扰民非骗转账.,harass_relabel
uci_03723,I'm in a movie... Collect car oredi...,en,uci_sms_spam_collection_v1,NEEDS_REVIEW,NEEDS_REVIEW,nr_pool,,,7c78e95e5c2b,Open NR — mark HARASS if 扰民非骗转账.,harass_relabel
iiitd_00787,I hate life somebody said to God.. God replied Who asked u to love life? Just love a person who loves u and life will be beautiful on its own.,hi,iiitd_sms_spam_v1,NEEDS_REVIEW,NEEDS_REVIEW,nr_pool,,,8564a451cb62,Open NR — mark HARASS if 扰民非骗转账.,harass_relabel
uci_00006,Even my brother is not like to speak with me. They treat me like aids patent.,en,uci_sms_spam_collection_v1,NEEDS_REVIEW,NEEDS_REVIEW,nr_pool,,,39c7bfa4a09f,Open NR — mark HARASS if 扰民非骗转账.,harass_relabel
zh_00958,纸袋碰腿北京2孕妇地铁内互殴[人民]-中国移动冲浪助手:http://go.10086.cn/nd/mgP/WP61D,zh,gitcode_zh_sms_8a104,NEEDS_REVIEW,NEEDS_REVIEW,nr_pool,,,acba29da0882,Open NR — mark HARASS if 扰民非骗转账.,harass_relabel
uci_05015,Hello boytoy ! Geeee ... I'm missing you today. I like to send you a tm and remind you I'm thinking of you ... And you are loved ... *loving kiss*,en,uci_sms_spam_collection_v1,NEEDS_REVIEW,NEEDS_REVIEW,nr_pool,,,494c57a5e300,Open NR — mark HARASS if 扰民非骗转账.,harass_relabel
uci_05371,Hi mom we might be back later than  &lt;#&gt;,en,uci_sms_spam_collection_v1,NEEDS_REVIEW,NEEDS_REVIEW,nr_pool,,,4ab0669a6133,Open NR — mark HARASS if 扰民非骗转账.,harass_relabel
zh_02053,美媒曝光中国地下空军:不可战胜[搜狐]-中国移动冲浪助手:http://go.10086.cn/nd/mgp/11T2t1,zh,gitcode_zh_sms_8a104,NEEDS_REVIEW,NEEDS_REVIEW,nr_pool,,,ca88947f04e5,Open NR — mark HARASS if 扰民非骗转账.,harass_relabel
uci_01433,Thanks for ve lovely wisheds. You rock,en,uci_sms_spam_collection_v1,NEEDS_REVIEW,NEEDS_REVIEW,nr_pool,,,b2ccf1e860b0,Open NR — mark HARASS if 扰民非骗转账.,harass_relabel
id_yudi_00568,"Yank, isikan dl pulsa di no as ini 085323048677 nanti gw gantiin.Penting bget nih krn barusan bos gw nelpon gw tgguin yach¡­",id,yudiwbs_id_sms_spam_v1,NEEDS_REVIEW,NEEDS_REVIEW,nr_pool,,,9aa95bf341b7,Open NR — mark HARASS if 扰民非骗转账.,harass_relabel
zh_10486,美媒曝光中国地下空军:不可战胜[搜狐]-中国移动冲浪助手:http://go.10086.cn/nd/mgK/Nety7,zh,gitcode_zh_sms_8a104,NEEDS_REVIEW,NEEDS_REVIEW,nr_pool,,,ca88947f04e5,Open NR — mark HARASS if 扰民非骗转账.,harass_relabel
iiitd_00748,"i hope your mom isn't angry with me for any reason. if she is, please tell her i'm sorry. (she sounded displeased when i had called on the landline, that's why)",hi,iiitd_sms_spam_v1,NEEDS_REVIEW,NEEDS_REVIEW,nr_pool,,,92eb264fc5a0,Open NR — mark HARASS if 扰民非骗转账.,harass_relabel
id_yudi_00998,Perusahaannya apa aja kalau boleh tau?,id,yudiwbs_id_sms_spam_v1,NEEDS_REVIEW,NEEDS_REVIEW,nr_pool,,,eba4aa5eaa35,Open NR — mark HARASS if 扰民非骗转账.,harass_relabel
uci_03394,Ok thanx...,en,uci_sms_spam_collection_v1,NEEDS_REVIEW,NEEDS_REVIEW,nr_pool,,,1f049e1aac7b,Open NR — mark HARASS if 扰民非骗转账.,harass_relabel
uci_02376,Thanx 4 2day! U r a goodmate I THINK UR RITE SARY! ASUSUAL!1 U CHEERED ME UP! LOVE U FRANYxxxxx,en,uci_sms_spam_collection_v1,NEEDS_REVIEW,NEEDS_REVIEW,nr_pool,,,d9c02063a282,Open NR — mark HARASS if 扰民非骗转账.,harass_relabel
iiitd_00913,"I bought 2 dogs named 'ASS'& 'FACE'...!! I kept ASS with me & gifted FACE 2 u.Once FACE died,i felt so sad bcoz...whenever i see my ASS i remember ur FACE..",hi,iiitd_sms_spam_v1,NEEDS_REVIEW,NEEDS_REVIEW,nr_pool,,,2a21eed9003c,Open NR — mark HARASS if 扰民非骗转账.,harass_relabel
uci_01336,"Sometimes we put walls around our hearts,not just to be safe from getting hurt.. But to find out who cares enough to break the walls &amp; get closer.. GOODNOON:)",en,uci_sms_spam_collection_v1,NEEDS_REVIEW,NEEDS_REVIEW,nr_pool,,,68d95e1e0bb1,Open NR — mark HARASS if 扰民非骗转账.,harass_relabel
uci_05491,Oh thanks a lot..i already bought 2 eggs ..,en,uci_sms_spam_collection_v1,NEEDS_REVIEW,NEEDS_REVIEW,nr_pool,,,29b4f9942668,Open NR — mark HARASS if 扰民非骗转账.,harass_relabel
uci_02528,"Mmmmm ... I loved waking to your words this morning ! I miss you too, my Love. I hope your day goes well and you are happy. I wait for us to be together again",en,uci_sms_spam_collection_v1,NEEDS_REVIEW,NEEDS_REVIEW,nr_pool,,,bf82542db70c,Open NR — mark HARASS if 扰民非骗转账.,harass_relabel
zh_07048,【招商证券】新股发行提示：11月27日发行780226华电重工，10元/股，上限4.5万股。仅供参考，以沪深交易所公告为准。回复Q退订。,zh,gitcode_zh_sms_8a104,NEEDS_REVIEW,NEEDS_REVIEW,nr_pool,,,21a1f6e54c3b,Open NR — mark HARASS if 扰民非骗转账.,harass_relabel
uci_05375,"K I'll head out in a few mins, see you there",en,uci_sms_spam_collection_v1,NEEDS_REVIEW,NEEDS_REVIEW,nr_pool,,,f0060e896b39,Open NR — mark HARASS if 扰民非骗转账.,harass_relabel
uci_00128,Are you there in room.,en,uci_sms_spam_collection_v1,NEEDS_REVIEW,NEEDS_REVIEW,nr_pool,,,ceaa3965f939,Open NR — mark HARASS if 扰民非骗转账.,harass_relabel
zh_02446,大学寝室“最差室友”排行出炉[腾讯]-中国移动冲浪助手:http://go.10086.cn/nd/lOW/N25A9,zh,gitcode_zh_sms_8a104,NEEDS_REVIEW,NEEDS_REVIEW,nr_pool,,,d321a44f21f6,Open NR — mark HARASS if 扰民非骗转账.,harass_relabel
uci_00442,You were supposed to wake ME up &gt;:(,en,uci_sms_spam_collection_v1,NEEDS_REVIEW,NEEDS_REVIEW,nr_pool,,,88b34ebe0210,Open NR — mark HARASS if 扰民非骗转账.,harass_relabel
iiitd_00163,ight is longer than day for those who DREAM & day is longer than night for those who make their DREAMS come true. Good Night & Sweet Dreams Tk Car,hi,iiitd_sms_spam_v1,NEEDS_REVIEW,NEEDS_REVIEW,nr_pool,,,3756380bcf0d,Open NR — mark HARASS if 扰民非骗转账.,harass_relabel
uci_02251,I am getting threats from your sales executive Shifad as i raised complaint against him. Its an official message.,en,uci_sms_spam_collection_v1,NEEDS_REVIEW,NEEDS_REVIEW,nr_pool,,,53b1a4c927fb,Open NR — mark HARASS if 扰民非骗转账.,harass_relabel
iiitd_00198,"If u wait for happy moments,, U will wait forever..But if u start believing that u r happy,, u will be happy forever.. 
Boy propoz 2 grl:Ye Raat,Ye subah,ye Hawa,Ye Chand,Ye Ghatayen,Ye Nadia,Ye Kinare Girl: Pyar Kr Rha H Ya Environmental Study padha rha hai...
 2 Sardar train k piche baag rhe the..1chadh gaya, to train me logo ne khaWELLDONESardar-khaak well doneJana to use tha,Mai to chhodne aaya tha.........",hi,iiitd_sms_spam_v1,NEEDS_REVIEW,NEEDS_REVIEW,nr_pool,,,6395e083fb09,Open NR — mark HARASS if 扰民非骗转账.,harass_relabel
uci_03592,How much would it cost to hire a hitman,en,uci_sms_spam_collection_v1,NEEDS_REVIEW,NEEDS_REVIEW,nr_pool,,,6b63644acf0b,Open NR — mark HARASS if 扰民非骗转账.,harass_relabel
uci_00189,Have you got Xmas radio times. If not i will get it now,en,uci_sms_spam_collection_v1,NEEDS_REVIEW,NEEDS_REVIEW,nr_pool,,,947aee07356c,Open NR — mark HARASS if 扰民非骗转账.,harass_relabel
uci_03386,Ok can...,en,uci_sms_spam_collection_v1,NEEDS_REVIEW,NEEDS_REVIEW,nr_pool,,,787694d40eff,Open NR — mark HARASS if 扰民非骗转账.,harass_relabel
uci_00326,No calls..messages..missed calls,en,uci_sms_spam_collection_v1,NEEDS_REVIEW,NEEDS_REVIEW,nr_pool,,,816670b22ffb,Open NR — mark HARASS if 扰民非骗转账.,harass_relabel
uci_01743,"""EY! CALM DOWNON THEACUSATIONS.. ITXT U COS IWANA KNOW WOTU R DOIN AT THEW/END... HAVENTCN U IN AGES..RING ME IF UR UP4 NETHING SAT.LOVE J XXX.""",en,uci_sms_spam_collection_v1,NEEDS_REVIEW,NEEDS_REVIEW,nr_pool,,,e34e6e4a5e29,Open NR — mark HARASS if 扰民非骗转账.,harass_relabel
uci_05522,No. I dont want to hear anything,en,uci_sms_spam_collection_v1,NEEDS_REVIEW,NEEDS_REVIEW,nr_pool,,,4025f428be82,Open NR — mark HARASS if 扰民非骗转账.,harass_relabel
id_ss_00319,"Free Msg: mendapatkan Gnarls Barkleys ""Crazy"" ringtone TOTALLY FREE hanya jawab GO ke pesan ini sekarang!",id,spamshield_indonesian_v1,NEEDS_REVIEW,NEEDS_REVIEW,nr_pool,,,0547bb7d8e6b,Open NR — mark HARASS if 扰民非骗转账.,harass_relabel
uci_03881,Hi juan. Im coming home on fri hey. Of course i expect a welcome party and lots of presents. Ill phone u when i get back. Loads of love nicky x x x x x x x x x,en,uci_sms_spam_collection_v1,NEEDS_REVIEW,NEEDS_REVIEW,nr_pool,,,19a13673dc68,Open NR — mark HARASS if 扰民非骗转账.,harass_relabel
zh_08180,美媒曝光中国地下空军:不可战胜[搜狐]-中国移动冲浪助手:http://go.10086.cn/nd/mgo/OfeDA,zh,gitcode_zh_sms_8a104,NEEDS_REVIEW,NEEDS_REVIEW,nr_pool,,,ca88947f04e5,Open NR — mark HARASS if 扰民非骗转账.,harass_relabel
iiitd_00896,"I can't find d ryt wrds 4 dis day,so i m giving a hug,bcoz wrds hav d potential 2 confuse,but HUGS never LIE.happy friendshipday n gud morning.",hi,iiitd_sms_spam_v1,NEEDS_REVIEW,NEEDS_REVIEW,nr_pool,,,b3aca23cd212,Open NR — mark HARASS if 扰民非骗转账.,harass_relabel
uci_04552,Great. Have a safe trip. Dont panic surrender all.,en,uci_sms_spam_collection_v1,NEEDS_REVIEW,NEEDS_REVIEW,nr_pool,,,7a5141d06a3e,Open NR — mark HARASS if 扰民非骗转账.,harass_relabel
uci_05459,Arun can u transfr me d amt,en,uci_sms_spam_collection_v1,NEEDS_REVIEW,NEEDS_REVIEW,nr_pool,,,741c57f51e81,Open NR — mark HARASS if 扰民非骗转账.,harass_relabel
id_ss_00960,Jawab YES-440 atau NO-440 Lihat dia: www.SMS.ac/u/nat27081980 STOP?,id,spamshield_indonesian_v1,NEEDS_REVIEW,NEEDS_REVIEW,nr_pool,,,88d523085ad8,Open NR — mark HARASS if 扰民非骗转账.,harass_relabel
iiitd_00012,IN UR FRND CRCLEsbse sweet-sbse sidha-sbse feku-sbse cute-sbse frank-sbse selfish-sbse kamina-sbse special-sbse hot-ur fav-rply must fastjarur krna,hi,iiitd_sms_spam_v1,NEEDS_REVIEW,NEEDS_REVIEW,nr_pool,,,dbd6d22426c0,Open NR — mark HARASS if 扰民非骗转账.,harass_relabel
uci_04013,Discussed with your mother ah?,en,uci_sms_spam_collection_v1,NEEDS_REVIEW,NEEDS_REVIEW,nr_pool,,,31f0948f8e58,Open NR — mark HARASS if 扰民非骗转账.,harass_relabel
zh_06369,亲，炎炎夏天就要来了，你想去碧波荡漾、群山环抱的青山湖度清凉周末，体验悠然的别墅生活么？快来报名参加青山湖美丽乡村别墅之旅吧，报名热线:4001005611【新地产】,zh,gitcode_zh_sms_8a104,NEEDS_REVIEW,NEEDS_REVIEW,nr_pool,,,af21250a5287,Open NR — mark HARASS if 扰民非骗转账.,harass_relabel
uci_00053,"Wow. I never realized that you were so embarassed by your accomodations. I thought you liked it, since i was doing the best i could and you always seemed so happy about ""the cave"". I'm sorry I didn't and don't have more to give. I'm sorry i offered. I'm sorry your room was so embarassing.",en,uci_sms_spam_collection_v1,NEEDS_REVIEW,NEEDS_REVIEW,nr_pool,,,616274921087,Open NR — mark HARASS if 扰民非骗转账.,harass_relabel
zh_09042,专家呼吁增设春夏小长假[新浪]-中国移动冲浪助手:http://go.10086.cn/nd/meU/VWzyy,zh,gitcode_zh_sms_8a104,NEEDS_REVIEW,NEEDS_REVIEW,nr_pool,,,f8dac30f3504,Open NR — mark HARASS if 扰民非骗转账.,harass_relabel
iiitd_00237,"If u can stil bet on chocolates, If u stil love receiving gifts 4m friends, N if u still hate giving exams, :-P;-) Then... Happy Childrens Day...:-) Njoy!:-)",hi,iiitd_sms_spam_v1,NEEDS_REVIEW,NEEDS_REVIEW,nr_pool,,,b49843d3c010,Open NR — mark HARASS if 扰民非骗转账.,harass_relabel
uci_04202,Wylie update: my weed dealer carlos went to freedom and had a class with lunsford,en,uci_sms_spam_collection_v1,NEEDS_REVIEW,NEEDS_REVIEW,nr_pool,,,9862b115d317,Open NR — mark HARASS if 扰民非骗转账.,harass_relabel
id_ss_00202,Dunia menderita banyak ... bukan karena kekerasan orang jahat. tetapi karena keheningan orang baik!,id,spamshield_indonesian_v1,NEEDS_REVIEW,NEEDS_REVIEW,nr_pool,,,b2efc987d464,Open NR — mark HARASS if 扰民非骗转账.,harass_relabel
zh_07325,慈溪地区再生纺长丝疲软僵持，目前POY150D主流报9100－9300元/吨含税，销售持续平淡，厂家以出货为主。【中纤】,zh,gitcode_zh_sms_8a104,NEEDS_REVIEW,NEEDS_REVIEW,nr_pool,,,15b7c105dc7c,Open NR — mark HARASS if 扰民非骗转账.,harass_relabel
id_yudi_00688,Bntr lg kan mau sholat mel. Nanti keluar upinet kasih tau ya. Males balik,id,yudiwbs_id_sms_spam_v1,NEEDS_REVIEW,NEEDS_REVIEW,nr_pool,,,bf8ab2231d80,Open NR — mark HARASS if 扰民非骗转账.,harass_relabel
iiitd_00299,Whose rt? And abstract theme.. Draw anything u want.,hi,iiitd_sms_spam_v1,NEEDS_REVIEW,NEEDS_REVIEW,nr_pool,,,be377f329e02,Open NR — mark HARASS if 扰民非骗转账.,harass_relabel
zh_01615,【招商证券】财富版：银监会拟允许理财产品直投实体项目；习近平主席要求加快构建装备体系，航空发动机产业链值得关注。目前关注重点以大金融和地产板块为主线，适当注意年末白酒、食品饮料、汽车、家电、零售百货等大消费板块布局机会。投资建议仅供参考，回复N退订。,zh,gitcode_zh_sms_8a104,NEEDS_REVIEW,NEEDS_REVIEW,nr_pool,,,d83ec471b31a,Open NR — mark HARASS if 扰民非骗转账.,harass_relabel
uci_00353,"TODAY is Sorry day.! If ever i was angry with you, if ever i misbehaved or hurt you? plz plz JUST SLAP URSELF Bcoz, Its ur fault, I'm basically GOOD",en,uci_sms_spam_collection_v1,NEEDS_REVIEW,NEEDS_REVIEW,nr_pool,,,ab9a08c8c51c,Open NR — mark HARASS if 扰民非骗转账.,harass_relabel
id_ss_00531,Pagi ini aku bisa saja ok.,id,spamshield_indonesian_v1,NEEDS_REVIEW,NEEDS_REVIEW,nr_pool,,,64e35414b848,Open NR — mark HARASS if 扰民非骗转账.,harass_relabel
uci_02061,I did. One slice and one breadstick. Lol,en,uci_sms_spam_collection_v1,NEEDS_REVIEW,NEEDS_REVIEW,nr_pool,,,8cafa6864bbf,Open NR — mark HARASS if 扰民非骗转账.,harass_relabel
id_ss_00871,"Oh ya! saya menemukan nomor Anda lagi! saya sangat senang, tulis saya kembali xafter ini msgs cst std ntwk chg £ 1.50",id,spamshield_indonesian_v1,NEEDS_REVIEW,NEEDS_REVIEW,nr_pool,,,ff931f13019b,Open NR — mark HARASS if 扰民非骗转账.,harass_relabel
uci_03479,I can ask around but there's not a lot in terms of mids up here,en,uci_sms_spam_collection_v1,NEEDS_REVIEW,NEEDS_REVIEW,nr_pool,,,4f2254d49779,Open NR — mark HARASS if 扰民非骗转账.,harass_relabel
uci_03601,I know you mood off today,en,uci_sms_spam_collection_v1,NEEDS_REVIEW,NEEDS_REVIEW,nr_pool,,,ae7d96c47480,Open NR — mark HARASS if 扰民非骗转账.,harass_relabel
uci_03007,Also hi wesley how've you been,en,uci_sms_spam_collection_v1,NEEDS_REVIEW,NEEDS_REVIEW,nr_pool,,,9ca5bcacc66b,Open NR — mark HARASS if 扰民非骗转账.,harass_relabel
uci_00720,Macha dont feel upset.i can assume your mindset.believe me one evening with me and i have some wonderful plans for both of us.LET LIFE BEGIN AGAIN.call me anytime,en,uci_sms_spam_collection_v1,NEEDS_REVIEW,NEEDS_REVIEW,nr_pool,,,0fa2dca81321,Open NR — mark HARASS if 扰民非骗转账.,harass_relabel
uci_02156,What year. And how many miles.,en,uci_sms_spam_collection_v1,NEEDS_REVIEW,NEEDS_REVIEW,nr_pool,,,f58dac0c870e,Open NR — mark HARASS if 扰民非骗转账.,harass_relabel
iiitd_00743,I hv boarded metro frm wlcm..,hi,iiitd_sms_spam_v1,NEEDS_REVIEW,NEEDS_REVIEW,nr_pool,,,8924934e56c4,Open NR — mark HARASS if 扰民非骗转账.,harass_relabel
uci_02829,Wife.how she knew the time of murder exactly,en,uci_sms_spam_collection_v1,NEEDS_REVIEW,NEEDS_REVIEW,nr_pool,,,b2e75c4d3231,Open NR — mark HARASS if 扰民非骗转账.,harass_relabel
uci_00745,Men like shorter ladies. Gaze up into his eyes.,en,uci_sms_spam_collection_v1,NEEDS_REVIEW,NEEDS_REVIEW,nr_pool,,,2ca1f1b64cc8,Open NR — mark HARASS if 扰民非骗转账.,harass_relabel
iiitd_00477,"i want to stop myself n think otherwise, but i cnt help it. ur having diner outside, n i fear the worst. plz plz control woteva u have to, in urself. plz. don't do anything wrong. plz don't ruin tonite. hoping, waiting n expecting to tok to the good u, tonite. n wud be at peace the sooner u call.",hi,iiitd_sms_spam_v1,NEEDS_REVIEW,NEEDS_REVIEW,nr_pool,,,f23be008f464,Open NR — mark HARASS if 扰民非骗转账.,harass_relabel
uci_04690,"Didn't try, g and I decided not to head out",en,uci_sms_spam_collection_v1,NEEDS_REVIEW,NEEDS_REVIEW,nr_pool,,,a2fe1f652685,Open NR — mark HARASS if 扰民非骗转账.,harass_relabel
iiitd_00403,i'm home.,hi,iiitd_sms_spam_v1,NEEDS_REVIEW,NEEDS_REVIEW,nr_pool,,,6e2f29564056,Open NR — mark HARASS if 扰民非骗转账.,harass_relabel
zh_09298,美媒曝光中国地下空军:不可战胜[搜狐]-中国移动冲浪助手:http://go.10086.cn/nd/mgE/UXwBH,zh,gitcode_zh_sms_8a104,NEEDS_REVIEW,NEEDS_REVIEW,nr_pool,,,ca88947f04e5,Open NR — mark HARASS if 扰民非骗转账.,harass_relabel
uci_03941,Does daddy have a bb now.,en,uci_sms_spam_collection_v1,NEEDS_REVIEW,NEEDS_REVIEW,nr_pool,,,dcdbc39ffb0c,Open NR — mark HARASS if 扰民非骗转账.,harass_relabel
id_yudi_00838,Jd mau kpnnnih? Kekantor ambil form. Balik lg ngasih laporan atau sekaligus. Jd di laporan ga ada lampiran,id,yudiwbs_id_sms_spam_v1,NEEDS_REVIEW,NEEDS_REVIEW,nr_pool,,,549a3f1023d3,Open NR — mark HARASS if 扰民非骗转账.,harass_relabel
zh_03630,美媒曝光中国地下空军:不可战胜[搜狐]-中国移动冲浪助手:http://go.10086.cn/nd/mgM/QNf3J,zh,gitcode_zh_sms_8a104,NEEDS_REVIEW,NEEDS_REVIEW,nr_pool,,,ca88947f04e5,Open NR — mark HARASS if 扰民非骗转账.,harass_relabel
iiitd_00802,I got job in Ocwen financial.,hi,iiitd_sms_spam_v1,NEEDS_REVIEW,NEEDS_REVIEW,nr_pool,,,5a4a67dc7b45,Open NR — mark HARASS if 扰民非骗转账.,harass_relabel
uci_02194,I called but no one pick up e phone. I ask both of them already they said ok.,en,uci_sms_spam_collection_v1,NEEDS_REVIEW,NEEDS_REVIEW,nr_pool,,,53a7907c083e,Open NR — mark HARASS if 扰民非骗转账.,harass_relabel
uci_04234,My love ... I hope your not doing anything drastic. Don't you dare sell your pc or your phone ...,en,uci_sms_spam_collection_v1,NEEDS_REVIEW,NEEDS_REVIEW,nr_pool,,,c58db1b589d1,Open NR — mark HARASS if 扰民非骗转账.,harass_relabel
uci_05443,"By the way, make sure u get train to worc foregate street not shrub hill. Have fun night x",en,uci_sms_spam_collection_v1,NEEDS_REVIEW,NEEDS_REVIEW,nr_pool,,,b104d65cc666,Open NR — mark HARASS if 扰民非骗转账.,harass_relabel
uci_02274,Cold. Dont be sad dear,en,uci_sms_spam_collection_v1,NEEDS_REVIEW,NEEDS_REVIEW,nr_pool,,,141fb31ebc05,Open NR — mark HARASS if 扰民非骗转账.,harass_relabel
uci_01570,I dont have that much image in class.,en,uci_sms_spam_collection_v1,NEEDS_REVIEW,NEEDS_REVIEW,nr_pool,,,085068d55569,Open NR — mark HARASS if 扰民非骗转账.,harass_relabel
zh_02766,美媒曝光中国地下空军:不可战胜[搜狐]-中国移动冲浪助手:http://go.10086.cn/nd/mgp/16wK4h,zh,gitcode_zh_sms_8a104,NEEDS_REVIEW,NEEDS_REVIEW,nr_pool,,,ca88947f04e5,Open NR — mark HARASS if 扰民非骗转账.,harass_relabel
iiitd_00716,I kno my increasing obsession nevr helps. Bt m nt able 2 control myself 2day. Y r u nt tokin 2 me? Wots rong? :( cmon!! M only texting coz u don pick up ur fone,hi,iiitd_sms_spam_v1,NEEDS_REVIEW,NEEDS_REVIEW,nr_pool,,,14aff0eeff81,Open NR — mark HARASS if 扰民非骗转账.,harass_relabel
uci_00347,Dis is yijue. I jus saw ur mail. In case huiming havent sent u my num. Dis is my num.,en,uci_sms_spam_collection_v1,NEEDS_REVIEW,NEEDS_REVIEW,nr_pool,,,ae7bcc91f7ac,Open NR — mark HARASS if 扰民非骗转账.,harass_relabel
uci_04929,Just hopeing that wasn¡®t too pissed up to remember and has gone off to his sisters or something!,en,uci_sms_spam_collection_v1,NEEDS_REVIEW,NEEDS_REVIEW,nr_pool,,,332f2a55590e,Open NR — mark HARASS if 扰民非骗转账.,harass_relabel
zh_06984,美媒曝光中国地下空军:不可战胜[搜狐]-中国移动冲浪助手:http://go.10086.cn/nd/mgp/11VvJm,zh,gitcode_zh_sms_8a104,NEEDS_REVIEW,NEEDS_REVIEW,nr_pool,,,ca88947f04e5,Open NR — mark HARASS if 扰民非骗转账.,harass_relabel
id_yudi_00749,Engga tau sep ntr di kosan aku cek sepertinya tidak ada semalam aku liat,id,yudiwbs_id_sms_spam_v1,NEEDS_REVIEW,NEEDS_REVIEW,nr_pool,,,c035fe8d04eb,Open NR — mark HARASS if 扰民非骗转账.,harass_relabel
uci_01813,"""Getting tickets 4 walsall tue 6 th march. My mate is getting me them on sat. ill pay my treat. Want 2 go. Txt bak .Terry""",en,uci_sms_spam_collection_v1,NEEDS_REVIEW,NEEDS_REVIEW,nr_pool,,,37dce0d8011f,Open NR — mark HARASS if 扰民非骗转账.,harass_relabel
uci_05331,"Sir, waiting for your letter.",en,uci_sms_spam_collection_v1,NEEDS_REVIEW,NEEDS_REVIEW,nr_pool,,,8824bd464bd9,Open NR — mark HARASS if 扰民非骗转账.,harass_relabel
uci_03323,Ok darlin i supose it was ok i just worry too much.i have to do some film stuff my mate and then have to babysit again! But you can call me there.xx,en,uci_sms_spam_collection_v1,NEEDS_REVIEW,NEEDS_REVIEW,nr_pool,,,c257c641a833,Open NR — mark HARASS if 扰民非骗转账.,harass_relabel
uci_01441,"Cool breeze... Bright sun... Fresh flower... Twittering birds... All these waiting to wish u: ""GOODMORNING &amp; HAVE A NICE DAY"" :)",en,uci_sms_spam_collection_v1,NEEDS_REVIEW,NEEDS_REVIEW,nr_pool,,,d2510141e0be,Open NR — mark HARASS if 扰民非骗转账.,harass_relabel
zh_06167,最后1天！2013年大型儿童剧“白雪公主和七个小矮人”即将为孩子们上演，5月18日早场和晚场的门票已经全部售完，5月19日晚场（20：00-22：00）门票少量剩余，可直接到直接指定营业厅（市区高楼、市区龙脊山、涵江新涵）或活动当天直接到莆仙大剧院现场购票。【莆田移动】,zh,gitcode_zh_sms_8a104,NEEDS_REVIEW,NEEDS_REVIEW,nr_pool,,,3d2cd63ffd6e,Open NR — mark HARASS if 扰民非骗转账.,harass_relabel
uci_02958,I would but I'm still cozy. And exhausted from last night.nobody went to school or work. Everything is closed.,en,uci_sms_spam_collection_v1,NEEDS_REVIEW,NEEDS_REVIEW,nr_pool,,,7a657ad29521,Open NR — mark HARASS if 扰民非骗转账.,harass_relabel
id_ss_00408,FreeMsg: Txt: CALL to No: 86888 & menuntut ganjaran Anda dari 3 jam waktu bicara untuk digunakan dari telepon Anda sekarang! Subscribe6GBP/mnth inc 3hrs 16 stop?txtStop,id,spamshield_indonesian_v1,NEEDS_REVIEW,NEEDS_REVIEW,nr_pool,,,df04e2249182,Open NR — mark HARASS if 扰民非骗转账.,harass_relabel
id_yudi_00905,Makanya sebelum tibatiba layarnya hitam gt diapain? Jatoh?,id,yudiwbs_id_sms_spam_v1,NEEDS_REVIEW,NEEDS_REVIEW,nr_pool,,,4d45d5d9ad78,Open NR — mark HARASS if 扰民非骗转账.,harass_relabel
iiitd_00490,Innocent reply.Kid- Teacher can i go to the bathroom ?Teacher- (Correcting him) May i go to the bathroom ?Kid- (Sadly replies) But i asked first...:-),hi,iiitd_sms_spam_v1,NEEDS_REVIEW,NEEDS_REVIEW,nr_pool,,,7a46aa64adce,Open NR — mark HARASS if 扰民非骗转账.,harass_relabel
uci_00846,Meanwhile in the shit suite: xavier decided to give us  &lt;#&gt;  seconds of warning that samantha was coming over and is playing jay's guitar to impress her or some shit. Also I don't think doug realizes I don't live here anymore,en,uci_sms_spam_collection_v1,NEEDS_REVIEW,NEEDS_REVIEW,nr_pool,,,2ed1feaebac4,Open NR — mark HARASS if 扰民非骗转账.,harass_relabel
uci_01797,"Hey, can you tell me blake's address? Carlos wanted me to meet him there but I got lost and he's not answering his phone",en,uci_sms_spam_collection_v1,NEEDS_REVIEW,NEEDS_REVIEW,nr_pool,,,6ca66d63da09,Open NR — mark HARASS if 扰民非骗转账.,harass_relabel
uci_01519,Shall i ask one thing if you dont mistake me.,en,uci_sms_spam_collection_v1,NEEDS_REVIEW,NEEDS_REVIEW,nr_pool,,,9355a02e1da4,Open NR — mark HARASS if 扰民非骗转账.,harass_relabel
uci_00369,Wat uniform? In where get?,en,uci_sms_spam_collection_v1,NEEDS_REVIEW,NEEDS_REVIEW,nr_pool,,,521f90019c90,Open NR — mark HARASS if 扰民非骗转账.,harass_relabel
uci_03648,"Hey babe, my friend had to cancel, still up for a visit ?",en,uci_sms_spam_collection_v1,NEEDS_REVIEW,NEEDS_REVIEW,nr_pool,,,618332dda130,Open NR — mark HARASS if 扰民非骗转账.,harass_relabel
uci_03339,"K, if u bored up just come to my home..",en,uci_sms_spam_collection_v1,NEEDS_REVIEW,NEEDS_REVIEW,nr_pool,,,b7744e2a69d7,Open NR — mark HARASS if 扰民非骗转账.,harass_relabel
id_ss_00312,"Esok yang indah tidak pernah datang..Ketika ia datang, ia sudah hari ini..Dalam pencarian esok yang indah jangan buang hari ini yang indah..",id,spamshield_indonesian_v1,NEEDS_REVIEW,NEEDS_REVIEW,nr_pool,,,d593da72a25f,Open NR — mark HARASS if 扰民非骗转账.,harass_relabel
uci_05389,I will be gentle baby! Soon you will be taking all  &lt;#&gt;  inches deep inside your tight pussy...,en,uci_sms_spam_collection_v1,NEEDS_REVIEW,NEEDS_REVIEW,nr_pool,,,372f933f959b,Open NR — mark HARASS if 扰民非骗转账.,harass_relabel
uci_05156,"Like  &lt;#&gt; , same question",en,uci_sms_spam_collection_v1,NEEDS_REVIEW,NEEDS_REVIEW,nr_pool,,,ee54a4e18f9e,Open NR — mark HARASS if 扰民非骗转账.,harass_relabel
uci_05210,Hi.what you think about match?,en,uci_sms_spam_collection_v1,NEEDS_REVIEW,NEEDS_REVIEW,nr_pool,,,60e69cd7f588,Open NR — mark HARASS if 扰民非骗转账.,harass_relabel
zh_04313,女护士乘电梯被夹死事故原因查明[腾讯]-中国移动冲浪助手:http://go.10086.cn/nd/mcS/15WNIH,zh,gitcode_zh_sms_8a104,NEEDS_REVIEW,NEEDS_REVIEW,nr_pool,,,5bbbb4ebfbd1,Open NR — mark HARASS if 扰民非骗转账.,harass_relabel
uci_00828,Hey. You got any mail?,en,uci_sms_spam_collection_v1,NEEDS_REVIEW,NEEDS_REVIEW,nr_pool,,,309e4973c0e4,Open NR — mark HARASS if 扰民非骗转账.,harass_relabel
uci_00285,"Yeah I think my usual guy's still passed out from last night, if you get ahold of anybody let me know and I'll throw down",en,uci_sms_spam_collection_v1,NEEDS_REVIEW,NEEDS_REVIEW,nr_pool,,,eef753bf0085,Open NR — mark HARASS if 扰民非骗转账.,harass_relabel
id_yudi_00687,bntr lagi pulang,id,yudiwbs_id_sms_spam_v1,NEEDS_REVIEW,NEEDS_REVIEW,nr_pool,,,ff0939ea22e5,Open NR — mark HARASS if 扰民非骗转账.,harass_relabel
id_ss_00780,Sekarang ada TV 2 menonton meh? Anda tidak bekerja hari ini?,id,spamshield_indonesian_v1,NEEDS_REVIEW,NEEDS_REVIEW,nr_pool,,,7afbbba9dd3e,Open NR — mark HARASS if 扰民非骗转账.,harass_relabel
id_yudi_01004,pulang nya jam 8 (kecewa),id,yudiwbs_id_sms_spam_v1,NEEDS_REVIEW,NEEDS_REVIEW,nr_pool,,,2a580759fa52,Open NR — mark HARASS if 扰民非骗转账.,harass_relabel
uci_02570,Ultimately tor motive tui achieve korli.,en,uci_sms_spam_collection_v1,NEEDS_REVIEW,NEEDS_REVIEW,nr_pool,,,85b8ec16d44f,Open NR — mark HARASS if 扰民非骗转账.,harass_relabel
uci_01170,Msgs r not time pass.They silently say that I am thinking of U right now and also making U think of me at least 4 a moment. Gd nt.swt drms @Shesil,en,uci_sms_spam_collection_v1,NEEDS_REVIEW,NEEDS_REVIEW,nr_pool,,,ee187160759e,Open NR — mark HARASS if 扰民非骗转账.,harass_relabel
iiitd_00347,ie this on ur hand! . >>>(*Vaibhav*)<<< . Hope I m d 1st friend of urs 2 tie d FRIENDSHIP BAND.!! if u accept my frndshp send me dis msg editing ur name.,hi,iiitd_sms_spam_v1,NEEDS_REVIEW,NEEDS_REVIEW,nr_pool,,,44f08cb7e2f1,Open NR — mark HARASS if 扰民非骗转账.,harass_relabel
uci_03464,i am seeking a lady in the street and a freak in the sheets. Is that you?,en,uci_sms_spam_collection_v1,NEEDS_REVIEW,NEEDS_REVIEW,nr_pool,,,71589abbe8ee,Open NR — mark HARASS if 扰民非骗转账.,harass_relabel
uci_00792,All e best 4 ur driving tmr :-),en,uci_sms_spam_collection_v1,NEEDS_REVIEW,NEEDS_REVIEW,nr_pool,,,e076bf7b30c9,Open NR — mark HARASS if 扰民非骗转账.,harass_relabel
uci_04981,So what u doing today?,en,uci_sms_spam_collection_v1,NEEDS_REVIEW,NEEDS_REVIEW,nr_pool,,,4f036a71c897,Open NR — mark HARASS if 扰民非骗转账.,harass_relabel
id_ss_00099,Silakan hubungi 08712402902 segera karena ada pesan mendesak yang menanti Anda.,id,spamshield_indonesian_v1,NEEDS_REVIEW,NEEDS_REVIEW,nr_pool,,,3eea452dfdc1,Open NR — mark HARASS if 扰民非骗转账.,harass_relabel
uci_01577,No. To be nosy I guess. Idk am I over reacting if I'm freaked?,en,uci_sms_spam_collection_v1,NEEDS_REVIEW,NEEDS_REVIEW,nr_pool,,,3735a271ee1d,Open NR — mark HARASS if 扰民非骗转账.,harass_relabel
uci_05108,Ding me on ya break fassyole! Blacko from londn,en,uci_sms_spam_collection_v1,NEEDS_REVIEW,NEEDS_REVIEW,nr_pool,,,8ecc03a4a79f,Open NR — mark HARASS if 扰民非骗转账.,harass_relabel
uci_00914,Ok lor but not too early. Me still having project meeting now.,en,uci_sms_spam_collection_v1,NEEDS_REVIEW,NEEDS_REVIEW,nr_pool,,,040d467cf1a7,Open NR — mark HARASS if 扰民非骗转账.,harass_relabel
uci_02856,Your gonna be the death if me. I'm gonna leave a note that says its all robs fault. Avenge me.,en,uci_sms_spam_collection_v1,NEEDS_REVIEW,NEEDS_REVIEW,nr_pool,,,42eb14bcd0d9,Open NR — mark HARASS if 扰民非骗转账.,harass_relabel
id_ss_00189,Prakesh sudah tahu.,id,spamshield_indonesian_v1,NEEDS_REVIEW,NEEDS_REVIEW,nr_pool,,,075beb77893f,Open NR — mark HARASS if 扰民非骗转账.,harass_relabel
iiitd_00260,If slpng den gn.sd luv u. Tc. Muaah.,hi,iiitd_sms_spam_v1,NEEDS_REVIEW,NEEDS_REVIEW,nr_pool,,,1bac4ab2e541,Open NR — mark HARASS if 扰民非骗转账.,harass_relabel
uci_05061,I think i am disturbing her da,en,uci_sms_spam_collection_v1,NEEDS_REVIEW,NEEDS_REVIEW,nr_pool,,,5b424dee902c,Open NR — mark HARASS if 扰民非骗转账.,harass_relabel
uci_04987,That's y u haf 2 keep me busy...,en,uci_sms_spam_collection_v1,NEEDS_REVIEW,NEEDS_REVIEW,nr_pool,,,09d136a54172,Open NR — mark HARASS if 扰民非骗转账.,harass_relabel
uci_02891,Shuhui has bought ron's present it's a swatch watch...,en,uci_sms_spam_collection_v1,NEEDS_REVIEW,NEEDS_REVIEW,nr_pool,,,88e03a293273,Open NR — mark HARASS if 扰民非骗转账.,harass_relabel
id_ss_00300,Apa???Hello wats berbicara alamat email?,id,spamshield_indonesian_v1,NEEDS_REVIEW,NEEDS_REVIEW,nr_pool,,,23ca78de017d,Open NR — mark HARASS if 扰民非骗转账.,harass_relabel
uci_02159,I think you should go the honesty road. Call the bank tomorrow. Its the tough decisions that make us great people.,en,uci_sms_spam_collection_v1,NEEDS_REVIEW,NEEDS_REVIEW,nr_pool,,,bb77da6a069a,Open NR — mark HARASS if 扰民非骗转账.,harass_relabel
id_ss_00786,"Pertanyaannya, apakah kamu menggunakannya atau tidak?Bolehkah kamu menjadi teman atau teman kelas?",id,spamshield_indonesian_v1,NEEDS_REVIEW,NEEDS_REVIEW,nr_pool,,,1ed99ae70cf4,Open NR — mark HARASS if 扰民非骗转账.,harass_relabel
zh_05812,"""中国联通提醒您，您已成功接收一条来自8618910722639用户的彩信，详情请登录mmbox.myuni.com.cn",zh,gitcode_zh_sms_8a104,NEEDS_REVIEW,NEEDS_REVIEW,nr_pool,,,dba112bb5efb,Open NR — mark HARASS if 扰民非骗转账.,harass_relabel
uci_00228,Hey company elama po mudyadhu.,en,uci_sms_spam_collection_v1,NEEDS_REVIEW,NEEDS_REVIEW,nr_pool,,,6e1c9f1738e6,Open NR — mark HARASS if 扰民非骗转账.,harass_relabel
uci_04736,Oh k:)after that placement there ah?,en,uci_sms_spam_collection_v1,NEEDS_REVIEW,NEEDS_REVIEW,nr_pool,,,176c7481a2e5,Open NR — mark HARASS if 扰民非骗转账.,harass_relabel
uci_00378,Well there's not a lot of things happening in Lindsay on New years *sighs* Some bars in Ptbo and the blue heron has something going,en,uci_sms_spam_collection_v1,NEEDS_REVIEW,NEEDS_REVIEW,nr_pool,,,379b91826a7b,Open NR — mark HARASS if 扰民非骗转账.,harass_relabel
id_ss_00752,Lol no. Anda bisa mempercayai saya.,id,spamshield_indonesian_v1,NEEDS_REVIEW,NEEDS_REVIEW,nr_pool,,,1a096a5bfa6a,Open NR — mark HARASS if 扰民非骗转账.,harass_relabel
uci_03907,Went fast asleep dear.take care.,en,uci_sms_spam_collection_v1,NEEDS_REVIEW,NEEDS_REVIEW,nr_pool,,,a5a4b644e652,Open NR — mark HARASS if 扰民非骗转账.,harass_relabel
id_yudi_00908,"Malem aja lah, jam 5 nanggung banget mw maghrib haha",id,yudiwbs_id_sms_spam_v1,NEEDS_REVIEW,NEEDS_REVIEW,nr_pool,,,8fc4cec78fc0,Open NR — mark HARASS if 扰民非骗转账.,harass_relabel
id_ss_00091,hiya beruang itu pergi di Afrika yang cerah? harap u r avin waktu yang baik. beri yang besar tua perak kembali ciuman besar dari saya.,id,spamshield_indonesian_v1,NEEDS_REVIEW,NEEDS_REVIEW,nr_pool,,,664ff25aaf04,Open NR — mark HARASS if 扰民非骗转账.,harass_relabel
zh_04780,纸袋碰腿北京2孕妇地铁内互殴[人民]-中国移动冲浪助手:http://go.10086.cn/nd/mhl/8qGIQ,zh,gitcode_zh_sms_8a104,NEEDS_REVIEW,NEEDS_REVIEW,nr_pool,,,acba29da0882,Open NR — mark HARASS if 扰民非骗转账.,harass_relabel
id_ss_00047,"Complimentary 4 STAR Ibiza Holiday atau £ 10,000 uang tunai membutuhkan pengumpulan URGENT Anda. 09066364349 NOW dari Landline untuk tidak kalah! Box434SK38WP150PPM18+",id,spamshield_indonesian_v1,NEEDS_REVIEW,NEEDS_REVIEW,nr_pool,,,20ed4b9ad0b7,Open NR — mark HARASS if 扰民非骗转账.,harass_relabel
uci_03194,I will lick up every drop :) are you ready to use your mouth as well?,en,uci_sms_spam_collection_v1,NEEDS_REVIEW,NEEDS_REVIEW,nr_pool,,,bfd6e09f23ef,Open NR — mark HARASS if 扰民非骗转账.,harass_relabel
uci_02768,Wow v v impressed. Have funs shopping!,en,uci_sms_spam_collection_v1,NEEDS_REVIEW,NEEDS_REVIEW,nr_pool,,,698e80a7b328,Open NR — mark HARASS if 扰民非骗转账.,harass_relabel
zh_10490,美媒曝光中国地下空军:不可战胜[搜狐]-中国移动冲浪助手:http://go.10086.cn/nd/mgp/15T52g,zh,gitcode_zh_sms_8a104,NEEDS_REVIEW,NEEDS_REVIEW,nr_pool,,,ca88947f04e5,Open NR — mark HARASS if 扰民非骗转账.,harass_relabel
uci_00632,Thank u!,en,uci_sms_spam_collection_v1,NEEDS_REVIEW,NEEDS_REVIEW,nr_pool,,,70d9d4862961,Open NR — mark HARASS if 扰民非骗转账.,harass_relabel
uci_04871,Dip's cell dead. So i m coming with him. U better respond else we shall come back.,en,uci_sms_spam_collection_v1,NEEDS_REVIEW,NEEDS_REVIEW,nr_pool,,,fbdfbd0f88dd,Open NR — mark HARASS if 扰民非骗转账.,harass_relabel
uci_03976,do u think that any girl will propose u today by seing ur bloody funky shit fucking face...............asssssholeeee................,en,uci_sms_spam_collection_v1,NEEDS_REVIEW,NEEDS_REVIEW,nr_pool,,,c8f99b945fda,Open NR — mark HARASS if 扰民非骗转账.,harass_relabel
uci_01962,LOL that would be awesome payback.,en,uci_sms_spam_collection_v1,NEEDS_REVIEW,NEEDS_REVIEW,nr_pool,,,fef05338f8eb,Open NR — mark HARASS if 扰民非骗转账.,harass_relabel
id_yudi_00791,Hehe sudah sep ku jebol pake solder tp jd jelek ????,id,yudiwbs_id_sms_spam_v1,NEEDS_REVIEW,NEEDS_REVIEW,nr_pool,,,bfc111861c82,Open NR — mark HARASS if 扰民非骗转账.,harass_relabel
uci_03079,Okay but i thought you were the expert,en,uci_sms_spam_collection_v1,NEEDS_REVIEW,NEEDS_REVIEW,nr_pool,,,64e5eecb1609,Open NR — mark HARASS if 扰民非骗转账.,harass_relabel
zh_00284,您已成功添加张薇(13810345905)为好友，可以接收对方的飞信消息。回复本短信可直接与对方聊天。,zh,gitcode_zh_sms_8a104,NEEDS_REVIEW,NEEDS_REVIEW,nr_pool,,,12ca6ffd2084,Open NR — mark HARASS if 扰民非骗转账.,harass_relabel
id_ss_00769,"Jangan pernah menyalahkan satu hari dalam kehidupan, hari-hari baik memberi Anda kebahagiaan, hari-hari buruk memberi Anda pengalaman, keduanya penting dalam kehidupan, semuanya adalah berkat Allah!",id,spamshield_indonesian_v1,NEEDS_REVIEW,NEEDS_REVIEW,nr_pool,,,708d0afe1e38,Open NR — mark HARASS if 扰民非骗转账.,harass_relabel
uci_03058,Just woke up. Yeesh its late. But I didn't fall asleep til &lt;#&gt; am :/,en,uci_sms_spam_collection_v1,NEEDS_REVIEW,NEEDS_REVIEW,nr_pool,,,c7f86eef320f,Open NR — mark HARASS if 扰民非骗转账.,harass_relabel
zh_03472,纸袋碰腿北京2孕妇地铁内互殴[人民]-中国移动冲浪助手:http://go.10086.cn/nd/mhd/c4sNq,zh,gitcode_zh_sms_8a104,NEEDS_REVIEW,NEEDS_REVIEW,nr_pool,,,acba29da0882,Open NR — mark HARASS if 扰民非骗转账.,harass_relabel
zh_03428,纸袋碰腿北京2孕妇地铁内互殴[人民]-中国移动冲浪助手:http://go.10086.cn/nd/mh0/ywroJ,zh,gitcode_zh_sms_8a104,NEEDS_REVIEW,NEEDS_REVIEW,nr_pool,,,acba29da0882,Open NR — mark HARASS if 扰民非骗转账.,harass_relabel
zh_01907,财富收盘版：两油上涨而中小盘品种获利回吐，个股分化而指数整体保持稳定，关注周末消息面情况。投资建议仅供参考。【招商证券】,zh,gitcode_zh_sms_8a104,NEEDS_REVIEW,NEEDS_REVIEW,nr_pool,,,3c2a489f5229,Open NR — mark HARASS if 扰民非骗转账.,harass_relabel
zh_06151,"请不要随处张贴、涂写小广告，您的行为违反了《呼市市容环境卫生管理条例》请每周一至周五去市容广告科接受处理,2元/条咨询电话5166981",zh,gitcode_zh_sms_8a104,NEEDS_REVIEW,NEEDS_REVIEW,nr_pool,,,036b11192644,Open NR — mark HARASS if 扰民非骗转账.,harass_relabel
zh_07295,2013年自考与计算机等级考试成绩现已公布，请中国电信用户拨打16887811查询自考成绩，拨打16887812查询计算机等级考试成绩。,zh,gitcode_zh_sms_8a104,NEEDS_REVIEW,NEEDS_REVIEW,nr_pool,,,0b6e43b64b4a,Open NR — mark HARASS if 扰民非骗转账.,harass_relabel
uci_03331,Send me yetty's number pls.,en,uci_sms_spam_collection_v1,NEEDS_REVIEW,NEEDS_REVIEW,nr_pool,,,1e916247c059,Open NR — mark HARASS if 扰民非骗转账.,harass_relabel
uci_01037,"No my blankets are sufficient, thx",en,uci_sms_spam_collection_v1,NEEDS_REVIEW,NEEDS_REVIEW,nr_pool,,,70161ddcfae4,Open NR — mark HARASS if 扰民非骗转账.,harass_relabel
zh_05324,美媒曝光中国地下空军:不可战胜[搜狐]-中国移动冲浪助手:http://go.10086.cn/nd/mgp/12KFWE,zh,gitcode_zh_sms_8a104,NEEDS_REVIEW,NEEDS_REVIEW,nr_pool,,,ca88947f04e5,Open NR — mark HARASS if 扰民非骗转账.,harass_relabel
uci_00172,"Hmmm.. Thk sure got time to hop ard... Ya, can go 4 free abt... Muz call u to discuss liao...",en,uci_sms_spam_collection_v1,NEEDS_REVIEW,NEEDS_REVIEW,nr_pool,,,bb3625dea987,Open NR — mark HARASS if 扰民非骗转账.,harass_relabel
id_ss_00635,Ini msg adalah untuk pesanan konten mobile Anda Ia telah terkejut karena percobaan sebelumnya gagal karena kesalahan jaringan Pertanyaan ke customersqueries@netvision.uk.com,id,spamshield_indonesian_v1,NEEDS_REVIEW,NEEDS_REVIEW,nr_pool,,,6167ac0df7a5,Open NR — mark HARASS if 扰民非骗转账.,harass_relabel
zh_09916,13161912601姓陈！,zh,gitcode_zh_sms_8a104,NEEDS_REVIEW,NEEDS_REVIEW,nr_pool,,,425511e307bc,Open NR — mark HARASS if 扰民非骗转账.,harass_relabel
id_ss_01012,Big Brother’s benar-benar menghancurkan barel dengan mandi ini dari kekurangan sosial,id,spamshield_indonesian_v1,NEEDS_REVIEW,NEEDS_REVIEW,nr_pool,,,0ffae7013bf3,Open NR — mark HARASS if 扰民非骗转账.,harass_relabel
iiitd_00784,I HATE YOUR FILTHY PERSONALITY!!!,hi,iiitd_sms_spam_v1,NEEDS_REVIEW,NEEDS_REVIEW,nr_pool,,,d5e209ff2c29,Open NR — mark HARASS if 扰民非骗转账.,harass_relabel
iiitd_00831,I dont hav keys...can u plz come fast!!!,hi,iiitd_sms_spam_v1,NEEDS_REVIEW,NEEDS_REVIEW,nr_pool,,,82d33729e12f,Open NR — mark HARASS if 扰民非骗转账.,harass_relabel
zh_05496,争藏，最后40席！同城印象联墅5月耀世公开！250方享500方，275万元/套起，文一西路唯此联墅现房！贵宾专线：88652228【房淘客】,zh,gitcode_zh_sms_8a104,NEEDS_REVIEW,NEEDS_REVIEW,nr_pool,,,935d790916d9,Open NR — mark HARASS if 扰民非骗转账.,harass_relabel
uci_03899,Otherwise had part time job na-tuition..,en,uci_sms_spam_collection_v1,NEEDS_REVIEW,NEEDS_REVIEW,nr_pool,,,e9d9203cb976,Open NR — mark HARASS if 扰民非骗转账.,harass_relabel
id_ss_00093,Terima kasih!SelengkapnyaSelengkapnyaSelengkapnyaSelengkapnyaSelengkapnyaSelengkapnyaSelengkapnyaSelengkapnyaSelengkapnyaSelengkapnyaSelengkapnyaSelengkapnyaSelengkapnyaSelengkapnya,id,spamshield_indonesian_v1,NEEDS_REVIEW,NEEDS_REVIEW,nr_pool,,,111996c032a7,Open NR — mark HARASS if 扰民非骗转账.,harass_relabel
uci_00580,"Arngd marriage is while u r walkin unfortuntly a snake bites u. bt love marriage is dancing in frnt of d snake &amp; sayin Bite me, bite me.",en,uci_sms_spam_collection_v1,NEEDS_REVIEW,NEEDS_REVIEW,nr_pool,,,ae3ca3ce5426,Open NR — mark HARASS if 扰民非骗转账.,harass_relabel
zh_03479,财富收盘版：指数无量反弹预计后市仍需震荡盘整，城镇化等政策受益板块具备结构性表现机会，轻仓者可适当关注。投资建议仅供参考。【招商证券】,zh,gitcode_zh_sms_8a104,NEEDS_REVIEW,NEEDS_REVIEW,nr_pool,,,c67336a3e6cd,Open NR — mark HARASS if 扰民非骗转账.,harass_relabel
uci_01910,Then u going ikea str aft dat?,en,uci_sms_spam_collection_v1,NEEDS_REVIEW,NEEDS_REVIEW,nr_pool,,,73965ee91df5,Open NR — mark HARASS if 扰民非骗转账.,harass_relabel
uci_00572,Do you know where my lab goggles went,en,uci_sms_spam_collection_v1,NEEDS_REVIEW,NEEDS_REVIEW,nr_pool,,,5217b29407d6,Open NR — mark HARASS if 扰民非骗转账.,harass_relabel
uci_02907,"Helloooo... Wake up..! ""Sweet"" ""morning"" ""welcomes"" ""You"" ""Enjoy"" ""This Day"" ""with full of joy"".. ""GUD MRNG"".",en,uci_sms_spam_collection_v1,NEEDS_REVIEW,NEEDS_REVIEW,nr_pool,,,bc7899ccd488,Open NR — mark HARASS if 扰民非骗转账.,harass_relabel
zh_02945,女护士乘电梯被夹死事故原因查明[腾讯]-中国移动冲浪助手:http://go.10086.cn/nd/md6/QOymN,zh,gitcode_zh_sms_8a104,NEEDS_REVIEW,NEEDS_REVIEW,nr_pool,,,5bbbb4ebfbd1,Open NR — mark HARASS if 扰民非骗转账.,harass_relabel
iiitd_00730,"I jus saw a mini tanker wid 'commen wealth tractors' painted across its back. Ask ur dad 2 consider doing something 4 commonwealth. Givn hw behind v'r running in preparations, m sure dey won't mind d extra help. I think ders a lot of scope in dis. N mayb if woteva company likes his work, he cn continue wid dem evn after commonwealth is ovr. Plz plz plz tok 2 him abt dis. PLZ!!! Oderwise i will!",hi,iiitd_sms_spam_v1,NEEDS_REVIEW,NEEDS_REVIEW,nr_pool,,,80c1beaf58e6,Open NR — mark HARASS if 扰民非骗转账.,harass_relabel
iiitd_00018,"In the corridor of a government office there was a signboard reading, Do not make noise.  someone added: Otherwise we may wake up.",hi,iiitd_sms_spam_v1,NEEDS_REVIEW,NEEDS_REVIEW,nr_pool,,,65ccbd48ba5a,Open NR — mark HARASS if 扰民非骗转账.,harass_relabel
iiitd_00675,"Whnevr an unexpected joy passes thru ur heart n suddenly u smile 4 no reason. Remembr sm1, smwhere is remembring & appreciating ur good DEEDS. Help people:-)",hi,iiitd_sms_spam_v1,NEEDS_REVIEW,NEEDS_REVIEW,nr_pool,,,eacc5ae59bfd,Open NR — mark HARASS if 扰民非骗转账.,harass_relabel
uci_01477,I'm watching lotr w my sis dis aft. So u wan 2 meet me 4 dinner at nite a not?,en,uci_sms_spam_collection_v1,NEEDS_REVIEW,NEEDS_REVIEW,nr_pool,,,9e9799331006,Open NR — mark HARASS if 扰民非骗转账.,harass_relabel
iiitd_00404,i'm going to take a bath. finish your assignments as soon as possible.,hi,iiitd_sms_spam_v1,NEEDS_REVIEW,NEEDS_REVIEW,nr_pool,,,f8cf16426169,Open NR — mark HARASS if 扰民非骗转账.,harass_relabel
uci_04021,University of southern california.,en,uci_sms_spam_collection_v1,NEEDS_REVIEW,NEEDS_REVIEW,nr_pool,,,5d349b6edec7,Open NR — mark HARASS if 扰民非骗转账.,harass_relabel
uci_03671,Ok thanx... Take care then...,en,uci_sms_spam_collection_v1,NEEDS_REVIEW,NEEDS_REVIEW,nr_pool,,,2ce99d47c5fe,Open NR — mark HARASS if 扰民非骗转账.,harass_relabel
id_ss_00876,Anda memiliki 1 email baru. silakan hubungi 08719181503,id,spamshield_indonesian_v1,NEEDS_REVIEW,NEEDS_REVIEW,nr_pool,,,5c418aeb56ff,Open NR — mark HARASS if 扰民非骗转账.,harass_relabel
iiitd_00966,Zindgi Me Sada Haste RahoHasna Zindgi Ki Zarurat Hai Zindgi Jiyo To Is Andaz MeKi apko Dekh Kar Sabko Lage Zindgi Kitni Khoobsurat hai.kya ho raha hai.,hi,iiitd_sms_spam_v1,NEEDS_REVIEW,NEEDS_REVIEW,nr_pool,,,4a6dc5ebcbb3,Open NR — mark HARASS if 扰民非骗转账.,harass_relabel
uci_05513,"It¡®s reassuring, in this crazy world.",en,uci_sms_spam_collection_v1,NEEDS_REVIEW,NEEDS_REVIEW,nr_pool,,,4d09df7646fb,Open NR — mark HARASS if 扰民非骗转账.,harass_relabel
id_yudi_01028,Sebenernya di nama1 gada bulanan setau aku. Cuma aku dikasih izin aja sama ibu gitu. Kalau aku lanjut aku bayar 6jt,id,yudiwbs_id_sms_spam_v1,NEEDS_REVIEW,NEEDS_REVIEW,nr_pool,,,0ecca06f13ed,Open NR — mark HARASS if 扰民非骗转账.,harass_relabel
uci_03994,"Nimbomsons. Yep phone knows that one. Obviously, cos thats a real word",en,uci_sms_spam_collection_v1,NEEDS_REVIEW,NEEDS_REVIEW,nr_pool,,,79787ef6724c,Open NR — mark HARASS if 扰民非骗转账.,harass_relabel
id_ss_00893,Kapten berada di kamar kami :),id,spamshield_indonesian_v1,NEEDS_REVIEW,NEEDS_REVIEW,nr_pool,,,1d33c6e11f9f,Open NR — mark HARASS if 扰民非骗转账.,harass_relabel
uci_02842,Ok thanx...,en,uci_sms_spam_collection_v1,NEEDS_REVIEW,NEEDS_REVIEW,nr_pool,,,1f049e1aac7b,Open NR — mark HARASS if 扰民非骗转账.,harass_relabel
id_ss_01158,Squeeeeeze!! ini adalah perayaan Natal.. jika anda suka saya frndshp den membungkus saya kembali.. jika anda mendapatkan 3 u r cute:) 6 u r luvd:* 9 u r so lucky;) Tidak ada? orang membenci anda:,id,spamshield_indonesian_v1,NEEDS_REVIEW,NEEDS_REVIEW,nr_pool,,,287b73c31307,Open NR — mark HARASS if 扰民非骗转账.,harass_relabel
id_ss_00751,Ur cash-balance saat ini 500 pound - untuk memaksimalkan ur cash-in sekarang mengirimkan COLLECT ke 83600 hanya 150p/msg. CC: 08718720201 PO BOX 114/14 TCR/W1,id,spamshield_indonesian_v1,NEEDS_REVIEW,NEEDS_REVIEW,nr_pool,,,69f91dc9c9b8,Open NR — mark HARASS if 扰民非骗转账.,harass_relabel
uci_02582,Yup i'm elaborating on the safety aspects and some other issues..,en,uci_sms_spam_collection_v1,NEEDS_REVIEW,NEEDS_REVIEW,nr_pool,,,e590c76a3dfb,Open NR — mark HARASS if 扰民非骗转账.,harass_relabel
id_yudi_00671,Besok siang ya jam 2,id,yudiwbs_id_sms_spam_v1,NEEDS_REVIEW,NEEDS_REVIEW,nr_pool,,,f6668beab7fc,Open NR — mark HARASS if 扰民非骗转账.,harass_relabel
zh_05690,明日520 示爱秘籍网上热传-图[新华]-中国移动冲浪助手:http://go.10086.cn/nd/mdk/11m7dp,zh,gitcode_zh_sms_8a104,NEEDS_REVIEW,NEEDS_REVIEW,nr_pool,,,962f79d59076,Open NR — mark HARASS if 扰民非骗转账.,harass_relabel
iiitd_00135,irl to Ramdev - if i kiss a boy to kya hoga? Baba - narak me jaogi. Girl - Acha agar aapko kiss karu to? Baba- chalak ladki swarg me jana chahti hai. Heheh,hi,iiitd_sms_spam_v1,NEEDS_REVIEW,NEEDS_REVIEW,nr_pool,,,3fc149d3684e,Open NR — mark HARASS if 扰民非骗转账.,harass_relabel
uci_02112,Yar he quite clever but aft many guesses lor. He got ask me 2 bring but i thk darren not so willing 2 go. Aiya they thk leona still not attach wat.,en,uci_sms_spam_collection_v1,NEEDS_REVIEW,NEEDS_REVIEW,nr_pool,,,c1c253110584,Open NR — mark HARASS if 扰民非骗转账.,harass_relabel
uci_04434,Can u look 4 me in da lib i got stuff havent finish yet.,en,uci_sms_spam_collection_v1,NEEDS_REVIEW,NEEDS_REVIEW,nr_pool,,,9bb15bc7d6bf,Open NR — mark HARASS if 扰民非骗转账.,harass_relabel
uci_04135,Is it your yahoo boys that bring in the perf? Or legal.,en,uci_sms_spam_collection_v1,NEEDS_REVIEW,NEEDS_REVIEW,nr_pool,,,90cbbb6d3b99,Open NR — mark HARASS if 扰民非骗转账.,harass_relabel
zh_06459,南航已推出微信服务，搜索CS95539即可添加南航官方微信号。支持自选座位、票价、航班动态、里程等查询。　【南航】,zh,gitcode_zh_sms_8a104,NEEDS_REVIEW,NEEDS_REVIEW,nr_pool,,,05c331063e05,Open NR — mark HARASS if 扰民非骗转账.,harass_relabel
zh_01381,19日16:23致13418894899短信送达。登录手机阅读(http://wap.cmread.com）可参与抽奖赢取三星i9268手机。产生流量费按标准收费。,zh,gitcode_zh_sms_8a104,NEEDS_REVIEW,NEEDS_REVIEW,nr_pool,,,114ddd5a7e31,Open NR — mark HARASS if 扰民非骗转账.,harass_relabel
uci_00323,cud u tell ppl im gona b a bit l8 cos 2 buses hav gon past cos they were full & im still waitin 4 1. Pete x,en,uci_sms_spam_collection_v1,NEEDS_REVIEW,NEEDS_REVIEW,nr_pool,,,0fecaf7b18f3,Open NR — mark HARASS if 扰民非骗转账.,harass_relabel
uci_02401,Hi! This is Roger from CL. How are you?,en,uci_sms_spam_collection_v1,NEEDS_REVIEW,NEEDS_REVIEW,nr_pool,,,778a76c65a23,Open NR — mark HARASS if 扰民非骗转账.,harass_relabel
iiitd_00325,"If anytime ur life is like a candle in the wind,then ill put my hands around u...... so dat all burns are mine & all light is yours...its a promise.",hi,iiitd_sms_spam_v1,NEEDS_REVIEW,NEEDS_REVIEW,nr_pool,,,fc4848d6afb9,Open NR — mark HARASS if 扰民非骗转账.,harass_relabel
id_ss_00427,"Dalam The Simpsons Movie yang dirilis pada Juli 2007 nama band yang meninggal pada awal film? A-Green Day, B-Blue Day, C-Red Day. (Send A, B atau C)",id,spamshield_indonesian_v1,NEEDS_REVIEW,NEEDS_REVIEW,nr_pool,,,d799080c2a9e,Open NR — mark HARASS if 扰民非骗转账.,harass_relabel
uci_04490,The new deus ex game comin early next yr,en,uci_sms_spam_collection_v1,NEEDS_REVIEW,NEEDS_REVIEW,nr_pool,,,ef26e6a255d4,Open NR — mark HARASS if 扰民非骗转账.,harass_relabel
id_ss_01269,"TheMob>Hit link untuk mendapatkan premium Pink Panther game, baru No. 1 dari Sugababes, animasi Zebra gila atau badass Hoody wallpaper-all 4 FREE!",id,spamshield_indonesian_v1,NEEDS_REVIEW,NEEDS_REVIEW,nr_pool,,,d7ebc3d8dfe5,Open NR — mark HARASS if 扰民非骗转账.,harass_relabel
uci_04516,That was random saw my old roomate on campus. He graduated,en,uci_sms_spam_collection_v1,NEEDS_REVIEW,NEEDS_REVIEW,nr_pool,,,399fa9c96f19,Open NR — mark HARASS if 扰民非骗转账.,harass_relabel
uci_00664,Leave it de:-). Start Prepare for next:-)..,en,uci_sms_spam_collection_v1,NEEDS_REVIEW,NEEDS_REVIEW,nr_pool,,,34cb4b18db92,Open NR — mark HARASS if 扰民非骗转账.,harass_relabel
uci_04757,Don't make life too stressfull.. Always find time to Laugh.. It may not add years to your Life! But surely adds more life to ur years!! Gud ni8..swt dreams..,en,uci_sms_spam_collection_v1,NEEDS_REVIEW,NEEDS_REVIEW,nr_pool,,,cf65164cba6e,Open NR — mark HARASS if 扰民非骗转账.,harass_relabel
id_yudi_01011,"route nya matiin aja, jadi nanti kalau mau akses ke project masing-masing ditembak aja.",id,yudiwbs_id_sms_spam_v1,NEEDS_REVIEW,NEEDS_REVIEW,nr_pool,,,745a05d6d7fd,Open NR — mark HARASS if 扰民非骗转账.,harass_relabel
uci_01266,"Im in inperialmusic listening2the weirdest track ever by?leafcutter john?-sounds like insects being molested&someone plumbing,remixed by evil men on acid!",en,uci_sms_spam_collection_v1,NEEDS_REVIEW,NEEDS_REVIEW,nr_pool,,,f3035f1d0d53,Open NR — mark HARASS if 扰民非骗转账.,harass_relabel
uci_05103,Nope thats fine. I might have a nap tho!,en,uci_sms_spam_collection_v1,NEEDS_REVIEW,NEEDS_REVIEW,nr_pool,,,c2a6bcffbc06,Open NR — mark HARASS if 扰民非骗转账.,harass_relabel
iiitd_00416,I ws on phn.abi rakha h. U say wat u dng dear?,hi,iiitd_sms_spam_v1,NEEDS_REVIEW,NEEDS_REVIEW,nr_pool,,,303359fe10c2,Open NR — mark HARASS if 扰民非骗转账.,harass_relabel
uci_02560,I also thk too fast... Xy suggest one not me. U dun wan it's ok. Going 2 rain leh where got gd.,en,uci_sms_spam_collection_v1,NEEDS_REVIEW,NEEDS_REVIEW,nr_pool,,,2d660da810fe,Open NR — mark HARASS if 扰民非骗转账.,harass_relabel
uci_02341,I will take care of financial problem.i will help:),en,uci_sms_spam_collection_v1,NEEDS_REVIEW,NEEDS_REVIEW,nr_pool,,,e1144c354928,Open NR — mark HARASS if 扰民非骗转账.,harass_relabel
zh_00350,美媒曝光中国地下空军:不可战胜[搜狐]-中国移动冲浪助手:http://go.10086.cn/nd/mgo/QHqMJ,zh,gitcode_zh_sms_8a104,NEEDS_REVIEW,NEEDS_REVIEW,nr_pool,,,ca88947f04e5,Open NR — mark HARASS if 扰民非骗转账.,harass_relabel
id_ss_00835,"Pelanggan Orange, Anda sekarang dapat menuntut pembaruan FREE CAMERA PHONE untuk loyalitas Anda. hubungi sekarang di 0207 153 9996. tawaran berakhir 14thMarch.",id,spamshield_indonesian_v1,NEEDS_REVIEW,NEEDS_REVIEW,nr_pool,,,49774ce6c0fd,Open NR — mark HARASS if 扰民非骗转账.,harass_relabel
uci_05340,So when do you wanna gym?,en,uci_sms_spam_collection_v1,NEEDS_REVIEW,NEEDS_REVIEW,nr_pool,,,53259d32cd8a,Open NR — mark HARASS if 扰民非骗转账.,harass_relabel
zh_05492,纸袋碰腿北京2孕妇地铁内互殴[人民]-中国移动冲浪助手:http://go.10086.cn/nd/mhb/UXGQI,zh,gitcode_zh_sms_8a104,NEEDS_REVIEW,NEEDS_REVIEW,nr_pool,,,acba29da0882,Open NR — mark HARASS if 扰民非骗转账.,harass_relabel
uci_01055,HIYA COMIN 2 BRISTOL 1 ST WEEK IN APRIL. LES GOT OFF + RUDI ON NEW YRS EVE BUT I WAS SNORING.THEY WERE DRUNK! U BAK AT COLLEGE YET? MY WORK SENDS INK 2 BATH.,en,uci_sms_spam_collection_v1,NEEDS_REVIEW,NEEDS_REVIEW,nr_pool,,,cd412dea6684,Open NR — mark HARASS if 扰民非骗转账.,harass_relabel
uci_01026,I have a sore throat. It's scratches when I talk,en,uci_sms_spam_collection_v1,NEEDS_REVIEW,NEEDS_REVIEW,nr_pool,,,738ebce4844e,Open NR — mark HARASS if 扰民非骗转账.,harass_relabel
uci_02647,"Em, its olowoyey@ usc.edu have a great time in argentina. Not sad about secretary, everything is a blessing",en,uci_sms_spam_collection_v1,NEEDS_REVIEW,NEEDS_REVIEW,nr_pool,,,ac5dbf81e4a0,Open NR — mark HARASS if 扰民非骗转账.,harass_relabel
iiitd_00840,i don't like not being able to reach you :(,hi,iiitd_sms_spam_v1,NEEDS_REVIEW,NEEDS_REVIEW,nr_pool,,,ce49df4d8402,Open NR — mark HARASS if 扰民非骗转账.,harass_relabel
id_yudi_00676,Biasanya dia bukannya ke subang ya kalo weekend,id,yudiwbs_id_sms_spam_v1,NEEDS_REVIEW,NEEDS_REVIEW,nr_pool,,,33b9f29c9b52,Open NR — mark HARASS if 扰民非骗转账.,harass_relabel
uci_01905,Wah... Okie okie... Muz make use of e unlimited... Haha...,en,uci_sms_spam_collection_v1,NEEDS_REVIEW,NEEDS_REVIEW,nr_pool,,,9c142e0cd265,Open NR — mark HARASS if 扰民非骗转账.,harass_relabel
id_yudi_00532,"Sy Dr.Rimbawan(Dirmawa IPB)Yth,Jajang Roni Aunul Kholik(NIM:E14090090)Di minta Hbngi Skrng Prof.Dr.Ir.Yonny Koesmaryono,MS.0819882923.Di Tunjuk Hadir Seminar Pengembangan Karakter Mahasiswa Dari Dikti Tgl 14/15 April di Htl Nusa Dua Bali,Trims.",id,yudiwbs_id_sms_spam_v1,NEEDS_REVIEW,NEEDS_REVIEW,nr_pool,,,5056a76be2c3,Open NR — mark HARASS if 扰民非骗转账.,harass_relabel
uci_03748,¨¹ neva tell me how i noe... I'm not at home in da aft wat...,en,uci_sms_spam_collection_v1,NEEDS_REVIEW,NEEDS_REVIEW,nr_pool,,,2649bedf31d4,Open NR — mark HARASS if 扰民非骗转账.,harass_relabel
zh_02964,便民提示：您的京N119J5车辆将于2015年01月31日达到检验有效期，请您确认涉及车辆的违法行为或交通事故已处理完毕后，持行驶证、车船税纳税或免税凭证、交强险原件和经办人身份证明原件到机动车检测场验车，在办理过程中请不要找非法中介代办，以免上当受骗。我局已开通“网上预约验车”服务，详情可登陆交管局网站（www.bjjtgl.gov.cn）网上车检栏目或拨打“12122”查询，顺祝平安！[北京交管局车管所]。,zh,gitcode_zh_sms_8a104,NEEDS_REVIEW,NEEDS_REVIEW,nr_pool,,,e2d9ca2765f3,Open NR — mark HARASS if 扰民非骗转账.,harass_relabel
uci_04672,"Probably not, I'm almost out of gas and I get some cash tomorrow",en,uci_sms_spam_collection_v1,NEEDS_REVIEW,NEEDS_REVIEW,nr_pool,,,6a6ee6b958c3,Open NR — mark HARASS if 扰民非骗转账.,harass_relabel
uci_04892,Its worse if if uses half way then stops. Its better for him to complete it.,en,uci_sms_spam_collection_v1,NEEDS_REVIEW,NEEDS_REVIEW,nr_pool,,,df264b08a854,Open NR — mark HARASS if 扰民非骗转账.,harass_relabel
zh_04760,美媒曝光中国地下空军:不可战胜[搜狐]-中国移动冲浪助手:http://go.10086.cn/nd/mgp/16yevP,zh,gitcode_zh_sms_8a104,NEEDS_REVIEW,NEEDS_REVIEW,nr_pool,,,ca88947f04e5,Open NR — mark HARASS if 扰民非骗转账.,harass_relabel
uci_05008,Oh k. . I will come tomorrow,en,uci_sms_spam_collection_v1,NEEDS_REVIEW,NEEDS_REVIEW,nr_pool,,,3ec016c296c7,Open NR — mark HARASS if 扰民非骗转账.,harass_relabel
id_yudi_00729,nama1 mau pergi ga? Kalo engga aku mau ke kosan,id,yudiwbs_id_sms_spam_v1,NEEDS_REVIEW,NEEDS_REVIEW,nr_pool,,,46835b19ba49,Open NR — mark HARASS if 扰民非骗转账.,harass_relabel
id_ss_00101,"Text82228>> Dapatkan lebih banyak ringtones, logo dan permainan dari www.txt82228.com. Pertanyaan: info@txt82228.co.uk",id,spamshield_indonesian_v1,NEEDS_REVIEW,NEEDS_REVIEW,nr_pool,,,f13b19678185,Open NR — mark HARASS if 扰民非骗转账.,harass_relabel
zh_07277,招商信诺温馨提醒您：警惕非法集资、保险欺诈、洗钱等违法行为，增强风险防范及维权意识，谨防上当受骗。有关非法集资法律知识可登陆我公司官网http://www.cigna-cmc.com/service/toubaoren/feifajizi/falvzhishi.html 查阅。【招商信诺】,zh,gitcode_zh_sms_8a104,NEEDS_REVIEW,NEEDS_REVIEW,nr_pool,,,05b04bc30ce4,Open NR — mark HARASS if 扰民非骗转账.,harass_relabel
zh_00755,财富收盘版：前期上涨积累了一定获利筹码需震荡消化，但自贸区及土地流转等主线板块仍表现活跃表明市场属正常整理。投资建议仅供参考。【招商证券】,zh,gitcode_zh_sms_8a104,NEEDS_REVIEW,NEEDS_REVIEW,nr_pool,,,c433a6482121,Open NR — mark HARASS if 扰民非骗转账.,harass_relabel
zh_07589,美媒曝光中国地下空军:不可战胜[搜狐]-中国移动冲浪助手:http://go.10086.cn/nd/mgp/16uDv2,zh,gitcode_zh_sms_8a104,NEEDS_REVIEW,NEEDS_REVIEW,nr_pool,,,ca88947f04e5,Open NR — mark HARASS if 扰民非骗转账.,harass_relabel
uci_02634,"That's what I love to hear :V see you sundayish, then",en,uci_sms_spam_collection_v1,NEEDS_REVIEW,NEEDS_REVIEW,nr_pool,,,4285777fa9a9,Open NR — mark HARASS if 扰民非骗转账.,harass_relabel
iiitd_00342,whos dis?i lst al my contacts,hi,iiitd_sms_spam_v1,NEEDS_REVIEW,NEEDS_REVIEW,nr_pool,,,60ea837fd1c5,Open NR — mark HARASS if 扰民非骗转账.,harass_relabel
iiitd_00753,I hope u gave d exam!! Call me ASAP.,hi,iiitd_sms_spam_v1,NEEDS_REVIEW,NEEDS_REVIEW,nr_pool,,,32ea8069ef55,Open NR — mark HARASS if 扰民非骗转账.,harass_relabel
uci_01213,"Yo, the game almost over? Want to go to walmart soon",en,uci_sms_spam_collection_v1,NEEDS_REVIEW,NEEDS_REVIEW,nr_pool,,,5aacce75f1e1,Open NR — mark HARASS if 扰民非骗转账.,harass_relabel
uci_03866,"THAT?S ALRITE GIRL, U KNOW GAIL IS NEVA WRONG!!TAKE CARE SWEET AND DON?T WORRY.C U L8TR HUN!LOVE Yaxxx",en,uci_sms_spam_collection_v1,NEEDS_REVIEW,NEEDS_REVIEW,nr_pool,,,9bd22119a525,Open NR — mark HARASS if 扰民非骗转账.,harass_relabel
uci_04240,"Sez, hows u & de arab boy? Hope u r all good give my love 2 evry1 love ya eshxxxxxxxxxxx",en,uci_sms_spam_collection_v1,NEEDS_REVIEW,NEEDS_REVIEW,nr_pool,,,114e37685c64,Open NR — mark HARASS if 扰民非骗转账.,harass_relabel
uci_02048,No de. But call me after some time. Ill tell you k,en,uci_sms_spam_collection_v1,NEEDS_REVIEW,NEEDS_REVIEW,nr_pool,,,7c68af1e160b,Open NR — mark HARASS if 扰民非骗转账.,harass_relabel
id_yudi_00825,"Jadi males banget PLA, asa ga pernah beres. Wkwk. Padahal dari pa rawosi ga bermasalah.",id,yudiwbs_id_sms_spam_v1,NEEDS_REVIEW,NEEDS_REVIEW,nr_pool,,,641a2b046bdd,Open NR — mark HARASS if 扰民非骗转账.,harass_relabel
uci_01763,Sometimes Heart Remembrs someone Very much... Forgets someone soon... Bcoz Heart will not like everyone. But liked ones will be Remembered Everytime... BSLVYL,en,uci_sms_spam_collection_v1,NEEDS_REVIEW,NEEDS_REVIEW,nr_pool,,,07ca776b3a48,Open NR — mark HARASS if 扰民非骗转账.,harass_relabel
uci_03549,"Single line with a big meaning::::: ""Miss anything 4 ur ""Best Life"" but, don't miss ur best life for anything... Gud nyt...",en,uci_sms_spam_collection_v1,NEEDS_REVIEW,NEEDS_REVIEW,nr_pool,,,e12f182079e2,Open NR — mark HARASS if 扰民非骗转账.,harass_relabel
uci_02045,I can send you a pic if you like :),en,uci_sms_spam_collection_v1,NEEDS_REVIEW,NEEDS_REVIEW,nr_pool,,,838b33f3579a,Open NR — mark HARASS if 扰民非骗转账.,harass_relabel
zh_01393,您好世纪城新出一套楼王位子，观景无敌的三居，正观小区花园，现在业主报价710万，没有个税费。看房热线于德阳13811648456,zh,gitcode_zh_sms_8a104,NEEDS_REVIEW,NEEDS_REVIEW,nr_pool,,,46029a73a66d,Open NR — mark HARASS if 扰民非骗转账.,harass_relabel
id_yudi_00845,Kalau agus atau sept blm bisa menjamin ada kalau sekarang ada yang kosong,id,yudiwbs_id_sms_spam_v1,NEEDS_REVIEW,NEEDS_REVIEW,nr_pool,,,aa7dcfec50fc,Open NR — mark HARASS if 扰民非骗转账.,harass_relabel
uci_03699,S:)but he had some luck.2 catches put down:),en,uci_sms_spam_collection_v1,NEEDS_REVIEW,NEEDS_REVIEW,nr_pool,,,1cef2ba8448d,Open NR — mark HARASS if 扰民非骗转账.,harass_relabel
id_yudi_00857,Kalo grup c1 aku jarang baca haha jd suka ketinggalan kabar berita,id,yudiwbs_id_sms_spam_v1,NEEDS_REVIEW,NEEDS_REVIEW,nr_pool,,,59d720c0970d,Open NR — mark HARASS if 扰民非骗转账.,harass_relabel
id_ss_00337,"Terima kasih untuk pesanan ringtone Anda, nomor ref R836. ponsel Anda akan dikenakan biaya £4.50. Jika ton Anda tidak tiba, silakan hubungi layanan pelanggan di 09065069154",id,spamshield_indonesian_v1,NEEDS_REVIEW,NEEDS_REVIEW,nr_pool,,,762af2817410,Open NR — mark HARASS if 扰民非骗转账.,harass_relabel
iiitd_00452,I wil put it 2marw,hi,iiitd_sms_spam_v1,NEEDS_REVIEW,NEEDS_REVIEW,nr_pool,,,e7dcbcfb7df2,Open NR — mark HARASS if 扰民非骗转账.,harass_relabel
id_ss_01072,Tidak ada tawaran pesan,id,spamshield_indonesian_v1,NEEDS_REVIEW,NEEDS_REVIEW,nr_pool,,,2eb35b727326,Open NR — mark HARASS if 扰民非骗转账.,harass_relabel
uci_03916,Ard 530 lor. I ok then message ¨¹ lor.,en,uci_sms_spam_collection_v1,NEEDS_REVIEW,NEEDS_REVIEW,nr_pool,,,78fbdb9528c6,Open NR — mark HARASS if 扰民非骗转账.,harass_relabel
uci_01604,Have you heard about that job? I'm going to that wildlife talk again tonight if u want2come. Its that2worzels and a wizzle or whatever it is?!,en,uci_sms_spam_collection_v1,NEEDS_REVIEW,NEEDS_REVIEW,nr_pool,,,03eab0ec419f,Open NR — mark HARASS if 扰民非骗转账.,harass_relabel
id_ss_00010,di mana @,id,spamshield_indonesian_v1,NEEDS_REVIEW,NEEDS_REVIEW,nr_pool,,,07f5fbd3dcc5,Open NR — mark HARASS if 扰民非骗转账.,harass_relabel
id_ss_01124,"Informasi mendesak, penting untuk O2 pengguna. hari ini adalah hari bahagia Anda! 2 Temukan di mana login di HTTP://WWW.URAWINNER.COM ada kejutan yang luar biasa untuk Anda",id,spamshield_indonesian_v1,NEEDS_REVIEW,NEEDS_REVIEW,nr_pool,,,50519c3c575f,Open NR — mark HARASS if 扰民非骗转账.,harass_relabel
id_yudi_00854,"kalo aku sih pertabel  nama1, mnyesuaikan kebutuhan :)",id,yudiwbs_id_sms_spam_v1,NEEDS_REVIEW,NEEDS_REVIEW,nr_pool,,,2627b70b41ce,Open NR — mark HARASS if 扰民非骗转账.,harass_relabel
uci_02477,i dnt wnt to tlk wid u,en,uci_sms_spam_collection_v1,NEEDS_REVIEW,NEEDS_REVIEW,nr_pool,,,47463db3f04d,Open NR — mark HARASS if 扰民非骗转账.,harass_relabel
zh_05242,探秘中国唯一核武器生产单位[搜狐]-中国移动冲浪助手:http://go.10086.cn/nd/mf2/10lHt3,zh,gitcode_zh_sms_8a104,NEEDS_REVIEW,NEEDS_REVIEW,nr_pool,,,f2f5d251f5a9,Open NR — mark HARASS if 扰民非骗转账.,harass_relabel
zh_05068,美媒曝光中国地下空军:不可战胜[搜狐]-中国移动冲浪助手:http://go.10086.cn/nd/mgp/15qRZn,zh,gitcode_zh_sms_8a104,NEEDS_REVIEW,NEEDS_REVIEW,nr_pool,,,ca88947f04e5,Open NR — mark HARASS if 扰民非骗转账.,harass_relabel
id_ss_00121,"HOT LIVE FANTASIES hubungi sekarang 08707500020 Hanya 20p per menit NTT Ltd, PO Box 1327 Croydon CR9 5WB 0870 adalah panggilan tarif nasional",id,spamshield_indonesian_v1,NEEDS_REVIEW,NEEDS_REVIEW,nr_pool,,,b3f34a1c259e,Open NR — mark HARASS if 扰民非骗转账.,harass_relabel
zh_06217,美媒曝光中国地下空军:不可战胜[搜狐]-中国移动冲浪助手:http://go.10086.cn/nd/mgp/10FOd5,zh,gitcode_zh_sms_8a104,NEEDS_REVIEW,NEEDS_REVIEW,nr_pool,,,ca88947f04e5,Open NR — mark HARASS if 扰民非骗转账.,harass_relabel
zh_08607,【招商证券】财富早间版：美联储发表声明结束第三轮量化宽松政策，维持长时间宽松措辞；国务院发文推进住房等6大领域消费扩大和升级。指数在前期高点附近成交量巨大表明多空双方出现分歧，中线仓位继续持有，短线仓位逢高减仓。中信证券、海通证券获利了结。仅供参考回A退订,zh,gitcode_zh_sms_8a104,NEEDS_REVIEW,NEEDS_REVIEW,nr_pool,,,10273d860461,Open NR — mark HARASS if 扰民非骗转账.,harass_relabel
id_ss_00217,Selamat siang matahari! bagaimana matahari terbit hari itu? apakah kita segar dan gembira untuk hidup? apakah kita bernafas di udara dan tersenyum?,id,spamshield_indonesian_v1,NEEDS_REVIEW,NEEDS_REVIEW,nr_pool,,,117b44ad8970,Open NR — mark HARASS if 扰民非骗转账.,harass_relabel
uci_02042,¨¹ dun wan to watch infernal affair?,en,uci_sms_spam_collection_v1,NEEDS_REVIEW,NEEDS_REVIEW,nr_pool,,,2054fd57385d,Open NR — mark HARASS if 扰民非骗转账.,harass_relabel
zh_07734,新华快讯：外交部今宣布，习近平将出访特立尼达和多巴哥、哥斯达黎加、墨西哥三国，并于6月7日至8日在美国会晤奥巴马。 www.xhqm.cn,zh,gitcode_zh_sms_8a104,NEEDS_REVIEW,NEEDS_REVIEW,nr_pool,,,5932d0dee483,Open NR — mark HARASS if 扰民非骗转账.,harass_relabel
id_yudi_00805,itu yang tugas pentaho langsung presentasi di pentaho nya ?,id,yudiwbs_id_sms_spam_v1,NEEDS_REVIEW,NEEDS_REVIEW,nr_pool,,,e32061b79fe4,Open NR — mark HARASS if 扰民非骗转账.,harass_relabel
id_yudi_00819,"Iya, semua kamera kecuali kamera lia aku taro di situ semua",id,yudiwbs_id_sms_spam_v1,NEEDS_REVIEW,NEEDS_REVIEW,nr_pool,,,e85e7f6abe57,Open NR — mark HARASS if 扰民非骗转账.,harass_relabel
uci_02412,"Come to me right now, Ahmad",en,uci_sms_spam_collection_v1,NEEDS_REVIEW,NEEDS_REVIEW,nr_pool,,,349bfe0528fa,Open NR — mark HARASS if 扰民非骗转账.,harass_relabel
uci_01411,Pls speak to that customer machan.,en,uci_sms_spam_collection_v1,NEEDS_REVIEW,NEEDS_REVIEW,nr_pool,,,3d4b7a4987d4,Open NR — mark HARASS if 扰民非骗转账.,harass_relabel
uci_05384,"I can make it up there, squeezed  &lt;#&gt;  bucks out of my dad",en,uci_sms_spam_collection_v1,NEEDS_REVIEW,NEEDS_REVIEW,nr_pool,,,071516357ed7,Open NR — mark HARASS if 扰民非骗转账.,harass_relabel
uci_02955,"Think i might have to give it a miss. Am teaching til twelve, then have lecture at two. Damn this working thing.",en,uci_sms_spam_collection_v1,NEEDS_REVIEW,NEEDS_REVIEW,nr_pool,,,a3a7f427d36b,Open NR — mark HARASS if 扰民非骗转账.,harass_relabel
zh_00895,加油站惊现男尸！醉酒少年路上竟昏睡被轧，凶手到底何在？监控带你还原现场！视频观看 http://10006.co/HINp,zh,gitcode_zh_sms_8a104,NEEDS_REVIEW,NEEDS_REVIEW,nr_pool,,,4106196a2c3a,Open NR — mark HARASS if 扰民非骗转账.,harass_relabel
zh_05250,春季桃花朵朵开，斗地主大赛抢先来！内蒙古联通斗地主大奖赛席卷全省！只要你玩游戏就能兑换5元话费！限量1000个~更有小米手机、200话费、流量包免费赢！http://60.31.214.38:15008/2M7uvZvquovu,zh,gitcode_zh_sms_8a104,NEEDS_REVIEW,NEEDS_REVIEW,nr_pool,,,dceaeabb9d2f,Open NR — mark HARASS if 扰民非骗转账.,harass_relabel
