id,text,language,source,prior_label,suggested_label,suggest_reason,label,annotator,template_group,notes,pack_role
id_ss_00244,"Ayah ingin berbicara tentang apartemen jadi saya mendapat awal terlambat, omw sekarang",id,spamshield_indonesian_v1,NEEDS_REVIEW,HARASS,id_harass_hint,,,5cdb79d3d443,ID gap fill from NEEDS_REVIEW. Fill label; keep NEEDS_REVIEW if unsure.,id_gap_fill
id_ss_00277,Aku akan terlambat...,id,spamshield_indonesian_v1,NEEDS_REVIEW,HARASS,id_harass_hint,,,5c6563fecf1a,ID gap fill from NEEDS_REVIEW. Fill label; keep NEEDS_REVIEW if unsure.,id_gap_fill
id_ss_00495,"Hi harap Anda mendapatkan ini txt~journey belum pernah gd, sekarang sekitar 50 menit terlambat saya pikir.",id,spamshield_indonesian_v1,NEEDS_REVIEW,HARASS,id_harass_hint,,,c1814af957e3,ID gap fill from NEEDS_REVIEW. Fill label; keep NEEDS_REVIEW if unsure.,id_gap_fill
id_ss_00528,"Selamat pagi, hari ini saya terlambat untuk 2h. karena sakit punggung.",id,spamshield_indonesian_v1,NEEDS_REVIEW,HARASS,id_harass_hint,,,870b0a248fa7,ID gap fill from NEEDS_REVIEW. Fill label; keep NEEDS_REVIEW if unsure.,id_gap_fill
id_ss_00714,Saya akan keluar sekitar 10:30 ingin sesuatu atau itu untuk terlambat?,id,spamshield_indonesian_v1,NEEDS_REVIEW,HARASS,id_harass_hint,,,e9e372727fe7,ID gap fill from NEEDS_REVIEW. Fill label; keep NEEDS_REVIEW if unsure.,id_gap_fill
id_ss_01091,"Teman-teman yang terkasih, maaf atas keterlambatan informasi.Hari ini adalah ulang tahun kami yang tercinta Ar.Praveesh. untuk lebih banyak rincian login ke muka buku dan lihat.Nombornya + &lt;#&gt; .",id,spamshield_indonesian_v1,NEEDS_REVIEW,HARASS,id_harass_hint,,,28d10f101a74,ID gap fill from NEEDS_REVIEW. Fill label; keep NEEDS_REVIEW if unsure.,id_gap_fill
id_ss_01188,"Oh, apa yang terjadi Charles minta maaf atas keterlambatan jawaban.",id,spamshield_indonesian_v1,NEEDS_REVIEW,HARASS,id_harass_hint,,,39011dc4b1c0,ID gap fill from NEEDS_REVIEW. Fill label; keep NEEDS_REVIEW if unsure.,id_gap_fill
id_ss_01249,"Selamat malam Sir, harap Anda memiliki hari yang menyenangkan. saya ingin memberikannya kepada pemberitahuan Anda bahwa saya terlambat dalam membayar sewa selama beberapa bulan terakhir dan harus membayar $ &lt;#&gt; biaya. saya merasa akan tidak mempertimbangkan saya untuk bercakap tentang sesuatu yang Anda berikan dengan biaya yang besar kepada diri sendiri dan itulah sebabnya saya tidak berbicara. saya masih dalam resesi dan tidak akan dapat membayar biaya bulan ini oleh karena itu permintaan saya baik-baik saja sebelum akhir bulan.",id,spamshield_indonesian_v1,NEEDS_REVIEW,HARASS,id_harass_hint,,,215fb7dc2eb4,ID gap fill from NEEDS_REVIEW. Fill label; keep NEEDS_REVIEW if unsure.,id_gap_fill
id_ss_01265,"Selamat pagi, hari ini saya terlambat &lt;#&gt; min.",id,spamshield_indonesian_v1,NEEDS_REVIEW,HARASS,id_harass_hint,,,33429cfa0ca5,ID gap fill from NEEDS_REVIEW. Fill label; keep NEEDS_REVIEW if unsure.,id_gap_fill
id_ss_00025,Apakah Anda ingin baru video phone750 kapan saja jaringan mins 150 teks untuk hanya lima pound per minggu hubungi 08000776320 sekarang atau jawab untuk pengiriman esok,id,spamshield_indonesian_v1,NEEDS_REVIEW,TRANSACTION,id_txn_hint,,,276afbcbbf93,ID gap fill from NEEDS_REVIEW. Fill label; keep NEEDS_REVIEW if unsure.,id_gap_fill
id_ss_00074,"Terima kasih atas pesanan Anda Ringtone, Reference T91. Anda akan dikenakan biaya GBP 4 per minggu. Anda dapat membatalkan langganan kapan saja dengan menghubungi layanan pelanggan di 09057039994",id,spamshield_indonesian_v1,NEEDS_REVIEW,TRANSACTION,id_txn_hint,,,e477d6c0913e,ID gap fill from NEEDS_REVIEW. Fill label; keep NEEDS_REVIEW if unsure.,id_gap_fill
id_ss_00125,Apakah Anda ingin 750 kapan saja setiap jaringan kurang dari 150 teks dan telepon video baru untuk hanya lima pound per minggu hubungi 08000776320 sekarang atau jawab untuk pengiriman Esok,id,spamshield_indonesian_v1,NEEDS_REVIEW,TRANSACTION,id_txn_hint,,,74edb9803a7b,ID gap fill from NEEDS_REVIEW. Fill label; keep NEEDS_REVIEW if unsure.,id_gap_fill
id_ss_00205,"Kami baru-baru ini mencoba untuk membuat pengiriman kepada Anda tetapi tidak dapat melakukannya, silakan hubungi 07090298926 untuk jadwal ulang. Ref:9307622",id,spamshield_indonesian_v1,NEEDS_REVIEW,TRANSACTION,id_txn_hint,,,a1a88ab74666,ID gap fill from NEEDS_REVIEW. Fill label; keep NEEDS_REVIEW if unsure.,id_gap_fill
id_ss_00206,"Terima kasih untuk pesanan ringtone Anda, nomor referensi X49.Mobil Anda akan diisi 4.50.Jika nada Anda tidak tiba, silakan hubungi layanan pelanggan 09065989182",id,spamshield_indonesian_v1,NEEDS_REVIEW,TRANSACTION,id_txn_hint,,,762af2817410,ID gap fill from NEEDS_REVIEW. Fill label; keep NEEDS_REVIEW if unsure.,id_gap_fill
id_ss_00337,"Terima kasih untuk pesanan ringtone Anda, nomor ref R836. ponsel Anda akan dikenakan biaya £4.50. Jika ton Anda tidak tiba, silakan hubungi layanan pelanggan di 09065069154",id,spamshield_indonesian_v1,NEEDS_REVIEW,TRANSACTION,id_txn_hint,,,762af2817410,ID gap fill from NEEDS_REVIEW. Fill label; keep NEEDS_REVIEW if unsure.,id_gap_fill
id_ss_00341,Kami mencoba untuk menghubungi Anda kembali penawaran kami dari New Video Phone 750 kapan saja mana-mana rangkaian mins HALF PRICE Rental camcorder call 08000930705 atau jawab untuk pengiriman Wed,id,spamshield_indonesian_v1,NEEDS_REVIEW,TRANSACTION,id_txn_hint,,,596ac35657e9,ID gap fill from NEEDS_REVIEW. Fill label; keep NEEDS_REVIEW if unsure.,id_gap_fill
id_ss_00412,Anda telah memesan Ringtone. pesanan Anda sedang diproses...,id,spamshield_indonesian_v1,NEEDS_REVIEW,TRANSACTION,id_txn_hint,,,063360bb8cf5,ID gap fill from NEEDS_REVIEW. Fill label; keep NEEDS_REVIEW if unsure.,id_gap_fill
id_ss_00456,Ingin handset video terbaru? 750 kapan saja apa-apa rangkaian mins? sewa garis harga setengah? jawab atau hubungi 08000930705 untuk pengiriman esok,id,spamshield_indonesian_v1,NEEDS_REVIEW,TRANSACTION,id_txn_hint,,,b4088c38b72f,ID gap fill from NEEDS_REVIEW. Fill label; keep NEEDS_REVIEW if unsure.,id_gap_fill
id_ss_00487,Simpan uang pada pakaian pernikahan di www.bridal.petticoatdreams.co.uk Pilih dari pilihan yang bagus dengan pengiriman nasional.,id,spamshield_indonesian_v1,NEEDS_REVIEW,TRANSACTION,id_txn_hint,,,291f1d24b10a,ID gap fill from NEEDS_REVIEW. Fill label; keep NEEDS_REVIEW if unsure.,id_gap_fill
id_ss_00570,Anda memiliki pengiriman Tahun Baru menanti Anda. silakan hubungi 07046744435 sekarang untuk mengatur pengiriman,id,spamshield_indonesian_v1,NEEDS_REVIEW,TRANSACTION,id_txn_hint,,,cb7ea846d785,ID gap fill from NEEDS_REVIEW. Fill label; keep NEEDS_REVIEW if unsure.,id_gap_fill
id_ss_00592,"Terima kasih untuk pesanan ringtone Anda, nomor referensi X29. ponsel Anda akan diisi 4.50. Jika nada Anda tidak tiba, silakan hubungi layanan pelanggan 09065989180",id,spamshield_indonesian_v1,NEEDS_REVIEW,TRANSACTION,id_txn_hint,,,762af2817410,ID gap fill from NEEDS_REVIEW. Fill label; keep NEEDS_REVIEW if unsure.,id_gap_fill
id_ss_00635,Ini msg adalah untuk pesanan konten mobile Anda Ia telah terkejut karena percobaan sebelumnya gagal karena kesalahan jaringan Pertanyaan ke customersqueries@netvision.uk.com,id,spamshield_indonesian_v1,NEEDS_REVIEW,TRANSACTION,id_txn_hint,,,6167ac0df7a5,ID gap fill from NEEDS_REVIEW. Fill label; keep NEEDS_REVIEW if unsure.,id_gap_fill
id_ss_00722,Kami mencoba untuk menghubungi Anda kembali jawaban Anda untuk penawaran kami dari Nokia baru dan camcorder hit jawaban atau hubungi 08000930705 untuk pengiriman,id,spamshield_indonesian_v1,NEEDS_REVIEW,TRANSACTION,id_txn_hint,,,432b99813268,ID gap fill from NEEDS_REVIEW. Fill label; keep NEEDS_REVIEW if unsure.,id_gap_fill
id_ss_00728,Apakah Anda ingin handset video baru? 750 kapan saja apa-apa rangkaian mins? Penyewaan Half Price Line? Camcorder? Jawab atau hubungi 08000930705 untuk pengiriman esok,id,spamshield_indonesian_v1,NEEDS_REVIEW,TRANSACTION,id_txn_hint,,,3ecec4681122,ID gap fill from NEEDS_REVIEW. Fill label; keep NEEDS_REVIEW if unsure.,id_gap_fill
id_ss_00859,INTERFLORA - Tidak terlambat untuk memesan bunga Interflora untuk Natal panggilan 0800 505060 untuk membuat pesanan Anda sebelum tengah malam esok.,id,spamshield_indonesian_v1,NEEDS_REVIEW,TRANSACTION,id_txn_hint,,,ebf3e327167e,ID gap fill from NEEDS_REVIEW. Fill label; keep NEEDS_REVIEW if unsure.,id_gap_fill
id_ss_00954,"Terima kasih untuk pesanan ringtone Anda, nomor ref K718. ponsel Anda akan dikenakan biaya £4.50. Jika ton Anda tidak tiba, silakan hubungi layanan pelanggan di 09065069120",id,spamshield_indonesian_v1,NEEDS_REVIEW,TRANSACTION,id_txn_hint,,,762af2817410,ID gap fill from NEEDS_REVIEW. Fill label; keep NEEDS_REVIEW if unsure.,id_gap_fill
id_ss_01003,Apakah Anda ingin 750 kapan saja apa-apa jaringan kurang dari 150 teks dan baru video telepon untuk hanya lima pound per minggu panggilan 08002888812 atau jawab untuk pengiriman esok,id,spamshield_indonesian_v1,NEEDS_REVIEW,TRANSACTION,id_txn_hint,,,18fa480c7ca8,ID gap fill from NEEDS_REVIEW. Fill label; keep NEEDS_REVIEW if unsure.,id_gap_fill
id_ss_01036,"Kami baru-baru ini mencoba untuk membuat pengiriman kepada Anda tetapi tidak dapat melakukannya, silakan hubungi 07099833605 untuk jadwal ulang.",id,spamshield_indonesian_v1,NEEDS_REVIEW,TRANSACTION,id_txn_hint,,,a1a88ab74666,ID gap fill from NEEDS_REVIEW. Fill label; keep NEEDS_REVIEW if unsure.,id_gap_fill
id_ss_01120,"Ola akan mendapatkan kembali kepada Anda mungkin tidak hari ini tetapi saya memberitahu dia Anda dapat menjadi link langsung di AS dalam mendapatkan mobil yang dia tawarkan untuk online, Anda mengatur pengiriman dan Anda mendapatkan potongan. Atau U????? Untuk perkongsian di mana U????? Investasikan uang untuk pengiriman dan dia menjaga selebihnya!",id,spamshield_indonesian_v1,NEEDS_REVIEW,TRANSACTION,id_txn_hint,,,7c5c07501bc9,ID gap fill from NEEDS_REVIEW. Fill label; keep NEEDS_REVIEW if unsure.,id_gap_fill
id_ss_01256,"Terima kasih untuk pesanan ringtone Anda, nomor referensi X49. ponsel Anda akan diisi 4.50. Jika nada Anda tidak tiba, silakan hubungi layanan pelanggan 09065989182.",id,spamshield_indonesian_v1,NEEDS_REVIEW,TRANSACTION,id_txn_hint,,,762af2817410,ID gap fill from NEEDS_REVIEW. Fill label; keep NEEDS_REVIEW if unsure.,id_gap_fill
id_yudi_00477,"Selamat anda telah terdaftar member M-PULSA dengan kode agen D303-111 Pin anda 1234 Saldo anda Rp,0.- untuk menambah saldo Ketik INFO Kirim ke +6287820008358",id,yudiwbs_id_sms_spam_v1,NEEDS_REVIEW,TRANSACTION,id_txn_hint,,,f00db1084edf,ID gap fill from NEEDS_REVIEW. Fill label; keep NEEDS_REVIEW if unsure.,id_gap_fill
id_yudi_00801,"Isi saldo nya bisa di grapari, indomaret, ato di tf dari bca",id,yudiwbs_id_sms_spam_v1,NEEDS_REVIEW,TRANSACTION,id_txn_hint,,,115534a69792,ID gap fill from NEEDS_REVIEW. Fill label; keep NEEDS_REVIEW if unsure.,id_gap_fill
id_yudi_00898,Maaf bu kalau pesanannya bebek atau ayam ya,id,yudiwbs_id_sms_spam_v1,NEEDS_REVIEW,TRANSACTION,id_txn_hint,,,a681ce21d0c6,ID gap fill from NEEDS_REVIEW. Fill label; keep NEEDS_REVIEW if unsure.,id_gap_fill
id_yudi_00977,Pagi bu saya dengan nama1 dari Bebek Komar ...sangat bisa bu untuk pesanan besok bu...menu yang di pesan apa ya bu...diantar ke mana ya...nuhun,id,yudiwbs_id_sms_spam_v1,NEEDS_REVIEW,TRANSACTION,id_txn_hint,,,950e69c29067,ID gap fill from NEEDS_REVIEW. Fill label; keep NEEDS_REVIEW if unsure.,id_gap_fill
id_yudi_01076,Teh maaf kalau teteh sibuk gpp nanti bayar besok aja pas pengiriman,id,yudiwbs_id_sms_spam_v1,NEEDS_REVIEW,TRANSACTION,id_txn_hint,,,f333bb088b86,ID gap fill from NEEDS_REVIEW. Fill label; keep NEEDS_REVIEW if unsure.,id_gap_fill
id_yudi_00280,dapatkan total hadiah ratusan juta rupiah di Kota 1000 Berkah. Caranya? Klik www.murahituim3.com/kota1000berkah Program s.d 9 Agustus 2013,id,yudiwbs_id_sms_spam_v1,NEEDS_REVIEW,FRAUD,id_fraud_hint,,,24b20001d87f,ID gap fill from NEEDS_REVIEW. Fill label; keep NEEDS_REVIEW if unsure.,id_gap_fill
id_yudi_00470,Sayang sekali kamu kalah cepat. Tapi jangan khawatir! Ayo coba lagi di sesi berikutnya! * Pastikan kamu membaca pesan dari LINE Indonesia untuk mendapatkan info mengenai waktu dan hadiah pada event sesi berikutnya,id,yudiwbs_id_sms_spam_v1,NEEDS_REVIEW,FRAUD,id_fraud_hint,,,9ed606ef7887,ID gap fill from NEEDS_REVIEW. Fill label; keep NEEDS_REVIEW if unsure.,id_gap_fill
id_yudi_00806,Iya aku inget jam dinding di rumah awet katanya hadiah pernikahan ?,id,yudiwbs_id_sms_spam_v1,NEEDS_REVIEW,FRAUD,id_fraud_hint,,,a36117cf1c98,ID gap fill from NEEDS_REVIEW. Fill label; keep NEEDS_REVIEW if unsure.,id_gap_fill
id_yudi_00873,Kang nama1 tuh baru menang 2 Milyar hahaha.. Kemakom berprestasi,id,yudiwbs_id_sms_spam_v1,NEEDS_REVIEW,FRAUD,id_fraud_hint,,,1e861c305f47,ID gap fill from NEEDS_REVIEW. Fill label; keep NEEDS_REVIEW if unsure.,id_gap_fill
id_yudi_01074,Taqoballahu Minna waminkum. #SelamatMenyambutKemenangan,id,yudiwbs_id_sms_spam_v1,NEEDS_REVIEW,FRAUD,id_fraud_hint,,,c7920e27659a,ID gap fill from NEEDS_REVIEW. Fill label; keep NEEDS_REVIEW if unsure.,id_gap_fill
id_ss_00909,Ok lor... Sony ericsson salesman... saya bertanya shuhui kemudian dia mengatakan cukup gd 2 digunakan jadi saya mempertimbangkan...,id,spamshield_indonesian_v1,NEEDS_REVIEW,AD,id_ad_hint,,,2a40f7fd1ee9,ID gap fill from NEEDS_REVIEW. Fill label; keep NEEDS_REVIEW if unsure.,id_gap_fill
id_yudi_00559,"Trima ksh telah mjd pelanggan kami ""CNF AQUA"" gnkan no 085729791456 untuk pemesanan air isi ulang dan AGUA ASLI n sed!a jga gas 3kg dan 12kg tlng sebarkan sms ini ke tmn2 kost n kampus jga ya jgn berhenti di km terima kas!h(nb:tlng save no pemesanan aqua b!la suatu saat membutuhkan mksh).GRATIS ANTAR",id,yudiwbs_id_sms_spam_v1,NEEDS_REVIEW,AD,id_ad_hint,,,e7fdc193f64f,ID gap fill from NEEDS_REVIEW. Fill label; keep NEEDS_REVIEW if unsure.,id_gap_fill
id_yudi_00570,Yth Isti Sofiyah. Diminta Segera Hubungi Bpk Drs.H .Lalu Safi¡¯ i M.Pd. Kadisdik NTB.08531166 6557 Perihal Seminar Gratis Dari DIKTI. (Bu Sri TU.Diknas),id,yudiwbs_id_sms_spam_v1,NEEDS_REVIEW,AD,id_ad_hint,,,2631a54ff535,ID gap fill from NEEDS_REVIEW. Fill label; keep NEEDS_REVIEW if unsure.,id_gap_fill
id_yudi_00781,Guys numpang promosi bisi ada yg butuh..  Dijual MacBook Air Layar 11inch Ram 4gb Ssd 128gb Garansi sisa 5 bulan Dijual karena jarang di pake..  Harga PM,id,yudiwbs_id_sms_spam_v1,NEEDS_REVIEW,AD,id_ad_hint,,,8e2138fd45b3,ID gap fill from NEEDS_REVIEW. Fill label; keep NEEDS_REVIEW if unsure.,id_gap_fill
id_yudi_00947,"numpang promo yah, siapa tau ada yang berminat ?? bisa liat di instagram nya",id,yudiwbs_id_sms_spam_v1,NEEDS_REVIEW,AD,id_ad_hint,,,c19d5ef86ece,ID gap fill from NEEDS_REVIEW. Fill label; keep NEEDS_REVIEW if unsure.,id_gap_fill
id_ss_00000,"Kami berharap untuk pergi pada 7, dari Langport. Anda masih naik untuk kota malam ini?",id,spamshield_indonesian_v1,NEEDS_REVIEW,NEEDS_REVIEW,id_nr_open,,,0801820ee72d,ID gap fill from NEEDS_REVIEW. Fill label; keep NEEDS_REVIEW if unsure.,id_gap_fill
id_ss_00001,"HELLOGORGEOUS, HOWS U? MY FONE WAS ON CHARGE LST NITW WEN U TEXD ME. HOPEU AD A NICE WKEND AS IM SURE U DID LOOKIN 4WARD 2 C-IN U 2MRW LUV JAZ",id,spamshield_indonesian_v1,NEEDS_REVIEW,NEEDS_REVIEW,id_nr_open,,,52602f9ed52e,ID gap fill from NEEDS_REVIEW. Fill label; keep NEEDS_REVIEW if unsure.,id_gap_fill
id_ss_00002,"Mungkin akan ada di sini untuk sementara waktu, lihat nanti malam ini &lt;)",id,spamshield_indonesian_v1,NEEDS_REVIEW,NEEDS_REVIEW,id_nr_open,,,058eb333c137,ID gap fill from NEEDS_REVIEW. Fill label; keep NEEDS_REVIEW if unsure.,id_gap_fill
id_ss_00003,"Tidak (dalam suara sterm) - saya belajar. semuanya baik-baik saja dengan saya! tidak pasti hal itu akan diselesaikan, tho. bagaimanapun.",id,spamshield_indonesian_v1,NEEDS_REVIEW,NEEDS_REVIEW,id_nr_open,,,3e83dd58b270,ID gap fill from NEEDS_REVIEW. Fill label; keep NEEDS_REVIEW if unsure.,id_gap_fill
id_ss_00004,CLAIRE di sini saya havin borin waktu & sekarang saya sendirian U wanna cum over 2nite? Chat sekarang 09099725823 harapan 2 C U Luv CLAIRE xx Calls£1/minmoremobsEMSPOBox45PO139WA,id,spamshield_indonesian_v1,NEEDS_REVIEW,NEEDS_REVIEW,id_nr_open,,,5dec77b7bb3f,ID gap fill from NEEDS_REVIEW. Fill label; keep NEEDS_REVIEW if unsure.,id_gap_fill
id_ss_00005,Apakah ponsel Anda 10 mths? Update ke terbaru Orange camera/video phone for FREE. Save £s with Free text/weekend calls. Text YES for a callback orno to opt out,id,spamshield_indonesian_v1,NEEDS_REVIEW,NEEDS_REVIEW,id_nr_open,,,759870887753,ID gap fill from NEEDS_REVIEW. Fill label; keep NEEDS_REVIEW if unsure.,id_gap_fill
id_ss_00007,Apa yang terjadi jika tidak pulang ke rumah 4 makan malam?,id,spamshield_indonesian_v1,NEEDS_REVIEW,NEEDS_REVIEW,id_nr_open,,,a4c1bb26d4d1,ID gap fill from NEEDS_REVIEW. Fill label; keep NEEDS_REVIEW if unsure.,id_gap_fill
id_ss_00009,"Hi, wkend ok tapi perjalanan mengerikan. wk tidak baik karena memiliki rekaman belakang besar dari penanda untuk melakukan",id,spamshield_indonesian_v1,NEEDS_REVIEW,NEEDS_REVIEW,id_nr_open,,,395214fa848d,ID gap fill from NEEDS_REVIEW. Fill label; keep NEEDS_REVIEW if unsure.,id_gap_fill
id_ss_00010,di mana @,id,spamshield_indonesian_v1,NEEDS_REVIEW,NEEDS_REVIEW,id_nr_open,,,07f5fbd3dcc5,ID gap fill from NEEDS_REVIEW. Fill label; keep NEEDS_REVIEW if unsure.,id_gap_fill
id_ss_00011,Urgent! silakan hubungi 09061213237 dari landline. £5000 tunai atau mewah 4* Canary Islands Holiday menunggu koleksi. T&Cs SAE PO Box 177. M227XY. 150ppm. 16+,id,spamshield_indonesian_v1,NEEDS_REVIEW,NEEDS_REVIEW,id_nr_open,,,9f231910ef78,ID gap fill from NEEDS_REVIEW. Fill label; keep NEEDS_REVIEW if unsure.,id_gap_fill
id_ss_00012,"Teks Terbatas, Minit Terbatas",id,spamshield_indonesian_v1,NEEDS_REVIEW,NEEDS_REVIEW,id_nr_open,,,e3979f2ee4a4,ID gap fill from NEEDS_REVIEW. Fill label; keep NEEDS_REVIEW if unsure.,id_gap_fill
id_ss_00013,Mama berkata kita wan untuk pergi kemudian pergi... Kemudian dia bisa shun bian menonton pameran kaca...,id,spamshield_indonesian_v1,NEEDS_REVIEW,NEEDS_REVIEW,id_nr_open,,,20914fcf62b8,ID gap fill from NEEDS_REVIEW. Fill label; keep NEEDS_REVIEW if unsure.,id_gap_fill
id_ss_00014,Apakah ada hari Jumat yang akan datang adalah liburan untuk pongal?Apakah Anda mendapatkan berita dari tempat kerja Anda.,id,spamshield_indonesian_v1,NEEDS_REVIEW,NEEDS_REVIEW,id_nr_open,,,5690c9f7bdb4,ID gap fill from NEEDS_REVIEW. Fill label; keep NEEDS_REVIEW if unsure.,id_gap_fill
id_ss_00015,"Ok, baik, tidak ada masalah, dan terima kasih!",id,spamshield_indonesian_v1,NEEDS_REVIEW,NEEDS_REVIEW,id_nr_open,,,546d74eaa3c0,ID gap fill from NEEDS_REVIEW. Fill label; keep NEEDS_REVIEW if unsure.,id_gap_fill
id_ss_00016,"Seseorang telah menghubungi layanan kencan kami dan memasukkan telepon Anda becausethey fancy Anda! Untuk mengetahui siapa yang dipanggil dari landline 09058098002. PoBox1, W14RG 150p",id,spamshield_indonesian_v1,NEEDS_REVIEW,NEEDS_REVIEW,id_nr_open,,,9ce92aae5467,ID gap fill from NEEDS_REVIEW. Fill label; keep NEEDS_REVIEW if unsure.,id_gap_fill
id_ss_00019,Saya akan sampai di 2 stasiun lainnya.,id,spamshield_indonesian_v1,NEEDS_REVIEW,NEEDS_REVIEW,id_nr_open,,,e42fa245250a,ID gap fill from NEEDS_REVIEW. Fill label; keep NEEDS_REVIEW if unsure.,id_gap_fill
id_ss_00020,"Saya pikir jika dia memerintah tamilnadu, maka hal itu sangat sulit bagi rakyat kita.",id,spamshield_indonesian_v1,NEEDS_REVIEW,NEEDS_REVIEW,id_nr_open,,,e1ecc3a2d603,ID gap fill from NEEDS_REVIEW. Fill label; keep NEEDS_REVIEW if unsure.,id_gap_fill
id_ss_00022,Jadi u wan 2 datang untuk makan malam kami malam ini a tidak?,id,spamshield_indonesian_v1,NEEDS_REVIEW,NEEDS_REVIEW,id_nr_open,,,437d640e863b,ID gap fill from NEEDS_REVIEW. Fill label; keep NEEDS_REVIEW if unsure.,id_gap_fill
id_ss_00023,Dapat membantu anda swop dengan mengambil anda dari mana pun ur burung lain r bertemu jika anda inginkan.,id,spamshield_indonesian_v1,NEEDS_REVIEW,NEEDS_REVIEW,id_nr_open,,,39ef36d87a78,ID gap fill from NEEDS_REVIEW. Fill label; keep NEEDS_REVIEW if unsure.,id_gap_fill
id_ss_00026,Seseorang harus pergi ke andros dan mencuri es,id,spamshield_indonesian_v1,NEEDS_REVIEW,NEEDS_REVIEW,id_nr_open,,,d8c5356d46ae,ID gap fill from NEEDS_REVIEW. Fill label; keep NEEDS_REVIEW if unsure.,id_gap_fill
id_ss_00027,Ringtone Club: Gr8 polys baru langsung ke ponsel Anda setiap minggu !,id,spamshield_indonesian_v1,NEEDS_REVIEW,NEEDS_REVIEW,id_nr_open,,,93858bade7ca,ID gap fill from NEEDS_REVIEW. Fill label; keep NEEDS_REVIEW if unsure.,id_gap_fill
id_ss_00028,Lebih mudah dengan dia di sini.,id,spamshield_indonesian_v1,NEEDS_REVIEW,NEEDS_REVIEW,id_nr_open,,,3989c4aabd2c,ID gap fill from NEEDS_REVIEW. Fill label; keep NEEDS_REVIEW if unsure.,id_gap_fill
id_ss_00029,"Anda telah dipilih untuk menginap di 1 dari 250 hotel Inggris teratas - FOR NOTHING! Holiday Worth £350! To Claim, Call London 02072069400. Bx 526, SW73SS",id,spamshield_indonesian_v1,NEEDS_REVIEW,NEEDS_REVIEW,id_nr_open,,,72f5d29c6392,ID gap fill from NEEDS_REVIEW. Fill label; keep NEEDS_REVIEW if unsure.,id_gap_fill
id_ss_00030,Hanya pulang ke rumah,id,spamshield_indonesian_v1,NEEDS_REVIEW,NEEDS_REVIEW,id_nr_open,,,61218697dfa7,ID gap fill from NEEDS_REVIEW. Fill label; keep NEEDS_REVIEW if unsure.,id_gap_fill
id_ss_00031,"Oh sayang, Anda masih sakit? saya merasa Shit pagi ini tapi saya pikir saya hanya tenggelam! malam berikutnya.",id,spamshield_indonesian_v1,NEEDS_REVIEW,NEEDS_REVIEW,id_nr_open,,,5d34de551139,ID gap fill from NEEDS_REVIEW. Fill label; keep NEEDS_REVIEW if unsure.,id_gap_fill
id_ss_00033,"Jika saya mati, saya ingin Anda memiliki semua barang-barang saya.",id,spamshield_indonesian_v1,NEEDS_REVIEW,NEEDS_REVIEW,id_nr_open,,,bf2988bb2bda,ID gap fill from NEEDS_REVIEW. Fill label; keep NEEDS_REVIEW if unsure.,id_gap_fill
id_ss_00034,Dapatkah Anda mengirimkan nama perusahaan itu kepada saya di saibaba colany,id,spamshield_indonesian_v1,NEEDS_REVIEW,NEEDS_REVIEW,id_nr_open,,,8d809728619b,ID gap fill from NEEDS_REVIEW. Fill label; keep NEEDS_REVIEW if unsure.,id_gap_fill
id_ss_00035,"SMS. ac sun0819 posting HELLO:""Anda kelihatan keren, ingin mengatakan selamat datang!!!"" Hentikan?",id,spamshield_indonesian_v1,NEEDS_REVIEW,NEEDS_REVIEW,id_nr_open,,,92bd4530540d,ID gap fill from NEEDS_REVIEW. Fill label; keep NEEDS_REVIEW if unsure.,id_gap_fill
id_ss_00039,Untuk mengumpulkan pesan Anda hanya hubungi 08718723815.,id,spamshield_indonesian_v1,NEEDS_REVIEW,NEEDS_REVIEW,id_nr_open,,,a053bb869e2b,ID gap fill from NEEDS_REVIEW. Fill label; keep NEEDS_REVIEW if unsure.,id_gap_fill
id_ss_00040,"Oh, saya akan dibayar. yang paling luar biasa adalah untuk komersial yang saya lakukan untuk Hasbro...pada bulan Agustus!Mereka membuat kami melompat melalui begitu banyak harapan untuk dibayar.",id,spamshield_indonesian_v1,NEEDS_REVIEW,NEEDS_REVIEW,id_nr_open,,,0c465d66f09c,ID gap fill from NEEDS_REVIEW. Fill label; keep NEEDS_REVIEW if unsure.,id_gap_fill
id_ss_00041,"Bolehkah Anda bertanya kepada macho apa rentang harga, apakah dia ingin sesuatu yang baru atau digunakan ditambah dia hanya terganggu dalam blackberry bold &lt;#&gt; atau bb apa pun",id,spamshield_indonesian_v1,NEEDS_REVIEW,NEEDS_REVIEW,id_nr_open,,,e2ead4a54f20,ID gap fill from NEEDS_REVIEW. Fill label; keep NEEDS_REVIEW if unsure.,id_gap_fill
id_ss_00043,Saya mendapatkannya ke bawah untuk teh. tidak pasti apa rasa,id,spamshield_indonesian_v1,NEEDS_REVIEW,NEEDS_REVIEW,id_nr_open,,,fc54b3b68da1,ID gap fill from NEEDS_REVIEW. Fill label; keep NEEDS_REVIEW if unsure.,id_gap_fill
id_ss_00044,Saya pikir begitu. terima kasih.,id,spamshield_indonesian_v1,NEEDS_REVIEW,NEEDS_REVIEW,id_nr_open,,,40f5441cdfcc,ID gap fill from NEEDS_REVIEW. Fill label; keep NEEDS_REVIEW if unsure.,id_gap_fill
id_ss_00045,Apakah Anda ingin handset Video baru? 750 kapan saja mana-mana rangkaian mins? UNLIMITED TEXT? Camcorder? Jawab atau Hubungi sekarang 08000930705 untuk del Sat AM,id,spamshield_indonesian_v1,NEEDS_REVIEW,NEEDS_REVIEW,id_nr_open,,,f90a172ca71e,ID gap fill from NEEDS_REVIEW. Fill label; keep NEEDS_REVIEW if unsure.,id_gap_fill
id_ss_00046,"“Sesungguhnya kamu benar-benar menyakitkan, dan sesungguhnya kamu benar-benar menyakitkan.”",id,spamshield_indonesian_v1,NEEDS_REVIEW,NEEDS_REVIEW,id_nr_open,,,2660d48386e3,ID gap fill from NEEDS_REVIEW. Fill label; keep NEEDS_REVIEW if unsure.,id_gap_fill
id_ss_00047,"Complimentary 4 STAR Ibiza Holiday atau £ 10,000 uang tunai membutuhkan pengumpulan URGENT Anda. 09066364349 NOW dari Landline untuk tidak kalah! Box434SK38WP150PPM18+",id,spamshield_indonesian_v1,NEEDS_REVIEW,NEEDS_REVIEW,id_nr_open,,,20ed4b9ad0b7,ID gap fill from NEEDS_REVIEW. Fill label; keep NEEDS_REVIEW if unsure.,id_gap_fill
id_ss_00049,Bloomberg -Message center +447797706009 Mengapa menunggu? memohon untuk masa depan Anda http://careers. bloomberg.com,id,spamshield_indonesian_v1,NEEDS_REVIEW,NEEDS_REVIEW,id_nr_open,,,1c221b16804d,ID gap fill from NEEDS_REVIEW. Fill label; keep NEEDS_REVIEW if unsure.,id_gap_fill
id_ss_00050,BABE !!! saya miiiiiiisssssssss anda ! saya membutuhkan anda !!! saya cemburu anda !!! :-( ... Geeee ... saya sangat sedih tanpa anda babe ... saya mencintai anda ...,id,spamshield_indonesian_v1,NEEDS_REVIEW,NEEDS_REVIEW,id_nr_open,,,45d337e1b388,ID gap fill from NEEDS_REVIEW. Fill label; keep NEEDS_REVIEW if unsure.,id_gap_fill
id_ss_00052,Teks usia Anda diikuti oleh GENDER Anda sebagai mitra M atau F E.G.23F. Untuk pria gay teks usia Anda diikuti oleh G. e.g.23G.,id,spamshield_indonesian_v1,NEEDS_REVIEW,NEEDS_REVIEW,id_nr_open,,,b12531e060b0,ID gap fill from NEEDS_REVIEW. Fill label; keep NEEDS_REVIEW if unsure.,id_gap_fill
id_ss_00053,Di jalan ke sekolah. boleh pls mengirimkan saya nomor ashley,id,spamshield_indonesian_v1,NEEDS_REVIEW,NEEDS_REVIEW,id_nr_open,,,fbbed6213e4b,ID gap fill from NEEDS_REVIEW. Fill label; keep NEEDS_REVIEW if unsure.,id_gap_fill
id_ss_00054,Berapa kali Anda menghadiri kelas pengemudi jam berapa kali sehari?,id,spamshield_indonesian_v1,NEEDS_REVIEW,NEEDS_REVIEW,id_nr_open,,,fa5569e5eb5a,ID gap fill from NEEDS_REVIEW. Fill label; keep NEEDS_REVIEW if unsure.,id_gap_fill
id_ss_00055,Saya berpikir itu semua melalui,id,spamshield_indonesian_v1,NEEDS_REVIEW,NEEDS_REVIEW,id_nr_open,,,6a376c6e32e5,ID gap fill from NEEDS_REVIEW. Fill label; keep NEEDS_REVIEW if unsure.,id_gap_fill
id_ss_00057,"Aku tidak bangun sampai pukul 4 petang, sup",id,spamshield_indonesian_v1,NEEDS_REVIEW,NEEDS_REVIEW,id_nr_open,,,46a6dd4c0fd3,ID gap fill from NEEDS_REVIEW. Fill label; keep NEEDS_REVIEW if unsure.,id_gap_fill
id_ss_00058,Ada 2 &lt;#&gt; . apakah itu milikmu,id,spamshield_indonesian_v1,NEEDS_REVIEW,NEEDS_REVIEW,id_nr_open,,,0725942740d5,ID gap fill from NEEDS_REVIEW. Fill label; keep NEEDS_REVIEW if unsure.,id_gap_fill
id_ss_00061,Selamat bermalam! ttyl,id,spamshield_indonesian_v1,NEEDS_REVIEW,NEEDS_REVIEW,id_nr_open,,,58d1b2ec58bb,ID gap fill from NEEDS_REVIEW. Fill label; keep NEEDS_REVIEW if unsure.,id_gap_fill
id_ss_00062,WIN satu tahun penawaran CD 4 sebuah toko ur pilihan bernilai £ 500 & masukkan kami £ 100 Tiket mingguan TXT MUSIC ke 87066 Ts&Cs www.Ldew.com.subs16+1win150ppmx3,id,spamshield_indonesian_v1,NEEDS_REVIEW,NEEDS_REVIEW,id_nr_open,,,efe9716eeb83,ID gap fill from NEEDS_REVIEW. Fill label; keep NEEDS_REVIEW if unsure.,id_gap_fill
id_ss_00063,Anda memiliki pengagum rahasia yang sedang menonton 2 menghubungi U-menemukan siapa mereka R*reveal yang berpikir UR begitu istimewa panggilan di 09058094599,id,spamshield_indonesian_v1,NEEDS_REVIEW,NEEDS_REVIEW,id_nr_open,,,fe9f0b2edde3,ID gap fill from NEEDS_REVIEW. Fill label; keep NEEDS_REVIEW if unsure.,id_gap_fill
id_ss_00064,1 Saya tidak memiliki nomor dan 2 akan menjadi sakit besar di pantat dan saya lebih suka tidak terlibat jika itu mungkin,id,spamshield_indonesian_v1,NEEDS_REVIEW,NEEDS_REVIEW,id_nr_open,,,d63f293fa2ec,ID gap fill from NEEDS_REVIEW. Fill label; keep NEEDS_REVIEW if unsure.,id_gap_fill
id_ss_00066,Haha... Yup harap kita akan kehilangan beberapa kilogram oleh mon. setelah hip hop bisa pergi orchard dan berat lagi,id,spamshield_indonesian_v1,NEEDS_REVIEW,NEEDS_REVIEW,id_nr_open,,,fafdad2ad57e,ID gap fill from NEEDS_REVIEW. Fill label; keep NEEDS_REVIEW if unsure.,id_gap_fill
id_ss_00067,"Dia memiliki banyak yang biasa babe, tetapi model tidak membantu. Youi harus membawanya dan dia akan memenuhi",id,spamshield_indonesian_v1,NEEDS_REVIEW,NEEDS_REVIEW,id_nr_open,,,062b15993a80,ID gap fill from NEEDS_REVIEW. Fill label; keep NEEDS_REVIEW if unsure.,id_gap_fill
id_ss_00068,Pernah terperangkap di dalam kereta ayah saya. pergi 4 makan malam sekarang. U leh? jadi r mereka bebas malam ini?,id,spamshield_indonesian_v1,NEEDS_REVIEW,NEEDS_REVIEW,id_nr_open,,,59daaef4fe39,ID gap fill from NEEDS_REVIEW. Fill label; keep NEEDS_REVIEW if unsure.,id_gap_fill
id_ss_00069,Carlos akan berada di sini dalam satu menit jika Anda masih perlu membeli,id,spamshield_indonesian_v1,NEEDS_REVIEW,NEEDS_REVIEW,id_nr_open,,,d6b7d5136381,ID gap fill from NEEDS_REVIEW. Fill label; keep NEEDS_REVIEW if unsure.,id_gap_fill
id_ss_00070,"Kami tahu seseorang yang Anda ketahui itu mengagumkan Anda. hubungi 09058097218 untuk mengetahui siapa. POBox 6, LS15HB 150p",id,spamshield_indonesian_v1,NEEDS_REVIEW,NEEDS_REVIEW,id_nr_open,,,f281879f449d,ID gap fill from NEEDS_REVIEW. Fill label; keep NEEDS_REVIEW if unsure.,id_gap_fill
id_ss_00071,Bolehkah Anda mendapatkan 2 telepon NOW? saya ingin berbual 2 set up bertemu Call me NOW pada 09096102316 U bisa cum di sini 2moro Luv JANE xx Calls£1/minmoremobsEMSPOBox45PO139WA,id,spamshield_indonesian_v1,NEEDS_REVIEW,NEEDS_REVIEW,id_nr_open,,,6de31eaba315,ID gap fill from NEEDS_REVIEW. Fill label; keep NEEDS_REVIEW if unsure.,id_gap_fill
id_ss_00075,Kata sandi bulanan untuk wap. mobsi.com adalah 391784. gunakan ponsel wap Anda bukan PC.,id,spamshield_indonesian_v1,NEEDS_REVIEW,NEEDS_REVIEW,id_nr_open,,,e1f5431d1ee0,ID gap fill from NEEDS_REVIEW. Fill label; keep NEEDS_REVIEW if unsure.,id_gap_fill
id_ss_00077,Teks pas ke 69669 untuk mengumpulkan cincin polifonik Anda. biaya gpr normal hanya berlaku. nikmati cincin Anda,id,spamshield_indonesian_v1,NEEDS_REVIEW,NEEDS_REVIEW,id_nr_open,,,7d961ff7b044,ID gap fill from NEEDS_REVIEW. Fill label; keep NEEDS_REVIEW if unsure.,id_gap_fill
id_ss_00079,"Sekarang kau terdengar seperti manky scouse boy steve,like! aku sedang bepergian di da bus home.wot punya u inmind 4 rekreasi dis eve?",id,spamshield_indonesian_v1,NEEDS_REVIEW,NEEDS_REVIEW,id_nr_open,,,f6880e0ec1b2,ID gap fill from NEEDS_REVIEW. Fill label; keep NEEDS_REVIEW if unsure.,id_gap_fill
id_ss_00080,Di sini di WALES kinda ok. Ada seperti bukit dan kotoran tapi saya masih avent membunuh diri saya sendiri.,id,spamshield_indonesian_v1,NEEDS_REVIEW,NEEDS_REVIEW,id_nr_open,,,5cb6e4105aca,ID gap fill from NEEDS_REVIEW. Fill label; keep NEEDS_REVIEW if unsure.,id_gap_fill
id_ss_00081,Ini sedikit sulit tetapi cara mudah untuk memasuki tempat ini,id,spamshield_indonesian_v1,NEEDS_REVIEW,NEEDS_REVIEW,id_nr_open,,,6db38d6a7f20,ID gap fill from NEEDS_REVIEW. Fill label; keep NEEDS_REVIEW if unsure.,id_gap_fill
id_ss_00082,"Saya ingin beberapa kue! hubby saya pergi, saya perlu seorang pria sejati 2 memuaskan saya. Txt WIFE ke 89938 untuk tidak ada tindakan string. (Txt STOP 2 akhir, txt rec £1.50ea. OTBox 731 LA1 7WS. )",id,spamshield_indonesian_v1,NEEDS_REVIEW,NEEDS_REVIEW,id_nr_open,,,fe27146f2338,ID gap fill from NEEDS_REVIEW. Fill label; keep NEEDS_REVIEW if unsure.,id_gap_fill
id_ss_00085,Anda tidak akan percaya tetapi itu benar.Ini adalah Txts yang luar biasa!Jawab G sekarang untuk belajar hal-hal yang benar-benar luar biasa yang akan mengguncang pikiran Anda.Dari O2FWD hanya 18p/txt,id,spamshield_indonesian_v1,NEEDS_REVIEW,NEEDS_REVIEW,id_nr_open,,,ed809a6ea1f3,ID gap fill from NEEDS_REVIEW. Fill label; keep NEEDS_REVIEW if unsure.,id_gap_fill
id_ss_00087,Berapa banyak yang Anda dapatkan untuk membersihkan,id,spamshield_indonesian_v1,NEEDS_REVIEW,NEEDS_REVIEW,id_nr_open,,,6dc6e78bc645,ID gap fill from NEEDS_REVIEW. Fill label; keep NEEDS_REVIEW if unsure.,id_gap_fill
id_ss_00088,"Kalian sudah menghabiskan waktu, tapi kalian sudah membazirkan.",id,spamshield_indonesian_v1,NEEDS_REVIEW,NEEDS_REVIEW,id_nr_open,,,0c84dca2b776,ID gap fill from NEEDS_REVIEW. Fill label; keep NEEDS_REVIEW if unsure.,id_gap_fill
id_ss_00089,Hmmm:) Berapa banyak pemain yang dipilih?,id,spamshield_indonesian_v1,NEEDS_REVIEW,NEEDS_REVIEW,id_nr_open,,,f5569e3b042a,ID gap fill from NEEDS_REVIEW. Fill label; keep NEEDS_REVIEW if unsure.,id_gap_fill
id_ss_00090,"Bloody hell, cant believe you forgot my surname Mr. Ill memberi Anda petunjuk, bahasa Spanyol dan dimulai dengan ...",id,spamshield_indonesian_v1,NEEDS_REVIEW,NEEDS_REVIEW,id_nr_open,,,c1b2fa30dba3,ID gap fill from NEEDS_REVIEW. Fill label; keep NEEDS_REVIEW if unsure.,id_gap_fill
id_ss_00091,hiya beruang itu pergi di Afrika yang cerah? harap u r avin waktu yang baik. beri yang besar tua perak kembali ciuman besar dari saya.,id,spamshield_indonesian_v1,NEEDS_REVIEW,NEEDS_REVIEW,id_nr_open,,,664ff25aaf04,ID gap fill from NEEDS_REVIEW. Fill label; keep NEEDS_REVIEW if unsure.,id_gap_fill
id_ss_00092,"Aku, kau di sekitar? baru saja mendapatkan mobilku kembali",id,spamshield_indonesian_v1,NEEDS_REVIEW,NEEDS_REVIEW,id_nr_open,,,5c742f645fd9,ID gap fill from NEEDS_REVIEW. Fill label; keep NEEDS_REVIEW if unsure.,id_gap_fill
id_ss_00093,Terima kasih!SelengkapnyaSelengkapnyaSelengkapnyaSelengkapnyaSelengkapnyaSelengkapnyaSelengkapnyaSelengkapnyaSelengkapnyaSelengkapnyaSelengkapnyaSelengkapnyaSelengkapnyaSelengkapnya,id,spamshield_indonesian_v1,NEEDS_REVIEW,NEEDS_REVIEW,id_nr_open,,,111996c032a7,ID gap fill from NEEDS_REVIEW. Fill label; keep NEEDS_REVIEW if unsure.,id_gap_fill
id_ss_00094,"Apakah kontrak Anda mobile 11 Mnths? terbaru Motorola, Nokia dan lain-lain semua FREE! Double Mins & Text pada tarif Orange. TEXT YES untuk callback, tidak untuk dihapus dari rekaman.",id,spamshield_indonesian_v1,NEEDS_REVIEW,NEEDS_REVIEW,id_nr_open,,,0b9093cb3e9c,ID gap fill from NEEDS_REVIEW. Fill label; keep NEEDS_REVIEW if unsure.,id_gap_fill
id_ss_00095,Txt: CALL to No: 86888 & menuntut ganjaran Anda dari 3 jam waktu bicara untuk digunakan dari telepon Anda sekarang! Subscribe6GBP/mnth inc 3hrs 16 stop?txtStop www.gamb.tv,id,spamshield_indonesian_v1,NEEDS_REVIEW,NEEDS_REVIEW,id_nr_open,,,c41a3d0bde1a,ID gap fill from NEEDS_REVIEW. Fill label; keep NEEDS_REVIEW if unsure.,id_gap_fill
id_ss_00096,"Anda dihubungi oleh Layanan Kencan kami oleh seseorang yang Anda kenal! Untuk mengetahui siapa itu, hubungi dari ponsel Anda atau landline 09064017305 PoBox75LDNS7",id,spamshield_indonesian_v1,NEEDS_REVIEW,NEEDS_REVIEW,id_nr_open,,,5e85a79b3b27,ID gap fill from NEEDS_REVIEW. Fill label; keep NEEDS_REVIEW if unsure.,id_gap_fill
id_ss_00097,"Sayang saja, hanya aku yang pulang ke rumah.",id,spamshield_indonesian_v1,NEEDS_REVIEW,NEEDS_REVIEW,id_nr_open,,,79b95bbf8736,ID gap fill from NEEDS_REVIEW. Fill label; keep NEEDS_REVIEW if unsure.,id_gap_fill
id_ss_00098,Kapan/di manakah aku memanggilmu,id,spamshield_indonesian_v1,NEEDS_REVIEW,NEEDS_REVIEW,id_nr_open,,,f4149e6fc768,ID gap fill from NEEDS_REVIEW. Fill label; keep NEEDS_REVIEW if unsure.,id_gap_fill
id_ss_00099,Silakan hubungi 08712402902 segera karena ada pesan mendesak yang menanti Anda.,id,spamshield_indonesian_v1,NEEDS_REVIEW,NEEDS_REVIEW,id_nr_open,,,3eea452dfdc1,ID gap fill from NEEDS_REVIEW. Fill label; keep NEEDS_REVIEW if unsure.,id_gap_fill
id_ss_00100,Saya kembali. sedikit panjang kos kecelakaan pada a30. Saya harus beristirahat melalui wadebridge.Saya memiliki akhir pekan yang cerah terima kasih.,id,spamshield_indonesian_v1,NEEDS_REVIEW,NEEDS_REVIEW,id_nr_open,,,c013a87c6453,ID gap fill from NEEDS_REVIEW. Fill label; keep NEEDS_REVIEW if unsure.,id_gap_fill
id_ss_00101,"Text82228>> Dapatkan lebih banyak ringtones, logo dan permainan dari www.txt82228.com. Pertanyaan: info@txt82228.co.uk",id,spamshield_indonesian_v1,NEEDS_REVIEW,NEEDS_REVIEW,id_nr_open,,,f13b19678185,ID gap fill from NEEDS_REVIEW. Fill label; keep NEEDS_REVIEW if unsure.,id_gap_fill
id_ss_00104,Saya ingin mengirim sesuatu yang bisa dijual dengan cepat. &lt;#&gt; k bukan uang yang mudah.,id,spamshield_indonesian_v1,NEEDS_REVIEW,NEEDS_REVIEW,id_nr_open,,,bc7460b24297,ID gap fill from NEEDS_REVIEW. Fill label; keep NEEDS_REVIEW if unsure.,id_gap_fill
id_ss_00105,Dia tidak berdebar-debar tapi saya sedih lor... Hee... Beli tmr lor aft makan siang. Tapi kita masih bertemu 4 makan siang tmr a no. Neva mendengar fr mereka lei. Ü mendapat banyak kerja ar?,id,spamshield_indonesian_v1,NEEDS_REVIEW,NEEDS_REVIEW,id_nr_open,,,448dad8ce6f0,ID gap fill from NEEDS_REVIEW. Fill label; keep NEEDS_REVIEW if unsure.,id_gap_fill
id_ss_00106,"Lakukan 1 hal! ubah kalimat itu menjadi: ""Karena saya ingin 2 berkonsentrasi dalam karir pendidikan saya saya meninggalkan sini..""",id,spamshield_indonesian_v1,NEEDS_REVIEW,NEEDS_REVIEW,id_nr_open,,,1534288f97be,ID gap fill from NEEDS_REVIEW. Fill label; keep NEEDS_REVIEW if unsure.,id_gap_fill
id_ss_00107,Ada banyak ketergantungan,id,spamshield_indonesian_v1,NEEDS_REVIEW,NEEDS_REVIEW,id_nr_open,,,d76090858475,ID gap fill from NEEDS_REVIEW. Fill label; keep NEEDS_REVIEW if unsure.,id_gap_fill
id_ss_00108,Apa yang penting adalah bahwa Anda mencegah dehidrasi dengan memberinya cukup cairan,id,spamshield_indonesian_v1,NEEDS_REVIEW,NEEDS_REVIEW,id_nr_open,,,a0afc51cce90,ID gap fill from NEEDS_REVIEW. Fill label; keep NEEDS_REVIEW if unsure.,id_gap_fill
id_ss_00109,"Orang-orang gay kelaparan merasa lapar dan naik 4 itu, sekarang. hubungi 08718730555 hanya 10p/min. untuk menghentikan teks hubungi 08712460324 (10p/min)",id,spamshield_indonesian_v1,NEEDS_REVIEW,NEEDS_REVIEW,id_nr_open,,,f4ca81d1e70a,ID gap fill from NEEDS_REVIEW. Fill label; keep NEEDS_REVIEW if unsure.,id_gap_fill
id_ss_00110,I love you 2 babe!R u pasti semuanya terganggu.Adakah dia bodoh?Txt bak girlie,id,spamshield_indonesian_v1,NEEDS_REVIEW,NEEDS_REVIEW,id_nr_open,,,dec96f25b976,ID gap fill from NEEDS_REVIEW. Fill label; keep NEEDS_REVIEW if unsure.,id_gap_fill
id_ss_00112,Free entry in 2 a wkly comp to win FA Cup final tkts 21st May 2005. Text FA to 87121 to receive entry question(std txt rate)T&C's apply 08452810075over18's,id,spamshield_indonesian_v1,NEEDS_REVIEW,NEEDS_REVIEW,id_nr_open,,,9894ca17019a,ID gap fill from NEEDS_REVIEW. Fill label; keep NEEDS_REVIEW if unsure.,id_gap_fill
id_ss_00113,K benar-benar bisa kalian bertemu saya di sunoco di howard?,id,spamshield_indonesian_v1,NEEDS_REVIEW,NEEDS_REVIEW,id_nr_open,,,575eb3680d45,ID gap fill from NEEDS_REVIEW. Fill label; keep NEEDS_REVIEW if unsure.,id_gap_fill
id_ss_00114,U dun berkata begitu awal hor... U c sudah kemudian berkata...,id,spamshield_indonesian_v1,NEEDS_REVIEW,NEEDS_REVIEW,id_nr_open,,,525ab61c0fdb,ID gap fill from NEEDS_REVIEW. Fill label; keep NEEDS_REVIEW if unsure.,id_gap_fill
id_ss_00115,Ini adalah pertama kalinya saya membuat halaman web WWW.ASJESUS.COM membaca semua yang saya tulis. saya menunggu pendapat Anda. saya ingin menjadi teman Anda 1/1,id,spamshield_indonesian_v1,NEEDS_REVIEW,NEEDS_REVIEW,id_nr_open,,,29c12b11fa6c,ID gap fill from NEEDS_REVIEW. Fill label; keep NEEDS_REVIEW if unsure.,id_gap_fill
id_ss_00116,Hal ini sangat mengejutkan penuh flim.,id,spamshield_indonesian_v1,NEEDS_REVIEW,NEEDS_REVIEW,id_nr_open,,,65d228df0880,ID gap fill from NEEDS_REVIEW. Fill label; keep NEEDS_REVIEW if unsure.,id_gap_fill
id_ss_00117,"Saya tidak pernah melihat facebook saya, ya?",id,spamshield_indonesian_v1,NEEDS_REVIEW,NEEDS_REVIEW,id_nr_open,,,ba6d5fde0982,ID gap fill from NEEDS_REVIEW. Fill label; keep NEEDS_REVIEW if unsure.,id_gap_fill
id_ss_00119,"House-Maid adalah pembunuh, coz laki-laki yang dibunuh pada &lt;#&gt;th Januari.. Sebagai liburan umum semua govt.institusi ditutup,termasuk kantor pos.. faham?",id,spamshield_indonesian_v1,NEEDS_REVIEW,NEEDS_REVIEW,id_nr_open,,,2ab064859491,ID gap fill from NEEDS_REVIEW. Fill label; keep NEEDS_REVIEW if unsure.,id_gap_fill
id_ss_00121,"HOT LIVE FANTASIES hubungi sekarang 08707500020 Hanya 20p per menit NTT Ltd, PO Box 1327 Croydon CR9 5WB 0870 adalah panggilan tarif nasional",id,spamshield_indonesian_v1,NEEDS_REVIEW,NEEDS_REVIEW,id_nr_open,,,b3f34a1c259e,ID gap fill from NEEDS_REVIEW. Fill label; keep NEEDS_REVIEW if unsure.,id_gap_fill
id_ss_00122,515 seperti dat. dan?,id,spamshield_indonesian_v1,NEEDS_REVIEW,NEEDS_REVIEW,id_nr_open,,,3bfda87304a2,ID gap fill from NEEDS_REVIEW. Fill label; keep NEEDS_REVIEW if unsure.,id_gap_fill
id_ss_00124,Saya ingin pergi ke Perumbavoor,id,spamshield_indonesian_v1,NEEDS_REVIEW,NEEDS_REVIEW,id_nr_open,,,56c33152e1a6,ID gap fill from NEEDS_REVIEW. Fill label; keep NEEDS_REVIEW if unsure.,id_gap_fill
id_ss_00126,Pemain yang tidak terjual.Mike Hussey,id,spamshield_indonesian_v1,NEEDS_REVIEW,NEEDS_REVIEW,id_nr_open,,,21bd8a125c2b,ID gap fill from NEEDS_REVIEW. Fill label; keep NEEDS_REVIEW if unsure.,id_gap_fill
id_ss_00127,Ingin 2 mendapatkan ditempatkan malam ini? Ingin lokasi Dogging nyata dikirim langsung 2 jam Mob? Bergabunglah dengan jaringan Dogging terbesar di Inggris dengan mengetikkan MOAN ke 69888Nyt. ec2a. 31p.msg@150p,id,spamshield_indonesian_v1,NEEDS_REVIEW,NEEDS_REVIEW,id_nr_open,,,07c39ee757c5,ID gap fill from NEEDS_REVIEW. Fill label; keep NEEDS_REVIEW if unsure.,id_gap_fill
id_ss_00128,"3 FREE TAROT TEXTS! Ketahui tentang kehidupan cinta Anda sekarang! TRY 3 FOR FREE! TEXT CHANCE to 85555 16 only! Setelah 3 FREE, Msgs £1.50 masing-masing",id,spamshield_indonesian_v1,NEEDS_REVIEW,NEEDS_REVIEW,id_nr_open,,,ade1d0196c24,ID gap fill from NEEDS_REVIEW. Fill label; keep NEEDS_REVIEW if unsure.,id_gap_fill
id_ss_00129,Semoga Anda memiliki minggu yang baik. hanya memeriksa,id,spamshield_indonesian_v1,NEEDS_REVIEW,NEEDS_REVIEW,id_nr_open,,,208af3f65a0c,ID gap fill from NEEDS_REVIEW. Fill label; keep NEEDS_REVIEW if unsure.,id_gap_fill
id_ss_00130,Mengapa kau menjauhkanku seperti ini,id,spamshield_indonesian_v1,NEEDS_REVIEW,NEEDS_REVIEW,id_nr_open,,,28016650c547,ID gap fill from NEEDS_REVIEW. Fill label; keep NEEDS_REVIEW if unsure.,id_gap_fill
id_ss_00131,"Selamat pagi, ada yang sakit kepala. :)",id,spamshield_indonesian_v1,NEEDS_REVIEW,NEEDS_REVIEW,id_nr_open,,,f545edf8372f,ID gap fill from NEEDS_REVIEW. Fill label; keep NEEDS_REVIEW if unsure.,id_gap_fill
id_ss_00132,Tapi pls tidak bermain dalam kehidupan orang lain.,id,spamshield_indonesian_v1,NEEDS_REVIEW,NEEDS_REVIEW,id_nr_open,,,c225c7bd3b24,ID gap fill from NEEDS_REVIEW. Fill label; keep NEEDS_REVIEW if unsure.,id_gap_fill
id_ss_00133,Saya akan mengurus masalah keuangan.I akan membantu :),id,spamshield_indonesian_v1,NEEDS_REVIEW,NEEDS_REVIEW,id_nr_open,,,c338fde38b95,ID gap fill from NEEDS_REVIEW. Fill label; keep NEEDS_REVIEW if unsure.,id_gap_fill
id_ss_00134,Saya akan melekat setiap tetes :) Apakah Anda siap untuk menggunakan mulut Anda juga?,id,spamshield_indonesian_v1,NEEDS_REVIEW,NEEDS_REVIEW,id_nr_open,,,27c6338534a1,ID gap fill from NEEDS_REVIEW. Fill label; keep NEEDS_REVIEW if unsure.,id_gap_fill
id_ss_00135,"Hot Gay chat sekarang lebih murah, hubungi 08709222922. tingkat nasional dari 1.5p/min murah ke 7.8p/min puncak! untuk menghentikan teks hubungi 08712460324 (10p/min)",id,spamshield_indonesian_v1,NEEDS_REVIEW,NEEDS_REVIEW,id_nr_open,,,370dc730d9c4,ID gap fill from NEEDS_REVIEW. Fill label; keep NEEDS_REVIEW if unsure.,id_gap_fill
id_ss_00137,HIYA COMIN 2 BRISTOL 1 ST WEEK IN APRIL. LES GOT OFF + RUDI ON NEW YRS EVE BUT I WAS SNORING.THEY WERE DRUNK!U BAK AT COLLEGE YET?,id,spamshield_indonesian_v1,NEEDS_REVIEW,NEEDS_REVIEW,id_nr_open,,,c9300a4fde14,ID gap fill from NEEDS_REVIEW. Fill label; keep NEEDS_REVIEW if unsure.,id_gap_fill
id_ss_00138,Saya suka rumah baru Anda,id,spamshield_indonesian_v1,NEEDS_REVIEW,NEEDS_REVIEW,id_nr_open,,,fb5aa454fcd6,ID gap fill from NEEDS_REVIEW. Fill label; keep NEEDS_REVIEW if unsure.,id_gap_fill
id_ss_00140,Bagaimana saya apa... Dia di dalam mobil sekarang... Kemudian c lar... Saya memakai seluar pendek...,id,spamshield_indonesian_v1,NEEDS_REVIEW,NEEDS_REVIEW,id_nr_open,,,edf2286ccca9,ID gap fill from NEEDS_REVIEW. Fill label; keep NEEDS_REVIEW if unsure.,id_gap_fill
id_ss_00141,"semua yang terbaru dari Stereophonics, Marley, Dizzee Racal, Libertines dan The Strokes! Win Nookii game dengan Flirt!! Klik TheMob WAP Bookmark atau teks WAP ke 82468",id,spamshield_indonesian_v1,NEEDS_REVIEW,NEEDS_REVIEW,id_nr_open,,,87c5c3f71328,ID gap fill from NEEDS_REVIEW. Fill label; keep NEEDS_REVIEW if unsure.,id_gap_fill
id_ss_00142,Bagaimana Anda berencana untuk mengelola hal ini,id,spamshield_indonesian_v1,NEEDS_REVIEW,NEEDS_REVIEW,id_nr_open,,,57b9df3c3403,ID gap fill from NEEDS_REVIEW. Fill label; keep NEEDS_REVIEW if unsure.,id_gap_fill
id_ss_00143,"Ya, itu bagus! itu £ 6 untuk masuk, itu ok?",id,spamshield_indonesian_v1,NEEDS_REVIEW,NEEDS_REVIEW,id_nr_open,,,1fe4e8f31f4d,ID gap fill from NEEDS_REVIEW. Fill label; keep NEEDS_REVIEW if unsure.,id_gap_fill
id_ss_00146,Terima kasih. mengisi saya dengan ketenangan dan kepastian penuh!,id,spamshield_indonesian_v1,NEEDS_REVIEW,NEEDS_REVIEW,id_nr_open,,,f2021b921e08,ID gap fill from NEEDS_REVIEW. Fill label; keep NEEDS_REVIEW if unsure.,id_gap_fill
id_ss_00147,LOL yang akan menjadi payback yang luar biasa.,id,spamshield_indonesian_v1,NEEDS_REVIEW,NEEDS_REVIEW,id_nr_open,,,fb4d4d6e5103,ID gap fill from NEEDS_REVIEW. Fill label; keep NEEDS_REVIEW if unsure.,id_gap_fill
id_ss_00148,Aku akan menjadi Aunty!,id,spamshield_indonesian_v1,NEEDS_REVIEW,NEEDS_REVIEW,id_nr_open,,,9c9e52da4338,ID gap fill from NEEDS_REVIEW. Fill label; keep NEEDS_REVIEW if unsure.,id_gap_fill
id_ss_00150,"Lanjutkan kuliah, selamat tinggal, selamat tinggal.",id,spamshield_indonesian_v1,NEEDS_REVIEW,NEEDS_REVIEW,id_nr_open,,,fe70df7cf378,ID gap fill from NEEDS_REVIEW. Fill label; keep NEEDS_REVIEW if unsure.,id_gap_fill
id_ss_00152,Kami mencoba untuk menghubungi Anda kembali jawaban Anda untuk penawaran kami dari Video Phone 750 kapan saja mana-mana jaringan mins Half Price Line Rental Camcorder Jawab atau hubungi 08000930705,id,spamshield_indonesian_v1,NEEDS_REVIEW,NEEDS_REVIEW,id_nr_open,,,432b99813268,ID gap fill from NEEDS_REVIEW. Fill label; keep NEEDS_REVIEW if unsure.,id_gap_fill
id_ss_00154,"Tanda kesuburan bukan ketika kita mulai mengatakan hal-hal besar, tapi sebenarnya itu ketika kita mulai memahami hal-hal kecil.",id,spamshield_indonesian_v1,NEEDS_REVIEW,NEEDS_REVIEW,id_nr_open,,,faa98d6989b6,ID gap fill from NEEDS_REVIEW. Fill label; keep NEEDS_REVIEW if unsure.,id_gap_fill
id_ss_00155,"Dear Matthew tolong hubungi 09063440451 dari landline, liburan 4*Lux Tenerife atau £ 1000 CASH menunggu koleksi. ppm150 SAE T&Cs Box334 SK38XH.",id,spamshield_indonesian_v1,NEEDS_REVIEW,NEEDS_REVIEW,id_nr_open,,,f1f42bdcde54,ID gap fill from NEEDS_REVIEW. Fill label; keep NEEDS_REVIEW if unsure.,id_gap_fill
id_ss_00157,Ur cash-balance saat ini 500 pound - untuk memaksimalkan ur cash-in sekarang mengirim GO ke 86688 hanya 150p/msg. CC 08718720201 HG/Suite342/2Lands Row/W1J6HL,id,spamshield_indonesian_v1,NEEDS_REVIEW,NEEDS_REVIEW,id_nr_open,,,69f91dc9c9b8,ID gap fill from NEEDS_REVIEW. Fill label; keep NEEDS_REVIEW if unsure.,id_gap_fill
id_ss_00158,Aku bisa memanggilmu nanti PLS,id,spamshield_indonesian_v1,NEEDS_REVIEW,NEEDS_REVIEW,id_nr_open,,,857d0b9232ef,ID gap fill from NEEDS_REVIEW. Fill label; keep NEEDS_REVIEW if unsure.,id_gap_fill
id_ss_00162,Apakah B akan pulang ke rumah?,id,spamshield_indonesian_v1,NEEDS_REVIEW,NEEDS_REVIEW,id_nr_open,,,b70ccbd63d3c,ID gap fill from NEEDS_REVIEW. Fill label; keep NEEDS_REVIEW if unsure.,id_gap_fill
id_ss_00163,Di manakah kamu menyembunyikan orang asing?,id,spamshield_indonesian_v1,NEEDS_REVIEW,NEEDS_REVIEW,id_nr_open,,,c1440f52b867,ID gap fill from NEEDS_REVIEW. Fill label; keep NEEDS_REVIEW if unsure.,id_gap_fill
id_ss_00164,Lemme tahu kapan Anda berada di sini,id,spamshield_indonesian_v1,NEEDS_REVIEW,NEEDS_REVIEW,id_nr_open,,,ff80fbbefb27,ID gap fill from NEEDS_REVIEW. Fill label; keep NEEDS_REVIEW if unsure.,id_gap_fill
id_ss_00165,Beruntung untuk kartu ... Adakah itu waktu tahun itu sudah?,id,spamshield_indonesian_v1,NEEDS_REVIEW,NEEDS_REVIEW,id_nr_open,,,2500d90d6047,ID gap fill from NEEDS_REVIEW. Fill label; keep NEEDS_REVIEW if unsure.,id_gap_fill
id_ss_00166,Apakah Anda masih pergi ke mall?,id,spamshield_indonesian_v1,NEEDS_REVIEW,NEEDS_REVIEW,id_nr_open,,,a6ae8e76ed17,ID gap fill from NEEDS_REVIEW. Fill label; keep NEEDS_REVIEW if unsure.,id_gap_fill
id_ss_00167,Saya bergurau mereka lar.. Ü sibuk maka saya wun mengganggu ü.,id,spamshield_indonesian_v1,NEEDS_REVIEW,NEEDS_REVIEW,id_nr_open,,,a510cd337af1,ID gap fill from NEEDS_REVIEW. Fill label; keep NEEDS_REVIEW if unsure.,id_gap_fill
id_ss_00168,Saya ingin memberitahu Anda fantasi paling gelap saya. hubungi saya 09094646631 hanya 60p/min. untuk menghentikan teks hubungi 08712460324 (kadar malam),id,spamshield_indonesian_v1,NEEDS_REVIEW,NEEDS_REVIEW,id_nr_open,,,75ef413c150a,ID gap fill from NEEDS_REVIEW. Fill label; keep NEEDS_REVIEW if unsure.,id_gap_fill
id_ss_00170,Ur cash-balance saat ini 500 pound - untuk memaksimalkan ur cash-in sekarang mengirimkan CASH ke 86688 hanya 150p/msg. CC: 08708800282 HG/Suite342/2Lands Row/W1J6HL,id,spamshield_indonesian_v1,NEEDS_REVIEW,NEEDS_REVIEW,id_nr_open,,,69f91dc9c9b8,ID gap fill from NEEDS_REVIEW. Fill label; keep NEEDS_REVIEW if unsure.,id_gap_fill
id_ss_00172,"Jus chillaxin, apa yang",id,spamshield_indonesian_v1,NEEDS_REVIEW,NEEDS_REVIEW,id_nr_open,,,9dda196c7f39,ID gap fill from NEEDS_REVIEW. Fill label; keep NEEDS_REVIEW if unsure.,id_gap_fill
id_ss_00174,"Urgent! call 09066350750 dari landline Anda. komplimentary 4* Ibiza Holiday atau 10,000 tunai menunggu koleksi SAE T&Cs PO BOX 434 SK3 8WP 150 ppm 18+",id,spamshield_indonesian_v1,NEEDS_REVIEW,NEEDS_REVIEW,id_nr_open,,,5e75ecd7c9d9,ID gap fill from NEEDS_REVIEW. Fill label; keep NEEDS_REVIEW if unsure.,id_gap_fill
id_ss_00175,Oh gei. yang bahagia untuk saya di tron. mungkin sakit dl itu di 3d ketika ia keluar,id,spamshield_indonesian_v1,NEEDS_REVIEW,NEEDS_REVIEW,id_nr_open,,,08a9de8c0f19,ID gap fill from NEEDS_REVIEW. Fill label; keep NEEDS_REVIEW if unsure.,id_gap_fill
id_ss_00177,dan U 2.,id,spamshield_indonesian_v1,NEEDS_REVIEW,NEEDS_REVIEW,id_nr_open,,,563f50f8848a,ID gap fill from NEEDS_REVIEW. Fill label; keep NEEDS_REVIEW if unsure.,id_gap_fill
id_ss_00179,"Itu agak aneh, bahkan ?- di mana yang seharusnya terjadi? tapi ide yang baik, pasti mereka akan berada di pub!",id,spamshield_indonesian_v1,NEEDS_REVIEW,NEEDS_REVIEW,id_nr_open,,,e7e70916f83f,ID gap fill from NEEDS_REVIEW. Fill label; keep NEEDS_REVIEW if unsure.,id_gap_fill
id_ss_00180,"Selamat bermalam, semoga kamu memiliki malam yang lebih baik.",id,spamshield_indonesian_v1,NEEDS_REVIEW,NEEDS_REVIEW,id_nr_open,,,6e8267ff203e,ID gap fill from NEEDS_REVIEW. Fill label; keep NEEDS_REVIEW if unsure.,id_gap_fill
id_ss_00181,Anda bisa menghubungi saya sekarang...,id,spamshield_indonesian_v1,NEEDS_REVIEW,NEEDS_REVIEW,id_nr_open,,,e59dfb93f02b,ID gap fill from NEEDS_REVIEW. Fill label; keep NEEDS_REVIEW if unsure.,id_gap_fill
id_ss_00182,Oh k k:)tetapi dia bukan hitter besar.Bagaimanapun baik,id,spamshield_indonesian_v1,NEEDS_REVIEW,NEEDS_REVIEW,id_nr_open,,,d7172bc958e4,ID gap fill from NEEDS_REVIEW. Fill label; keep NEEDS_REVIEW if unsure.,id_gap_fill
id_ss_00183,"Shit yang benar-benar mengejutkan dan menakutkan, cant bayangkan untuk satu detik. Def up untuk malam keluar. Adakah anda fikir ada di suatu tempat saya bisa terhempas untuk malam, menghemat di taksi?",id,spamshield_indonesian_v1,NEEDS_REVIEW,NEEDS_REVIEW,id_nr_open,,,0f58d04bff14,ID gap fill from NEEDS_REVIEW. Fill label; keep NEEDS_REVIEW if unsure.,id_gap_fill
id_ss_00184,Saya tidak tahu Anda dan Anda tidak tahu saya. mengirimkan CHAT ke 86688 sekarang dan mari kita temukan satu sama lain! hanya 150p/Msg rcvd. HG/Suite342/2Lands/Row/W1J6HL LDN. 18 tahun atau lebih.,id,spamshield_indonesian_v1,NEEDS_REVIEW,NEEDS_REVIEW,id_nr_open,,,d8e982453ea4,ID gap fill from NEEDS_REVIEW. Fill label; keep NEEDS_REVIEW if unsure.,id_gap_fill
id_ss_00185,UR GOING 2 BAHAMAS! callFREEFONE 08081560665 dan berbicara dengan operator langsung untuk menuntut atau Bahamas cruise £2000 CASH 18+only.,id,spamshield_indonesian_v1,NEEDS_REVIEW,NEEDS_REVIEW,id_nr_open,,,61cf663d3345,ID gap fill from NEEDS_REVIEW. Fill label; keep NEEDS_REVIEW if unsure.,id_gap_fill
id_ss_00186,Anda dapat menghubungi saya plz. nomor Anda menunjukkan dari area coveragd. saya memiliki panggilan mendesak di vasai &amp; harus sampai sebelum jam 4'o jadi hubungi saya plz,id,spamshield_indonesian_v1,NEEDS_REVIEW,NEEDS_REVIEW,id_nr_open,,,1ad4e7468f62,ID gap fill from NEEDS_REVIEW. Fill label; keep NEEDS_REVIEW if unsure.,id_gap_fill
id_ss_00187,Bersiaplah untuk &lt;#&gt; inci kesenangan ...,id,spamshield_indonesian_v1,NEEDS_REVIEW,NEEDS_REVIEW,id_nr_open,,,e00fc4fc8b1f,ID gap fill from NEEDS_REVIEW. Fill label; keep NEEDS_REVIEW if unsure.,id_gap_fill
id_ss_00188,Beritahu Rob untuk Mack Gfnya di Teater,id,spamshield_indonesian_v1,NEEDS_REVIEW,NEEDS_REVIEW,id_nr_open,,,8ece220e9cf9,ID gap fill from NEEDS_REVIEW. Fill label; keep NEEDS_REVIEW if unsure.,id_gap_fill
id_ss_00189,Prakesh sudah tahu.,id,spamshield_indonesian_v1,NEEDS_REVIEW,NEEDS_REVIEW,id_nr_open,,,075beb77893f,ID gap fill from NEEDS_REVIEW. Fill label; keep NEEDS_REVIEW if unsure.,id_gap_fill
id_ss_00190,Apakah Anda memiliki hari yang baik? saya benar-benar sibuk Anda sampai hari esok malam?,id,spamshield_indonesian_v1,NEEDS_REVIEW,NEEDS_REVIEW,id_nr_open,,,3c0764796eb4,ID gap fill from NEEDS_REVIEW. Fill label; keep NEEDS_REVIEW if unsure.,id_gap_fill
id_ss_00191,Selamat Natal untuk Anda Annie!,id,spamshield_indonesian_v1,NEEDS_REVIEW,NEEDS_REVIEW,id_nr_open,,,2d218f74446d,ID gap fill from NEEDS_REVIEW. Fill label; keep NEEDS_REVIEW if unsure.,id_gap_fill
id_ss_00192,Tempat untuk menginap di Fredericksburg,id,spamshield_indonesian_v1,NEEDS_REVIEW,NEEDS_REVIEW,id_nr_open,,,876d50cdcd7d,ID gap fill from NEEDS_REVIEW. Fill label; keep NEEDS_REVIEW if unsure.,id_gap_fill
id_ss_00193,Tidak direncanakan lagi :) pergi untuk bergabung dengan perusahaan pada jan 5 hanya.don tahu apa yang akan terjadi setelah itu.,id,spamshield_indonesian_v1,NEEDS_REVIEW,NEEDS_REVIEW,id_nr_open,,,9d52f9062794,ID gap fill from NEEDS_REVIEW. Fill label; keep NEEDS_REVIEW if unsure.,id_gap_fill
id_ss_00194,Free entry in 2 a weekly comp for a chance to win an ipod. Txt POD to 80182 untuk mendapatkan entry (std txt rate) T&C memohon 08452810073 untuk detail 18+,id,spamshield_indonesian_v1,NEEDS_REVIEW,NEEDS_REVIEW,id_nr_open,,,5ac9a2cc3c7c,ID gap fill from NEEDS_REVIEW. Fill label; keep NEEDS_REVIEW if unsure.,id_gap_fill
id_ss_00195,"Kita semua khawatir di sini, Derek dan Taylor sudah menganggap hal terburuk.",id,spamshield_indonesian_v1,NEEDS_REVIEW,NEEDS_REVIEW,id_nr_open,,,10ee1479427a,ID gap fill from NEEDS_REVIEW. Fill label; keep NEEDS_REVIEW if unsure.,id_gap_fill
id_ss_00197,"Selamat Natal untuk Anda juga babe, saya suka ya *kisses*",id,spamshield_indonesian_v1,NEEDS_REVIEW,NEEDS_REVIEW,id_nr_open,,,e951db0b1e92,ID gap fill from NEEDS_REVIEW. Fill label; keep NEEDS_REVIEW if unsure.,id_gap_fill
id_ss_00198,Kami tinggal di &lt;#&gt; mins berikutnya,id,spamshield_indonesian_v1,NEEDS_REVIEW,NEEDS_REVIEW,id_nr_open,,,a884b88e1bc5,ID gap fill from NEEDS_REVIEW. Fill label; keep NEEDS_REVIEW if unsure.,id_gap_fill
id_ss_00199,"Haha ya, 2 oz adalah sejenis shitload",id,spamshield_indonesian_v1,NEEDS_REVIEW,NEEDS_REVIEW,id_nr_open,,,f43fd6b0039c,ID gap fill from NEEDS_REVIEW. Fill label; keep NEEDS_REVIEW if unsure.,id_gap_fill
id_ss_00200,Apakah Anda baik-baik saja? apa yang terjadi untuk bertindak seperti ini,id,spamshield_indonesian_v1,NEEDS_REVIEW,NEEDS_REVIEW,id_nr_open,,,4c9f0105214f,ID gap fill from NEEDS_REVIEW. Fill label; keep NEEDS_REVIEW if unsure.,id_gap_fill
id_ss_00202,Dunia menderita banyak ... bukan karena kekerasan orang jahat. tetapi karena keheningan orang baik!,id,spamshield_indonesian_v1,NEEDS_REVIEW,NEEDS_REVIEW,id_nr_open,,,b2efc987d464,ID gap fill from NEEDS_REVIEW. Fill label; keep NEEDS_REVIEW if unsure.,id_gap_fill
id_ss_00203,Anda akan melakukannya. sudah habis di kereta pagi ini. terlalu banyak anggur dan pi. Anda tidur dengan baik juga,id,spamshield_indonesian_v1,NEEDS_REVIEW,NEEDS_REVIEW,id_nr_open,,,adcaa729bf0d,ID gap fill from NEEDS_REVIEW. Fill label; keep NEEDS_REVIEW if unsure.,id_gap_fill
id_ss_00204,Yup...saya telah berada di sana sebelum... Anda ingin pergi untuk yoga? saya bisa memanggil untuk buku,id,spamshield_indonesian_v1,NEEDS_REVIEW,NEEDS_REVIEW,id_nr_open,,,f6dde2eb79c6,ID gap fill from NEEDS_REVIEW. Fill label; keep NEEDS_REVIEW if unsure.,id_gap_fill
id_ss_00207,Lol tolong lakukan. sebenarnya kirim sedikit dari diri sendiri sekarang. saya ingin melihat. letakkan dengan tali dan pengering rambut atau sesuatu.,id,spamshield_indonesian_v1,NEEDS_REVIEW,NEEDS_REVIEW,id_nr_open,,,e3889b59c215,ID gap fill from NEEDS_REVIEW. Fill label; keep NEEDS_REVIEW if unsure.,id_gap_fill
id_ss_00209,Txt LOVE NAME1 NAME2 MOBNO eg LOVE ADAM EVE 07123456789 ke 87077 Yahoo! POBox36504W45WQ TxtNO 4 tidak ada iklan 150p,id,spamshield_indonesian_v1,NEEDS_REVIEW,NEEDS_REVIEW,id_nr_open,,,0aa7e5ffda53,ID gap fill from NEEDS_REVIEW. Fill label; keep NEEDS_REVIEW if unsure.,id_gap_fill
id_ss_00211,"FreeMsg: tuntutan ur 250 SMS pesan-Teks OK sampai 84025 sekarang!Use web2mobile 2 ur mates dll Bergabunglah dengan Txt250.com untuk 1.50p/wk. T&C BOX139, LA32WU. 16 .",id,spamshield_indonesian_v1,NEEDS_REVIEW,NEEDS_REVIEW,id_nr_open,,,5c4f900149e2,ID gap fill from NEEDS_REVIEW. Fill label; keep NEEDS_REVIEW if unsure.,id_gap_fill
id_ss_00213,Allah menciptakan gap btwn ur jari jadi dat sum1 vry khusus akan mengisi gap tersebut dengan memegang tangan ur.. sekarang plz don't ask y dia menciptakan begitu banyak gap antara kaki !!!,id,spamshield_indonesian_v1,NEEDS_REVIEW,NEEDS_REVIEW,id_nr_open,,,63be56a99154,ID gap fill from NEEDS_REVIEW. Fill label; keep NEEDS_REVIEW if unsure.,id_gap_fill
id_ss_00214,"Sebagai pelanggan yang dihargai, saya senang untuk menyarankan Anda bahwa setelah ulasan terbaru dari Mob No. Anda dianugerahkan dengan Bonus £ 1500, hubungi 09066368470",id,spamshield_indonesian_v1,NEEDS_REVIEW,NEEDS_REVIEW,id_nr_open,,,801acaee4666,ID gap fill from NEEDS_REVIEW. Fill label; keep NEEDS_REVIEW if unsure.,id_gap_fill
id_ss_00215,"Mobil baru dari 2004, MUST GO! Txt: NOKIA ke No: 89545 & mengumpulkan milikmu hari ini! dari ONLY £1. www.4-tc.biz 2optout 087187262701.50gbp/mtmsg18 TXTAUCTION.",id,spamshield_indonesian_v1,NEEDS_REVIEW,NEEDS_REVIEW,id_nr_open,,,986671d7a6f1,ID gap fill from NEEDS_REVIEW. Fill label; keep NEEDS_REVIEW if unsure.,id_gap_fill
id_ss_00216,Berapa banyak yang kita dapatkan?,id,spamshield_indonesian_v1,NEEDS_REVIEW,NEEDS_REVIEW,id_nr_open,,,e36405b88095,ID gap fill from NEEDS_REVIEW. Fill label; keep NEEDS_REVIEW if unsure.,id_gap_fill
id_ss_00217,Selamat siang matahari! bagaimana matahari terbit hari itu? apakah kita segar dan gembira untuk hidup? apakah kita bernafas di udara dan tersenyum?,id,spamshield_indonesian_v1,NEEDS_REVIEW,NEEDS_REVIEW,id_nr_open,,,117b44ad8970,ID gap fill from NEEDS_REVIEW. Fill label; keep NEEDS_REVIEW if unsure.,id_gap_fill
id_ss_00218,Jadi dia membeli hari ini? Ü tidak perlu untuk c meh...,id,spamshield_indonesian_v1,NEEDS_REVIEW,NEEDS_REVIEW,id_nr_open,,,27b0bb970e0b,ID gap fill from NEEDS_REVIEW. Fill label; keep NEEDS_REVIEW if unsure.,id_gap_fill
id_ss_00219,"Hi di sana, 2nights ur lucky night! Uve dijemput 2 XCHAT, Uks paling liar chat! Txt CHAT ke 86688 sekarang! 150p/MsgrcvdHG/Suite342/2Lands/Row/W1J6HL LDN 18yrs",id,spamshield_indonesian_v1,NEEDS_REVIEW,NEEDS_REVIEW,id_nr_open,,,eb405365f221,ID gap fill from NEEDS_REVIEW. Fill label; keep NEEDS_REVIEW if unsure.,id_gap_fill
id_ss_00220,Betapa bodohnya untuk mengatakan bahwa saya menantang Allah.Anda tidak berpikir sama sekali tentang apa yang saya tulis dan sebaliknya Anda menjawab tanpa henti.,id,spamshield_indonesian_v1,NEEDS_REVIEW,NEEDS_REVIEW,id_nr_open,,,f856981a614c,ID gap fill from NEEDS_REVIEW. Fill label; keep NEEDS_REVIEW if unsure.,id_gap_fill
id_ss_00221,"Update_Now - Xmas Offer! terbaru Motorola, SonyEricsson & Nokia & FREE Bluetooth! Double Mins & 1000 Txt pada Orange. hubungi MobileUpd8 di 08000839402 atau call2optout/F4Q=",id,spamshield_indonesian_v1,NEEDS_REVIEW,NEEDS_REVIEW,id_nr_open,,,f19d29375ba0,ID gap fill from NEEDS_REVIEW. Fill label; keep NEEDS_REVIEW if unsure.,id_gap_fill
id_ss_00222,Juz sekarang havent bangun jadi sedikit blur blur... bisa? ayah pergi liao... aku cant cum sekarang oso...,id,spamshield_indonesian_v1,NEEDS_REVIEW,NEEDS_REVIEW,id_nr_open,,,be16eb777f7e,ID gap fill from NEEDS_REVIEW. Fill label; keep NEEDS_REVIEW if unsure.,id_gap_fill
id_ss_00223,"Nope, saya masih di pasar",id,spamshield_indonesian_v1,NEEDS_REVIEW,NEEDS_REVIEW,id_nr_open,,,dbbc904eb7f1,ID gap fill from NEEDS_REVIEW. Fill label; keep NEEDS_REVIEW if unsure.,id_gap_fill
id_ss_00225,Anda memiliki 1 pesan baru. silakan hubungi 08715205273,id,spamshield_indonesian_v1,NEEDS_REVIEW,NEEDS_REVIEW,id_nr_open,,,91ba3463d2df,ID gap fill from NEEDS_REVIEW. Fill label; keep NEEDS_REVIEW if unsure.,id_gap_fill
id_ss_00226,Kembali ke telepon Anda; Anda tidak melihat facebook saya huh?,id,spamshield_indonesian_v1,NEEDS_REVIEW,NEEDS_REVIEW,id_nr_open,,,df98f1623653,ID gap fill from NEEDS_REVIEW. Fill label; keep NEEDS_REVIEW if unsure.,id_gap_fill
id_ss_00228,Ur cash-balance saat ini 500 pound - untuk memaksimalkan ur cash-in sekarang mengirim GO ke 86688 hanya 150p/msg. CC: 08718720201 PO BOX 114/14 TCR/W1,id,spamshield_indonesian_v1,NEEDS_REVIEW,NEEDS_REVIEW,id_nr_open,,,69f91dc9c9b8,ID gap fill from NEEDS_REVIEW. Fill label; keep NEEDS_REVIEW if unsure.,id_gap_fill
id_ss_00229,Cardiff masih di sini dan masih dingin! saya duduk di radiator!,id,spamshield_indonesian_v1,NEEDS_REVIEW,NEEDS_REVIEW,id_nr_open,,,f7d6a6af2dcc,ID gap fill from NEEDS_REVIEW. Fill label; keep NEEDS_REVIEW if unsure.,id_gap_fill
id_ss_00230,PRIVATE! 2003 Akuntansi Anda untuk 078,id,spamshield_indonesian_v1,NEEDS_REVIEW,NEEDS_REVIEW,id_nr_open,,,c9fe5ca76095,ID gap fill from NEEDS_REVIEW. Fill label; keep NEEDS_REVIEW if unsure.,id_gap_fill
id_ss_00233,Hey sathya sampai sekarang kita dint bertemu tidak satu kali kemudian bagaimana saya bisa melihat situasi sathya.,id,spamshield_indonesian_v1,NEEDS_REVIEW,NEEDS_REVIEW,id_nr_open,,,ea077f670cf7,ID gap fill from NEEDS_REVIEW. Fill label; keep NEEDS_REVIEW if unsure.,id_gap_fill
id_ss_00237,Semua yang terbaik 4 jam memandu tmr :-),id,spamshield_indonesian_v1,NEEDS_REVIEW,NEEDS_REVIEW,id_nr_open,,,a485c79424e2,ID gap fill from NEEDS_REVIEW. Fill label; keep NEEDS_REVIEW if unsure.,id_gap_fill
id_ss_00239,Aku tidak di rumah saat ini...,id,spamshield_indonesian_v1,NEEDS_REVIEW,NEEDS_REVIEW,id_nr_open,,,d03f5acd84a3,ID gap fill from NEEDS_REVIEW. Fill label; keep NEEDS_REVIEW if unsure.,id_gap_fill
id_ss_00240,Nikmati jamster video sound gold club dengan kredit Anda untuk 2 video baru+2 logo+musicnews! dapatkan lebih banyak kesenangan dari jamster.co.uk! 16+hanya Bantuan? hubungi: 09701213186,id,spamshield_indonesian_v1,NEEDS_REVIEW,NEEDS_REVIEW,id_nr_open,,,83b902e50231,ID gap fill from NEEDS_REVIEW. Fill label; keep NEEDS_REVIEW if unsure.,id_gap_fill
id_ss_00242,"25Ketahuilah, sesungguhnya aku akan",id,spamshield_indonesian_v1,NEEDS_REVIEW,NEEDS_REVIEW,id_nr_open,,,012c9abca498,ID gap fill from NEEDS_REVIEW. Fill label; keep NEEDS_REVIEW if unsure.,id_gap_fill
id_ss_00243,Bercanda dengan serius saya katakan,id,spamshield_indonesian_v1,NEEDS_REVIEW,NEEDS_REVIEW,id_nr_open,,,d2221e15a732,ID gap fill from NEEDS_REVIEW. Fill label; keep NEEDS_REVIEW if unsure.,id_gap_fill
id_ss_00245,Panasonic & BluetoothHdset FREE. Nokia FREE. Motorola FREE & DoubleMins & DoubleTxt pada kontrak Orange. Hubungi MobileUpd8 di 08000839402 atau hubungi 2optout,id,spamshield_indonesian_v1,NEEDS_REVIEW,NEEDS_REVIEW,id_nr_open,,,c546782fcc08,ID gap fill from NEEDS_REVIEW. Fill label; keep NEEDS_REVIEW if unsure.,id_gap_fill
id_ss_00246,"Setelah pekerjaan saya ah... Den 6 plus lor... U workin oso rite... Den go orchard lor, tidak ada tempat lain untuk pergi liao...",id,spamshield_indonesian_v1,NEEDS_REVIEW,NEEDS_REVIEW,id_nr_open,,,56b2f1ee263d,ID gap fill from NEEDS_REVIEW. Fill label; keep NEEDS_REVIEW if unsure.,id_gap_fill
id_ss_00247,Apakah jalan di mana akhir perpustakaan berjalan?,id,spamshield_indonesian_v1,NEEDS_REVIEW,NEEDS_REVIEW,id_nr_open,,,bae69ed58167,ID gap fill from NEEDS_REVIEW. Fill label; keep NEEDS_REVIEW if unsure.,id_gap_fill
id_ss_00248,Aku tidak bisa menggambarkan betapa beruntungmu bahwa aku benar-benar bangun di tengah hari.,id,spamshield_indonesian_v1,NEEDS_REVIEW,NEEDS_REVIEW,id_nr_open,,,a0e26faf7f72,ID gap fill from NEEDS_REVIEW. Fill label; keep NEEDS_REVIEW if unsure.,id_gap_fill
id_ss_00249,Seseorang telah menghubungkan layanan kencan kami dan memasukkan telepon Anda karena mereka mengagumi Anda!Untuk mengetahui siapa yang dipanggil dari landline 09111030116.,id,spamshield_indonesian_v1,NEEDS_REVIEW,NEEDS_REVIEW,id_nr_open,,,add7d021ee19,ID gap fill from NEEDS_REVIEW. Fill label; keep NEEDS_REVIEW if unsure.,id_gap_fill
id_ss_00250,"SMS. ac Blind Date 4U!: Rodds1 adalah 21/m dari Aberdeen, Inggris. cek Dia keluar http://img. sms. ac/W/icmb3cktz8r7!-4 no Blind Dates send HIDE",id,spamshield_indonesian_v1,NEEDS_REVIEW,NEEDS_REVIEW,id_nr_open,,,5d2a51f99d7a,ID gap fill from NEEDS_REVIEW. Fill label; keep NEEDS_REVIEW if unsure.,id_gap_fill
id_ss_00251,"Honey Boo, aku merindukanmu.",id,spamshield_indonesian_v1,NEEDS_REVIEW,NEEDS_REVIEW,id_nr_open,,,64a6bcee4fa6,ID gap fill from NEEDS_REVIEW. Fill label; keep NEEDS_REVIEW if unsure.,id_gap_fill
id_ss_00252,Jadi apa yang telah Anda rancang untuk anak Anda Valentine? saya adalah anak Anda Valentine bukan saya?,id,spamshield_indonesian_v1,NEEDS_REVIEW,NEEDS_REVIEW,id_nr_open,,,88662d99f5e3,ID gap fill from NEEDS_REVIEW. Fill label; keep NEEDS_REVIEW if unsure.,id_gap_fill
id_ss_00253,Saya pikir itu semua masih dalam mobil saya,id,spamshield_indonesian_v1,NEEDS_REVIEW,NEEDS_REVIEW,id_nr_open,,,f9c12de77cfe,ID gap fill from NEEDS_REVIEW. Fill label; keep NEEDS_REVIEW if unsure.,id_gap_fill
id_ss_00254,100 layanan kencan cal;l 09064012103 kotak334sk38ch,id,spamshield_indonesian_v1,NEEDS_REVIEW,NEEDS_REVIEW,id_nr_open,,,0f3b2be3d69f,ID gap fill from NEEDS_REVIEW. Fill label; keep NEEDS_REVIEW if unsure.,id_gap_fill
id_ss_00255,Misteri diselesaikan! baru saja membuka email saya dan dia mengirimkan saya satu lagi batch!,id,spamshield_indonesian_v1,NEEDS_REVIEW,NEEDS_REVIEW,id_nr_open,,,a0afa6637184,ID gap fill from NEEDS_REVIEW. Fill label; keep NEEDS_REVIEW if unsure.,id_gap_fill
id_ss_00257,"Hanya mendapat bagian Nottingham - 3 jam 63miles. hal yang baik saya cinta suami saya begitu banyak, tetapi hanya melakukan 40mph.",id,spamshield_indonesian_v1,NEEDS_REVIEW,NEEDS_REVIEW,id_nr_open,,,96097d79d40f,ID gap fill from NEEDS_REVIEW. Fill label; keep NEEDS_REVIEW if unsure.,id_gap_fill
id_ss_00259,Anda memiliki 1 pesan baru. silakan hubungi 08712400200.,id,spamshield_indonesian_v1,NEEDS_REVIEW,NEEDS_REVIEW,id_nr_open,,,2579b0dfb270,ID gap fill from NEEDS_REVIEW. Fill label; keep NEEDS_REVIEW if unsure.,id_gap_fill
id_ss_00261,Ini hanya lebih dari seminggu sejak kami pecah dan sudah otak kami akan mush!,id,spamshield_indonesian_v1,NEEDS_REVIEW,NEEDS_REVIEW,id_nr_open,,,c03d284c24f4,ID gap fill from NEEDS_REVIEW. Fill label; keep NEEDS_REVIEW if unsure.,id_gap_fill
id_ss_00263,"Dear,shall mail tonite.busy di jalanan,shall update anda tonite.things sedang melihat ok.varunnathu edukkukayee raksha ollu.tetapi yang baik dalam arti nyata.",id,spamshield_indonesian_v1,NEEDS_REVIEW,NEEDS_REVIEW,id_nr_open,,,ad7b50f1d6a2,ID gap fill from NEEDS_REVIEW. Fill label; keep NEEDS_REVIEW if unsure.,id_gap_fill
id_ss_00264,Saya melihat huruf B di mobil saya.,id,spamshield_indonesian_v1,NEEDS_REVIEW,NEEDS_REVIEW,id_nr_open,,,3364669f95b5,ID gap fill from NEEDS_REVIEW. Fill label; keep NEEDS_REVIEW if unsure.,id_gap_fill
id_ss_00266,Terima kasih banyak untuk keinginan Anda untuk ulang tahun saya. terima kasih banyak untuk membuat ulang tahun saya benar-benar mengingati.,id,spamshield_indonesian_v1,NEEDS_REVIEW,NEEDS_REVIEW,id_nr_open,,,18ecb1853f4f,ID gap fill from NEEDS_REVIEW. Fill label; keep NEEDS_REVIEW if unsure.,id_gap_fill
id_ss_00267,"Fyi Saya mengambil mandi cepat, berada di epsilon dalam seperti &lt;#&gt; min",id,spamshield_indonesian_v1,NEEDS_REVIEW,NEEDS_REVIEW,id_nr_open,,,c3c1ab11092b,ID gap fill from NEEDS_REVIEW. Fill label; keep NEEDS_REVIEW if unsure.,id_gap_fill
id_ss_00269,"Hanya mendapatkan pesan ini, tidak mengabaikan Anda.Ya, saya.",id,spamshield_indonesian_v1,NEEDS_REVIEW,NEEDS_REVIEW,id_nr_open,,,2cccbbe859a5,ID gap fill from NEEDS_REVIEW. Fill label; keep NEEDS_REVIEW if unsure.,id_gap_fill
id_ss_00270,Saya tahu tapi Anda perlu mendapatkan hotel sekarang. saya baru saja mendapatkan jemputan saya tapi saya harus minta maaf. Cali sangat manis bagi saya untuk datang ke majlis pernikahan beberapa blok Inggris,id,spamshield_indonesian_v1,NEEDS_REVIEW,NEEDS_REVIEW,id_nr_open,,,2e722f61ac3a,ID gap fill from NEEDS_REVIEW. Fill label; keep NEEDS_REVIEW if unsure.,id_gap_fill
id_ss_00271,Ok lor. Anyway i thk we cant get tickets now cos like quite late already. U wan 2 go look 4 ur frens a no? Darren adalah wif mereka sekarang...,id,spamshield_indonesian_v1,NEEDS_REVIEW,NEEDS_REVIEW,id_nr_open,,,7113b8f51609,ID gap fill from NEEDS_REVIEW. Fill label; keep NEEDS_REVIEW if unsure.,id_gap_fill
id_ss_00272,<Dialihkan dari 21870000>Hi - ini adalah peringatan SMS Mailbox Anda. Anda memiliki 40 pertandingan. silakan hubungi kembali di 09056242159 untuk mendapatkan pesan dan pertandingan cc100p/min,id,spamshield_indonesian_v1,NEEDS_REVIEW,NEEDS_REVIEW,id_nr_open,,,25dfe01b0d80,ID gap fill from NEEDS_REVIEW. Fill label; keep NEEDS_REVIEW if unsure.,id_gap_fill
id_ss_00273,Saya harus mengikuti peperiksaan pada tanggal 3 Maret.,id,spamshield_indonesian_v1,NEEDS_REVIEW,NEEDS_REVIEW,id_nr_open,,,ad229ac44e18,ID gap fill from NEEDS_REVIEW. Fill label; keep NEEDS_REVIEW if unsure.,id_gap_fill
id_ss_00275,"5 Free Top Polyphonic Tones call 087018728737, National Rate. Get a topoly tune sent every week, just text SUBPOLY to 81618, £3 per pole. UnSub 08718727870.",id,spamshield_indonesian_v1,NEEDS_REVIEW,NEEDS_REVIEW,id_nr_open,,,e19ce3ffdd65,ID gap fill from NEEDS_REVIEW. Fill label; keep NEEDS_REVIEW if unsure.,id_gap_fill
id_ss_00279,"E, ENJOYIN INDIANS AT THE MO..yeP. SaLL gOoD HehE ;> lembu bout u shexy? Pete Xx",id,spamshield_indonesian_v1,NEEDS_REVIEW,NEEDS_REVIEW,id_nr_open,,,b398771dc1c3,ID gap fill from NEEDS_REVIEW. Fill label; keep NEEDS_REVIEW if unsure.,id_gap_fill
id_ss_00280,"FREE GAME. Get Rayman Golf 4 FREE from the O2 Games Arcade. 1st get UR game settings. Reply POST, then save & activ8. Press 0 key for Arcade. Termsapply",id,spamshield_indonesian_v1,NEEDS_REVIEW,NEEDS_REVIEW,id_nr_open,,,183f1700d6c6,ID gap fill from NEEDS_REVIEW. Fill label; keep NEEDS_REVIEW if unsure.,id_gap_fill
id_ss_00281,Perjalanan yang aman.Jangan panik menyerah semua.,id,spamshield_indonesian_v1,NEEDS_REVIEW,NEEDS_REVIEW,id_nr_open,,,a1edd44347d6,ID gap fill from NEEDS_REVIEW. Fill label; keep NEEDS_REVIEW if unsure.,id_gap_fill
id_ss_00282,Ringtone Club: Dapatkan chart single Inggris di ponsel Anda setiap minggu dan pilih apa pun ringtone berkualitas tinggi!,id,spamshield_indonesian_v1,NEEDS_REVIEW,NEEDS_REVIEW,id_nr_open,,,8cb2e2c9445f,ID gap fill from NEEDS_REVIEW. Fill label; keep NEEDS_REVIEW if unsure.,id_gap_fill
id_ss_00284,"Apakah Anda menyadari bahwa dalam sekitar 40 tahun, kita akan memiliki ribuan wanita tua yang berlari dengan tato?",id,spamshield_indonesian_v1,NEEDS_REVIEW,NEEDS_REVIEW,id_nr_open,,,c4c3ca944875,ID gap fill from NEEDS_REVIEW. Fill label; keep NEEDS_REVIEW if unsure.,id_gap_fill
id_ss_00285,Double mins & txts Anda pada Orange atau 1/2 harga linerental - Motorola dan SonyEricsson dengan B/Doth FREE-Nokia FREE Call MobileUpd8 pada 08000839402 atau2optout/HV9D,id,spamshield_indonesian_v1,NEEDS_REVIEW,NEEDS_REVIEW,id_nr_open,,,d7baa8859890,ID gap fill from NEEDS_REVIEW. Fill label; keep NEEDS_REVIEW if unsure.,id_gap_fill
id_ss_00286,<Dialihkan dari 448712404000>Sila hubungi 08712404000 segera karena ada pesan mendesak yang menanti Anda.,id,spamshield_indonesian_v1,NEEDS_REVIEW,NEEDS_REVIEW,id_nr_open,,,353a211b57e1,ID gap fill from NEEDS_REVIEW. Fill label; keep NEEDS_REVIEW if unsure.,id_gap_fill
id_ss_00287,Haha mayb u're rite... U kenal saya dengan baik. Da perasaan menyukai seseorang adalah gd lor. U lebih cepat pergi mencari satu kemudian semua gals di grup kami terikat liao.,id,spamshield_indonesian_v1,NEEDS_REVIEW,NEEDS_REVIEW,id_nr_open,,,ffcd685beb25,ID gap fill from NEEDS_REVIEW. Fill label; keep NEEDS_REVIEW if unsure.,id_gap_fill
id_ss_00288,"Maafkan saya, saya berada di tempat makan.",id,spamshield_indonesian_v1,NEEDS_REVIEW,NEEDS_REVIEW,id_nr_open,,,889a61aa3fc1,ID gap fill from NEEDS_REVIEW. Fill label; keep NEEDS_REVIEW if unsure.,id_gap_fill
id_ss_00289,"Jangan khawatir, mudah sekali memiliki bahan-bahan!",id,spamshield_indonesian_v1,NEEDS_REVIEW,NEEDS_REVIEW,id_nr_open,,,bfe02b134d86,ID gap fill from NEEDS_REVIEW. Fill label; keep NEEDS_REVIEW if unsure.,id_gap_fill
id_ss_00290,Pergi ke latihan lor... Muz kehilangan dan lemak...,id,spamshield_indonesian_v1,NEEDS_REVIEW,NEEDS_REVIEW,id_nr_open,,,cd5dac44d8f1,ID gap fill from NEEDS_REVIEW. Fill label; keep NEEDS_REVIEW if unsure.,id_gap_fill
id_ss_00291,Saya merasa begitu bodoh karena v cam sedang bekerja.,id,spamshield_indonesian_v1,NEEDS_REVIEW,NEEDS_REVIEW,id_nr_open,,,6632491f7419,ID gap fill from NEEDS_REVIEW. Fill label; keep NEEDS_REVIEW if unsure.,id_gap_fill
id_ss_00292,"Selamat Datang! 4* Anda Costa Del Sol Percutian atau £ 5.000 menunggu koleksi. Hubungi 09050090044 Sekarang keClaim. SAE, TCs, POBox334, Stockport, SK38xh, Harga £ 1.50/pm, Max10mins",id,spamshield_indonesian_v1,NEEDS_REVIEW,NEEDS_REVIEW,id_nr_open,,,f713c5e57be4,ID gap fill from NEEDS_REVIEW. Fill label; keep NEEDS_REVIEW if unsure.,id_gap_fill
id_ss_00294,ID pengguna unik Anda adalah 1172. untuk penghapusan menghantar STOP ke 87239 layanan pelanggan 08708034412,id,spamshield_indonesian_v1,NEEDS_REVIEW,NEEDS_REVIEW,id_nr_open,,,0e0e702f253f,ID gap fill from NEEDS_REVIEW. Fill label; keep NEEDS_REVIEW if unsure.,id_gap_fill
id_ss_00295,* PERCUMA* POLYPHONIC RINGTONE TEXT SUPER untuk 87131 untuk mendapatkan PERCUMA POLY TONE minggu ini sekarang! 16 SN PoBox202 NR31 7ZS langganan 450pw,id,spamshield_indonesian_v1,NEEDS_REVIEW,NEEDS_REVIEW,id_nr_open,,,6b28583dbcac,ID gap fill from NEEDS_REVIEW. Fill label; keep NEEDS_REVIEW if unsure.,id_gap_fill
id_ss_00296,Anda memiliki 1 pesan baru. hubungi 0207-083-6089,id,spamshield_indonesian_v1,NEEDS_REVIEW,NEEDS_REVIEW,id_nr_open,,,8b840ba7a11c,ID gap fill from NEEDS_REVIEW. Fill label; keep NEEDS_REVIEW if unsure.,id_gap_fill
id_ss_00297,Apakah Anda cukup unik? ketahui dari 30 Agustus. www.areyouunique.co.uk,id,spamshield_indonesian_v1,NEEDS_REVIEW,NEEDS_REVIEW,id_nr_open,,,7a240ee0e71e,ID gap fill from NEEDS_REVIEW. Fill label; keep NEEDS_REVIEW if unsure.,id_gap_fill
id_ss_00298,"URGENT!: Nomor ponsel Anda telah dianugerahkan Bonus Caller Prize £2,000 pada 02/09/03! ini adalah percobaan kedua kami untuk menghubungi Anda! panggilan 0871-872-9755 BOX95QU",id,spamshield_indonesian_v1,NEEDS_REVIEW,NEEDS_REVIEW,id_nr_open,,,cfaff5f98ece,ID gap fill from NEEDS_REVIEW. Fill label; keep NEEDS_REVIEW if unsure.,id_gap_fill
id_ss_00299,Berbincang dengan ibumu ya?,id,spamshield_indonesian_v1,NEEDS_REVIEW,NEEDS_REVIEW,id_nr_open,,,36e3c49ccb4f,ID gap fill from NEEDS_REVIEW. Fill label; keep NEEDS_REVIEW if unsure.,id_gap_fill
id_ss_00300,Apa???Hello wats berbicara alamat email?,id,spamshield_indonesian_v1,NEEDS_REVIEW,NEEDS_REVIEW,id_nr_open,,,23ca78de017d,ID gap fill from NEEDS_REVIEW. Fill label; keep NEEDS_REVIEW if unsure.,id_gap_fill
id_ss_00303,"Urgent -call 09066649731fr Landline. komplimentary 4* Ibiza Holiday atau £10,000 tunai menunggu koleksi SAE T&Cs PO BOX 434 SK3 8WP 150ppm 18+",id,spamshield_indonesian_v1,NEEDS_REVIEW,NEEDS_REVIEW,id_nr_open,,,fad9423ff799,ID gap fill from NEEDS_REVIEW. Fill label; keep NEEDS_REVIEW if unsure.,id_gap_fill
id_ss_00304,Urgent! silakan hubungi 09061743810 dari landline. ABTA komplimentary 4* Tenerife Holiday atau #5000 tunai menunggu koleksi SAE T&Cs Box 326 CW25WX 150 ppm,id,spamshield_indonesian_v1,NEEDS_REVIEW,NEEDS_REVIEW,id_nr_open,,,118d9e29073f,ID gap fill from NEEDS_REVIEW. Fill label; keep NEEDS_REVIEW if unsure.,id_gap_fill
id_ss_00305,Sama seperti kalis dismissial dalam ujian kedua:-).,id,spamshield_indonesian_v1,NEEDS_REVIEW,NEEDS_REVIEW,id_nr_open,,,253d7d15c0f3,ID gap fill from NEEDS_REVIEW. Fill label; keep NEEDS_REVIEW if unsure.,id_gap_fill
id_ss_00306,"Setelah seorang nelayan bangun awal di d mrng. itu sangat gelap. dia menunggu sebentar &amp; menemukan tas penuh dari batu. dia strtd throwin thm in2 d laut 2 waktu berlalu. akhirnya dia memiliki jus 1 batu, matahari naik &amp; dia menemukan tht yang r nt batu, itu adalah berlian. moral:""Jangan bangun awal di d mrng'' Malam yang baik",id,spamshield_indonesian_v1,NEEDS_REVIEW,NEEDS_REVIEW,id_nr_open,,,f0b951b99265,ID gap fill from NEEDS_REVIEW. Fill label; keep NEEDS_REVIEW if unsure.,id_gap_fill
id_ss_00307,Datang ke sekolah kedokteran pada pukul 7 petang.,id,spamshield_indonesian_v1,NEEDS_REVIEW,NEEDS_REVIEW,id_nr_open,,,0ca8817ac512,ID gap fill from NEEDS_REVIEW. Fill label; keep NEEDS_REVIEW if unsure.,id_gap_fill
id_ss_00309,Saya benar-benar hanya menghisap tikus saya 2 malam apa tentang 2MORO,id,spamshield_indonesian_v1,NEEDS_REVIEW,NEEDS_REVIEW,id_nr_open,,,c988a3a9c867,ID gap fill from NEEDS_REVIEW. Fill label; keep NEEDS_REVIEW if unsure.,id_gap_fill
id_ss_00310,Susu selesai mandi.,id,spamshield_indonesian_v1,NEEDS_REVIEW,NEEDS_REVIEW,id_nr_open,,,24de2315012e,ID gap fill from NEEDS_REVIEW. Fill label; keep NEEDS_REVIEW if unsure.,id_gap_fill
id_ss_00312,"Esok yang indah tidak pernah datang..Ketika ia datang, ia sudah hari ini..Dalam pencarian esok yang indah jangan buang hari ini yang indah..",id,spamshield_indonesian_v1,NEEDS_REVIEW,NEEDS_REVIEW,id_nr_open,,,d593da72a25f,ID gap fill from NEEDS_REVIEW. Fill label; keep NEEDS_REVIEW if unsure.,id_gap_fill
id_ss_00313,Dia marah pada saya mengapa Anda memberitahu Abi.,id,spamshield_indonesian_v1,NEEDS_REVIEW,NEEDS_REVIEW,id_nr_open,,,92f49279fed4,ID gap fill from NEEDS_REVIEW. Fill label; keep NEEDS_REVIEW if unsure.,id_gap_fill
id_ss_00314,wamma mendapatkan laid?want real doggin lokasi dikirim langsung ke ponsel Anda? bergabung dengan jaringan anjing terbesar di Inggris. txt anjing ke 69696 sekarang!nyt. ec2a. 3lp £ 1.50/msg.,id,spamshield_indonesian_v1,NEEDS_REVIEW,NEEDS_REVIEW,id_nr_open,,,aa52a60b1ef0,ID gap fill from NEEDS_REVIEW. Fill label; keep NEEDS_REVIEW if unsure.,id_gap_fill
id_ss_00315,LORD OF THE RINGS:RETURN OF THE KING di toko NOW!REPLY LOTR pada 2 Juni 4 Chance 2 WIN LOTR soundtrack CDs StdTxtRate.,id,spamshield_indonesian_v1,NEEDS_REVIEW,NEEDS_REVIEW,id_nr_open,,,e349cbb30550,ID gap fill from NEEDS_REVIEW. Fill label; keep NEEDS_REVIEW if unsure.,id_gap_fill
id_ss_00316,Kami berada di sisi yang berlawanan dari mana kami melemparkan Anda,id,spamshield_indonesian_v1,NEEDS_REVIEW,NEEDS_REVIEW,id_nr_open,,,343458b5404b,ID gap fill from NEEDS_REVIEW. Fill label; keep NEEDS_REVIEW if unsure.,id_gap_fill
id_ss_00317,Hi. Happy New Year. saya tidak bermaksud untuk mengganggu tetapi dapat anda pls biarkan saya tahu berapa banyak tuisyen yang anda bayar semester lalu dan berapa banyak semester ini adalah. terima kasih,id,spamshield_indonesian_v1,NEEDS_REVIEW,NEEDS_REVIEW,id_nr_open,,,31552e7c045a,ID gap fill from NEEDS_REVIEW. Fill label; keep NEEDS_REVIEW if unsure.,id_gap_fill
id_ss_00318,"Haha, teman saya tyler secara harfiah hanya bertanya apakah Anda bisa mendapatkan dia sebuah dubsack",id,spamshield_indonesian_v1,NEEDS_REVIEW,NEEDS_REVIEW,id_nr_open,,,c5dbf13559bf,ID gap fill from NEEDS_REVIEW. Fill label; keep NEEDS_REVIEW if unsure.,id_gap_fill
id_ss_00319,"Free Msg: mendapatkan Gnarls Barkleys ""Crazy"" ringtone TOTALLY FREE hanya jawab GO ke pesan ini sekarang!",id,spamshield_indonesian_v1,NEEDS_REVIEW,NEEDS_REVIEW,id_nr_open,,,0547bb7d8e6b,ID gap fill from NEEDS_REVIEW. Fill label; keep NEEDS_REVIEW if unsure.,id_gap_fill
id_ss_00320,"Aku berada di dalam bus, aku mencintaimu",id,spamshield_indonesian_v1,NEEDS_REVIEW,NEEDS_REVIEW,id_nr_open,,,7c080087c664,ID gap fill from NEEDS_REVIEW. Fill label; keep NEEDS_REVIEW if unsure.,id_gap_fill
id_ss_00321,Jadi tidak ada pesan. ada makanan?,id,spamshield_indonesian_v1,NEEDS_REVIEW,NEEDS_REVIEW,id_nr_open,,,53bf84388ca1,ID gap fill from NEEDS_REVIEW. Fill label; keep NEEDS_REVIEW if unsure.,id_gap_fill
id_ss_00325,Unni terima kasih sayang untuk pengisian..Rakhesh,id,spamshield_indonesian_v1,NEEDS_REVIEW,NEEDS_REVIEW,id_nr_open,,,a492d1c9890f,ID gap fill from NEEDS_REVIEW. Fill label; keep NEEDS_REVIEW if unsure.,id_gap_fill
id_ss_00326,"Aiyo... pelajarannya begitu awal... aku masih tidur, haha... Okie, u go home liao den confirm w me lor...",id,spamshield_indonesian_v1,NEEDS_REVIEW,NEEDS_REVIEW,id_nr_open,,,8b04e153db4c,ID gap fill from NEEDS_REVIEW. Fill label; keep NEEDS_REVIEW if unsure.,id_gap_fill
id_ss_00329,S...i hanya akan mengambil pemain mokka :),id,spamshield_indonesian_v1,NEEDS_REVIEW,NEEDS_REVIEW,id_nr_open,,,e547f2ad884a,ID gap fill from NEEDS_REVIEW. Fill label; keep NEEDS_REVIEW if unsure.,id_gap_fill
id_ss_00330,85233 PERCUMA>Ringtone!Jawab REAL,id,spamshield_indonesian_v1,NEEDS_REVIEW,NEEDS_REVIEW,id_nr_open,,,dc9fa4cde7cb,ID gap fill from NEEDS_REVIEW. Fill label; keep NEEDS_REVIEW if unsure.,id_gap_fill
id_ss_00331,Pertanyaan berikutnya adalah: Siapa yang menyanyikan 'Uptown Girl' di tahun 80-an ? 2 jawaban txt ur ANSWER ke 83600.,id,spamshield_indonesian_v1,NEEDS_REVIEW,NEEDS_REVIEW,id_nr_open,,,80d5332c52ab,ID gap fill from NEEDS_REVIEW. Fill label; keep NEEDS_REVIEW if unsure.,id_gap_fill
id_ss_00332,penggemar olahraga - dapatkan berita olahraga terbaru str* 2 jam mobile 1 wk FREE PLUS a FREE TONE Txt SPORT ON to 8007 www.getzed.co.uk 0870141701216+ norma 4txt/120p,id,spamshield_indonesian_v1,NEEDS_REVIEW,NEEDS_REVIEW,id_nr_open,,,a3f940bdc77c,ID gap fill from NEEDS_REVIEW. Fill label; keep NEEDS_REVIEW if unsure.,id_gap_fill
id_ss_00333,"Hanya mendapatkan sedikit uang gas, ada kesempatan Anda dan geng ingin pergi ke petualangan alam yang hebat?",id,spamshield_indonesian_v1,NEEDS_REVIEW,NEEDS_REVIEW,id_nr_open,,,913e449358df,ID gap fill from NEEDS_REVIEW. Fill label; keep NEEDS_REVIEW if unsure.,id_gap_fill
id_ss_00334,Anda memiliki 1 email baru. silakan hubungi 08719181513.,id,spamshield_indonesian_v1,NEEDS_REVIEW,NEEDS_REVIEW,id_nr_open,,,cd7c9227a8d1,ID gap fill from NEEDS_REVIEW. Fill label; keep NEEDS_REVIEW if unsure.,id_gap_fill
id_ss_00335,Jadi tidak perlu memberitahu saya apa pun saya akan tidur malam yang baik,id,spamshield_indonesian_v1,NEEDS_REVIEW,NEEDS_REVIEW,id_nr_open,,,cfc52fc8c060,ID gap fill from NEEDS_REVIEW. Fill label; keep NEEDS_REVIEW if unsure.,id_gap_fill
id_ss_00336,K.K. Bulan ini kues ulang tahun tahu?,id,spamshield_indonesian_v1,NEEDS_REVIEW,NEEDS_REVIEW,id_nr_open,,,b4f271ec47ea,ID gap fill from NEEDS_REVIEW. Fill label; keep NEEDS_REVIEW if unsure.,id_gap_fill
id_ss_00339,Silahkan hubungi 08712402972 segera karena ada pesan mendesak yang menanti Anda,id,spamshield_indonesian_v1,NEEDS_REVIEW,NEEDS_REVIEW,id_nr_open,,,485ac4465521,ID gap fill from NEEDS_REVIEW. Fill label; keep NEEDS_REVIEW if unsure.,id_gap_fill
id_ss_00340,Apakah kamu tidak mengingat perdagangan lama itu?,id,spamshield_indonesian_v1,NEEDS_REVIEW,NEEDS_REVIEW,id_nr_open,,,58bd7f0d1f70,ID gap fill from NEEDS_REVIEW. Fill label; keep NEEDS_REVIEW if unsure.,id_gap_fill
id_ss_00343,Txt LOVE NAME1 NAME2 MOBNO eg LOVE ADAM EVE 07123456789 ke 87077 Yahoo! POBox36504W45WQ TxtNO 4 tidak ada iklan 150p.,id,spamshield_indonesian_v1,NEEDS_REVIEW,NEEDS_REVIEW,id_nr_open,,,0aa7e5ffda53,ID gap fill from NEEDS_REVIEW. Fill label; keep NEEDS_REVIEW if unsure.,id_gap_fill
id_ss_00345,"Sedikit senyum Ur adalah hppnss saya, satu tetes air mata Ur adalah kesedihan saya, bagian dari hati Ur adalah hidup saya, hati seperti saya ingin menjaga Anda, sebelum menjadi teman baik saya",id,spamshield_indonesian_v1,NEEDS_REVIEW,NEEDS_REVIEW,id_nr_open,,,fbece0c812e0,ID gap fill from NEEDS_REVIEW. Fill label; keep NEEDS_REVIEW if unsure.,id_gap_fill
id_ss_00346,Cobalah CHIT-CHAT di ponsel Anda sekarang! Log masuk dengan mengetik kata: CHAT dan kirim ke No: 8883 CM PO Box 4217 London W1A 6ZF 16+ 118p/msg rcvd,id,spamshield_indonesian_v1,NEEDS_REVIEW,NEEDS_REVIEW,id_nr_open,,,f5f073b0bf8a,ID gap fill from NEEDS_REVIEW. Fill label; keep NEEDS_REVIEW if unsure.,id_gap_fill
id_ss_00347,"Madu, Anda dapat mengetahui berapa banyak mereka menjual Predicte di Nigeria. dan berapa kali dapat digunakan. sangat penting untuk memiliki jawaban sebelum hari Senin",id,spamshield_indonesian_v1,NEEDS_REVIEW,NEEDS_REVIEW,id_nr_open,,,addfc8db04f0,ID gap fill from NEEDS_REVIEW. Fill label; keep NEEDS_REVIEW if unsure.,id_gap_fill
id_ss_00349,"Beberapa teman ingin saya memandu em someplace, mungkin membutuhkan waktu yang lama",id,spamshield_indonesian_v1,NEEDS_REVIEW,NEEDS_REVIEW,id_nr_open,,,010adc42abb7,ID gap fill from NEEDS_REVIEW. Fill label; keep NEEDS_REVIEW if unsure.,id_gap_fill
id_ss_00350,Untuk Euro2004 U akan diperbarui dengan berita terbaru dan hasil setiap hari. untuk dihapus mengirimkan GET TXT STOP ke 83222,id,spamshield_indonesian_v1,NEEDS_REVIEW,NEEDS_REVIEW,id_nr_open,,,57677c315add,ID gap fill from NEEDS_REVIEW. Fill label; keep NEEDS_REVIEW if unsure.,id_gap_fill
id_ss_00351,Atau hanya lakukan itu 6 kali,id,spamshield_indonesian_v1,NEEDS_REVIEW,NEEDS_REVIEW,id_nr_open,,,8eb7c0407175,ID gap fill from NEEDS_REVIEW. Fill label; keep NEEDS_REVIEW if unsure.,id_gap_fill
id_ss_00353,Natalie (20/F) mengundang Anda untuk menjadi pacarnya.Jawab YES-165 atau NO-165 Lihat dia: www.SMS.ac/u/natalie2k9 STOP?,id,spamshield_indonesian_v1,NEEDS_REVIEW,NEEDS_REVIEW,id_nr_open,,,60925a2954af,ID gap fill from NEEDS_REVIEW. Fill label; keep NEEDS_REVIEW if unsure.,id_gap_fill
id_ss_00355,"8 Maaf, saya membutuhkan sepuluh tahun untuk mandi. apa rencana?",id,spamshield_indonesian_v1,NEEDS_REVIEW,NEEDS_REVIEW,id_nr_open,,,29eedd4718e1,ID gap fill from NEEDS_REVIEW. Fill label; keep NEEDS_REVIEW if unsure.,id_gap_fill
id_ss_00356,PRIVATE! Pernyataan Akun 2003 Anda untuk menunjukkan 800 S. I. M. titik. Panggilan 08718738002 Kode Identifikasi: 48922 Hentikan 21/11/04,id,spamshield_indonesian_v1,NEEDS_REVIEW,NEEDS_REVIEW,id_nr_open,,,ea3dd83382e6,ID gap fill from NEEDS_REVIEW. Fill label; keep NEEDS_REVIEW if unsure.,id_gap_fill
id_ss_00357,"Yup... Ok, saya pulang ke rumah melihat waktu kemudian saya msg ü lagi... Xuhui akan belajar pada 2nd may juga tapi pelajarannya adalah pada 8am",id,spamshield_indonesian_v1,NEEDS_REVIEW,NEEDS_REVIEW,id_nr_open,,,2d5b7bda98bd,ID gap fill from NEEDS_REVIEW. Fill label; keep NEEDS_REVIEW if unsure.,id_gap_fill
id_ss_00358,Txt POD ke 80182 untuk mendapatkan entry (std txt rate) T&C memohon 08452810073 untuk detail 18+,id,spamshield_indonesian_v1,NEEDS_REVIEW,NEEDS_REVIEW,id_nr_open,,,8920b9e66df1,ID gap fill from NEEDS_REVIEW. Fill label; keep NEEDS_REVIEW if unsure.,id_gap_fill
id_ss_00359,Jay mengejek dan memberitahu saya bahwa x benar-benar mengejek punggung ketika kita berbicara,id,spamshield_indonesian_v1,NEEDS_REVIEW,NEEDS_REVIEW,id_nr_open,,,0ed12f78f94d,ID gap fill from NEEDS_REVIEW. Fill label; keep NEEDS_REVIEW if unsure.,id_gap_fill
id_ss_00360,Tetapi kamu bersama-sama sehingga kamu harus berpikir tentang dia.,id,spamshield_indonesian_v1,NEEDS_REVIEW,NEEDS_REVIEW,id_nr_open,,,ab7c05cbcc01,ID gap fill from NEEDS_REVIEW. Fill label; keep NEEDS_REVIEW if unsure.,id_gap_fill
id_ss_00361,8 menit untuk makan siang :),id,spamshield_indonesian_v1,NEEDS_REVIEW,NEEDS_REVIEW,id_nr_open,,,0bf1e9551ea0,ID gap fill from NEEDS_REVIEW. Fill label; keep NEEDS_REVIEW if unsure.,id_gap_fill
id_ss_00362,"Apa yang Anda anggap sebagai perlu 2 mengatur transportasi jika Anda tidak dapat melakukannya, terima kasih",id,spamshield_indonesian_v1,NEEDS_REVIEW,NEEDS_REVIEW,id_nr_open,,,36ee1fe3eabc,ID gap fill from NEEDS_REVIEW. Fill label; keep NEEDS_REVIEW if unsure.,id_gap_fill
id_ss_00363,Masa depan bukanlah apa yang kita rancang untuk besok... itu adalah hasil dari apa yang kita lakukan hari ini... lakukan yang terbaik di masa kini... nikmati masa depan.,id,spamshield_indonesian_v1,NEEDS_REVIEW,NEEDS_REVIEW,id_nr_open,,,8843842d55d7,ID gap fill from NEEDS_REVIEW. Fill label; keep NEEDS_REVIEW if unsure.,id_gap_fill
id_ss_00365,Kami memiliki tanggal lokal baru di daerah Anda - Banyak orang baru yang terdaftar di daerah Anda. jawab tanggal untuk dimulai sekarang! 18 hanya www.flirtparty.us REPLYS150,id,spamshield_indonesian_v1,NEEDS_REVIEW,NEEDS_REVIEW,id_nr_open,,,688a64e9afd7,ID gap fill from NEEDS_REVIEW. Fill label; keep NEEDS_REVIEW if unsure.,id_gap_fill
id_ss_00367,"Haha, yang terbaik adalah murah n gd food la, ex oso okie... Tergantung apakah wana makan makanan barat atau Cina... Den yang Anda lebih suka...",id,spamshield_indonesian_v1,NEEDS_REVIEW,NEEDS_REVIEW,id_nr_open,,,6d11bee1e9f8,ID gap fill from NEEDS_REVIEW. Fill label; keep NEEDS_REVIEW if unsure.,id_gap_fill
id_ss_00369,Apa diet? setiap hari saya menipu bagaimanapun. saya dimaksudkan untuk menjadi gemuk :(,id,spamshield_indonesian_v1,NEEDS_REVIEW,NEEDS_REVIEW,id_nr_open,,,11ef06623c24,ID gap fill from NEEDS_REVIEW. Fill label; keep NEEDS_REVIEW if unsure.,id_gap_fill
id_ss_00370,"SMS. ac JSco: Energi tinggi, tetapi Anda mungkin tidak tahu di mana 2kanal itu. 2hari jam keterampilan kepemimpinan r kuat. psikologis? jawab ANS w/ pertanyaan.",id,spamshield_indonesian_v1,NEEDS_REVIEW,NEEDS_REVIEW,id_nr_open,,,8011a827b04f,ID gap fill from NEEDS_REVIEW. Fill label; keep NEEDS_REVIEW if unsure.,id_gap_fill
id_ss_00371,Dalam sh tapi neva mind u makan 1st lor..,id,spamshield_indonesian_v1,NEEDS_REVIEW,NEEDS_REVIEW,id_nr_open,,,15527a4facd5,ID gap fill from NEEDS_REVIEW. Fill label; keep NEEDS_REVIEW if unsure.,id_gap_fill
id_ss_00373,Ur cash-balance saat ini 500 pound - untuk memaksimalkan ur cash-in sekarang mengirim GO ke 86688 hanya 150p/meg. CC: 08718720201 HG/Suite342/2lands Row/W1j6HL,id,spamshield_indonesian_v1,NEEDS_REVIEW,NEEDS_REVIEW,id_nr_open,,,69f91dc9c9b8,ID gap fill from NEEDS_REVIEW. Fill label; keep NEEDS_REVIEW if unsure.,id_gap_fill
id_ss_00374,"Kata-kata yang menyakitkan - ""Saya pikir bahagia adalah hal yang paling sulit di Bumi ... Tapi, yang paling sulit adalah bertindak bahagia dengan semua kesakitan yang tidak terdengar di dalamnya.""",id,spamshield_indonesian_v1,NEEDS_REVIEW,NEEDS_REVIEW,id_nr_open,,,5dc750880b5a,ID gap fill from NEEDS_REVIEW. Fill label; keep NEEDS_REVIEW if unsure.,id_gap_fill
id_ss_00375,PRIVATE! Pernyataan Akun 2003 Anda untuk 07973788240 menunjukkan 800 S. I. M. titik yang tidak dibayar. panggilan 08715203649 Kode Identifikasi: 40533 Hentikan 31/10/04,id,spamshield_indonesian_v1,NEEDS_REVIEW,NEEDS_REVIEW,id_nr_open,,,99e8d1c29a1e,ID gap fill from NEEDS_REVIEW. Fill label; keep NEEDS_REVIEW if unsure.,id_gap_fill
id_ss_00376,"Jika Anda ingin memetakan itu atau sesuatu yang terlihat ""usf dogwood drive"", itu adalah jalan kecil di mana tempat parkir adalah",id,spamshield_indonesian_v1,NEEDS_REVIEW,NEEDS_REVIEW,id_nr_open,,,1a01b77d4ab8,ID gap fill from NEEDS_REVIEW. Fill label; keep NEEDS_REVIEW if unsure.,id_gap_fill
id_ss_00379,"Maaf, saya tidak bisa membantu Anda dalam hal ini.",id,spamshield_indonesian_v1,NEEDS_REVIEW,NEEDS_REVIEW,id_nr_open,,,14d2e8553abd,ID gap fill from NEEDS_REVIEW. Fill label; keep NEEDS_REVIEW if unsure.,id_gap_fill
id_ss_00380,"Hingga saat ini, saya masih belum tahu apa yang akan saya lakukan.SelengkapnyaSelengkapnyaSelengkapnyaSelengkapnya",id,spamshield_indonesian_v1,NEEDS_REVIEW,NEEDS_REVIEW,id_nr_open,,,822f5f0d2e95,ID gap fill from NEEDS_REVIEW. Fill label; keep NEEDS_REVIEW if unsure.,id_gap_fill
id_ss_00381,PRIVATE! pernyataan akun 2003 Anda untuk menunjukkan 800 poin S.I.M. yang tidak dibayar. panggilan 08718738001 Kode Identifikasi: 49557 Berakhir 26/11/04,id,spamshield_indonesian_v1,NEEDS_REVIEW,NEEDS_REVIEW,id_nr_open,,,7b11657ee223,ID gap fill from NEEDS_REVIEW. Fill label; keep NEEDS_REVIEW if unsure.,id_gap_fill
id_ss_00382,Maaf! Anda belum bisa membatalkan langganan. paket penawaran MOB memiliki minimal waktu 54 minggu> pls permintaan resubmit setelah tamat. jawab THEMOB HELP 4 info lebih,id,spamshield_indonesian_v1,NEEDS_REVIEW,NEEDS_REVIEW,id_nr_open,,,5035c5dfe4b7,ID gap fill from NEEDS_REVIEW. Fill label; keep NEEDS_REVIEW if unsure.,id_gap_fill
id_ss_00383,Hmm...paman saya baru saja memberitahu saya bahwa dia membayar sekolah langsung. jadi pls membeli makanan.,id,spamshield_indonesian_v1,NEEDS_REVIEW,NEEDS_REVIEW,id_nr_open,,,47cd19969d1d,ID gap fill from NEEDS_REVIEW. Fill label; keep NEEDS_REVIEW if unsure.,id_gap_fill
id_ss_00384,Ketika ayah kembali.,id,spamshield_indonesian_v1,NEEDS_REVIEW,NEEDS_REVIEW,id_nr_open,,,86a0528f7d50,ID gap fill from NEEDS_REVIEW. Fill label; keep NEEDS_REVIEW if unsure.,id_gap_fill
id_ss_00385,Pergi ke Gandhipuram dan berjalan untuk menyeberangi jalan yang dipotong. &lt;#&gt; jalan di sebelah kanan dan berbalik di sebelah kanan pertama.,id,spamshield_indonesian_v1,NEEDS_REVIEW,NEEDS_REVIEW,id_nr_open,,,3db536782e71,ID gap fill from NEEDS_REVIEW. Fill label; keep NEEDS_REVIEW if unsure.,id_gap_fill
id_ss_00387,Tunggu di e car 4 mom lor. U leh? tiba di rumah sudah?,id,spamshield_indonesian_v1,NEEDS_REVIEW,NEEDS_REVIEW,id_nr_open,,,cebb87c2eaee,ID gap fill from NEEDS_REVIEW. Fill label; keep NEEDS_REVIEW if unsure.,id_gap_fill
id_ss_00388,"Pertanyaan berikutnya: Selesaikan landmark, Big, A. Bob, B. Barry atau C. Ben ?. Teks A, B atau C ke 83738.",id,spamshield_indonesian_v1,NEEDS_REVIEW,NEEDS_REVIEW,id_nr_open,,,fd849bdd79b8,ID gap fill from NEEDS_REVIEW. Fill label; keep NEEDS_REVIEW if unsure.,id_gap_fill
id_ss_00389,"“Selamat pagi, apa yang terjadi di London?",id,spamshield_indonesian_v1,NEEDS_REVIEW,NEEDS_REVIEW,id_nr_open,,,802a6ff9a26d,ID gap fill from NEEDS_REVIEW. Fill label; keep NEEDS_REVIEW if unsure.,id_gap_fill
id_ss_00390,Haiyoh... Mungkin hamster Anda cemburu pada jutaan,id,spamshield_indonesian_v1,NEEDS_REVIEW,NEEDS_REVIEW,id_nr_open,,,0c898c4d8f78,ID gap fill from NEEDS_REVIEW. Fill label; keep NEEDS_REVIEW if unsure.,id_gap_fill
id_ss_00391,Sebenarnya sudah siap untuk meninggalkan rumah.,id,spamshield_indonesian_v1,NEEDS_REVIEW,NEEDS_REVIEW,id_nr_open,,,145f193b27b2,ID gap fill from NEEDS_REVIEW. Fill label; keep NEEDS_REVIEW if unsure.,id_gap_fill
id_ss_00392,Anda dianugerahkan SiPix Digital Camera! call 09061221061 dari landline. penghantaran dalam waktu 28 hari. T Cs Box177. M221BP. 2yr jaminan. 150ppm. 16 . p£3.99,id,spamshield_indonesian_v1,NEEDS_REVIEW,NEEDS_REVIEW,id_nr_open,,,5e03e08efd8b,ID gap fill from NEEDS_REVIEW. Fill label; keep NEEDS_REVIEW if unsure.,id_gap_fill
id_ss_00393,“Tidak apa-apa.Tetapi Dun memberitahu dia untuk menunggu dia mendapat kepuasan...,id,spamshield_indonesian_v1,NEEDS_REVIEW,NEEDS_REVIEW,id_nr_open,,,0a28e7050be9,ID gap fill from NEEDS_REVIEW. Fill label; keep NEEDS_REVIEW if unsure.,id_gap_fill
id_ss_00394,"Oh ya, itu membingungkan hal-hal, bukan?",id,spamshield_indonesian_v1,NEEDS_REVIEW,NEEDS_REVIEW,id_nr_open,,,9a2a7496236d,ID gap fill from NEEDS_REVIEW. Fill label; keep NEEDS_REVIEW if unsure.,id_gap_fill
id_ss_00395,Dapatkah Anda masuk hanya untuk sec? ada seseorang di sini saya ingin Anda melihat,id,spamshield_indonesian_v1,NEEDS_REVIEW,NEEDS_REVIEW,id_nr_open,,,cdceaf4fbc50,ID gap fill from NEEDS_REVIEW. Fill label; keep NEEDS_REVIEW if unsure.,id_gap_fill
id_ss_00396,"Untuk informasi Anda, IKEA dilipat dengan semua kapsul. itu tidak berteriak. ketika Anda berpikir saya telah meninggalkan Anda, Anda sedang duduk di tempat tidur di tengah-tengah kebingungan ketika saya masuk. saya berkata kami akan pergi setelah Anda pulang dari kelas. tolong jangan cuba dan bullshit saya. itu membuat saya ingin mendengarkan Anda kurang.",id,spamshield_indonesian_v1,NEEDS_REVIEW,NEEDS_REVIEW,id_nr_open,,,a005d502a6d9,ID gap fill from NEEDS_REVIEW. Fill label; keep NEEDS_REVIEW if unsure.,id_gap_fill
id_ss_00400,Dan miss vday parachute dan double coins??? Anda tidak perlu mengenali saya sangat baik...,id,spamshield_indonesian_v1,NEEDS_REVIEW,NEEDS_REVIEW,id_nr_open,,,8ae083cc2a12,ID gap fill from NEEDS_REVIEW. Fill label; keep NEEDS_REVIEW if unsure.,id_gap_fill
id_ss_00402,"Terakhir Nokia Mobile atau iPod MP3 Player +£400 proze GARANTI! Jawab dengan: WIN ke 83355 sekarang! Norcorp Ltd.£1,50/Mtmsgrcvd18+",id,spamshield_indonesian_v1,NEEDS_REVIEW,NEEDS_REVIEW,id_nr_open,,,023be88c0e0d,ID gap fill from NEEDS_REVIEW. Fill label; keep NEEDS_REVIEW if unsure.,id_gap_fill
id_ss_00403,Tidur dan surfing,id,spamshield_indonesian_v1,NEEDS_REVIEW,NEEDS_REVIEW,id_nr_open,,,ae056fde6fed,ID gap fill from NEEDS_REVIEW. Fill label; keep NEEDS_REVIEW if unsure.,id_gap_fill
id_ss_00404,Kapan waktu saya harus memberitahu teman saya untuk berada di sekitar?,id,spamshield_indonesian_v1,NEEDS_REVIEW,NEEDS_REVIEW,id_nr_open,,,0ab0ee5ae2a6,ID gap fill from NEEDS_REVIEW. Fill label; keep NEEDS_REVIEW if unsure.,id_gap_fill
id_ss_00405,Ah poop. kelihatan seperti sakit prob harus mengirim ke laptop saya untuk mendapatkan fixed cuz itu memiliki masalah gpu,id,spamshield_indonesian_v1,NEEDS_REVIEW,NEEDS_REVIEW,id_nr_open,,,7687511dfe00,ID gap fill from NEEDS_REVIEW. Fill label; keep NEEDS_REVIEW if unsure.,id_gap_fill
id_ss_00406,Pertemuan akhir pertemuan pertama memanggil saya.,id,spamshield_indonesian_v1,NEEDS_REVIEW,NEEDS_REVIEW,id_nr_open,,,858e751fbfd3,ID gap fill from NEEDS_REVIEW. Fill label; keep NEEDS_REVIEW if unsure.,id_gap_fill
id_ss_00407,Lebih banyak orang sedang mencari anjing di daerah Anda sekarang. hubungi 09090204448 dan bergabung seperti orang-orang yang berpikir. mengapa tidak mengatur 1 diri sendiri. ada 1 malam ini. A£1.50 minAPN LS278BB,id,spamshield_indonesian_v1,NEEDS_REVIEW,NEEDS_REVIEW,id_nr_open,,,1ef2058eb425,ID gap fill from NEEDS_REVIEW. Fill label; keep NEEDS_REVIEW if unsure.,id_gap_fill
id_ss_00408,FreeMsg: Txt: CALL to No: 86888 & menuntut ganjaran Anda dari 3 jam waktu bicara untuk digunakan dari telepon Anda sekarang! Subscribe6GBP/mnth inc 3hrs 16 stop?txtStop,id,spamshield_indonesian_v1,NEEDS_REVIEW,NEEDS_REVIEW,id_nr_open,,,df04e2249182,ID gap fill from NEEDS_REVIEW. Fill label; keep NEEDS_REVIEW if unsure.,id_gap_fill
id_ss_00409,Cps menyebabkan kekurangan untuk menyimpan energi.,id,spamshield_indonesian_v1,NEEDS_REVIEW,NEEDS_REVIEW,id_nr_open,,,5a97af4bd203,ID gap fill from NEEDS_REVIEW. Fill label; keep NEEDS_REVIEW if unsure.,id_gap_fill
id_ss_00410,Anda telah terpilih khusus untuk menerima penghargaan £ 2000! hubungi 08712402050 di depan garis tertutup. biaya 10ppm. 16+. T&C berlaku.,id,spamshield_indonesian_v1,NEEDS_REVIEW,NEEDS_REVIEW,id_nr_open,,,0823e7382e5d,ID gap fill from NEEDS_REVIEW. Fill label; keep NEEDS_REVIEW if unsure.,id_gap_fill
id_ss_00411,C film adalah juz keputusan menit terakhir mah. Juz menonton 2 lar tapi saya tidak tertarik.,id,spamshield_indonesian_v1,NEEDS_REVIEW,NEEDS_REVIEW,id_nr_open,,,584eff8c6dca,ID gap fill from NEEDS_REVIEW. Fill label; keep NEEDS_REVIEW if unsure.,id_gap_fill
id_ss_00413,Arda 6 seperti dat lor.,id,spamshield_indonesian_v1,NEEDS_REVIEW,NEEDS_REVIEW,id_nr_open,,,acc6d8bb449f,ID gap fill from NEEDS_REVIEW. Fill label; keep NEEDS_REVIEW if unsure.,id_gap_fill
id_ss_00414,Selamat bercuti. selamat bercuti. selamat bercuti. selamat bercuti. selamat bercuti. selamat bercuti.,id,spamshield_indonesian_v1,NEEDS_REVIEW,NEEDS_REVIEW,id_nr_open,,,33009e58b78e,ID gap fill from NEEDS_REVIEW. Fill label; keep NEEDS_REVIEW if unsure.,id_gap_fill
id_ss_00415,"Sebagai pelanggan yang dihargai, saya senang untuk menyarankan Anda bahwa setelah ulasan terbaru dari Mob No. Anda dianugerahkan dengan Bonus £ 1500, hubungi 09066364589",id,spamshield_indonesian_v1,NEEDS_REVIEW,NEEDS_REVIEW,id_nr_open,,,801acaee4666,ID gap fill from NEEDS_REVIEW. Fill label; keep NEEDS_REVIEW if unsure.,id_gap_fill
id_ss_00416,"Yep, oleh patung yang indah",id,spamshield_indonesian_v1,NEEDS_REVIEW,NEEDS_REVIEW,id_nr_open,,,4c45861957b2,ID gap fill from NEEDS_REVIEW. Fill label; keep NEEDS_REVIEW if unsure.,id_gap_fill
id_ss_00417,di rumah di jalan,id,spamshield_indonesian_v1,NEEDS_REVIEW,NEEDS_REVIEW,id_nr_open,,,e1b64be266f1,ID gap fill from NEEDS_REVIEW. Fill label; keep NEEDS_REVIEW if unsure.,id_gap_fill
id_ss_00418,Mereka melakukannya di banyak tempat. hanya rumah sakit dan tempat perubatan yang aman.,id,spamshield_indonesian_v1,NEEDS_REVIEW,NEEDS_REVIEW,id_nr_open,,,5345922fcaf0,ID gap fill from NEEDS_REVIEW. Fill label; keep NEEDS_REVIEW if unsure.,id_gap_fill
id_ss_00419,"Pernahkah Anda mendengar tentang ""Divorce Barbie"" baru? itu datang dengan semua hal Ken!",id,spamshield_indonesian_v1,NEEDS_REVIEW,NEEDS_REVIEW,id_nr_open,,,cc463f4e6600,ID gap fill from NEEDS_REVIEW. Fill label; keep NEEDS_REVIEW if unsure.,id_gap_fill
id_ss_00420,Bayangkan dia ingin waktu sendirian. kita hanya bisa menunjukkan dan menonton ketika mereka melakukannya..,id,spamshield_indonesian_v1,NEEDS_REVIEW,NEEDS_REVIEW,id_nr_open,,,183a027eac0e,ID gap fill from NEEDS_REVIEW. Fill label; keep NEEDS_REVIEW if unsure.,id_gap_fill
id_ss_00423,"Tidak ada masalah, ambil waktu.",id,spamshield_indonesian_v1,NEEDS_REVIEW,NEEDS_REVIEW,id_nr_open,,,a10d770d1516,ID gap fill from NEEDS_REVIEW. Fill label; keep NEEDS_REVIEW if unsure.,id_gap_fill
id_ss_00425,Itu vl bcum lebih sulit..,id,spamshield_indonesian_v1,NEEDS_REVIEW,NEEDS_REVIEW,id_nr_open,,,b4dc9624ba57,ID gap fill from NEEDS_REVIEW. Fill label; keep NEEDS_REVIEW if unsure.,id_gap_fill
id_ss_00426,Dari 88066 Lost £12 Bantuan,id,spamshield_indonesian_v1,NEEDS_REVIEW,NEEDS_REVIEW,id_nr_open,,,e8f07ed49826,ID gap fill from NEEDS_REVIEW. Fill label; keep NEEDS_REVIEW if unsure.,id_gap_fill
id_ss_00427,"Dalam The Simpsons Movie yang dirilis pada Juli 2007 nama band yang meninggal pada awal film? A-Green Day, B-Blue Day, C-Red Day. (Send A, B atau C)",id,spamshield_indonesian_v1,NEEDS_REVIEW,NEEDS_REVIEW,id_nr_open,,,d799080c2a9e,ID gap fill from NEEDS_REVIEW. Fill label; keep NEEDS_REVIEW if unsure.,id_gap_fill
id_ss_00429,"Kata-kata yang baik, tetapi kata-kata dapat membuat Anda kecewa banyak kali.",id,spamshield_indonesian_v1,NEEDS_REVIEW,NEEDS_REVIEW,id_nr_open,,,f38864a43d90,ID gap fill from NEEDS_REVIEW. Fill label; keep NEEDS_REVIEW if unsure.,id_gap_fill
id_ss_00431,Anda bisa melihat 4 saya di da lib saya mendapatkan hal-hal yang belum selesai.,id,spamshield_indonesian_v1,NEEDS_REVIEW,NEEDS_REVIEW,id_nr_open,,,d0f4e64f5bdf,ID gap fill from NEEDS_REVIEW. Fill label; keep NEEDS_REVIEW if unsure.,id_gap_fill
id_ss_00432,Bagaimanakah Guoyang datang untuk memberitahunya? kemudian Anda memberitahunya?,id,spamshield_indonesian_v1,NEEDS_REVIEW,NEEDS_REVIEW,id_nr_open,,,70aee5121699,ID gap fill from NEEDS_REVIEW. Fill label; keep NEEDS_REVIEW if unsure.,id_gap_fill
id_ss_00433,Saya baru 2 club & don't fink kami bertemu lagi Will B gr8 2 C U Tolong tinggalkan msg 2 hari wiv ur area 09099726553 jawab dijanjikan CARLIE x Panggilan£1/minMobsmore LKPOBOX177HP51FL,id,spamshield_indonesian_v1,NEEDS_REVIEW,NEEDS_REVIEW,id_nr_open,,,263095a042d3,ID gap fill from NEEDS_REVIEW. Fill label; keep NEEDS_REVIEW if unsure.,id_gap_fill
id_ss_00434,SplashMobile: Pilih dari 1000s dari gr8 ton setiap wk! ini adalah layanan langganan dengan ton mingguan biaya 300p. U memiliki satu kredit - kick back dan ENJOY,id,spamshield_indonesian_v1,NEEDS_REVIEW,NEEDS_REVIEW,id_nr_open,,,261bd41947ac,ID gap fill from NEEDS_REVIEW. Fill label; keep NEEDS_REVIEW if unsure.,id_gap_fill
id_ss_00435,Anda memiliki pengumuman layanan pelanggan penting dari PREMIER.,id,spamshield_indonesian_v1,NEEDS_REVIEW,NEEDS_REVIEW,id_nr_open,,,084360d13688,ID gap fill from NEEDS_REVIEW. Fill label; keep NEEDS_REVIEW if unsure.,id_gap_fill
id_ss_00437,"Ya mereka baik dan bagus., BBD(pooja) penuh jerawat.. bahkan dia menjadi agak hitam.. dan ur rite di sini terlalu dingin, memakai sweater..",id,spamshield_indonesian_v1,NEEDS_REVIEW,NEEDS_REVIEW,id_nr_open,,,1f5f05e14d05,ID gap fill from NEEDS_REVIEW. Fill label; keep NEEDS_REVIEW if unsure.,id_gap_fill
id_ss_00440,Yup Ok...,id,spamshield_indonesian_v1,NEEDS_REVIEW,NEEDS_REVIEW,id_nr_open,,,e715092a742f,ID gap fill from NEEDS_REVIEW. Fill label; keep NEEDS_REVIEW if unsure.,id_gap_fill
id_ss_00441,Yup ü tidak datang :-(,id,spamshield_indonesian_v1,NEEDS_REVIEW,NEEDS_REVIEW,id_nr_open,,,5ae23fb11a27,ID gap fill from NEEDS_REVIEW. Fill label; keep NEEDS_REVIEW if unsure.,id_gap_fill
id_ss_00442,Pernikahan rumah tangga! Chat n tanggal sekarang! 0871750.77.11! BT-national rate 10p/min hanya dari landlines!,id,spamshield_indonesian_v1,NEEDS_REVIEW,NEEDS_REVIEW,id_nr_open,,,874ac97333c5,ID gap fill from NEEDS_REVIEW. Fill label; keep NEEDS_REVIEW if unsure.,id_gap_fill
id_ss_00444,Hey next sun 1030 ada kursus yoga dasar... di bugis... kita bisa pergi untuk itu... Pilates intro seterusnya... Beritahu saya berapa waktu Anda bebas,id,spamshield_indonesian_v1,NEEDS_REVIEW,NEEDS_REVIEW,id_nr_open,,,3cc53b86c0a6,ID gap fill from NEEDS_REVIEW. Fill label; keep NEEDS_REVIEW if unsure.,id_gap_fill
id_ss_00445,* Akan memiliki dua kartu lagi di luar dan sangat senang dengan rak,id,spamshield_indonesian_v1,NEEDS_REVIEW,NEEDS_REVIEW,id_nr_open,,,eb6e2e0d4f94,ID gap fill from NEEDS_REVIEW. Fill label; keep NEEDS_REVIEW if unsure.,id_gap_fill
id_ss_00446,Sebaiknya datang ke sini dan coba :),id,spamshield_indonesian_v1,NEEDS_REVIEW,NEEDS_REVIEW,id_nr_open,,,a664a89431a9,ID gap fill from NEEDS_REVIEW. Fill label; keep NEEDS_REVIEW if unsure.,id_gap_fill
id_ss_00447,Kemudian kau bertanya darren go n pick u lor... Tapi i oso sian tmr haf 2 bertemu lect...,id,spamshield_indonesian_v1,NEEDS_REVIEW,NEEDS_REVIEW,id_nr_open,,,2ba45daae7d2,ID gap fill from NEEDS_REVIEW. Fill label; keep NEEDS_REVIEW if unsure.,id_gap_fill
id_ss_00448,Panggilan Jerman hanya untuk 1 pence per menit! Panggilan dari garis tetap melalui nomor akses 0844 861 85 85. Tidak ada prabayar. akses langsung! www.telediscount.co.uk,id,spamshield_indonesian_v1,NEEDS_REVIEW,NEEDS_REVIEW,id_nr_open,,,78f247f6f7cd,ID gap fill from NEEDS_REVIEW. Fill label; keep NEEDS_REVIEW if unsure.,id_gap_fill
id_ss_00451,"Ingin mengatur ur fone dengan ton baru mingguan jawab TONES2U 2 teks ini. www.ringtones.co.uk, yang asli n terbaik. Tones 3GBP jaringan operator tingkat berlaku",id,spamshield_indonesian_v1,NEEDS_REVIEW,NEEDS_REVIEW,id_nr_open,,,bbc9152bd066,ID gap fill from NEEDS_REVIEW. Fill label; keep NEEDS_REVIEW if unsure.,id_gap_fill
id_ss_00452,"Ini bisa bekerja, kita akan mencapai konsensus di pertemuan berikutnya",id,spamshield_indonesian_v1,NEEDS_REVIEW,NEEDS_REVIEW,id_nr_open,,,1a8ecd041185,ID gap fill from NEEDS_REVIEW. Fill label; keep NEEDS_REVIEW if unsure.,id_gap_fill
id_ss_00453,"Congrats! 2 mobile 3G Videophones R yours. call 09063458130 sekarang! videochat wid your mates, bermain game java, Dload polyPH musik, noline rentl.",id,spamshield_indonesian_v1,NEEDS_REVIEW,NEEDS_REVIEW,id_nr_open,,,7516784a20e3,ID gap fill from NEEDS_REVIEW. Fill label; keep NEEDS_REVIEW if unsure.,id_gap_fill
id_ss_00454,Huh begitu lambat i tot u sampai lama lalu liao... U 2 lebih hari hanya i 4 lebih leh...,id,spamshield_indonesian_v1,NEEDS_REVIEW,NEEDS_REVIEW,id_nr_open,,,c154ee7db0da,ID gap fill from NEEDS_REVIEW. Fill label; keep NEEDS_REVIEW if unsure.,id_gap_fill
id_ss_00455,Apakah Anda masih datang malam ini?,id,spamshield_indonesian_v1,NEEDS_REVIEW,NEEDS_REVIEW,id_nr_open,,,fa3e56d7b8d5,ID gap fill from NEEDS_REVIEW. Fill label; keep NEEDS_REVIEW if unsure.,id_gap_fill
id_ss_00457,"Dia tidak bisa berdebat dengan dan dia selalu memperlakukan saya seperti anaknya, seperti dia tidak pernah melepaskan saya ... Apa yang dia lakukan dan saya akan mengingatkan dia tentang itu jika perlu",id,spamshield_indonesian_v1,NEEDS_REVIEW,NEEDS_REVIEW,id_nr_open,,,952b804ed2d7,ID gap fill from NEEDS_REVIEW. Fill label; keep NEEDS_REVIEW if unsure.,id_gap_fill
id_ss_00458,"Tick, tick, tick... di mana kamu? aku bisa mati dari kesepian yang kamu ketahui! *puts* *puts kaki* aku membutuhkan kamu...",id,spamshield_indonesian_v1,NEEDS_REVIEW,NEEDS_REVIEW,id_nr_open,,,3525ee719181,ID gap fill from NEEDS_REVIEW. Fill label; keep NEEDS_REVIEW if unsure.,id_gap_fill
id_ss_00459,"Selamat sore, sayangku! bagaimana hari itu ? saya harap mungkin Anda mendapatkan beberapa led pada pekerjaan. saya berpikir tentang Anda, boytoy dan mengirimkan Anda ciuman yang penuh semangat dari seluruh laut",id,spamshield_indonesian_v1,NEEDS_REVIEW,NEEDS_REVIEW,id_nr_open,,,91092729d8a7,ID gap fill from NEEDS_REVIEW. Fill label; keep NEEDS_REVIEW if unsure.,id_gap_fill
id_ss_00460,Apa yang ingin Anda lakukan dengan Miss?,id,spamshield_indonesian_v1,NEEDS_REVIEW,NEEDS_REVIEW,id_nr_open,,,6ada35fec1e1,ID gap fill from NEEDS_REVIEW. Fill label; keep NEEDS_REVIEW if unsure.,id_gap_fill
id_ss_00461,Aku tidak datang ke rumah untuk makan malam.,id,spamshield_indonesian_v1,NEEDS_REVIEW,NEEDS_REVIEW,id_nr_open,,,95b5305d241c,ID gap fill from NEEDS_REVIEW. Fill label; keep NEEDS_REVIEW if unsure.,id_gap_fill
id_ss_00462,Terima kasih untuk saran. nikmati malam Anda di luar. saya mencoba untuk mendapatkan beberapa tidur...,id,spamshield_indonesian_v1,NEEDS_REVIEW,NEEDS_REVIEW,id_nr_open,,,79c7e9ff4f04,ID gap fill from NEEDS_REVIEW. Fill label; keep NEEDS_REVIEW if unsure.,id_gap_fill
id_ss_00465,PRIVATE! Pernyataan Akun 2003 Anda untuk menunjukkan 800 S. I. M. titik. Panggilan 08715203652 Kode Identifikasi: 42810 Berakhir 29/10/0,id,spamshield_indonesian_v1,NEEDS_REVIEW,NEEDS_REVIEW,id_nr_open,,,ea3dd83382e6,ID gap fill from NEEDS_REVIEW. Fill label; keep NEEDS_REVIEW if unsure.,id_gap_fill
id_ss_00466,Kami telah bercerai. lol. she.s di sini,id,spamshield_indonesian_v1,NEEDS_REVIEW,NEEDS_REVIEW,id_nr_open,,,b9f06110ad4c,ID gap fill from NEEDS_REVIEW. Fill label; keep NEEDS_REVIEW if unsure.,id_gap_fill
id_ss_00467,"Fakta bahwa Anda membersihkan menunjukkan Anda tahu mengapa saya marah. prioritas Anda adalah terus-menerus ""apa yang ingin saya lakukan,"" bukan ""apa yang perlu saya lakukan.""",id,spamshield_indonesian_v1,NEEDS_REVIEW,NEEDS_REVIEW,id_nr_open,,,56ae9a4e7d51,ID gap fill from NEEDS_REVIEW. Fill label; keep NEEDS_REVIEW if unsure.,id_gap_fill
id_ss_00468,Hey! do u fancy bertemu saya di 4 di cha - ada minuman lil pada saya. jika tidak txt atau hubungi saya dan kita bisa bertemu l8r. cukup lelah mendapatkan di 3 v.pist ;) cinta Pete x x x,id,spamshield_indonesian_v1,NEEDS_REVIEW,NEEDS_REVIEW,id_nr_open,,,486435628c76,ID gap fill from NEEDS_REVIEW. Fill label; keep NEEDS_REVIEW if unsure.,id_gap_fill
id_ss_00469,"Sunshine Hols. Untuk menuntut ur med holiday kirim sampul alamat diri yang dicetak ke Drinks on Us UK, PO Box 113, Bray, Wicklow, Eire. Quiz Bermula Sabtu!",id,spamshield_indonesian_v1,NEEDS_REVIEW,NEEDS_REVIEW,id_nr_open,,,c4cc5fde9cc9,ID gap fill from NEEDS_REVIEW. Fill label; keep NEEDS_REVIEW if unsure.,id_gap_fill
id_ss_00471,Double Mins & Double Txt & 1/2 harga Linerental pada ponsel Bluetooth Orange terbaru. hubungi MobileUpd8 untuk penawaran terbaru. 08000839402 atau call2optout/LF56,id,spamshield_indonesian_v1,NEEDS_REVIEW,NEEDS_REVIEW,id_nr_open,,,03390b82c3b0,ID gap fill from NEEDS_REVIEW. Fill label; keep NEEDS_REVIEW if unsure.,id_gap_fill
id_ss_00472,Hey Anda memberi mereka foto Anda ketika Anda mendaftar untuk memandu ah? Tmr ingin bertemu di yck?,id,spamshield_indonesian_v1,NEEDS_REVIEW,NEEDS_REVIEW,id_nr_open,,,cf01ba24a2f2,ID gap fill from NEEDS_REVIEW. Fill label; keep NEEDS_REVIEW if unsure.,id_gap_fill
id_ss_00473,Panggilan Jerman hanya untuk 1 pence per menit! Panggilan dari garis tetap melalui nomor akses 0844 861 85 85.,id,spamshield_indonesian_v1,NEEDS_REVIEW,NEEDS_REVIEW,id_nr_open,,,78f247f6f7cd,ID gap fill from NEEDS_REVIEW. Fill label; keep NEEDS_REVIEW if unsure.,id_gap_fill
id_ss_00474,Ok baik kemudian saya datang kemudian menemukan ü... C lucky saya katakan ü untuk pergi lebih awal... Kemudian pple mengambil akhir ü tidak lagi...,id,spamshield_indonesian_v1,NEEDS_REVIEW,NEEDS_REVIEW,id_nr_open,,,cf2743924361,ID gap fill from NEEDS_REVIEW. Fill label; keep NEEDS_REVIEW if unsure.,id_gap_fill
id_ss_00475,Hanya kamu yang memanggilnya adalah seseorang dengan nomor seperti milikmu!,id,spamshield_indonesian_v1,NEEDS_REVIEW,NEEDS_REVIEW,id_nr_open,,,1a9ba08c1e63,ID gap fill from NEEDS_REVIEW. Fill label; keep NEEDS_REVIEW if unsure.,id_gap_fill
id_ss_00476,Saya berada di dalam kantor..terus mengisi formulir.jangan tahu kapan mereka meninggalkan saya.,id,spamshield_indonesian_v1,NEEDS_REVIEW,NEEDS_REVIEW,id_nr_open,,,82cc7201262b,ID gap fill from NEEDS_REVIEW. Fill label; keep NEEDS_REVIEW if unsure.,id_gap_fill
id_ss_00478,Rekkon harus berada di kota sampai kedelapan untuk berjalan kaki dari * carpark.,id,spamshield_indonesian_v1,NEEDS_REVIEW,NEEDS_REVIEW,id_nr_open,,,f8c80f5c3892,ID gap fill from NEEDS_REVIEW. Fill label; keep NEEDS_REVIEW if unsure.,id_gap_fill
id_ss_00479,25p 4 alfie Anak-anak Bulan dalam kebutuhan lagu pada ur mob. Tell ur m8s. Txt Tone amal ke 8007 untuk Nokias atau Poly amal untuk polys: zed 08701417012 keuntungan 2 amal.,id,spamshield_indonesian_v1,NEEDS_REVIEW,NEEDS_REVIEW,id_nr_open,,,d62b814c5aaa,ID gap fill from NEEDS_REVIEW. Fill label; keep NEEDS_REVIEW if unsure.,id_gap_fill
id_ss_00480,Apakah kertas ur dalam e morn atau aft tmr?,id,spamshield_indonesian_v1,NEEDS_REVIEW,NEEDS_REVIEW,id_nr_open,,,fd8654cf29c4,ID gap fill from NEEDS_REVIEW. Fill label; keep NEEDS_REVIEW if unsure.,id_gap_fill
id_ss_00482,O I memainkan smash bros &lt;#&gt; secara religius.,id,spamshield_indonesian_v1,NEEDS_REVIEW,NEEDS_REVIEW,id_nr_open,,,6ba58c4fcaa1,ID gap fill from NEEDS_REVIEW. Fill label; keep NEEDS_REVIEW if unsure.,id_gap_fill
id_ss_00483,Aku memberitahukan nomormu untuk mendapatkan...,id,spamshield_indonesian_v1,NEEDS_REVIEW,NEEDS_REVIEW,id_nr_open,,,0e72190b741a,ID gap fill from NEEDS_REVIEW. Fill label; keep NEEDS_REVIEW if unsure.,id_gap_fill
id_ss_00484,informasi penting 4 pengguna orange . hari ini adalah hari keberuntungan Anda!2menjelajahi mengapa log di http://www.urawinner.com DI SINI A FANTASTIC SURPRISE AWAITING YOU!,id,spamshield_indonesian_v1,NEEDS_REVIEW,NEEDS_REVIEW,id_nr_open,,,eea8e850a613,ID gap fill from NEEDS_REVIEW. Fill label; keep NEEDS_REVIEW if unsure.,id_gap_fill
id_ss_00485,Sebenarnya kapan kau pergi? saya pikir addie kembali ke sekolah tues atau wed,id,spamshield_indonesian_v1,NEEDS_REVIEW,NEEDS_REVIEW,id_nr_open,,,7b127b36e7be,ID gap fill from NEEDS_REVIEW. Fill label; keep NEEDS_REVIEW if unsure.,id_gap_fill
id_ss_00486,"Nombor Todays Voda berakhir 1225 dipilih untuk menerima £50award.Jika Anda memiliki pertandingan, silakan hubungi 08712300220 mengutip kode tuntutan 3100 standard rate app",id,spamshield_indonesian_v1,NEEDS_REVIEW,NEEDS_REVIEW,id_nr_open,,,4021ba3c9dbc,ID gap fill from NEEDS_REVIEW. Fill label; keep NEEDS_REVIEW if unsure.,id_gap_fill
id_ss_00488,BACA JUGA: BACA JUGA: BACA JUGA: BACA JUGA: BACA JUGA: BACA JUGA: BACA JUGA: BACA JUGA: BACA JUGA: BACA JUGA: BACA JUGA: BACA JUGA: BACA JUGA: BACA JUGA: BACA JUGA: BACA JUGA: BACA JUGA: BACA JUGA: BACA JUGA: BACA JUGA: BACA JUGA: BACA JUGA,id,spamshield_indonesian_v1,NEEDS_REVIEW,NEEDS_REVIEW,id_nr_open,,,7ac5e4546127,ID gap fill from NEEDS_REVIEW. Fill label; keep NEEDS_REVIEW if unsure.,id_gap_fill
id_ss_00489,"LookAtMe!: Terima kasih untuk pembelian klip video dari LookAtMe!, Anda telah dimuat 35p. berpikir Anda bisa lebih baik?",id,spamshield_indonesian_v1,NEEDS_REVIEW,NEEDS_REVIEW,id_nr_open,,,ccc4b60dc510,ID gap fill from NEEDS_REVIEW. Fill label; keep NEEDS_REVIEW if unsure.,id_gap_fill
id_ss_00490,Suara seperti sesuatu yang seseorang yang menguji saya akan mengatakan,id,spamshield_indonesian_v1,NEEDS_REVIEW,NEEDS_REVIEW,id_nr_open,,,8872f7da6f1a,ID gap fill from NEEDS_REVIEW. Fill label; keep NEEDS_REVIEW if unsure.,id_gap_fill
id_ss_00491,Saya mengambilnya kami tidak memiliki panggilan telepon Jumat. bolehkah kita menganggap kami tidak akan mendapatkannya tahun ini sekarang?,id,spamshield_indonesian_v1,NEEDS_REVIEW,NEEDS_REVIEW,id_nr_open,,,de5867680d38,ID gap fill from NEEDS_REVIEW. Fill label; keep NEEDS_REVIEW if unsure.,id_gap_fill
id_ss_00493,Jangan letakkan ponsel Anda di mode senyap OK,id,spamshield_indonesian_v1,NEEDS_REVIEW,NEEDS_REVIEW,id_nr_open,,,ef5bdf62a9b4,ID gap fill from NEEDS_REVIEW. Fill label; keep NEEDS_REVIEW if unsure.,id_gap_fill
id_ss_00494,"Seseorang yang Anda ketahui telah meminta layanan kencan kami 2 hubungi Anda! Cant guess who? CALL 09058095107 NOW semuanya akan didedahkan. POBox 7, S3XY 150p",id,spamshield_indonesian_v1,NEEDS_REVIEW,NEEDS_REVIEW,id_nr_open,,,669e860d3651,ID gap fill from NEEDS_REVIEW. Fill label; keep NEEDS_REVIEW if unsure.,id_gap_fill
id_ss_00496,Tahukah Anda kapan hasilnya?,id,spamshield_indonesian_v1,NEEDS_REVIEW,NEEDS_REVIEW,id_nr_open,,,dd1847ec371c,ID gap fill from NEEDS_REVIEW. Fill label; keep NEEDS_REVIEW if unsure.,id_gap_fill
id_ss_00497,"Urgent! silakan hubungi 0906346330. ABTA komplimentary 4* Spanyol Percutian atau £10,000 tunai menunggu koleksi SAE T&Cs BOX 47 PO19 2EZ 150ppm 18+",id,spamshield_indonesian_v1,NEEDS_REVIEW,NEEDS_REVIEW,id_nr_open,,,73ccd4f9f281,ID gap fill from NEEDS_REVIEW. Fill label; keep NEEDS_REVIEW if unsure.,id_gap_fill
id_ss_00498,Nope I'm not drivin... I neva mengembangkan da foto lei...,id,spamshield_indonesian_v1,NEEDS_REVIEW,NEEDS_REVIEW,id_nr_open,,,44a0171241d5,ID gap fill from NEEDS_REVIEW. Fill label; keep NEEDS_REVIEW if unsure.,id_gap_fill
id_ss_00500,Apa yang terjadi pada cruise,id,spamshield_indonesian_v1,NEEDS_REVIEW,NEEDS_REVIEW,id_nr_open,,,853fefd07de8,ID gap fill from NEEDS_REVIEW. Fill label; keep NEEDS_REVIEW if unsure.,id_gap_fill
id_ss_00501,Oh yeah... kami tidak pernah membatalkan leh... hahaha,id,spamshield_indonesian_v1,NEEDS_REVIEW,NEEDS_REVIEW,id_nr_open,,,b918de0255df,ID gap fill from NEEDS_REVIEW. Fill label; keep NEEDS_REVIEW if unsure.,id_gap_fill
id_ss_00502,PRIVATE! Pernyataan Akun 2003 Anda untuk menunjukkan 800 poin S.I.M. yang tidak dibayar. panggilan 08715203685 Identifier Code:4xx26 Berakhir 13/10/04,id,spamshield_indonesian_v1,NEEDS_REVIEW,NEEDS_REVIEW,id_nr_open,,,ea3dd83382e6,ID gap fill from NEEDS_REVIEW. Fill label; keep NEEDS_REVIEW if unsure.,id_gap_fill
id_ss_00503,Keguguran memanggil Anda sakit malam beberapa ide.,id,spamshield_indonesian_v1,NEEDS_REVIEW,NEEDS_REVIEW,id_nr_open,,,fc29d68a1d41,ID gap fill from NEEDS_REVIEW. Fill label; keep NEEDS_REVIEW if unsure.,id_gap_fill
id_ss_00504,Itu berjalan baik...tidak masalah...tetapi masih membutuhkan sedikit pengalaman untuk memahami suara pelanggan Amerika...,id,spamshield_indonesian_v1,NEEDS_REVIEW,NEEDS_REVIEW,id_nr_open,,,3802a3e7f363,ID gap fill from NEEDS_REVIEW. Fill label; keep NEEDS_REVIEW if unsure.,id_gap_fill
id_ss_00505,"Anda dapat menghentikan ton klub lebih lanjut dengan mengisi ""STOP MIX"" Lihat my-tone.com/enjoy. html untuk istilah. ton klub biaya GBP4.50/minggu. MFL, PO Box 1146 MK45 2WT (2/3)",id,spamshield_indonesian_v1,NEEDS_REVIEW,NEEDS_REVIEW,id_nr_open,,,b2f45c5e0f8d,ID gap fill from NEEDS_REVIEW. Fill label; keep NEEDS_REVIEW if unsure.,id_gap_fill
id_ss_00506,Saya sedang dalam sebuah film. panggil saya 4 wat?,id,spamshield_indonesian_v1,NEEDS_REVIEW,NEEDS_REVIEW,id_nr_open,,,258ae30b630d,ID gap fill from NEEDS_REVIEW. Fill label; keep NEEDS_REVIEW if unsure.,id_gap_fill
id_ss_00507,Ok c dan kemudian.,id,spamshield_indonesian_v1,NEEDS_REVIEW,NEEDS_REVIEW,id_nr_open,,,d0fb8fb90f91,ID gap fill from NEEDS_REVIEW. Fill label; keep NEEDS_REVIEW if unsure.,id_gap_fill
id_ss_00509,Pelanggan T-Mobile Anda sekarang dapat menuntut pembaruan FREE CAMERA PHONE & kartu sim untuk loyalitas Anda. hubungi 0845 021 3680.Ofer berakhir 28thFeb.T&C aplikasi,id,spamshield_indonesian_v1,NEEDS_REVIEW,NEEDS_REVIEW,id_nr_open,,,155cca39c587,ID gap fill from NEEDS_REVIEW. Fill label; keep NEEDS_REVIEW if unsure.,id_gap_fill
id_ss_00510,Siapakah acara radio Anda?,id,spamshield_indonesian_v1,NEEDS_REVIEW,NEEDS_REVIEW,id_nr_open,,,e863d6faa90d,ID gap fill from NEEDS_REVIEW. Fill label; keep NEEDS_REVIEW if unsure.,id_gap_fill
id_ss_00511,"Saya mendapatkan seperti $ &lt;#&gt; , saya bisa mendapatkan beberapa lebih kemudian.",id,spamshield_indonesian_v1,NEEDS_REVIEW,NEEDS_REVIEW,id_nr_open,,,e675808d0780,ID gap fill from NEEDS_REVIEW. Fill label; keep NEEDS_REVIEW if unsure.,id_gap_fill
id_ss_00512,"Oh betul, ok. saya akan memastikan bahwa saya melakukan banyak pekerjaan sepanjang hari! mendapat batuk yang benar-benar tajam hari ini dan kering n tembakan jadi itu harus benar-benar membantu!",id,spamshield_indonesian_v1,NEEDS_REVIEW,NEEDS_REVIEW,id_nr_open,,,3ab90a04e53a,ID gap fill from NEEDS_REVIEW. Fill label; keep NEEDS_REVIEW if unsure.,id_gap_fill
id_ss_00513,Huh dan Lea...,id,spamshield_indonesian_v1,NEEDS_REVIEW,NEEDS_REVIEW,id_nr_open,,,9c8ccd24a749,ID gap fill from NEEDS_REVIEW. Fill label; keep NEEDS_REVIEW if unsure.,id_gap_fill
id_ss_00514,"Ok, saya akan naik ke usf dalam waktu seperti 15 menit",id,spamshield_indonesian_v1,NEEDS_REVIEW,NEEDS_REVIEW,id_nr_open,,,3ea3b9484278,ID gap fill from NEEDS_REVIEW. Fill label; keep NEEDS_REVIEW if unsure.,id_gap_fill
id_ss_00515,"Tahukah kamu mengapa Allah menciptakan jurang di antara jari-jarimu?... Jadi, Seseorang yang diciptakan untukmu datang &amp; mengisi jurang-jurang itu dengan memegang tanganmu dengan CINTA!",id,spamshield_indonesian_v1,NEEDS_REVIEW,NEEDS_REVIEW,id_nr_open,,,7b9b14ceb31d,ID gap fill from NEEDS_REVIEW. Fill label; keep NEEDS_REVIEW if unsure.,id_gap_fill
id_ss_00516,"Maaf, aku tergelincir malam tadi, kotoran serius pergi ke bawah dengan kamarku, apa yang kau sampai malam ini?",id,spamshield_indonesian_v1,NEEDS_REVIEW,NEEDS_REVIEW,id_nr_open,,,ce2f9c64f4fe,ID gap fill from NEEDS_REVIEW. Fill label; keep NEEDS_REVIEW if unsure.,id_gap_fill
id_ss_00517,(Bank of Granite masalah Strong-Buy) EXPLOSIVE PICK FOR OUR MEMBER *****UP OVER 300% ********* Nasdaq Simbol CDGT Itu adalah $5.00 per...,id,spamshield_indonesian_v1,NEEDS_REVIEW,NEEDS_REVIEW,id_nr_open,,,09d6ebfc8cf2,ID gap fill from NEEDS_REVIEW. Fill label; keep NEEDS_REVIEW if unsure.,id_gap_fill
id_ss_00518,PRIVATE! Pernyataan Akun 2003 Anda untuk 07808247860 menunjukkan 800 S. I. M. titik yang tidak dibayar. panggilan 08719899229 Kode Identifikasi: 40411 Berakhir 06/11/04,id,spamshield_indonesian_v1,NEEDS_REVIEW,NEEDS_REVIEW,id_nr_open,,,99e8d1c29a1e,ID gap fill from NEEDS_REVIEW. Fill label; keep NEEDS_REVIEW if unsure.,id_gap_fill
id_ss_00519,lyricalladie(21/F) mengundang Anda untuk menjadi sahabatnya.Jawab YES-910 atau NO-910.Lihat dia: www.SMS.ac/u/hmmross STOP?Hantar STOP FRND ke 62468,id,spamshield_indonesian_v1,NEEDS_REVIEW,NEEDS_REVIEW,id_nr_open,,,17dba0f93942,ID gap fill from NEEDS_REVIEW. Fill label; keep NEEDS_REVIEW if unsure.,id_gap_fill
id_ss_00520,"CHANCE TO BE ON A REALITY FANTASY SHOW call now = 08707509020 Hanya 20p per menit NTT Ltd, PO Box 1327 Croydon CR9 5WB 0870 adalah panggilan nasional = kadar.",id,spamshield_indonesian_v1,NEEDS_REVIEW,NEEDS_REVIEW,id_nr_open,,,010712bee784,ID gap fill from NEEDS_REVIEW. Fill label; keep NEEDS_REVIEW if unsure.,id_gap_fill
id_ss_00521,Hello boytoy ! Gee ... saya rindukan Anda hari ini. saya suka mengirimkan tm dan mengingatkan Anda saya berpikir tentang Anda ... Dan Anda dicintai ... *cinta ciuman*,id,spamshield_indonesian_v1,NEEDS_REVIEW,NEEDS_REVIEW,id_nr_open,,,143f1b5e7564,ID gap fill from NEEDS_REVIEW. Fill label; keep NEEDS_REVIEW if unsure.,id_gap_fill
id_ss_00522,tap & spile di tujuh. * Apakah pub pada gas st off luas st oleh saluran.,id,spamshield_indonesian_v1,NEEDS_REVIEW,NEEDS_REVIEW,id_nr_open,,,2afde7f993da,ID gap fill from NEEDS_REVIEW. Fill label; keep NEEDS_REVIEW if unsure.,id_gap_fill
id_ss_00523,Akan membeli barang-barang d hari ini dan email kepada Anda.Apakah Anda memiliki nomor kotak po?,id,spamshield_indonesian_v1,NEEDS_REVIEW,NEEDS_REVIEW,id_nr_open,,,877fd9d61296,ID gap fill from NEEDS_REVIEW. Fill label; keep NEEDS_REVIEW if unsure.,id_gap_fill
id_ss_00524,-PLS STOP bootydelious (32/F) mengundang Anda untuk menjadi pacarnya. jawab YES-434 atau NO-434 Lihat dia: www.SMS.ac/u/bootydelious STOP? kirim STOP FRND ke 62468,id,spamshield_indonesian_v1,NEEDS_REVIEW,NEEDS_REVIEW,id_nr_open,,,37f3301b2b7d,ID gap fill from NEEDS_REVIEW. Fill label; keep NEEDS_REVIEW if unsure.,id_gap_fill
id_ss_00525,"Apa yang Anda lakukan di langport?Maaf, tapi saya mungkin akan berada di tempat tidur pada pukul 9 petang.Ia menyakitkan di xmas!Kapan Anda dan go2sri lanka?",id,spamshield_indonesian_v1,NEEDS_REVIEW,NEEDS_REVIEW,id_nr_open,,,e398c0b8d922,ID gap fill from NEEDS_REVIEW. Fill label; keep NEEDS_REVIEW if unsure.,id_gap_fill
id_ss_00526,"Congrats 2 mobile 3G Videophones R yours. call 09063458130 sekarang! videochat wid ur mates, bermain game java, Dload polypH musik, noline rentl. bx420. ip4. 5we. 150p",id,spamshield_indonesian_v1,NEEDS_REVIEW,NEEDS_REVIEW,id_nr_open,,,15badf77c984,ID gap fill from NEEDS_REVIEW. Fill label; keep NEEDS_REVIEW if unsure.,id_gap_fill
id_ss_00527,Itu akan hebat. kami akan berada di Guild. dapat bertemu di jalan Bristol atau di suatu tempat - akan terjebak pada akhir pekan. rencana kami mengambil penerbangan!,id,spamshield_indonesian_v1,NEEDS_REVIEW,NEEDS_REVIEW,id_nr_open,,,c15717ce52c5,ID gap fill from NEEDS_REVIEW. Fill label; keep NEEDS_REVIEW if unsure.,id_gap_fill
id_ss_00531,Pagi ini aku bisa saja ok.,id,spamshield_indonesian_v1,NEEDS_REVIEW,NEEDS_REVIEW,id_nr_open,,,64e35414b848,ID gap fill from NEEDS_REVIEW. Fill label; keep NEEDS_REVIEW if unsure.,id_gap_fill
id_ss_00532,"Arsenal 4 (Henry, 7 vs Liverpool 2 Henry menjaringkan dengan tembakan sederhana dari 6 yards dari lulus oleh Bergkamp untuk memberikan Arsenal margin 2 gol setelah 78 menit.",id,spamshield_indonesian_v1,NEEDS_REVIEW,NEEDS_REVIEW,id_nr_open,,,8155954901e9,ID gap fill from NEEDS_REVIEW. Fill label; keep NEEDS_REVIEW if unsure.,id_gap_fill
id_ss_00533,Tinggalkan payasam saya di sana jika rinu membawa,id,spamshield_indonesian_v1,NEEDS_REVIEW,NEEDS_REVIEW,id_nr_open,,,f4cf45cbcb76,ID gap fill from NEEDS_REVIEW. Fill label; keep NEEDS_REVIEW if unsure.,id_gap_fill
id_ss_00534,Saya jus tiba di rumah. saya pergi bathe pertama. tapi sis saya menggunakan net memberitahu u ketika dia selesai k...,id,spamshield_indonesian_v1,NEEDS_REVIEW,NEEDS_REVIEW,id_nr_open,,,5306fc22cc43,ID gap fill from NEEDS_REVIEW. Fill label; keep NEEDS_REVIEW if unsure.,id_gap_fill
id_ss_00535,Orang-orang mode atau telah meninggalkan Anda.,id,spamshield_indonesian_v1,NEEDS_REVIEW,NEEDS_REVIEW,id_nr_open,,,331f4dda27e7,ID gap fill from NEEDS_REVIEW. Fill label; keep NEEDS_REVIEW if unsure.,id_gap_fill
id_ss_00536,Tidak mengganggu waktu satu... Bagaimana... saya keluar n mendapatkan barang-barang saya fr ü?,id,spamshield_indonesian_v1,NEEDS_REVIEW,NEEDS_REVIEW,id_nr_open,,,616797e31e1d,ID gap fill from NEEDS_REVIEW. Fill label; keep NEEDS_REVIEW if unsure.,id_gap_fill
id_ss_00537,Home » Film » Film Terkenal » Film Terkenal » Film Terkenal » Film Terkenal » Film Terkenal » Film Terkenal » Film Terkenal » Film Terkenal » Film Terkenal » Film Terkenal » Film Terkenal » Film Terkenal » Film Terkenal » Film Terkenal,id,spamshield_indonesian_v1,NEEDS_REVIEW,NEEDS_REVIEW,id_nr_open,,,5ad7abbd3cc6,ID gap fill from NEEDS_REVIEW. Fill label; keep NEEDS_REVIEW if unsure.,id_gap_fill
id_ss_00538,Panggilan saya b4 u.,id,spamshield_indonesian_v1,NEEDS_REVIEW,NEEDS_REVIEW,id_nr_open,,,d792eb5f937d,ID gap fill from NEEDS_REVIEW. Fill label; keep NEEDS_REVIEW if unsure.,id_gap_fill
id_ss_00540,<Dialihkan dari 21870000>Hi - ini adalah peringatan SMS Mailbox Anda. Anda memiliki 4 pesan. Anda memiliki 21 pertandingan. silakan hubungi kembali di 09056242159 untuk mendapatkan pesan dan pertandingan Anda,id,spamshield_indonesian_v1,NEEDS_REVIEW,NEEDS_REVIEW,id_nr_open,,,25dfe01b0d80,ID gap fill from NEEDS_REVIEW. Fill label; keep NEEDS_REVIEW if unsure.,id_gap_fill
id_ss_00541,Saya suka ya juga tapi coba dan anggaran uang Anda lebih baik babe. Gary akan mengejek saya jika dia tahu,id,spamshield_indonesian_v1,NEEDS_REVIEW,NEEDS_REVIEW,id_nr_open,,,30c189b832ab,ID gap fill from NEEDS_REVIEW. Fill label; keep NEEDS_REVIEW if unsure.,id_gap_fill
id_ss_00542,"Anda dihubungi oleh layanan kencan kami oleh seseorang yang Anda kenal! untuk mengetahui siapa itu, hubungi dari garis tanah 09050000928.",id,spamshield_indonesian_v1,NEEDS_REVIEW,NEEDS_REVIEW,id_nr_open,,,e4b53897e71e,ID gap fill from NEEDS_REVIEW. Fill label; keep NEEDS_REVIEW if unsure.,id_gap_fill
id_ss_00544,"Saya akan melihat jika saya bisa berkeliling sedikit, mendapatkan beberapa hal untuk merawat di sini firsg",id,spamshield_indonesian_v1,NEEDS_REVIEW,NEEDS_REVIEW,id_nr_open,,,4974a09a36b4,ID gap fill from NEEDS_REVIEW. Fill label; keep NEEDS_REVIEW if unsure.,id_gap_fill
id_ss_00545,Ada banyak perusahaan. ceritakan bahasa.,id,spamshield_indonesian_v1,NEEDS_REVIEW,NEEDS_REVIEW,id_nr_open,,,48cb030c81a8,ID gap fill from NEEDS_REVIEW. Fill label; keep NEEDS_REVIEW if unsure.,id_gap_fill
id_ss_00547,Saya merasa seperti John Lennon.,id,spamshield_indonesian_v1,NEEDS_REVIEW,NEEDS_REVIEW,id_nr_open,,,08eeb92c4e95,ID gap fill from NEEDS_REVIEW. Fill label; keep NEEDS_REVIEW if unsure.,id_gap_fill
id_ss_00548,Bagaimana untuk mendapatkan kontak dengan orang-orang yang menunggu perusahaan? hanya txt kembali NAME dan AGE Anda untuk memilih! nikmati komunitas (150p/SMS),id,spamshield_indonesian_v1,NEEDS_REVIEW,NEEDS_REVIEW,id_nr_open,,,12599719414b,ID gap fill from NEEDS_REVIEW. Fill label; keep NEEDS_REVIEW if unsure.,id_gap_fill
id_ss_00549,Selamat Tahun Baru untuk Anda juga!,id,spamshield_indonesian_v1,NEEDS_REVIEW,NEEDS_REVIEW,id_nr_open,,,f64a35070200,ID gap fill from NEEDS_REVIEW. Fill label; keep NEEDS_REVIEW if unsure.,id_gap_fill
id_ss_00550,Hahaha... gunakan otakmu sayang,id,spamshield_indonesian_v1,NEEDS_REVIEW,NEEDS_REVIEW,id_nr_open,,,fc55efe077ac,ID gap fill from NEEDS_REVIEW. Fill label; keep NEEDS_REVIEW if unsure.,id_gap_fill
id_ss_00551,Bagaimana dia tahu tepat waktu pembunuhan,id,spamshield_indonesian_v1,NEEDS_REVIEW,NEEDS_REVIEW,id_nr_open,,,47e672f118af,ID gap fill from NEEDS_REVIEW. Fill label; keep NEEDS_REVIEW if unsure.,id_gap_fill
id_ss_00552,"Urgent UR menganugerahkan perjalanan komplementar ke EuroDisinc Trav, Aco&Entry41 Atau £1000. Untuk menuntut txt DIS ke 87121 18+6*£1.50(moreFrmMob. ShrAcomOrSglSuplt)10, LS1 3AJ",id,spamshield_indonesian_v1,NEEDS_REVIEW,NEEDS_REVIEW,id_nr_open,,,f8da87191fff,ID gap fill from NEEDS_REVIEW. Fill label; keep NEEDS_REVIEW if unsure.,id_gap_fill
id_ss_00553,Ummma.will call after check in.our life akan dimulai dari Qatar jadi pls berdoa sangat keras.,id,spamshield_indonesian_v1,NEEDS_REVIEW,NEEDS_REVIEW,id_nr_open,,,a023c69bfc02,ID gap fill from NEEDS_REVIEW. Fill label; keep NEEDS_REVIEW if unsure.,id_gap_fill
id_ss_00554,"Suara baik, teruskan posting saya",id,spamshield_indonesian_v1,NEEDS_REVIEW,NEEDS_REVIEW,id_nr_open,,,2fef4d24332d,ID gap fill from NEEDS_REVIEW. Fill label; keep NEEDS_REVIEW if unsure.,id_gap_fill
id_ss_00555,Kita akan berjumpa dengan Putri dalam waktu dekat!,id,spamshield_indonesian_v1,NEEDS_REVIEW,NEEDS_REVIEW,id_nr_open,,,790729f964d1,ID gap fill from NEEDS_REVIEW. Fill label; keep NEEDS_REVIEW if unsure.,id_gap_fill
id_ss_00556,Saya juga mengunggah beberapa lagu,id,spamshield_indonesian_v1,NEEDS_REVIEW,NEEDS_REVIEW,id_nr_open,,,b49a77b8155e,ID gap fill from NEEDS_REVIEW. Fill label; keep NEEDS_REVIEW if unsure.,id_gap_fill
id_ss_00558,"pdate_Now - Double mins dan 1000 txts pada tarif Orange. terbaru Motorola, SonyEricsson & Nokia & Bluetooth FREE! hubungi MobileUpd8 di 08000839402 atau call2optout/!YHL",id,spamshield_indonesian_v1,NEEDS_REVIEW,NEEDS_REVIEW,id_nr_open,,,84b71d3cff41,ID gap fill from NEEDS_REVIEW. Fill label; keep NEEDS_REVIEW if unsure.,id_gap_fill
id_ss_00559,88066 dari 88066 LOST 3POUND HELP,id,spamshield_indonesian_v1,NEEDS_REVIEW,NEEDS_REVIEW,id_nr_open,,,5eb4273be53c,ID gap fill from NEEDS_REVIEW. Fill label; keep NEEDS_REVIEW if unsure.,id_gap_fill
id_ss_00561,GSOH? baik dengan SPAM wanita?Anda bisa b gigolo laki-laki? 2 bergabung dengan klub laki-laki yang tumbuh paling cepat di Inggris reply ONCALL. mjzgroup. 08714342399.2stop reply STOP. msg@£1.50rcvd,id,spamshield_indonesian_v1,NEEDS_REVIEW,NEEDS_REVIEW,id_nr_open,,,7229c4f81550,ID gap fill from NEEDS_REVIEW. Fill label; keep NEEDS_REVIEW if unsure.,id_gap_fill
id_ss_00562,Terima kasih telah mengumpulkan sampah.,id,spamshield_indonesian_v1,NEEDS_REVIEW,NEEDS_REVIEW,id_nr_open,,,18c3ca29a964,ID gap fill from NEEDS_REVIEW. Fill label; keep NEEDS_REVIEW if unsure.,id_gap_fill
id_ss_00563,"UPDATE. informasi penting untuk 02 pengguna. hari ini adalah hari keberuntungan Anda! 2 ketahui mengapa , log di http://www.urawinner.com ada kejutan yang fantastis menanti Anda !",id,spamshield_indonesian_v1,NEEDS_REVIEW,NEEDS_REVIEW,id_nr_open,,,ae1041d413ce,ID gap fill from NEEDS_REVIEW. Fill label; keep NEEDS_REVIEW if unsure.,id_gap_fill
id_ss_00565,FREE>Ringtone! jawab REAL atau POLY eg REAL1 1. PushButton 2. DontCha 3. BabyGoodbye 4. GoldDigger 5. WeBeBurnin 1st tone FREE dan 6 lagi ketika Anda bergabung untuk £3/wk,id,spamshield_indonesian_v1,NEEDS_REVIEW,NEEDS_REVIEW,id_nr_open,,,bff90e98d067,ID gap fill from NEEDS_REVIEW. Fill label; keep NEEDS_REVIEW if unsure.,id_gap_fill
id_ss_00567,"Anda bermain poker ruang, bukan?",id,spamshield_indonesian_v1,NEEDS_REVIEW,NEEDS_REVIEW,id_nr_open,,,c73f4ee2e313,ID gap fill from NEEDS_REVIEW. Fill label; keep NEEDS_REVIEW if unsure.,id_gap_fill
id_ss_00568,"Maaf, hari ini saya tidak akan datang untuk bermain..saya memiliki kelas memandu..",id,spamshield_indonesian_v1,NEEDS_REVIEW,NEEDS_REVIEW,id_nr_open,,,575ad7c9820c,ID gap fill from NEEDS_REVIEW. Fill label; keep NEEDS_REVIEW if unsure.,id_gap_fill
id_ss_00571,88800 dan 89034 adalah layanan telepon premium panggilan 08718711108,id,spamshield_indonesian_v1,NEEDS_REVIEW,NEEDS_REVIEW,id_nr_open,,,36ade3a7ba2b,ID gap fill from NEEDS_REVIEW. Fill label; keep NEEDS_REVIEW if unsure.,id_gap_fill
id_ss_00572,"Urgent! Your Mobile No telah dianugerahkan £2,000 Bonus Caller Prize pada 1/08/03! Ini adalah percobaan kedua kami untuk menghubungi Anda! Panggilan 0871-4719-523 BOX95QU BT National Rate",id,spamshield_indonesian_v1,NEEDS_REVIEW,NEEDS_REVIEW,id_nr_open,,,7b7dfc65c4ef,ID gap fill from NEEDS_REVIEW. Fill label; keep NEEDS_REVIEW if unsure.,id_gap_fill
id_ss_00573,Puisi Persahabatan: Dear O Dear U R Tidak Terdekat Tetapi Saya Bisa Mendengar Tidak Dapat Takut Hidup Dengan Gembira Tidak Lagi Gembira U R Selalu Sayangku.,id,spamshield_indonesian_v1,NEEDS_REVIEW,NEEDS_REVIEW,id_nr_open,,,bb1e0cfe010c,ID gap fill from NEEDS_REVIEW. Fill label; keep NEEDS_REVIEW if unsure.,id_gap_fill
id_ss_00574,"Berita Terkini!Tandas polisi dicuri, polisi tidak punya apa-apa untuk pergi!",id,spamshield_indonesian_v1,NEEDS_REVIEW,NEEDS_REVIEW,id_nr_open,,,d9f5189de8cd,ID gap fill from NEEDS_REVIEW. Fill label; keep NEEDS_REVIEW if unsure.,id_gap_fill
id_ss_00575,"Pernahkah Anda menyadari bahwa ketika Anda mengemudi, seseorang yang berjalan lebih lambat dari Anda adalah bodoh dan semua orang yang mengemudi lebih cepat dari Anda adalah seorang mania?",id,spamshield_indonesian_v1,NEEDS_REVIEW,NEEDS_REVIEW,id_nr_open,,,9a6d3787af05,ID gap fill from NEEDS_REVIEW. Fill label; keep NEEDS_REVIEW if unsure.,id_gap_fill
id_ss_00578,Mengubah suara windows logoff.,id,spamshield_indonesian_v1,NEEDS_REVIEW,NEEDS_REVIEW,id_nr_open,,,d9c6386c8777,ID gap fill from NEEDS_REVIEW. Fill label; keep NEEDS_REVIEW if unsure.,id_gap_fill
id_ss_00579,R masih bekerja sekarang?,id,spamshield_indonesian_v1,NEEDS_REVIEW,NEEDS_REVIEW,id_nr_open,,,2f8241dde053,ID gap fill from NEEDS_REVIEW. Fill label; keep NEEDS_REVIEW if unsure.,id_gap_fill
id_ss_00580,"Hanya hubungi 08709501522 untuk detail!SavaMob, POBOX 139, LA3 2WU. Hanya £1.50/minggu.SavaMob - menawarkan mobile!",id,spamshield_indonesian_v1,NEEDS_REVIEW,NEEDS_REVIEW,id_nr_open,,,e44b8157afe9,ID gap fill from NEEDS_REVIEW. Fill label; keep NEEDS_REVIEW if unsure.,id_gap_fill
id_ss_00581,Hati kosong tanpa cinta.. pikiran kosong tanpa kebijaksanaan.. mata kosong tanpa mimpi &amp; Hidup kosong tanpa frnds.. So Alwys Be In Touch.,id,spamshield_indonesian_v1,NEEDS_REVIEW,NEEDS_REVIEW,id_nr_open,,,ccd69676acfa,ID gap fill from NEEDS_REVIEW. Fill label; keep NEEDS_REVIEW if unsure.,id_gap_fill
id_ss_00583,"HOT LIVE FANTASIES hubungi sekarang 08707509020 Hanya 20p per menit NTT Ltd, PO Box 1327 Croydon CR9 5WB 0870..k",id,spamshield_indonesian_v1,NEEDS_REVIEW,NEEDS_REVIEW,id_nr_open,,,b3f34a1c259e,ID gap fill from NEEDS_REVIEW. Fill label; keep NEEDS_REVIEW if unsure.,id_gap_fill
id_ss_00585,Aku ingin berada di dalammu setiap malam...,id,spamshield_indonesian_v1,NEEDS_REVIEW,NEEDS_REVIEW,id_nr_open,,,683b8199fb3a,ID gap fill from NEEDS_REVIEW. Fill label; keep NEEDS_REVIEW if unsure.,id_gap_fill
id_ss_00586,"500 Mobil Baru dari 2004, MUST GO! Txt: NOKIA ke No: 89545 & mengumpulkan milikmu hari ini!Dari ONLY £1 www.4-tc.biz 2optout 087187262701.50gbp/mtmsg18 TXTAUCTION",id,spamshield_indonesian_v1,NEEDS_REVIEW,NEEDS_REVIEW,id_nr_open,,,f25435c403b9,ID gap fill from NEEDS_REVIEW. Fill label; keep NEEDS_REVIEW if unsure.,id_gap_fill
id_ss_00588,Saya tidak tahu jack shit tentang apa pun atau saya akan mengatakan / meminta sesuatu yang berguna tetapi jika Anda ingin Anda dapat berpura-pura bahwa saya melakukannya dan hanya menulis saya apa pun sebagai respons kepada hipotetikhuagauahahuahahyuhagga,id,spamshield_indonesian_v1,NEEDS_REVIEW,NEEDS_REVIEW,id_nr_open,,,a6c6b7eb6471,ID gap fill from NEEDS_REVIEW. Fill label; keep NEEDS_REVIEW if unsure.,id_gap_fill
id_ss_00589,Baik untuk mendengar dari Anda,id,spamshield_indonesian_v1,NEEDS_REVIEW,NEEDS_REVIEW,id_nr_open,,,a00b793f9f7a,ID gap fill from NEEDS_REVIEW. Fill label; keep NEEDS_REVIEW if unsure.,id_gap_fill
id_ss_00590,Saya ingin membeli mobil BMW dengan segera..its vry urgent.but hv kekurangan &lt;#&gt; Lacs.there is no source to arng dis amt. &lt;#&gt; lacs..thats my prob,id,spamshield_indonesian_v1,NEEDS_REVIEW,NEEDS_REVIEW,id_nr_open,,,3dd31dc79703,ID gap fill from NEEDS_REVIEW. Fill label; keep NEEDS_REVIEW if unsure.,id_gap_fill
id_ss_00591,Bday real adalah pada bulan April.,id,spamshield_indonesian_v1,NEEDS_REVIEW,NEEDS_REVIEW,id_nr_open,,,5739b1fc7783,ID gap fill from NEEDS_REVIEW. Fill label; keep NEEDS_REVIEW if unsure.,id_gap_fill
id_ss_00593,ROMCAPspam Setiap orang di sekeliling harus bertindak balas dengan baik kepada kehadiran Anda karena Anda begitu hangat dan keluar.,id,spamshield_indonesian_v1,NEEDS_REVIEW,NEEDS_REVIEW,id_nr_open,,,c41c577617af,ID gap fill from NEEDS_REVIEW. Fill label; keep NEEDS_REVIEW if unsure.,id_gap_fill
id_ss_00594,"Saya mengulangi, hanya tulis kata OK di ponsel Anda dan kirim",id,spamshield_indonesian_v1,NEEDS_REVIEW,NEEDS_REVIEW,id_nr_open,,,437b194b956a,ID gap fill from NEEDS_REVIEW. Fill label; keep NEEDS_REVIEW if unsure.,id_gap_fill
id_ss_00595,Apa itu tempat 'hex' yang Anda bicarakan?,id,spamshield_indonesian_v1,NEEDS_REVIEW,NEEDS_REVIEW,id_nr_open,,,6650e946adf1,ID gap fill from NEEDS_REVIEW. Fill label; keep NEEDS_REVIEW if unsure.,id_gap_fill
id_ss_00596,Jadi apa yang kamu lakukan hari ini?,id,spamshield_indonesian_v1,NEEDS_REVIEW,NEEDS_REVIEW,id_nr_open,,,1294af55644f,ID gap fill from NEEDS_REVIEW. Fill label; keep NEEDS_REVIEW if unsure.,id_gap_fill
id_ss_00597,Apakah kita akan bertemu 4 malam ini?,id,spamshield_indonesian_v1,NEEDS_REVIEW,NEEDS_REVIEW,id_nr_open,,,750a40a63ce8,ID gap fill from NEEDS_REVIEW. Fill label; keep NEEDS_REVIEW if unsure.,id_gap_fill
id_ss_00598,"Hampir di sana, lihatlah kamu dalam sec",id,spamshield_indonesian_v1,NEEDS_REVIEW,NEEDS_REVIEW,id_nr_open,,,823fd6e59654,ID gap fill from NEEDS_REVIEW. Fill label; keep NEEDS_REVIEW if unsure.,id_gap_fill
id_ss_00601,10 menit kemudian k...,id,spamshield_indonesian_v1,NEEDS_REVIEW,NEEDS_REVIEW,id_nr_open,,,cfed8eeb73bb,ID gap fill from NEEDS_REVIEW. Fill label; keep NEEDS_REVIEW if unsure.,id_gap_fill
id_ss_00602,Seseorang yang Anda kenal mencoba untuk menghubungi Anda melalui layanan kencan kami! untuk mengetahui siapa yang bisa dipanggil dari ponsel atau landline Anda 09064015307 BOX334SK38ch,id,spamshield_indonesian_v1,NEEDS_REVIEW,NEEDS_REVIEW,id_nr_open,,,6cd97271385e,ID gap fill from NEEDS_REVIEW. Fill label; keep NEEDS_REVIEW if unsure.,id_gap_fill
id_ss_00603,Berfikir tentang seseorang adalah baik. tidak ada obat untuk itu,id,spamshield_indonesian_v1,NEEDS_REVIEW,NEEDS_REVIEW,id_nr_open,,,a6df699a8fe6,ID gap fill from NEEDS_REVIEW. Fill label; keep NEEDS_REVIEW if unsure.,id_gap_fill
id_ss_00606,"Xmas Offer! terbaru Motorola, SonyEricsson & Nokia & FREE Bluetooth atau DVD! Double Mins & 1000 Txt pada Orange. hubungi MobileUpd8 di 08000839402 atau call2optout/4QF2",id,spamshield_indonesian_v1,NEEDS_REVIEW,NEEDS_REVIEW,id_nr_open,,,6ffb7b0e11e5,ID gap fill from NEEDS_REVIEW. Fill label; keep NEEDS_REVIEW if unsure.,id_gap_fill
id_ss_00607,"FREE RING TONE hanya teks ""POLYS"" ke 87131. Kemudian setiap minggu mendapatkan nada baru. 0870737910216yrs hanya £ 1.50/jam.",id,spamshield_indonesian_v1,NEEDS_REVIEW,NEEDS_REVIEW,id_nr_open,,,4b33947bea2b,ID gap fill from NEEDS_REVIEW. Fill label; keep NEEDS_REVIEW if unsure.,id_gap_fill
id_ss_00608,Saya akan mencapai ur rumah dalam &lt;#&gt; menit,id,spamshield_indonesian_v1,NEEDS_REVIEW,NEEDS_REVIEW,id_nr_open,,,558e2bc1bc38,ID gap fill from NEEDS_REVIEW. Fill label; keep NEEDS_REVIEW if unsure.,id_gap_fill
id_ss_00609,K : K : K : K : K : K : K : K : K : K : K : K : K : K : K : K : K : K : K : K : K : K : K,id,spamshield_indonesian_v1,NEEDS_REVIEW,NEEDS_REVIEW,id_nr_open,,,2b9c1c8b9b7a,ID gap fill from NEEDS_REVIEW. Fill label; keep NEEDS_REVIEW if unsure.,id_gap_fill
id_ss_00610,Apa yang Anda bicarakan di pagi hari? hampir tengah hari di mana Anda di!,id,spamshield_indonesian_v1,NEEDS_REVIEW,NEEDS_REVIEW,id_nr_open,,,eeecacb81017,ID gap fill from NEEDS_REVIEW. Fill label; keep NEEDS_REVIEW if unsure.,id_gap_fill
id_ss_00612,"Ini bagus, kita bisa bertahan sedikit waktu. mendapatkan lebih banyak waktu tidak lama lagi?",id,spamshield_indonesian_v1,NEEDS_REVIEW,NEEDS_REVIEW,id_nr_open,,,4d35134c0558,ID gap fill from NEEDS_REVIEW. Fill label; keep NEEDS_REVIEW if unsure.,id_gap_fill
id_ss_00613,"Apakah Anda harus menulis sekarang? saya tidak akan membayar tiket Anda, ya tahu!",id,spamshield_indonesian_v1,NEEDS_REVIEW,NEEDS_REVIEW,id_nr_open,,,73c6dd531b82,ID gap fill from NEEDS_REVIEW. Fill label; keep NEEDS_REVIEW if unsure.,id_gap_fill
id_ss_00614,08714712388 antara 10am-7pm Biaya 10p,id,spamshield_indonesian_v1,NEEDS_REVIEW,NEEDS_REVIEW,id_nr_open,,,de74d9bdf2c0,ID gap fill from NEEDS_REVIEW. Fill label; keep NEEDS_REVIEW if unsure.,id_gap_fill
id_ss_00616,Mengapa Anda tidak pergi memberitahu teman Anda Anda tidak yakin Anda ingin hidup dengannya karena dia merokok terlalu banyak kemudian menghabiskan jam memintanya untuk datang merokok,id,spamshield_indonesian_v1,NEEDS_REVIEW,NEEDS_REVIEW,id_nr_open,,,af5cdc0b0b3e,ID gap fill from NEEDS_REVIEW. Fill label; keep NEEDS_REVIEW if unsure.,id_gap_fill
id_ss_00617,SMS. ac Sptv: The New Jersey Devils and the Detroit Red Wings memainkan Ice Hockey.,id,spamshield_indonesian_v1,NEEDS_REVIEW,NEEDS_REVIEW,id_nr_open,,,a565b4162ce2,ID gap fill from NEEDS_REVIEW. Fill label; keep NEEDS_REVIEW if unsure.,id_gap_fill
id_ss_00618,Ok... akan segera selesai?,id,spamshield_indonesian_v1,NEEDS_REVIEW,NEEDS_REVIEW,id_nr_open,,,8c7623bf1dce,ID gap fill from NEEDS_REVIEW. Fill label; keep NEEDS_REVIEW if unsure.,id_gap_fill
id_ss_00619,Urgent! ponsel Anda telah dianugerahkan £ 1.500 Bonus Caller Prize pada 27/6/03. percobaan terakhir kami 2 hubungi U! hubungi 08714714011,id,spamshield_indonesian_v1,NEEDS_REVIEW,NEEDS_REVIEW,id_nr_open,,,312315f08702,ID gap fill from NEEDS_REVIEW. Fill label; keep NEEDS_REVIEW if unsure.,id_gap_fill
id_ss_00621,Apa nama staf yang mengambil kelas untuk kami?,id,spamshield_indonesian_v1,NEEDS_REVIEW,NEEDS_REVIEW,id_nr_open,,,d4e108c79a42,ID gap fill from NEEDS_REVIEW. Fill label; keep NEEDS_REVIEW if unsure.,id_gap_fill
id_ss_00622,Hi LUCY Hubby di pertemuan sepanjang hari Fri & I akan B sendirian di hotel U fancy cumin over? Pls meninggalkan msg 2days 09099726395 Lucy x Calls£1/minMobsmoreLKPOBOX177HP51FL,id,spamshield_indonesian_v1,NEEDS_REVIEW,NEEDS_REVIEW,id_nr_open,,,dc59c50b7717,ID gap fill from NEEDS_REVIEW. Fill label; keep NEEDS_REVIEW if unsure.,id_gap_fill
id_ss_00624,Terima Kasih 4 Hari Ini CER IT WAS NICE 2 CATCH UP BUT WE AVE 2 FIND MORE TIME MORE FAST OH WILL TAKE CARE C U SOON.C,id,spamshield_indonesian_v1,NEEDS_REVIEW,NEEDS_REVIEW,id_nr_open,,,6fc43790e83f,ID gap fill from NEEDS_REVIEW. Fill label; keep NEEDS_REVIEW if unsure.,id_gap_fill
id_ss_00625,Alasan adalah jika anggaran tim tersedia akhirnya mereka membeli pemain yang tidak dijual untuk pada tingkat dasar.,id,spamshield_indonesian_v1,NEEDS_REVIEW,NEEDS_REVIEW,id_nr_open,,,eb4ae50156a8,ID gap fill from NEEDS_REVIEW. Fill label; keep NEEDS_REVIEW if unsure.,id_gap_fill
id_ss_00628,Melakukannya tetapi koneksi internet v lambat dan tidak dapat mengirimkannya. akan mencoba lagi nanti atau hal pertama tomo.,id,spamshield_indonesian_v1,NEEDS_REVIEW,NEEDS_REVIEW,id_nr_open,,,b3651c795a48,ID gap fill from NEEDS_REVIEW. Fill label; keep NEEDS_REVIEW if unsure.,id_gap_fill
id_ss_00629,"Ok, itu sangat bagus, terima kasih banyak.",id,spamshield_indonesian_v1,NEEDS_REVIEW,NEEDS_REVIEW,id_nr_open,,,ce3a15483475,ID gap fill from NEEDS_REVIEW. Fill label; keep NEEDS_REVIEW if unsure.,id_gap_fill
id_ss_00630,Beritahu teman-teman Anda apa yang Anda rancang untuk dilakukan pada Hari Valentine @ &lt;URL&gt;,id,spamshield_indonesian_v1,NEEDS_REVIEW,NEEDS_REVIEW,id_nr_open,,,ed166a5b2f58,ID gap fill from NEEDS_REVIEW. Fill label; keep NEEDS_REVIEW if unsure.,id_gap_fill
id_ss_00631,"Hey, saya merindukanmu tm dari malam tadi saat telepon saya berada pada beban ... *senyum* ... saya bertemu dengan seorang teman tidak lama lagi",id,spamshield_indonesian_v1,NEEDS_REVIEW,NEEDS_REVIEW,id_nr_open,,,e2e55dc8b2a6,ID gap fill from NEEDS_REVIEW. Fill label; keep NEEDS_REVIEW if unsure.,id_gap_fill
id_ss_00632,Aku mungkin akan berada di sekitarmu banyak,id,spamshield_indonesian_v1,NEEDS_REVIEW,NEEDS_REVIEW,id_nr_open,,,584e69c8f0f0,ID gap fill from NEEDS_REVIEW. Fill label; keep NEEDS_REVIEW if unsure.,id_gap_fill
id_ss_00633,Apakah Anda tidak membiarkan saya mengirimkan uang Anda ke jaringan Anda? saya membutuhkan Anda ... saya ingin Anda ... saya ingin Anda ...,id,spamshield_indonesian_v1,NEEDS_REVIEW,NEEDS_REVIEW,id_nr_open,,,0ae466f2fb0d,ID gap fill from NEEDS_REVIEW. Fill label; keep NEEDS_REVIEW if unsure.,id_gap_fill
id_ss_00634,"Satu hari kemudian, saya menyadari mengapa.",id,spamshield_indonesian_v1,NEEDS_REVIEW,NEEDS_REVIEW,id_nr_open,,,588ce220ea73,ID gap fill from NEEDS_REVIEW. Fill label; keep NEEDS_REVIEW if unsure.,id_gap_fill
id_ss_00637,"Tiket Xmas & New Years Eve sekarang dijual dari klub, selama hari dari 10am hingga 8pm, dan di Thurs, Fri & Sat malam ini.",id,spamshield_indonesian_v1,NEEDS_REVIEW,NEEDS_REVIEW,id_nr_open,,,c56b19a06c6e,ID gap fill from NEEDS_REVIEW. Fill label; keep NEEDS_REVIEW if unsure.,id_gap_fill
id_ss_00641,"Fantasy Football adalah kembali di TV Anda. pergi ke Sky Gamestar di Sky Active dan memainkan £250k Dream Team. skor dimulai pada hari Sabtu, jadi daftar sekarang!SKY OPT OUT ke 88088",id,spamshield_indonesian_v1,NEEDS_REVIEW,NEEDS_REVIEW,id_nr_open,,,d6e0fb29dd55,ID gap fill from NEEDS_REVIEW. Fill label; keep NEEDS_REVIEW if unsure.,id_gap_fill
id_ss_00642,Apa yang dilakukan sungai tarian?,id,spamshield_indonesian_v1,NEEDS_REVIEW,NEEDS_REVIEW,id_nr_open,,,445aec7f1090,ID gap fill from NEEDS_REVIEW. Fill label; keep NEEDS_REVIEW if unsure.,id_gap_fill
id_ss_00643,Tolong jangan tulis lagi. saya tidak punya apa-apa lagi untuk dikatakan.,id,spamshield_indonesian_v1,NEEDS_REVIEW,NEEDS_REVIEW,id_nr_open,,,ec1fb1988154,ID gap fill from NEEDS_REVIEW. Fill label; keep NEEDS_REVIEW if unsure.,id_gap_fill
id_ss_00644,Urgent Sila hubungi 09066612661 dari landline. £5000 tunai atau mewah 4* Canary Islands Holiday menunggu koleksi. T&Cs SAE award. 20M12AQ. 150ppm. 16+ “,id,spamshield_indonesian_v1,NEEDS_REVIEW,NEEDS_REVIEW,id_nr_open,,,7393c23a004b,ID gap fill from NEEDS_REVIEW. Fill label; keep NEEDS_REVIEW if unsure.,id_gap_fill
id_ss_00645,Aiyah maaf lor... saya menonton TV sampai saya lupa 2 memeriksa telepon saya.,id,spamshield_indonesian_v1,NEEDS_REVIEW,NEEDS_REVIEW,id_nr_open,,,401b43bf711e,ID gap fill from NEEDS_REVIEW. Fill label; keep NEEDS_REVIEW if unsure.,id_gap_fill
id_ss_00646,Saya juga melakukan hanya di cb. tapi harus membayar.,id,spamshield_indonesian_v1,NEEDS_REVIEW,NEEDS_REVIEW,id_nr_open,,,fa56c228262d,ID gap fill from NEEDS_REVIEW. Fill label; keep NEEDS_REVIEW if unsure.,id_gap_fill
id_ss_00647,Berhati-hatilah untuk tidak mengganggu keduanya.,id,spamshield_indonesian_v1,NEEDS_REVIEW,NEEDS_REVIEW,id_nr_open,,,c3d4b802a787,ID gap fill from NEEDS_REVIEW. Fill label; keep NEEDS_REVIEW if unsure.,id_gap_fill
id_ss_00648,"U dikeluarkan oleh simonwatson5120 pada Shinco DVD Plyr. 2 tawaran lagi, kunjungi sms. ac/smsrewards 2 pemberitahuan tawaran akhir, jawab END OUT",id,spamshield_indonesian_v1,NEEDS_REVIEW,NEEDS_REVIEW,id_nr_open,,,cf249db4aa60,ID gap fill from NEEDS_REVIEW. Fill label; keep NEEDS_REVIEW if unsure.,id_gap_fill
id_ss_00650,Saya suka punggung Anda!Apakah Anda suka gaya anjing? :),id,spamshield_indonesian_v1,NEEDS_REVIEW,NEEDS_REVIEW,id_nr_open,,,de82956280e7,ID gap fill from NEEDS_REVIEW. Fill label; keep NEEDS_REVIEW if unsure.,id_gap_fill
id_ss_00652,Apa yang membuat beberapa orang lebih sayang bukan hanya kebahagiaan yang Anda rasakan ketika Anda bertemu mereka tetapi juga rasa sakit yang Anda rasakan ketika Anda merindukan mereka!!!,id,spamshield_indonesian_v1,NEEDS_REVIEW,NEEDS_REVIEW,id_nr_open,,,1435f0a8121f,ID gap fill from NEEDS_REVIEW. Fill label; keep NEEDS_REVIEW if unsure.,id_gap_fill
id_ss_00653,Apakah kita harus memilih ur gf?,id,spamshield_indonesian_v1,NEEDS_REVIEW,NEEDS_REVIEW,id_nr_open,,,cc5757a64592,ID gap fill from NEEDS_REVIEW. Fill label; keep NEEDS_REVIEW if unsure.,id_gap_fill
id_ss_00654,"Seseorang yang Anda ketahui telah meminta layanan kencan kami 2 hubungi Anda! Cant Guess siapa? CALL 09058097189 NOW semuanya akan didedahkan. POBox 6, LS15HB 150p",id,spamshield_indonesian_v1,NEEDS_REVIEW,NEEDS_REVIEW,id_nr_open,,,669e860d3651,ID gap fill from NEEDS_REVIEW. Fill label; keep NEEDS_REVIEW if unsure.,id_gap_fill
id_ss_00656,"Yang terkasih, dia memanggilku sekarang :-)",id,spamshield_indonesian_v1,NEEDS_REVIEW,NEEDS_REVIEW,id_nr_open,,,3c506fa585a2,ID gap fill from NEEDS_REVIEW. Fill label; keep NEEDS_REVIEW if unsure.,id_gap_fill
id_ss_00657,Semua ini hanya keliru dan gila bagi saya.,id,spamshield_indonesian_v1,NEEDS_REVIEW,NEEDS_REVIEW,id_nr_open,,,a62103e2fee3,ID gap fill from NEEDS_REVIEW. Fill label; keep NEEDS_REVIEW if unsure.,id_gap_fill
id_ss_00659,Apakah anak-anak Anda seperti panggilan dari Santa Xmas? hubungi 09058094583 untuk menempah waktu Anda.,id,spamshield_indonesian_v1,NEEDS_REVIEW,NEEDS_REVIEW,id_nr_open,,,7b84c0aa64ef,ID gap fill from NEEDS_REVIEW. Fill label; keep NEEDS_REVIEW if unsure.,id_gap_fill
id_ss_00660,"Ya, hanya buka chat dan klik daftar teman. kemudian buat daftar.",id,spamshield_indonesian_v1,NEEDS_REVIEW,NEEDS_REVIEW,id_nr_open,,,deb101c86040,ID gap fill from NEEDS_REVIEW. Fill label; keep NEEDS_REVIEW if unsure.,id_gap_fill
id_ss_00661,Dapatkan ur 1st RINGTONE FREE NOW! Jawab msg ini dengan TONE. Gr8 TOP 20 ton ke ponsel Anda setiap minggu hanya £ 1.50 per wk 2 memilih keluar mengirimkan STOP 08452810071 16,id,spamshield_indonesian_v1,NEEDS_REVIEW,NEEDS_REVIEW,id_nr_open,,,bbf29dbd8e2b,ID gap fill from NEEDS_REVIEW. Fill label; keep NEEDS_REVIEW if unsure.,id_gap_fill
id_ss_00663,8 Aku akan menuliskan kepadamu ketika Aku kembali,id,spamshield_indonesian_v1,NEEDS_REVIEW,NEEDS_REVIEW,id_nr_open,,,c8cfef229f8c,ID gap fill from NEEDS_REVIEW. Fill label; keep NEEDS_REVIEW if unsure.,id_gap_fill
id_ss_00666,"Awalnya, ia bergurau dengan Wif U...",id,spamshield_indonesian_v1,NEEDS_REVIEW,NEEDS_REVIEW,id_nr_open,,,9633bd4b24f1,ID gap fill from NEEDS_REVIEW. Fill label; keep NEEDS_REVIEW if unsure.,id_gap_fill
id_ss_00667,Dorothy@kiefer.com (Bank of Granite masalah Strong-Buy) EXPLOSIVE PICK FOR OUR MEMBER *****UP OVER 300% ********* Nasdaq Simbol CDGT Itu adalah $5.00 per...,id,spamshield_indonesian_v1,NEEDS_REVIEW,NEEDS_REVIEW,id_nr_open,,,e2cea5130551,ID gap fill from NEEDS_REVIEW. Fill label; keep NEEDS_REVIEW if unsure.,id_gap_fill
id_ss_00668,Berapa biaya untuk menyewa hitman,id,spamshield_indonesian_v1,NEEDS_REVIEW,NEEDS_REVIEW,id_nr_open,,,32a949588ccc,ID gap fill from NEEDS_REVIEW. Fill label; keep NEEDS_REVIEW if unsure.,id_gap_fill
id_ss_00669,Apakah Anda memutar pemanas? pemanas itu diatur dan ditetapkan pada &lt;#&gt; derajat.,id,spamshield_indonesian_v1,NEEDS_REVIEW,NEEDS_REVIEW,id_nr_open,,,ecdaaaef377b,ID gap fill from NEEDS_REVIEW. Fill label; keep NEEDS_REVIEW if unsure.,id_gap_fill
id_ss_00670,Selamat pagi Putri!Selamat Tahun Baru!,id,spamshield_indonesian_v1,NEEDS_REVIEW,NEEDS_REVIEW,id_nr_open,,,5e2f4bd5513b,ID gap fill from NEEDS_REVIEW. Fill label; keep NEEDS_REVIEW if unsure.,id_gap_fill
id_ss_00671,K. Aku akan memanggilmu saat aku dekat,id,spamshield_indonesian_v1,NEEDS_REVIEW,NEEDS_REVIEW,id_nr_open,,,5b65abb5e2d3,ID gap fill from NEEDS_REVIEW. Fill label; keep NEEDS_REVIEW if unsure.,id_gap_fill
id_ss_00672,"Ya, saya wana pergi 4 pelajaran... Haha, bisa pergi untuk satu keseluruhan stretch...",id,spamshield_indonesian_v1,NEEDS_REVIEW,NEEDS_REVIEW,id_nr_open,,,ff280855d83e,ID gap fill from NEEDS_REVIEW. Fill label; keep NEEDS_REVIEW if unsure.,id_gap_fill
id_ss_00673,"Okies... saya akan pergi yan jiu juga... kita bisa melompat ard oso, go cine den go mrt one, blah blah blah blah...",id,spamshield_indonesian_v1,NEEDS_REVIEW,NEEDS_REVIEW,id_nr_open,,,4a82f7d5d4d2,ID gap fill from NEEDS_REVIEW. Fill label; keep NEEDS_REVIEW if unsure.,id_gap_fill
id_ss_00674,"Alamat email saya sudah berubah, sekarang sudah",id,spamshield_indonesian_v1,NEEDS_REVIEW,NEEDS_REVIEW,id_nr_open,,,c1ed92b40471,ID gap fill from NEEDS_REVIEW. Fill label; keep NEEDS_REVIEW if unsure.,id_gap_fill
id_ss_00675,"Simak kata sandi ""MIX"" ke 85069 untuk verifikasi. Dapatkan Usher dan Britney. FML, PO Box 5249, MK17 92H. 450Ppw 16",id,spamshield_indonesian_v1,NEEDS_REVIEW,NEEDS_REVIEW,id_nr_open,,,8ab381cca4e1,ID gap fill from NEEDS_REVIEW. Fill label; keep NEEDS_REVIEW if unsure.,id_gap_fill
id_ss_00677,Pada saat itu kamu tidak suka bersenang-senang,id,spamshield_indonesian_v1,NEEDS_REVIEW,NEEDS_REVIEW,id_nr_open,,,0407fb38e252,ID gap fill from NEEDS_REVIEW. Fill label; keep NEEDS_REVIEW if unsure.,id_gap_fill
id_ss_00678,"Menuntut 200 pembelian spree, hanya hubungi 08717895698 sekarang!",id,spamshield_indonesian_v1,NEEDS_REVIEW,NEEDS_REVIEW,id_nr_open,,,1274797ae007,ID gap fill from NEEDS_REVIEW. Fill label; keep NEEDS_REVIEW if unsure.,id_gap_fill
id_ss_00679,"Ada banyak hal yang harus dilakukan, mungkin ada di pub nanti.",id,spamshield_indonesian_v1,NEEDS_REVIEW,NEEDS_REVIEW,id_nr_open,,,144b894bb1ca,ID gap fill from NEEDS_REVIEW. Fill label; keep NEEDS_REVIEW if unsure.,id_gap_fill
id_ss_00680,Dear Dave ini adalah pemberitahuan terakhir Anda untuk mengumpulkan 4* Tenerife Holiday atau #5000 CASH award! hubungi 09061743806 dari landline. TCs SAE Box326 CW25WX 150ppm,id,spamshield_indonesian_v1,NEEDS_REVIEW,NEEDS_REVIEW,id_nr_open,,,78524772b57f,ID gap fill from NEEDS_REVIEW. Fill label; keep NEEDS_REVIEW if unsure.,id_gap_fill
id_ss_00681,"Wn u r sakit oleh d prsn yang s dekat 2 u, do fight wit dem. Coz somtimes dis fight saves a relationship bt being quiet leaves nothin in a relationship.. Gud eveB-)",id,spamshield_indonesian_v1,NEEDS_REVIEW,NEEDS_REVIEW,id_nr_open,,,bf830398188f,ID gap fill from NEEDS_REVIEW. Fill label; keep NEEDS_REVIEW if unsure.,id_gap_fill
id_ss_00682,Apakah itu sesuatu yang Anda makan?,id,spamshield_indonesian_v1,NEEDS_REVIEW,NEEDS_REVIEW,id_nr_open,,,6e46aa5bea51,ID gap fill from NEEDS_REVIEW. Fill label; keep NEEDS_REVIEW if unsure.,id_gap_fill
id_ss_00683,"Nombor Todays Voda berakhir 5226 dipilih untuk menerima penghargaan 350. jika Anda menghabiskan pertandingan, silakan hubungi 08712300220 mengutip kode tuntutan 1131 standard rate app",id,spamshield_indonesian_v1,NEEDS_REVIEW,NEEDS_REVIEW,id_nr_open,,,4021ba3c9dbc,ID gap fill from NEEDS_REVIEW. Fill label; keep NEEDS_REVIEW if unsure.,id_gap_fill
id_ss_00684,Sayang Anda telah diundang ke XCHAT. ini adalah percobaan terakhir kami untuk menghubungi Anda! Txt CHAT ke 86688,id,spamshield_indonesian_v1,NEEDS_REVIEW,NEEDS_REVIEW,id_nr_open,,,278987be739b,ID gap fill from NEEDS_REVIEW. Fill label; keep NEEDS_REVIEW if unsure.,id_gap_fill
id_ss_00685,"URGENT!! 4* Anda Costa Del Sol Holiday atau £5000 menunggu koleksi. hubungi 09050090044 Sekarang untukClaim. SAE, TC s, POBox334, Stockport, SK38xh, Harga £1.50/pm, Max10mins",id,spamshield_indonesian_v1,NEEDS_REVIEW,NEEDS_REVIEW,id_nr_open,,,1bd60ea197fb,ID gap fill from NEEDS_REVIEW. Fill label; keep NEEDS_REVIEW if unsure.,id_gap_fill
id_ss_00687,Pergi ke perhentian bus mahal.. &lt;DECIMAL&gt;,id,spamshield_indonesian_v1,NEEDS_REVIEW,NEEDS_REVIEW,id_nr_open,,,d4bd897fdf14,ID gap fill from NEEDS_REVIEW. Fill label; keep NEEDS_REVIEW if unsure.,id_gap_fill
id_ss_00689,Silahkan hubungi 08712402578 segera karena ada pesan mendesak yang menanti Anda,id,spamshield_indonesian_v1,NEEDS_REVIEW,NEEDS_REVIEW,id_nr_open,,,485ac4465521,ID gap fill from NEEDS_REVIEW. Fill label; keep NEEDS_REVIEW if unsure.,id_gap_fill
id_ss_00692,HTTP//tms. widelive.com/index. wml?id=820554ad0a1705572711&first=true¡C C Ringtone¡,id,spamshield_indonesian_v1,NEEDS_REVIEW,NEEDS_REVIEW,id_nr_open,,,e442f6c785b5,ID gap fill from NEEDS_REVIEW. Fill label; keep NEEDS_REVIEW if unsure.,id_gap_fill
id_ss_00694,Urgent! silakan hubungi 09061743811 dari landline. ABTA komplimentary 4* Tenerife Holiday atau £5000 tunai menunggu koleksi SAE T&Cs Box 326 CW25WX 150ppm,id,spamshield_indonesian_v1,NEEDS_REVIEW,NEEDS_REVIEW,id_nr_open,,,118d9e29073f,ID gap fill from NEEDS_REVIEW. Fill label; keep NEEDS_REVIEW if unsure.,id_gap_fill
id_ss_00695,Email AlertFrom: Jeri StewartSize: 2KBSubject: low-cost prescripiton drvgsUntuk mendengarkan panggilan email 123,id,spamshield_indonesian_v1,NEEDS_REVIEW,NEEDS_REVIEW,id_nr_open,,,d53c587a7682,ID gap fill from NEEDS_REVIEW. Fill label; keep NEEDS_REVIEW if unsure.,id_gap_fill
id_ss_00697,U ned untuk meyakinkan dia bahwa tidak mungkin sihir menyakiti perasaan beliau yang utama,id,spamshield_indonesian_v1,NEEDS_REVIEW,NEEDS_REVIEW,id_nr_open,,,2806c372bc5a,ID gap fill from NEEDS_REVIEW. Fill label; keep NEEDS_REVIEW if unsure.,id_gap_fill
id_ss_00698,A bloo bloo bloo saya akan terlepas bola pertama,id,spamshield_indonesian_v1,NEEDS_REVIEW,NEEDS_REVIEW,id_nr_open,,,26064ba6531d,ID gap fill from NEEDS_REVIEW. Fill label; keep NEEDS_REVIEW if unsure.,id_gap_fill
id_ss_00699,ASKED 3MOBILE IF 0870 CHATLINES INCLU IN FREE MINS. INDIA CUST SERVS SED YES. L8ER GOT MEGA BILL. 3 DONT GIV A SHIT. BAILIFF DUE IN DAYS. I O £250 3 WANT £800,id,spamshield_indonesian_v1,NEEDS_REVIEW,NEEDS_REVIEW,id_nr_open,,,9886f1e11f83,ID gap fill from NEEDS_REVIEW. Fill label; keep NEEDS_REVIEW if unsure.,id_gap_fill
id_ss_00700,Saya mendapat ancaman dari eksekutif jualan Anda Shifad karena saya mengajukan keluhan terhadapnya.,id,spamshield_indonesian_v1,NEEDS_REVIEW,NEEDS_REVIEW,id_nr_open,,,a22220298114,ID gap fill from NEEDS_REVIEW. Fill label; keep NEEDS_REVIEW if unsure.,id_gap_fill
id_ss_00702,Panggilan Santa! Apakah anak-anak Anda seperti panggilan dari Santa Xmas Eve? Panggilan 09077818151 untuk menempah waktu Anda. Panggilan1.50ppm terakhir 3mins 30s T&C www.santacalling.com,id,spamshield_indonesian_v1,NEEDS_REVIEW,NEEDS_REVIEW,id_nr_open,,,a5c9f1f9df6e,ID gap fill from NEEDS_REVIEW. Fill label; keep NEEDS_REVIEW if unsure.,id_gap_fill
id_ss_00703,Maaf saya terlepas panggilan Anda mari kita bicara ketika Anda memiliki waktu. saya di 07090201529,id,spamshield_indonesian_v1,NEEDS_REVIEW,NEEDS_REVIEW,id_nr_open,,,bd199273be1c,ID gap fill from NEEDS_REVIEW. Fill label; keep NEEDS_REVIEW if unsure.,id_gap_fill
id_ss_00705,Moby Pub Quiz.Win a £100 High Street prize if you know who the new Duchess of Cornwall will be? Txt her first name to 82277.unsub STOP £1.50 008704050406 SP,id,spamshield_indonesian_v1,NEEDS_REVIEW,NEEDS_REVIEW,id_nr_open,,,0fe21dca6813,ID gap fill from NEEDS_REVIEW. Fill label; keep NEEDS_REVIEW if unsure.,id_gap_fill
id_ss_00706,Kami tidak pergi lagi. ok lor kemudian kami pergi ke tempat lain n makan. U thk...,id,spamshield_indonesian_v1,NEEDS_REVIEW,NEEDS_REVIEW,id_nr_open,,,3326013ca488,ID gap fill from NEEDS_REVIEW. Fill label; keep NEEDS_REVIEW if unsure.,id_gap_fill
id_ss_00707,PRIVATE! pernyataan akun 2003 Anda untuk 07815296484 menunjukkan 800 titik S.I.M. yang tidak dibayar. panggilan 08718738001 ID Kode 41782 Hentikan 18/11/04,id,spamshield_indonesian_v1,NEEDS_REVIEW,NEEDS_REVIEW,id_nr_open,,,deb4b902c2bb,ID gap fill from NEEDS_REVIEW. Fill label; keep NEEDS_REVIEW if unsure.,id_gap_fill
id_ss_00708,"Hi harap kau baik-baik saja, dia berkata dia akan menulis dan dia tidak, kau lihat dia, biarlah aku turun dengan lembut tolong",id,spamshield_indonesian_v1,NEEDS_REVIEW,NEEDS_REVIEW,id_nr_open,,,6dab95259246,ID gap fill from NEEDS_REVIEW. Fill label; keep NEEDS_REVIEW if unsure.,id_gap_fill
id_ss_00709,Jangan khawatir...menggunakan kepingan es dalam bungkusan pakaian.juga ambil 2 tablet.,id,spamshield_indonesian_v1,NEEDS_REVIEW,NEEDS_REVIEW,id_nr_open,,,14843ec8218a,ID gap fill from NEEDS_REVIEW. Fill label; keep NEEDS_REVIEW if unsure.,id_gap_fill
id_ss_00710,"K, tulislah pada saya ketika Anda sedang dalam perjalanan",id,spamshield_indonesian_v1,NEEDS_REVIEW,NEEDS_REVIEW,id_nr_open,,,4a66de253f5f,ID gap fill from NEEDS_REVIEW. Fill label; keep NEEDS_REVIEW if unsure.,id_gap_fill
id_ss_00711,RCT' THNQ Adrian untuk U teks. Rgds Vatian,id,spamshield_indonesian_v1,NEEDS_REVIEW,NEEDS_REVIEW,id_nr_open,,,dd4b8fe00596,ID gap fill from NEEDS_REVIEW. Fill label; keep NEEDS_REVIEW if unsure.,id_gap_fill
id_ss_00712,I tot u di luar cos darren kata u datang membeli-belah. tentu saja kita nice wat. kita jus pergi sim lim melihat pada pemutar mp3.,id,spamshield_indonesian_v1,NEEDS_REVIEW,NEEDS_REVIEW,id_nr_open,,,4c051492977a,ID gap fill from NEEDS_REVIEW. Fill label; keep NEEDS_REVIEW if unsure.,id_gap_fill
id_ss_00715,Yup... Hey kemudian suatu hari di fri kita bisa meminta miwa dan jiayin pergi karaoke,id,spamshield_indonesian_v1,NEEDS_REVIEW,NEEDS_REVIEW,id_nr_open,,,e0e2965d1405,ID gap fill from NEEDS_REVIEW. Fill label; keep NEEDS_REVIEW if unsure.,id_gap_fill
id_ss_00716,"500 Mobil Baru dari 2004, MUST GO! Txt: NOKIA ke No: 89545 & mengumpulkan milikmu hari ini!Dari ONLY £1 www.4-tc.biz 2optout 087187262701.50gbp/mtmsg18",id,spamshield_indonesian_v1,NEEDS_REVIEW,NEEDS_REVIEW,id_nr_open,,,f25435c403b9,ID gap fill from NEEDS_REVIEW. Fill label; keep NEEDS_REVIEW if unsure.,id_gap_fill
id_ss_00717,Aku akan mulai mendengarnya.,id,spamshield_indonesian_v1,NEEDS_REVIEW,NEEDS_REVIEW,id_nr_open,,,efaf8ce823d2,ID gap fill from NEEDS_REVIEW. Fill label; keep NEEDS_REVIEW if unsure.,id_gap_fill
id_ss_00718,Saya juga terlalu cepat... Xy menyarankan satu tidak saya. U dun wan itu ok. Going 2 hujan leh di mana mendapat gd.,id,spamshield_indonesian_v1,NEEDS_REVIEW,NEEDS_REVIEW,id_nr_open,,,5885d44f0f62,ID gap fill from NEEDS_REVIEW. Fill label; keep NEEDS_REVIEW if unsure.,id_gap_fill
id_ss_00720,Jangan Gimme yang Lip Caveboy,id,spamshield_indonesian_v1,NEEDS_REVIEW,NEEDS_REVIEW,id_nr_open,,,a1eedbee07b1,ID gap fill from NEEDS_REVIEW. Fill label; keep NEEDS_REVIEW if unsure.,id_gap_fill
id_ss_00721,Hari ini adalah ACCEPT DAY..U Accept me as? Brother Sister Lover Dear1 Best1 Clos1 Lvblefrnd Jstfrnd Cutefrnd Lifpartnr Belovd Swtheart Bstfrnd No rply means enemy,id,spamshield_indonesian_v1,NEEDS_REVIEW,NEEDS_REVIEW,id_nr_open,,,3cefa0deca12,ID gap fill from NEEDS_REVIEW. Fill label; keep NEEDS_REVIEW if unsure.,id_gap_fill
id_ss_00723,Kami mencoba untuk menghubungi Anda kembali jawaban Anda untuk penawaran kami dari Video Handset? 750 kapan saja apa-apa jaringan mins? UNLIMITED TEXT? Camcorder? Jawab atau hubungi 08000930705 NOW,id,spamshield_indonesian_v1,NEEDS_REVIEW,NEEDS_REVIEW,id_nr_open,,,432b99813268,ID gap fill from NEEDS_REVIEW. Fill label; keep NEEDS_REVIEW if unsure.,id_gap_fill
id_ss_00725,Pls membantu saya mengatakan sura bahwa saya mengharapkan baterai dari hont. dan bahwa jika harus pls mengirimkan saya pesan tentang bagaimana untuk mengunduh film. terima kasih,id,spamshield_indonesian_v1,NEEDS_REVIEW,NEEDS_REVIEW,id_nr_open,,,d229dc8ef0c1,ID gap fill from NEEDS_REVIEW. Fill label; keep NEEDS_REVIEW if unsure.,id_gap_fill
id_ss_00726,Anda memiliki Secret Admirer yang sedang mencari 2 menghubungi U-menemukan siapa mereka R*reveal yang berpikir UR begitu khusus-call pada 09065171142-stopsms-08,id,spamshield_indonesian_v1,NEEDS_REVIEW,NEEDS_REVIEW,id_nr_open,,,df34893195b5,ID gap fill from NEEDS_REVIEW. Fill label; keep NEEDS_REVIEW if unsure.,id_gap_fill
id_ss_00729,Aku akan menyumbangkan setiap saat yang kita habiskan bersama.,id,spamshield_indonesian_v1,NEEDS_REVIEW,NEEDS_REVIEW,id_nr_open,,,dd8e028a32e7,ID gap fill from NEEDS_REVIEW. Fill label; keep NEEDS_REVIEW if unsure.,id_gap_fill
id_ss_00730,Update_Now - 12Mths Half Price Orange line rental: 400mins...Call MobileUpd8 pada 08000839402 atau call2optout=J5Q,id,spamshield_indonesian_v1,NEEDS_REVIEW,NEEDS_REVIEW,id_nr_open,,,435c5e638a62,ID gap fill from NEEDS_REVIEW. Fill label; keep NEEDS_REVIEW if unsure.,id_gap_fill
id_ss_00732,Nokia 3650 video kamera telepon adalah panggilan Anda 09066382422 panggilan biaya 150ppm Ave panggilan 3mins berbeda dari ponsel 16+ dekat 300603 post BCM4284 Ldn WC1N3XX,id,spamshield_indonesian_v1,NEEDS_REVIEW,NEEDS_REVIEW,id_nr_open,,,05bee7343c5d,ID gap fill from NEEDS_REVIEW. Fill label; keep NEEDS_REVIEW if unsure.,id_gap_fill
id_ss_00735,Kemudian ur sis bagaimana?,id,spamshield_indonesian_v1,NEEDS_REVIEW,NEEDS_REVIEW,id_nr_open,,,0c1b11d1651f,ID gap fill from NEEDS_REVIEW. Fill label; keep NEEDS_REVIEW if unsure.,id_gap_fill
id_ss_00737,Ingin 2 mendapatkan ditempatkan malam ini? Ingin real Dogging lokasi dikirim langsung 2 jam mob? Bergabunglah dengan UK terbesar Dogging Network bt Txting GRAVEL di 69888! Nt. ec2a. 31p.msg@150p,id,spamshield_indonesian_v1,NEEDS_REVIEW,NEEDS_REVIEW,id_nr_open,,,07c39ee757c5,ID gap fill from NEEDS_REVIEW. Fill label; keep NEEDS_REVIEW if unsure.,id_gap_fill
id_ss_00738,Baik itu bagus. terlalu buruk aku bisa makan itu,id,spamshield_indonesian_v1,NEEDS_REVIEW,NEEDS_REVIEW,id_nr_open,,,6376bdb22175,ID gap fill from NEEDS_REVIEW. Fill label; keep NEEDS_REVIEW if unsure.,id_gap_fill
id_ss_00739,Anda memiliki pengagum rahasia yang sedang menonton 2 menghubungi U-menemukan siapa mereka R*reveal yang berpikir UR begitu istimewa panggilan di 09058094594,id,spamshield_indonesian_v1,NEEDS_REVIEW,NEEDS_REVIEW,id_nr_open,,,fe9f0b2edde3,ID gap fill from NEEDS_REVIEW. Fill label; keep NEEDS_REVIEW if unsure.,id_gap_fill
id_ss_00740,Tidak perlu mengatakan apa-apa kepada saya. saya tahu saya adalah orang luar,id,spamshield_indonesian_v1,NEEDS_REVIEW,NEEDS_REVIEW,id_nr_open,,,af2eacce33c7,ID gap fill from NEEDS_REVIEW. Fill label; keep NEEDS_REVIEW if unsure.,id_gap_fill
id_ss_00741,"Aku datang, tapi tidak ada yang ada.",id,spamshield_indonesian_v1,NEEDS_REVIEW,NEEDS_REVIEW,id_nr_open,,,d4b3430087cb,ID gap fill from NEEDS_REVIEW. Fill label; keep NEEDS_REVIEW if unsure.,id_gap_fill
id_ss_00742,Tidak bisa. saya merasa pahit. saya sangat marah. saya tidak makan apa-apa gula-gula sepanjang minggu karena hari ini saya berencana untuk babi keluar. saya sedang diet sepanjang minggu. dan sekarang saya tidak lapar :/,id,spamshield_indonesian_v1,NEEDS_REVIEW,NEEDS_REVIEW,id_nr_open,,,c8851e1d7289,ID gap fill from NEEDS_REVIEW. Fill label; keep NEEDS_REVIEW if unsure.,id_gap_fill
id_ss_00743,Menonton film telugu..wat abt u?,id,spamshield_indonesian_v1,NEEDS_REVIEW,NEEDS_REVIEW,id_nr_open,,,7c872da54a5a,ID gap fill from NEEDS_REVIEW. Fill label; keep NEEDS_REVIEW if unsure.,id_gap_fill
id_ss_00744,"Belajar, tapi akan bebas di akhir pekan nanti.",id,spamshield_indonesian_v1,NEEDS_REVIEW,NEEDS_REVIEW,id_nr_open,,,baf78758f313,ID gap fill from NEEDS_REVIEW. Fill label; keep NEEDS_REVIEW if unsure.,id_gap_fill
id_ss_00746,"Jika aku bukan, aku tidak memperhatikan",id,spamshield_indonesian_v1,NEEDS_REVIEW,NEEDS_REVIEW,id_nr_open,,,afc9ad8a1901,ID gap fill from NEEDS_REVIEW. Fill label; keep NEEDS_REVIEW if unsure.,id_gap_fill
id_ss_00747,Apakah Anda datang ke bawah nanti?,id,spamshield_indonesian_v1,NEEDS_REVIEW,NEEDS_REVIEW,id_nr_open,,,36d01dda4b14,ID gap fill from NEEDS_REVIEW. Fill label; keep NEEDS_REVIEW if unsure.,id_gap_fill
id_ss_00748,"Apa pun, saya sangat terkejut.",id,spamshield_indonesian_v1,NEEDS_REVIEW,NEEDS_REVIEW,id_nr_open,,,7c54b950f353,ID gap fill from NEEDS_REVIEW. Fill label; keep NEEDS_REVIEW if unsure.,id_gap_fill
id_ss_00750,Kamu punya banyak tanggung jawab.,id,spamshield_indonesian_v1,NEEDS_REVIEW,NEEDS_REVIEW,id_nr_open,,,a7b82186ef24,ID gap fill from NEEDS_REVIEW. Fill label; keep NEEDS_REVIEW if unsure.,id_gap_fill
id_ss_00751,Ur cash-balance saat ini 500 pound - untuk memaksimalkan ur cash-in sekarang mengirimkan COLLECT ke 83600 hanya 150p/msg. CC: 08718720201 PO BOX 114/14 TCR/W1,id,spamshield_indonesian_v1,NEEDS_REVIEW,NEEDS_REVIEW,id_nr_open,,,69f91dc9c9b8,ID gap fill from NEEDS_REVIEW. Fill label; keep NEEDS_REVIEW if unsure.,id_gap_fill
id_ss_00752,Lol no. Anda bisa mempercayai saya.,id,spamshield_indonesian_v1,NEEDS_REVIEW,NEEDS_REVIEW,id_nr_open,,,1a096a5bfa6a,ID gap fill from NEEDS_REVIEW. Fill label; keep NEEDS_REVIEW if unsure.,id_gap_fill
id_ss_00753,FreeMsg:Feelin kinda lnly hope u like 2 keep me company! Jst got a cam moby wanna c my pic?Txt or reply DATE to 82242 Msg150p 2rcv Hlp 08712317606 stop to 82242,id,spamshield_indonesian_v1,NEEDS_REVIEW,NEEDS_REVIEW,id_nr_open,,,143779664dd4,ID gap fill from NEEDS_REVIEW. Fill label; keep NEEDS_REVIEW if unsure.,id_gap_fill
id_ss_00754,Tunggu sampai toko tersebut ditutup.,id,spamshield_indonesian_v1,NEEDS_REVIEW,NEEDS_REVIEW,id_nr_open,,,1054223606da,ID gap fill from NEEDS_REVIEW. Fill label; keep NEEDS_REVIEW if unsure.,id_gap_fill
id_ss_00756,Kami mencoba untuk menghubungi Anda kembali jawaban Anda untuk penawaran kami dari Video Handset? 750 setiap kali jaringan mins? UNLIMITED TEXT? Camcorder? Jawab atau hubungi 08000930705 NOW,id,spamshield_indonesian_v1,NEEDS_REVIEW,NEEDS_REVIEW,id_nr_open,,,432b99813268,ID gap fill from NEEDS_REVIEW. Fill label; keep NEEDS_REVIEW if unsure.,id_gap_fill
id_ss_00757,"Hey. apa yang terjadi? Anda mematikan ur cell d sepanjang hari. ini tidak baik. sekarang jika Anda peduli, beri saya panggilan esok.",id,spamshield_indonesian_v1,NEEDS_REVIEW,NEEDS_REVIEW,id_nr_open,,,7c8dfc4badee,ID gap fill from NEEDS_REVIEW. Fill label; keep NEEDS_REVIEW if unsure.,id_gap_fill
id_ss_00758,U wan me 2 go suntec look 4 u?,id,spamshield_indonesian_v1,NEEDS_REVIEW,NEEDS_REVIEW,id_nr_open,,,58c89cdeaeda,ID gap fill from NEEDS_REVIEW. Fill label; keep NEEDS_REVIEW if unsure.,id_gap_fill
id_ss_00761,Anda dialu-alukan ... Anda terperangkap menggunakan bahasa Inggris yang rusak lagi ...,id,spamshield_indonesian_v1,NEEDS_REVIEW,NEEDS_REVIEW,id_nr_open,,,6ea7a5a185a4,ID gap fill from NEEDS_REVIEW. Fill label; keep NEEDS_REVIEW if unsure.,id_gap_fill
id_ss_00763,Don't b floppy... b snappy & happy! hanya gay chat service dengan foto upload call 08718730666 (10p/min). 2 stop teks kami call 08712460324,id,spamshield_indonesian_v1,NEEDS_REVIEW,NEEDS_REVIEW,id_nr_open,,,89e080413da6,ID gap fill from NEEDS_REVIEW. Fill label; keep NEEDS_REVIEW if unsure.,id_gap_fill
id_ss_00764,U bertemu lain fren dun wan bertemu saya ah... Muz b a guy rite...,id,spamshield_indonesian_v1,NEEDS_REVIEW,NEEDS_REVIEW,id_nr_open,,,6e5d8ac195ef,ID gap fill from NEEDS_REVIEW. Fill label; keep NEEDS_REVIEW if unsure.,id_gap_fill
id_ss_00765,Anggur sedang mengalir dan saya tidak pernah...,id,spamshield_indonesian_v1,NEEDS_REVIEW,NEEDS_REVIEW,id_nr_open,,,06162955301b,ID gap fill from NEEDS_REVIEW. Fill label; keep NEEDS_REVIEW if unsure.,id_gap_fill
id_ss_00768,Apakah Anda pikir saya bisa bergerak &lt;#&gt; dalam seminggu,id,spamshield_indonesian_v1,NEEDS_REVIEW,NEEDS_REVIEW,id_nr_open,,,cc2a64fc392c,ID gap fill from NEEDS_REVIEW. Fill label; keep NEEDS_REVIEW if unsure.,id_gap_fill
id_ss_00769,"Jangan pernah menyalahkan satu hari dalam kehidupan, hari-hari baik memberi Anda kebahagiaan, hari-hari buruk memberi Anda pengalaman, keduanya penting dalam kehidupan, semuanya adalah berkat Allah!",id,spamshield_indonesian_v1,NEEDS_REVIEW,NEEDS_REVIEW,id_nr_open,,,708d0afe1e38,ID gap fill from NEEDS_REVIEW. Fill label; keep NEEDS_REVIEW if unsure.,id_gap_fill
id_ss_00770,Pada jam 7 kami akan berjalan dengan baik.,id,spamshield_indonesian_v1,NEEDS_REVIEW,NEEDS_REVIEW,id_nr_open,,,fc8d7ea262c2,ID gap fill from NEEDS_REVIEW. Fill label; keep NEEDS_REVIEW if unsure.,id_gap_fill
id_ss_00771,"Urgent! hubungi 09066612661 dari landline. tambahan Anda 4* Tenerife Holiday atau £10,000 tunai menunggu koleksi SAE T&Cs PO Box 3 WA14 2PX 150ppm 18+ Pengirim: Hol Tawaran",id,spamshield_indonesian_v1,NEEDS_REVIEW,NEEDS_REVIEW,id_nr_open,,,3fd299113032,ID gap fill from NEEDS_REVIEW. Fill label; keep NEEDS_REVIEW if unsure.,id_gap_fill
id_ss_00772,Ini adalah percobaan kedua untuk menghubungi U!U memiliki WON £1000CALL 09071512432 b4 300603t&csBCM4235WC1N3XX.callcost150ppmmobilesvary. max£7.50,id,spamshield_indonesian_v1,NEEDS_REVIEW,NEEDS_REVIEW,id_nr_open,,,dda426dc777b,ID gap fill from NEEDS_REVIEW. Fill label; keep NEEDS_REVIEW if unsure.,id_gap_fill
id_ss_00773,Silakan tempah tiket pada hari Sabtu pagi dari chennai ke thirunelvali dan lagi dari tirunelvali ke chennai pada hari Minggu pagi...saya sudah melihat di net..no tiket tersedia..saya ingin menempah tiket melalui tackle..,id,spamshield_indonesian_v1,NEEDS_REVIEW,NEEDS_REVIEW,id_nr_open,,,b2a4507b5423,ID gap fill from NEEDS_REVIEW. Fill label; keep NEEDS_REVIEW if unsure.,id_gap_fill
id_ss_00774,Selamat datang! silakan jawab dengan usia dan gender Anda untuk memulai. e.g 24M,id,spamshield_indonesian_v1,NEEDS_REVIEW,NEEDS_REVIEW,id_nr_open,,,5281cb44994a,ID gap fill from NEEDS_REVIEW. Fill label; keep NEEDS_REVIEW if unsure.,id_gap_fill
id_ss_00778,I dunno lei... seperti dun haf...,id,spamshield_indonesian_v1,NEEDS_REVIEW,NEEDS_REVIEW,id_nr_open,,,a5e59a8d183f,ID gap fill from NEEDS_REVIEW. Fill label; keep NEEDS_REVIEW if unsure.,id_gap_fill
id_ss_00780,Sekarang ada TV 2 menonton meh? Anda tidak bekerja hari ini?,id,spamshield_indonesian_v1,NEEDS_REVIEW,NEEDS_REVIEW,id_nr_open,,,7afbbba9dd3e,ID gap fill from NEEDS_REVIEW. Fill label; keep NEEDS_REVIEW if unsure.,id_gap_fill
id_ss_00781,Anda masih melukis ur dinding?,id,spamshield_indonesian_v1,NEEDS_REVIEW,NEEDS_REVIEW,id_nr_open,,,ca499b2dd8b6,ID gap fill from NEEDS_REVIEW. Fill label; keep NEEDS_REVIEW if unsure.,id_gap_fill
id_ss_00782,"kata ciuman, ciuman, saya tidak bisa membuat efek bunyi! dia adalah pria yang indah bukan dia! jenis orang yang membutuhkan senyum untuk menerangi harinya!",id,spamshield_indonesian_v1,NEEDS_REVIEW,NEEDS_REVIEW,id_nr_open,,,1b2acb1d5507,ID gap fill from NEEDS_REVIEW. Fill label; keep NEEDS_REVIEW if unsure.,id_gap_fill
id_ss_00783,Beli satu ringtone dan sekarang mendapatkan teks yang biaya 3 pound menawarkan lebih banyak ton dan sebagainya,id,spamshield_indonesian_v1,NEEDS_REVIEW,NEEDS_REVIEW,id_nr_open,,,1c8d385cac4d,ID gap fill from NEEDS_REVIEW. Fill label; keep NEEDS_REVIEW if unsure.,id_gap_fill
id_ss_00785,"Dan itu baik-baik saja, saya mendapat cukup bud untuk menghabiskan sebagian besar malam setidaknya",id,spamshield_indonesian_v1,NEEDS_REVIEW,NEEDS_REVIEW,id_nr_open,,,ce317b6e757a,ID gap fill from NEEDS_REVIEW. Fill label; keep NEEDS_REVIEW if unsure.,id_gap_fill
id_ss_00786,"Pertanyaannya, apakah kamu menggunakannya atau tidak?Bolehkah kamu menjadi teman atau teman kelas?",id,spamshield_indonesian_v1,NEEDS_REVIEW,NEEDS_REVIEW,id_nr_open,,,1ed99ae70cf4,ID gap fill from NEEDS_REVIEW. Fill label; keep NEEDS_REVIEW if unsure.,id_gap_fill
id_ss_00787,Ini adalah kesalahan!,id,spamshield_indonesian_v1,NEEDS_REVIEW,NEEDS_REVIEW,id_nr_open,,,1cfd67132cb2,ID gap fill from NEEDS_REVIEW. Fill label; keep NEEDS_REVIEW if unsure.,id_gap_fill
id_ss_00788,1 sendok roti dan 1 sendok roti. lol,id,spamshield_indonesian_v1,NEEDS_REVIEW,NEEDS_REVIEW,id_nr_open,,,a70d48626159,ID gap fill from NEEDS_REVIEW. Fill label; keep NEEDS_REVIEW if unsure.,id_gap_fill
id_ss_00789,"Mungkin * sangat mudah untuk memberikan identifikasi akun Anda, jadi saya akan di UNI besok",id,spamshield_indonesian_v1,NEEDS_REVIEW,NEEDS_REVIEW,id_nr_open,,,50d1c6bb8f5a,ID gap fill from NEEDS_REVIEW. Fill label; keep NEEDS_REVIEW if unsure.,id_gap_fill
id_ss_00790,Saya di rumah.Dok memberi saya obat sakit mengatakan semuanya baik-baik saja.,id,spamshield_indonesian_v1,NEEDS_REVIEW,NEEDS_REVIEW,id_nr_open,,,6da867f6b3e5,ID gap fill from NEEDS_REVIEW. Fill label; keep NEEDS_REVIEW if unsure.,id_gap_fill
id_ss_00792,"Wen ur sayang bcums marah lebar u, dnt mengambilnya serius.. Coz marah adalah d paling anak n benar cara untuk menunjukkan kasih sayang yang mendalam, perhatian n luv!.. kettoda manda... Have nice day da.",id,spamshield_indonesian_v1,NEEDS_REVIEW,NEEDS_REVIEW,id_nr_open,,,8743ca3fe43e,ID gap fill from NEEDS_REVIEW. Fill label; keep NEEDS_REVIEW if unsure.,id_gap_fill
id_ss_00796,Saya tidak ingin Anda pergi.Tetapi saya hampir tidak melakukan apa yang saya bisa untuk tetap sehat. berjuang dengan Anda terus-menerus tidak membantu.,id,spamshield_indonesian_v1,NEEDS_REVIEW,NEEDS_REVIEW,id_nr_open,,,e27c58391117,ID gap fill from NEEDS_REVIEW. Fill label; keep NEEDS_REVIEW if unsure.,id_gap_fill
id_ss_00797,Kamera - Anda dianugerahkan SiPix Digital Camera! hubungi 09061221066 dari landline.,id,spamshield_indonesian_v1,NEEDS_REVIEW,NEEDS_REVIEW,id_nr_open,,,2e0ee39b31d7,ID gap fill from NEEDS_REVIEW. Fill label; keep NEEDS_REVIEW if unsure.,id_gap_fill
id_ss_00799,"Setelah obat, dia akan bisa makan.",id,spamshield_indonesian_v1,NEEDS_REVIEW,NEEDS_REVIEW,id_nr_open,,,23f16d6ec57d,ID gap fill from NEEDS_REVIEW. Fill label; keep NEEDS_REVIEW if unsure.,id_gap_fill
id_ss_00800,"URGENT! Your Mobile No. telah dianugerahkan £2000 Bonus Caller Prize pada 5/9/03 Ini adalah percobaan terakhir kami untuk menghubungi U! Panggilan dari Landline 09064019788 BOX42WR29C, 150PPM",id,spamshield_indonesian_v1,NEEDS_REVIEW,NEEDS_REVIEW,id_nr_open,,,24b7c54584ee,ID gap fill from NEEDS_REVIEW. Fill label; keep NEEDS_REVIEW if unsure.,id_gap_fill
id_ss_00801,1st wk FREE! Gr8 ton str8 2 u setiap wk. Txt NOKIA ON to 8007 untuk Classic Nokia ton atau HIT ON to 8007 untuk Polys. Nokia/150p Poly/200p 16+,id,spamshield_indonesian_v1,NEEDS_REVIEW,NEEDS_REVIEW,id_nr_open,,,8dd243563510,ID gap fill from NEEDS_REVIEW. Fill label; keep NEEDS_REVIEW if unsure.,id_gap_fill
id_ss_00802,Sungguh indah! 1,id,spamshield_indonesian_v1,NEEDS_REVIEW,NEEDS_REVIEW,id_nr_open,,,9b11dd1a990a,ID gap fill from NEEDS_REVIEW. Fill label; keep NEEDS_REVIEW if unsure.,id_gap_fill
id_ss_00803,"Anda akan menerima nada Anda dalam 24 jam berikutnya. Untuk Terma dan Ketentuan, silakan lihat Channel U Teletext Pg 750",id,spamshield_indonesian_v1,NEEDS_REVIEW,NEEDS_REVIEW,id_nr_open,,,216b20dbbeaa,ID gap fill from NEEDS_REVIEW. Fill label; keep NEEDS_REVIEW if unsure.,id_gap_fill
id_ss_00804,CALL 09090900040 & LISTEN TO EXTREME DIRTY LIVE CHAT GOING ON IN THE OFFICE RIGHT NOW TOTAL PRIVACY NO ONE KNOW YOUR [sic] LISTENING 60P MIN 24/7MP 0870753331018+,id,spamshield_indonesian_v1,NEEDS_REVIEW,NEEDS_REVIEW,id_nr_open,,,4fb5d8ca7e2f,ID gap fill from NEEDS_REVIEW. Fill label; keep NEEDS_REVIEW if unsure.,id_gap_fill
id_ss_00807,Berhati-hatilah dan tidur dengan baik.Anda perlu belajar untuk berubah dalam kehidupan.Anda hanya perlu untuk mendapatkan CONVINCED pada itu.I akan menunggu tetapi tidak lagi percakapan antara kita.GET CONVINCED oleh waktu itu.Keluarga Anda berakhir untuk Anda dalam banyak makna.Hormati mereka tetapi tidak overemphasise.atau Anda tidak memiliki peran dalam hidup saya.,id,spamshield_indonesian_v1,NEEDS_REVIEW,NEEDS_REVIEW,id_nr_open,,,3170259f7943,ID gap fill from NEEDS_REVIEW. Fill label; keep NEEDS_REVIEW if unsure.,id_gap_fill
id_ss_00808,Saya pikir saya telah memutuskan untuk mempertahankan ini mp3 yang tidak berfungsi.,id,spamshield_indonesian_v1,NEEDS_REVIEW,NEEDS_REVIEW,id_nr_open,,,43d4c72e0bbf,ID gap fill from NEEDS_REVIEW. Fill label; keep NEEDS_REVIEW if unsure.,id_gap_fill
id_ss_00809,Anda memiliki pengumuman layanan pelanggan yang penting. hubungi FREEPHONE 0800 542 0825 sekarang!,id,spamshield_indonesian_v1,NEEDS_REVIEW,NEEDS_REVIEW,id_nr_open,,,dbf3253aea9b,ID gap fill from NEEDS_REVIEW. Fill label; keep NEEDS_REVIEW if unsure.,id_gap_fill
id_ss_00811,Kakak saya menyelesaikan dua putaran di birla soft kemarin.,id,spamshield_indonesian_v1,NEEDS_REVIEW,NEEDS_REVIEW,id_nr_open,,,bcb8db9c840f,ID gap fill from NEEDS_REVIEW. Fill label; keep NEEDS_REVIEW if unsure.,id_gap_fill
id_ss_00812,Saya bergabung hari ini secara resmi.Pls terus berdoa.Saya akan berbicara nanti.,id,spamshield_indonesian_v1,NEEDS_REVIEW,NEEDS_REVIEW,id_nr_open,,,281fd45d4210,ID gap fill from NEEDS_REVIEW. Fill label; keep NEEDS_REVIEW if unsure.,id_gap_fill
id_ss_00813,"Apa yang akan kita lakukan di kamar mandi, sayang?",id,spamshield_indonesian_v1,NEEDS_REVIEW,NEEDS_REVIEW,id_nr_open,,,ee25e768ca19,ID gap fill from NEEDS_REVIEW. Fill label; keep NEEDS_REVIEW if unsure.,id_gap_fill
id_ss_00814,Kode jenis saya adalah dan acc tidak . bank adalah natwest. dapat Anda jawab untuk mengkonfirmasi saya telah mengirimkan ini kepada orang yang tepat!,id,spamshield_indonesian_v1,NEEDS_REVIEW,NEEDS_REVIEW,id_nr_open,,,e71684cf1d51,ID gap fill from NEEDS_REVIEW. Fill label; keep NEEDS_REVIEW if unsure.,id_gap_fill
id_ss_00816,"0A$NETWORKS memungkinkan perusahaan untuk mengenakan biaya untuk SMS, sehingga mereka bertanggung jawab untuk ""pembekal"" mereka, sama seperti sebuah toko harus memberikan jaminan pada apa yang mereka jual.",id,spamshield_indonesian_v1,NEEDS_REVIEW,NEEDS_REVIEW,id_nr_open,,,2ba50c734a4d,ID gap fill from NEEDS_REVIEW. Fill label; keep NEEDS_REVIEW if unsure.,id_gap_fill
id_ss_00817,"Jangan pernah berbicara dengannya, kata-kata saya baik.",id,spamshield_indonesian_v1,NEEDS_REVIEW,NEEDS_REVIEW,id_nr_open,,,47221910b9b8,ID gap fill from NEEDS_REVIEW. Fill label; keep NEEDS_REVIEW if unsure.,id_gap_fill
id_ss_00820,Ini adalah percobaan kedua untuk menghubungi U!U memiliki WON £1250 CALL 09071512433 b4 050703 T&CsBCM4235WC1N3XX. biaya panggilan 150ppm mobilesvary. max£7.50,id,spamshield_indonesian_v1,NEEDS_REVIEW,NEEDS_REVIEW,id_nr_open,,,dda426dc777b,ID gap fill from NEEDS_REVIEW. Fill label; keep NEEDS_REVIEW if unsure.,id_gap_fill
id_ss_00821,Tones Cool-Mob mingguan Anda siap untuk dimuat turun !Tones baru minggu ini termasuk: 1) Crazy Frog-AXEL F>>> 2) Akon-Lonely>>> 3) Black Eyed-Dont P >>>Lebih banyak info di n,id,spamshield_indonesian_v1,NEEDS_REVIEW,NEEDS_REVIEW,id_nr_open,,,644d7530122c,ID gap fill from NEEDS_REVIEW. Fill label; keep NEEDS_REVIEW if unsure.,id_gap_fill
id_ss_00822,PRIVATE! Pernyataan Akun 2003 Anda untuk menunjukkan 800 S. I. M. titik. Panggilan 08719899230 Kode Identifikasi: 41685 Berakhir 07/11/04,id,spamshield_indonesian_v1,NEEDS_REVIEW,NEEDS_REVIEW,id_nr_open,,,ea3dd83382e6,ID gap fill from NEEDS_REVIEW. Fill label; keep NEEDS_REVIEW if unsure.,id_gap_fill
id_ss_00823,K :) semua yang terbaik :) kongres ...,id,spamshield_indonesian_v1,NEEDS_REVIEW,NEEDS_REVIEW,id_nr_open,,,5c6974e7fe5d,ID gap fill from NEEDS_REVIEW. Fill label; keep NEEDS_REVIEW if unsure.,id_gap_fill
id_ss_00824,"The &lt;#&gt; g yang saya lihat beberapa hari yang lalu, pria itu ingin menjual wifi hanya untuk &lt;#&gt; dan dengan 3g untuk &lt;#&gt; .",id,spamshield_indonesian_v1,NEEDS_REVIEW,NEEDS_REVIEW,id_nr_open,,,bfae7470aa6c,ID gap fill from NEEDS_REVIEW. Fill label; keep NEEDS_REVIEW if unsure.,id_gap_fill
id_ss_00825,Mobile Club: Pilih salah satu item kualitas tertinggi untuk ponsel Anda. 7cfca1a,id,spamshield_indonesian_v1,NEEDS_REVIEW,NEEDS_REVIEW,id_nr_open,,,59422f01681b,ID gap fill from NEEDS_REVIEW. Fill label; keep NEEDS_REVIEW if unsure.,id_gap_fill
id_ss_00828,Anda akan menerima ringtone Triple Echo minggu ini tidak lama lagi. nikmati!,id,spamshield_indonesian_v1,NEEDS_REVIEW,NEEDS_REVIEW,id_nr_open,,,b828bf968209,ID gap fill from NEEDS_REVIEW. Fill label; keep NEEDS_REVIEW if unsure.,id_gap_fill
id_ss_00829,Gunakan link berikut pada PC Anda 2 menikmati pengalaman makan 2 4 1http://www.vouch4me.com/etlp/dining.asp,id,spamshield_indonesian_v1,NEEDS_REVIEW,NEEDS_REVIEW,id_nr_open,,,34b19f92c800,ID gap fill from NEEDS_REVIEW. Fill label; keep NEEDS_REVIEW if unsure.,id_gap_fill
id_ss_00830,Oh karena fuck's karena dia dalam seperti tallahassee,id,spamshield_indonesian_v1,NEEDS_REVIEW,NEEDS_REVIEW,id_nr_open,,,f9d1d76ad903,ID gap fill from NEEDS_REVIEW. Fill label; keep NEEDS_REVIEW if unsure.,id_gap_fill
id_ss_00831,Saya pergi ke pub yang dipanggil Swan atau sebentar dengan orang tua saya untuk minuman jadi hubungi saya jika Anda bisa,id,spamshield_indonesian_v1,NEEDS_REVIEW,NEEDS_REVIEW,id_nr_open,,,b05bd8ff7102,ID gap fill from NEEDS_REVIEW. Fill label; keep NEEDS_REVIEW if unsure.,id_gap_fill
id_ss_00832,Saya pikir itu jauh lebih dari itu tetapi ketahui. periksa peta Google untuk tempat dari tempat tidur Anda.,id,spamshield_indonesian_v1,NEEDS_REVIEW,NEEDS_REVIEW,id_nr_open,,,5e40e21b14eb,ID gap fill from NEEDS_REVIEW. Fill label; keep NEEDS_REVIEW if unsure.,id_gap_fill
id_ss_00833,Macha don't feel upset.i dapat mengambil pikiran Anda. percayalah pada saya satu malam dengan saya dan saya memiliki beberapa rencana yang indah untuk kami berdua.LET LIFE BEGIN AGAIN.call me anytime,id,spamshield_indonesian_v1,NEEDS_REVIEW,NEEDS_REVIEW,id_nr_open,,,22d707d03a0b,ID gap fill from NEEDS_REVIEW. Fill label; keep NEEDS_REVIEW if unsure.,id_gap_fill
id_ss_00834,"I noe la... U wana pei bf oso rite... K lor, hari-hari lain...",id,spamshield_indonesian_v1,NEEDS_REVIEW,NEEDS_REVIEW,id_nr_open,,,729f890ecc24,ID gap fill from NEEDS_REVIEW. Fill label; keep NEEDS_REVIEW if unsure.,id_gap_fill
id_ss_00835,"Pelanggan Orange, Anda sekarang dapat menuntut pembaruan FREE CAMERA PHONE untuk loyalitas Anda. hubungi sekarang di 0207 153 9996. tawaran berakhir 14thMarch.",id,spamshield_indonesian_v1,NEEDS_REVIEW,NEEDS_REVIEW,id_nr_open,,,49774ce6c0fd,ID gap fill from NEEDS_REVIEW. Fill label; keep NEEDS_REVIEW if unsure.,id_gap_fill
id_ss_00836,XCLUSIVE@CLUBSAISAI 2MOROW 28/5 SOIREE SPECIALE ZOUK WITH NICHOLS FROM PARIS.FREE ROSES 2 ALL LADIES !!! info: 07946746291/07880867867,id,spamshield_indonesian_v1,NEEDS_REVIEW,NEEDS_REVIEW,id_nr_open,,,bbed8a6fd31b,ID gap fill from NEEDS_REVIEW. Fill label; keep NEEDS_REVIEW if unsure.,id_gap_fill
id_ss_00837,"Txt GIRL atau BLOKE & ur NAME & AGE, eg GIRL ZOE 18 hingga 8007 untuk bergabung dan mendapatkan chatting!",id,spamshield_indonesian_v1,NEEDS_REVIEW,NEEDS_REVIEW,id_nr_open,,,116fea875d63,ID gap fill from NEEDS_REVIEW. Fill label; keep NEEDS_REVIEW if unsure.,id_gap_fill
id_ss_00840,Good Luck! Draw berlangsung 28th Feb 06. Good Luck! Untuk penghapusan menghantar STOP ke 87239 layanan pelanggan 08708034412,id,spamshield_indonesian_v1,NEEDS_REVIEW,NEEDS_REVIEW,id_nr_open,,,b7e916f0c5f8,ID gap fill from NEEDS_REVIEW. Fill label; keep NEEDS_REVIEW if unsure.,id_gap_fill
id_ss_00843,Filthy cerita dan gadis-gadis menunggu untuk Anda,id,spamshield_indonesian_v1,NEEDS_REVIEW,NEEDS_REVIEW,id_nr_open,,,fd73b29abfce,ID gap fill from NEEDS_REVIEW. Fill label; keep NEEDS_REVIEW if unsure.,id_gap_fill
id_ss_00844,Bagaimanakah perasaanmu? aku merindukanmu!,id,spamshield_indonesian_v1,NEEDS_REVIEW,NEEDS_REVIEW,id_nr_open,,,e7511486f4a5,ID gap fill from NEEDS_REVIEW. Fill label; keep NEEDS_REVIEW if unsure.,id_gap_fill
id_ss_00845,V nice! Off 2 sheffield tom 2 air pendapat saya tentang kategori 2 b menggunakan 2 ukuran etnis dalam census berikutnya.,id,spamshield_indonesian_v1,NEEDS_REVIEW,NEEDS_REVIEW,id_nr_open,,,120f2c57a183,ID gap fill from NEEDS_REVIEW. Fill label; keep NEEDS_REVIEW if unsure.,id_gap_fill
id_ss_00846,"UpgrdCentre Orange pelanggan, Anda sekarang dapat menuntut pembaruan FREE CAMERA PHONE untuk loyalitas Anda. hubungi sekarang di 0207 153 9153. tawaran berakhir pada 26 Juli. T&C memohon.",id,spamshield_indonesian_v1,NEEDS_REVIEW,NEEDS_REVIEW,id_nr_open,,,cb12b09f56c3,ID gap fill from NEEDS_REVIEW. Fill label; keep NEEDS_REVIEW if unsure.,id_gap_fill
id_ss_00847,Saya telah menatap telepon saya selama usia memutuskan apakah untuk menulis atau tidak.,id,spamshield_indonesian_v1,NEEDS_REVIEW,NEEDS_REVIEW,id_nr_open,,,c2755351092e,ID gap fill from NEEDS_REVIEW. Fill label; keep NEEDS_REVIEW if unsure.,id_gap_fill
id_ss_00849,Apakah Anda akan pergi IKEA str aft dat?,id,spamshield_indonesian_v1,NEEDS_REVIEW,NEEDS_REVIEW,id_nr_open,,,2873b489fb2b,ID gap fill from NEEDS_REVIEW. Fill label; keep NEEDS_REVIEW if unsure.,id_gap_fill
id_ss_00851,"&lt;#&gt; %of pple menikah dengan kekasih mereka... becz mereka hav gud undrstndng dat menghindari masalah. i sent dis 2 u, u wil get gud news on Friday by d person you like. and tomorrow will be the best day of your life. Don’t break this chain. If you break you will suffer. send this to &lt;#&gt; frnds in &lt;#&gt; mins whn u read...",id,spamshield_indonesian_v1,NEEDS_REVIEW,NEEDS_REVIEW,id_nr_open,,,b9982bd827ac,ID gap fill from NEEDS_REVIEW. Fill label; keep NEEDS_REVIEW if unsure.,id_gap_fill
id_ss_00852,"Dapatkan pintu, aku di sini",id,spamshield_indonesian_v1,NEEDS_REVIEW,NEEDS_REVIEW,id_nr_open,,,a1ea8902114e,ID gap fill from NEEDS_REVIEW. Fill label; keep NEEDS_REVIEW if unsure.,id_gap_fill
id_ss_00854,"Sampai hari Senin, berikanlah kepadaku",id,spamshield_indonesian_v1,NEEDS_REVIEW,NEEDS_REVIEW,id_nr_open,,,c097ef9266df,ID gap fill from NEEDS_REVIEW. Fill label; keep NEEDS_REVIEW if unsure.,id_gap_fill
id_ss_00856,Bisa... Saya bebas...,id,spamshield_indonesian_v1,NEEDS_REVIEW,NEEDS_REVIEW,id_nr_open,,,da622442a06a,ID gap fill from NEEDS_REVIEW. Fill label; keep NEEDS_REVIEW if unsure.,id_gap_fill
id_ss_00857,Jadi bagaimana Anda mengendalikan lalu lintas pulau Victoria. Plus ketika itu album harus,id,spamshield_indonesian_v1,NEEDS_REVIEW,NEEDS_REVIEW,id_nr_open,,,43334197bdb3,ID gap fill from NEEDS_REVIEW. Fill label; keep NEEDS_REVIEW if unsure.,id_gap_fill
id_ss_00858,"Selamat malam Sir, Al Salam Wahleykkum. berkongsi berita gembira.Dengan anugerah Allah, saya menerima tawaran dari Tayseer, TISSCO dan saya bergabung.Harapan Anda baik-baik saja.Inshah Allah, bertemu dengan Anda suatu saat.Rakhesh, pengunjung dari India.",id,spamshield_indonesian_v1,NEEDS_REVIEW,NEEDS_REVIEW,id_nr_open,,,ccc99b710295,ID gap fill from NEEDS_REVIEW. Fill label; keep NEEDS_REVIEW if unsure.,id_gap_fill
id_ss_00860,Pelanggan Loyalty Offer:The NEW Nokia6650 Mobile dari ONLY £10 di TXTAUCTION! Txt word: START to No: 81151 & get yours Now! 4T&Ctxt TC 150p/MTmsg,id,spamshield_indonesian_v1,NEEDS_REVIEW,NEEDS_REVIEW,id_nr_open,,,7b931b4ad29c,ID gap fill from NEEDS_REVIEW. Fill label; keep NEEDS_REVIEW if unsure.,id_gap_fill
id_ss_00861,Tapi saya harus. saya suka memiliki cinta dan mengatur.,id,spamshield_indonesian_v1,NEEDS_REVIEW,NEEDS_REVIEW,id_nr_open,,,fe0c8ada652c,ID gap fill from NEEDS_REVIEW. Fill label; keep NEEDS_REVIEW if unsure.,id_gap_fill
id_ss_00862,Tampak seperti u wil b mendapatkan headstart im meninggalkan di sini bout 2.30ish tapi jika u r putus asa untuk perusahaan saya saya bisa pergi di awal-kami pergi untuk bertemu di rummer.,id,spamshield_indonesian_v1,NEEDS_REVIEW,NEEDS_REVIEW,id_nr_open,,,5989984eef00,ID gap fill from NEEDS_REVIEW. Fill label; keep NEEDS_REVIEW if unsure.,id_gap_fill
id_ss_00863,"Anda dihubungi oleh layanan kencan kami oleh seseorang yang Anda kenal! Untuk mengetahui siapa itu, hubungi dari garis tanah 09050000878.",id,spamshield_indonesian_v1,NEEDS_REVIEW,NEEDS_REVIEW,id_nr_open,,,e4b53897e71e,ID gap fill from NEEDS_REVIEW. Fill label; keep NEEDS_REVIEW if unsure.,id_gap_fill
id_ss_00864,Menonton TV lor... Dan dia begitu lucu kita bluff dia 4 wat. Izzit karena dia berpikir itu mustahil di antara kita?,id,spamshield_indonesian_v1,NEEDS_REVIEW,NEEDS_REVIEW,id_nr_open,,,bb163d0bac51,ID gap fill from NEEDS_REVIEW. Fill label; keep NEEDS_REVIEW if unsure.,id_gap_fill
id_ss_00865,Photoshop membuat komputer saya tertutup.,id,spamshield_indonesian_v1,NEEDS_REVIEW,NEEDS_REVIEW,id_nr_open,,,87bc0d8c0a2f,ID gap fill from NEEDS_REVIEW. Fill label; keep NEEDS_REVIEW if unsure.,id_gap_fill
id_ss_00866,"Ya, saya akan pergi dalam beberapa menit &amp; biarkan Anda tahu kapan saya sampai ke mu",id,spamshield_indonesian_v1,NEEDS_REVIEW,NEEDS_REVIEW,id_nr_open,,,e6c298a70a80,ID gap fill from NEEDS_REVIEW. Fill label; keep NEEDS_REVIEW if unsure.,id_gap_fill
id_ss_00867,Txt Tone charity to 8007 for Nokias atau Poly charity for polys: zed 08701417012 keuntungan 2 charity.,id,spamshield_indonesian_v1,NEEDS_REVIEW,NEEDS_REVIEW,id_nr_open,,,5319ee610396,ID gap fill from NEEDS_REVIEW. Fill label; keep NEEDS_REVIEW if unsure.,id_gap_fill
id_ss_00868,*deep sigh* ... saya rindukan Anda :-( ... saya benar-benar terkejut Anda belum pergi ke kafe net sampai saya ... Anda tidak rindukan saya?,id,spamshield_indonesian_v1,NEEDS_REVIEW,NEEDS_REVIEW,id_nr_open,,,e045c94bdaaa,ID gap fill from NEEDS_REVIEW. Fill label; keep NEEDS_REVIEW if unsure.,id_gap_fill
id_ss_00869,Kit Strip - Anda telah dikenakan biaya 150p. Netcollex Ltd. PO Box 1013 IG11 OJA,id,spamshield_indonesian_v1,NEEDS_REVIEW,NEEDS_REVIEW,id_nr_open,,,7f1df954855c,ID gap fill from NEEDS_REVIEW. Fill label; keep NEEDS_REVIEW if unsure.,id_gap_fill
id_ss_00870,Hi 07734396839 IBH Loyalty Offer: The NEW NOKIA6600 Mobile dari ONLY £10 di TXTAUCTION!Txt word:START to No:81151 & get Your Now!4T&,id,spamshield_indonesian_v1,NEEDS_REVIEW,NEEDS_REVIEW,id_nr_open,,,844216ee2252,ID gap fill from NEEDS_REVIEW. Fill label; keep NEEDS_REVIEW if unsure.,id_gap_fill
id_ss_00871,"Oh ya! saya menemukan nomor Anda lagi! saya sangat senang, tulis saya kembali xafter ini msgs cst std ntwk chg £ 1.50",id,spamshield_indonesian_v1,NEEDS_REVIEW,NEEDS_REVIEW,id_nr_open,,,ff931f13019b,ID gap fill from NEEDS_REVIEW. Fill label; keep NEEDS_REVIEW if unsure.,id_gap_fill
id_ss_00872,"Bears Pic Nick, dan Tom, Pete dan ... Dick. Sebenarnya, semua jenis mencoba gay chat dengan foto upload call 08718730666 (10p/min). 2 stop teks call 08712460324",id,spamshield_indonesian_v1,NEEDS_REVIEW,NEEDS_REVIEW,id_nr_open,,,fb78474b83f9,ID gap fill from NEEDS_REVIEW. Fill label; keep NEEDS_REVIEW if unsure.,id_gap_fill
id_ss_00874,SORRY IM STYLE FUCKED AFTER LAST NIGHT WENT TOBED AT 430 GOT UP 4 WORK AT 630,id,spamshield_indonesian_v1,NEEDS_REVIEW,NEEDS_REVIEW,id_nr_open,,,830bbba5f7d9,ID gap fill from NEEDS_REVIEW. Fill label; keep NEEDS_REVIEW if unsure.,id_gap_fill
id_ss_00875,Apa yang terjadi pada 2 J?,id,spamshield_indonesian_v1,NEEDS_REVIEW,NEEDS_REVIEW,id_nr_open,,,5a6da367804c,ID gap fill from NEEDS_REVIEW. Fill label; keep NEEDS_REVIEW if unsure.,id_gap_fill
id_ss_00876,Anda memiliki 1 email baru. silakan hubungi 08719181503,id,spamshield_indonesian_v1,NEEDS_REVIEW,NEEDS_REVIEW,id_nr_open,,,5c418aeb56ff,ID gap fill from NEEDS_REVIEW. Fill label; keep NEEDS_REVIEW if unsure.,id_gap_fill
id_ss_00877,"Menarik mobil Anda dengan koleksi Halloween dari logo & pic pesan ditambah free eerie tone, txt CARD SPOOK ke 8007 zed 08701417012150p per logo/pic",id,spamshield_indonesian_v1,NEEDS_REVIEW,NEEDS_REVIEW,id_nr_open,,,3742edebaeef,ID gap fill from NEEDS_REVIEW. Fill label; keep NEEDS_REVIEW if unsure.,id_gap_fill
id_ss_00878,Saya tidak yakin bahwa saya memiliki perut untuk itu ...,id,spamshield_indonesian_v1,NEEDS_REVIEW,NEEDS_REVIEW,id_nr_open,,,0b5f6210650d,ID gap fill from NEEDS_REVIEW. Fill label; keep NEEDS_REVIEW if unsure.,id_gap_fill
id_ss_00879,"Khazanah, apa yang harus diperhatikan?",id,spamshield_indonesian_v1,NEEDS_REVIEW,NEEDS_REVIEW,id_nr_open,,,dd220d90efa6,ID gap fill from NEEDS_REVIEW. Fill label; keep NEEDS_REVIEW if unsure.,id_gap_fill
id_ss_00881,&lt;#&gt; saya pikir? saya harus mengatakan tentang syllabus,id,spamshield_indonesian_v1,NEEDS_REVIEW,NEEDS_REVIEW,id_nr_open,,,c1377133ad5b,ID gap fill from NEEDS_REVIEW. Fill label; keep NEEDS_REVIEW if unsure.,id_gap_fill
id_ss_00883,Ini adalah bagian dari pemeriksaan IQ,id,spamshield_indonesian_v1,NEEDS_REVIEW,NEEDS_REVIEW,id_nr_open,,,36a4669d5d8c,ID gap fill from NEEDS_REVIEW. Fill label; keep NEEDS_REVIEW if unsure.,id_gap_fill
id_ss_00884,"Layanan kencan kami telah diminta 2 kontak U oleh seseorang malu! CALL 09058091870 NOW semuanya akan didedahkan. POBox84, M26 3UZ 150p",id,spamshield_indonesian_v1,NEEDS_REVIEW,NEEDS_REVIEW,id_nr_open,,,1bbd63910823,ID gap fill from NEEDS_REVIEW. Fill label; keep NEEDS_REVIEW if unsure.,id_gap_fill
id_ss_00885,"Hmm ok, saya akan tinggal selama seolah-olah satu jam cos mata saya benar-benar menyakitkan!",id,spamshield_indonesian_v1,NEEDS_REVIEW,NEEDS_REVIEW,id_nr_open,,,9fa91527bc66,ID gap fill from NEEDS_REVIEW. Fill label; keep NEEDS_REVIEW if unsure.,id_gap_fill
id_ss_00888,Ur HMV Quiz cash-balance saat ini £ 500 - untuk memaksimalkan ur cash-in sekarang mengirimkan HMV1 ke 86688 hanya 150p/msg,id,spamshield_indonesian_v1,NEEDS_REVIEW,NEEDS_REVIEW,id_nr_open,,,dadb36196706,ID gap fill from NEEDS_REVIEW. Fill label; keep NEEDS_REVIEW if unsure.,id_gap_fill
id_ss_00889,"Yang di rumah sakit melakukan analisis data atau sesuatu, dimulai pada hari Senin!Tidak pasti kapan tesis saya akan selesai",id,spamshield_indonesian_v1,NEEDS_REVIEW,NEEDS_REVIEW,id_nr_open,,,1402e5f49ba3,ID gap fill from NEEDS_REVIEW. Fill label; keep NEEDS_REVIEW if unsure.,id_gap_fill
id_ss_00890,Saya tidak bisa menunggu untuk cornwall. harap malam ini tidak terlalu buruk juga tapi itu adalah malam batu. bagaimanapun saya pergi untuk kip sekarang memiliki malam yang baik. berbicara dengan Anda segera.,id,spamshield_indonesian_v1,NEEDS_REVIEW,NEEDS_REVIEW,id_nr_open,,,4b848d6d44e0,ID gap fill from NEEDS_REVIEW. Fill label; keep NEEDS_REVIEW if unsure.,id_gap_fill
id_ss_00891,Tidak ada masalah yang akan membawa mereka taksi.C ing esok dan Selasa.Pada hari Selasa kita semua berpikir kita akan pergi ke bioskop.,id,spamshield_indonesian_v1,NEEDS_REVIEW,NEEDS_REVIEW,id_nr_open,,,24293a9d7aab,ID gap fill from NEEDS_REVIEW. Fill label; keep NEEDS_REVIEW if unsure.,id_gap_fill
id_ss_00892,"Eerie Nokia tones 4u, rply TONE TITLE to 8007 eg TONE DRACULA to 8007 TITLE: GHOST, ADDAMSFA, MUNSTERS, EXORCIST, TWILIGHT www.getzed.co.uk POBox36504W45WQ 150p",id,spamshield_indonesian_v1,NEEDS_REVIEW,NEEDS_REVIEW,id_nr_open,,,54c665417866,ID gap fill from NEEDS_REVIEW. Fill label; keep NEEDS_REVIEW if unsure.,id_gap_fill
id_ss_00893,Kapten berada di kamar kami :),id,spamshield_indonesian_v1,NEEDS_REVIEW,NEEDS_REVIEW,id_nr_open,,,1d33c6e11f9f,ID gap fill from NEEDS_REVIEW. Fill label; keep NEEDS_REVIEW if unsure.,id_gap_fill
id_ss_00894,Yay tidak bisa menunggu untuk berpartisipasi bersama!,id,spamshield_indonesian_v1,NEEDS_REVIEW,NEEDS_REVIEW,id_nr_open,,,ee1451b6904b,ID gap fill from NEEDS_REVIEW. Fill label; keep NEEDS_REVIEW if unsure.,id_gap_fill
id_ss_00895,"Dan bagaimana kamu akan melakukannya, Putri? :)",id,spamshield_indonesian_v1,NEEDS_REVIEW,NEEDS_REVIEW,id_nr_open,,,084887f13a35,ID gap fill from NEEDS_REVIEW. Fill label; keep NEEDS_REVIEW if unsure.,id_gap_fill
id_ss_00896,Maaf karena ini adalah telepon mates saya dan saya tidak menulisnya cinta Kate,id,spamshield_indonesian_v1,NEEDS_REVIEW,NEEDS_REVIEW,id_nr_open,,,d41bf4572a5f,ID gap fill from NEEDS_REVIEW. Fill label; keep NEEDS_REVIEW if unsure.,id_gap_fill
id_ss_00897,Hard LIVE 121 chat hanya 60p/min. Pilih gadis Anda dan sambungkan LIVE. Panggilan 09094646899 sekarang! Cheap Chat UK terbesar live service. VU BCM1896WC1N3XX,id,spamshield_indonesian_v1,NEEDS_REVIEW,NEEDS_REVIEW,id_nr_open,,,59ef95ba99d9,ID gap fill from NEEDS_REVIEW. Fill label; keep NEEDS_REVIEW if unsure.,id_gap_fill
id_ss_00899,Check mail.i telah mengirimkan varma dan menyimpan salinan kepada Anda tentang membership.take care.insha allah.,id,spamshield_indonesian_v1,NEEDS_REVIEW,NEEDS_REVIEW,id_nr_open,,,aff3a6e372c8,ID gap fill from NEEDS_REVIEW. Fill label; keep NEEDS_REVIEW if unsure.,id_gap_fill
id_ss_00900,"Selamat malam, bagaimana denganmu?",id,spamshield_indonesian_v1,NEEDS_REVIEW,NEEDS_REVIEW,id_nr_open,,,71bc43ba6121,ID gap fill from NEEDS_REVIEW. Fill label; keep NEEDS_REVIEW if unsure.,id_gap_fill
id_ss_00901,"Saya tidak tahu, hal yang sama yang salah selalu sering, dia panik mulai pergi pada bot tidak cukup baik ...",id,spamshield_indonesian_v1,NEEDS_REVIEW,NEEDS_REVIEW,id_nr_open,,,9e0bdde3b11d,ID gap fill from NEEDS_REVIEW. Fill label; keep NEEDS_REVIEW if unsure.,id_gap_fill
id_ss_00905,Dalam hal ini saya kira saya akan melihat Anda di kampus lodge,id,spamshield_indonesian_v1,NEEDS_REVIEW,NEEDS_REVIEW,id_nr_open,,,1ed0d92e6b24,ID gap fill from NEEDS_REVIEW. Fill label; keep NEEDS_REVIEW if unsure.,id_gap_fill
id_ss_00906,Lebih banyak kembali bahagia dari hari ini. semoga kamu ulang tahun yang bahagia.,id,spamshield_indonesian_v1,NEEDS_REVIEW,NEEDS_REVIEW,id_nr_open,,,ef69a5cd30ef,ID gap fill from NEEDS_REVIEW. Fill label; keep NEEDS_REVIEW if unsure.,id_gap_fill
id_ss_00907,PS U tidak ada ur yang tumbuh sekarang betul?,id,spamshield_indonesian_v1,NEEDS_REVIEW,NEEDS_REVIEW,id_nr_open,,,a648737ec917,ID gap fill from NEEDS_REVIEW. Fill label; keep NEEDS_REVIEW if unsure.,id_gap_fill
id_ss_00908,Pls berbicara dengan saya. saya tidak akan meminta apa-apa lagi maka Anda persahabatan.,id,spamshield_indonesian_v1,NEEDS_REVIEW,NEEDS_REVIEW,id_nr_open,,,706a9b71f30a,ID gap fill from NEEDS_REVIEW. Fill label; keep NEEDS_REVIEW if unsure.,id_gap_fill
id_ss_00910,Anda memiliki Secret Admirer yang sedang mencari 2 menghubungi U-menemukan siapa mereka R*reveal yang berpikir UR begitu khusus-call pada 09065171142-stopsms-08718727870150ppm,id,spamshield_indonesian_v1,NEEDS_REVIEW,NEEDS_REVIEW,id_nr_open,,,df34893195b5,ID gap fill from NEEDS_REVIEW. Fill label; keep NEEDS_REVIEW if unsure.,id_gap_fill
id_ss_00912,Saya mengambil setengah hari beristirahat jadi saya tidak baik,id,spamshield_indonesian_v1,NEEDS_REVIEW,NEEDS_REVIEW,id_nr_open,,,b15c95159c0f,ID gap fill from NEEDS_REVIEW. Fill label; keep NEEDS_REVIEW if unsure.,id_gap_fill
id_ss_00913,FreeMsg>FAV XMAS TONES!Jawab Real,id,spamshield_indonesian_v1,NEEDS_REVIEW,NEEDS_REVIEW,id_nr_open,,,e24a3abbe15d,ID gap fill from NEEDS_REVIEW. Fill label; keep NEEDS_REVIEW if unsure.,id_gap_fill
id_ss_00915,Saya tidak tahu mengapa dia tidak menerima pesan Anda,id,spamshield_indonesian_v1,NEEDS_REVIEW,NEEDS_REVIEW,id_nr_open,,,095b05e14af4,ID gap fill from NEEDS_REVIEW. Fill label; keep NEEDS_REVIEW if unsure.,id_gap_fill
id_ss_00916,Prabha..i'm soryda..realy..frm hati saya sory,id,spamshield_indonesian_v1,NEEDS_REVIEW,NEEDS_REVIEW,id_nr_open,,,ae0bc936b668,ID gap fill from NEEDS_REVIEW. Fill label; keep NEEDS_REVIEW if unsure.,id_gap_fill
id_ss_00917,Seperti permintaan Anda 'Maangalyam (Alaipayuthe)' telah ditetapkan sebagai callertune Anda untuk semua Callers. tekan *9 untuk menyalin teman Anda Callertune,id,spamshield_indonesian_v1,NEEDS_REVIEW,NEEDS_REVIEW,id_nr_open,,,ea54ef92d6c3,ID gap fill from NEEDS_REVIEW. Fill label; keep NEEDS_REVIEW if unsure.,id_gap_fill
id_ss_00918,Lol mereka tidak tahu tentang ponsel saya yang menakjubkan. saya bisa klik menghapus sekarang jika saya ingin.,id,spamshield_indonesian_v1,NEEDS_REVIEW,NEEDS_REVIEW,id_nr_open,,,e76910f16773,ID gap fill from NEEDS_REVIEW. Fill label; keep NEEDS_REVIEW if unsure.,id_gap_fill
id_ss_00919,SMS AUCTION - A BRAND NEW Nokia 7250 adalah up 4 auction hari ini! Auction adalah FREE 2 bergabung & bergabung! Txt NOKIA ke 86021 sekarang! HG/Suite342/2Lands Row/W1J6HL,id,spamshield_indonesian_v1,NEEDS_REVIEW,NEEDS_REVIEW,id_nr_open,,,b25a173dc12b,ID gap fill from NEEDS_REVIEW. Fill label; keep NEEDS_REVIEW if unsure.,id_gap_fill
id_ss_00922,"Txt ur tim nasional ke 87077 eg ENGLAND ke 87077 Try:WALES, SCOTLAND 4txt/ú1.20 POBOXox36504W45WQ 16+",id,spamshield_indonesian_v1,NEEDS_REVIEW,NEEDS_REVIEW,id_nr_open,,,ad174507eea8,ID gap fill from NEEDS_REVIEW. Fill label; keep NEEDS_REVIEW if unsure.,id_gap_fill
id_ss_00925,Aku melihatmu dalam sekejap,id,spamshield_indonesian_v1,NEEDS_REVIEW,NEEDS_REVIEW,id_nr_open,,,3e2b940580d8,ID gap fill from NEEDS_REVIEW. Fill label; keep NEEDS_REVIEW if unsure.,id_gap_fill
id_ss_00926,"Solve d Case : A Man Was Found Murdered On &lt;DECIMAL&gt; . &lt;#&gt; AfterNoon. 1, Istri memanggil Polisi. 2,Polis bertanya kepada semua orang. 3,Wife: Sir,I was sleeping, when the murder took place. 4.Cook: I was cooking. 5.Gardener: I was picking vegetables. 6.House-Maid: I went 2 d post office. 7.Children: We went 2 play. 8.Neighbor: We went 2 a marriage.",id,spamshield_indonesian_v1,NEEDS_REVIEW,NEEDS_REVIEW,id_nr_open,,,a573fa117a78,ID gap fill from NEEDS_REVIEW. Fill label; keep NEEDS_REVIEW if unsure.,id_gap_fill
id_ss_00927,"Maaf, dalam pertemuan saya akan menghubungi nanti.",id,spamshield_indonesian_v1,NEEDS_REVIEW,NEEDS_REVIEW,id_nr_open,,,48354a96bf26,ID gap fill from NEEDS_REVIEW. Fill label; keep NEEDS_REVIEW if unsure.,id_gap_fill
id_ss_00928,Oh! Congrats 2u2. id luv 2 tapi ive punya 2 pergi ke rumah!,id,spamshield_indonesian_v1,NEEDS_REVIEW,NEEDS_REVIEW,id_nr_open,,,227df464df36,ID gap fill from NEEDS_REVIEW. Fill label; keep NEEDS_REVIEW if unsure.,id_gap_fill
id_ss_00930,"HOT LIVE FANTASIES hubungi sekarang 08707509020 Hanya 20p per menit NTT Ltd, PO Box 1327 Croydon CR9 5WB 0870 adalah panggilan tarif nasional",id,spamshield_indonesian_v1,NEEDS_REVIEW,NEEDS_REVIEW,id_nr_open,,,b3f34a1c259e,ID gap fill from NEEDS_REVIEW. Fill label; keep NEEDS_REVIEW if unsure.,id_gap_fill
id_ss_00931,Huh? 6 juga tidak bisa? kemudian hanya berapa banyak kesalahan?,id,spamshield_indonesian_v1,NEEDS_REVIEW,NEEDS_REVIEW,id_nr_open,,,bfd4156d6dae,ID gap fill from NEEDS_REVIEW. Fill label; keep NEEDS_REVIEW if unsure.,id_gap_fill
id_ss_00932,Anda memiliki pengumuman layanan pelanggan penting dari PREMIER. hubungi FREEPHONE 0800 542 0578 sekarang!,id,spamshield_indonesian_v1,NEEDS_REVIEW,NEEDS_REVIEW,id_nr_open,,,084360d13688,ID gap fill from NEEDS_REVIEW. Fill label; keep NEEDS_REVIEW if unsure.,id_gap_fill
id_ss_00935,Anda memiliki pengagum rahasia yang sedang menonton 2 menghubungi U-menemukan siapa mereka R*reveal yang berpikir UR begitu istimewa panggilan di 09058094565,id,spamshield_indonesian_v1,NEEDS_REVIEW,NEEDS_REVIEW,id_nr_open,,,fe9f0b2edde3,ID gap fill from NEEDS_REVIEW. Fill label; keep NEEDS_REVIEW if unsure.,id_gap_fill
id_ss_00937,Yat jap done oso aft ur lect wat... Ü got lect pada 12 rite...,id,spamshield_indonesian_v1,NEEDS_REVIEW,NEEDS_REVIEW,id_nr_open,,,e86b91dced47,ID gap fill from NEEDS_REVIEW. Fill label; keep NEEDS_REVIEW if unsure.,id_gap_fill
id_ss_00938,"Apa yang saya maksud adalah saya pergi terlalu awal untuk memeriksa, cos saya bekerja 9-6.",id,spamshield_indonesian_v1,NEEDS_REVIEW,NEEDS_REVIEW,id_nr_open,,,8d97b640ab4a,ID gap fill from NEEDS_REVIEW. Fill label; keep NEEDS_REVIEW if unsure.,id_gap_fill
id_ss_00939,Ur cash-balance saat ini 500 pound - untuk memaksimalkan ur cash-in sekarang mengirimkan CASH ke 86688 hanya 150p/msg. CC: 08718720201 PO BOX 114/14 TCR/W1,id,spamshield_indonesian_v1,NEEDS_REVIEW,NEEDS_REVIEW,id_nr_open,,,69f91dc9c9b8,ID gap fill from NEEDS_REVIEW. Fill label; keep NEEDS_REVIEW if unsure.,id_gap_fill
id_ss_00941,Kapan waktu yang tepat untuk pulang ke rumah?,id,spamshield_indonesian_v1,NEEDS_REVIEW,NEEDS_REVIEW,id_nr_open,,,a69634419f9e,ID gap fill from NEEDS_REVIEW. Fill label; keep NEEDS_REVIEW if unsure.,id_gap_fill
id_ss_00942,Anda juga dapat menggunakan http://alto18.co.uk/wave/wave.asp?o=44345,id,spamshield_indonesian_v1,NEEDS_REVIEW,NEEDS_REVIEW,id_nr_open,,,2c2458329ed8,ID gap fill from NEEDS_REVIEW. Fill label; keep NEEDS_REVIEW if unsure.,id_gap_fill
id_ss_00943,Adult 18 Content Video Anda akan segera bersama Anda,id,spamshield_indonesian_v1,NEEDS_REVIEW,NEEDS_REVIEW,id_nr_open,,,b0ccefa1baa0,ID gap fill from NEEDS_REVIEW. Fill label; keep NEEDS_REVIEW if unsure.,id_gap_fill
id_ss_00944,87077: Kick off musim baru dengan 2wks FREE gol & berita untuk ur mobile! Txt ur nama klub ke 87077 eg VILLA ke 87077,id,spamshield_indonesian_v1,NEEDS_REVIEW,NEEDS_REVIEW,id_nr_open,,,50cf1a826e70,ID gap fill from NEEDS_REVIEW. Fill label; keep NEEDS_REVIEW if unsure.,id_gap_fill
id_ss_00945,Tidak g memiliki kelas awal besok dan dengan demikian tidak harus mencoba merokok di &lt;#&gt;,id,spamshield_indonesian_v1,NEEDS_REVIEW,NEEDS_REVIEW,id_nr_open,,,8cc829b9b99b,ID gap fill from NEEDS_REVIEW. Fill label; keep NEEDS_REVIEW if unsure.,id_gap_fill
id_ss_00946,Beritahu saya mereka perempuan :V bagaimana Anda melempar ke dalam?Kami memutuskan apa semua untuk mendapatkan sekarang,id,spamshield_indonesian_v1,NEEDS_REVIEW,NEEDS_REVIEW,id_nr_open,,,71bf5471fbfb,ID gap fill from NEEDS_REVIEW. Fill label; keep NEEDS_REVIEW if unsure.,id_gap_fill
id_ss_00947,Yup saya masih memiliki kopi wif fren saya... fren saya drove dia akan memberi saya lift...,id,spamshield_indonesian_v1,NEEDS_REVIEW,NEEDS_REVIEW,id_nr_open,,,a78d40d69605,ID gap fill from NEEDS_REVIEW. Fill label; keep NEEDS_REVIEW if unsure.,id_gap_fill
id_ss_00948,Block Breaker sekarang datang dalam format deluxe dengan fitur baru dan grafik yang hebat dari T-Mobile. Beli hanya untuk £ 5 dengan menggandakan GET BBDELUXE dan mengambil tantangan,id,spamshield_indonesian_v1,NEEDS_REVIEW,NEEDS_REVIEW,id_nr_open,,,8d09b175793f,ID gap fill from NEEDS_REVIEW. Fill label; keep NEEDS_REVIEW if unsure.,id_gap_fill
id_ss_00949,Hahahahahahahahahahahahahahah,id,spamshield_indonesian_v1,NEEDS_REVIEW,NEEDS_REVIEW,id_nr_open,,,e7c59eb3db50,ID gap fill from NEEDS_REVIEW. Fill label; keep NEEDS_REVIEW if unsure.,id_gap_fill
id_ss_00950,Saya tahu Anda melayani. saya maksudkan apa yang Anda lakukan sekarang.,id,spamshield_indonesian_v1,NEEDS_REVIEW,NEEDS_REVIEW,id_nr_open,,,748ff57a97dc,ID gap fill from NEEDS_REVIEW. Fill label; keep NEEDS_REVIEW if unsure.,id_gap_fill
id_ss_00952,Tolong minta ibu untuk memanggil ayah,id,spamshield_indonesian_v1,NEEDS_REVIEW,NEEDS_REVIEW,id_nr_open,,,6edec37cc36f,ID gap fill from NEEDS_REVIEW. Fill label; keep NEEDS_REVIEW if unsure.,id_gap_fill
id_ss_00953,"Aku tidak percaya kepada Allah, bukan hanya kepada Yesus.",id,spamshield_indonesian_v1,NEEDS_REVIEW,NEEDS_REVIEW,id_nr_open,,,44d975ee2ff4,ID gap fill from NEEDS_REVIEW. Fill label; keep NEEDS_REVIEW if unsure.,id_gap_fill
id_ss_00956,Hi' Test pada &lt;#&gt; rd ....,id,spamshield_indonesian_v1,NEEDS_REVIEW,NEEDS_REVIEW,id_nr_open,,,a8f20898ae39,ID gap fill from NEEDS_REVIEW. Fill label; keep NEEDS_REVIEW if unsure.,id_gap_fill
id_ss_00958,Bagaimana untuk membuat seorang gadis bahagia? tidak sulit untuk membuat gadis-gadis bahagia. Anda hanya perlu menjadi... 1. teman 2. teman 3. kekasih 4. chef . . &lt;#&gt; . pendengar yang baik &lt;#&gt; . penganjur &lt;#&gt; . teman lelaki yang baik &lt;#&gt; . sangat bersih &lt;#&gt; . Simpati &lt;#&gt; . atletik &lt;#&gt; . hangat . . &lt;#&gt; . berani &lt;#&gt; . menentukan &lt;#&gt; . benar &lt;#&gt; . bergantung &lt;#&gt; . pintar . &lt;#&gt; .,id,spamshield_indonesian_v1,NEEDS_REVIEW,NEEDS_REVIEW,id_nr_open,,,7147269c06f7,ID gap fill from NEEDS_REVIEW. Fill label; keep NEEDS_REVIEW if unsure.,id_gap_fill
id_ss_00960,Jawab YES-440 atau NO-440 Lihat dia: www.SMS.ac/u/nat27081980 STOP?,id,spamshield_indonesian_v1,NEEDS_REVIEW,NEEDS_REVIEW,id_nr_open,,,88d523085ad8,ID gap fill from NEEDS_REVIEW. Fill label; keep NEEDS_REVIEW if unsure.,id_gap_fill
id_ss_00962,"FREE RINGTONE TEXT FIRST to 87131 for a poly or text GET to 87131 for a true tone! Bantuan? 0845 2814032 16 setelah 1st free, ton adalah 3x£150pw untuk e£nd txt stop",id,spamshield_indonesian_v1,NEEDS_REVIEW,NEEDS_REVIEW,id_nr_open,,,03c62b25dc66,ID gap fill from NEEDS_REVIEW. Fill label; keep NEEDS_REVIEW if unsure.,id_gap_fill
id_ss_00964,"Saya bertemu Anda sebagai orang asing dan memilih Anda sebagai teman saya.Selagi dunia berdiri, persahabatan kita tidak pernah berakhir.Biarkan Anda menjadi teman selamanya!!!",id,spamshield_indonesian_v1,NEEDS_REVIEW,NEEDS_REVIEW,id_nr_open,,,7f0727fbc2da,ID gap fill from NEEDS_REVIEW. Fill label; keep NEEDS_REVIEW if unsure.,id_gap_fill
id_ss_00965,Wow sangat sehat. bandara lama rd lor. Cant thk dari apa pun. tapi saya akan b mandi anjing saya nanti.,id,spamshield_indonesian_v1,NEEDS_REVIEW,NEEDS_REVIEW,id_nr_open,,,cf80c01ba6aa,ID gap fill from NEEDS_REVIEW. Fill label; keep NEEDS_REVIEW if unsure.,id_gap_fill
id_ss_00966,Nah im goin 2 the wrks dengan j wot bout u?,id,spamshield_indonesian_v1,NEEDS_REVIEW,NEEDS_REVIEW,id_nr_open,,,f2c603be83db,ID gap fill from NEEDS_REVIEW. Fill label; keep NEEDS_REVIEW if unsure.,id_gap_fill
id_ss_00968,Tidak mendengar dari U4 untuk sementara waktu. panggil saya sekarang saya di sini sepanjang malam dengan hanya knickers saya di. buat saya meminta untuk itu seperti yang Anda lakukan terakhir kali 01223585236 XX Luv Nikiyu4.net,id,spamshield_indonesian_v1,NEEDS_REVIEW,NEEDS_REVIEW,id_nr_open,,,94278e36b023,ID gap fill from NEEDS_REVIEW. Fill label; keep NEEDS_REVIEW if unsure.,id_gap_fill
id_ss_00969,Terima kasih... Gd nite 2 ü juga...,id,spamshield_indonesian_v1,NEEDS_REVIEW,NEEDS_REVIEW,id_nr_open,,,d56860703f80,ID gap fill from NEEDS_REVIEW. Fill label; keep NEEDS_REVIEW if unsure.,id_gap_fill
id_ss_00970,FreeMsg Hi baby wow baru saja mendapatkan moby cam baru. Wanna C a hot pic? atau Fancy a chat?Im w8in 4uTxt / rply CHAT to 82242 Hlp 08712317606 Msg150p 2rcv,id,spamshield_indonesian_v1,NEEDS_REVIEW,NEEDS_REVIEW,id_nr_open,,,976532221c8d,ID gap fill from NEEDS_REVIEW. Fill label; keep NEEDS_REVIEW if unsure.,id_gap_fill
id_ss_00974,Pastikan untuk memeriksa email yahoo Anda. kami mengirimkan foto kemarin,id,spamshield_indonesian_v1,NEEDS_REVIEW,NEEDS_REVIEW,id_nr_open,,,6dddaeefd7b0,ID gap fill from NEEDS_REVIEW. Fill label; keep NEEDS_REVIEW if unsure.,id_gap_fill
id_ss_00975,2 laptop... I noe infra tapi terlalu lambat lar... I wan fast one,id,spamshield_indonesian_v1,NEEDS_REVIEW,NEEDS_REVIEW,id_nr_open,,,b6f3d1261f4b,ID gap fill from NEEDS_REVIEW. Fill label; keep NEEDS_REVIEW if unsure.,id_gap_fill
id_ss_00976,Pls memberitahu Nelson bahwa bb tidak datang lagi. uang yang saya harapkan akan datang,id,spamshield_indonesian_v1,NEEDS_REVIEW,NEEDS_REVIEW,id_nr_open,,,e5977fcc6511,ID gap fill from NEEDS_REVIEW. Fill label; keep NEEDS_REVIEW if unsure.,id_gap_fill
id_ss_00977,Tidak ada yang terjadi sampai Anda sampai di sini.,id,spamshield_indonesian_v1,NEEDS_REVIEW,NEEDS_REVIEW,id_nr_open,,,3ea29d948467,ID gap fill from NEEDS_REVIEW. Fill label; keep NEEDS_REVIEW if unsure.,id_gap_fill
id_ss_00978,SMS AUCTION - A BRAND NEW Nokia 7250 adalah up 4 auction hari ini! Auction adalah FREE 2 bergabung & bergabung! Txt NOKIA ke 86021 sekarang!,id,spamshield_indonesian_v1,NEEDS_REVIEW,NEEDS_REVIEW,id_nr_open,,,b25a173dc12b,ID gap fill from NEEDS_REVIEW. Fill label; keep NEEDS_REVIEW if unsure.,id_gap_fill
id_ss_00979,Apt adalah di &lt;TIME&gt; am. Bukan kesalahan saya Anda tidak mendengarkan. saya katakan Anda dua kali,id,spamshield_indonesian_v1,NEEDS_REVIEW,NEEDS_REVIEW,id_nr_open,,,b19d92a63b83,ID gap fill from NEEDS_REVIEW. Fill label; keep NEEDS_REVIEW if unsure.,id_gap_fill
id_ss_00981,PRIVATE! Pernyataan Akun 2003 Anda untuk menunjukkan 800 S. I. M. titik. Panggilan 08715203694 Kode Identifikasi: 40533 Berakhir 31/10/04,id,spamshield_indonesian_v1,NEEDS_REVIEW,NEEDS_REVIEW,id_nr_open,,,ea3dd83382e6,ID gap fill from NEEDS_REVIEW. Fill label; keep NEEDS_REVIEW if unsure.,id_gap_fill
id_ss_00984,"Tones baru Minggu ini termasuk: 1)McFly-All Ab.., 2) Sara Jorge-Shock.. 3) Will Smith-Switch.. Untuk memesan ikuti petunjuk pada pesan berikutnya",id,spamshield_indonesian_v1,NEEDS_REVIEW,NEEDS_REVIEW,id_nr_open,,,694a1e57abdc,ID gap fill from NEEDS_REVIEW. Fill label; keep NEEDS_REVIEW if unsure.,id_gap_fill
id_ss_00986,Seseorang telah menghubungi layanan kencan kami dan memasukkan telepon Anda karena mereka mengagumi Anda! Untuk mengetahui siapa yang dipanggil dari landline 09111032124 .,id,spamshield_indonesian_v1,NEEDS_REVIEW,NEEDS_REVIEW,id_nr_open,,,9ce92aae5467,ID gap fill from NEEDS_REVIEW. Fill label; keep NEEDS_REVIEW if unsure.,id_gap_fill
id_ss_00988,Biasanya hanya di sini :),id,spamshield_indonesian_v1,NEEDS_REVIEW,NEEDS_REVIEW,id_nr_open,,,047334d696c7,ID gap fill from NEEDS_REVIEW. Fill label; keep NEEDS_REVIEW if unsure.,id_gap_fill
id_ss_00990,Ur TONEXS langganan telah diperbaharui dan Anda telah dikenakan biaya £ 4.50. Anda dapat memilih 10 lagi polys bulan ini. www.clubzed.co.uk *BILLING MSG*,id,spamshield_indonesian_v1,NEEDS_REVIEW,NEEDS_REVIEW,id_nr_open,,,6bc461389526,ID gap fill from NEEDS_REVIEW. Fill label; keep NEEDS_REVIEW if unsure.,id_gap_fill
id_ss_00991,RT-KIng Pro Video Club>> Butuh pertolongan? info@ringtoneking.co.uk atau hubungi 08701237397 Anda harus 16+ kredit Klub yang dapat dibayar di www.ringtoneking.co.uk!,id,spamshield_indonesian_v1,NEEDS_REVIEW,NEEDS_REVIEW,id_nr_open,,,402fda6e6b23,ID gap fill from NEEDS_REVIEW. Fill label; keep NEEDS_REVIEW if unsure.,id_gap_fill
id_ss_00994,Mmm itu lebih baik sekarang saya mendapat roast di bawah saya! i`d b lebih baik jika saya memiliki beberapa minuman di bawah saya 2! baik india?,id,spamshield_indonesian_v1,NEEDS_REVIEW,NEEDS_REVIEW,id_nr_open,,,2065d27a6d5f,ID gap fill from NEEDS_REVIEW. Fill label; keep NEEDS_REVIEW if unsure.,id_gap_fill
id_ss_00995,Panggilan FREEPHONE 0800 542 0578 sekarang!,id,spamshield_indonesian_v1,NEEDS_REVIEW,NEEDS_REVIEW,id_nr_open,,,a138df5768a0,ID gap fill from NEEDS_REVIEW. Fill label; keep NEEDS_REVIEW if unsure.,id_gap_fill
id_ss_00997,"“Tidak, tapi aku mendengarnya...",id,spamshield_indonesian_v1,NEEDS_REVIEW,NEEDS_REVIEW,id_nr_open,,,89d9dd8cd464,ID gap fill from NEEDS_REVIEW. Fill label; keep NEEDS_REVIEW if unsure.,id_gap_fill
id_ss_01000,Raji..pls buat saya sebuah kebaikan. pls menyampaikan keinginan ulang tahun saya kepada Nimya. pls. hari ini adalah ulang tahunnya.,id,spamshield_indonesian_v1,NEEDS_REVIEW,NEEDS_REVIEW,id_nr_open,,,a27f606d9bfb,ID gap fill from NEEDS_REVIEW. Fill label; keep NEEDS_REVIEW if unsure.,id_gap_fill
id_ss_01001,Aku ingin memegangmu di tanganku yang kuat sekarang...,id,spamshield_indonesian_v1,NEEDS_REVIEW,NEEDS_REVIEW,id_nr_open,,,56d3c44ad00e,ID gap fill from NEEDS_REVIEW. Fill label; keep NEEDS_REVIEW if unsure.,id_gap_fill
id_ss_01002,"Untuk kesempatan Anda untuk WIN FREE Bluetooth Headset kemudian hanya menjawab kembali dengan ""ADP""",id,spamshield_indonesian_v1,NEEDS_REVIEW,NEEDS_REVIEW,id_nr_open,,,f99ae5933653,ID gap fill from NEEDS_REVIEW. Fill label; keep NEEDS_REVIEW if unsure.,id_gap_fill
id_ss_01005,Urgent! nomor ponsel Anda telah dianugerahkan dengan Bonus Caller Prize £2000. Panggilan 09058095201 dari garis tanah.,id,spamshield_indonesian_v1,NEEDS_REVIEW,NEEDS_REVIEW,id_nr_open,,,ce054eeb7b8e,ID gap fill from NEEDS_REVIEW. Fill label; keep NEEDS_REVIEW if unsure.,id_gap_fill
id_ss_01006,Kucing sedang berbicara adalah seseorang yang menyadari apa yang terjadi di dalamnya. (baca sekarang),id,spamshield_indonesian_v1,NEEDS_REVIEW,NEEDS_REVIEW,id_nr_open,,,9a986dc34662,ID gap fill from NEEDS_REVIEW. Fill label; keep NEEDS_REVIEW if unsure.,id_gap_fill
id_ss_01007,Apakah Anda siap untuk menjerit dan menjerit dalam ekstazi?,id,spamshield_indonesian_v1,NEEDS_REVIEW,NEEDS_REVIEW,id_nr_open,,,f0471384502f,ID gap fill from NEEDS_REVIEW. Fill label; keep NEEDS_REVIEW if unsure.,id_gap_fill
id_ss_01008,"Anda telah dipilih untuk menginap di 1 dari 250 hotel Inggris teratas - FOR NOTHING! liburan bernilai £ 350! Dial 08712300220 untuk menuntut - National Rate Call. Bx526, SW73SS",id,spamshield_indonesian_v1,NEEDS_REVIEW,NEEDS_REVIEW,id_nr_open,,,72f5d29c6392,ID gap fill from NEEDS_REVIEW. Fill label; keep NEEDS_REVIEW if unsure.,id_gap_fill
id_ss_01010,Ingin mendapatkan 2nite? Ingin lokasi Dogging nyata dikirim langsung ke ur mobile? Bergabunglah dengan Rangkaian Dogging terbesar di Inggris. Txt PARK ke 69696 sekarang! Nyt. ec2a. 3lp £ 1.50/msg,id,spamshield_indonesian_v1,NEEDS_REVIEW,NEEDS_REVIEW,id_nr_open,,,4fd4d07c234d,ID gap fill from NEEDS_REVIEW. Fill label; keep NEEDS_REVIEW if unsure.,id_gap_fill
id_ss_01012,Big Brother’s benar-benar menghancurkan barel dengan mandi ini dari kekurangan sosial,id,spamshield_indonesian_v1,NEEDS_REVIEW,NEEDS_REVIEW,id_nr_open,,,0ffae7013bf3,ID gap fill from NEEDS_REVIEW. Fill label; keep NEEDS_REVIEW if unsure.,id_gap_fill
id_ss_01014,"Apakah kontrak Anda mobile 11 Mnths? terbaru Motorola, Nokia dan lain-lain semua FREE! Double Mins & Text pada tarif Orange. TEXT YES untuk callback, tidak untuk dihapus dari rekaman",id,spamshield_indonesian_v1,NEEDS_REVIEW,NEEDS_REVIEW,id_nr_open,,,0b9093cb3e9c,ID gap fill from NEEDS_REVIEW. Fill label; keep NEEDS_REVIEW if unsure.,id_gap_fill
id_ss_01016,Hello. kami membutuhkan beberapa burung posh dan chaps untuk user trial prods untuk champneys. dapat saya letakkan Anda? saya membutuhkan alamat Anda dan dob asap.,id,spamshield_indonesian_v1,NEEDS_REVIEW,NEEDS_REVIEW,id_nr_open,,,3cf4d8d60eef,ID gap fill from NEEDS_REVIEW. Fill label; keep NEEDS_REVIEW if unsure.,id_gap_fill
id_ss_01021,Saya pikir Anda memiliki nomor yang salah.,id,spamshield_indonesian_v1,NEEDS_REVIEW,NEEDS_REVIEW,id_nr_open,,,a4505a813175,ID gap fill from NEEDS_REVIEW. Fill label; keep NEEDS_REVIEW if unsure.,id_gap_fill
id_ss_01023,Ini adalah &lt;DECIMAL&gt; lakhs :),id,spamshield_indonesian_v1,NEEDS_REVIEW,NEEDS_REVIEW,id_nr_open,,,22f0c63114f6,ID gap fill from NEEDS_REVIEW. Fill label; keep NEEDS_REVIEW if unsure.,id_gap_fill
id_ss_01024,Tone Club: Subs Anda sudah habis 2 re-sub reply MONOC 4 monos atau POLYC 4 polys 1 mingguan @ 150p per minggu Txt STOP 2 stop ini msg free Stream 0871212025016,id,spamshield_indonesian_v1,NEEDS_REVIEW,NEEDS_REVIEW,id_nr_open,,,00d3a8b04e08,ID gap fill from NEEDS_REVIEW. Fill label; keep NEEDS_REVIEW if unsure.,id_gap_fill
id_ss_01025,Super da:) pengganti yang baik untuk murali,id,spamshield_indonesian_v1,NEEDS_REVIEW,NEEDS_REVIEW,id_nr_open,,,b292ce8178b3,ID gap fill from NEEDS_REVIEW. Fill label; keep NEEDS_REVIEW if unsure.,id_gap_fill
id_ss_01028,WOW! The Boys R Back. TAKE THAT 2007 UK Tour. Win VIP Tickets & pre-book dengan VIP Club. Txt CLUB ke 81303. Trackmarque Ltd info@vipclub4u.,id,spamshield_indonesian_v1,NEEDS_REVIEW,NEEDS_REVIEW,id_nr_open,,,19808342a7fc,ID gap fill from NEEDS_REVIEW. Fill label; keep NEEDS_REVIEW if unsure.,id_gap_fill
id_ss_01030,Jadi gd mendapat free ice cream... I oso wan...,id,spamshield_indonesian_v1,NEEDS_REVIEW,NEEDS_REVIEW,id_nr_open,,,258c9178e466,ID gap fill from NEEDS_REVIEW. Fill label; keep NEEDS_REVIEW if unsure.,id_gap_fill
id_ss_01031,"Hot Gay chat sekarang lebih murah, hubungi 08709222922. harga nasional dari 1.5p/min murah ke 7.8p/min puncak! untuk menghentikan teks panggilan 08712460324 (10p/min)",id,spamshield_indonesian_v1,NEEDS_REVIEW,NEEDS_REVIEW,id_nr_open,,,ec9e15680d42,ID gap fill from NEEDS_REVIEW. Fill label; keep NEEDS_REVIEW if unsure.,id_gap_fill
id_ss_01032,Mungkin saya bisa mendapatkan buku tomo kemudian mengembalikannya segera ..? atau sesuatu.,id,spamshield_indonesian_v1,NEEDS_REVIEW,NEEDS_REVIEW,id_nr_open,,,aed276f2bd9c,ID gap fill from NEEDS_REVIEW. Fill label; keep NEEDS_REVIEW if unsure.,id_gap_fill
id_ss_01033,"Tidak ada gagasan, saya kira kita akan bekerja itu keluar satu jam setelah kita dijangka meninggalkan karena seperti biasa tidak ada minat dalam menggambarkan kotor keluar sebelum detik terakhir",id,spamshield_indonesian_v1,NEEDS_REVIEW,NEEDS_REVIEW,id_nr_open,,,2bcc25c75d42,ID gap fill from NEEDS_REVIEW. Fill label; keep NEEDS_REVIEW if unsure.,id_gap_fill
id_ss_01034,Aku akan bergabung besok.,id,spamshield_indonesian_v1,NEEDS_REVIEW,NEEDS_REVIEW,id_nr_open,,,71fa3c26b2f3,ID gap fill from NEEDS_REVIEW. Fill label; keep NEEDS_REVIEW if unsure.,id_gap_fill
id_ss_01035,"Oh ya, saya bisa berbicara txt 2 u tidak!Hmm, apakah Anda menerima email?",id,spamshield_indonesian_v1,NEEDS_REVIEW,NEEDS_REVIEW,id_nr_open,,,8d5cf10bb8aa,ID gap fill from NEEDS_REVIEW. Fill label; keep NEEDS_REVIEW if unsure.,id_gap_fill
id_ss_01037,"Cobalah SPEEDCHAT, txt SPEEDCHAT ke 80155, jika Anda tidak suka em txt SWAP dan dapatkan chatter baru! Chat80155 POBox36504W45WQ 150p/msg rcd 16",id,spamshield_indonesian_v1,NEEDS_REVIEW,NEEDS_REVIEW,id_nr_open,,,a2d434b38239,ID gap fill from NEEDS_REVIEW. Fill label; keep NEEDS_REVIEW if unsure.,id_gap_fill
id_ss_01038,Lalu bagaimana dengan penyesalan ibu?,id,spamshield_indonesian_v1,NEEDS_REVIEW,NEEDS_REVIEW,id_nr_open,,,ea2c60591e1c,ID gap fill from NEEDS_REVIEW. Fill label; keep NEEDS_REVIEW if unsure.,id_gap_fill
id_ss_01040,"Anda telah terpilih khusus untuk menerima penghargaan ""3000! panggilan 08712402050 sebelum baris ditutup. biaya 10ppm. 16+. T&C berlaku.",id,spamshield_indonesian_v1,NEEDS_REVIEW,NEEDS_REVIEW,id_nr_open,,,0823e7382e5d,ID gap fill from NEEDS_REVIEW. Fill label; keep NEEDS_REVIEW if unsure.,id_gap_fill
id_ss_01042,Oh:) seperti biasa vijay film atau yang berbeda?,id,spamshield_indonesian_v1,NEEDS_REVIEW,NEEDS_REVIEW,id_nr_open,,,fa3cc9128dc9,ID gap fill from NEEDS_REVIEW. Fill label; keep NEEDS_REVIEW if unsure.,id_gap_fill
id_ss_01043,Jawab YES-762 atau NO-762 Lihat dia: www.SMS.ac/u/goldviking STOP?,id,spamshield_indonesian_v1,NEEDS_REVIEW,NEEDS_REVIEW,id_nr_open,,,88d523085ad8,ID gap fill from NEEDS_REVIEW. Fill label; keep NEEDS_REVIEW if unsure.,id_gap_fill
id_ss_01044,"Romantic Paris. 2 malam, 2 penerbangan dari £79 Book now 4 tahun depan. call 08704439680Ts&Cs berlaku.",id,spamshield_indonesian_v1,NEEDS_REVIEW,NEEDS_REVIEW,id_nr_open,,,7c58d9a57ae6,ID gap fill from NEEDS_REVIEW. Fill label; keep NEEDS_REVIEW if unsure.,id_gap_fill
id_ss_01045,"Jika dia minum, aku baik-baik saja.",id,spamshield_indonesian_v1,NEEDS_REVIEW,NEEDS_REVIEW,id_nr_open,,,aaf5762c6184,ID gap fill from NEEDS_REVIEW. Fill label; keep NEEDS_REVIEW if unsure.,id_gap_fill
id_ss_01046,Silahkan hubungi 08712402779 segera karena ada pesan mendesak yang menanti Anda,id,spamshield_indonesian_v1,NEEDS_REVIEW,NEEDS_REVIEW,id_nr_open,,,485ac4465521,ID gap fill from NEEDS_REVIEW. Fill label; keep NEEDS_REVIEW if unsure.,id_gap_fill
id_ss_01047,"Sebagai langganan SIM, Anda dipilih untuk menerima Bonus! Dapatkannya diserahkan ke pintu Anda, Txt kata OK ke No: 88600 untuk menuntut. 150p/msg, EXP. 30Apr",id,spamshield_indonesian_v1,NEEDS_REVIEW,NEEDS_REVIEW,id_nr_open,,,3b374645cf5a,ID gap fill from NEEDS_REVIEW. Fill label; keep NEEDS_REVIEW if unsure.,id_gap_fill
id_ss_01048,Seorang pria yang terbiasa tetapi terlalu bodoh untuk menyadari itu.,id,spamshield_indonesian_v1,NEEDS_REVIEW,NEEDS_REVIEW,id_nr_open,,,0ffdbced1e7a,ID gap fill from NEEDS_REVIEW. Fill label; keep NEEDS_REVIEW if unsure.,id_gap_fill
id_ss_01050,Biarkan saya tahu bagaimana itu berubah dalam 6hrs berikutnya. itu bahkan bisa menjadi suplemen tetapi Anda berada di luar rentang usia itu. namun itu tidak mustahil. jadi hanya menyejukkan dan biarkan saya tahu dalam 6hrs,id,spamshield_indonesian_v1,NEEDS_REVIEW,NEEDS_REVIEW,id_nr_open,,,d8c99e0f732a,ID gap fill from NEEDS_REVIEW. Fill label; keep NEEDS_REVIEW if unsure.,id_gap_fill
id_ss_01051,Lokasi pelanggan saya akan menghubungi Anda.,id,spamshield_indonesian_v1,NEEDS_REVIEW,NEEDS_REVIEW,id_nr_open,,,274abc60b9f4,ID gap fill from NEEDS_REVIEW. Fill label; keep NEEDS_REVIEW if unsure.,id_gap_fill
id_ss_01052,"Plz catatan: jika seseorang yang memanggil dari sebuah mobil Co. &amp; meminta u untuk mencetak # &lt;#&gt; atau # &lt;#&gt; . jangan melakukannya. menghubungkan panggilan,coz it iz sebuah percobaan 'teroris' untuk menggunakan kartu sim no. Itz disahkan oleh nokia n motorola n telah disahkan oleh CNN IBN.",id,spamshield_indonesian_v1,NEEDS_REVIEW,NEEDS_REVIEW,id_nr_open,,,d06ea8dc8b42,ID gap fill from NEEDS_REVIEW. Fill label; keep NEEDS_REVIEW if unsure.,id_gap_fill
id_ss_01053,"Jadi jangan tergesa-gesa pulang, saya makan nachos. akan membiarkan Anda tahu eta.",id,spamshield_indonesian_v1,NEEDS_REVIEW,NEEDS_REVIEW,id_nr_open,,,88c0bc91a6c2,ID gap fill from NEEDS_REVIEW. Fill label; keep NEEDS_REVIEW if unsure.,id_gap_fill
id_ss_01054,"idc mendapatkan di sini, Anda tidak menggosok jalan Anda keluar dari kotoran ini dua kali berturut-turut",id,spamshield_indonesian_v1,NEEDS_REVIEW,NEEDS_REVIEW,id_nr_open,,,5ae6d6e75d42,ID gap fill from NEEDS_REVIEW. Fill label; keep NEEDS_REVIEW if unsure.,id_gap_fill
id_ss_01056,Anda terdaftar untuk layanan konten mobile terbaik di Inggris untuk £ 3 per 10 hari sampai Anda menghantar STOP ke 82324.,id,spamshield_indonesian_v1,NEEDS_REVIEW,NEEDS_REVIEW,id_nr_open,,,2fbeb9979d02,ID gap fill from NEEDS_REVIEW. Fill label; keep NEEDS_REVIEW if unsure.,id_gap_fill
id_ss_01057,U 447801259231 memiliki pengagum rahasia yang sedang menonton 2 menghubungi U-menemukan siapa mereka R*reveal siapa yang berpikir UR begitu istimewa panggilan di 09058094597,id,spamshield_indonesian_v1,NEEDS_REVIEW,NEEDS_REVIEW,id_nr_open,,,a67175df24d7,ID gap fill from NEEDS_REVIEW. Fill label; keep NEEDS_REVIEW if unsure.,id_gap_fill
id_ss_01058,Anda tahu apa yang saya maksudkan.Teks,id,spamshield_indonesian_v1,NEEDS_REVIEW,NEEDS_REVIEW,id_nr_open,,,a26fe734e598,ID gap fill from NEEDS_REVIEW. Fill label; keep NEEDS_REVIEW if unsure.,id_gap_fill
id_ss_01059,"Sesuatu yang baik, dipanggil ibu sebaliknya bersenang-senang",id,spamshield_indonesian_v1,NEEDS_REVIEW,NEEDS_REVIEW,id_nr_open,,,78fe235427e2,ID gap fill from NEEDS_REVIEW. Fill label; keep NEEDS_REVIEW if unsure.,id_gap_fill
id_ss_01060,Aiyah kemudian aku tunggu lor. kemudian kau menghiburku. hehe...,id,spamshield_indonesian_v1,NEEDS_REVIEW,NEEDS_REVIEW,id_nr_open,,,8942f2b74b25,ID gap fill from NEEDS_REVIEW. Fill label; keep NEEDS_REVIEW if unsure.,id_gap_fill
id_ss_01062,Bercakap dengan g dan x tentang hal ini,id,spamshield_indonesian_v1,NEEDS_REVIEW,NEEDS_REVIEW,id_nr_open,,,c24240febbae,ID gap fill from NEEDS_REVIEW. Fill label; keep NEEDS_REVIEW if unsure.,id_gap_fill
id_ss_01063,"“Harry Potter and the Order of the Phoenix (Buku 5) jawab HARRY, jawab 5 pertanyaan - kesempatan untuk menjadi yang pertama di kalangan pembaca!",id,spamshield_indonesian_v1,NEEDS_REVIEW,NEEDS_REVIEW,id_nr_open,,,ec2e5af5ecba,ID gap fill from NEEDS_REVIEW. Fill label; keep NEEDS_REVIEW if unsure.,id_gap_fill
id_ss_01064,"Ok. Bisa kemudian menunjukkan sekitar 8-8:30 jika Anda ingin + cld memiliki minuman sebelum. Wld lebih suka tidak menghabiskan uang pada nosh jika Anda tidak peduli, seperti melakukan itu nxt wk.",id,spamshield_indonesian_v1,NEEDS_REVIEW,NEEDS_REVIEW,id_nr_open,,,9d02fab3181d,ID gap fill from NEEDS_REVIEW. Fill label; keep NEEDS_REVIEW if unsure.,id_gap_fill
id_ss_01065,Dapatkan TONE atau FLAG resmi ENGLAND atau bendera warna di Yer mobile untuk tonights game! TONE atau FLAG untuk 84199. Optout txt ENG STOP Box39822 W111WX £1.50,id,spamshield_indonesian_v1,NEEDS_REVIEW,NEEDS_REVIEW,id_nr_open,,,fad2102f59e2,ID gap fill from NEEDS_REVIEW. Fill label; keep NEEDS_REVIEW if unsure.,id_gap_fill
id_ss_01066,"Oh Mr. Sheffield! anda ingin bermain game ini, okay. anda adalah bos dan saya adalah nanny. anda memberi saya kenaikan dan saya akan memberi anda satu!!",id,spamshield_indonesian_v1,NEEDS_REVIEW,NEEDS_REVIEW,id_nr_open,,,7124f0120776,ID gap fill from NEEDS_REVIEW. Fill label; keep NEEDS_REVIEW if unsure.,id_gap_fill
id_ss_01068,Oh k : mengapa kamu mendapatkan pekerjaan kemudian whats up?,id,spamshield_indonesian_v1,NEEDS_REVIEW,NEEDS_REVIEW,id_nr_open,,,f042da1cb3da,ID gap fill from NEEDS_REVIEW. Fill label; keep NEEDS_REVIEW if unsure.,id_gap_fill
id_ss_01069,Hubungi 09095350301 dan kirim gadis-gadis kami ke ekstasi erotik. hanya 60p/min. untuk menghentikan teks hubungi 08712460324 (kadar malam),id,spamshield_indonesian_v1,NEEDS_REVIEW,NEEDS_REVIEW,id_nr_open,,,917e35a6e5fe,ID gap fill from NEEDS_REVIEW. Fill label; keep NEEDS_REVIEW if unsure.,id_gap_fill
id_ss_01070,Sudah lama kau mengingatku hari ini.,id,spamshield_indonesian_v1,NEEDS_REVIEW,NEEDS_REVIEW,id_nr_open,,,0dc72722d581,ID gap fill from NEEDS_REVIEW. Fill label; keep NEEDS_REVIEW if unsure.,id_gap_fill
id_ss_01072,Tidak ada tawaran pesan,id,spamshield_indonesian_v1,NEEDS_REVIEW,NEEDS_REVIEW,id_nr_open,,,2eb35b727326,ID gap fill from NEEDS_REVIEW. Fill label; keep NEEDS_REVIEW if unsure.,id_gap_fill
id_ss_01074,Membatalkan Cheyyamo? dan mendapatkan uang kembali?,id,spamshield_indonesian_v1,NEEDS_REVIEW,NEEDS_REVIEW,id_nr_open,,,2c7009bd4bc5,ID gap fill from NEEDS_REVIEW. Fill label; keep NEEDS_REVIEW if unsure.,id_gap_fill
id_ss_01075,Jika ada sesuatu untuk dibeli memberitahu kami maka tidak perlu masuk lagi.,id,spamshield_indonesian_v1,NEEDS_REVIEW,NEEDS_REVIEW,id_nr_open,,,4e6724dcd5a5,ID gap fill from NEEDS_REVIEW. Fill label; keep NEEDS_REVIEW if unsure.,id_gap_fill
id_ss_01076,K..i menghapus kontak saya itu mengapa?,id,spamshield_indonesian_v1,NEEDS_REVIEW,NEEDS_REVIEW,id_nr_open,,,5804ef8edaad,ID gap fill from NEEDS_REVIEW. Fill label; keep NEEDS_REVIEW if unsure.,id_gap_fill
id_ss_01078,PRIVATE! pernyataan akun 2004 Anda untuk 07742676969 menunjukkan 786 poin bonus yang tidak dibayar. untuk menuntut panggilan 08719180248 ID: 45239 Hentikan,id,spamshield_indonesian_v1,NEEDS_REVIEW,NEEDS_REVIEW,id_nr_open,,,deb4b902c2bb,ID gap fill from NEEDS_REVIEW. Fill label; keep NEEDS_REVIEW if unsure.,id_gap_fill
id_ss_01079,Pemberitahuan panggilan hilang. nomor ini dipanggil tetapi tidak meninggalkan pesan. 07008009200,id,spamshield_indonesian_v1,NEEDS_REVIEW,NEEDS_REVIEW,id_nr_open,,,fdc9bf5aadcd,ID gap fill from NEEDS_REVIEW. Fill label; keep NEEDS_REVIEW if unsure.,id_gap_fill
id_ss_01080,TBS/PERSOLVO. telah mengejar kami sejak September untuk £38 pasti tidak membayar sekarang terima kasih kepada informasi Anda.,id,spamshield_indonesian_v1,NEEDS_REVIEW,NEEDS_REVIEW,id_nr_open,,,fe7d381fe2da,ID gap fill from NEEDS_REVIEW. Fill label; keep NEEDS_REVIEW if unsure.,id_gap_fill
id_ss_01081,"Hey, seorang pria yang saya tahu sedang bernafas di leher saya untuk mendapatkan dia beberapa bud, bagaimanapun Anda akan dapat mendapatkan setengah trek ke usf malam ini?",id,spamshield_indonesian_v1,NEEDS_REVIEW,NEEDS_REVIEW,id_nr_open,,,f24b2bc3bd0f,ID gap fill from NEEDS_REVIEW. Fill label; keep NEEDS_REVIEW if unsure.,id_gap_fill
id_ss_01082,Pernah berpikir tentang menjalani kehidupan yang baik dengan pasangan yang sempurna? hanya txt kembali NAME dan AGE untuk bergabung dengan komunitas mobile. (100p/SMS),id,spamshield_indonesian_v1,NEEDS_REVIEW,NEEDS_REVIEW,id_nr_open,,,8740f4173b8f,ID gap fill from NEEDS_REVIEW. Fill label; keep NEEDS_REVIEW if unsure.,id_gap_fill
id_ss_01084,"Nimbomsons. Yep phone tahu itu satu. jelas, cos ini adalah kata yang nyata",id,spamshield_indonesian_v1,NEEDS_REVIEW,NEEDS_REVIEW,id_nr_open,,,d951506720d5,ID gap fill from NEEDS_REVIEW. Fill label; keep NEEDS_REVIEW if unsure.,id_gap_fill
id_ss_01085,"FREE NOKIA atau Motorola dengan hingga 12mths 1/2price linerental, 500 FREE x-net mins&100txt/mth FREE B'toth*. hubungi Mobileupd8 di 08001950382 atau hubungi 2optout/D3WV",id,spamshield_indonesian_v1,NEEDS_REVIEW,NEEDS_REVIEW,id_nr_open,,,305df84d1bf1,ID gap fill from NEEDS_REVIEW. Fill label; keep NEEDS_REVIEW if unsure.,id_gap_fill
id_ss_01086,Ma kepala dey bengkak oh. terima kasih untuk membuat hari saya,id,spamshield_indonesian_v1,NEEDS_REVIEW,NEEDS_REVIEW,id_nr_open,,,a64522d060bc,ID gap fill from NEEDS_REVIEW. Fill label; keep NEEDS_REVIEW if unsure.,id_gap_fill
id_ss_01088,Untuk berpartisipasi dalam survei mobile kami kemarin! Anda dapat sekarang memiliki 500 teks 2 penggunaan apapun yang Anda inginkan. 2 mendapatkan txts hanya mengirimkan TXT ke 80160 T&C www.txt43.com 1.50p,id,spamshield_indonesian_v1,NEEDS_REVIEW,NEEDS_REVIEW,id_nr_open,,,34a2f0d0f53d,ID gap fill from NEEDS_REVIEW. Fill label; keep NEEDS_REVIEW if unsure.,id_gap_fill
id_ss_01089,U’ve Bin Awarded £50 to Play 4 Instant Cash. Call 08715203028 to Claim. EVERY 9th Player Wins Min £50-£500. OptOut 08718727870,id,spamshield_indonesian_v1,NEEDS_REVIEW,NEEDS_REVIEW,id_nr_open,,,76077dc92ec2,ID gap fill from NEEDS_REVIEW. Fill label; keep NEEDS_REVIEW if unsure.,id_gap_fill
id_ss_01090,"Tidak ada panggilan, pesan, panggilan yang hilang",id,spamshield_indonesian_v1,NEEDS_REVIEW,NEEDS_REVIEW,id_nr_open,,,7ce66a4f9d2c,ID gap fill from NEEDS_REVIEW. Fill label; keep NEEDS_REVIEW if unsure.,id_gap_fill
id_ss_01092,Ya menonton film tapi khawatir kita akan meletakkannya - Phil Neville?,id,spamshield_indonesian_v1,NEEDS_REVIEW,NEEDS_REVIEW,id_nr_open,,,e4e9c54198f9,ID gap fill from NEEDS_REVIEW. Fill label; keep NEEDS_REVIEW if unsure.,id_gap_fill
id_ss_01093,Win £200 Shopping spree setiap WEEK Starting NOW. 2 memainkan teks STORE sampai 88039. SkilGme. TsCs08714740323 1Winawk! umur16 £1.50perweeksub.,id,spamshield_indonesian_v1,NEEDS_REVIEW,NEEDS_REVIEW,id_nr_open,,,f29304fa73de,ID gap fill from NEEDS_REVIEW. Fill label; keep NEEDS_REVIEW if unsure.,id_gap_fill
id_ss_01094,Saya tidak. bibirnya bersinkron dengan shangela.,id,spamshield_indonesian_v1,NEEDS_REVIEW,NEEDS_REVIEW,id_nr_open,,,90d92dce3e95,ID gap fill from NEEDS_REVIEW. Fill label; keep NEEDS_REVIEW if unsure.,id_gap_fill
id_ss_01095,"Apa yang datang di atas bukit... Apakah itu raksasa! harap Anda memiliki hari yang indah. hal-hal berjalan lancar di sini, sibuk walaupun!",id,spamshield_indonesian_v1,NEEDS_REVIEW,NEEDS_REVIEW,id_nr_open,,,b2d111099569,ID gap fill from NEEDS_REVIEW. Fill label; keep NEEDS_REVIEW if unsure.,id_gap_fill
id_ss_01096,"Maaf laki-laki, stash saya kering malam tadi dan saya tidak dapat mengambil lagi sampai hari Minggu",id,spamshield_indonesian_v1,NEEDS_REVIEW,NEEDS_REVIEW,id_nr_open,,,41ce5c5689ec,ID gap fill from NEEDS_REVIEW. Fill label; keep NEEDS_REVIEW if unsure.,id_gap_fill
id_ss_01099,"Urgent! silakan hubungi 09066612661 dari landline Anda, liburan 4* Lux Costa Del Sol atau £ 1000 CASH menunggu koleksi. ppm 150 SAE T&Cs James 28, EH74RR",id,spamshield_indonesian_v1,NEEDS_REVIEW,NEEDS_REVIEW,id_nr_open,,,32490736f864,ID gap fill from NEEDS_REVIEW. Fill label; keep NEEDS_REVIEW if unsure.,id_gap_fill
id_ss_01100,Seseorang menetapkan situs web di mana Anda dapat bermain hold em menggunakan eve online spacebucks,id,spamshield_indonesian_v1,NEEDS_REVIEW,NEEDS_REVIEW,id_nr_open,,,3d33fb8fca3b,ID gap fill from NEEDS_REVIEW. Fill label; keep NEEDS_REVIEW if unsure.,id_gap_fill
id_ss_01101,C tidak s. Anda seharusnya telah memberitahu saya sebelumnya.,id,spamshield_indonesian_v1,NEEDS_REVIEW,NEEDS_REVIEW,id_nr_open,,,b36d917df468,ID gap fill from NEEDS_REVIEW. Fill label; keep NEEDS_REVIEW if unsure.,id_gap_fill
id_ss_01103,Catatan: Anda tidak mengunduh konten yang sudah Anda bayar. goto http://doit. mymoby. tv/ untuk mengumpulkan konten Anda.,id,spamshield_indonesian_v1,NEEDS_REVIEW,NEEDS_REVIEW,id_nr_open,,,f2207716e983,ID gap fill from NEEDS_REVIEW. Fill label; keep NEEDS_REVIEW if unsure.,id_gap_fill
id_ss_01104,2/2 146tf150p,id,spamshield_indonesian_v1,NEEDS_REVIEW,NEEDS_REVIEW,id_nr_open,,,6f89c4a8c2bb,ID gap fill from NEEDS_REVIEW. Fill label; keep NEEDS_REVIEW if unsure.,id_gap_fill
id_ss_01106,Atau mungkin jari lemak saya hanya menekan semua tombol ini dan itu tidak tahu apa yang harus dilakukan.,id,spamshield_indonesian_v1,NEEDS_REVIEW,NEEDS_REVIEW,id_nr_open,,,7a69dca35396,ID gap fill from NEEDS_REVIEW. Fill label; keep NEEDS_REVIEW if unsure.,id_gap_fill
id_ss_01107,"Berbahagialah, bagaimana dengan tanganmu?",id,spamshield_indonesian_v1,NEEDS_REVIEW,NEEDS_REVIEW,id_nr_open,,,5f05c84aa876,ID gap fill from NEEDS_REVIEW. Fill label; keep NEEDS_REVIEW if unsure.,id_gap_fill
id_ss_01108,"Dapatkan ponsel baru dengan menjadi agen dari The Mob! Plus mengisi lebih banyak barang-barang! Untuk informasi lebih lanjut, tulis MAT ke 87021.",id,spamshield_indonesian_v1,NEEDS_REVIEW,NEEDS_REVIEW,id_nr_open,,,6ebb91317a92,ID gap fill from NEEDS_REVIEW. Fill label; keep NEEDS_REVIEW if unsure.,id_gap_fill
id_ss_01110,Anda akan datang online malam ini,id,spamshield_indonesian_v1,NEEDS_REVIEW,NEEDS_REVIEW,id_nr_open,,,46df51177798,ID gap fill from NEEDS_REVIEW. Fill label; keep NEEDS_REVIEW if unsure.,id_gap_fill
id_ss_01111,Gimme beberapa adalah &lt;#&gt; beberapa menit yang lalu,id,spamshield_indonesian_v1,NEEDS_REVIEW,NEEDS_REVIEW,id_nr_open,,,d7a961592f35,ID gap fill from NEEDS_REVIEW. Fill label; keep NEEDS_REVIEW if unsure.,id_gap_fill
id_ss_01112,Beli Space Invaders 4 a chance 2 win orig Arcade Game console. Tekan 0 untuk Game Arcade (std WAP charge) Lihat o2.co.uk/game 4 Terma + pengaturan.,id,spamshield_indonesian_v1,NEEDS_REVIEW,NEEDS_REVIEW,id_nr_open,,,04826e0eb9d5,ID gap fill from NEEDS_REVIEW. Fill label; keep NEEDS_REVIEW if unsure.,id_gap_fill
id_ss_01113,Saya akan pergi ke Sao Mu hari ini. akan dilakukan hanya pada jam 12,id,spamshield_indonesian_v1,NEEDS_REVIEW,NEEDS_REVIEW,id_nr_open,,,6222e7281e18,ID gap fill from NEEDS_REVIEW. Fill label; keep NEEDS_REVIEW if unsure.,id_gap_fill
id_ss_01114,"Selamat malam dan ketika Anda bangun untuk melihat pesan ini, saya harap Anda tersenyum mengetahui semuanya seperti yang seharusnya.",id,spamshield_indonesian_v1,NEEDS_REVIEW,NEEDS_REVIEW,id_nr_open,,,ab830a478cf2,ID gap fill from NEEDS_REVIEW. Fill label; keep NEEDS_REVIEW if unsure.,id_gap_fill
id_ss_01116,Hi darlin did youPhone me? im atHome jika youwanna chat.,id,spamshield_indonesian_v1,NEEDS_REVIEW,NEEDS_REVIEW,id_nr_open,,,e68f614db766,ID gap fill from NEEDS_REVIEW. Fill label; keep NEEDS_REVIEW if unsure.,id_gap_fill
id_ss_01117,Tidak perlu makan siang untuk saya.. saya makan maj mee..,id,spamshield_indonesian_v1,NEEDS_REVIEW,NEEDS_REVIEW,id_nr_open,,,6db99e63c9b6,ID gap fill from NEEDS_REVIEW. Fill label; keep NEEDS_REVIEW if unsure.,id_gap_fill
id_ss_01124,"Informasi mendesak, penting untuk O2 pengguna. hari ini adalah hari bahagia Anda! 2 Temukan di mana login di HTTP://WWW.URAWINNER.COM ada kejutan yang luar biasa untuk Anda",id,spamshield_indonesian_v1,NEEDS_REVIEW,NEEDS_REVIEW,id_nr_open,,,50519c3c575f,ID gap fill from NEEDS_REVIEW. Fill label; keep NEEDS_REVIEW if unsure.,id_gap_fill
id_ss_01125,EASTENDERS TV Quiz. Apa FLOWER DOT membandingkan dirinya dengan? D= VIOLET E= TULIP F= LILY txt D E atau F ke 84025 NOW 4 chance 2 WIN £100 Cash WKENT/150P16+,id,spamshield_indonesian_v1,NEEDS_REVIEW,NEEDS_REVIEW,id_nr_open,,,fcc70c50e86f,ID gap fill from NEEDS_REVIEW. Fill label; keep NEEDS_REVIEW if unsure.,id_gap_fill
id_ss_01126,"Saya tersesat karena panggilan Anda, saya berteriak terkejut.Miss U. Saya tidak bisa menunggu Anda pulang.Saya begitu kesepian hari ini.",id,spamshield_indonesian_v1,NEEDS_REVIEW,NEEDS_REVIEW,id_nr_open,,,96b9734aa9a7,ID gap fill from NEEDS_REVIEW. Fill label; keep NEEDS_REVIEW if unsure.,id_gap_fill
id_ss_01128,Saya menembak beban besar jadi siap!,id,spamshield_indonesian_v1,NEEDS_REVIEW,NEEDS_REVIEW,id_nr_open,,,0ab94d40f3d6,ID gap fill from NEEDS_REVIEW. Fill label; keep NEEDS_REVIEW if unsure.,id_gap_fill
id_ss_01129,Apa pun lor tapi toa payoh mendapat tempat 2 berjalan meh...,id,spamshield_indonesian_v1,NEEDS_REVIEW,NEEDS_REVIEW,id_nr_open,,,40b3bd0ba4e7,ID gap fill from NEEDS_REVIEW. Fill label; keep NEEDS_REVIEW if unsure.,id_gap_fill
id_ss_01131,Hi. Loyalty Offer:The NEW Nokia6650 Mobile dari ONLY £10 di TXTAUCTION! Txt word: START to No: 81151 & get yours Now! 4T&Ctxt TC 150p/MTmsg,id,spamshield_indonesian_v1,NEEDS_REVIEW,NEEDS_REVIEW,id_nr_open,,,4e30638e599a,ID gap fill from NEEDS_REVIEW. Fill label; keep NEEDS_REVIEW if unsure.,id_gap_fill
id_ss_01132,Saya hanya haf msn. itu yijue@hotmail.com,id,spamshield_indonesian_v1,NEEDS_REVIEW,NEEDS_REVIEW,id_nr_open,,,78831ee36b5c,ID gap fill from NEEDS_REVIEW. Fill label; keep NEEDS_REVIEW if unsure.,id_gap_fill
id_ss_01133,Jadi apa rencana ini?,id,spamshield_indonesian_v1,NEEDS_REVIEW,NEEDS_REVIEW,id_nr_open,,,9946f0555bcd,ID gap fill from NEEDS_REVIEW. Fill label; keep NEEDS_REVIEW if unsure.,id_gap_fill
id_ss_01136,Jawaban yang biasa...,id,spamshield_indonesian_v1,NEEDS_REVIEW,NEEDS_REVIEW,id_nr_open,,,36b600a7820b,ID gap fill from NEEDS_REVIEW. Fill label; keep NEEDS_REVIEW if unsure.,id_gap_fill
id_ss_01137,Pesan Penting. ini adalah percobaan kontak akhir. Anda memiliki pesan penting yang menunggu tuntutan pelanggan kami habis. berakhir 13/4/04. hubungi 08717507382 NOW!,id,spamshield_indonesian_v1,NEEDS_REVIEW,NEEDS_REVIEW,id_nr_open,,,711be8bcd345,ID gap fill from NEEDS_REVIEW. Fill label; keep NEEDS_REVIEW if unsure.,id_gap_fill
id_ss_01138,Lakukan apa yang selalu lebih mudah bagi Anda.,id,spamshield_indonesian_v1,NEEDS_REVIEW,NEEDS_REVIEW,id_nr_open,,,3bf7b6760f00,ID gap fill from NEEDS_REVIEW. Fill label; keep NEEDS_REVIEW if unsure.,id_gap_fill
id_ss_01140,Okmail: Dear Dave ini adalah pemberitahuan terakhir Anda untuk mengumpulkan 4* Tenerife Holiday atau #5000 CASH award! Panggilan 09061743806 dari landline. TCs SAE Box326 CW25WX 150ppm,id,spamshield_indonesian_v1,NEEDS_REVIEW,NEEDS_REVIEW,id_nr_open,,,3769188c4766,ID gap fill from NEEDS_REVIEW. Fill label; keep NEEDS_REVIEW if unsure.,id_gap_fill
id_ss_01142,Tahun baru yang bahagia. bagaimana Anda di mana Anda ketika kita melihat,id,spamshield_indonesian_v1,NEEDS_REVIEW,NEEDS_REVIEW,id_nr_open,,,daf693e42385,ID gap fill from NEEDS_REVIEW. Fill label; keep NEEDS_REVIEW if unsure.,id_gap_fill
id_ss_01144,Tolong minta maaf atas kesalahan yang terjadi di sisi saya. pls da goto dokter.,id,spamshield_indonesian_v1,NEEDS_REVIEW,NEEDS_REVIEW,id_nr_open,,,d692c3e70185,ID gap fill from NEEDS_REVIEW. Fill label; keep NEEDS_REVIEW if unsure.,id_gap_fill
id_ss_01145,Saya hanya terkejut untuk mengatakan selamat tinggal.Berhati-hatilah bruv!,id,spamshield_indonesian_v1,NEEDS_REVIEW,NEEDS_REVIEW,id_nr_open,,,03ec2e6e7fd0,ID gap fill from NEEDS_REVIEW. Fill label; keep NEEDS_REVIEW if unsure.,id_gap_fill
id_ss_01146,Tidak seperti Anda benar-benar memanggil seseorang titik. luka itu menjadi lebih buruk.,id,spamshield_indonesian_v1,NEEDS_REVIEW,NEEDS_REVIEW,id_nr_open,,,7b8117e77ddd,ID gap fill from NEEDS_REVIEW. Fill label; keep NEEDS_REVIEW if unsure.,id_gap_fill
id_ss_01147,Semoga kamu tidak takut!,id,spamshield_indonesian_v1,NEEDS_REVIEW,NEEDS_REVIEW,id_nr_open,,,068853d1c0da,ID gap fill from NEEDS_REVIEW. Fill label; keep NEEDS_REVIEW if unsure.,id_gap_fill
id_ss_01148,FreeMsg: Hey - I'm Buffy. 25 dan suka untuk memuaskan pria. rumah sendiri merasa randy. Jawab 2 C saya PIX! QlynnBV Help08700621170150p a msg Send stop to stop txts,id,spamshield_indonesian_v1,NEEDS_REVIEW,NEEDS_REVIEW,id_nr_open,,,25f8886664d7,ID gap fill from NEEDS_REVIEW. Fill label; keep NEEDS_REVIEW if unsure.,id_gap_fill
id_ss_01149,Anda telah menerima konten mobile Anda. nikmati,id,spamshield_indonesian_v1,NEEDS_REVIEW,NEEDS_REVIEW,id_nr_open,,,66b3457a01cb,ID gap fill from NEEDS_REVIEW. Fill label; keep NEEDS_REVIEW if unsure.,id_gap_fill
id_ss_01152,Anda akan di sini untuk makanan,id,spamshield_indonesian_v1,NEEDS_REVIEW,NEEDS_REVIEW,id_nr_open,,,0fddeb9a2124,ID gap fill from NEEDS_REVIEW. Fill label; keep NEEDS_REVIEW if unsure.,id_gap_fill
id_ss_01153,"“Wahai Rasulullah, sesungguhnya banyak sekali kebaikan yang diberikan kepadamu.",id,spamshield_indonesian_v1,NEEDS_REVIEW,NEEDS_REVIEW,id_nr_open,,,b67be501badc,ID gap fill from NEEDS_REVIEW. Fill label; keep NEEDS_REVIEW if unsure.,id_gap_fill
id_ss_01154,Bagaimana Anda menemukan dengan cara yang tidak mencakup semua rincian ini,id,spamshield_indonesian_v1,NEEDS_REVIEW,NEEDS_REVIEW,id_nr_open,,,d604a9ca7fbf,ID gap fill from NEEDS_REVIEW. Fill label; keep NEEDS_REVIEW if unsure.,id_gap_fill
id_ss_01156,"Wow...saya mencintaimu sooo banyak, kau tahu? aku hampir tidak bisa berdiri! aku bertanya-tanya bagaimana harimu berjalan dan jika kau baik-baik saja, cintaku...saya memikirkanmu dan merindukanmu",id,spamshield_indonesian_v1,NEEDS_REVIEW,NEEDS_REVIEW,id_nr_open,,,91ea0fc2ed07,ID gap fill from NEEDS_REVIEW. Fill label; keep NEEDS_REVIEW if unsure.,id_gap_fill
id_ss_01157,Kehidupan yang dihabiskan dengan seseorang selama seumur hidup mungkin tidak bermakna tetapi beberapa saat yang dihabiskan dengan seseorang yang benar-benar mencintaimu berarti lebih dari hidup itu sendiri.,id,spamshield_indonesian_v1,NEEDS_REVIEW,NEEDS_REVIEW,id_nr_open,,,10914c90332d,ID gap fill from NEEDS_REVIEW. Fill label; keep NEEDS_REVIEW if unsure.,id_gap_fill
id_ss_01158,Squeeeeeze!! ini adalah perayaan Natal.. jika anda suka saya frndshp den membungkus saya kembali.. jika anda mendapatkan 3 u r cute:) 6 u r luvd:* 9 u r so lucky;) Tidak ada? orang membenci anda:,id,spamshield_indonesian_v1,NEEDS_REVIEW,NEEDS_REVIEW,id_nr_open,,,287b73c31307,ID gap fill from NEEDS_REVIEW. Fill label; keep NEEDS_REVIEW if unsure.,id_gap_fill
id_ss_01159,Dan Allah telah memutuskan waktu yang sempurna untuk membuat Anda bertemu dengan orang itu. . . . . . . . . . . . . . . . . . . . . . . .,id,spamshield_indonesian_v1,NEEDS_REVIEW,NEEDS_REVIEW,id_nr_open,,,6125f8ea470d,ID gap fill from NEEDS_REVIEW. Fill label; keep NEEDS_REVIEW if unsure.,id_gap_fill
id_ss_01161,"Sangat aneh. dan sedang menonton 2nd satu sekarang tapi saya di tempat tidur. mimpi manis, miss u",id,spamshield_indonesian_v1,NEEDS_REVIEW,NEEDS_REVIEW,id_nr_open,,,ac74eb896e1f,ID gap fill from NEEDS_REVIEW. Fill label; keep NEEDS_REVIEW if unsure.,id_gap_fill
id_ss_01162,"Free msg. Maaf, layanan yang Anda pesan dari 81303 tidak dapat disampaikan karena Anda tidak memiliki kredit yang cukup.",id,spamshield_indonesian_v1,NEEDS_REVIEW,NEEDS_REVIEW,id_nr_open,,,a1046c8401df,ID gap fill from NEEDS_REVIEW. Fill label; keep NEEDS_REVIEW if unsure.,id_gap_fill
id_ss_01163,"Urgent! nomor ponsel Anda 07808726822 telah dianugerahkan £2,000 Bonus Caller Prize pada 02/09/03! ini adalah percobaan kedua kami untuk menghubungi Anda! panggilan 0871-872-9758 BOX95QU",id,spamshield_indonesian_v1,NEEDS_REVIEW,NEEDS_REVIEW,id_nr_open,,,3cdec12f550e,ID gap fill from NEEDS_REVIEW. Fill label; keep NEEDS_REVIEW if unsure.,id_gap_fill
id_ss_01164,"Panggilan 09094100151 untuk menggunakan ur mins! Panggilan cast 10p/min (mob vari). Layanan yang disediakan oleh AOM, hanya GBP5/bulan. AOM Box61,M60 1ER sampai u stop. Usia 18+ saja!",id,spamshield_indonesian_v1,NEEDS_REVIEW,NEEDS_REVIEW,id_nr_open,,,a3f525cc604e,ID gap fill from NEEDS_REVIEW. Fill label; keep NEEDS_REVIEW if unsure.,id_gap_fill
id_ss_01165,Saya akan berada di mu dalam seperti &lt;#&gt; detik,id,spamshield_indonesian_v1,NEEDS_REVIEW,NEEDS_REVIEW,id_nr_open,,,6f74e402543f,ID gap fill from NEEDS_REVIEW. Fill label; keep NEEDS_REVIEW if unsure.,id_gap_fill
id_ss_01166,Saya akan menjadi bayi yang lembut! tidak lama lagi Anda akan mengambil semua &lt;#&gt; inci yang dalam di dalam anak anjing Anda...,id,spamshield_indonesian_v1,NEEDS_REVIEW,NEEDS_REVIEW,id_nr_open,,,60116b28f0f4,ID gap fill from NEEDS_REVIEW. Fill label; keep NEEDS_REVIEW if unsure.,id_gap_fill
id_ss_01167,Anda di kamar Anda? saya butuh beberapa,id,spamshield_indonesian_v1,NEEDS_REVIEW,NEEDS_REVIEW,id_nr_open,,,03215254f24d,ID gap fill from NEEDS_REVIEW. Fill label; keep NEEDS_REVIEW if unsure.,id_gap_fill
id_ss_01169,Get the official poly ringtone or color flag on yer mobile! text TONE or FLAG to 84199 NOW! Opt-out txt ENG STOP. Box39822 W111WX £1.50,id,spamshield_indonesian_v1,NEEDS_REVIEW,NEEDS_REVIEW,id_nr_open,,,87b6d2f2097b,ID gap fill from NEEDS_REVIEW. Fill label; keep NEEDS_REVIEW if unsure.,id_gap_fill
id_ss_01171,Tidak ada prob..,id,spamshield_indonesian_v1,NEEDS_REVIEW,NEEDS_REVIEW,id_nr_open,,,40c9705dbee6,ID gap fill from NEEDS_REVIEW. Fill label; keep NEEDS_REVIEW if unsure.,id_gap_fill
id_ss_01172,"8 Teks Saya Ketika Anda Kembali ke Mu dan Saya Akan Mengelilingi, Butuh Seseorang Untuk Mendapatkan Pintu Untuk Saya",id,spamshield_indonesian_v1,NEEDS_REVIEW,NEEDS_REVIEW,id_nr_open,,,d90db6ec3a78,ID gap fill from NEEDS_REVIEW. Fill label; keep NEEDS_REVIEW if unsure.,id_gap_fill
id_ss_01173,Ok tidak masalah... Yup saya akan sh di 4 jika saya rem dengan benar...,id,spamshield_indonesian_v1,NEEDS_REVIEW,NEEDS_REVIEW,id_nr_open,,,91af3bbc743f,ID gap fill from NEEDS_REVIEW. Fill label; keep NEEDS_REVIEW if unsure.,id_gap_fill
id_ss_01175,Bagaimana ia mengambil begitu sedikit waktu untuk seorang anak yang takut kegelapan untuk menjadi seorang remaja yang ingin tinggal di luar sepanjang malam?,id,spamshield_indonesian_v1,NEEDS_REVIEW,NEEDS_REVIEW,id_nr_open,,,78ce28eff84a,ID gap fill from NEEDS_REVIEW. Fill label; keep NEEDS_REVIEW if unsure.,id_gap_fill
id_ss_01176,Lokasi klien saya akan menghubungi Anda,id,spamshield_indonesian_v1,NEEDS_REVIEW,NEEDS_REVIEW,id_nr_open,,,ad75b831d8f6,ID gap fill from NEEDS_REVIEW. Fill label; keep NEEDS_REVIEW if unsure.,id_gap_fill
id_ss_01177,"CHANCE TO BE ON A REALITY FANTASY SHOW call now = 08707509020 Hanya 20p per menit NTT Ltd, PO Box 1327 Croydon CR9 5WB 0870 adalah panggilan nasional = kadar",id,spamshield_indonesian_v1,NEEDS_REVIEW,NEEDS_REVIEW,id_nr_open,,,010712bee784,ID gap fill from NEEDS_REVIEW. Fill label; keep NEEDS_REVIEW if unsure.,id_gap_fill
id_ss_01179,Jadi apa yang dikatakan bank tentang uang?,id,spamshield_indonesian_v1,NEEDS_REVIEW,NEEDS_REVIEW,id_nr_open,,,0df34d3c4f25,ID gap fill from NEEDS_REVIEW. Fill label; keep NEEDS_REVIEW if unsure.,id_gap_fill
id_ss_01180,PRIVATE! Pernyataan Akun 2003 Anda untuk <fone no> menunjukkan 800 S. I. M. titik yang tidak dibayar. panggilan 08715203656 Kode Identifikasi: 42049 Berakhir 26/10/04,id,spamshield_indonesian_v1,NEEDS_REVIEW,NEEDS_REVIEW,id_nr_open,,,6f1c92f123b4,ID gap fill from NEEDS_REVIEW. Fill label; keep NEEDS_REVIEW if unsure.,id_gap_fill
id_ss_01181,Jika satu vid tidak cukup untuk 2 hari teks kembali ke kata kunci PICSFREE1 untuk mendapatkan video berikutnya.,id,spamshield_indonesian_v1,NEEDS_REVIEW,NEEDS_REVIEW,id_nr_open,,,6351dbbc4189,ID gap fill from NEEDS_REVIEW. Fill label; keep NEEDS_REVIEW if unsure.,id_gap_fill
id_ss_01182,Moby Pub Quiz.Win a £100 High Street prize if you know who the new Duchess of Cornwall will be? Txt her first name to 82277.unsub STOP £1.50 0087040406 SP Arrow,id,spamshield_indonesian_v1,NEEDS_REVIEW,NEEDS_REVIEW,id_nr_open,,,0fe21dca6813,ID gap fill from NEEDS_REVIEW. Fill label; keep NEEDS_REVIEW if unsure.,id_gap_fill
id_ss_01183,Pls pergi ke depan dengan watt. saya hanya ingin yakin. memiliki akhir pekan yang bagus. Abiola,id,spamshield_indonesian_v1,NEEDS_REVIEW,NEEDS_REVIEW,id_nr_open,,,2b6f4565daa5,ID gap fill from NEEDS_REVIEW. Fill label; keep NEEDS_REVIEW if unsure.,id_gap_fill
id_ss_01184,"Hey Elaine, bukankah pertemuan hari ini masih berlangsung?",id,spamshield_indonesian_v1,NEEDS_REVIEW,NEEDS_REVIEW,id_nr_open,,,fdbc736faeca,ID gap fill from NEEDS_REVIEW. Fill label; keep NEEDS_REVIEW if unsure.,id_gap_fill
id_ss_01185,saya memiliki dua dari ini. baru dimulai setelah saya mengirimkan teks untuk berbicara radio olahraga minggu lalu. apa hubungannya yang Anda pikirkan atau kebetulan?,id,spamshield_indonesian_v1,NEEDS_REVIEW,NEEDS_REVIEW,id_nr_open,,,a8f40324d946,ID gap fill from NEEDS_REVIEW. Fill label; keep NEEDS_REVIEW if unsure.,id_gap_fill
id_ss_01186,Untuk dijual - arsenal dartboard. kondisi yang baik tetapi tidak menggandakan atau menggandakan!,id,spamshield_indonesian_v1,NEEDS_REVIEW,NEEDS_REVIEW,id_nr_open,,,2cd3d41053a9,ID gap fill from NEEDS_REVIEW. Fill label; keep NEEDS_REVIEW if unsure.,id_gap_fill
id_ss_01187,Masih ada sedikit yang tersisa jika Anda ingin malam ini.,id,spamshield_indonesian_v1,NEEDS_REVIEW,NEEDS_REVIEW,id_nr_open,,,d27bc8294ab6,ID gap fill from NEEDS_REVIEW. Fill label; keep NEEDS_REVIEW if unsure.,id_gap_fill
id_ss_01189,Pesan ini disampaikan kepada Anda oleh GMW Ltd. dan tidak terhubung dengan,id,spamshield_indonesian_v1,NEEDS_REVIEW,NEEDS_REVIEW,id_nr_open,,,4627c7330af1,ID gap fill from NEEDS_REVIEW. Fill label; keep NEEDS_REVIEW if unsure.,id_gap_fill
id_ss_01190,untuk minum?,id,spamshield_indonesian_v1,NEEDS_REVIEW,NEEDS_REVIEW,id_nr_open,,,6425f4962b59,ID gap fill from NEEDS_REVIEW. Fill label; keep NEEDS_REVIEW if unsure.,id_gap_fill
id_ss_01192,Omg jika itu bukan satu hal yang lain. kucing saya memiliki cacing :/ kapan hari buruk ini berakhir?,id,spamshield_indonesian_v1,NEEDS_REVIEW,NEEDS_REVIEW,id_nr_open,,,86c523226f2a,ID gap fill from NEEDS_REVIEW. Fill label; keep NEEDS_REVIEW if unsure.,id_gap_fill
id_ss_01193,LIFE tidak pernah begitu menyeronokkan dan hebat sampai Anda masuk. Anda membuatnya benar-benar istimewa untuk saya. saya tidak akan melupakan Anda! menikmati @ satu gbp/sms,id,spamshield_indonesian_v1,NEEDS_REVIEW,NEEDS_REVIEW,id_nr_open,,,58cdcee56300,ID gap fill from NEEDS_REVIEW. Fill label; keep NEEDS_REVIEW if unsure.,id_gap_fill
id_ss_01194,Oh...saya minta untuk bersenang-senang. haha...take care. ü,id,spamshield_indonesian_v1,NEEDS_REVIEW,NEEDS_REVIEW,id_nr_open,,,b5b1633f5b4a,ID gap fill from NEEDS_REVIEW. Fill label; keep NEEDS_REVIEW if unsure.,id_gap_fill
id_ss_01195,"Tawaran tertinggi sekarang adalah £ 54. Tawaran maksimum berikutnya adalah £ 71. Untuk tawaran, kirim BIDS e. g. 10 (untuk tawaran £ 10) ke £ 83383.",id,spamshield_indonesian_v1,NEEDS_REVIEW,NEEDS_REVIEW,id_nr_open,,,78f926f112e5,ID gap fill from NEEDS_REVIEW. Fill label; keep NEEDS_REVIEW if unsure.,id_gap_fill
id_ss_01196,PRIVATE! pernyataan akun 2004 Anda untuk 078498****7 menunjukkan 786 poin bonus yang tidak dibayar. untuk menuntut panggilan 08719180219 ID: 45239 Hilang 06.05.05,id,spamshield_indonesian_v1,NEEDS_REVIEW,NEEDS_REVIEW,id_nr_open,,,8f1389f1a09d,ID gap fill from NEEDS_REVIEW. Fill label; keep NEEDS_REVIEW if unsure.,id_gap_fill
id_ss_01197,"Urgent! call 09061749602 dari Landline. komplimentary 4* Tenerife Holiday atau £10,000 tunai menunggu koleksi SAE T&Cs BOX 528 HP20 1YF 150ppm 18+",id,spamshield_indonesian_v1,NEEDS_REVIEW,NEEDS_REVIEW,id_nr_open,,,b35c3e37833a,ID gap fill from NEEDS_REVIEW. Fill label; keep NEEDS_REVIEW if unsure.,id_gap_fill
id_ss_01198,"Congrats! 2 mobile 3G Videophones R yours. call 09061744553 sekarang! videochat wid ur mates, bermain game java, Dload polyH musik, noline rentl. bx420. ip4. 5we. 150pm",id,spamshield_indonesian_v1,NEEDS_REVIEW,NEEDS_REVIEW,id_nr_open,,,7516784a20e3,ID gap fill from NEEDS_REVIEW. Fill label; keep NEEDS_REVIEW if unsure.,id_gap_fill
id_ss_01199,Urgent! silakan hubungi 09061213237 dari landline. £5000 tunai atau 4* liburan menunggu koleksi. T & Cs SAE PO Box 177 M227XY. 16+,id,spamshield_indonesian_v1,NEEDS_REVIEW,NEEDS_REVIEW,id_nr_open,,,9f231910ef78,ID gap fill from NEEDS_REVIEW. Fill label; keep NEEDS_REVIEW if unsure.,id_gap_fill
id_ss_01200,"Sppok up ur mob dengan koleksi Halloween dari Nokia logo&pic pesan ditambah FREE eerie tone, txt CARD SPOOK ke 8007",id,spamshield_indonesian_v1,NEEDS_REVIEW,NEEDS_REVIEW,id_nr_open,,,a9ba3de802d9,ID gap fill from NEEDS_REVIEW. Fill label; keep NEEDS_REVIEW if unsure.,id_gap_fill
id_ss_01201,"Dapatkan 3 Lions Inggris ton, jawab lionm 4 mono atau lionp 4 poly. 4 lagi pergi 2 www.ringtones.co.uk, yang asli n terbaik.",id,spamshield_indonesian_v1,NEEDS_REVIEW,NEEDS_REVIEW,id_nr_open,,,97d9d6c31b4e,ID gap fill from NEEDS_REVIEW. Fill label; keep NEEDS_REVIEW if unsure.,id_gap_fill
id_ss_01203,Tidak dibatalkan ya baby! baik itu kedengaran penting jadi saya faham darlin saya memberi saya cincin kemudian pada ini fone cinta Kate x,id,spamshield_indonesian_v1,NEEDS_REVIEW,NEEDS_REVIEW,id_nr_open,,,ee2099defdaf,ID gap fill from NEEDS_REVIEW. Fill label; keep NEEDS_REVIEW if unsure.,id_gap_fill
id_ss_01205,"Tidak, aku tidak akan bisa. <unk> <unk> <unk> <unk> <unk> <unk> <unk> <unk> <unk> <unk> <unk>",id,spamshield_indonesian_v1,NEEDS_REVIEW,NEEDS_REVIEW,id_nr_open,,,b9816c90a046,ID gap fill from NEEDS_REVIEW. Fill label; keep NEEDS_REVIEW if unsure.,id_gap_fill
id_ss_01206,Aku percaya kamu. aku berkata kepadanya.,id,spamshield_indonesian_v1,NEEDS_REVIEW,NEEDS_REVIEW,id_nr_open,,,6a6372616b97,ID gap fill from NEEDS_REVIEW. Fill label; keep NEEDS_REVIEW if unsure.,id_gap_fill
id_ss_01207,&lt;#&gt; ISH MINUTES WAS 5 MINUTES AGO.,id,spamshield_indonesian_v1,NEEDS_REVIEW,NEEDS_REVIEW,id_nr_open,,,a43a8b3d7e7a,ID gap fill from NEEDS_REVIEW. Fill label; keep NEEDS_REVIEW if unsure.,id_gap_fill
id_ss_01208,Tawaran terkemuka saat ini adalah 151. untuk menunda lelongan ini kirim ke OUT. Pelayanan Pelanggan: 08718726270,id,spamshield_indonesian_v1,NEEDS_REVIEW,NEEDS_REVIEW,id_nr_open,,,1dba61686501,ID gap fill from NEEDS_REVIEW. Fill label; keep NEEDS_REVIEW if unsure.,id_gap_fill
id_ss_01209,Pesan Informasi Penting untuk O2 pengguna. hari ini adalah hari keberuntungan Anda! 2 ketahui mengapa login di http://www.urawinner.com ada kejutan yang fantastis menanti Anda,id,spamshield_indonesian_v1,NEEDS_REVIEW,NEEDS_REVIEW,id_nr_open,,,efea57077273,ID gap fill from NEEDS_REVIEW. Fill label; keep NEEDS_REVIEW if unsure.,id_gap_fill
id_ss_01210,Teman-teman saya menggunakan untuk memanggil yang sama.,id,spamshield_indonesian_v1,NEEDS_REVIEW,NEEDS_REVIEW,id_nr_open,,,52696512f3b9,ID gap fill from NEEDS_REVIEW. Fill label; keep NEEDS_REVIEW if unsure.,id_gap_fill
id_ss_01211,No. 1 Nokia Tone 4 ur mob setiap minggu! hanya txt NOK ke 87021. 1st Tone FREE ! jadi dapatkan txtin sekarang dan katakan ur teman. 150p/tone. 16 respons HL 4info,id,spamshield_indonesian_v1,NEEDS_REVIEW,NEEDS_REVIEW,id_nr_open,,,c88a4342058f,ID gap fill from NEEDS_REVIEW. Fill label; keep NEEDS_REVIEW if unsure.,id_gap_fill
id_ss_01212,Hanya kemarin yang benar.,id,spamshield_indonesian_v1,NEEDS_REVIEW,NEEDS_REVIEW,id_nr_open,,,64744ed5de5a,ID gap fill from NEEDS_REVIEW. Fill label; keep NEEDS_REVIEW if unsure.,id_gap_fill
id_ss_01213,Anda tidak akan rcv lebih msgs dari chat svc. Untuk FREE Hardcore layanan teks GO ke: 69988 Jika Anda tidak mendapatkan apa-apa Anda harus Age Verify dengan yr jaringan & coba lagi,id,spamshield_indonesian_v1,NEEDS_REVIEW,NEEDS_REVIEW,id_nr_open,,,dffa1434a872,ID gap fill from NEEDS_REVIEW. Fill label; keep NEEDS_REVIEW if unsure.,id_gap_fill
id_ss_01214,"Selamat bercuti, terima kasih, semoga sama saja.",id,spamshield_indonesian_v1,NEEDS_REVIEW,NEEDS_REVIEW,id_nr_open,,,aa3b5200deca,ID gap fill from NEEDS_REVIEW. Fill label; keep NEEDS_REVIEW if unsure.,id_gap_fill
id_ss_01215,Keindahan hidup ada di detik berikutnya.. yang menyembunyikan ribuan rahasia. saya harap setiap detik akan indah di ur kehidupan...!!,id,spamshield_indonesian_v1,NEEDS_REVIEW,NEEDS_REVIEW,id_nr_open,,,24822bf19148,ID gap fill from NEEDS_REVIEW. Fill label; keep NEEDS_REVIEW if unsure.,id_gap_fill
id_ss_01217,"Oh, hanya datang juga dengan Anda.... u?",id,spamshield_indonesian_v1,NEEDS_REVIEW,NEEDS_REVIEW,id_nr_open,,,eb0c7a7a9cc4,ID gap fill from NEEDS_REVIEW. Fill label; keep NEEDS_REVIEW if unsure.,id_gap_fill
id_ss_01218,"TheMob> Lihat seleksi terkini konten kami, Game, Tones, Gossip, baby dan olahraga, Tetap ponsel Anda sesuai dan funky teks WAP sampai 82468",id,spamshield_indonesian_v1,NEEDS_REVIEW,NEEDS_REVIEW,id_nr_open,,,271d397f270e,ID gap fill from NEEDS_REVIEW. Fill label; keep NEEDS_REVIEW if unsure.,id_gap_fill
id_ss_01222,Kenapa kau bertanya kepada putri?,id,spamshield_indonesian_v1,NEEDS_REVIEW,NEEDS_REVIEW,id_nr_open,,,57a6660f78c3,ID gap fill from NEEDS_REVIEW. Fill label; keep NEEDS_REVIEW if unsure.,id_gap_fill
id_ss_01223,"Memperbesar angka secara independen dan menghitung poin dekimal kemudian, untuk divisi, tekan posisi dekimal seperti yang saya tunjukkan.",id,spamshield_indonesian_v1,NEEDS_REVIEW,NEEDS_REVIEW,id_nr_open,,,3d02796f9495,ID gap fill from NEEDS_REVIEW. Fill label; keep NEEDS_REVIEW if unsure.,id_gap_fill
id_ss_01224,Tidak ada!SelengkapnyaSelengkapnyaSelengkapnya,id,spamshield_indonesian_v1,NEEDS_REVIEW,NEEDS_REVIEW,id_nr_open,,,5943b15c48a4,ID gap fill from NEEDS_REVIEW. Fill label; keep NEEDS_REVIEW if unsure.,id_gap_fill
id_ss_01225,Di manakah Anda? kapan Anda ingin sampai di sini?,id,spamshield_indonesian_v1,NEEDS_REVIEW,NEEDS_REVIEW,id_nr_open,,,18845d31ebe4,ID gap fill from NEEDS_REVIEW. Fill label; keep NEEDS_REVIEW if unsure.,id_gap_fill
id_ss_01228,dari www.Applausestore.com MonthlySubscription@50p/msg max6/bulan T&CsC web age16 2stop txt stop,id,spamshield_indonesian_v1,NEEDS_REVIEW,NEEDS_REVIEW,id_nr_open,,,017e6f6c2ebd,ID gap fill from NEEDS_REVIEW. Fill label; keep NEEDS_REVIEW if unsure.,id_gap_fill
id_ss_01229,Aku akan datang ke rumah sekarang,id,spamshield_indonesian_v1,NEEDS_REVIEW,NEEDS_REVIEW,id_nr_open,,,28ff0259fe02,ID gap fill from NEEDS_REVIEW. Fill label; keep NEEDS_REVIEW if unsure.,id_gap_fill
id_ss_01230,Tunjukkan warna ur! Euro 2004 2-4-1 Tawaran! Dapatkan Inggris Flag & 3Lions ton di ur telepon! Klik pada pesan layanan berikut untuk info!,id,spamshield_indonesian_v1,NEEDS_REVIEW,NEEDS_REVIEW,id_nr_open,,,46600d1b0f86,ID gap fill from NEEDS_REVIEW. Fill label; keep NEEDS_REVIEW if unsure.,id_gap_fill
id_ss_01231,India harus mengambil kepemimpinan :),id,spamshield_indonesian_v1,NEEDS_REVIEW,NEEDS_REVIEW,id_nr_open,,,7f06a6e5f540,ID gap fill from NEEDS_REVIEW. Fill label; keep NEEDS_REVIEW if unsure.,id_gap_fill
id_ss_01232,Aku sudah kehilanganmu. :),id,spamshield_indonesian_v1,NEEDS_REVIEW,NEEDS_REVIEW,id_nr_open,,,f9a7aa21dc05,ID gap fill from NEEDS_REVIEW. Fill label; keep NEEDS_REVIEW if unsure.,id_gap_fill
id_ss_01233,PRIVATE! pernyataan akun 2003 Anda untuk 07753741225 menunjukkan 800 S. I. M. titik yang tidak dibayar. panggilan 08715203677 ID: 42478 Hentikan 24/10/04,id,spamshield_indonesian_v1,NEEDS_REVIEW,NEEDS_REVIEW,id_nr_open,,,deb4b902c2bb,ID gap fill from NEEDS_REVIEW. Fill label; keep NEEDS_REVIEW if unsure.,id_gap_fill
id_ss_01234,"Hi ya babe x u 4goten bout me?' scammers mendapatkan smart..Walaupun ini adalah vodafone biasa tidak, jika Anda menjawab Anda mendapatkan lebih banyak prem rate msg/subscription.",id,spamshield_indonesian_v1,NEEDS_REVIEW,NEEDS_REVIEW,id_nr_open,,,1aca025cc92d,ID gap fill from NEEDS_REVIEW. Fill label; keep NEEDS_REVIEW if unsure.,id_gap_fill
id_ss_01236,Tapi saya benar-benar pecah oh. tidak ada jumlah yang terlalu kecil bahkan &lt;#&gt;,id,spamshield_indonesian_v1,NEEDS_REVIEW,NEEDS_REVIEW,id_nr_open,,,35d346b59bd0,ID gap fill from NEEDS_REVIEW. Fill label; keep NEEDS_REVIEW if unsure.,id_gap_fill
id_ss_01237,"“Tidak ada perubahan, hanya...",id,spamshield_indonesian_v1,NEEDS_REVIEW,NEEDS_REVIEW,id_nr_open,,,55f5f5781d2e,ID gap fill from NEEDS_REVIEW. Fill label; keep NEEDS_REVIEW if unsure.,id_gap_fill
id_ss_01238,Ok... The theory test? kapan mereka ü akan buku? saya pikir itu tanggal 21 Mei. Coz berpikir ingin keluar dengan jiayin.,id,spamshield_indonesian_v1,NEEDS_REVIEW,NEEDS_REVIEW,id_nr_open,,,69485decb033,ID gap fill from NEEDS_REVIEW. Fill label; keep NEEDS_REVIEW if unsure.,id_gap_fill
id_ss_01239,Seseorang yang Anda ketahui telah meminta layanan kencan kami 2 hubungi Anda! Cant Guess siapa? CALL 09058091854 NOW semuanya akan didedahkan. PO BOX385 M6 6WU,id,spamshield_indonesian_v1,NEEDS_REVIEW,NEEDS_REVIEW,id_nr_open,,,669e860d3651,ID gap fill from NEEDS_REVIEW. Fill label; keep NEEDS_REVIEW if unsure.,id_gap_fill
id_ss_01240,"Terima kasih untuk panggilan.Jangan lupa untuk mengatakan Happy Onam kepada Anda Sirji.Saya baik-baik saja di sini dan ingat Anda ketika saya bertemu dengan orang asuransi.Temu Anda di Qatar Insha Allah.Rakhesh, mantan Tata AIG yang bergabung dengan TISSCO,Tayseer.",id,spamshield_indonesian_v1,NEEDS_REVIEW,NEEDS_REVIEW,id_nr_open,,,10536c754e53,ID gap fill from NEEDS_REVIEW. Fill label; keep NEEDS_REVIEW if unsure.,id_gap_fill
id_ss_01241,"Awesome, berpikir kita bisa mendapatkan 8th di usf beberapa waktu malam ini?",id,spamshield_indonesian_v1,NEEDS_REVIEW,NEEDS_REVIEW,id_nr_open,,,28c16ecec0a3,ID gap fill from NEEDS_REVIEW. Fill label; keep NEEDS_REVIEW if unsure.,id_gap_fill
id_ss_01242,Sangat bagus aku hanya duduk.,id,spamshield_indonesian_v1,NEEDS_REVIEW,NEEDS_REVIEW,id_nr_open,,,40db35d8fd45,ID gap fill from NEEDS_REVIEW. Fill label; keep NEEDS_REVIEW if unsure.,id_gap_fill
id_ss_01243,Txt CHAT ke 86688 150p/MsgrcvdHG/Suite342/2Lands/Row/W1J6HL LDN 18 yrs,id,spamshield_indonesian_v1,NEEDS_REVIEW,NEEDS_REVIEW,id_nr_open,,,e31cd488595f,ID gap fill from NEEDS_REVIEW. Fill label; keep NEEDS_REVIEW if unsure.,id_gap_fill
id_ss_01244,Ini adalah salah satu masalah tetapi California baik-baik saja. tidak ada salju sehingga dapat dikendalikan,id,spamshield_indonesian_v1,NEEDS_REVIEW,NEEDS_REVIEW,id_nr_open,,,cd249f86bc7e,ID gap fill from NEEDS_REVIEW. Fill label; keep NEEDS_REVIEW if unsure.,id_gap_fill
id_ss_01246,LMAO di mana memori ikan Anda ketika saya memerlukannya?,id,spamshield_indonesian_v1,NEEDS_REVIEW,NEEDS_REVIEW,id_nr_open,,,2563af9dbfdd,ID gap fill from NEEDS_REVIEW. Fill label; keep NEEDS_REVIEW if unsure.,id_gap_fill
id_ss_01247,"Dapat apa yang dibutuhkan 2 untuk berpartisipasi di WRC Rally di Oz? Anda bisa dengan Lucozade Energy! teks RALLY LE ke 61200 (25p), lihat paket atau lucozade.co.uk/wrc & itcould menjadi u!",id,spamshield_indonesian_v1,NEEDS_REVIEW,NEEDS_REVIEW,id_nr_open,,,338718db5a7c,ID gap fill from NEEDS_REVIEW. Fill label; keep NEEDS_REVIEW if unsure.,id_gap_fill
id_ss_01248,"“Hei ini jika aku tidak tahu jika kamu sedang bekerja, tetapi hubungi aku jika kamu bisa masuk ke rumah selamanya.”",id,spamshield_indonesian_v1,NEEDS_REVIEW,NEEDS_REVIEW,id_nr_open,,,30b9c9c1d3c9,ID gap fill from NEEDS_REVIEW. Fill label; keep NEEDS_REVIEW if unsure.,id_gap_fill
id_ss_01251,"Putri, saya suka membuat cinta &lt;#&gt; kali per malam. harap ini bukan masalah!",id,spamshield_indonesian_v1,NEEDS_REVIEW,NEEDS_REVIEW,id_nr_open,,,36f99ab090d4,ID gap fill from NEEDS_REVIEW. Fill label; keep NEEDS_REVIEW if unsure.,id_gap_fill
id_ss_01252,"Maafkan saya, saya akan menghubungi Anda nanti. saya akan bertemu Sir.",id,spamshield_indonesian_v1,NEEDS_REVIEW,NEEDS_REVIEW,id_nr_open,,,938831f24437,ID gap fill from NEEDS_REVIEW. Fill label; keep NEEDS_REVIEW if unsure.,id_gap_fill
id_ss_01254,Saya mungkin akan sampai esok (atau bahkan lebih lambat malam ini jika sesuatu terjadi),id,spamshield_indonesian_v1,NEEDS_REVIEW,NEEDS_REVIEW,id_nr_open,,,3e03bd513bff,ID gap fill from NEEDS_REVIEW. Fill label; keep NEEDS_REVIEW if unsure.,id_gap_fill
id_ss_01255,2p per menit untuk menelepon Jerman 08448350055 dari garis BT Anda. Hanya 2p per menit Periksa PlanetTalkInstant.com untuk info & T's & C's.,id,spamshield_indonesian_v1,NEEDS_REVIEW,NEEDS_REVIEW,id_nr_open,,,5d44ee5d5221,ID gap fill from NEEDS_REVIEW. Fill label; keep NEEDS_REVIEW if unsure.,id_gap_fill
id_ss_01257,Untuk istirahat belanja yang paling mengejutkan dari 45 per orang; hubungi 0121 2025050 atau kunjungi www.shortbreaks.org.uk,id,spamshield_indonesian_v1,NEEDS_REVIEW,NEEDS_REVIEW,id_nr_open,,,668b9b7e84af,ID gap fill from NEEDS_REVIEW. Fill label; keep NEEDS_REVIEW if unsure.,id_gap_fill
id_ss_01258,Cashbin.co.uk ( Dapatkan banyak uang tunai pada akhir pekan ini!) www.cashbin.co.uk Dear Selamat datang pada akhir pekan Kami telah mendapatkan yang terbesar dan terbaik uang tunai yang pernah diberikan!!,id,spamshield_indonesian_v1,NEEDS_REVIEW,NEEDS_REVIEW,id_nr_open,,,c47ffc095198,ID gap fill from NEEDS_REVIEW. Fill label; keep NEEDS_REVIEW if unsure.,id_gap_fill
id_ss_01260,Apa rasa sakit pada air kencing apa-apa lagi?,id,spamshield_indonesian_v1,NEEDS_REVIEW,NEEDS_REVIEW,id_nr_open,,,603c234de73a,ID gap fill from NEEDS_REVIEW. Fill label; keep NEEDS_REVIEW if unsure.,id_gap_fill
id_ss_01262,"Oh, mereka tidak menonton film malam ini jadi saya akan mencoba b pulang lebih awal ...",id,spamshield_indonesian_v1,NEEDS_REVIEW,NEEDS_REVIEW,id_nr_open,,,13c3e0a04e74,ID gap fill from NEEDS_REVIEW. Fill label; keep NEEDS_REVIEW if unsure.,id_gap_fill
id_ss_01263,Anda juga membawa galileo atau dobby,id,spamshield_indonesian_v1,NEEDS_REVIEW,NEEDS_REVIEW,id_nr_open,,,a64b39673151,ID gap fill from NEEDS_REVIEW. Fill label; keep NEEDS_REVIEW if unsure.,id_gap_fill
id_ss_01264,Untuk kelas hari tidak ada kelas.,id,spamshield_indonesian_v1,NEEDS_REVIEW,NEEDS_REVIEW,id_nr_open,,,395a33efc2c2,ID gap fill from NEEDS_REVIEW. Fill label; keep NEEDS_REVIEW if unsure.,id_gap_fill
id_ss_01266,Anda memiliki 1 pesan baru. silakan hubungi 08718738034.,id,spamshield_indonesian_v1,NEEDS_REVIEW,NEEDS_REVIEW,id_nr_open,,,2579b0dfb270,ID gap fill from NEEDS_REVIEW. Fill label; keep NEEDS_REVIEW if unsure.,id_gap_fill
id_ss_01267,"K, masuk akal, btw carlos menjadi sulit sehingga Anda akan merokok saat saya pergi mengambil batch kedua dan mendapatkan gas",id,spamshield_indonesian_v1,NEEDS_REVIEW,NEEDS_REVIEW,id_nr_open,,,ef243bdf64f0,ID gap fill from NEEDS_REVIEW. Fill label; keep NEEDS_REVIEW if unsure.,id_gap_fill
id_ss_01268,Tentu saja ! jangan mengejek saya ... Anda tahu saya hanya harus melihat ! *grins* ... Tinggalkan saya posting prey saya ... *mencintai senyum* *mencintai ciuman*,id,spamshield_indonesian_v1,NEEDS_REVIEW,NEEDS_REVIEW,id_nr_open,,,ece2f58c7006,ID gap fill from NEEDS_REVIEW. Fill label; keep NEEDS_REVIEW if unsure.,id_gap_fill
id_ss_01269,"TheMob>Hit link untuk mendapatkan premium Pink Panther game, baru No. 1 dari Sugababes, animasi Zebra gila atau badass Hoody wallpaper-all 4 FREE!",id,spamshield_indonesian_v1,NEEDS_REVIEW,NEEDS_REVIEW,id_nr_open,,,d7ebc3d8dfe5,ID gap fill from NEEDS_REVIEW. Fill label; keep NEEDS_REVIEW if unsure.,id_gap_fill
id_yudi_00026,"Ayo kawal pemanfaatan subsidi BBM & Kompensasi bagi yang berhak! Pengaduan, ketik BBM (spasi) isi pesan. Kirim 1708",id,yudiwbs_id_sms_spam_v1,NEEDS_REVIEW,NEEDS_REVIEW,id_nr_open,,,2e8959c0ad8c,ID gap fill from NEEDS_REVIEW. Fill label; keep NEEDS_REVIEW if unsure.,id_gap_fill
id_yudi_00056,"Dear Customer, Kindly values your experience at Telkomsel Service, score between 1(very poor) to 5 (excellent), send SMS to 1166 (FREE) (for int'l charged)",id,yudiwbs_id_sms_spam_v1,NEEDS_REVIEW,NEEDS_REVIEW,id_nr_open,,,fe26739a4c90,ID gap fill from NEEDS_REVIEW. Fill label; keep NEEDS_REVIEW if unsure.,id_gap_fill
id_yudi_00086,"Hayu dateng, mumpung ada ustad Fatih karim,beliau yg mengislamkan ustad Felix siaw",id,yudiwbs_id_sms_spam_v1,NEEDS_REVIEW,NEEDS_REVIEW,id_nr_open,,,6a6f1ed38026,ID gap fill from NEEDS_REVIEW. Fill label; keep NEEDS_REVIEW if unsure.,id_gap_fill
id_yudi_00251,"Ass, mengenai rumah dan tanah yg kemarin, sy sdah survei, sy mrasa cocok, untuk nego harga hubungi atau sms suami saya, pak. haji. dermawan; 085796022225.",id,yudiwbs_id_sms_spam_v1,NEEDS_REVIEW,NEEDS_REVIEW,id_nr_open,,,f4a02d6e60e8,ID gap fill from NEEDS_REVIEW. Fill label; keep NEEDS_REVIEW if unsure.,id_gap_fill
id_yudi_00252,"Ass, Sy Randy. Mengenai mobil yg sdh sy liat kondisi'y , kebetulan kami berminat. Mohon hub Bapa sy utk dibicarakan hrg netnya; Dr.H.DARMAWAN 0812xxxxxxx",id,yudiwbs_id_sms_spam_v1,NEEDS_REVIEW,NEEDS_REVIEW,id_nr_open,,,9f3ffc181cf0,ID gap fill from NEEDS_REVIEW. Fill label; keep NEEDS_REVIEW if unsure.,id_gap_fill
id_yudi_00253,"Ass,maaf sy WAHYU.mengenai Mobil bpk yg mau di jual sy sudah lihat dan cocok, Untuk nego hrg silahkan Hub saudara sy di 081219550857 dgn pak JUSMAN SAFEI (TP)",id,yudiwbs_id_sms_spam_v1,NEEDS_REVIEW,NEEDS_REVIEW,id_nr_open,,,ab9a987f0c16,ID gap fill from NEEDS_REVIEW. Fill label; keep NEEDS_REVIEW if unsure.,id_gap_fill
id_yudi_00254,Ass. Maaf sy by hj.suri yang kemarin survey rumah anda. Mengenai harga bisa hub suami saya H. SIGIT tlp 081316005639.terima kasih,id,yudiwbs_id_sms_spam_v1,NEEDS_REVIEW,NEEDS_REVIEW,id_nr_open,,,2e9e60803ecd,ID gap fill from NEEDS_REVIEW. Fill label; keep NEEDS_REVIEW if unsure.,id_gap_fill
id_yudi_00263,"Bella bingung bang mau nulis apa, daripada aq nulis panjang2 tapi serba salah, mending langsung ngobrol di tlpn aja deh bang ini no telp aq 0809-100-xxxx :)",id,yudiwbs_id_sms_spam_v1,NEEDS_REVIEW,NEEDS_REVIEW,id_nr_open,,,99b4d307327a,ID gap fill from NEEDS_REVIEW. Fill label; keep NEEDS_REVIEW if unsure.,id_gap_fill
id_yudi_00295,Guntur ingin berhubungan di Facebook:http://fb.com/l.1lnzH4p0lCM7ruG Balas ¡°stop¡± unruk berhenti menerima sms Facebook.,id,yudiwbs_id_sms_spam_v1,NEEDS_REVIEW,NEEDS_REVIEW,id_nr_open,,,4ab53b6f8242,ID gap fill from NEEDS_REVIEW. Fill label; keep NEEDS_REVIEW if unsure.,id_gap_fill
id_yudi_00353,"Maaf saya Bu Nur, tanah yang di tanjung api-api saya sudah lihat dan sudah cocok, untuk masalah harga tolong hubungi suami saya aja, pak H.SULAIMAN di no hp. 08xxxxxx, karena kebetulan saya ada acara.Tks",id,yudiwbs_id_sms_spam_v1,NEEDS_REVIEW,NEEDS_REVIEW,id_nr_open,,,72decf7d1c6e,ID gap fill from NEEDS_REVIEW. Fill label; keep NEEDS_REVIEW if unsure.,id_gap_fill
id_yudi_00357,"Maaf? Cuma ingatkan soal kontrakan kalau mau diteruskan/bayar, Harap ke Bpk Chandra, No: 082374910777, Soalnya sys dh kuasakan sepenuhnya. Maaf Cuma sms",id,yudiwbs_id_sms_spam_v1,NEEDS_REVIEW,NEEDS_REVIEW,id_nr_open,,,da243cbdd99e,ID gap fill from NEEDS_REVIEW. Fill label; keep NEEDS_REVIEW if unsure.,id_gap_fill
id_yudi_00358,"Maaf¡­! saya bu RATNA meganai RUMAH saya Sudah liat, soalnya saya lagi di bandara silahkan hubungi suami saya H. ARIF ISKANDAR,SE hp:081218844557 trims.",id,yudiwbs_id_sms_spam_v1,NEEDS_REVIEW,NEEDS_REVIEW,id_nr_open,,,6e1fef3bba04,ID gap fill from NEEDS_REVIEW. Fill label; keep NEEDS_REVIEW if unsure.,id_gap_fill
id_yudi_00368,meganai Ruma bpk/ibu yg mau di jual sd di surpai dan sy berminat sy tlpn tdk bisa tembus masalah harga hub suami sy 085399700354 Dr.H.IRAWAN,id,yudiwbs_id_sms_spam_v1,NEEDS_REVIEW,NEEDS_REVIEW,id_nr_open,,,d86f86fd1d62,ID gap fill from NEEDS_REVIEW. Fill label; keep NEEDS_REVIEW if unsure.,id_gap_fill
id_yudi_00371,"Mengenai Rumah Bpk/Ibu yg mau di jual sdh di survey dan sy berminat,sy telpon tdk bisa tembus. masalah hrg hub suami sy. 0823-7390-1777 Dr.H.IRAWAN",id,yudiwbs_id_sms_spam_v1,NEEDS_REVIEW,NEEDS_REVIEW,id_nr_open,,,7bee2dee374b,ID gap fill from NEEDS_REVIEW. Fill label; keep NEEDS_REVIEW if unsure.,id_gap_fill
id_yudi_00372,"Mengenai Uang kontrakan kalau Masih Mau Di terusin Harap ke bpk, Suyono, Nomor Hp: 082127377377, Soalnya shd sya kuasakan Penuh ke dia, Maaf Cuma sms",id,yudiwbs_id_sms_spam_v1,NEEDS_REVIEW,NEEDS_REVIEW,id_nr_open,,,7df7bdf0bef3,ID gap fill from NEEDS_REVIEW. Fill label; keep NEEDS_REVIEW if unsure.,id_gap_fill
id_yudi_00457,"PT. Pertamina persero menerima karyawan(i) Lulusan SMK, D1,D2,D3,S1&S2 kirim lamaran,CV,Ijazah,photo4x6 & notip ke email: pertaminareckrutment@ymail.com",id,yudiwbs_id_sms_spam_v1,NEEDS_REVIEW,NEEDS_REVIEW,id_nr_open,,,7b302b39d01f,ID gap fill from NEEDS_REVIEW. Fill label; keep NEEDS_REVIEW if unsure.,id_gap_fill
id_yudi_00466,"RUMAH&TANAH yg mau di jual,sy IBU AYU sdh SURVEI dan berminat u/membeli Mslh hrg Mhn hub suami saya 085282157222 Dr.HJ.SOPIAN",id,yudiwbs_id_sms_spam_v1,NEEDS_REVIEW,NEEDS_REVIEW,id_nr_open,,,982583e3cfa7,ID gap fill from NEEDS_REVIEW. Fill label; keep NEEDS_REVIEW if unsure.,id_gap_fill
id_yudi_00469,"Sayang belikn aq pulsa di nmr ini, 085215126428, nanti aq yg telp km, ini aq pake hp tmn, skrg yacc!",id,yudiwbs_id_sms_spam_v1,NEEDS_REVIEW,NEEDS_REVIEW,id_nr_open,,,27587d196c99,ID gap fill from NEEDS_REVIEW. Fill label; keep NEEDS_REVIEW if unsure.,id_gap_fill
id_yudi_00471,"Sebelum di bayar /di transfer harap hubungi dulu atasan saya,bpk ARDIANSAH no tlp;081563257257 soalnya ada perubahan pembayaran .",id,yudiwbs_id_sms_spam_v1,NEEDS_REVIEW,NEEDS_REVIEW,id_nr_open,,,efbcc0a7cedb,ID gap fill from NEEDS_REVIEW. Fill label; keep NEEDS_REVIEW if unsure.,id_gap_fill
id_yudi_00496,"Seminar ke Denpasar Bali mewakili kemahasiswaan & kewirausahaan dapat biaya transport Rp 10 juta. Nomor Peserta 100/semnas/9997175/dikti/2011. Direktur Kemahasiswaan DIKTI Prof. Dr. Joko Purwanto, M.Si. Hubungi 081281108799 Wahyudin Zarkasi. No. referensi PTX:001/3591/0100/1572/503",id,yudiwbs_id_sms_spam_v1,NEEDS_REVIEW,NEEDS_REVIEW,id_nr_open,,,377095b1def8,ID gap fill from NEEDS_REVIEW. Fill label; keep NEEDS_REVIEW if unsure.,id_gap_fill
id_yudi_00531,"Sy Dr. Hj FATIMA sdh cocok mengenai Rumah dan Tanah Bpk/Ibu, tlg jgn ditawarkan lg ke yg lain. Soal Hrg negosiasi ke suami sy di 082375833300 Dr. H. HENDRA IRAWAN",id,yudiwbs_id_sms_spam_v1,NEEDS_REVIEW,NEEDS_REVIEW,id_nr_open,,,0cbbb83050f8,ID gap fill from NEEDS_REVIEW. Fill label; keep NEEDS_REVIEW if unsure.,id_gap_fill
id_yudi_00532,"Sy Dr.Rimbawan(Dirmawa IPB)Yth,Jajang Roni Aunul Kholik(NIM:E14090090)Di minta Hbngi Skrng Prof.Dr.Ir.Yonny Koesmaryono,MS.0819882923.Di Tunjuk Hadir Seminar Pengembangan Karakter Mahasiswa Dari Dikti Tgl 14/15 April di Htl Nusa Dua Bali,Trims.",id,yudiwbs_id_sms_spam_v1,NEEDS_REVIEW,NEEDS_REVIEW,id_nr_open,,,5056a76be2c3,ID gap fill from NEEDS_REVIEW. Fill label; keep NEEDS_REVIEW if unsure.,id_gap_fill
id_yudi_00534,"sy RUDY dri MALAYSIA Brencana investasikan uang sy Sbagai bekal hidup di indo,sy butuh org yg bisa sy percayakan uang sy RM 5jt,bila Bsedia,sms di 085256144059",id,yudiwbs_id_sms_spam_v1,NEEDS_REVIEW,NEEDS_REVIEW,id_nr_open,,,550dcd8a730e,ID gap fill from NEEDS_REVIEW. Fill label; keep NEEDS_REVIEW if unsure.,id_gap_fill
id_yudi_00535,Terima kasih telah melakukan isi ulang di sunny15.Trx Sukses sbsar 10.000 SN:1790103904.BYR PLNTELKOM BISA.Kami tnggu kedatangan Anda kembali,id,yudiwbs_id_sms_spam_v1,NEEDS_REVIEW,NEEDS_REVIEW,id_nr_open,,,8a577a088498,ID gap fill from NEEDS_REVIEW. Fill label; keep NEEDS_REVIEW if unsure.,id_gap_fill
id_yudi_00536,Terima kasih telah melakukan pengisian di counter kami WAR PUL CELL. Info: kami Melayani pembayaran tagihan PLN,id,yudiwbs_id_sms_spam_v1,NEEDS_REVIEW,NEEDS_REVIEW,id_nr_open,,,84e04e8f98a9,ID gap fill from NEEDS_REVIEW. Fill label; keep NEEDS_REVIEW if unsure.,id_gap_fill
