id,text,language,source,orig_label,suggested_label,suggest_reason,label,annotator,template_group,notes
id_ss_pilot_0000,"Selamat pagi, ada yang sakit kepala. :)",id,spamshield_indonesian_v1,ham:normal,NEEDS_REVIEW,orig-ham-chat-or-unclear,,,f545edf8372f,may-include-mt-uci-style
id_ss_pilot_0001,"URGENT!: Nomor ponsel Anda telah dianugerahkan Bonus Caller Prize £2,000 pada 02/09/03! ini adalah percobaan kedua kami untuk menghubungi Anda! panggilan 0871-872-9755 BOX95QU",id,spamshield_indonesian_v1,spam:spam,NEEDS_REVIEW,orig-spam-unclear,,,cfaff5f98ece,may-include-mt-uci-style
id_ss_pilot_0002,"WIN: Kami memiliki pemenang!T. Foley memenangkan iPod!Penghargaan lebih menarik tidak lama lagi, jadi perhatikan ur mobile atau kunjungi www.win-82050.co.uk",id,spamshield_indonesian_v1,spam:spam,FRAUD,id-fraud-keywords,,,9a9f01493515,may-include-mt-uci-style
id_ss_pilot_0003,Itu bagus. saya suka foto-foto Anda. Anda sangat seksi!,id,spamshield_indonesian_v1,ham:normal,HARASS,id-harass-keywords,,,f468947d5d51,may-include-mt-uci-style
id_ss_pilot_0004,Dapat membantu anda swop dengan mengambil anda dari mana pun ur burung lain r bertemu jika anda inginkan.,id,spamshield_indonesian_v1,ham:normal,NEEDS_REVIEW,orig-ham-chat-or-unclear,,,39ef36d87a78,may-include-mt-uci-style
id_ss_pilot_0005,BIG BROTHER ALERT! komputer telah memilih u untuk uang tunai 10k atau #150 voucher. panggilan 09064018838. NTT PO Box CRO1327 18+ BT Landline Harga 150ppm ponsel bervariasi,id,spamshield_indonesian_v1,spam:spam,AD,id-promo-keywords,,,d66ec912af9f,may-include-mt-uci-style
id_ss_pilot_0006,Gratis masuk ke perhitungan mingguan kami £ 250 hanya mengirimkan kata WIN ke 80086 NOW. 18 T&C www.txttowin.co.uk,id,spamshield_indonesian_v1,spam:spam,AD,id-promo-keywords,,,29cfbc41105e,may-include-mt-uci-style
id_ss_pilot_0007,Anda adalah pemenang yang telah dipilih khusus untuk menerima uang tunai £1000 atau hadiah £2000. Bercakap dengan operator langsung untuk menuntut panggilan 087147123779am-7pm.,id,spamshield_indonesian_v1,spam:spam,FRAUD,id-fraud-keywords,,,bc8124e936f2,may-include-mt-uci-style
id_ss_pilot_0008,Bday real adalah pada bulan April.,id,spamshield_indonesian_v1,ham:normal,NEEDS_REVIEW,orig-ham-chat-or-unclear,,,5739b1fc7783,may-include-mt-uci-style
id_ss_pilot_0009,Ucapan tahniah yang dianugerahkan baik untuk penawaran CD dari Virgin Records atau untuk Misteri Hadiah GARANTI Panggilan 09061104283 Ts&Cs www.smsco.net £1.50pm sekitar 3min,id,spamshield_indonesian_v1,spam:spam,FRAUD,id-fraud-keywords,,,c654d3b5e4d5,may-include-mt-uci-style
id_ss_pilot_0010,"09066362231 URGENT! nomor ponsel Anda 07xxxxxxxxx memenangkan hadiah panggilan bonus £2,000 pada 02/06/03! ini adalah percobaan kedua untuk mencapai YOU! hubungi 09066362231 ASAP!",id,spamshield_indonesian_v1,spam:spam,FRAUD,id-fraud-keywords,,,3837e460f35e,may-include-mt-uci-style
id_ss_pilot_0011,"Apa yang akan kita lakukan di kamar mandi, sayang?",id,spamshield_indonesian_v1,ham:normal,NEEDS_REVIEW,orig-ham-chat-or-unclear,,,ee25e768ca19,may-include-mt-uci-style
id_ss_pilot_0012,Hi' Test pada &lt;#&gt; rd ....,id,spamshield_indonesian_v1,ham:normal,NEEDS_REVIEW,orig-ham-chat-or-unclear,,,a8f20898ae39,may-include-mt-uci-style
id_ss_pilot_0013,<Dilencongkan dari 88877>Pendaftaran GRATIS ke £ 250 per minggu kami hanya mengirimkan kata ENTER ke 88877 NOW. 18 T&C www.textcomp.com,id,spamshield_indonesian_v1,spam:spam,AD,id-promo-keywords,,,a43827a6f93c,may-include-mt-uci-style
id_ss_pilot_0014,4mths setengah harga Orange line rental & terbaru kamera telepon 4 FREE. Apakah ponsel Anda 11mths+? hubungi MobilesDirect gratis di 08000938767 untuk update sekarang! or2stoptxt T&Cs,id,spamshield_indonesian_v1,spam:spam,AD,id-promo-keywords,,,bffa46f870b3,may-include-mt-uci-style
id_ss_pilot_0015,"Hi ini Amy, kami akan mengirimkan Anda nomor telepon gratis dalam beberapa hari, yang akan memberi Anda akses ke semua partai dewasa...",id,spamshield_indonesian_v1,spam:spam,AD,id-promo-keywords,,,6a6d623ee49d,may-include-mt-uci-style
id_ss_pilot_0016,Gratis untuk 1st minggu! No1 Nokia tone 4 ur mob setiap minggu hanya txt NOKIA ke 8007 Dapatkan txting dan tell ur mates www.getzed.co.uk POBox 36504 W45WQ norm150p/tone 16+,id,spamshield_indonesian_v1,spam:spam,AD,id-promo-keywords,,,e911f10c817c,may-include-mt-uci-style
id_ss_pilot_0017,Urgent! kami mencoba untuk menghubungi U Todays draw menunjukkan bahwa Anda telah memenangkan £ 800 hadiah dijamin. panggilan 09050000460 dari garis tanah. tuntutan J89. po kotak245c2150pm,id,spamshield_indonesian_v1,spam:spam,FRAUD,id-fraud-keywords,,,bebc83561382,may-include-mt-uci-style
id_ss_pilot_0018,Gratis untuk 1st minggu! No1 Nokia tone 4 ur mob setiap minggu hanya txt NOKIA ke 87077 Dapatkan txting dan tell ur mates. zed POBox 36504 W45WQ norma150p/tone 16+,id,spamshield_indonesian_v1,spam:spam,AD,id-promo-keywords,,,e911f10c817c,may-include-mt-uci-style
id_ss_pilot_0019,"Nombor Todays Voda berakhir dengan 7634 dipilih untuk menerima hadiah £ 350. Jika Anda memiliki pertandingan, silakan hubungi 08712300220 mengutip kode tuntutan 7684 tingkat standar berlaku.",id,spamshield_indonesian_v1,spam:spam,FRAUD,id-fraud-keywords,,,86c19f0fd095,may-include-mt-uci-style
id_ss_pilot_0020,"Hack Chat. Dapatkan backdoor masuk ke 121 kamar chat pada bagian dari biaya. Jawab NEO69 atau hubungi 09050280520, untuk berlangganan 25p pm. DPS, kotak Bcm 8027 Ldn, wc1n3xx",id,spamshield_indonesian_v1,spam:spam,AD,id-promo-keywords,,,e2a0415123d5,may-include-mt-uci-style
id_ss_pilot_0021,Beritahu Rob untuk Mack Gfnya di Teater,id,spamshield_indonesian_v1,ham:normal,NEEDS_REVIEW,orig-ham-chat-or-unclear,,,8ece220e9cf9,may-include-mt-uci-style
id_ss_pilot_0022,Huh? 6 juga tidak bisa? kemudian hanya berapa banyak kesalahan?,id,spamshield_indonesian_v1,ham:normal,NEEDS_REVIEW,orig-ham-chat-or-unclear,,,bfd4156d6dae,may-include-mt-uci-style
id_ss_pilot_0023,"Double Mins & 1000 txts pada tarif Orange. terbaru Motorola, SonyEricsson & Nokia dengan Bluetooth GRATIS! hubungi MobileUpd8 di 08000839402 atau call2optout/HF8",id,spamshield_indonesian_v1,spam:spam,AD,id-promo-keywords,,,3b5ef8880482,may-include-mt-uci-style
id_ss_pilot_0024,Sunshine Quiz Wkly Q! memenangkan pemain DVD Sony teratas jika Anda tahu negara mana Liverpool bermain di pertengahan minggu ini? Txt ansr hingga £ 1.50 SP:Tyrone,id,spamshield_indonesian_v1,spam:spam,FRAUD,id-fraud-keywords,,,dc89a1f4a5e1,may-include-mt-uci-style
id_ss_pilot_0025,10 menit kemudian k...,id,spamshield_indonesian_v1,ham:normal,NEEDS_REVIEW,orig-ham-chat-or-unclear,,,cfed8eeb73bb,may-include-mt-uci-style
id_ss_pilot_0026,"Last Chance! Claim ur £150 nilai voucher diskon hari ini! Text SHOP ke 85023 sekarang! SavaMob, menawarkan mobile! T Cs SavaMob POBOX84, M263UZ. £3.00 Sub. 16",id,spamshield_indonesian_v1,spam:spam,AD,id-promo-keywords,,,46d832990c3e,may-include-mt-uci-style
id_ss_pilot_0027,* PERCUMA* POLYPHONIC RINGTONE TEXT SUPER untuk 87131 untuk mendapatkan PERCUMA POLY TONE minggu ini sekarang! 16 SN PoBox202 NR31 7ZS langganan 450pw,id,spamshield_indonesian_v1,spam:spam,NEEDS_REVIEW,orig-spam-unclear,,,6b28583dbcac,may-include-mt-uci-style
id_ss_pilot_0028,Telefon kamera gratis dengan sewa garis Half Price untuk 12 mths dan 500 cross ntwk mins 100 txts. Call MobileUpd8 08001950382 atau Call2OptOut/674&,id,spamshield_indonesian_v1,spam:spam,AD,id-promo-keywords,,,e1f8ef6a826e,may-include-mt-uci-style
id_ss_pilot_0029,"Saya tidak pernah melihat facebook saya, ya?",id,spamshield_indonesian_v1,ham:normal,NEEDS_REVIEW,orig-ham-chat-or-unclear,,,ba6d5fde0982,may-include-mt-uci-style
id_ss_pilot_0030,Sayang Anda telah diundang ke XCHAT. ini adalah percobaan terakhir kami untuk menghubungi Anda! Txt CHAT ke 86688,id,spamshield_indonesian_v1,spam:spam,NEEDS_REVIEW,orig-spam-unclear,,,278987be739b,may-include-mt-uci-style
id_ss_pilot_0031,di mana @,id,spamshield_indonesian_v1,ham:normal,NEEDS_REVIEW,orig-ham-chat-or-unclear,,,07f5fbd3dcc5,may-include-mt-uci-style
id_ss_pilot_0032,"FreeMsg Mengapa Anda tidak menjawab teks saya? saya Randy, seksi, female dan hidup lokal. Luv untuk mendengar dari u. Netcollex Ltd 08700621170150p per msg reply Hentikan untuk berakhir",id,spamshield_indonesian_v1,spam:spam,HARASS,id-harass-keywords,,,518e1ff83848,may-include-mt-uci-style
id_ss_pilot_0033,Bergabunglah dengan layanan Dogging terhebat di Inggris dan Anda dapat berhubungan seks 2nite!. Hanya mendaftar dan ikuti petunjuk. Txt ENTRY ke 69888 sekarang! Nyt.EC2A.3LP.msg@150p,id,spamshield_indonesian_v1,spam:spam,HARASS,id-harass-keywords,,,17f6dab66467,may-include-mt-uci-style
id_ss_pilot_0034,URGENT Kami mencoba untuk menghubungi Anda pada akhir pekan yang lalu menunjukkan bahwa Anda telah memenangkan hadiah £ 1000 GARANTI Panggilan 09064017295 Kode tuntutan K52 Sah 12hrs 150p pm,id,spamshield_indonesian_v1,spam:spam,FRAUD,id-fraud-keywords,,,5d00e373b5de,may-include-mt-uci-style
id_ss_pilot_0035,"Urgent! draw akhir pekan lalu menunjukkan bahwa Anda telah memenangkan £ 1000 tunai atau liburan Spanyol! CALL NOW 09050000332 untuk menuntut. T&C: RSTM, SW7 3SS. 150ppm",id,spamshield_indonesian_v1,spam:spam,FRAUD,id-fraud-keywords,,,c9a709be2d97,may-include-mt-uci-style
id_ss_pilot_0036,Anda dapat menderma £ 2.50 ke dana dukungan tsunami Asia UNICEF dengan mengetikkan DONATE ke 864233. £ 2.50 akan ditambahkan ke rekening berikutnya Anda,id,spamshield_indonesian_v1,spam:spam,FRAUD,id-fraud-keywords,,,36518662e28b,may-include-mt-uci-style
id_ss_pilot_0037,Gratis msg: Single? Temukan mitra di daerah Anda! 1000 orang nyata sedang menunggu untuk berbual sekarang!Hantar CHAT ke 62220Cncl Hantar STOPCS 08717890890£1.50 per msg,id,spamshield_indonesian_v1,spam:spam,AD,id-promo-keywords,,,a8ea6836c7fa,may-include-mt-uci-style
id_ss_pilot_0038,Marvel Mobile Mainkan game resmi Ultimate Spider-Man (£4.50) di ur mobile sekarang. teks SPIDER ke 83338 untuk permainan & kami akan mengirimkan Anda wallpaper gratis 8Ball,id,spamshield_indonesian_v1,spam:spam,AD,id-promo-keywords,,,db5c94853b32,may-include-mt-uci-style
id_ss_pilot_0039,"Congrats! 1 tahun pas film khusus untuk 2 adalah milikmu. hubungi 09061209465 sekarang! C Suprman V, Matrix3, StarWars3, dll semua 4 GRATIS! bx420-ip4-5we. 150pm. Jangan lewatkan!",id,spamshield_indonesian_v1,spam:spam,AD,id-promo-keywords,,,5306024e3046,may-include-mt-uci-style
id_ss_pilot_0040,Anda memiliki 1 email baru. silakan hubungi 08719181513.,id,spamshield_indonesian_v1,spam:spam,NEEDS_REVIEW,orig-spam-unclear,,,cd7c9227a8d1,may-include-mt-uci-style
id_ss_pilot_0041,Hari Valentine istimewa! memenangkan lebih dari £ 1000 dalam kuiz kami dan ambil pasangan Anda pada perjalanan seumur hidup! Hantar GO ke 83600 sekarang. 150p/msg rcvd. CustCare:08718720201,id,spamshield_indonesian_v1,spam:spam,FRAUD,id-fraud-keywords,,,82082a18356f,may-include-mt-uci-style
id_ss_pilot_0042,Apakah Anda ingin telepon video baru? 600 kapan saja jaringan mins 400 Inclusive Video calls AND downloads 5 per minggu Gratis delTOMORROW call 08002888812 atau jawab NOW,id,spamshield_indonesian_v1,spam:spam,AD,id-promo-keywords,,,d5120824eb46,may-include-mt-uci-style
id_ss_pilot_0043,"Anda telah memenangkan 1 minggu keanggotaan GRATIS di £ 100,000 Prize Jackpot kami! Txt kata: CLAIM ke No: 81010 T&C www.dbuk.net LCCLTD POBOX 4403LDNW1A7RW18",id,spamshield_indonesian_v1,spam:spam,FRAUD,id-fraud-keywords,,,505c8754d11f,may-include-mt-uci-style
id_ss_pilot_0044,Untuk dijual - arsenal dartboard. kondisi yang baik tetapi tidak menggandakan atau menggandakan!,id,spamshield_indonesian_v1,spam:spam,NEEDS_REVIEW,orig-spam-unclear,,,2cd3d41053a9,may-include-mt-uci-style
id_ss_pilot_0045,"Ini adalah percobaan kedua untuk kontrak U, Anda telah memenangkan hadiah tertinggi minggu ini dari £ 1000 tunai atau £ 200 hadiah.",id,spamshield_indonesian_v1,spam:spam,FRAUD,id-fraud-keywords,,,cdc8c327d8f7,may-include-mt-uci-style
id_ss_pilot_0046,Jamster! Untuk mendapatkan teks wallpaper gratis HEART ke 88888 sekarang! T&C memohon. 16 hanya. Butuh Bantuan? Hubungi 08701213186.,id,spamshield_indonesian_v1,spam:spam,AD,id-promo-keywords,,,d2bd62f4fa9c,may-include-mt-uci-style
id_ss_pilot_0047,Hahaha... gunakan otakmu sayang,id,spamshield_indonesian_v1,ham:normal,NEEDS_REVIEW,orig-ham-chat-or-unclear,,,fc55efe077ac,may-include-mt-uci-style
id_ss_pilot_0048,Summers akhirnya di sini! Fancy chat atau flirt dengan single seksi di area yr? Untuk mendapatkan MATCHED hanya jawab SUMMER sekarang. Gratis 2 Bergabung. OptOut txt STOP Help08714742804,id,spamshield_indonesian_v1,spam:spam,AD,id-promo-keywords,,,d451a165142e,may-include-mt-uci-style
id_ss_pilot_0049,"Anda 07801543489 dijamin latest Nokia Phone, pemain iPod MP3 40GB atau hadiah £ 500! Txt word:COLLECT to No:83355! TC-LLC NY-USA 150p/Mt msgrcvd18+",id,spamshield_indonesian_v1,spam:spam,FRAUD,id-fraud-keywords,,,41531461bcc3,may-include-mt-uci-style
id_ss_pilot_0050,TheMob>Yo yo yo-Here datang pilihan baru dari hot downloads untuk anggota kami untuk mendapatkan GRATIS! hanya klik & buka link berikutnya dikirim ke ur fone...,id,spamshield_indonesian_v1,spam:spam,AD,id-promo-keywords,,,5970c73235d4,may-include-mt-uci-style
id_ss_pilot_0051,"Urgent! ponsel Anda No 07xxxxxxxxx memenangkan hadiah panggilan bonus £2,000 pada 02/06/03! ini adalah percobaan kedua untuk mencapai YOU! hubungi 09066362231 ASAP! BOX97N7QP, 150PPM",id,spamshield_indonesian_v1,spam:spam,FRAUD,id-fraud-keywords,,,b115ebbe70bf,may-include-mt-uci-style
id_ss_pilot_0052,"nomor ponsel kami telah memenangkan £ 5000, untuk mengklaim menghubungi kami kembali atau menghubungi hotline klaim di 09050005321.",id,spamshield_indonesian_v1,spam:spam,FRAUD,id-fraud-keywords,,,dc5f5d854f00,may-include-mt-uci-style
id_ss_pilot_0053,Maaf saya terlepas panggilan Anda mari kita bicara ketika Anda memiliki waktu. saya di 07090201529,id,spamshield_indonesian_v1,spam:spam,NEEDS_REVIEW,orig-spam-unclear,,,bd199273be1c,may-include-mt-uci-style
id_ss_pilot_0054,"Orang-orang gay kelaparan merasa lapar dan naik 4 itu, sekarang. hubungi 08718730555 hanya 10p/min. untuk menghentikan teks hubungi 08712460324 (10p/min)",id,spamshield_indonesian_v1,spam:spam,NEEDS_REVIEW,orig-spam-unclear,,,f4ca81d1e70a,may-include-mt-uci-style
id_ss_pilot_0055,Saya jus tiba di rumah. saya pergi bathe pertama. tapi sis saya menggunakan net memberitahu u ketika dia selesai k...,id,spamshield_indonesian_v1,ham:normal,NEEDS_REVIEW,orig-ham-chat-or-unclear,,,5306fc22cc43,may-include-mt-uci-style
id_ss_pilot_0056,Teks & bertemu seseorang seksi hari ini. Anda dapat menemukan tanggal atau bahkan flirtnya sampai U. Sertai 4 hanya 10p. REPLY dengan NAME & AGE eg Sam 25. 18 -msg recd@thirtyeight pence,id,spamshield_indonesian_v1,spam:spam,HARASS,id-harass-keywords,,,4c2e5469a040,may-include-mt-uci-style
id_ss_pilot_0057,Di manakah kamu menyembunyikan orang asing?,id,spamshield_indonesian_v1,ham:normal,NEEDS_REVIEW,orig-ham-chat-or-unclear,,,c1440f52b867,may-include-mt-uci-style
id_ss_pilot_0058,Panggilan FREEFONE 08006344447 untuk menuntut hadiah tunai £ 1000 atau £ 2000 yang dijamin.,id,spamshield_indonesian_v1,spam:spam,FRAUD,id-fraud-keywords,,,c9818a858e11,may-include-mt-uci-style
id_ss_pilot_0059,"U SHOULD menerima Service Msg 2 download UR konten. jika U tidak, GoTo wap. bangb. tv di UR mobile internet/service menu",id,spamshield_indonesian_v1,spam:spam,AD,id-promo-keywords,,,9c85695c0791,may-include-mt-uci-style
id_ss_pilot_0060,Panggilan Jerman hanya untuk 1 pence per menit! Panggilan dari garis tetap melalui nomor akses 0844 861 85 85.,id,spamshield_indonesian_v1,spam:spam,NEEDS_REVIEW,orig-spam-unclear,,,78f247f6f7cd,may-include-mt-uci-style
id_ss_pilot_0061,Prabha..i'm soryda..realy..frm hati saya sory,id,spamshield_indonesian_v1,ham:normal,NEEDS_REVIEW,orig-ham-chat-or-unclear,,,ae0bc936b668,may-include-mt-uci-style
id_ss_pilot_0062,Gunakan link berikut pada PC Anda 2 menikmati pengalaman makan 2 4 1http://www.vouch4me.com/etlp/dining.asp,id,spamshield_indonesian_v1,spam:spam,NEEDS_REVIEW,orig-spam-unclear,,,34b19f92c800,may-include-mt-uci-style
id_ss_pilot_0063,Rekaman kami menunjukkan Anda mungkin berhak untuk 5000 pound dalam kompensasi untuk Kecelakaan yang Anda miliki. untuk menuntut 4 jawaban gratis dengan CLAIM untuk ini msg. 2 berhenti txt STOP,id,spamshield_indonesian_v1,spam:spam,AD,id-promo-keywords,,,6448a8bc6fc4,may-include-mt-uci-style
id_ss_pilot_0064,Tahun baru yang bahagia. bagaimana Anda di mana Anda ketika kita melihat,id,spamshield_indonesian_v1,ham:normal,NEEDS_REVIEW,orig-ham-chat-or-unclear,,,daf693e42385,may-include-mt-uci-style
id_ss_pilot_0065,Anda memiliki pengiriman Tahun Baru menanti Anda. silakan hubungi 07046744435 sekarang untuk mengatur pengiriman,id,spamshield_indonesian_v1,spam:spam,NEEDS_REVIEW,orig-spam-unclear,,,cb7ea846d785,may-include-mt-uci-style
id_ss_pilot_0066,Dorothy@kiefer.com (Bank of Granite masalah Strong-Buy) EXPLOSIVE PICK FOR OUR MEMBER *****UP OVER 300% ********* Nasdaq Simbol CDGT Itu adalah $5.00 per...,id,spamshield_indonesian_v1,spam:spam,NEEDS_REVIEW,orig-spam-unclear,,,e2cea5130551,may-include-mt-uci-style
id_ss_pilot_0067,Kami memiliki tanggal lokal baru di daerah Anda - Banyak orang baru yang terdaftar di daerah Anda. jawab tanggal untuk dimulai sekarang! 18 hanya www.flirtparty.us REPLYS150,id,spamshield_indonesian_v1,spam:spam,NEEDS_REVIEW,orig-spam-unclear,,,688a64e9afd7,may-include-mt-uci-style
id_ss_pilot_0068,"Anda dihubungi oleh layanan kencan kami oleh seseorang yang Anda kenal! Untuk mengetahui siapa itu, hubungi dari garis tanah 09050000878.",id,spamshield_indonesian_v1,spam:spam,NEEDS_REVIEW,orig-spam-unclear,,,e4b53897e71e,may-include-mt-uci-style
id_ss_pilot_0069,u r pemenang U ave terpilih khusus 2 menerima £ 1000 tunai atau liburan 4* (flight inc) berbicara kepada operator langsung 2 klaim 0871277810710p/min (18 ),id,spamshield_indonesian_v1,spam:spam,FRAUD,id-fraud-keywords,,,fdaba5503005,may-include-mt-uci-style
id_ss_pilot_0070,"Urgent -call 09066649731fr Landline. komplimentary 4* Ibiza Holiday atau £10,000 tunai menunggu koleksi SAE T&Cs PO BOX 434 SK3 8WP 150ppm 18+",id,spamshield_indonesian_v1,spam:spam,NEEDS_REVIEW,orig-spam-unclear,,,fad9423ff799,may-include-mt-uci-style
id_ss_pilot_0071,Dapatkan 2 Burger King sebelum 1st September dan pergi Besar atau Super dengan Coca-Cola dan berjalan keluar pemenang,id,spamshield_indonesian_v1,spam:spam,FRAUD,id-fraud-keywords,,,d2491c15e2fd,may-include-mt-uci-style
id_ss_pilot_0072,"Dear Voucher Holder, Untuk menuntut tawaran minggu ini, di PC Anda silahkan pergi ke http://www.e-tlp.co.uk/expressoffer Ts&Cs aplikasi. Untuk menghentikan teks, txt STOP ke 80062",id,spamshield_indonesian_v1,spam:spam,AD,id-promo-keywords,,,134fb2ac3da3,may-include-mt-uci-style
id_ss_pilot_0073,Bagaimana saya apa... Dia di dalam mobil sekarang... Kemudian c lar... Saya memakai seluar pendek...,id,spamshield_indonesian_v1,ham:normal,NEEDS_REVIEW,orig-ham-chat-or-unclear,,,edf2286ccca9,may-include-mt-uci-style
id_ss_pilot_0074,saya memiliki dua dari ini. baru dimulai setelah saya mengirimkan teks untuk berbicara radio olahraga minggu lalu. apa hubungannya yang Anda pikirkan atau kebetulan?,id,spamshield_indonesian_v1,spam:spam,NEEDS_REVIEW,orig-spam-unclear,,,a8f40324d946,may-include-mt-uci-style
id_ss_pilot_0075,Urgent! kami mencoba untuk menghubungi U. Todays draw menunjukkan bahwa Anda telah memenangkan £ 2000 hadiah dijamin. panggilan 09066358361 dari garis tanah. tuntutan Y87.,id,spamshield_indonesian_v1,spam:spam,FRAUD,id-fraud-keywords,,,d724b6035eec,may-include-mt-uci-style
id_ss_pilot_0076,"Ok, saya akan naik ke usf dalam waktu seperti 15 menit",id,spamshield_indonesian_v1,ham:normal,NEEDS_REVIEW,orig-ham-chat-or-unclear,,,3ea3b9484278,may-include-mt-uci-style
id_ss_pilot_0077,Kami berada di sisi yang berlawanan dari mana kami melemparkan Anda,id,spamshield_indonesian_v1,ham:normal,NEEDS_REVIEW,orig-ham-chat-or-unclear,,,343458b5404b,may-include-mt-uci-style
id_ss_pilot_0078,Layanan musik mobile baru kami sekarang hidup. pemain musik gratis akan tiba tidak lama lagi. hanya menginstal di ponsel Anda untuk menelusuri konten dari artis terkemuka.,id,spamshield_indonesian_v1,spam:spam,AD,id-promo-keywords,,,195b48e8620f,may-include-mt-uci-style
id_ss_pilot_0079,"Dia tidak bisa berdebat dengan dan dia selalu memperlakukan saya seperti anaknya, seperti dia tidak pernah melepaskan saya ... Apa yang dia lakukan dan saya akan mengingatkan dia tentang itu jika perlu",id,spamshield_indonesian_v1,ham:normal,NEEDS_REVIEW,orig-ham-chat-or-unclear,,,952b804ed2d7,may-include-mt-uci-style
id_ss_pilot_0080,"Nombor Todays Voda berakhir 5226 dipilih untuk menerima penghargaan 350. jika Anda menghabiskan pertandingan, silakan hubungi 08712300220 mengutip kode tuntutan 1131 standard rate app",id,spamshield_indonesian_v1,spam:spam,NEEDS_REVIEW,orig-spam-unclear,,,4021ba3c9dbc,may-include-mt-uci-style
id_ss_pilot_0081,Anda telah memenangkan anugerah yang dijamin 32000 atau mungkin bahkan £ 1000 tunai untuk menuntut ur anugerah panggilan gratis pada 0800 ..... (18+).,id,spamshield_indonesian_v1,spam:spam,FRAUD,id-fraud-keywords,,,f47117b59f1b,may-include-mt-uci-style
id_ss_pilot_0082,"SMS AUCTION Anda telah memenangkan Nokia 7250i. ini adalah apa yang Anda dapatkan ketika Anda memenangkan lelang GRATIS kami. Untuk berpartisipasi, kirim Nokia ke 86021 sekarang. HG/Suite342/2Lands Row/W1JHL 16+",id,spamshield_indonesian_v1,spam:spam,FRAUD,id-fraud-keywords,,,0e8f3218ce7d,may-include-mt-uci-style
id_ss_pilot_0083,Dari bulan depan mendapatkan hingga 50% lebih banyak panggilan 4 ur standar jaringan biaya 2 mengaktifkan panggilan 9061100010 C Wire3.net 1st4Terms PoBox84 M26 3UZ biaya £ 1.50 min MobcudB lebih,id,spamshield_indonesian_v1,spam:spam,AD,id-promo-keywords,,,d90170ffdbb7,may-include-mt-uci-style
id_ss_pilot_0084,"tddnewsletter@emc1.co.uk (Lebih banyak permainan dari TheDailyDraw) Dear Helen, Dozens of Free Games - dengan hadiah besarWith..",id,spamshield_indonesian_v1,spam:spam,FRAUD,id-fraud-keywords,,,0a7491fc331a,may-include-mt-uci-style
id_ss_pilot_0085,8007 GRATIS untuk 1st minggu! No1 Nokia tone 4 ur mob setiap minggu hanya txt NOKIA ke 8007 Dapatkan txting dan tell ur mates www.getzed.co.uk POBox 36504 W4 5WQ norma 150p/tone 16+,id,spamshield_indonesian_v1,spam:spam,AD,id-promo-keywords,,,68097dafb9ef,may-include-mt-uci-style
id_ss_pilot_0086,"Urgent! call 09061749602 dari Landline. komplimentary 4* Tenerife Holiday atau £10,000 tunai menunggu koleksi SAE T&Cs BOX 528 HP20 1YF 150ppm 18+",id,spamshield_indonesian_v1,spam:spam,NEEDS_REVIEW,orig-spam-unclear,,,b35c3e37833a,may-include-mt-uci-style
id_ss_pilot_0087,"Sebagai pelanggan Vodafone yang dihargai, komputer kami telah memilih Anda untuk memenangkan hadiah £ 150. Untuk mengumpulkan adalah mudah.",id,spamshield_indonesian_v1,spam:spam,FRAUD,id-fraud-keywords,,,8864f0d8e934,may-include-mt-uci-style
id_ss_pilot_0088,K.K. Bulan ini kues ulang tahun tahu?,id,spamshield_indonesian_v1,ham:normal,NEEDS_REVIEW,orig-ham-chat-or-unclear,,,b4f271ec47ea,may-include-mt-uci-style
id_ss_pilot_0089,Gratis masuk ke pertandingan mingguan kami £ 250 hanya tulis kata WIN ke 80086 NOW. 18 T&C www.txttowin.co.uk,id,spamshield_indonesian_v1,spam:spam,AD,id-promo-keywords,,,4b050d2e7349,may-include-mt-uci-style
id_ss_pilot_0090,Kami mencoba untuk menghubungi Anda kembali jawaban Anda untuk penawaran kami dari Nokia baru dan camcorder hit jawaban atau hubungi 08000930705 untuk pengiriman,id,spamshield_indonesian_v1,spam:spam,NEEDS_REVIEW,orig-spam-unclear,,,432b99813268,may-include-mt-uci-style
id_ss_pilot_0091,* Akan memiliki dua kartu lagi di luar dan sangat senang dengan rak,id,spamshield_indonesian_v1,ham:normal,NEEDS_REVIEW,orig-ham-chat-or-unclear,,,eb6e2e0d4f94,may-include-mt-uci-style
id_ss_pilot_0092,"FreeMsg Hey U, saya baru saja mendapatkan 1 dari ini video/pic telepon, jawab WILD ke ini txt & ill send U gambar saya, cepat-cepat Im begitu bosan di kerja xxx (18 150p/rcvd STOP2stop)",id,spamshield_indonesian_v1,spam:spam,NEEDS_REVIEW,orig-spam-unclear,,,59849002c4c3,may-include-mt-uci-style
id_ss_pilot_0093,"44 7732584351, Apakah Anda Ingin Telefon Berwarna Nokia 3510i Baru yang Diserahkan Esok? Dengan 300 menit gratis untuk setiap ponsel + 100 teks gratis + Gratis Camcorder jawab atau hubungi 08000930705.",id,spamshield_indonesian_v1,spam:spam,AD,id-promo-keywords,,,14be0d0c25dc,may-include-mt-uci-style
id_ss_pilot_0094,"K, tulislah pada saya ketika Anda sedang dalam perjalanan",id,spamshield_indonesian_v1,ham:normal,NEEDS_REVIEW,orig-ham-chat-or-unclear,,,4a66de253f5f,may-include-mt-uci-style
id_ss_pilot_0095,"Selamat Datang! 4* Anda Costa Del Sol Percutian atau £ 5.000 menunggu koleksi. Hubungi 09050090044 Sekarang keClaim. SAE, TCs, POBox334, Stockport, SK38xh, Harga £ 1.50/pm, Max10mins",id,spamshield_indonesian_v1,spam:spam,NEEDS_REVIEW,orig-spam-unclear,,,f713c5e57be4,may-include-mt-uci-style
id_ss_pilot_0096,Sunshine Quiz Wkly Q! Menang pemutar DVD Sony teratas jika Anda tahu negara mana Algarve berada di? Txt ansr sampai 82277. £ 1.50 SP:Tyrone,id,spamshield_indonesian_v1,spam:spam,FRAUD,id-fraud-keywords,,,5901f71ae61d,may-include-mt-uci-style
id_ss_pilot_0097,"Sppok up ur mob dengan koleksi Halloween dari Nokia logo&pic pesan ditambah FREE eerie tone, txt CARD SPOOK ke 8007",id,spamshield_indonesian_v1,spam:spam,NEEDS_REVIEW,orig-spam-unclear,,,a9ba3de802d9,may-include-mt-uci-style
id_ss_pilot_0098,**FREE MESSAGE**Terima kasih atas penggunaan Layanan Subscription Auction. 18 . 150p/MSGRCVD 2 Skip a Auction txt OUT. 2 Unsubscribe txt STOP CustomerCare 08718726270,id,spamshield_indonesian_v1,spam:spam,NEEDS_REVIEW,orig-spam-unclear,,,e47fa922afb4,may-include-mt-uci-style
id_ss_pilot_0099,"Gambar paling panas langsung ke ponsel Anda!! Lihat saya mendapatkan basah dan ingin, hanya untuk Anda xx teks PICS ke 89555 sekarang! txt biaya 150p operator teks g696ga 18 XxX",id,spamshield_indonesian_v1,spam:spam,NEEDS_REVIEW,orig-spam-unclear,,,55f88f2d3351,may-include-mt-uci-style
id_ss_pilot_0100,Tones Cool-Mob mingguan Anda siap untuk dimuat turun !Tones baru minggu ini termasuk: 1) Crazy Frog-AXEL F>>> 2) Akon-Lonely>>> 3) Black Eyed-Dont P >>>Lebih banyak info di n,id,spamshield_indonesian_v1,spam:spam,NEEDS_REVIEW,orig-spam-unclear,,,644d7530122c,may-include-mt-uci-style
id_ss_pilot_0101,Operator jaringan. layanan gratis. untuk T & C kunjungan 80488.biz,id,spamshield_indonesian_v1,spam:spam,AD,id-promo-keywords,,,f7fb187e74bd,may-include-mt-uci-style
id_ss_pilot_0102,"Jika Anda tidak, hadiah Anda akan pergi ke pelanggan lain. T&C di www.t-c.biz 18+ 150p/min Polo Ltd Suite 373 London W1J 6HL Sila hubungi kembali jika sibuk",id,spamshield_indonesian_v1,spam:spam,FRAUD,id-fraud-keywords,,,5424215a824e,may-include-mt-uci-style
id_ss_pilot_0103,"Hey Elaine, bukankah pertemuan hari ini masih berlangsung?",id,spamshield_indonesian_v1,ham:normal,NEEDS_REVIEW,orig-ham-chat-or-unclear,,,fdbc736faeca,may-include-mt-uci-style
id_ss_pilot_0104,"Fantasy Football adalah kembali di TV Anda. pergi ke Sky Gamestar di Sky Active dan memainkan £250k Dream Team. skor dimulai pada hari Sabtu, jadi daftar sekarang!SKY OPT OUT ke 88088",id,spamshield_indonesian_v1,spam:spam,NEEDS_REVIEW,orig-spam-unclear,,,d6e0fb29dd55,may-include-mt-uci-style
id_ss_pilot_0105,Tinggalkan payasam saya di sana jika rinu membawa,id,spamshield_indonesian_v1,ham:normal,NEEDS_REVIEW,orig-ham-chat-or-unclear,,,f4cf45cbcb76,may-include-mt-uci-style
id_ss_pilot_0106,Tapi pls tidak bermain dalam kehidupan orang lain.,id,spamshield_indonesian_v1,ham:normal,NEEDS_REVIEW,orig-ham-chat-or-unclear,,,c225c7bd3b24,may-include-mt-uci-style
id_ss_pilot_0107,Urgent! kami mencoba untuk menghubungi Anda. akhir pekan menarik menunjukkan bahwa Anda telah memenangkan hadiah £ 900 dijamin. panggilan 09061701851. kode tuntutan K61. sah hanya 12 jam,id,spamshield_indonesian_v1,spam:spam,FRAUD,id-fraud-keywords,,,4bde9f247fe1,may-include-mt-uci-style
id_ss_pilot_0108,FREEMSG: Rekaman kami menunjukkan bahwa Anda mungkin berhak untuk 3750 pound untuk Kecelakaan yang Anda alami. untuk menuntut jawaban gratis dengan YES untuk msg ini. untuk memilih teks STOP,id,spamshield_indonesian_v1,spam:spam,AD,id-promo-keywords,,,4d80b36515a2,may-include-mt-uci-style
id_ss_pilot_0109,Rekkon harus berada di kota sampai kedelapan untuk berjalan kaki dari * carpark.,id,spamshield_indonesian_v1,ham:normal,NEEDS_REVIEW,orig-ham-chat-or-unclear,,,f8c80f5c3892,may-include-mt-uci-style
id_ss_pilot_0110,Hari ini adalah ACCEPT DAY..U Accept me as? Brother Sister Lover Dear1 Best1 Clos1 Lvblefrnd Jstfrnd Cutefrnd Lifpartnr Belovd Swtheart Bstfrnd No rply means enemy,id,spamshield_indonesian_v1,ham:normal,NEEDS_REVIEW,orig-ham-chat-or-unclear,,,3cefa0deca12,may-include-mt-uci-style
id_ss_pilot_0111,"Anda dapat WIN £100 dari Music Gift Vouchers setiap minggu mulai NOW Txt kata DRAW ke 87066 TsCs www.ldew.com SkillGame,1Winaweek, umur16.150ppermessSubscription",id,spamshield_indonesian_v1,spam:spam,AD,id-promo-keywords,,,1ddeba9204c6,may-include-mt-uci-style
id_ss_pilot_0112,Jawab untuk memenangkan £ 100 per minggu!Di mana Piala Dunia FIFA 2006 akan diadakan?Hantar STOP ke 87239 untuk layanan akhir,id,spamshield_indonesian_v1,spam:spam,FRAUD,id-fraud-keywords,,,83a19e2148a3,may-include-mt-uci-style
id_ss_pilot_0113,Uang saya telah menang menang nomor 946 wot do i do berikutnya,id,spamshield_indonesian_v1,spam:spam,FRAUD,id-fraud-keywords,,,e5c801839bc9,may-include-mt-uci-style
id_ss_pilot_0114,Urgent! kami mencoba untuk menghubungi U. Todays draw menunjukkan bahwa Anda telah memenangkan hadiah £ 800 dijamin. hubungi 09050003091 dari garis tanah. tuntutan C52. valid12hrs hanya,id,spamshield_indonesian_v1,spam:spam,FRAUD,id-fraud-keywords,,,d724b6035eec,may-include-mt-uci-style
id_ss_pilot_0115,WINNER!! Sebagai pelanggan jaringan yang dihargai Anda telah dipilih untuk menerima hadiah hadiah £ 900! Untuk menuntut panggilan 09061701461. kode tuntutan KL341.,id,spamshield_indonesian_v1,spam:spam,FRAUD,id-fraud-keywords,,,f59109c511af,may-include-mt-uci-style
id_ss_pilot_0116,"Pernahkah Anda mendengar tentang ""Divorce Barbie"" baru? itu datang dengan semua hal Ken!",id,spamshield_indonesian_v1,spam:spam,NEEDS_REVIEW,orig-spam-unclear,,,cc463f4e6600,may-include-mt-uci-style
id_ss_pilot_0117,Tahniah ur diberikan 500 CD voucher atau 125gift dijamin & Gratis masuk 2 100 wkly draw txt MUSIC ke 87066 TnCs www.Ldew.com1win150ppmx3age16,id,spamshield_indonesian_v1,spam:spam,AD,id-promo-keywords,,,86de5bb2b8ab,may-include-mt-uci-style
id_ss_pilot_0118,Suara seperti sesuatu yang seseorang yang menguji saya akan mengatakan,id,spamshield_indonesian_v1,ham:normal,NEEDS_REVIEW,orig-ham-chat-or-unclear,,,8872f7da6f1a,may-include-mt-uci-style
id_ss_pilot_0119,Gratis 1st minggu entry 2 TEXTPOD 4 a chance 2 menang 40GB iPod atau £ 250 tunai setiap wk. Txt POD ke 84128 Ts&Cs www.textpod.net custcare 08712405020.,id,spamshield_indonesian_v1,spam:spam,FRAUD,id-fraud-keywords,,,11940d62f475,may-include-mt-uci-style
id_ss_pilot_0120,Menonton film telugu..wat abt u?,id,spamshield_indonesian_v1,ham:normal,NEEDS_REVIEW,orig-ham-chat-or-unclear,,,7c872da54a5a,may-include-mt-uci-style
id_ss_pilot_0121,"Selamat datang di UK-mobile-date ini msg adalah FREE memberikan Anda panggilan gratis di 08719839835. masa depan mgs dihitung pada 150p per hari. untuk membatalkan mengirimkan ""go stop"" ke 89123",id,spamshield_indonesian_v1,spam:spam,AD,id-promo-keywords,,,7a6e045511ab,may-include-mt-uci-style
id_ss_pilot_0122,"Txt GIRL atau BLOKE & ur NAME & AGE, eg GIRL ZOE 18 hingga 8007 untuk bergabung dan mendapatkan chatting!",id,spamshield_indonesian_v1,spam:spam,NEEDS_REVIEW,orig-spam-unclear,,,116fea875d63,may-include-mt-uci-style
id_ss_pilot_0123,Ya menonton film tapi khawatir kita akan meletakkannya - Phil Neville?,id,spamshield_indonesian_v1,ham:normal,NEEDS_REVIEW,orig-ham-chat-or-unclear,,,e4e9c54198f9,may-include-mt-uci-style
id_ss_pilot_0124,ID pengguna unik Anda adalah 1172. untuk penghapusan menghantar STOP ke 87239 layanan pelanggan 08708034412,id,spamshield_indonesian_v1,spam:spam,NEEDS_REVIEW,orig-spam-unclear,,,0e0e702f253f,may-include-mt-uci-style
id_ss_pilot_0125,1000 dari gadis-gadis banyak lokal 2 u yang r perawan 2 ini & r siap 2 4fil ur setiap kebutuhan seksual. dapat u 4fil mereka? teks CUTE ke 69911(£1.50p. m),id,spamshield_indonesian_v1,spam:spam,HARASS,id-harass-keywords,,,597e4709ea00,may-include-mt-uci-style
id_ss_pilot_0126,"FREE NOKIA atau Motorola dengan hingga 12mths 1/2price linerental, 500 FREE x-net mins&100txt/mth FREE B'toth*. hubungi Mobileupd8 di 08001950382 atau hubungi 2optout/D3WV",id,spamshield_indonesian_v1,spam:spam,NEEDS_REVIEW,orig-spam-unclear,,,305df84d1bf1,may-include-mt-uci-style
id_ss_pilot_0127,Apakah ponsel Anda 11mths ? Update untuk GRATIS ke Oranges terbaru warna kamera ponsel & panggilan akhir pekan tak terbatas. Hubungi Mobile Upd8 di freephone 08000839402 atau 2StopTxt,id,spamshield_indonesian_v1,spam:spam,AD,id-promo-keywords,,,458acb76613b,may-include-mt-uci-style
id_ss_pilot_0128,Dear Subscriber ur draw 4 £ 100 voucher hadiah akan b dimasukkan pada penerimaan tahun yang tepat. kapan hari lahir Elvis Presleys? TXT jawab 80062,id,spamshield_indonesian_v1,spam:spam,FRAUD,id-fraud-keywords,,,83ae00e42482,may-include-mt-uci-style
id_ss_pilot_0129,Kamu punya banyak tanggung jawab.,id,spamshield_indonesian_v1,ham:normal,NEEDS_REVIEW,orig-ham-chat-or-unclear,,,a7b82186ef24,may-include-mt-uci-style
id_ss_pilot_0130,"Sayang saja, hanya aku yang pulang ke rumah.",id,spamshield_indonesian_v1,ham:normal,NEEDS_REVIEW,orig-ham-chat-or-unclear,,,79b95bbf8736,may-include-mt-uci-style
id_ss_pilot_0131,Dapatkan free mobile video player free movie. untuk mengumpulkan teks GO ke 89105. gratis! film tambahan dapat dipesan t's dan c's apply. hanya 18 yrs,id,spamshield_indonesian_v1,spam:spam,AD,id-promo-keywords,,,f6874348e55f,may-include-mt-uci-style
id_ss_pilot_0132,Jawab dengan nama dan alamat Anda dan Anda akan menerima POST seminggu penginapan gratis di berbagai lokasi global www.phb1.com ph:08700435505150p,id,spamshield_indonesian_v1,spam:spam,AD,id-promo-keywords,,,f9ecb862e14b,may-include-mt-uci-style
id_ss_pilot_0133,PRIVATE! Pernyataan Akun 2003 Anda untuk 07808 XXXXXX menunjukkan 800 S. I. M. titik yang tidak dibayar. panggilan 08719899217 Kode Identifikasi: 41685 Berakhir 07/11/04,id,spamshield_indonesian_v1,spam:spam,NEEDS_REVIEW,orig-spam-unclear,,,70e9aaae6019,may-include-mt-uci-style
id_ss_pilot_0134,CD 4u: Ucapan tahniah yang dianugerahkan £ 500 dari voucher hadiah CD atau £ 125 hadiah yang dijamin & Freeentry 2 £ 100 wkly draw xt MUSIC ke 87066 TnCs www.ldew.com1win150ppmx3age16,id,spamshield_indonesian_v1,spam:spam,FRAUD,id-fraud-keywords,,,dd2ff9703b48,may-include-mt-uci-style
id_ss_pilot_0135,Semoga Anda menikmati konten baru Anda. teks berhenti di 61610 untuk tidak berlangganan. bantuan:08712400602450p Disediakan oleh tones2you.co.uk,id,spamshield_indonesian_v1,spam:spam,AD,id-promo-keywords,,,d944352b593a,may-include-mt-uci-style
id_ss_pilot_0136,Jangan lupa Anda dapat menempatkan sebanyak permintaan GRATIS dengan 1stchoice.co.uk seperti yang Anda inginkan. untuk informasi lebih lanjut hubungi 08707808226.,id,spamshield_indonesian_v1,spam:spam,AD,id-promo-keywords,,,d5becec8d111,may-include-mt-uci-style
id_ss_pilot_0137,Hmm...paman saya baru saja memberitahu saya bahwa dia membayar sekolah langsung. jadi pls membeli makanan.,id,spamshield_indonesian_v1,ham:normal,NEEDS_REVIEW,orig-ham-chat-or-unclear,,,47cd19969d1d,may-include-mt-uci-style
id_ss_pilot_0138,"SMSSERVICES. untuk kredit teks Anda termasuk, pls goto www.comuk.net login= 3qxj9 tidak berlangganan dengan STOP, tidak ada biaya tambahan. bantuan 08702840625.COMUK. 220-CM2 9AE",id,spamshield_indonesian_v1,spam:spam,AD,id-promo-keywords,,,c98842f11761,may-include-mt-uci-style
id_ss_pilot_0139,Beruntung untuk kartu ... Adakah itu waktu tahun itu sudah?,id,spamshield_indonesian_v1,ham:normal,NEEDS_REVIEW,orig-ham-chat-or-unclear,,,2500d90d6047,may-include-mt-uci-style
id_ss_pilot_0140,Gratis 1st minggu entry 2 TEXTPOD 4 a chance 2 menang 40GB iPod atau £ 250 tunai setiap wk. Txt VPOD ke 81303 Ts&Cs www.textpod.net custcare 08712405020.,id,spamshield_indonesian_v1,spam:spam,FRAUD,id-fraud-keywords,,,11940d62f475,may-include-mt-uci-style
id_ss_pilot_0141,"Tawaran hari ini! tuntutan ur £150 nilai kupon diskon! teks YES ke 85023 sekarang! SavaMob, anggota menawarkan mobile! T Cs 08717898035. £3.00 Sub. 16 . Unsub reply X",id,spamshield_indonesian_v1,spam:spam,AD,id-promo-keywords,,,887757921fde,may-include-mt-uci-style
id_ss_pilot_0142,"Satu hari kemudian, saya menyadari mengapa.",id,spamshield_indonesian_v1,ham:normal,NEEDS_REVIEW,orig-ham-chat-or-unclear,,,588ce220ea73,may-include-mt-uci-style
id_ss_pilot_0143,Saya pikir Anda memiliki nomor yang salah.,id,spamshield_indonesian_v1,ham:normal,NEEDS_REVIEW,orig-ham-chat-or-unclear,,,a4505a813175,may-include-mt-uci-style
id_ss_pilot_0144,"Congrats! 2 mobile 3G Videophones R yours. call 09061744553 sekarang! videochat wid ur mates, bermain game java, Dload polyH musik, noline rentl. bx420. ip4. 5we. 150pm",id,spamshield_indonesian_v1,spam:spam,NEEDS_REVIEW,orig-spam-unclear,,,7516784a20e3,may-include-mt-uci-style
id_ss_pilot_0145,Gr8 layanan baru - live sex video chat on your mob - lihat yang paling seksi dirtiest gadis live on ur phone - 4 detail teks horny to 89070 untuk membatalkan menghantar STOP to 89070,id,spamshield_indonesian_v1,spam:spam,HARASS,id-harass-keywords,,,a1da512b8efa,may-include-mt-uci-style
id_ss_pilot_0146,seksi seks / seks / seks / seks / seks / seks / seks / seks / seks / seks / seks / seks / seks / seks / seks / seks / seks / seks / seks / seks / seks / seks / seks / seks / seks / seks / seks / seks / seks / seks / seks / seks / seks / seks / seks / seks / seks / seks / seks / seks / seks / seks / seks / seks / seks / seks / seks / seks / seks / seks / seks / seks / seks / seks / seks / seks / seks / seks / seks / seks / seks / seks / seks / seks / seks / seks / seks / seks / seks / seks / seks / seks / seks / seks / seks / seks / seks / seks / seks / seks / seks / seks / seks / seks / seks / seks / seks / seks / seks / seks / seks / seks / seks / seks / seks / seks / seks / seks / seks,id,spamshield_indonesian_v1,spam:spam,HARASS,id-harass-keywords,,,d2ea2764389e,may-include-mt-uci-style
id_ss_pilot_0147,Dear Voucher Holder 2 mengklaim ruang tamu bandara kelas 1 Anda melewati saat menggunakan panggilan voucher liburan Anda 08704439680.,id,spamshield_indonesian_v1,spam:spam,FRAUD,id-fraud-keywords,,,00aee6940f90,may-include-mt-uci-style
id_ss_pilot_0148,Kami mencoba untuk memanggil Anda kembali jawaban Anda ke sms kami untuk video mobile 750 mins UNLIMITED TEXT + gratis camcorder Jawab panggilan 08000930705 Sekarang,id,spamshield_indonesian_v1,spam:spam,AD,id-promo-keywords,,,e2bd8087b72f,may-include-mt-uci-style
id_ss_pilot_0149,GRATIS MSG: Kami menghitung nomor ponsel Anda dengan kesalahan dari kode singkat 83332.Sila hubungi 08081263000 untuk biaya yang dikembalikan.,id,spamshield_indonesian_v1,spam:spam,AD,id-promo-keywords,,,60b627634806,may-include-mt-uci-style
id_ss_pilot_0150,Tahniah ur dianugerahkan 500 CD voucher atau 125gift dijamin & Gratis masuk 2 100 wkly draw txt MUSIC ke 87066,id,spamshield_indonesian_v1,spam:spam,AD,id-promo-keywords,,,fd7dcf0a62f3,may-include-mt-uci-style
id_ss_pilot_0151,"Selamat bermalam, semoga kamu memiliki malam yang lebih baik.",id,spamshield_indonesian_v1,ham:normal,NEEDS_REVIEW,orig-ham-chat-or-unclear,,,6e8267ff203e,may-include-mt-uci-style
id_ss_pilot_0152,"Anda dapat WIN £100 dari Music Gift Vouchers setiap minggu mulai NOW Txt kata DRAW ke 87066 TsCs www.Idew.com SkillGame, 1Winaweek, umur16. 150ppermessSubscription",id,spamshield_indonesian_v1,spam:spam,AD,id-promo-keywords,,,1ddeba9204c6,may-include-mt-uci-style
id_ss_pilot_0153,Sunshine Quiz! memenangkan rekaman DVD Sony super jika Anda memanggil ibukota Australia? teks MQUIZ ke 82277.,id,spamshield_indonesian_v1,spam:spam,FRAUD,id-fraud-keywords,,,2d22bf47abdd,may-include-mt-uci-style
id_ss_pilot_0154,Pinjaman untuk tujuan apa pun bahkan jika Anda memiliki Bad Credit! Pemegang Pinjaman Selamat Datang. hubungi NoWorriesLoans.com di 08717111821,id,spamshield_indonesian_v1,spam:spam,HARASS,id-harass-keywords,,,8efea36c564a,may-include-mt-uci-style
id_ss_pilot_0155,Hi if ur lookin 4 saucy daytime fun wiv payu dara menikah perempuan Saya gratis semua minggu depan Chat sekarang 2 jenis waktu 09099726429 JANINExx Calls£1/minMobsmoreLKPOBOX177HP51FL,id,spamshield_indonesian_v1,spam:spam,AD,id-promo-keywords,,,b56f44973fc0,may-include-mt-uci-style
id_ss_pilot_0156,Ma kepala dey bengkak oh. terima kasih untuk membuat hari saya,id,spamshield_indonesian_v1,ham:normal,NEEDS_REVIEW,orig-ham-chat-or-unclear,,,a64522d060bc,may-include-mt-uci-style
id_ss_pilot_0157,Ah poop. kelihatan seperti sakit prob harus mengirim ke laptop saya untuk mendapatkan fixed cuz itu memiliki masalah gpu,id,spamshield_indonesian_v1,ham:normal,NEEDS_REVIEW,orig-ham-chat-or-unclear,,,7687511dfe00,may-include-mt-uci-style
id_ss_pilot_0158,UR menganugerahkan City Break dan bisa memenangkan £200 setiap WK. Txt STORE sampai 88039 . SkilGme. TsCs087147403231Winawk!Age16 £1.50perWKsub,id,spamshield_indonesian_v1,spam:spam,FRAUD,id-fraud-keywords,,,a1a438bec8c6,may-include-mt-uci-style
id_ss_pilot_0159,Urgent! kami mencoba untuk menghubungi U. Todays draw menunjukkan bahwa Anda telah memenangkan hadiah £2000 GARANTI. panggilan 09058094507 dari garis tanah. tuntutan 3030.,id,spamshield_indonesian_v1,spam:spam,FRAUD,id-fraud-keywords,,,d724b6035eec,may-include-mt-uci-style
id_ss_pilot_0160,"Saya ingin beberapa kue! hubby saya pergi, saya perlu seorang pria sejati 2 memuaskan saya. Txt WIFE ke 89938 untuk tidak ada tindakan string. (Txt STOP 2 akhir, txt rec £1.50ea. OTBox 731 LA1 7WS. )",id,spamshield_indonesian_v1,spam:spam,NEEDS_REVIEW,orig-spam-unclear,,,fe27146f2338,may-include-mt-uci-style
id_ss_pilot_0161,"Tahniah!Terima kasih kepada teman baik Anda memiliki WON hadiah £2,000 Xmas. 2 tuntutan mudah, hanya hubungi 08718726978 NOW! Hanya 10p per menit.",id,spamshield_indonesian_v1,spam:spam,FRAUD,id-fraud-keywords,,,3438229674bf,may-include-mt-uci-style
id_ss_pilot_0162,"Orange membawa Anda ringtones dari semua waktu Chart Heroes, dengan hit gratis setiap minggu! pergi ke Ringtones & Pics pada wap.",id,spamshield_indonesian_v1,spam:spam,AD,id-promo-keywords,,,8894eeae3bb7,may-include-mt-uci-style
id_ss_pilot_0163,Aku mungkin akan berada di sekitarmu banyak,id,spamshield_indonesian_v1,ham:normal,NEEDS_REVIEW,orig-ham-chat-or-unclear,,,584e69c8f0f0,may-include-mt-uci-style
id_ss_pilot_0164,LOL yang akan menjadi payback yang luar biasa.,id,spamshield_indonesian_v1,ham:normal,NEEDS_REVIEW,orig-ham-chat-or-unclear,,,fb4d4d6e5103,may-include-mt-uci-style
id_ss_pilot_0165,Saya harus mengikuti peperiksaan pada tanggal 3 Maret.,id,spamshield_indonesian_v1,ham:normal,NEEDS_REVIEW,orig-ham-chat-or-unclear,,,ad229ac44e18,may-include-mt-uci-style
id_ss_pilot_0166,Tone Club: Subs Anda sudah habis 2 re-sub reply MONOC 4 monos atau POLYC 4 polys 1 mingguan @ 150p per minggu Txt STOP 2 stop ini msg free Stream 0871212025016,id,spamshield_indonesian_v1,spam:spam,NEEDS_REVIEW,orig-spam-unclear,,,00d3a8b04e08,may-include-mt-uci-style
id_ss_pilot_0167,"Untuk ur kesempatan untuk menang £ 250 wkly belanja spree TXT: SHOP ke 80878. www.txt-2-shop.com custcare 08715705022, 1x150p/wk",id,spamshield_indonesian_v1,spam:spam,FRAUD,id-fraud-keywords,,,8fbcce55dd06,may-include-mt-uci-style
id_ss_pilot_0168,"Selamat datang ke Select, layanan O2 dengan manfaat tambahan. Anda sekarang dapat memanggil penasihat kami yang terlatih GRATIS dari ponsel Anda dengan menghubungi 402.",id,spamshield_indonesian_v1,spam:spam,AD,id-promo-keywords,,,cd539a261e98,may-include-mt-uci-style
id_ss_pilot_0169,Pesan ini gratis. selamat datang ke baru & diperbaiki Sex & Dogging club! untuk tidak berlangganan dari layanan ini jawab STOP. msgs@150p 18+hanya,id,spamshield_indonesian_v1,spam:spam,AD,id-promo-keywords,,,dd5f6fdcdc37,may-include-mt-uci-style
id_ss_pilot_0170,New TEXTBUDDY Chat 2 horny guys di ur area 4 hanya 25p Gratis 2 menerima Search postcode atau di gaytextbuddy.com. TXT ONE nama ke 89693,id,spamshield_indonesian_v1,spam:spam,AD,id-promo-keywords,,,1d8f0e107078,may-include-mt-uci-style
id_ss_pilot_0171,"Ya, itu bagus! itu £ 6 untuk masuk, itu ok?",id,spamshield_indonesian_v1,ham:normal,NEEDS_REVIEW,orig-ham-chat-or-unclear,,,1fe4e8f31f4d,may-include-mt-uci-style
id_ss_pilot_0172,Urgent! kami mencoba untuk menghubungi Anda. akhir pekan menarik menunjukkan bahwa Anda telah memenangkan hadiah £ 900 dijamin. panggilan 09061701939. kode tuntutan S89.,id,spamshield_indonesian_v1,spam:spam,FRAUD,id-fraud-keywords,,,4bde9f247fe1,may-include-mt-uci-style
id_ss_pilot_0173,Boltblue ton untuk 150p Jawab POLY# atau MONO# eg POLY3 1. Cha Cha Slide 2. ya 3. lambat Jamz 6. beracun 8. datang dengan saya atau berhenti 4 ton lagi txt MORE,id,spamshield_indonesian_v1,spam:spam,NEEDS_REVIEW,orig-spam-unclear,,,4e72f309baba,may-include-mt-uci-style
id_ss_pilot_0174,Pernah berpikir tentang menjalani kehidupan yang baik dengan pasangan yang sempurna? hanya txt kembali NAME dan AGE untuk bergabung dengan komunitas mobile. (100p/SMS),id,spamshield_indonesian_v1,spam:spam,NEEDS_REVIEW,orig-spam-unclear,,,8740f4173b8f,may-include-mt-uci-style
id_ss_pilot_0175,Untuk kelas hari tidak ada kelas.,id,spamshield_indonesian_v1,ham:normal,NEEDS_REVIEW,orig-ham-chat-or-unclear,,,395a33efc2c2,may-include-mt-uci-style
id_ss_pilot_0176,"Get 100's of filthy films &XXX pictures on yr phone now. rply FILTH to 69669. Saristar Ltd, E14 9YT 08701752560. 450p per 5 hari. Stop2 membatalkan",id,spamshield_indonesian_v1,spam:spam,NEEDS_REVIEW,orig-spam-unclear,,,ee9cf5bf7158,may-include-mt-uci-style
id_ss_pilot_0177,Aku ingin melihat gadis cantikmu...,id,spamshield_indonesian_v1,ham:normal,HARASS,id-harass-keywords,,,7d67090e412f,may-include-mt-uci-style
id_ss_pilot_0178,Cashbin.co.uk ( Dapatkan banyak uang tunai pada akhir pekan ini!) www.cashbin.co.uk Dear Selamat datang pada akhir pekan Kami telah mendapatkan yang terbesar dan terbaik uang tunai yang pernah diberikan!!,id,spamshield_indonesian_v1,spam:spam,NEEDS_REVIEW,orig-spam-unclear,,,c47ffc095198,may-include-mt-uci-style
id_ss_pilot_0179,"Double mins dan txts 4 6 bulan GRATIS Bluetooth di Orange. tersedia di Sony, Nokia Motorola telepon. hubungi MobileUpd8 di 08000839402 atau call2optout/N9DX",id,spamshield_indonesian_v1,spam:spam,AD,id-promo-keywords,,,6cc7646a2a20,may-include-mt-uci-style
id_ss_pilot_0180,Terima kasih. mengisi saya dengan ketenangan dan kepastian penuh!,id,spamshield_indonesian_v1,ham:normal,NEEDS_REVIEW,orig-ham-chat-or-unclear,,,f2021b921e08,may-include-mt-uci-style
id_ss_pilot_0181,Apakah ponsel Anda 11mths+? Anda berhak untuk mengemas kini ke ponsel kamera warna terbaru untuk Gratis! Hubungi Mobile Update Co FREE di 08002986906,id,spamshield_indonesian_v1,spam:spam,AD,id-promo-keywords,,,847a974d1262,may-include-mt-uci-style
id_ss_pilot_0182,Ingin 2 mendapatkan ditempatkan malam ini? Ingin lokasi Dogging nyata dikirim langsung 2 jam Mob? Bergabunglah dengan jaringan Dogging terbesar di Inggris dengan mengetikkan MOAN ke 69888Nyt. ec2a. 31p.msg@150p,id,spamshield_indonesian_v1,spam:spam,NEEDS_REVIEW,orig-spam-unclear,,,07c39ee757c5,may-include-mt-uci-style
id_ss_pilot_0183,"u r berlangganan 2 TEXTCOMP 250 wkly comp. 1st wk?s pertanyaan gratis diikuti, berikutnya wks charged@150p/msg.2 unsubscribe txt STOP 2 84128,custcare 08712405020",id,spamshield_indonesian_v1,spam:spam,AD,id-promo-keywords,,,091dafc6048d,may-include-mt-uci-style
id_ss_pilot_0184,"Anda telah memenangkan Nokia 6230 ditambah kamera digital gratis. ini adalah apa yang Anda dapatkan ketika Anda memenangkan lelang GRATIS kami. Untuk berpartisipasi, kirim NOKIA ke 83383 sekarang. POBOX114/14TCR/W1 16",id,spamshield_indonesian_v1,spam:spam,FRAUD,id-fraud-keywords,,,7d68ccf52f73,may-include-mt-uci-style
id_ss_pilot_0185,"Okies... saya akan pergi yan jiu juga... kita bisa melompat ard oso, go cine den go mrt one, blah blah blah blah...",id,spamshield_indonesian_v1,ham:normal,NEEDS_REVIEW,orig-ham-chat-or-unclear,,,4a82f7d5d4d2,may-include-mt-uci-style
id_ss_pilot_0186,Apa yang penting adalah bahwa Anda mencegah dehidrasi dengan memberinya cukup cairan,id,spamshield_indonesian_v1,ham:normal,NEEDS_REVIEW,orig-ham-chat-or-unclear,,,a0afc51cce90,may-include-mt-uci-style
id_ss_pilot_0187,Ingin handset video terbaru? 750 kapan saja apa-apa rangkaian mins? sewa garis harga setengah? jawab atau hubungi 08000930705 untuk pengiriman esok,id,spamshield_indonesian_v1,spam:spam,NEEDS_REVIEW,orig-spam-unclear,,,b4088c38b72f,may-include-mt-uci-style
id_ss_pilot_0188,Apakah kertas ur dalam e morn atau aft tmr?,id,spamshield_indonesian_v1,ham:normal,NEEDS_REVIEW,orig-ham-chat-or-unclear,,,fd8654cf29c4,may-include-mt-uci-style
id_ss_pilot_0189,"Ini adalah kali kedua kami mencoba untuk menghubungi U. Anda telah memenangkan hadiah £ 400. 2 tuntutan mudah, hanya hubungi 087104711148 NOW! Hanya 10p per menit.",id,spamshield_indonesian_v1,spam:spam,FRAUD,id-fraud-keywords,,,13c641e851b9,may-include-mt-uci-style
id_ss_pilot_0190,Squeeeeeze!! ini adalah perayaan Natal.. jika anda suka saya frndshp den membungkus saya kembali.. jika anda mendapatkan 3 u r cute:) 6 u r luvd:* 9 u r so lucky;) Tidak ada? orang membenci anda:,id,spamshield_indonesian_v1,ham:normal,NEEDS_REVIEW,orig-ham-chat-or-unclear,,,287b73c31307,may-include-mt-uci-style
id_ss_pilot_0191,"Oh ya, saya bisa berbicara txt 2 u tidak!Hmm, apakah Anda menerima email?",id,spamshield_indonesian_v1,ham:normal,NEEDS_REVIEW,orig-ham-chat-or-unclear,,,8d5cf10bb8aa,may-include-mt-uci-style
id_ss_pilot_0192,Terima kasih atas langganan Anda ke Ringtone UK ponsel Anda akan dikenakan biaya £ 5/bulan Sila konfirmasi dengan menanggapi YA atau NO. Jika Anda menjawab NO Anda tidak akan dikenakan biaya,id,spamshield_indonesian_v1,spam:spam,FRAUD,id-fraud-keywords,,,4a55800af01c,may-include-mt-uci-style
id_ss_pilot_0193,Panggilan FREEPHONE 0800 542 0578 sekarang!,id,spamshield_indonesian_v1,spam:spam,NEEDS_REVIEW,orig-spam-unclear,,,a138df5768a0,may-include-mt-uci-style
id_ss_pilot_0194,"Free Msg: mendapatkan Gnarls Barkleys ""Crazy"" ringtone TOTALLY FREE hanya jawab GO ke pesan ini sekarang!",id,spamshield_indonesian_v1,spam:spam,NEEDS_REVIEW,orig-spam-unclear,,,0547bb7d8e6b,may-include-mt-uci-style
id_ss_pilot_0195,Pergi ke Gandhipuram dan berjalan untuk menyeberangi jalan yang dipotong. &lt;#&gt; jalan di sebelah kanan dan berbalik di sebelah kanan pertama.,id,spamshield_indonesian_v1,ham:normal,NEEDS_REVIEW,orig-ham-chat-or-unclear,,,3db536782e71,may-include-mt-uci-style
id_ss_pilot_0196,Check mail.i telah mengirimkan varma dan menyimpan salinan kepada Anda tentang membership.take care.insha allah.,id,spamshield_indonesian_v1,ham:normal,NEEDS_REVIEW,orig-ham-chat-or-unclear,,,aff3a6e372c8,may-include-mt-uci-style
id_ss_pilot_0197,Ringtone Club: Gr8 polys baru langsung ke ponsel Anda setiap minggu !,id,spamshield_indonesian_v1,spam:spam,NEEDS_REVIEW,orig-spam-unclear,,,93858bade7ca,may-include-mt-uci-style
id_ss_pilot_0198,Anda adalah pemenang U telah dipilih khusus 2 menerima £ 1000 tunai atau liburan 4* (flight inc) berbicara kepada operator langsung 2 klaim 0871277810810,id,spamshield_indonesian_v1,spam:spam,FRAUD,id-fraud-keywords,,,13cb4f8542b6,may-include-mt-uci-style
id_ss_pilot_0199,Ini adalah percobaan kedua kami untuk menghubungi U. Hadiah £ 900 Anda dari YESTERDAY masih menunggu pengumpulan. untuk menuntut CALL NOW 09061702893,id,spamshield_indonesian_v1,spam:spam,FRAUD,id-fraud-keywords,,,42518d38e6f7,may-include-mt-uci-style
id_ss_pilot_0200,Apakah B akan pulang ke rumah?,id,spamshield_indonesian_v1,ham:normal,NEEDS_REVIEW,orig-ham-chat-or-unclear,,,b70ccbd63d3c,may-include-mt-uci-style
id_ss_pilot_0201,Ingin seks eksplisit dalam 30 detik? ring 02073162414 sekarang! biaya 20p/min,id,spamshield_indonesian_v1,spam:spam,HARASS,id-harass-keywords,,,313dd7d30bb5,may-include-mt-uci-style
id_ss_pilot_0202,Urgent Sila hubungi 09066612661 dari landline. £5000 tunai atau mewah 4* Canary Islands Holiday menunggu koleksi. T&Cs SAE award. 20M12AQ. 150ppm. 16+ “,id,spamshield_indonesian_v1,spam:spam,NEEDS_REVIEW,orig-spam-unclear,,,7393c23a004b,may-include-mt-uci-style
id_ss_pilot_0203,"Dear Voucher Holder, Untuk menuntut tawaran minggu ini, di PC Anda silahkan pergi ke http://www.wtlp.co.uk/text.",id,spamshield_indonesian_v1,spam:spam,AD,id-promo-keywords,,,134fb2ac3da3,may-include-mt-uci-style
id_ss_pilot_0204,"Ini bagus, kita bisa bertahan sedikit waktu. mendapatkan lebih banyak waktu tidak lama lagi?",id,spamshield_indonesian_v1,ham:normal,NEEDS_REVIEW,orig-ham-chat-or-unclear,,,4d35134c0558,may-include-mt-uci-style
id_ss_pilot_0205,Anda berlangganan untuk layanan konten mobile terbaik di Inggris untuk £ 3 per sepuluh hari sampai Anda menghantar STOP ke 83435.,id,spamshield_indonesian_v1,spam:spam,AD,id-promo-keywords,,,428e60b24444,may-include-mt-uci-style
id_ss_pilot_0206,Ur cash-balance saat ini 500 pound - untuk memaksimalkan ur cash-in sekarang mengirim GO ke 86688 hanya 150p/msg. CC 08718720201 HG/Suite342/2Lands Row/W1J6HL,id,spamshield_indonesian_v1,spam:spam,NEEDS_REVIEW,orig-spam-unclear,,,69f91dc9c9b8,may-include-mt-uci-style
id_ss_pilot_0207,Anda 500 pesan teks gratis adalah sah sampai 31 Desember 2005.,id,spamshield_indonesian_v1,spam:spam,AD,id-promo-keywords,,,f78f5062f775,may-include-mt-uci-style
id_ss_pilot_0208,Dapatkan taman Anda siap untuk musim panas dengan pilihan gratis dari kacang musim panas dan biji-bijian bernilai £ 33:50 hanya dengan The Scotsman pada hari Sabtu ini.,id,spamshield_indonesian_v1,spam:spam,AD,id-promo-keywords,,,85748047eaf7,may-include-mt-uci-style
id_ss_pilot_0209,Urgent! nomor ponsel Anda telah dianugerahkan dengan hadiah £ 2000 GARANTI. panggilan 09058094454 dari garis tanah. tuntutan 3030.,id,spamshield_indonesian_v1,spam:spam,FRAUD,id-fraud-keywords,,,ce054eeb7b8e,may-include-mt-uci-style
id_ss_pilot_0210,"Gratis masuk ke gr8prizes wkly comp 4 kesempatan untuk memenangkan terbaru Nokia 8800, PSP atau £ 250 tunai setiap wk.TXT GREAT ke 80878 http//www.gr8prizes.com 08715705022",id,spamshield_indonesian_v1,spam:spam,FRAUD,id-fraud-keywords,,,eb7b28641625,may-include-mt-uci-style
id_ss_pilot_0211,Hello-/@drivby-:0quit edrunk sorry iff pthis membuat no senrd-dnot no how ^ dancce 2 drum n basq!ihave fun 2nhite x ros xxxxxxx,id,spamshield_indonesian_v1,ham:normal,NEEDS_REVIEW,orig-ham-chat-or-unclear,,,2a0d60cf1ea1,may-include-mt-uci-style
id_ss_pilot_0212,Kami tidak pergi lagi. ok lor kemudian kami pergi ke tempat lain n makan. U thk...,id,spamshield_indonesian_v1,ham:normal,NEEDS_REVIEW,orig-ham-chat-or-unclear,,,3326013ca488,may-include-mt-uci-style
id_ss_pilot_0213,"Saya bertemu Anda sebagai orang asing dan memilih Anda sebagai teman saya.Selagi dunia berdiri, persahabatan kita tidak pernah berakhir.Biarkan Anda menjadi teman selamanya!!!",id,spamshield_indonesian_v1,ham:normal,NEEDS_REVIEW,orig-ham-chat-or-unclear,,,7f0727fbc2da,may-include-mt-uci-style
id_ss_pilot_0214,Saya harus membayar sewa. jadi saya harus pergi ke bank untuk membenarkan pembayaran.,id,spamshield_indonesian_v1,ham:normal,HARASS,id-harass-keywords,,,1a27dba20f3b,may-include-mt-uci-style
id_ss_pilot_0215,"Tahniah! terima kasih kepada teman baik Anda memiliki WON hadiah £2,000 Xmas. 2 tuntutan mudah, hanya hubungi 08718726971 NOW! hanya 10p per menit.",id,spamshield_indonesian_v1,spam:spam,FRAUD,id-fraud-keywords,,,ed4319eefb72,may-include-mt-uci-style
id_ss_pilot_0216,"XXXMobileMovieClub: Untuk menggunakan kredit Anda, klik link WAP di pesan txt berikutnya atau klik di sini>> http://wap. xxxmobilemovieclub.com?n=QJKGIGHJJGCBL",id,spamshield_indonesian_v1,spam:spam,FRAUD,id-fraud-keywords,,,fba9fcf0bb6b,may-include-mt-uci-style
id_ss_pilot_0217,CALL 09090900040 & LISTEN TO EXTREME DIRTY LIVE CHAT GOING ON IN THE OFFICE RIGHT NOW TOTAL PRIVACY NO ONE KNOW YOUR [sic] LISTENING 60P MIN 24/7MP 0870753331018+,id,spamshield_indonesian_v1,spam:spam,NEEDS_REVIEW,orig-spam-unclear,,,4fb5d8ca7e2f,may-include-mt-uci-style
id_ss_pilot_0218,Apakah jalan di mana akhir perpustakaan berjalan?,id,spamshield_indonesian_v1,ham:normal,NEEDS_REVIEW,orig-ham-chat-or-unclear,,,bae69ed58167,may-include-mt-uci-style
id_ss_pilot_0219,Saya berpikir itu semua melalui,id,spamshield_indonesian_v1,ham:normal,NEEDS_REVIEW,orig-ham-chat-or-unclear,,,6a376c6e32e5,may-include-mt-uci-style
id_ss_pilot_0220,Anda telah menerima konten mobile Anda. nikmati,id,spamshield_indonesian_v1,spam:spam,NEEDS_REVIEW,orig-spam-unclear,,,66b3457a01cb,may-include-mt-uci-style
id_ss_pilot_0221,Hi I'm sue. saya 20 tahun dan bekerja sebagai lapdancer. saya suka seks. teks saya hidup - saya i kamar tidur saya sekarang. teks SUE ke 89555. oleh TextOperator G2 1DA 150ppmsg 18+,id,spamshield_indonesian_v1,spam:spam,HARASS,id-harass-keywords,,,602464b615ce,may-include-mt-uci-style
id_ss_pilot_0222,Anda memiliki Secret Admirer yang sedang mencari 2 menghubungi U-menemukan siapa mereka R*reveal yang berpikir UR begitu khusus-call pada 09065171142-stopsms-08,id,spamshield_indonesian_v1,spam:spam,NEEDS_REVIEW,orig-spam-unclear,,,df34893195b5,may-include-mt-uci-style
id_ss_pilot_0223,Masih ada sedikit yang tersisa jika Anda ingin malam ini.,id,spamshield_indonesian_v1,ham:normal,NEEDS_REVIEW,orig-ham-chat-or-unclear,,,d27bc8294ab6,may-include-mt-uci-style
id_ss_pilot_0224,Hanya kamu yang memanggilnya adalah seseorang dengan nomor seperti milikmu!,id,spamshield_indonesian_v1,ham:normal,NEEDS_REVIEW,orig-ham-chat-or-unclear,,,1a9ba08c1e63,may-include-mt-uci-style
id_ss_pilot_0225,Apakah ponsel Anda 11 bulan atau lebih? U R berhak untuk Update ke ponsel berwarna terbaru dengan kamera gratis! hubungi Mobile Update Co FREE di 08002986030,id,spamshield_indonesian_v1,spam:spam,AD,id-promo-keywords,,,2c5e7fd201bc,may-include-mt-uci-style
id_ss_pilot_0226,di rumah di jalan,id,spamshield_indonesian_v1,ham:normal,NEEDS_REVIEW,orig-ham-chat-or-unclear,,,e1b64be266f1,may-include-mt-uci-style
id_ss_pilot_0227,Saya tidak tahu mengapa dia tidak menerima pesan Anda,id,spamshield_indonesian_v1,ham:normal,NEEDS_REVIEW,orig-ham-chat-or-unclear,,,095b05e14af4,may-include-mt-uci-style
id_ss_pilot_0228,Aku akan menyumbangkan setiap saat yang kita habiskan bersama.,id,spamshield_indonesian_v1,ham:normal,NEEDS_REVIEW,orig-ham-chat-or-unclear,,,dd8e028a32e7,may-include-mt-uci-style
id_ss_pilot_0229,Saya tahu tapi Anda perlu mendapatkan hotel sekarang. saya baru saja mendapatkan jemputan saya tapi saya harus minta maaf. Cali sangat manis bagi saya untuk datang ke majlis pernikahan beberapa blok Inggris,id,spamshield_indonesian_v1,ham:normal,NEEDS_REVIEW,orig-ham-chat-or-unclear,,,2e722f61ac3a,may-include-mt-uci-style
id_ss_pilot_0230,Komputer kami secara tidak sengaja mengambil Anda dari pelanggan mobile kami yang setia untuk menerima hadiah £ 400.,id,spamshield_indonesian_v1,spam:spam,FRAUD,id-fraud-keywords,,,99cd243e64f2,may-include-mt-uci-style
id_ss_pilot_0231,"Nombor Vodafone hari ini berakhir dengan 4882 dipilih untuk menerima hadiah £ 350. Jika nomor Anda bertanding, hubungi 09064019014 untuk menerima hadiah £ 350 Anda.",id,spamshield_indonesian_v1,spam:spam,FRAUD,id-fraud-keywords,,,1be679415ff9,may-include-mt-uci-style
id_ss_pilot_0232,Terima kasih untuk suara. sekarang menyanyi bersama bintang-bintang dengan Karaoke di ponsel Anda. untuk link GRATIS hanya jawab dengan SING sekarang.,id,spamshield_indonesian_v1,spam:spam,AD,id-promo-keywords,,,7eabaea8f45a,may-include-mt-uci-style
id_ss_pilot_0233,"Anda telah memenangkan ?1,000 tunai atau ?2,000 hadiah! untuk menuntut, hubungi09050000327",id,spamshield_indonesian_v1,spam:spam,FRAUD,id-fraud-keywords,,,5f735d0eb77a,may-include-mt-uci-style
id_ss_pilot_0234,"Mila, usia23, berambut pirang, baru di Inggris. saya melihat seks dengan pria di Inggris. jika Anda suka bersenang-senang dengan saya. teks MTALK ke 69866.18 . 30pp/txt 1st 5free. £ 1.50 kenaikan. Help08718728876",id,spamshield_indonesian_v1,spam:spam,HARASS,id-harass-keywords,,,b23e93e3618a,may-include-mt-uci-style
id_ss_pilot_0235,Lebih mudah dengan dia di sini.,id,spamshield_indonesian_v1,ham:normal,NEEDS_REVIEW,orig-ham-chat-or-unclear,,,3989c4aabd2c,may-include-mt-uci-style
id_ss_pilot_0236,Temukan akhir pekan Valentine Anda ke Paris Inc Flight & Hotel + £200 Hadiah dijamin! Teks: Paris ke No: 69101. www.rtf.sphosting.com,id,spamshield_indonesian_v1,spam:spam,FRAUD,id-fraud-keywords,,,26fa2917950a,may-include-mt-uci-style
id_ss_pilot_0237,"Anda dihubungi oleh Layanan Kencan kami oleh seseorang yang Anda kenal! Untuk mengetahui siapa itu, hubungi dari ponsel Anda atau landline 09064017305 PoBox75LDNS7",id,spamshield_indonesian_v1,spam:spam,NEEDS_REVIEW,orig-spam-unclear,,,5e85a79b3b27,may-include-mt-uci-style
id_ss_pilot_0238,Tahniah ur dianugerahkan £500 dari CD hadiah voucher & Gratis entri 2 kami £100 mingguan dicetak TXT MUSIC ke 87066 TnCs www.Ldew.com1win150ppmx3age16,id,spamshield_indonesian_v1,spam:spam,FRAUD,id-fraud-keywords,,,86899c1f077f,may-include-mt-uci-style
id_ss_pilot_0239,Tones Gratis Harap Anda menikmati konten baru Anda. teks berhenti di 61610 untuk tidak berlangganan. bantuan:08712400602450p Disediakan oleh tones2you.co.uk,id,spamshield_indonesian_v1,spam:spam,AD,id-promo-keywords,,,dca1da4e1fc8,may-include-mt-uci-style
id_ss_pilot_0240,Ur HMV Quiz cash-balance saat ini £ 500 - untuk memaksimalkan ur cash-in sekarang mengirimkan HMV1 ke 86688 hanya 150p/msg,id,spamshield_indonesian_v1,spam:spam,NEEDS_REVIEW,orig-spam-unclear,,,dadb36196706,may-include-mt-uci-style
id_ss_pilot_0241,"atau dijamin Nokia Phone terbaru, pemutar iPod MP3 40GB atau hadiah £ 500! Txt word: COLLECT to No: 83355! IBHltd LdnW15H 150p/Mtmsgrcvd18",id,spamshield_indonesian_v1,spam:spam,FRAUD,id-fraud-keywords,,,50cdb9e8badc,may-include-mt-uci-style
id_ss_pilot_0242,"Apakah ponsel Anda 10 mths? Update ke terbaru Kamera/Video telepon untuk GRATIS. KEEP UR SAME NUMBER, Dapatkan tambahan gratis mins/text.",id,spamshield_indonesian_v1,spam:spam,AD,id-promo-keywords,,,402eb1f7633a,may-include-mt-uci-style
id_ss_pilot_0243,"FREE2DAY seksi St George's Day pic of Jordan!Txt PIC ke 89080 jangan lewatkan, kemudian setiap wk a saucy celeb!4 lebih banyak gambar c PocketBabe.co.uk 0870241182716 £3/jam",id,spamshield_indonesian_v1,spam:spam,HARASS,id-harass-keywords,,,a63eecc755d3,may-include-mt-uci-style
id_ss_pilot_0244,Jadi apa yang kamu lakukan hari ini?,id,spamshield_indonesian_v1,ham:normal,NEEDS_REVIEW,orig-ham-chat-or-unclear,,,1294af55644f,may-include-mt-uci-style
id_ss_pilot_0245,"UpgrdCentre Orange pelanggan, Anda sekarang dapat menuntut pembaruan FREE CAMERA PHONE untuk loyalitas Anda. hubungi sekarang di 0207 153 9153. tawaran berakhir pada 26 Juli. T&C memohon.",id,spamshield_indonesian_v1,spam:spam,NEEDS_REVIEW,orig-spam-unclear,,,cb12b09f56c3,may-include-mt-uci-style
id_ss_pilot_0246,83039 62735=£450 UK Break AccommodationVouchers terma dan ketentuan berlaku. 2 tuntutan Anda harus memberikan nomor tuntutan Anda yang 15541,id,spamshield_indonesian_v1,spam:spam,AD,id-promo-keywords,,,25aea01c4ef8,may-include-mt-uci-style
id_ss_pilot_0247,Saya suka rumah baru Anda,id,spamshield_indonesian_v1,ham:normal,NEEDS_REVIEW,orig-ham-chat-or-unclear,,,fb5aa454fcd6,may-include-mt-uci-style
id_ss_pilot_0248,FREE>Ringtone! jawab REAL atau POLY eg REAL1 1. PushButton 2. DontCha 3. BabyGoodbye 4. GoldDigger 5. WeBeBurnin 1st tone FREE dan 6 lagi ketika Anda bergabung untuk £3/wk,id,spamshield_indonesian_v1,spam:spam,NEEDS_REVIEW,orig-spam-unclear,,,bff90e98d067,may-include-mt-uci-style
id_ss_pilot_0249,Tahniah U dapat menuntut 2 baris VIP A Tiket 2 C Blu di konser pada bulan November atau Blu hadiah dijamin Panggilan 09061104276 untuk menuntut TS&Cs www.smsco.net biaya £3.75max,id,spamshield_indonesian_v1,spam:spam,FRAUD,id-fraud-keywords,,,1adfeee1da20,may-include-mt-uci-style
id_ss_pilot_0250,"Terima kasih untuk pesanan ringtone Anda, nomor referensi X29. ponsel Anda akan diisi 4.50. Jika nada Anda tidak tiba, silakan hubungi layanan pelanggan 09065989180",id,spamshield_indonesian_v1,spam:spam,NEEDS_REVIEW,orig-spam-unclear,,,762af2817410,may-include-mt-uci-style
id_ss_pilot_0251,Anda memiliki WON uang tunai yang dijamin £1000 atau hadiah £2000. Untuk menuntut hadiah yr hubungi perwakilan layanan pelanggan kami di 08714712412 antara 10am-7pm Biaya 10p,id,spamshield_indonesian_v1,spam:spam,FRAUD,id-fraud-keywords,,,0dd9bca810a6,may-include-mt-uci-style
id_ss_pilot_0252,Apakah Anda ingin 750 kapan saja setiap jaringan kurang dari 150 teks dan telepon video baru untuk hanya lima pound per minggu hubungi 08000776320 sekarang atau jawab untuk pengiriman Esok,id,spamshield_indonesian_v1,spam:spam,NEEDS_REVIEW,orig-spam-unclear,,,74edb9803a7b,may-include-mt-uci-style
id_ss_pilot_0253,"Untuk 1 bulan akses gratis ke permainan, berita dan olahraga, ditambah 10 teks gratis dan 20 pesan foto, jawab YES.",id,spamshield_indonesian_v1,spam:spam,AD,id-promo-keywords,,,d81ce88f5998,may-include-mt-uci-style
id_ss_pilot_0254,Ini adalah percobaan kedua kami untuk menghubungi U. Hadiah £ 900 Anda dari YESTERDAY masih menunggu pengumpulan. untuk menuntut CALL NOW 09061702893. ACL03530150PM,id,spamshield_indonesian_v1,spam:spam,FRAUD,id-fraud-keywords,,,42518d38e6f7,may-include-mt-uci-style
id_ss_pilot_0255,Update_Now - 12Mths Half Price Orange line rental: 400mins...Call MobileUpd8 pada 08000839402 atau call2optout=J5Q,id,spamshield_indonesian_v1,spam:spam,NEEDS_REVIEW,orig-spam-unclear,,,435c5e638a62,may-include-mt-uci-style
id_ss_pilot_0256,"Yang di rumah sakit melakukan analisis data atau sesuatu, dimulai pada hari Senin!Tidak pasti kapan tesis saya akan selesai",id,spamshield_indonesian_v1,ham:normal,NEEDS_REVIEW,orig-ham-chat-or-unclear,,,1402e5f49ba3,may-include-mt-uci-style
id_ss_pilot_0257,"Pesan gratis: Jamster!Get the crazy frog sound now!Untuk teks poly MAD1, untuk teks nyata MAD2 sampai 88888.6 bunyi gila untuk hanya 3 GBP/minggu!16+hanya!T&C aplikasi",id,spamshield_indonesian_v1,spam:spam,AD,id-promo-keywords,,,aa647b8b4972,may-include-mt-uci-style
id_ss_pilot_0258,FreeMsg Hari ini adalah hari jika Anda siap! saya bodoh & hidup di kota Anda. saya suka seks menyenangkan & permainan! Netcollex Ltd 08700621170150p per msg reply Hentikan untuk berakhir,id,spamshield_indonesian_v1,spam:spam,HARASS,id-harass-keywords,,,a197bc7b53e6,may-include-mt-uci-style
id_ss_pilot_0259,Aku melihatmu dalam sekejap,id,spamshield_indonesian_v1,ham:normal,NEEDS_REVIEW,orig-ham-chat-or-unclear,,,3e2b940580d8,may-include-mt-uci-style
id_ss_pilot_0260,Sebagai langganan optin terdaftar ur draw 4 £ 100 voucher hadiah akan dimasukkan pada penerimaan tahun yang tepat ke 80062 Whats No1 di charts BBC,id,spamshield_indonesian_v1,spam:spam,FRAUD,id-fraud-keywords,,,bac13b74ab91,may-include-mt-uci-style
id_ss_pilot_0261,Anda memiliki WON uang tunai yang dijamin £1000 atau hadiah £2000.Untuk menuntut hadiah yr hubungi perwakilan layanan pelanggan kami di,id,spamshield_indonesian_v1,spam:spam,FRAUD,id-fraud-keywords,,,0dd9bca810a6,may-include-mt-uci-style
id_ss_pilot_0262,Aiyah maaf lor... saya menonton TV sampai saya lupa 2 memeriksa telepon saya.,id,spamshield_indonesian_v1,ham:normal,NEEDS_REVIEW,orig-ham-chat-or-unclear,,,401b43bf711e,may-include-mt-uci-style
id_ss_pilot_0263,"Shop till u Drop, IS IT YOU, baik 10K, 5K, £ 500 Cash atau £ 100 Travel voucher, Hubungi sekarang, 09064011000.",id,spamshield_indonesian_v1,spam:spam,AD,id-promo-keywords,,,d551db1621fe,may-include-mt-uci-style
id_ss_pilot_0264,"Berfikir ur pintar ? Menang £200 minggu ini dalam kuiz mingguan kami, teks PLAY ke 85222 sekarang!T&Cs WinnersClub PO BOX 84, M26 3UZ. 16+. GBP1.50/minggu",id,spamshield_indonesian_v1,spam:spam,FRAUD,id-fraud-keywords,,,64e7691e4782,may-include-mt-uci-style
id_ss_pilot_0265,Berikut adalah kode diskon Anda RP176781. untuk menghentikan pesan lebih lanjut jawab berhenti. www.regalportfolio.co.uk Layanan Pelanggan 08717205546,id,spamshield_indonesian_v1,spam:spam,AD,id-promo-keywords,,,efeda587e8f7,may-include-mt-uci-style
id_ss_pilot_0266,"Untuk ur kesempatan untuk menang £ 250 tunai setiap wk TXT: PLAY ke 83370. www.music-trivia.net custcare 08715705022, 1x150p/wk.",id,spamshield_indonesian_v1,spam:spam,FRAUD,id-fraud-keywords,,,d78a473e4b46,may-include-mt-uci-style
id_ss_pilot_0267,Jadi tidak perlu memberitahu saya apa pun saya akan tidur malam yang baik,id,spamshield_indonesian_v1,ham:normal,NEEDS_REVIEW,orig-ham-chat-or-unclear,,,cfc52fc8c060,may-include-mt-uci-style
id_ss_pilot_0268,"500 Mobil Baru dari 2004, MUST GO! Txt: NOKIA ke No: 89545 & mengumpulkan milikmu hari ini!Dari ONLY £1 www.4-tc.biz 2optout 087187262701.50gbp/mtmsg18 TXTAUCTION",id,spamshield_indonesian_v1,spam:spam,NEEDS_REVIEW,orig-spam-unclear,,,f25435c403b9,may-include-mt-uci-style
id_ss_pilot_0269,Mungkin ada gym gratis di sana.,id,spamshield_indonesian_v1,ham:normal,AD,id-promo-keywords,,,3e50b18ebd3d,may-include-mt-uci-style
id_ss_pilot_0270,Yay tidak bisa menunggu untuk berpartisipasi bersama!,id,spamshield_indonesian_v1,ham:normal,NEEDS_REVIEW,orig-ham-chat-or-unclear,,,ee1451b6904b,may-include-mt-uci-style
id_ss_pilot_0271,informasi penting 4 pengguna orange 0789xxxxxxx. hari ini adalah hari keberuntungan Anda!2menjelajahi mengapa login di http://www.urawinner.com THERE'S A FANTASTIC SURPRISE AWAITING YOU!,id,spamshield_indonesian_v1,spam:spam,NEEDS_REVIEW,orig-spam-unclear,,,71341ab7fea6,may-include-mt-uci-style
id_ss_pilot_0272,"Dear Voucher Holder, Untuk menuntut tawaran minggu ini, di PC Anda silahkan pergi ke http://www.e-tlp.co.uk/reward.",id,spamshield_indonesian_v1,spam:spam,AD,id-promo-keywords,,,134fb2ac3da3,may-include-mt-uci-style
id_ss_pilot_0273,Voucher B4U Anda w/c 27/03 adalah MARSMS. Log masuk ke www.B4Utele.com untuk kredit diskon. Untuk memilih untuk menghentikan respons berhenti. panggilan layanan pelanggan 08717168528,id,spamshield_indonesian_v1,spam:spam,AD,id-promo-keywords,,,214ece914251,may-include-mt-uci-style
id_ss_pilot_0274,Urgent! nomor ponsel Anda telah dianugerahkan dengan hadiah £ 2000 GARANTI. panggilan 09061790121 dari garis tanah. tuntutan 3030. valid 12hrs hanya 150ppm,id,spamshield_indonesian_v1,spam:spam,FRAUD,id-fraud-keywords,,,ce054eeb7b8e,may-include-mt-uci-style
id_ss_pilot_0275,Saya tidak. bibirnya bersinkron dengan shangela.,id,spamshield_indonesian_v1,ham:normal,NEEDS_REVIEW,orig-ham-chat-or-unclear,,,90d92dce3e95,may-include-mt-uci-style
id_ss_pilot_0276,Urgent! nomor ponsel Anda telah dianugerahkan <UKP>2000 hadiah GARANTI. panggilan 09061790125 dari landline. tuntutan 3030. valid 12hrs hanya 150ppm,id,spamshield_indonesian_v1,spam:spam,FRAUD,id-fraud-keywords,,,ce054eeb7b8e,may-include-mt-uci-style
id_ss_pilot_0277,Aku tidak datang ke rumah untuk makan malam.,id,spamshield_indonesian_v1,ham:normal,NEEDS_REVIEW,orig-ham-chat-or-unclear,,,95b5305d241c,may-include-mt-uci-style
id_ss_pilot_0278,Anda berhak untuk memperbarui ke ponsel kamera warna terbaru untuk Gratis!Call The Mobile Update VCo FREE di 08002986906,id,spamshield_indonesian_v1,spam:spam,AD,id-promo-keywords,,,ee094d1b0bd2,may-include-mt-uci-style
id_ss_pilot_0279,Datang ke sekolah kedokteran pada pukul 7 petang.,id,spamshield_indonesian_v1,ham:normal,NEEDS_REVIEW,orig-ham-chat-or-unclear,,,0ca8817ac512,may-include-mt-uci-style
id_ss_pilot_0280,"Saya tidak tahu, hal yang sama yang salah selalu sering, dia panik mulai pergi pada bot tidak cukup baik ...",id,spamshield_indonesian_v1,ham:normal,NEEDS_REVIEW,orig-ham-chat-or-unclear,,,9e0bdde3b11d,may-include-mt-uci-style
id_ss_pilot_0281,Anda sekarang tidak berlangganan semua layanan. Dapatkan ribuan gadis seksi atau mengejar langsung ke telepon Anda! pergi ke http://gotbabes.co.uk. Tidak ada langganan.,id,spamshield_indonesian_v1,spam:spam,AD,id-promo-keywords,,,f683a406be87,may-include-mt-uci-style
id_ss_pilot_0282,Sebagai langganan terdaftar yr menarik 4 a £ 100 voucher hadiah akan b dimasukkan pada penerimaan tahun yang tepat.,id,spamshield_indonesian_v1,spam:spam,FRAUD,id-fraud-keywords,,,0384043dfd05,may-include-mt-uci-style
id_ss_pilot_0283,Kembali ke telepon Anda; Anda tidak melihat facebook saya huh?,id,spamshield_indonesian_v1,ham:normal,NEEDS_REVIEW,orig-ham-chat-or-unclear,,,df98f1623653,may-include-mt-uci-style
id_ss_pilot_0284,Anda selalu bekerja. hanya berhenti.,id,spamshield_indonesian_v1,ham:normal,NEEDS_REVIEW,orig-ham-chat-or-unclear,,,b2a1a2f68664,may-include-mt-uci-style
id_ss_pilot_0285,Selamat datang kembali dokumen kami yang kami sampaikan untuk pinjaman dari STAPATI,id,spamshield_indonesian_v1,ham:normal,HARASS,id-harass-keywords,,,f8c683c5549e,may-include-mt-uci-style
id_ss_pilot_0286,Photoshop membuat komputer saya tertutup.,id,spamshield_indonesian_v1,ham:normal,NEEDS_REVIEW,orig-ham-chat-or-unclear,,,87bc0d8c0a2f,may-include-mt-uci-style
id_ss_pilot_0287,"Phony £ 350 hadiah - Hari-hari Voda nomor akhir XXXX dipilih untuk menerima hadiah £ 350. Jika Anda memiliki pertandingan, silakan hubungi 08712300220 kutipan kode tuntutan 3100 standard tarif aplikasi",id,spamshield_indonesian_v1,spam:spam,FRAUD,id-fraud-keywords,,,1b0a8c917aac,may-include-mt-uci-style
id_ss_pilot_0288,Saya ragu Anda bisa menangani 5 kali per malam dalam hal apapun ...,id,spamshield_indonesian_v1,ham:normal,FRAUD,id-fraud-keywords,,,81270c01d280,may-include-mt-uci-style
id_ss_pilot_0289,dan U 2.,id,spamshield_indonesian_v1,ham:normal,NEEDS_REVIEW,orig-ham-chat-or-unclear,,,563f50f8848a,may-include-mt-uci-style
id_ss_pilot_0290,"Kalian sudah menghabiskan waktu, tapi kalian sudah membazirkan.",id,spamshield_indonesian_v1,ham:normal,NEEDS_REVIEW,orig-ham-chat-or-unclear,,,0c84dca2b776,may-include-mt-uci-style
id_ss_pilot_0291,Anda terpilih untuk menerima hadiah £ 350! Pls menelepon nomor tuntutan 09066364311 untuk mengumpulkan hadiah yang Anda terpilih untuk menerima sebagai pelanggan mobile yang dihargai.,id,spamshield_indonesian_v1,spam:spam,FRAUD,id-fraud-keywords,,,fdc288c7e911,may-include-mt-uci-style
id_ss_pilot_0292,Freemsg: 1 bulan panggilan gratis tak terbatas! mengaktifkan SmartCall Txt: CALL ke No: 68866. Subscriptn3gbp/wk panggilan tak terbatas Bantuan: 08448714184 Stop?txt stop landlineonly,id,spamshield_indonesian_v1,spam:spam,AD,id-promo-keywords,,,d9d4b399e920,may-include-mt-uci-style
id_ss_pilot_0293,Bercakap seksi!! Buat teman baru atau jatuh cinta di dunia layanan kencan teks yang paling tersendiri. Hanya teks VIP ke 83110 dan lihat siapa yang bisa Anda temui.,id,spamshield_indonesian_v1,spam:spam,HARASS,id-harass-keywords,,,2191976552b4,may-include-mt-uci-style
id_ss_pilot_0294,Gratis untuk 1st minggu! No1 Nokia tone 4 ur mobile setiap minggu hanya txt NOKIA ke 8077 Dapatkan txting dan beritahu ur mates. www.getzed.co.uk POBox 36504 W45WQ 16+ norm150p/tone,id,spamshield_indonesian_v1,spam:spam,AD,id-promo-keywords,,,ba9820c5d2f2,may-include-mt-uci-style
id_ss_pilot_0295,"Jika dia minum, aku baik-baik saja.",id,spamshield_indonesian_v1,ham:normal,NEEDS_REVIEW,orig-ham-chat-or-unclear,,,aaf5762c6184,may-include-mt-uci-style
id_ss_pilot_0296,uang!!! Anda adalah pemenang yang beruntung! 2 mengklaim uang teks hadiah Anda 2 88600 lebih dari £ 1 juta untuk menyerah ! ppt150x3 + kotak kadar teks normal403 w1t1jy,id,spamshield_indonesian_v1,spam:spam,FRAUD,id-fraud-keywords,,,34e47bf52458,may-include-mt-uci-style
id_ss_pilot_0297,74355 XMAS datang & ur dianugerahkan atau £ 500 CD hadiah voucher & gratis entri 2 r £ 100 mingguan dicetak txt MUSIC untuk 87066 TnC,id,spamshield_indonesian_v1,spam:spam,FRAUD,id-fraud-keywords,,,6249e40207d7,may-include-mt-uci-style
id_ss_pilot_0298,Tahukah Anda kapan hasilnya?,id,spamshield_indonesian_v1,ham:normal,NEEDS_REVIEW,orig-ham-chat-or-unclear,,,dd1847ec371c,may-include-mt-uci-style
id_ss_pilot_0299,Apa yang Anda inginkan untuk Xmas? Bagaimana sekitar 100 pesan teks gratis & telepon video baru dengan sewa setengah harga? hubungi gratis sekarang di 0800 0721072 untuk mengetahui lebih lanjut!,id,spamshield_indonesian_v1,spam:spam,AD,id-promo-keywords,,,62827682f458,may-include-mt-uci-style
id_ss_pilot_0300,Hey! do u fancy bertemu saya di 4 di cha - ada minuman lil pada saya. jika tidak txt atau hubungi saya dan kita bisa bertemu l8r. cukup lelah mendapatkan di 3 v.pist ;) cinta Pete x x x,id,spamshield_indonesian_v1,ham:normal,NEEDS_REVIEW,orig-ham-chat-or-unclear,,,486435628c76,may-include-mt-uci-style
id_ss_pilot_0301,“Tidak apa-apa.Tetapi Dun memberitahu dia untuk menunggu dia mendapat kepuasan...,id,spamshield_indonesian_v1,ham:normal,NEEDS_REVIEW,orig-ham-chat-or-unclear,,,0a28e7050be9,may-include-mt-uci-style
id_ss_pilot_0302,Tidak ada masalah yang akan membawa mereka taksi.C ing esok dan Selasa.Pada hari Selasa kita semua berpikir kita akan pergi ke bioskop.,id,spamshield_indonesian_v1,ham:normal,NEEDS_REVIEW,orig-ham-chat-or-unclear,,,24293a9d7aab,may-include-mt-uci-style
id_ss_pilot_0303,Bercakap dengan g dan x tentang hal ini,id,spamshield_indonesian_v1,ham:normal,NEEDS_REVIEW,orig-ham-chat-or-unclear,,,c24240febbae,may-include-mt-uci-style
id_ss_pilot_0304,"Kami memiliki 800 penerbangan gratis ke Eropa untuk memberikan, hubungi B4 10th September & ambil teman 4 GRATIS. hubungi sekarang untuk menuntut di 09050000555.",id,spamshield_indonesian_v1,spam:spam,AD,id-promo-keywords,,,704acdeed35c,may-include-mt-uci-style
id_ss_pilot_0305,Can U C me 2nite 4 beberapa seksi gairah B4 saya 2 go back? Chat NOW 09099726481 Luv DENA Calls £1/minMobsmoreLKPOBOX177HP51FL,id,spamshield_indonesian_v1,spam:spam,HARASS,id-harass-keywords,,,0ab4c51e288a,may-include-mt-uci-style
id_ss_pilot_0306,Saya merasa seperti John Lennon.,id,spamshield_indonesian_v1,ham:normal,NEEDS_REVIEW,orig-ham-chat-or-unclear,,,08eeb92c4e95,may-include-mt-uci-style
id_ss_pilot_0307,Gratis kamera telepon dengan linerental dari 4.49/bulan dengan 750 cross ntwk mins. 1/2 harga txt bundle deals juga avble. panggilan 08001950382 atau call2optout/J MF,id,spamshield_indonesian_v1,spam:spam,AD,id-promo-keywords,,,f4a090bd36b8,may-include-mt-uci-style
id_ss_pilot_0308,Anda memiliki 1 pesan baru. silakan hubungi 08715205273,id,spamshield_indonesian_v1,spam:spam,NEEDS_REVIEW,orig-spam-unclear,,,91ba3463d2df,may-include-mt-uci-style
id_ss_pilot_0309,PRIVATE! Pernyataan Akun 2003 Anda untuk menunjukkan 800 S. I. M. titik. Panggilan 08715203694 Kode Identifikasi: 40533 Berakhir 31/10/04,id,spamshield_indonesian_v1,spam:spam,NEEDS_REVIEW,orig-spam-unclear,,,ea3dd83382e6,may-include-mt-uci-style
id_ss_pilot_0310,"Txt ur tim nasional ke 87077 eg ENGLAND ke 87077 Try:WALES, SCOTLAND 4txt/ú1.20 POBOXox36504W45WQ 16+",id,spamshield_indonesian_v1,spam:spam,NEEDS_REVIEW,orig-spam-unclear,,,ad174507eea8,may-include-mt-uci-style
id_ss_pilot_0311,2p per menit untuk menelepon Jerman 08448350055 dari garis BT Anda. Hanya 2p per menit Periksa PlanetTalkInstant.com untuk info & T's & C's.,id,spamshield_indonesian_v1,spam:spam,NEEDS_REVIEW,orig-spam-unclear,,,5d44ee5d5221,may-include-mt-uci-style
id_ss_pilot_0312,Urgent! silakan hubungi 09061213237 dari landline. £5000 tunai atau 4* liburan menunggu koleksi. T & Cs SAE PO Box 177 M227XY. 16+,id,spamshield_indonesian_v1,spam:spam,NEEDS_REVIEW,orig-spam-unclear,,,9f231910ef78,may-include-mt-uci-style
id_ss_pilot_0313,"Itu agak aneh, bahkan ?- di mana yang seharusnya terjadi? tapi ide yang baik, pasti mereka akan berada di pub!",id,spamshield_indonesian_v1,ham:normal,NEEDS_REVIEW,orig-ham-chat-or-unclear,,,e7e70916f83f,may-include-mt-uci-style
id_ss_pilot_0314,Urgent! kami mencoba untuk menghubungi U. Todays draw menunjukkan bahwa Anda telah memenangkan hadiah £ 800 dijamin. panggilan 09050003091 dari garis tanah. tuntutan C52.,id,spamshield_indonesian_v1,spam:spam,FRAUD,id-fraud-keywords,,,d724b6035eec,may-include-mt-uci-style
id_ss_pilot_0315,"Pinjaman untuk tujuan apa pun £ 500 - £ 75,000. pemilik rumah + peminjam dialu-alukan. apakah Anda sebelumnya ditolak? kami masih dapat membantu. panggilan gratis 0800 1956669 atau teks kembali 'bantuan'",id,spamshield_indonesian_v1,spam:spam,AD,id-promo-keywords,,,6335bbcf3eea,may-include-mt-uci-style
id_ss_pilot_0316,"Dear Voucher Holder, 2 mengklaim tawaran minggu ini, pada PC Anda pergi ke http://www.e-tlp.co.uk/expressoffer Ts&Cs berlaku.2 berhenti teks txt STOP ke 80062.",id,spamshield_indonesian_v1,spam:spam,FRAUD,id-fraud-keywords,,,212cdb7f78a2,may-include-mt-uci-style
id_ss_pilot_0317,"Maaf, dalam pertemuan saya akan menghubungi nanti.",id,spamshield_indonesian_v1,ham:normal,NEEDS_REVIEW,orig-ham-chat-or-unclear,,,48354a96bf26,may-include-mt-uci-style
id_ss_pilot_0318,Silakan hubungi perwakilan layanan pelanggan kami di FREEPHONE 0808 145 4742 antara 9am-11pm karena Anda memiliki WON yang dijamin £ 1000 tunai atau £ 5000 hadiah!,id,spamshield_indonesian_v1,spam:spam,FRAUD,id-fraud-keywords,,,634de57cc7ce,may-include-mt-uci-style
id_ss_pilot_0319,"Anda telah memenangkan ?1,000 tunai atau ?2,000 hadiah! untuk menuntut, hubungi09050000327. T&C: RSTM, SW7 3SS. 150ppm",id,spamshield_indonesian_v1,spam:spam,FRAUD,id-fraud-keywords,,,5f735d0eb77a,may-include-mt-uci-style
id_ss_pilot_0320,WINNER! Sebagai pelanggan jaringan yang dihargai Anda yang terpilih untuk menerima hadiah £ 900! Untuk mengumpulkan panggilan 09061701444. sah hanya 24 jam. ACL03530150PM,id,spamshield_indonesian_v1,spam:spam,FRAUD,id-fraud-keywords,,,8a9eef2f6499,may-include-mt-uci-style
id_ss_pilot_0321,HMV BONUS SPECIAL 500 pound voucher HMV nyata untuk menang. hanya jawab 4 pertanyaan mudah. Main sekarang! HMV dikirim ke 86688 Informasi lebih lanjut:www.100percent-real.com,id,spamshield_indonesian_v1,spam:spam,FRAUD,id-fraud-keywords,,,837e7932790c,may-include-mt-uci-style
id_ss_pilot_0322,"Wan2 menang Meet+Greet dengan Westlife 4 U atau m8? mereka saat ini di tur apa? 1)Unbreakable, 2)Untamed, 3)Unkempt. teks 1,2 atau 3 ke 83049.",id,spamshield_indonesian_v1,spam:spam,FRAUD,id-fraud-keywords,,,27c136cc31e5,may-include-mt-uci-style
id_ss_pilot_0323,FREE UNLIMITED HARDCORE PORN direct 2 mobile Txt PORN to 69200 & mendapatkan akses gratis untuk 24 jam kemudian chrgd@50p per hari txt Stop 2exit. msg ini gratis,id,spamshield_indonesian_v1,spam:spam,AD,id-promo-keywords,,,e2a43b7af863,may-include-mt-uci-style
id_ss_pilot_0324,Apakah Anda ingin Nokia 3510i Color Phone Baru yang Diserahkan Esok? dengan 200 menit GRATIS ke ponsel apa pun + 100 teks gratis + gratis camcorder Jawab atau Hubungi 8000930705,id,spamshield_indonesian_v1,spam:spam,AD,id-promo-keywords,,,b813fae0c206,may-include-mt-uci-style
id_ss_pilot_0325,Silahkan hubungi 08712402779 segera karena ada pesan mendesak yang menanti Anda,id,spamshield_indonesian_v1,spam:spam,NEEDS_REVIEW,orig-spam-unclear,,,485ac4465521,may-include-mt-uci-style
id_ss_pilot_0326,"Kabar baiknya, download, datang wen ur gratis.",id,spamshield_indonesian_v1,ham:normal,AD,id-promo-keywords,,,5f6d4f19d0e9,may-include-mt-uci-style
id_ss_pilot_0327,"Kita semua khawatir di sini, Derek dan Taylor sudah menganggap hal terburuk.",id,spamshield_indonesian_v1,ham:normal,NEEDS_REVIEW,orig-ham-chat-or-unclear,,,10ee1479427a,may-include-mt-uci-style
id_ss_pilot_0328,I am hot n horny and willing I live local to you - text a reply to hear strt back from me 150p per msg Netcollex LtdHelpDesk: 02085076972 reply Stop to end,id,spamshield_indonesian_v1,spam:spam,NEEDS_REVIEW,orig-spam-unclear,,,affe32e0ecf4,may-include-mt-uci-style
id_ss_pilot_0329,Dan Allah telah memutuskan waktu yang sempurna untuk membuat Anda bertemu dengan orang itu. . . . . . . . . . . . . . . . . . . . . . . .,id,spamshield_indonesian_v1,ham:normal,NEEDS_REVIEW,orig-ham-chat-or-unclear,,,6125f8ea470d,may-include-mt-uci-style
id_ss_pilot_0330,Seperti permintaan Anda 'Maangalyam (Alaipayuthe)' telah ditetapkan sebagai callertune Anda untuk semua Callers. tekan *9 untuk menyalin teman Anda Callertune,id,spamshield_indonesian_v1,ham:normal,NEEDS_REVIEW,orig-ham-chat-or-unclear,,,ea54ef92d6c3,may-include-mt-uci-style
id_ss_pilot_0331,2 laptop... I noe infra tapi terlalu lambat lar... I wan fast one,id,spamshield_indonesian_v1,ham:normal,NEEDS_REVIEW,orig-ham-chat-or-unclear,,,b6f3d1261f4b,may-include-mt-uci-style
id_ss_pilot_0332,Pls pergi ke depan dengan watt. saya hanya ingin yakin. memiliki akhir pekan yang bagus. Abiola,id,spamshield_indonesian_v1,ham:normal,NEEDS_REVIEW,orig-ham-chat-or-unclear,,,2b6f4565daa5,may-include-mt-uci-style
id_ss_pilot_0333,"Nombor Todays Voda berakhir 7548 dipilih untuk menerima hadiah $350. Jika Anda memiliki pertandingan, silakan hubungi 08712300220 mengutip kode tuntutan 4041 standard rate app",id,spamshield_indonesian_v1,spam:spam,FRAUD,id-fraud-keywords,,,4021ba3c9dbc,may-include-mt-uci-style
id_ss_pilot_0334,Gratis Msg: Ringtone!Dari: http://tms. widelive.com/index. wml?id=1b6a5ecef91ff9*37819&first=true18:0430-JUL-05,id,spamshield_indonesian_v1,spam:spam,AD,id-promo-keywords,,,b38cf00a0792,may-include-mt-uci-style
id_ss_pilot_0335,Selamat pagi Putri!Selamat Tahun Baru!,id,spamshield_indonesian_v1,ham:normal,NEEDS_REVIEW,orig-ham-chat-or-unclear,,,5e2f4bd5513b,may-include-mt-uci-style
id_ss_pilot_0336,Kredit Anda telah ditingkatkan untuk http://www.bubbletext.com Pin pembaharuan Anda adalah tgxxrz,id,spamshield_indonesian_v1,spam:spam,NEEDS_REVIEW,orig-spam-unclear,,,19ee7021d5dd,may-include-mt-uci-style
id_ss_pilot_0337,FreeMsg: Txt: CALL to No: 86888 & menuntut ganjaran Anda dari 3 jam waktu bicara untuk digunakan dari telepon Anda sekarang! Subscribe6GBP/mnth inc 3hrs 16 stop?txtStop,id,spamshield_indonesian_v1,spam:spam,NEEDS_REVIEW,orig-spam-unclear,,,df04e2249182,may-include-mt-uci-style
id_ss_pilot_0338,New TEXTBUDDY Chat 2 horny guys di ur area 4 hanya 25p Gratis 2 menerima Search postcode atau di gaytextbuddy.com. TXT ONE nama ke 89693. 08715500022 rpl Hentikan 2 cnl,id,spamshield_indonesian_v1,spam:spam,AD,id-promo-keywords,,,1d8f0e107078,may-include-mt-uci-style
id_ss_pilot_0339,"Update_Now - Xmas Offer! terbaru Motorola, SonyEricsson & Nokia & FREE Bluetooth! Double Mins & 1000 Txt pada Orange. hubungi MobileUpd8 di 08000839402 atau call2optout/F4Q=",id,spamshield_indonesian_v1,spam:spam,NEEDS_REVIEW,orig-spam-unclear,,,f19d29375ba0,may-include-mt-uci-style
id_ss_pilot_0340,GSOH? baik dengan SPAM wanita?Anda bisa b gigolo laki-laki? 2 bergabung dengan klub laki-laki yang tumbuh paling cepat di Inggris reply ONCALL. mjzgroup. 08714342399.2stop reply STOP. msg@£1.50rcvd,id,spamshield_indonesian_v1,spam:spam,NEEDS_REVIEW,orig-spam-unclear,,,7229c4f81550,may-include-mt-uci-style
id_ss_pilot_0341,Urgent Ur £ 500 hadiah yang dijamin masih belum dikehendaki! panggilan 09066368327 NOW penutupandate04/09/02 kode tuntutan M39M51 £1.50pmmorefrommobile2Bremoved-MobyPOBox734LS27YF,id,spamshield_indonesian_v1,spam:spam,FRAUD,id-fraud-keywords,,,b85d03a73f42,may-include-mt-uci-style
id_ss_pilot_0342,Anda memiliki WON uang tunai yang dijamin £1000 atau hadiah £2000. Untuk menuntut hadiah yr hubungi perwakilan layanan pelanggan kami di 08714712394 antara 10am-7pm,id,spamshield_indonesian_v1,spam:spam,FRAUD,id-fraud-keywords,,,0dd9bca810a6,may-include-mt-uci-style
id_ss_pilot_0343,Gratis masuk ke perhitungan mingguan kami £ 250 hanya mengirimkan kata ENTER ke 84128 NOW. 18 T&C www.textcomp.com cust care 08712405020.,id,spamshield_indonesian_v1,spam:spam,AD,id-promo-keywords,,,29cfbc41105e,may-include-mt-uci-style
id_ss_pilot_0344,"Akankah Anda bertemu dengan pasangan impian ur tidak lama lagi? apakah ur karir off 2 adalah permulaan terbang? 2 menemukan gratis, txt HORO diikuti oleh ur bintang tanda, e. g. HORO ARIES",id,spamshield_indonesian_v1,spam:spam,AD,id-promo-keywords,,,d809b47f630e,may-include-mt-uci-style
id_ss_pilot_0345,Menolak pinjaman? dijamin atau tidak dijamin? tidak bisa mendapatkan pinjaman? hubungi gratis sekarang 0800 195 6669 atau teks kembali 'bantuan' & kami akan!,id,spamshield_indonesian_v1,spam:spam,AD,id-promo-keywords,,,8a45e6c5d505,may-include-mt-uci-style
id_ss_pilot_0346,Saya mungkin akan sampai esok (atau bahkan lebih lambat malam ini jika sesuatu terjadi),id,spamshield_indonesian_v1,ham:normal,NEEDS_REVIEW,orig-ham-chat-or-unclear,,,3e03bd513bff,may-include-mt-uci-style
id_ss_pilot_0347,Anda memiliki 1 pesan baru. hubungi 0207-083-6089,id,spamshield_indonesian_v1,spam:spam,NEEDS_REVIEW,orig-spam-unclear,,,8b840ba7a11c,may-include-mt-uci-style
id_ss_pilot_0348,Ur cash-balance saat ini 500 pound - untuk memaksimalkan ur cash-in sekarang mengirim GO ke 86688 hanya 150p/meg. CC: 08718720201 HG/Suite342/2lands Row/W1j6HL,id,spamshield_indonesian_v1,spam:spam,NEEDS_REVIEW,orig-spam-unclear,,,69f91dc9c9b8,may-include-mt-uci-style
id_ss_pilot_0349,Anda memiliki 1 pesan baru. silakan hubungi 08712400200.,id,spamshield_indonesian_v1,spam:spam,NEEDS_REVIEW,orig-spam-unclear,,,2579b0dfb270,may-include-mt-uci-style
id_ss_pilot_0350,Terima kasih 4 dukungan Anda yang terus-menerus Pertanyaan Anda minggu ini akan masuk u in2 kami menarik 4 £ 100 tunai.,id,spamshield_indonesian_v1,spam:spam,HARASS,id-harass-keywords,,,362360f1d96c,may-include-mt-uci-style
id_ss_pilot_0351,"Maaf, saya tidak bisa membantu Anda dalam hal ini.",id,spamshield_indonesian_v1,ham:normal,NEEDS_REVIEW,orig-ham-chat-or-unclear,,,14d2e8553abd,may-include-mt-uci-style
id_ss_pilot_0352,Silakan hubungi Amanda untuk memperbaharui atau memperbarui handset T-Mobile saat ini secara gratis. tawaran berakhir hari ini. tel 0845 021 3680 di bawah T's dan C's,id,spamshield_indonesian_v1,spam:spam,AD,id-promo-keywords,,,423c717e6475,may-include-mt-uci-style
id_ss_pilot_0353,"Pernahkah Anda menyadari bahwa ketika Anda mengemudi, seseorang yang berjalan lebih lambat dari Anda adalah bodoh dan semua orang yang mengemudi lebih cepat dari Anda adalah seorang mania?",id,spamshield_indonesian_v1,spam:spam,NEEDS_REVIEW,orig-spam-unclear,,,9a6d3787af05,may-include-mt-uci-style
id_ss_pilot_0354,Jadi apa rencana ini?,id,spamshield_indonesian_v1,ham:normal,NEEDS_REVIEW,orig-ham-chat-or-unclear,,,9946f0555bcd,may-include-mt-uci-style
id_ss_pilot_0355,Ya! satu-satunya tempat di kota untuk bertemu single dewasa yang menarik sekarang di Inggris. Txt CHAT ke 86688 sekarang! 150p/Msg.,id,spamshield_indonesian_v1,spam:spam,HARASS,id-harass-keywords,,,dfcbfe024ee8,may-include-mt-uci-style
id_ss_pilot_0356,Pastikan untuk memeriksa email yahoo Anda. kami mengirimkan foto kemarin,id,spamshield_indonesian_v1,ham:normal,NEEDS_REVIEW,orig-ham-chat-or-unclear,,,6dddaeefd7b0,may-include-mt-uci-style
id_ss_pilot_0357,Apakah Anda ingin ponsel warna Nokia 3510i baru yang diserahkan esok? dengan 300 menit gratis untuk setiap ponsel + 100 teks gratis + Gratis Camcorder jawab atau hubungi 08000930705,id,spamshield_indonesian_v1,spam:spam,AD,id-promo-keywords,,,a20ab88ecc6a,may-include-mt-uci-style
id_ss_pilot_0358,Anda memiliki pengagum rahasia. REVEAL yang berpikir U R Jadi istimewa. Panggilan 09065174042. Untuk memilih keluar Jawab REVEAL STOP. 1.50 per msg recd. Cust care 07821230901,id,spamshield_indonesian_v1,spam:spam,HARASS,id-harass-keywords,,,cf904582c61e,may-include-mt-uci-style
id_ss_pilot_0359,Ini adalah kali kedua kami mencoba untuk menghubungi U. Anda telah memenangkan hadiah £ 1450 untuk menuntut hanya menghubungi 09053750005 b4 310303. T&Cs/stop SMS 08718725756. 140ppm,id,spamshield_indonesian_v1,spam:spam,FRAUD,id-fraud-keywords,,,13c641e851b9,may-include-mt-uci-style
id_ss_pilot_0360,"Hidup sangat sederhana..Cinta juga sederhana..Tertawa terlalu sederhana..Menang sangat sederhana..Tetapi, Menjadi 'SIMPLE' sangat sulit... :-)",id,spamshield_indonesian_v1,ham:normal,FRAUD,id-fraud-keywords,,,da8064b2fead,may-include-mt-uci-style
id_ss_pilot_0361,"Download seberapa banyak ringtones seperti yang Anda suka tidak ada batasan, 1000s 2 pilih. Anda bahkan dapat mengirimkan 2 yr teman. Txt Sir untuk £ 80082 3",id,spamshield_indonesian_v1,spam:spam,AD,id-promo-keywords,,,35cd78e3c115,may-include-mt-uci-style
id_ss_pilot_0362,Pesan ini gratis. selamat datang ke baru & diperbaiki Sex & Dogging club! untuk tidak berlangganan dari layanan ini jawab STOP. msgs@150p 18 hanya,id,spamshield_indonesian_v1,spam:spam,AD,id-promo-keywords,,,dd5f6fdcdc37,may-include-mt-uci-style
id_ss_pilot_0363,Dia tidak berdebar-debar tapi saya sedih lor... Hee... Beli tmr lor aft makan siang. Tapi kita masih bertemu 4 makan siang tmr a no. Neva mendengar fr mereka lei. Ü mendapat banyak kerja ar?,id,spamshield_indonesian_v1,ham:normal,NEEDS_REVIEW,orig-ham-chat-or-unclear,,,448dad8ce6f0,may-include-mt-uci-style
id_ss_pilot_0364,Hey saya benar-benar horny ingin berbual atau melihat saya telanjang teks panas ke 69698 teks dimuat pada 150pm untuk tidak berlangganan teks berhenti 69698,id,spamshield_indonesian_v1,spam:spam,AD,id-promo-keywords,,,5ab3e8fa09df,may-include-mt-uci-style
id_ss_pilot_0365,Lokasi klien saya akan menghubungi Anda,id,spamshield_indonesian_v1,ham:normal,NEEDS_REVIEW,orig-ham-chat-or-unclear,,,ad75b831d8f6,may-include-mt-uci-style
id_ss_pilot_0366,"Anda telah memenangkan tiket ke EURO2004 CUP FINAL atau £ 800 CASH, untuk mengumpulkan CALL 09058099801 b4190604, POBOX 7876150ppm",id,spamshield_indonesian_v1,spam:spam,FRAUD,id-fraud-keywords,,,b9b392163d22,may-include-mt-uci-style
id_ss_pilot_0367,"Saya akan melihat jika saya bisa berkeliling sedikit, mendapatkan beberapa hal untuk merawat di sini firsg",id,spamshield_indonesian_v1,ham:normal,NEEDS_REVIEW,orig-ham-chat-or-unclear,,,4974a09a36b4,may-include-mt-uci-style
id_ss_pilot_0368,Apakah Anda ingin ponsel warna Nokia 3510i baru yang diserahkan esok? dengan 300 menit gratis untuk setiap ponsel + 100 teks gratis + Gratis Camcorder jawab atau hubungi 08000930705.,id,spamshield_indonesian_v1,spam:spam,AD,id-promo-keywords,,,a20ab88ecc6a,may-include-mt-uci-style
id_ss_pilot_0369,Bisa... Saya bebas...,id,spamshield_indonesian_v1,ham:normal,NEEDS_REVIEW,orig-ham-chat-or-unclear,,,da622442a06a,may-include-mt-uci-style
id_ss_pilot_0370,Apakah Anda masih datang malam ini?,id,spamshield_indonesian_v1,ham:normal,NEEDS_REVIEW,orig-ham-chat-or-unclear,,,fa3e56d7b8d5,may-include-mt-uci-style
id_ss_pilot_0371,85233 PERCUMA>Ringtone!Jawab REAL,id,spamshield_indonesian_v1,spam:spam,NEEDS_REVIEW,orig-spam-unclear,,,dc9fa4cde7cb,may-include-mt-uci-style
id_ss_pilot_0372,Anda telah memenangkan hadiah £ 200 yang dijamin atau bahkan £ 1000 cashto tuntutan UR hadiah panggilan gratis di 08000407165 (18+) 2 stop getstop di 88222 PHP,id,spamshield_indonesian_v1,spam:spam,FRAUD,id-fraud-keywords,,,37c87e59284c,may-include-mt-uci-style
id_ss_pilot_0373,"Hi di sana, 2nights ur lucky night! Uve dijemput 2 XCHAT, Uks paling liar chat! Txt CHAT ke 86688 sekarang! 150p/MsgrcvdHG/Suite342/2Lands/Row/W1J6HL LDN 18yrs",id,spamshield_indonesian_v1,spam:spam,NEEDS_REVIEW,orig-spam-unclear,,,eb405365f221,may-include-mt-uci-style
id_ss_pilot_0374,dari www.Applausestore.com MonthlySubscription@50p/msg max6/bulan T&CsC web age16 2stop txt stop,id,spamshield_indonesian_v1,spam:spam,NEEDS_REVIEW,orig-spam-unclear,,,017e6f6c2ebd,may-include-mt-uci-style
id_ss_pilot_0375,Dia dewasa dan akan belajar dari pengalaman. tidak ada bahaya nyata. saya hanya tidak suka peeps menggunakan obat yang mereka tidak perlu. tetapi tidak ada komentar,id,spamshield_indonesian_v1,ham:normal,HARASS,id-harass-keywords,,,9c5f4ff43349,may-include-mt-uci-style
id_ss_pilot_0376,Mengapa kau menjauhkanku seperti ini,id,spamshield_indonesian_v1,ham:normal,NEEDS_REVIEW,orig-ham-chat-or-unclear,,,28016650c547,may-include-mt-uci-style
id_ss_pilot_0377,"“Sesungguhnya kamu benar-benar menyakitkan, dan sesungguhnya kamu benar-benar menyakitkan.”",id,spamshield_indonesian_v1,ham:normal,NEEDS_REVIEW,orig-ham-chat-or-unclear,,,2660d48386e3,may-include-mt-uci-style
id_ss_pilot_0378,Great NEW Offer - DOUBLE Mins & DOUBLE Txt pada tarif Orange terbaik dan dapatkan ponsel kamera terbaru 4 FREE! hubungi MobileUpd8 gratis di 08000839402 NOW! atau 2stoptxt T&Cs,id,spamshield_indonesian_v1,spam:spam,AD,id-promo-keywords,,,af33b0e8c101,may-include-mt-uci-style
id_ss_pilot_0379,"Hi ya babe x u 4goten bout me?' scammers mendapatkan smart..Walaupun ini adalah vodafone biasa tidak, jika Anda menjawab Anda mendapatkan lebih banyak prem rate msg/subscription.",id,spamshield_indonesian_v1,spam:spam,NEEDS_REVIEW,orig-spam-unclear,,,1aca025cc92d,may-include-mt-uci-style
id_ss_pilot_0380,XMAS akan datang & ur dianugerahkan £ 500 CD hadiah voucher & gratis entri 2 r £ 100 mingguan dicetak txt MUSIC ke 87066 TnC www.Ldew.com1win150ppmx3age16subscription,id,spamshield_indonesian_v1,spam:spam,FRAUD,id-fraud-keywords,,,46f3f4c35e75,may-include-mt-uci-style
id_ss_pilot_0381,"Tahniah - Terima kasih kepada teman baik Anda memiliki WON hadiah £2,000 Xmas. 2 tuntutan mudah, hanya hubungi 08712103738 NOW! Hanya 10p per menit.",id,spamshield_indonesian_v1,spam:spam,FRAUD,id-fraud-keywords,,,32b50ea7a2f6,may-include-mt-uci-style
id_ss_pilot_0382,"Hi, ini adalah panggilan Mandy Sullivan dari HOTMIX FM...Anda dipilih untuk menerima £5000.00 dalam catatan Hadiah Paskah kami.....Tolong hubungi 09041940223 untuk menuntut sebelum 29/03/05 atau hadiah Anda akan dipindahkan ke orang lain....",id,spamshield_indonesian_v1,spam:spam,FRAUD,id-fraud-keywords,,,032606174196,may-include-mt-uci-style
id_ss_pilot_0383,88800 dan 89034 adalah layanan telepon premium panggilan 08718711108,id,spamshield_indonesian_v1,spam:spam,NEEDS_REVIEW,orig-spam-unclear,,,36ade3a7ba2b,may-include-mt-uci-style
id_ss_pilot_0384,"Ok, itu sangat bagus, terima kasih banyak.",id,spamshield_indonesian_v1,ham:normal,NEEDS_REVIEW,orig-ham-chat-or-unclear,,,ce3a15483475,may-include-mt-uci-style
id_ss_pilot_0385,Dapatkan konten mobile Anda dari www.clubmoby.com call 08717509990 poly/true/Pix/Ringtones/Games enam download untuk hanya 3,id,spamshield_indonesian_v1,spam:spam,AD,id-promo-keywords,,,b856ce2b177d,may-include-mt-uci-style
id_ss_pilot_0386,Urgent! kami mencoba untuk menghubungi U. Todays draw menunjukkan bahwa Anda telah memenangkan hadiah £ 800 dijamin. panggilan 09050001295 dari garis tanah. tuntutan A21.,id,spamshield_indonesian_v1,spam:spam,FRAUD,id-fraud-keywords,,,d724b6035eec,may-include-mt-uci-style
id_ss_pilot_0387,Sebenarnya sudah siap untuk meninggalkan rumah.,id,spamshield_indonesian_v1,ham:normal,NEEDS_REVIEW,orig-ham-chat-or-unclear,,,145f193b27b2,may-include-mt-uci-style
id_ss_pilot_0388,K. Aku akan memanggilmu saat aku dekat,id,spamshield_indonesian_v1,ham:normal,NEEDS_REVIEW,orig-ham-chat-or-unclear,,,5b65abb5e2d3,may-include-mt-uci-style
id_ss_pilot_0389,"Untuk ur kesempatan untuk menang £ 250 tunai setiap wk TXT: AKSI ke 80608. www.movietrivia.tv custcare 08712405022, 1x150p/wk.",id,spamshield_indonesian_v1,spam:spam,FRAUD,id-fraud-keywords,,,d78a473e4b46,may-include-mt-uci-style
id_ss_pilot_0390,Berapa kali Anda menghadiri kelas pengemudi jam berapa kali sehari?,id,spamshield_indonesian_v1,ham:normal,NEEDS_REVIEW,orig-ham-chat-or-unclear,,,fa5569e5eb5a,may-include-mt-uci-style
id_ss_pilot_0391,Apakah ponsel Anda 11mths ? Update untuk GRATIS ke Oranges terbaru warna kamera ponsel & panggilan akhir pekan tak terbatas. Hubungi Mobile Upd8 di freephone 08000839402 atau 2StopTx,id,spamshield_indonesian_v1,spam:spam,AD,id-promo-keywords,,,458acb76613b,may-include-mt-uci-style
id_ss_pilot_0392,"Kemenangan terbaru Harry Potter and the Order of the Phoenix (Buku 5) Jawab HARRY, jawab 5 pertanyaan - kesempatan untuk menjadi yang pertama di kalangan pembaca!",id,spamshield_indonesian_v1,spam:spam,FRAUD,id-fraud-keywords,,,b0ef4d0892e2,may-include-mt-uci-style
id_ss_pilot_0393,Warner Village 83118 C Colin Farrell di SWAT ini wkend @Warner Village & dapatkan 1 gratis med. Popcorn!Just show msg+ticket@kiosk.Valid 4-7/12. C t&c @kiosk.,id,spamshield_indonesian_v1,spam:spam,AD,id-promo-keywords,,,bfa139a313f5,may-include-mt-uci-style
id_ss_pilot_0394,"SMS SERVICES. untuk kredit teks Anda termasuk, pls goto www.comuk.net login= 3qxj9 tidak berlangganan dengan STOP, tidak ada biaya tambahan. bantuan 08702840625.COMUK. 220-CM2 9AE",id,spamshield_indonesian_v1,spam:spam,AD,id-promo-keywords,,,c98842f11761,may-include-mt-uci-style
id_ss_pilot_0395,"Oh, mereka tidak menonton film malam ini jadi saya akan mencoba b pulang lebih awal ...",id,spamshield_indonesian_v1,ham:normal,NEEDS_REVIEW,orig-ham-chat-or-unclear,,,13c3e0a04e74,may-include-mt-uci-style
id_ss_pilot_0396,Anda akan di sini untuk makanan,id,spamshield_indonesian_v1,ham:normal,NEEDS_REVIEW,orig-ham-chat-or-unclear,,,0fddeb9a2124,may-include-mt-uci-style
id_ss_pilot_0397,"Teman-teman yang terkasih, maaf atas keterlambatan informasi.Hari ini adalah ulang tahun kami yang tercinta Ar.Praveesh. untuk lebih banyak rincian login ke muka buku dan lihat.Nombornya + &lt;#&gt; .",id,spamshield_indonesian_v1,ham:normal,NEEDS_REVIEW,orig-ham-chat-or-unclear,,,28d10f101a74,may-include-mt-uci-style
id_ss_pilot_0398,Apakah Anda ingin Nokia 3510i Color Phone Baru yang Diserahkan Esok? dengan 200 menit GRATIS ke ponsel apa pun + 100 teks GRATIS + gratis camcorder Jawab atau Hubungi 08000930705,id,spamshield_indonesian_v1,spam:spam,AD,id-promo-keywords,,,b813fae0c206,may-include-mt-uci-style
id_ss_pilot_0399,"Terima kasih, pemenang diberitahu melalui sms. Good Luck! No future marketing reply STOP to 84122 customer service 08450542832",id,spamshield_indonesian_v1,spam:spam,FRAUD,id-fraud-keywords,,,850df6e45177,may-include-mt-uci-style
id_ss_pilot_0400,Aku akan bergabung besok.,id,spamshield_indonesian_v1,ham:normal,NEEDS_REVIEW,orig-ham-chat-or-unclear,,,71fa3c26b2f3,may-include-mt-uci-style
id_ss_pilot_0401,"Anda akan mendapatkan! 4* Costa Del Sol Anda atau £ 5.000 menunggu koleksi. hubungi 09050090044 sekarang untuk mengklaim. SAE, TC s, POBox334, Stockport, SK38xh, Harga £ 1.50/pm, Max10mins",id,spamshield_indonesian_v1,spam:spam,FRAUD,id-fraud-keywords,,,4afd507efb20,may-include-mt-uci-style
id_ss_pilot_0402,Tidak direncanakan lagi :) pergi untuk bergabung dengan perusahaan pada jan 5 hanya.don tahu apa yang akan terjadi setelah itu.,id,spamshield_indonesian_v1,ham:normal,NEEDS_REVIEW,orig-ham-chat-or-unclear,,,9d52f9062794,may-include-mt-uci-style
id_ss_pilot_0403,Apakah ada hari Jumat yang akan datang adalah liburan untuk pongal?Apakah Anda mendapatkan berita dari tempat kerja Anda.,id,spamshield_indonesian_v1,ham:normal,NEEDS_REVIEW,orig-ham-chat-or-unclear,,,5690c9f7bdb4,may-include-mt-uci-style
id_ss_pilot_0404,Sex up ur mobile dengan percuma seksi pic dari Jordan! hanya teks BABE ke 88600. kemudian setiap wk mendapatkan selebriti seksi! PocketBabe.co.uk 4 lagi gambar. 16 £3/jam 087016248,id,spamshield_indonesian_v1,spam:spam,HARASS,id-harass-keywords,,,7845f50810bf,may-include-mt-uci-style
id_ss_pilot_0405,Atau hanya lakukan itu 6 kali,id,spamshield_indonesian_v1,ham:normal,NEEDS_REVIEW,orig-ham-chat-or-unclear,,,8eb7c0407175,may-include-mt-uci-style
id_ss_pilot_0406,Dapatkan hadiah uang tunai £1000 atau hadiah bernilai £5000,id,spamshield_indonesian_v1,spam:spam,FRAUD,id-fraud-keywords,,,5e6256e55696,may-include-mt-uci-style
id_ss_pilot_0407,Terima kasih banyak untuk keinginan Anda untuk ulang tahun saya. terima kasih banyak untuk membuat ulang tahun saya benar-benar mengingati.,id,spamshield_indonesian_v1,ham:normal,NEEDS_REVIEW,orig-ham-chat-or-unclear,,,18ecb1853f4f,may-include-mt-uci-style
id_ss_pilot_0408,Anda juga membawa galileo atau dobby,id,spamshield_indonesian_v1,ham:normal,NEEDS_REVIEW,orig-ham-chat-or-unclear,,,a64b39673151,may-include-mt-uci-style
id_ss_pilot_0409,-PLS STOP bootydelious (32/F) mengundang Anda untuk menjadi pacarnya. jawab YES-434 atau NO-434 Lihat dia: www.SMS.ac/u/bootydelious STOP? kirim STOP FRND ke 62468,id,spamshield_indonesian_v1,spam:spam,NEEDS_REVIEW,orig-spam-unclear,,,37f3301b2b7d,may-include-mt-uci-style
id_ss_pilot_0410,Masa depan bukanlah apa yang kita rancang untuk besok... itu adalah hasil dari apa yang kita lakukan hari ini... lakukan yang terbaik di masa kini... nikmati masa depan.,id,spamshield_indonesian_v1,ham:normal,NEEDS_REVIEW,orig-ham-chat-or-unclear,,,8843842d55d7,may-include-mt-uci-style
id_ss_pilot_0411,"Anda adalah pemenang £ 1000 atau Anugerah Panggilan yang dijamin, ini adalah percobaan terakhir kami untuk menghubungi Anda! Untuk Menuntut Panggilan 09071517866 Sekarang! 150ppmPOBox10183BhamB64XE",id,spamshield_indonesian_v1,spam:spam,FRAUD,id-fraud-keywords,,,12041924b967,may-include-mt-uci-style
id_ss_pilot_0412,Aku ingin memegangmu di tanganku yang kuat sekarang...,id,spamshield_indonesian_v1,ham:normal,NEEDS_REVIEW,orig-ham-chat-or-unclear,,,56d3c44ad00e,may-include-mt-uci-style
id_ss_pilot_0413,Beritahu teman-teman Anda apa yang Anda rancang untuk dilakukan pada Hari Valentine @ &lt;URL&gt;,id,spamshield_indonesian_v1,ham:normal,NEEDS_REVIEW,orig-ham-chat-or-unclear,,,ed166a5b2f58,may-include-mt-uci-style
id_ss_pilot_0414,Kami berhenti mendapatkan es krim dan akan kembali setelah,id,spamshield_indonesian_v1,ham:normal,NEEDS_REVIEW,orig-ham-chat-or-unclear,,,759ebf15c57c,may-include-mt-uci-style
id_ss_pilot_0415,Yup... Hey kemudian suatu hari di fri kita bisa meminta miwa dan jiayin pergi karaoke,id,spamshield_indonesian_v1,ham:normal,NEEDS_REVIEW,orig-ham-chat-or-unclear,,,e0e2965d1405,may-include-mt-uci-style
id_ss_pilot_0416,"Ini adalah kali kedua kami telah mencoba 2 kontak u. U telah memenangkan hadiah 750 Pound. 2 tuntutan mudah, hubungi 08712101358 NOW! Hanya 10p per menit.",id,spamshield_indonesian_v1,spam:spam,FRAUD,id-fraud-keywords,,,0a40e3718f72,may-include-mt-uci-style
id_ss_pilot_0417,Apa yang terjadi pada 2 J?,id,spamshield_indonesian_v1,ham:normal,NEEDS_REVIEW,orig-ham-chat-or-unclear,,,5a6da367804c,may-include-mt-uci-style
id_ss_pilot_0418,WIN URGENT! nomor ponsel Anda telah dianugerahkan dengan £ 2000 hadiah GARANTI panggilan 09061790121 dari garis tanah. tuntutan 3030 valid 12hrs hanya 150ppm,id,spamshield_indonesian_v1,spam:spam,FRAUD,id-fraud-keywords,,,d1e34f09f961,may-include-mt-uci-style
id_ss_pilot_0419,thesmszone.com memungkinkan Anda mengirim pesan gratis anonim dan tersembunyi..dalam mengirim pesan ini dari sana..apakah Anda melihat potensi penyalahgunaan???,id,spamshield_indonesian_v1,spam:spam,AD,id-promo-keywords,,,502feaec4a6e,may-include-mt-uci-style
id_ss_pilot_0420,"Anda dijamin Nokia Phone terbaru, pemain iPod MP3 40GB atau hadiah £ 500! Txt word: COLLECT to No: 83355! IBHltd LdnW15H 150p/Mtmsgrcvd18+",id,spamshield_indonesian_v1,spam:spam,FRAUD,id-fraud-keywords,,,bd41d5865034,may-include-mt-uci-style
id_ss_pilot_0421,Hey sathya sampai sekarang kita dint bertemu tidak satu kali kemudian bagaimana saya bisa melihat situasi sathya.,id,spamshield_indonesian_v1,ham:normal,NEEDS_REVIEW,orig-ham-chat-or-unclear,,,ea077f670cf7,may-include-mt-uci-style
id_ss_pilot_0422,SMS AUCTION - A BRAND NEW Nokia 7250 adalah up 4 auction hari ini! Auction adalah FREE 2 bergabung & bergabung! Txt NOKIA ke 86021 sekarang! HG/Suite342/2Lands Row/W1J6HL,id,spamshield_indonesian_v1,spam:spam,NEEDS_REVIEW,orig-spam-unclear,,,b25a173dc12b,may-include-mt-uci-style
id_ss_pilot_0423,"Wnevr i wana fal in luv vth buku-buku saya, My bed fals in luv vth me...!” .Yen madodu, nav pretsorginta, nammanna pretsovru important alwa....!!:) Gud eveB-).",id,spamshield_indonesian_v1,ham:normal,HARASS,id-harass-keywords,,,6046dca49734,may-include-mt-uci-style
id_ss_pilot_0424,"Hello darling bagaimana Anda hari ini? saya akan suka memiliki chat, mengapa Anda tidak memberitahu saya apa yang Anda lihat dan apa yang Anda dalam untuk seksi?",id,spamshield_indonesian_v1,spam:spam,HARASS,id-harass-keywords,,,16fbc60ef3a5,may-include-mt-uci-style
id_ss_pilot_0425,"Oh ya! saya menemukan nomor Anda lagi! saya sangat senang, tulis saya kembali xafter ini msgs cst std ntwk chg £ 1.50",id,spamshield_indonesian_v1,spam:spam,NEEDS_REVIEW,orig-spam-unclear,,,ff931f13019b,may-include-mt-uci-style
id_ss_pilot_0426,"Khazanah, apa yang harus diperhatikan?",id,spamshield_indonesian_v1,ham:normal,NEEDS_REVIEW,orig-ham-chat-or-unclear,,,dd220d90efa6,may-include-mt-uci-style
id_ss_pilot_0427,Haha... Yup harap kita akan kehilangan beberapa kilogram oleh mon. setelah hip hop bisa pergi orchard dan berat lagi,id,spamshield_indonesian_v1,ham:normal,NEEDS_REVIEW,orig-ham-chat-or-unclear,,,fafdad2ad57e,may-include-mt-uci-style
id_ss_pilot_0428,Ingin seks eksplisit dalam 30 detik? cincin 02073162414 sekarang! biaya 20p/min Gsex POBOX 2667 WC1N 3XX,id,spamshield_indonesian_v1,spam:spam,HARASS,id-harass-keywords,,,45c63f938fcc,may-include-mt-uci-style
id_ss_pilot_0429,07732584351 - Rodger Burns - MSG = Kami mencoba untuk memanggil Anda kembali jawaban Anda ke sms kami untuk gratis Nokia mobile + gratis camcorder.,id,spamshield_indonesian_v1,spam:spam,AD,id-promo-keywords,,,c2d563c56f50,may-include-mt-uci-style
id_ss_pilot_0430,"449050000301 Anda telah memenangkan hadiah £2,000! untuk tuntutan, hubungi 09050000301.",id,spamshield_indonesian_v1,spam:spam,FRAUD,id-fraud-keywords,,,b61dab3de63f,may-include-mt-uci-style
id_ss_pilot_0431,"Anda telah memenangkan Nokia 7250i. ini adalah apa yang Anda dapatkan ketika Anda memenangkan lelongan GRATIS kami. Untuk berpartisipasi, kirim Nokia ke 86021 sekarang. HG/Suite342/2Lands Row/W1JHL 16+",id,spamshield_indonesian_v1,spam:spam,FRAUD,id-fraud-keywords,,,5b3f08cba89f,may-include-mt-uci-style
id_ss_pilot_0432,"House-Maid adalah pembunuh, coz laki-laki yang dibunuh pada &lt;#&gt;th Januari.. Sebagai liburan umum semua govt.institusi ditutup,termasuk kantor pos.. faham?",id,spamshield_indonesian_v1,ham:normal,NEEDS_REVIEW,orig-ham-chat-or-unclear,,,2ab064859491,may-include-mt-uci-style
id_ss_pilot_0433,Urgent! nomor ponsel Anda telah dianugerahkan dengan hadiah £ 2000 GARANTI. panggilan 09061790126 dari garis tanah. tuntutan 3030. valid 12hrs hanya 150ppm,id,spamshield_indonesian_v1,spam:spam,FRAUD,id-fraud-keywords,,,ce054eeb7b8e,may-include-mt-uci-style
id_ss_pilot_0434,"REMINDER FROM O2: Untuk mendapatkan 2.50 pound kredit panggilan gratis dan rincian penawaran besar pls reply 2 teks ini dengan nama valid Anda, nomor rumah dan kode pos",id,spamshield_indonesian_v1,spam:spam,AD,id-promo-keywords,,,0bc8fab2cad1,may-include-mt-uci-style
id_ss_pilot_0435,Peluang terakhir 2 menuntut ur £ 150 nilai kupon diskon-Text YES ke 85023 sekarang!SavaMob-member menawarkan mobile T Cs 08717898035. £ 3.00 Sub. 16 .,id,spamshield_indonesian_v1,spam:spam,AD,id-promo-keywords,,,29722d0abbce,may-include-mt-uci-style
id_ss_pilot_0436,Silakan hubungi perwakilan layanan pelanggan kami di 0800 169 6031 antara 10am-9pm karena Anda memiliki WON yang dijamin £1000 tunai atau £5000 hadiah!,id,spamshield_indonesian_v1,spam:spam,FRAUD,id-fraud-keywords,,,634de57cc7ce,may-include-mt-uci-style
id_ss_pilot_0437,Aku akan menjadi Aunty!,id,spamshield_indonesian_v1,ham:normal,NEEDS_REVIEW,orig-ham-chat-or-unclear,,,9c9e52da4338,may-include-mt-uci-style
id_ss_pilot_0438,Anda adalah pemenang U telah dipilih khusus 2 menerima £ 1000 atau 4* liburan (flight inc) berbicara kepada operator langsung 2 klaim 0871277810910p/min (18+),id,spamshield_indonesian_v1,spam:spam,FRAUD,id-fraud-keywords,,,13cb4f8542b6,may-include-mt-uci-style
id_ss_pilot_0439,Kami mencoba untuk menghubungi Anda kembali jawaban Anda untuk penawaran kami 750 mins 150 teks dan panggilan video baru 08002988890 sekarang atau jawaban untuk pengiriman gratis esok,id,spamshield_indonesian_v1,spam:spam,AD,id-promo-keywords,,,432b99813268,may-include-mt-uci-style
id_ss_pilot_0440,Semoga kamu tidak takut!,id,spamshield_indonesian_v1,ham:normal,NEEDS_REVIEW,orig-ham-chat-or-unclear,,,068853d1c0da,may-include-mt-uci-style
id_ss_pilot_0441,"Untuk ur kesempatan untuk memenangkan £ 250 tunai setiap wk TXT: AKSI ke 80608. www.movietrivia.tv custcare 08712405022, 1x150p/wk",id,spamshield_indonesian_v1,spam:spam,FRAUD,id-fraud-keywords,,,0ff9aa318eb6,may-include-mt-uci-style
id_ss_pilot_0442,K..i menghapus kontak saya itu mengapa?,id,spamshield_indonesian_v1,ham:normal,NEEDS_REVIEW,orig-ham-chat-or-unclear,,,5804ef8edaad,may-include-mt-uci-style
id_ss_pilot_0443,Urgent! nomor ponsel Anda telah dianugerahkan dengan hadiah £ 2000 GARANTI. panggilan 09058094455 dari garis tanah. tuntutan 3030.,id,spamshield_indonesian_v1,spam:spam,FRAUD,id-fraud-keywords,,,ce054eeb7b8e,may-include-mt-uci-style
id_ss_pilot_0444,"SIX peluang untuk menang CASH! dari 100 hingga 20.000 pound txt> CSH11 dan mengirim ke 87575. biaya 150p/hari, 6 hari, 16+ TsandCs memohon Jawab HL 4 info",id,spamshield_indonesian_v1,spam:spam,FRAUD,id-fraud-keywords,,,7ce9e72ba767,may-include-mt-uci-style
id_ss_pilot_0445,Urgent! kami mencoba untuk menghubungi U. Todays draw menunjukkan bahwa Anda telah memenangkan hadiah £ 800 GARANTI. panggilan 09050001808 dari garis tanah. tuntutan M95.,id,spamshield_indonesian_v1,spam:spam,FRAUD,id-fraud-keywords,,,d724b6035eec,may-include-mt-uci-style
id_ss_pilot_0446,"Text82228>> Dapatkan lebih banyak ringtones, logo dan permainan dari www.txt82228.com. Pertanyaan: info@txt82228.co.uk",id,spamshield_indonesian_v1,spam:spam,NEEDS_REVIEW,orig-spam-unclear,,,f13b19678185,may-include-mt-uci-style
id_ss_pilot_0447,88066 dari 88066 LOST 3POUND HELP,id,spamshield_indonesian_v1,spam:spam,NEEDS_REVIEW,orig-spam-unclear,,,5eb4273be53c,may-include-mt-uci-style
id_ss_pilot_0448,Babe: Anda ingin saya tidak punya bayi! Im nasty dan memiliki sesuatu 4 filthyguys. Fancy waktu yang kasar dengan kucing seksi. Bagaimana tentang kita pergi slo n keras! Txt XXX SLO(4msgs),id,spamshield_indonesian_v1,spam:spam,HARASS,id-harass-keywords,,,9eba47b8d6cb,may-include-mt-uci-style
id_ss_pilot_0449,"Hi babe dia Chloe, bagaimana r u? saya tergelincir di malam Sabtu, itu hebat! bagaimana akhir pekan Anda? Anda sedang merindukan saya? SP visionsms.com Teks berhenti untuk berhenti 150p/text",id,spamshield_indonesian_v1,spam:spam,NEEDS_REVIEW,orig-spam-unclear,,,8ec9de1813cd,may-include-mt-uci-style
id_ss_pilot_0450,PRIVATE! Pernyataan Akun 2003 Anda untuk menunjukkan 800 S. I. M. titik. Panggilan 08718738002 Kode Identifikasi: 48922 Hentikan 21/11/04,id,spamshield_indonesian_v1,spam:spam,NEEDS_REVIEW,orig-spam-unclear,,,ea3dd83382e6,may-include-mt-uci-style
id_ss_pilot_0451,Gratis Top ringtone -sub untuk mingguan ringtone-get 1st minggu free-send SUBPOLY untuk 81618-?3 per minggu-stop sms-08718727870,id,spamshield_indonesian_v1,spam:spam,AD,id-promo-keywords,,,56fb42b06c9e,may-include-mt-uci-style
id_ss_pilot_0452,Kami mencoba untuk menghubungi U. Hari ini menunjukkan bahwa Anda telah memenangkan hadiah £ 2000 dijamin. hubungi 09058094565 dari garis tanah.,id,spamshield_indonesian_v1,spam:spam,FRAUD,id-fraud-keywords,,,535c62e8cbe0,may-include-mt-uci-style
id_ss_pilot_0453,"Final Chance! tuntutan ur £150 nilai voucher diskon hari ini! teks ya ke 85023 sekarang! SavaMob, anggota menawarkan mobile! T Cs SavaMob POBOX84, M263UZ. £3.00 Subs 16",id,spamshield_indonesian_v1,spam:spam,AD,id-promo-keywords,,,3a082f567404,may-include-mt-uci-style
id_ss_pilot_0454,UR menganugerahkan City Break dan bisa memenangkan £ 200 setiap WK. Txt STORE sampai 88039.SkilGme.TsCs087147403231Winawk!Age16+£1.50perWKsub,id,spamshield_indonesian_v1,spam:spam,FRAUD,id-fraud-keywords,,,a1a438bec8c6,may-include-mt-uci-style
id_ss_pilot_0455,PRIVATE! 2003 Akuntansi Anda untuk 078,id,spamshield_indonesian_v1,spam:spam,NEEDS_REVIEW,orig-spam-unclear,,,c9fe5ca76095,may-include-mt-uci-style
id_ss_pilot_0456,"FREE RINGTONE TEXT FIRST to 87131 for a poly or text GET to 87131 for a true tone! Bantuan? 0845 2814032 16 setelah 1st free, ton adalah 3x£150pw untuk e£nd txt stop",id,spamshield_indonesian_v1,spam:spam,NEEDS_REVIEW,orig-spam-unclear,,,03c62b25dc66,may-include-mt-uci-style
id_ss_pilot_0457,U dun berkata begitu awal hor... U c sudah kemudian berkata...,id,spamshield_indonesian_v1,ham:normal,NEEDS_REVIEW,orig-ham-chat-or-unclear,,,525ab61c0fdb,may-include-mt-uci-style
id_ss_pilot_0458,Jawab untuk memenangkan £ 100 per minggu! olahraga profesional apa yang Tiger Woods mainkan? hentikan ke 87239 untuk layanan akhir,id,spamshield_indonesian_v1,spam:spam,FRAUD,id-fraud-keywords,,,697f0af4edde,may-include-mt-uci-style
id_ss_pilot_0459,"FreeMSG Anda telah dianugerahkan FREE mini DIGITAL CAMERA, hanya jawab SNAP untuk mengumpulkan hadiah Anda! (quizclub Opt out? Stop 80122300p/wk SP:RWM Ph:08704050406)",id,spamshield_indonesian_v1,spam:spam,FRAUD,id-fraud-keywords,,,f370e30e5f97,may-include-mt-uci-style
id_ss_pilot_0460,Saya ingin memberitahu Anda fantasi paling gelap saya. hubungi saya 09094646631 hanya 60p/min. untuk menghentikan teks hubungi 08712460324 (kadar malam),id,spamshield_indonesian_v1,spam:spam,NEEDS_REVIEW,orig-spam-unclear,,,75ef413c150a,may-include-mt-uci-style
id_ss_pilot_0461,Kami mencoba untuk menghubungi Anda kembali jawaban Anda ke sms kami untuk video mobile 750 mins UNLIMITED TEXT gratis camcorder Jawab atau hubungi sekarang 08000930705 Del Thurs,id,spamshield_indonesian_v1,spam:spam,AD,id-promo-keywords,,,432b99813268,may-include-mt-uci-style
id_ss_pilot_0462,Ingin Video Phone Baru? 750 kapan saja apa-apa rangkaian mins? setengah harga garis sewa teks gratis selama 3 bulan? Jawab atau hubungi 08000930705 untuk pengiriman gratis,id,spamshield_indonesian_v1,spam:spam,AD,id-promo-keywords,,,1cc5710e4bf8,may-include-mt-uci-style
id_ss_pilot_0463,"Sebagai salah satu pelanggan terdaftar kami, Anda dapat memasukkan voucher hadiah 4 a 100 G.B. dengan mengisi dengan ENTER.",id,spamshield_indonesian_v1,spam:spam,FRAUD,id-fraud-keywords,,,d11efb351c2f,may-include-mt-uci-style
id_ss_pilot_0464,Tahniah kamu menang. kamu adalah pemenang pada bulan Agustus kami £ 1000 Prize Draw. hubungi 09066660100 NOW. kode hadiah 2309.,id,spamshield_indonesian_v1,spam:spam,FRAUD,id-fraud-keywords,,,fb7a40c0d4a3,may-include-mt-uci-style
id_ss_pilot_0465,Terima Kasih 4 Hari Ini CER IT WAS NICE 2 CATCH UP BUT WE AVE 2 FIND MORE TIME MORE FAST OH WILL TAKE CARE C U SOON.C,id,spamshield_indonesian_v1,ham:normal,NEEDS_REVIEW,orig-ham-chat-or-unclear,,,6fc43790e83f,may-include-mt-uci-style
id_ss_pilot_0466,"Pesan GRATIS Mengaktifkan 500 Pesan Teks GRATIS Anda dengan menjawab pesan ini dengan kata GRATIS Untuk ketentuan dan ketentuan, kunjungi www.07781482378.com",id,spamshield_indonesian_v1,spam:spam,AD,id-promo-keywords,,,ab80382178fb,may-include-mt-uci-style
id_ss_pilot_0467,Kemenangan lebih dari £ 1000 dalam kuiz kami dan ambil pasangan Anda pada perjalanan seumur hidup! Hantar GO ke 83600 sekarang. 150p/msg rcvd. CustCare:08718720201.,id,spamshield_indonesian_v1,spam:spam,FRAUD,id-fraud-keywords,,,008288a8b353,may-include-mt-uci-style
id_ss_pilot_0468,"LookAtMe!: Terima kasih untuk pembelian klip video dari LookAtMe!, Anda telah dimuat 35p. berpikir Anda bisa lebih baik?",id,spamshield_indonesian_v1,spam:spam,NEEDS_REVIEW,orig-spam-unclear,,,ccc4b60dc510,may-include-mt-uci-style
id_ss_pilot_0469,"Jadi jangan tergesa-gesa pulang, saya makan nachos. akan membiarkan Anda tahu eta.",id,spamshield_indonesian_v1,ham:normal,NEEDS_REVIEW,orig-ham-chat-or-unclear,,,88c0bc91a6c2,may-include-mt-uci-style
id_ss_pilot_0470,Tidak tahu mendukung pantat dan srt i thnk. saya pikir ps3 dapat memainkan melalui usb juga,id,spamshield_indonesian_v1,ham:normal,HARASS,id-harass-keywords,,,470413664679,may-include-mt-uci-style
id_ss_pilot_0471,Knock Knock Txt yang ada ke 80082 untuk masuk r mingguan menarik 4 a £250 voucher hadiah 4 sebuah toko pilihan yr. T&Cs www.tkls.com umur16 untuk stoptxtstop£1.50/minggu,id,spamshield_indonesian_v1,spam:spam,FRAUD,id-fraud-keywords,,,440601a40a99,may-include-mt-uci-style
id_ss_pilot_0472,Tahniah ur dianugerahkan £500 dari CD hadiah voucher & Gratis entri 2 kami £100 mingguan dicetak txt MUSIC ke 87066 TnCs www.Ldew.com 1 menang150ppmx3age16,id,spamshield_indonesian_v1,spam:spam,FRAUD,id-fraud-keywords,,,86899c1f077f,may-include-mt-uci-style
id_ss_pilot_0473,Ur ringtone layanan telah berubah! 25 kredit gratis! pergi ke club4mobiles.com untuk memilih konten sekarang! berhenti? txt CLUB STOP ke 87070. 150p/wk Club4 PO Box1146 MK45 2WT,id,spamshield_indonesian_v1,spam:spam,AD,id-promo-keywords,,,a1684c836811,may-include-mt-uci-style
id_ss_pilot_0474,500 gratis teks msgs. hanya teks ok ke 80488 dan kami akan kredit akun Anda,id,spamshield_indonesian_v1,spam:spam,AD,id-promo-keywords,,,f3be879054c6,may-include-mt-uci-style
id_ss_pilot_0475,4mths setengah harga Orange line rental & terbaru kamera telepon 4 FREE. Apakah ponsel Anda 11mths ? Hubungi MobilesDirect gratis di 08000938767 untuk update sekarang! or2stoptxt,id,spamshield_indonesian_v1,spam:spam,AD,id-promo-keywords,,,bffa46f870b3,may-include-mt-uci-style
id_ss_pilot_0476,Nikmati jamster video sound gold club dengan kredit Anda untuk 2 video baru+2 logo+musicnews! dapatkan lebih banyak kesenangan dari jamster.co.uk! 16+hanya Bantuan? hubungi: 09701213186,id,spamshield_indonesian_v1,spam:spam,NEEDS_REVIEW,orig-spam-unclear,,,83b902e50231,may-include-mt-uci-style
id_ss_pilot_0477,Hi did u memutuskan wot 2 mendapatkan 4 bday jika tidak sakit prob jus mendapatkan dia voucher frm perawan atau sumfing,id,spamshield_indonesian_v1,ham:normal,AD,id-promo-keywords,,,04700d44f092,may-include-mt-uci-style
id_ss_pilot_0478,Telefon kamera video gratis dengan sewa garis Half Price untuk 12 mths dan 500 cross ntwk mins 100 txts. panggilan MobileUpd8 08001950382 atau Call2OptOut/674,id,spamshield_indonesian_v1,spam:spam,AD,id-promo-keywords,,,d5302da2111d,may-include-mt-uci-style
id_ss_pilot_0479,Anda dapat menghubungi saya plz. nomor Anda menunjukkan dari area coveragd. saya memiliki panggilan mendesak di vasai &amp; harus sampai sebelum jam 4'o jadi hubungi saya plz,id,spamshield_indonesian_v1,ham:normal,NEEDS_REVIEW,orig-ham-chat-or-unclear,,,1ad4e7468f62,may-include-mt-uci-style
id_ss_pilot_0480,"Sangat aneh. dan sedang menonton 2nd satu sekarang tapi saya di tempat tidur. mimpi manis, miss u",id,spamshield_indonesian_v1,ham:normal,NEEDS_REVIEW,orig-ham-chat-or-unclear,,,ac74eb896e1f,may-include-mt-uci-style
id_ss_pilot_0481,"Anda dijamin Nokia Phone terbaru, pemutar iPod MP3 40GB atau hadiah £ 500! Txt word: COLLECT to No: 83355! IBHltd LdnW15H 150p/Mtmsgrcvd18",id,spamshield_indonesian_v1,spam:spam,FRAUD,id-fraud-keywords,,,677d4be5cea8,may-include-mt-uci-style
id_ss_pilot_0482,Teks usia Anda diikuti oleh GENDER Anda sebagai mitra M atau F E.G.23F. Untuk pria gay teks usia Anda diikuti oleh G. e.g.23G.,id,spamshield_indonesian_v1,spam:spam,NEEDS_REVIEW,orig-spam-unclear,,,b12531e060b0,may-include-mt-uci-style
id_ss_pilot_0483,Arda 6 seperti dat lor.,id,spamshield_indonesian_v1,ham:normal,NEEDS_REVIEW,orig-ham-chat-or-unclear,,,acc6d8bb449f,may-include-mt-uci-style
id_ss_pilot_0484,Jangan berdiri untuk menutup tho- Anda akan menangkap sesuatu!,id,spamshield_indonesian_v1,ham:normal,FRAUD,id-fraud-keywords,,,203e4e9bacb5,may-include-mt-uci-style
id_ss_pilot_0485,Apakah kita harus memilih ur gf?,id,spamshield_indonesian_v1,ham:normal,NEEDS_REVIEW,orig-ham-chat-or-unclear,,,cc5757a64592,may-include-mt-uci-style
id_ss_pilot_0486,memberitahu Anda 2 panggilan 09066358152 untuk menuntut hadiah £5000. Anda memiliki 2 memasukkan semua ur mobile & detail pribadi @ prompts.,id,spamshield_indonesian_v1,spam:spam,FRAUD,id-fraud-keywords,,,59e70e69113e,may-include-mt-uci-style
id_ss_pilot_0487,"Ini adalah kali kedua kami telah mencoba 2 kontak u. U telah memenangkan hadiah £ 750 Pound. 2 tuntutan mudah, hubungi 087187272008 NOW1! Hanya 10p per menit.",id,spamshield_indonesian_v1,spam:spam,FRAUD,id-fraud-keywords,,,0a40e3718f72,may-include-mt-uci-style
id_ss_pilot_0488,Anda telah memenangkan anugerah £ 200 yang dijamin atau bahkan £ 1000 cashto tuntutan anugerah UR panggilan gratis di 08000407165 (18+) 2 stop getstop di 88222 PHP.,id,spamshield_indonesian_v1,spam:spam,FRAUD,id-fraud-keywords,,,514fc4229bba,may-include-mt-uci-style
id_ss_pilot_0489,WIN satu tahun penawaran CD 4 sebuah toko ur pilihan bernilai £ 500 & masukkan kami £ 100 Tiket mingguan TXT MUSIC ke 87066 Ts&Cs www.Ldew.com.subs16+1win150ppmx3,id,spamshield_indonesian_v1,spam:spam,NEEDS_REVIEW,orig-spam-unclear,,,efe9716eeb83,may-include-mt-uci-style
id_ss_pilot_0490,Anda dialu-alukan ... Anda terperangkap menggunakan bahasa Inggris yang rusak lagi ...,id,spamshield_indonesian_v1,ham:normal,NEEDS_REVIEW,orig-ham-chat-or-unclear,,,6ea7a5a185a4,may-include-mt-uci-style
id_ss_pilot_0491,"Xmas Offer! terbaru Motorola, SonyEricsson & Nokia & FREE Bluetooth atau DVD! Double Mins & 1000 Txt pada Orange. hubungi MobileUpd8 di 08000839402 atau call2optout/4QF2",id,spamshield_indonesian_v1,spam:spam,NEEDS_REVIEW,orig-spam-unclear,,,6ffb7b0e11e5,may-include-mt-uci-style
id_ss_pilot_0492,Anda memiliki WON uang tunai yang dijamin £1000 atau hadiah £2000. Untuk menuntut hadiah yr hubungi perwakilan layanan pelanggan kami di 08714712379 antara 10am-7pm Biaya 10p,id,spamshield_indonesian_v1,spam:spam,FRAUD,id-fraud-keywords,,,0dd9bca810a6,may-include-mt-uci-style
id_ss_pilot_0493,"Akun Anda telah dipinjam dengan 500 FREE Text Messages. untuk mengaktifkan, hanya mengetik kata: CREDIT ke No: 80488 T&Cs www.80488.biz",id,spamshield_indonesian_v1,spam:spam,AD,id-promo-keywords,,,6843a27da6df,may-include-mt-uci-style
id_ss_pilot_0494,"Nombor vodafone hari ini berakhir dengan 0089 (empat digit terakhir saya) dipilih untuk menerima hadiah £350. Jika nomor Anda bertanding, silakan hubungi 09063442151 untuk menuntut hadiah £350 Anda",id,spamshield_indonesian_v1,spam:spam,FRAUD,id-fraud-keywords,,,7bb29e0cb68a,may-include-mt-uci-style
id_ss_pilot_0495,Untuk mengumpulkan pesan Anda hanya hubungi 08718723815.,id,spamshield_indonesian_v1,spam:spam,NEEDS_REVIEW,orig-spam-unclear,,,a053bb869e2b,may-include-mt-uci-style
id_ss_pilot_0496,Anda adalah pemenang yang telah dipilih khusus untuk menerima uang tunai £1000 atau hadiah £2000. Bercakap dengan operator langsung untuk menuntut panggilan 087123002209am-7pm.,id,spamshield_indonesian_v1,spam:spam,FRAUD,id-fraud-keywords,,,bc8124e936f2,may-include-mt-uci-style
id_ss_pilot_0497,Don't b floppy... b snappy & happy! hanya gay chat service dengan foto upload call 08718730666 (10p/min). 2 stop teks kami call 08712460324,id,spamshield_indonesian_v1,spam:spam,NEEDS_REVIEW,orig-spam-unclear,,,89e080413da6,may-include-mt-uci-style
id_ss_pilot_0498,Jadi gd mendapat free ice cream... I oso wan...,id,spamshield_indonesian_v1,ham:normal,NEEDS_REVIEW,orig-ham-chat-or-unclear,,,258c9178e466,may-include-mt-uci-style
id_ss_pilot_0499,Hati kosong tanpa cinta.. pikiran kosong tanpa kebijaksanaan.. mata kosong tanpa mimpi &amp; Hidup kosong tanpa frnds.. So Alwys Be In Touch.,id,spamshield_indonesian_v1,ham:normal,NEEDS_REVIEW,orig-ham-chat-or-unclear,,,ccd69676acfa,may-include-mt-uci-style
