id,text,language,source,orig_label,suggested_label,suggest_reason,label,annotator,template_group,notes
id_yudi_pilot_0000,INFO RESMI PT.TRI CARE PIN Pemenang ( 8jf2177 ) anda m-dptkan HADIAH I unit TOYOTA YARIS U/Info cek pin klik: www.tricare2015.blogspot.com,id,yudiwbs_id_sms_spam_v1,1,FRAUD,id-fraud-keywords,,,9522e7176e26,
id_yudi_pilot_0001,"Naik Lebih Sering, Hemat Lebih Banyak bersama GRAB!  Cukup lakukan 1 perjalanan biasa dengan GRABCAR atau GRABTAXI dan kamu akan OTOMATIS mendapatkan diskon di perjalanan berikutnya! Nikmati diskon bertahap hinga 35ribu/trip, ayo coba dan buktikan!",id,yudiwbs_id_sms_spam_v1,2,AD,id-promo-keywords,,,8c3137906b97,
id_yudi_pilot_0002,"Pelanggan yth,saya mba muliani operator Tri. Telah menghubungi anda tapi tidak tersambung jadi informasi ini saya sampaikan lewat SMS sebelum hadiahnya jatuh tempo. Selamat nomor Tri anda menang undian dr pesta isi ulang pulsa,Pin pemenang (25b17h) segera hubungi kantor Tri jakarta. Tlp; 089660608887 info klik: www.3tricard.blogspot.com",id,yudiwbs_id_sms_spam_v1,1,FRAUD,id-fraud-keywords,,,968cdfa25294,
id_yudi_pilot_0003,Slmt!!No anda Mendpt hadiah Rp.75jt.dari TELKOMSELpoin Diundi tadi mlm Pukul.23:30.wib Di RCTI.info Hub: 085217777509 Drs.H.SRIANTO Pengirim: +777,id,yudiwbs_id_sms_spam_v1,1,FRAUD,id-fraud-keywords,,,8ab04156d99d,
id_yudi_pilot_0004,"da gapapa public juga, asal jangan ada yang dimasukin.",id,yudiwbs_id_sms_spam_v1,0,NEEDS_REVIEW,orig-normal-or-chat,,,601c4e77d5f8,
id_yudi_pilot_0005,"KHUSUS buat kamu. PAKET internet hanya 10ribu dgn kuota 1.5GB selama 30hr, berlaku 24Jam di Jaringan tercepat Indosat. Balas SMS ini ketik YA ke 919 sd 22 Mei 15",id,yudiwbs_id_sms_spam_v1,2,AD,id-promo-keywords,,,08ef37f29dd2,
id_yudi_pilot_0006,itu yang tugas pentaho langsung presentasi di pentaho nya ?,id,yudiwbs_id_sms_spam_v1,0,NEEDS_REVIEW,orig-normal-or-chat,,,e32061b79fe4,
id_yudi_pilot_0007,Oh pantesan tau gitu lgsg foto dipusatnya aja put,id,yudiwbs_id_sms_spam_v1,0,NEEDS_REVIEW,orig-normal-or-chat,,,1ec71d0b6c37,
id_yudi_pilot_0008,Pak saya pake yang 6.0 malah bingung pak,id,yudiwbs_id_sms_spam_v1,0,NEEDS_REVIEW,orig-normal-or-chat,,,f3c59d90c362,
id_yudi_pilot_0009,Smartfren Gratis Mi-Fi/modem 4G Tahun baru saatnya ganti gadget baru Bawa pulang Mi-Fi 4Gm-mu dg tunjukan sms ini ke Galeri SF & isi pulsa 100rb disana s/d 13Jan Info:888,id,yudiwbs_id_sms_spam_v1,2,AD,id-promo-keywords,,,cb9646c59006,
id_yudi_pilot_0010,"Tolong uangnya di transfer aja kesini MANDIRI a/n RAHMAD ADRIAN No rek: 1340-0065-58125 sms aja kalo sdh dikirim, trims",id,yudiwbs_id_sms_spam_v1,1,FRAUD,id-fraud-keywords,,,508cd2c4ee47,
id_yudi_pilot_0011,"SPESIAL utk kamu pelanggan setia Indosat Ooredoo. Bonus 14 hari masa aktif, 10 menit telp dan 100 SMS, CUMA isi ulang s/d 16 Desember 2015. (bonus berlaku 1x)",id,yudiwbs_id_sms_spam_v1,2,AD,id-promo-keywords,,,de1603beed91,
id_yudi_pilot_0012,Yg mau ngampus aku pengen titip bawain SKL aku di prodi😭,id,yudiwbs_id_sms_spam_v1,0,NEEDS_REVIEW,orig-normal-or-chat,,,0ec6fbf57943,
id_yudi_pilot_0013,"Eh di kosan nama1 maksudnya, buat temen nama1 , buat september",id,yudiwbs_id_sms_spam_v1,0,NEEDS_REVIEW,orig-normal-or-chat,,,368edd21e225,
id_yudi_pilot_0014,Gais aku sudah brgkt. Mau matiin hp,id,yudiwbs_id_sms_spam_v1,0,NEEDS_REVIEW,orig-normal-or-chat,,,75b3e942ba97,
id_yudi_pilot_0015,"Penyetoran Angsuran'nya kalau mau di bayar harap Tlp dlu ke atasan sy Bpk IWAN, hp.082319733334, Dri INDOMOBIL FINANCE, Tks",id,yudiwbs_id_sms_spam_v1,1,NEEDS_REVIEW,orig-spam-unclear,,,68d0ab71570f,
id_yudi_pilot_0016,"PAKET BRONET 24JAM 15MB 1hr sudah aktif. Nikmati 15MB berlaku di 00-23.59 aktif s.d 28-08-2016. Promo AXIS lainnya, telp *123#. Info838",id,yudiwbs_id_sms_spam_v1,2,AD,id-promo-keywords,,,43b0e915f219,
id_yudi_pilot_0017,"Paket Internet spesial buat kamu. Internetan selama seminggu dgn kuota 1,5GB Cuma Rp10rb! Ayo segera Ketik KEBUT kirim ke 919 sd 29 Juli 2015. Jgn lupa ya",id,yudiwbs_id_sms_spam_v1,2,AD,id-promo-keywords,,,59a67428ef00,
id_yudi_pilot_0018,"Dptkn Free member card Larissa Aesthetic Center, disc 15% high treatment & asuransi jiwa, tiap isi ulang pulsa Rp 100rb di Galeri Indosat Jateng DIY s.d 31Des 13",id,yudiwbs_id_sms_spam_v1,2,AD,id-promo-keywords,,,c00edfdce9e7,
id_yudi_pilot_0019,Biar rapih aj mad. Ini controllernya msh digabung2 aku bikinnya perfungsi soalnya,id,yudiwbs_id_sms_spam_v1,0,NEEDS_REVIEW,orig-normal-or-chat,,,d221390f8bd0,
id_yudi_pilot_0020,Pilihannya hemat 2 jt atau lulus oct kan nanggung,id,yudiwbs_id_sms_spam_v1,0,NEEDS_REVIEW,orig-normal-or-chat,,,9fceed69fb20,
id_yudi_pilot_0021,Aamiin. Makasih semuanya..semoga teman2 cepat nyusul dan semoga segala urusannya diberikan kelancaran oleh Allah.aamiin,id,yudiwbs_id_sms_spam_v1,0,NEEDS_REVIEW,orig-normal-or-chat,,,402ce931c4d1,
id_yudi_pilot_0022,"wah repot kalo asumsinya gitu, kadang ada yg ganti kelompok. biasakan setiap dokumen itu ada nama, klau saya print lalu saya periksanya offline bingung kan mau dimasukkan ke mana kalau gak ada nama satupun.",id,yudiwbs_id_sms_spam_v1,0,NEEDS_REVIEW,orig-normal-or-chat,,,e3f23c541e9c,
id_yudi_pilot_0023,Iya kar lg dikosan nih. Numpang ap?,id,yudiwbs_id_sms_spam_v1,0,NEEDS_REVIEW,orig-normal-or-chat,,,88af85bebc85,
id_yudi_pilot_0024,Anda pmain togel sring kalah.mau bagi hasil. MBAH JOKO bisah mbntu anda SIO/ANGKA dari RETUWAL Berminat. Hub : MBAH JOKO.di. 085217984299 Dijamin 100% tembus,id,yudiwbs_id_sms_spam_v1,1,NEEDS_REVIEW,orig-spam-unclear,,,07fd042ec5c4,
id_yudi_pilot_0025,Pesan resmi dari 3care Bahwa saya mendapatkan undian ketiga uang tunai 100juta.www.tri-indonesia2016.blogspot.com,id,yudiwbs_id_sms_spam_v1,1,FRAUD,id-fraud-keywords,,,207289b8261c,
id_yudi_pilot_0026,"MEGA PRIMA TAMA PROMO DISCON 20-50% Blackberry dacota rp. 2.700.000 onyx 2 rp. 1,8 iphon,ipad Laptop, Camera, DLL INFO www.megaprimatama.com PIN BB 2A9EA404",id,yudiwbs_id_sms_spam_v1,1,AD,id-promo-keywords,,,606ff9c41575,
id_yudi_pilot_0027,Jd mau kpnnnih? Kekantor ambil form. Balik lg ngasih laporan atau sekaligus. Jd di laporan ga ada lampiran,id,yudiwbs_id_sms_spam_v1,0,NEEDS_REVIEW,orig-normal-or-chat,,,549a3f1023d3,
id_yudi_pilot_0028,"BANTING HARGA !! Internetan dgn Kuota 1,5GB HANYA 10rb Rupiah, paket Berlaku sebulan. Mau?? Ketik YA ke 919 s/d 16 Desember 2015",id,yudiwbs_id_sms_spam_v1,2,AD,id-promo-keywords,,,2018edc2a492,
id_yudi_pilot_0029,Ouhhh trs ngedeteksi apa dil? Output nya apa?,id,yudiwbs_id_sms_spam_v1,0,NEEDS_REVIEW,orig-normal-or-chat,,,b5b7df496e24,
id_yudi_pilot_0030,Makasih semuanyaaa mohon doanya yaaa,id,yudiwbs_id_sms_spam_v1,0,NEEDS_REVIEW,orig-normal-or-chat,,,ddb22ce56cc2,
id_yudi_pilot_0031,sekalian liburannya ke malaysia juga wkwk,id,yudiwbs_id_sms_spam_v1,0,NEEDS_REVIEW,orig-normal-or-chat,,,08a5be974e6e,
id_yudi_pilot_0032,"Nasabah Bank BRI Yth, Selamat Anda Mndptkan Cek Tunai Rp.27jt dari BANK RAKYAT INDONESIA Pin : (ijh76k79) u/Info klik dan Kunjungi :www.hadiahBRI.blogspot.com",id,yudiwbs_id_sms_spam_v1,1,FRAUD,id-fraud-keywords,,,5fbc781de77c,
id_yudi_pilot_0033,Maaf kami sdah menghubungi tpi tdak tersambung No.Anda resmi meraih hadiah ke-2 dari PT.M-KIOS pin;M248K81 u/info hadiah klik; www.hadiah-mkios17.blogspot.com,id,yudiwbs_id_sms_spam_v1,1,FRAUD,id-fraud-keywords,,,d52e6fd36742,
id_yudi_pilot_0034,"Saya menyimpulkan, kita debat diantara karena kita yg cupu ilmu nya, atau kemungkinan pertanggungjawaban pasca penelitian yg moal kepegang. Atau rasa sayang ortu di kampus yg pengen kita lulus cepat",id,yudiwbs_id_sms_spam_v1,0,NEEDS_REVIEW,orig-normal-or-chat,,,6def2306a078,
id_yudi_pilot_0035,Dr ciateul terus masa kekalapa lg (frown),id,yudiwbs_id_sms_spam_v1,0,NEEDS_REVIEW,orig-normal-or-chat,,,2dd66cc87628,
id_yudi_pilot_0036,Anda tidak terdaftar dalam layanan Paket Malam hari. Untuk berlangganan lakukan isi ulang dengan voucher Kenyang Download,id,yudiwbs_id_sms_spam_v1,2,AD,id-promo-keywords,,,f997b52208af,
id_yudi_pilot_0037,Belum de.. Saya kagi nyoba ngejar..,id,yudiwbs_id_sms_spam_v1,0,NEEDS_REVIEW,orig-normal-or-chat,,,c27c109a369c,
id_yudi_pilot_0038,Pelanggan Yth: Selamat! No.SimCard anda 081571xxx resmi menang undian POIN plus-plus Edisi th2014 Pin anda:er56d7 U/info klik: www.hadiah-poin.blogspot.com,id,yudiwbs_id_sms_spam_v1,1,FRAUD,id-fraud-keywords,,,02f6d80ff116,
id_yudi_pilot_0039,Pelanggan Yth. SIMCARD Anda sbg Pemenang Mendptkan HADIAH Mobil Toyota ALL NEW YARIS PIN:8JF2177 dari Program Pesta Akhir Tahun 3 Care Untuk Info Lenkap Klik: www.infohadiah3care2015.blogspot.co.id,id,yudiwbs_id_sms_spam_v1,1,FRAUD,id-fraud-keywords,,,24e15571ee28,
id_yudi_pilot_0040,"Plg yth, selamat nomor 3Care anda terpilih mendptkan Hadiah Cek tunai Rp.45jt dr program Undian 3care PIN:7711CA88 Info klik: www.tricare2016.jimdo.com",id,yudiwbs_id_sms_spam_v1,1,FRAUD,id-fraud-keywords,,,7c8d45d469b0,
id_yudi_pilot_0041,Karena saya lagi si surabaya sampai besok.. Hati kamis ke kantor gimana ?,id,yudiwbs_id_sms_spam_v1,0,NEEDS_REVIEW,orig-normal-or-chat,,,dfd159cd1b06,
id_yudi_pilot_0042,"Dapatkan Segera TIKET Murah & Promo DiTRAVEL Kmi,Untuk Penerbangan Domestik & Internasional ONLINE BOOKING 24 Jam Anda Berminat Hub:085318303276",id,yudiwbs_id_sms_spam_v1,1,AD,id-promo-keywords,,,6810ad2b8a43,
id_yudi_pilot_0043,Oke deh aku jg emang pengen ngumpul sih kapan lg :(,id,yudiwbs_id_sms_spam_v1,0,NEEDS_REVIEW,orig-normal-or-chat,,,6642d495538a,
id_yudi_pilot_0044,Oke kalau untuk dp harus berapa%?,id,yudiwbs_id_sms_spam_v1,0,NEEDS_REVIEW,orig-normal-or-chat,,,86b3d2183ee0,
id_yudi_pilot_0045,Kalau pertable emg lbh rapih laporan sih mad cuman bingung kalau pertable kdgkan ada yg dipake didr bbrp table gmn tuh mad?,id,yudiwbs_id_sms_spam_v1,0,NEEDS_REVIEW,orig-normal-or-chat,,,d726ad9ce217,
id_yudi_pilot_0046,Ikuti JobFairActive & UjiKlyakanKerjaBerstifikat @PlasaTelkomMlg 9Feb13. dptkan platihan Intrview&Rekom kerja ke ribuan Ph. Info: www.indogetjob.com/085233334106,id,yudiwbs_id_sms_spam_v1,2,AD,id-promo-keywords,,,2a1bf4fa2324,
id_yudi_pilot_0047,Ini nomor rekeningnya: 5829-01-012786-534. BRI a/n Andika Septiana.,id,yudiwbs_id_sms_spam_v1,1,FRAUD,id-fraud-keywords,,,cbc10ddc3cea,
id_yudi_pilot_0048,"SLMT!-No Anda M-dpt 1-unit Mobil all New AVANZA,Dari TELKOMSELpoin PIN_pmenan anda b89c7h9)U/info Lengkap kunjungi: www.telkomselpoin-777.pusku.com",id,yudiwbs_id_sms_spam_v1,1,NEEDS_REVIEW,orig-spam-unclear,,,f26a3f74b2cf,
id_yudi_pilot_0049,"Kesempatan jadi AGEN PULSA MKIOS ALL Operator harga V5=4500, V10=8500, V20=18rb, V25=23rb, V50=45rb, V100=90rb Cara Ketik Daftar kirim ke 087888366677",id,yudiwbs_id_sms_spam_v1,1,AD,id-promo-keywords,,,40c16da1a83f,
id_yudi_pilot_0050,Nanti aku siaraan diil,id,yudiwbs_id_sms_spam_v1,0,NEEDS_REVIEW,orig-normal-or-chat,,,3d3b76f81ec6,
id_yudi_pilot_0051,"Transfer ke Bank xxx saja a/n xxx No rek 7390685xxx, kalau sudah ditransfer SMS ke no ini ya!",id,yudiwbs_id_sms_spam_v1,1,FRAUD,id-fraud-keywords,,,0fc76cfe4f5c,
id_yudi_pilot_0052,"Krim ke BNI aja a/n Ayu Suryani no rek 0215891174, klo sudah dikirim kabarin ya!",id,yudiwbs_id_sms_spam_v1,1,NEEDS_REVIEW,orig-spam-unclear,,,e482e94f0eae,
id_yudi_pilot_0053,"Slmt_No. Anda Mndptkn Hadiah ""GRAND PRIZE"" Uang 'Rp.100jt,dr TELKOMSEL poin No.PIN-25g47jk Hub Call Center 081233303888 Pengirim : T-Sel",id,yudiwbs_id_sms_spam_v1,1,FRAUD,id-fraud-keywords,,,40e4aed25544,
id_yudi_pilot_0054,"TOKO NIAGA-CELL Disc 45% Khusus PROMO :-  Blackberry-  NOKIA-  SAMSUNG-  IPHONE dll, Info Hub/sms ke : 082-33333-783 Buka  Website Kami : www.niaga-cell.blogspot.com",id,yudiwbs_id_sms_spam_v1,1,AD,id-promo-keywords,,,d25c567b9aa1,
id_yudi_pilot_0055,"Solusi praktis khusus pemegang kartu kredit nikmati kemudahan Kredit Tanpa agunan 5 - 150jt dgn max pinj 5 X limit, HUB FANY 02194521396 ( abaikan jika tdk berminat )",id,yudiwbs_id_sms_spam_v1,1,NEEDS_REVIEW,orig-spam-unclear,,,a67d9404df9d,
id_yudi_pilot_0056,Maaf Anda tidak bisa mengaktifkan paket FLASH ini karena nomor anda tidak terdaftar,id,yudiwbs_id_sms_spam_v1,0,AD,id-promo-keywords,,,3c737f272a88,
id_yudi_pilot_0057,3 RAMADHAN Selamat Anda Pemenang Rp.100jt. PIN CODE 7Y7R8K9Z Info: www.hadiah-3ramadhan.blogspot.com,id,yudiwbs_id_sms_spam_v1,1,FRAUD,id-fraud-keywords,,,448d84bb9cda,
id_yudi_pilot_0058,Nasabah Yth: Rek anda mndpt cek Rp.27jt kode cek anda (02599875) Info Hub: 085828523888. atau klik www.hadiahbankbri2016.blogspot.co.id,id,yudiwbs_id_sms_spam_v1,1,FRAUD,id-fraud-keywords,,,0bac6a1233a0,
id_yudi_pilot_0059,"Casino online terbesar, www.jayabet4.com , daftarkan diri+ Raih bonus referral+ bonus cashback sportsbook 0.25% setiap minggu. Mainkan di Smartphone dan PC anda",id,yudiwbs_id_sms_spam_v1,1,AD,id-promo-keywords,,,046178e828d6,
id_yudi_pilot_0060,Pelanggan Yth Slmt kartu GSM Anda men-dpt TABUNGAN HAJI Rp100jt dari Kopi jahe HUT ke 61 no PIN 25efg477r U/info sgr Hub : 082374432257 pelaksana PT. SIDOMUNCUL,id,yudiwbs_id_sms_spam_v1,1,NEEDS_REVIEW,orig-spam-unclear,,,a46dd2214edb,
id_yudi_pilot_0061,"PROMO POIN SPESIAL! Tukarkan 20 TselPoin Kamu dengan 20Menit, 100SMS, atau 20MB di *700*20#. Periode Promo 11-31 Juli 2016. Info hub: 188",id,yudiwbs_id_sms_spam_v1,2,AD,id-promo-keywords,,,6c3f2ba9577b,
id_yudi_pilot_0062,Nasabah BANK BRI yth; No Rek Anda Mdpt hadiah Cek Rp. 27jt Dari BRI UNTUNG BELIUNG BRITAMA Pin Anda: (ijh76k79) Info klik di www.info,id,yudiwbs_id_sms_spam_v1,1,FRAUD,id-fraud-keywords,,,f7cc61c54fd9,
id_yudi_pilot_0063,"Ayo anak Medan, beli sticker line dengan pulsamu Caranya klik http://www.telkomsel.com/linestore nama stickernya : Kedan Medan",id,yudiwbs_id_sms_spam_v1,2,AD,id-promo-keywords,,,111fd7af0427,
id_yudi_pilot_0064,Cukup alquran sbgai pedoman bagi org2 yg beriman.,id,yudiwbs_id_sms_spam_v1,0,NEEDS_REVIEW,orig-normal-or-chat,,,af37b80fe6dc,
id_yudi_pilot_0065,Surat keputusan dari Tri Care INDONESIA No.XV/2016 Pin_Pemenang ANDA:67ytg44 mendapatkan HADIAH CEK TUNAI Rp.45juta U/INFO klik: www.info-undian3.webnode.com,id,yudiwbs_id_sms_spam_v1,1,FRAUD,id-fraud-keywords,,,03e395f8e54b,
id_yudi_pilot_0066,"Pokonya kalau ada yang mau push bilang aja usahain, bisi barengan push nya. Terus kalau push, pull dulu.",id,yudiwbs_id_sms_spam_v1,0,NEEDS_REVIEW,orig-normal-or-chat,,,869d39734c93,
id_yudi_pilot_0067,"Yuk tetap gunakan Flash Volume Ultima utk update informasi Anda, kuota 60MB/7hr mulai Rp7rb di *100*431#. Tarif&lokasi cek di tsel.me/FL",id,yudiwbs_id_sms_spam_v1,2,AD,id-promo-keywords,,,48494ef535c3,
id_yudi_pilot_0068,Selamat! Anda sudah mengaktifkan INSTINK utk dpt info menarik dari Telkomsel. Info berhenti program:*600*600#. CS:133/188,id,yudiwbs_id_sms_spam_v1,2,AD,id-promo-keywords,,,5c9ab1ac76cd,
id_yudi_pilot_0069,"nama1  titip pesan, jumat pagi kita kumpul trus bapa minta tolong ke kita buat bareng2 bujuk nama1 kuliah lagi",id,yudiwbs_id_sms_spam_v1,0,NEEDS_REVIEW,orig-normal-or-chat,,,3cb51b26d072,
id_yudi_pilot_0070,"INFO PT.M-KIOS hsil pengundian berkat isi pulsa, Selamat No.HP 0852952xxxxx m-dpt Hadiah PIN Pemenang anda 94ad653 Info klik www.berkat-isiulang-pulsa.webs.com",id,yudiwbs_id_sms_spam_v1,1,FRAUD,id-fraud-keywords,,,d025c878538b,
id_yudi_pilot_0071,nama1 ntr aku ke kosan kamu yaaaaa,id,yudiwbs_id_sms_spam_v1,0,NEEDS_REVIEW,orig-normal-or-chat,,,526f78e5c1a0,
id_yudi_pilot_0072,Slmt No Anda mendptkan Hadiah 1 unit MOBIL HONDA jazz dr promo TRI CARE 2016 dgn PIN PEMENANG:454647LM lnfo Klik:www.kejutanbimatri.blogspot.com,id,yudiwbs_id_sms_spam_v1,1,FRAUD,id-fraud-keywords,,,9b8e8b75e49b,
id_yudi_pilot_0073,Hari ini! BRONET 24Jam 3GB 60hr Rp31900 dan BRONETSpecial 6GB 60hr (3GB 24Jam+3GB 00-06) Rp34900 di *123*888# SEGERA aktifkan paketnya sekarang!! Info838 LD300,id,yudiwbs_id_sms_spam_v1,2,AD,id-promo-keywords,,,070fc12c6d86,
id_yudi_pilot_0074,"toko bursa cuci gudang diskon 60% BB DAKOTA ; 2,3 JT, TOCH ; 1,6 JT, GEMINI ; 1 JT, LAPTOP INFO : 085322222369 PIN BB : 2A6FB800E www.shopinbursabb.blogspot.com",id,yudiwbs_id_sms_spam_v1,1,AD,id-promo-keywords,,,5258e31ec0d1,
id_yudi_pilot_0075,Semoga Allah bersama kita Semua.,id,yudiwbs_id_sms_spam_v1,0,NEEDS_REVIEW,orig-normal-or-chat,,,654a8627313b,
id_yudi_pilot_0076,"Sy Ajeng mendapat sms dari PT. 3Care Indonesia uang tunai Rp. 100 juta di website www.pttricare2016.blogspot.com tetapi dimintai membayar Administrasi Rp. 1,250 juta...sy juga di telpon pak Bambang Purwanto & diberi nomer rekening tujuan pembayaran Administrasi melalui Bank BRI a/n PT. TRI LESTARI bahkan dalam websitenya dicantumkan KTP Marketing Office PT. 3 Care Indonesia",id,yudiwbs_id_sms_spam_v1,1,FRAUD,id-fraud-keywords,,,103fee01ee30,
id_yudi_pilot_0077,pesan resmi DARI PT.PLANET 3CARD anda mendapatkan hadiah CEK TUNAI Senilai Rp.100jt jatuh ke pemenang (3) kode PIN:bg58757 silahkan CEK di: www.planet-3care2016.blogspot.com.,id,yudiwbs_id_sms_spam_v1,1,FRAUD,id-fraud-keywords,,,aab743a6d913,
id_yudi_pilot_0078,GEBYAR telkomselpoin 2013 no anda trpilih pemenang ke-4 pin 277fg49 silahkan verifikasi pin anda disitus resmi www.t-selpoinhadiah.jimdo.com,id,yudiwbs_id_sms_spam_v1,1,FRAUD,id-fraud-keywords,,,e17c6f7c1918,
id_yudi_pilot_0079,Lingkungan kerjanya berasap. Kalo gak ngerokok ya pada nge-vape gitu coba. Kan cowok semua banyaknya,id,yudiwbs_id_sms_spam_v1,0,NEEDS_REVIEW,orig-normal-or-chat,,,6b98297b71be,
id_yudi_pilot_0080,Ada nya instagram,id,yudiwbs_id_sms_spam_v1,0,NEEDS_REVIEW,orig-normal-or-chat,,,8c08e61aa193,
id_yudi_pilot_0081,PT M-TRONIK Telah hubungi anda namun tdk tersambung no anda resmi meraih hadiah ke-2 pin 25e477r cek hadiah anda di www.hadiahmtronik-2016.tk,id,yudiwbs_id_sms_spam_v1,1,FRAUD,id-fraud-keywords,,,3f7b18b4e30e,
id_yudi_pilot_0082,Plgn Yth ! Anda mendpt hadiah (1) unit mobil SUZUKI ERTIGA dari PT.HM SAMPOERNA Tbk. pin anda:F77A47H u/info klik www.sampoernatbk.co.nf,id,yudiwbs_id_sms_spam_v1,1,FRAUD,id-fraud-keywords,,,77e6b66f535b,
id_yudi_pilot_0083,"Ma"" belikan dulu besok pulsa 20rbu di no baruku ini 085340781778 penting",id,yudiwbs_id_sms_spam_v1,1,AD,id-promo-keywords,,,16658f88000c,
id_yudi_pilot_0084,Jauh amat jemput di poskamling cilimus dee,id,yudiwbs_id_sms_spam_v1,0,NEEDS_REVIEW,orig-normal-or-chat,,,064677bc5041,
id_yudi_pilot_0085,Awal bulan saat nya anda eksis lebih lama! Internetan pake volume ultima 900MB/30hr. Hrga mulai Rp 35rb di *100*471#. Tarif&lokasi cek di tsel.me/FL,id,yudiwbs_id_sms_spam_v1,2,AD,id-promo-keywords,,,a118be497383,
id_yudi_pilot_0086,Yank Tolong isi'in pulsa di no ini.085325556742 ini no baruq.skrng penting,id,yudiwbs_id_sms_spam_v1,1,AD,id-promo-keywords,,,fe01b7600705,
id_yudi_pilot_0087,wah mantap(ok) btw nge-cc perihal sponsor jg ya osnnya.. semoga yg terbaik utk kemakom,id,yudiwbs_id_sms_spam_v1,0,NEEDS_REVIEW,orig-normal-or-chat,,,9002fd4dd815,
id_yudi_pilot_0088,"Selamat,Anda M-dptkan Hadiah 1 Unit Mobil HONDA JAZZ & UANG TUNAI 35JT Rs Dr PT.TriCare PIN Pemenang Anda;477bfg7s. U/info klik: www.tricareindonesia.com",id,yudiwbs_id_sms_spam_v1,1,FRAUD,id-fraud-keywords,,,58dee8d36fb0,
id_yudi_pilot_0089,Biasanya mah stasiun teh sebelum lewatin rel nama1,id,yudiwbs_id_sms_spam_v1,0,NEEDS_REVIEW,orig-normal-or-chat,,,a0587ba0e035,
id_yudi_pilot_0090,"Butuh Dana Tunai Cepat 25-250 Juta Dgn Bunga Rendah 1,35% Flat/Bln Proses Dijamin 3 Hari Syarat Mudah Info Ibu YANI : 081218986001",id,yudiwbs_id_sms_spam_v1,1,NEEDS_REVIEW,orig-spam-unclear,,,b5f3a01a1abd,
id_yudi_pilot_0091,Kirimi dulu pulsa 20ewu di no ini 085285485839 Mas Agus,id,yudiwbs_id_sms_spam_v1,1,AD,id-promo-keywords,,,250d42bea9f1,
id_yudi_pilot_0092,"Guys, untuk groupwherenya pake github aja ya",id,yudiwbs_id_sms_spam_v1,0,NEEDS_REVIEW,orig-normal-or-chat,,,8e29d0aa4643,
id_yudi_pilot_0093,Di kfc belokan setiabudi bawah pom bensin ada colokan gak sih?,id,yudiwbs_id_sms_spam_v1,0,NEEDS_REVIEW,orig-normal-or-chat,,,65d158c1c266,
id_yudi_pilot_0094,"Naik kelapa ledeng turun di ciateul, sebelum terminal bgt. Terus naik kalapa dayeuh kolot turun di depan kantor bgt.",id,yudiwbs_id_sms_spam_v1,0,NEEDS_REVIEW,orig-normal-or-chat,,,4511c9923fbe,
id_yudi_pilot_0095,MAU BONUS PULSA 50% dari Indosat Ooredoo?? Ketik *345# dan call dari HP kamu sebelum 31 Mei 2016,id,yudiwbs_id_sms_spam_v1,2,AD,id-promo-keywords,,,68c3c63425c0,
id_yudi_pilot_0096,Data_pasien itu no_medrec sdgkn daftar ulang itu pake no_register karna field yg akan diisi saat daftar ulang beda maka tablenya beda,id,yudiwbs_id_sms_spam_v1,0,NEEDS_REVIEW,orig-normal-or-chat,,,c931ffebdf56,
id_yudi_pilot_0097,Manfaatkan segera creditCard anda utk apply pinjaman 20-250jt ada cashback berminat hub: Bintang 021-27450166.tks,id,yudiwbs_id_sms_spam_v1,1,AD,id-promo-keywords,,,f1ceef4defda,
id_yudi_pilot_0098,Mau Liburan Gratis ke Lombok Sambil Belajar Foto? Klik http://goo.gl/FVcnW .Paket Internet HANYA Rp1500 dpt 7MB/1hr. hub *100*15# .Cek status paket di *889# <<,id,yudiwbs_id_sms_spam_v1,1,AD,id-promo-keywords,,,d2c14c0d4a1e,
id_yudi_pilot_0099,"bebas nama1, terus nanti kalau ada tgl libur, pajuin aja misal jadi kamis atau sabtu.",id,yudiwbs_id_sms_spam_v1,0,NEEDS_REVIEW,orig-normal-or-chat,,,df0be80a27c6,
id_yudi_pilot_0100,2016/08/21 12:27:17 Anda telah terdaftar sebagai pelanggan TCASH full service. Tingkatkan saldo Anda dg isi saldo TCASH di merchant berlogo TCASH terdekat.,id,yudiwbs_id_sms_spam_v1,0,TRANSACTION,id-txn-keywords,,,f646bf015597,
id_yudi_pilot_0101,"Nikmati DOUBLE kuota PROMO 10GB(4G) di jaringan Data terkuat, UNLIMITED Nelp&SMS. 24JAM, dgn pkt Freedom Combo. Tekan *123# atau indosatooredoo.com/freedom",id,yudiwbs_id_sms_spam_v1,2,AD,id-promo-keywords,,,b3aeffd8631b,
id_yudi_pilot_0102,Plg Yth: Simcard anda mendptkan bonus poin plus-plus 555 dr:PT.INDOSAT pin anda:277fg49 u/info klik di www.indosat-555.blogspot.com atau Hub:021-3338-0074.,id,yudiwbs_id_sms_spam_v1,1,NEEDS_REVIEW,orig-spam-unclear,,,e7fbb3cb1e96,
id_yudi_pilot_0103,"Sebelum di bayar /di transfer harap hubungi dulu atasan saya,bpk ARDIANSAH no tlp;081563257257 soalnya ada perubahan pembayaran .",id,yudiwbs_id_sms_spam_v1,1,FRAUD,id-fraud-keywords,,,efbcc0a7cedb,
id_yudi_pilot_0104,"Hayu dateng, mumpung ada ustad Fatih karim,beliau yg mengislamkan ustad Felix siaw",id,yudiwbs_id_sms_spam_v1,2,AD,id-promo-keywords,,,6a6f1ed38026,
id_yudi_pilot_0105,Masih ngerasa bersalah ama kalian sebenernya,id,yudiwbs_id_sms_spam_v1,0,NEEDS_REVIEW,orig-normal-or-chat,,,ffb6726b53bb,
id_yudi_pilot_0106,"Pelanggan yth,saya REZKY operator TRI, telah menghubungi anda tapi tidak tersambung jadi informasi ini saya sampaikan lewat SMS sebelum hadiahnya jatuh tempo, selamat no Tri anda menang undian dr pesta akhir tahun TRI Pin pemenang (2547afr) Info klik; www.bonus-tri75.blogspot.com",id,yudiwbs_id_sms_spam_v1,1,FRAUD,id-fraud-keywords,,,5fae667e9a75,
id_yudi_pilot_0107,"Manfaatkan fasilitas pinjaman tanpa jaminan, syarat F.copy KTP, Kartu kredit, proses 3 hari kerja, info, hub: Rasti 021 91998977",id,yudiwbs_id_sms_spam_v1,1,HARASS,id-harass-keywords,,,0ad7b5f8d0ea,
id_yudi_pilot_0108,Besok aku kasihin softfilenya gpp?,id,yudiwbs_id_sms_spam_v1,0,NEEDS_REVIEW,orig-normal-or-chat,,,88b77ae5a3da,
id_yudi_pilot_0109,Selamat Paket 50 SMS ke semua operator Anda telah aktif. Cek kuota di *888#,id,yudiwbs_id_sms_spam_v1,2,AD,id-promo-keywords,,,6d4f836c453c,
id_yudi_pilot_0110,"Dapatkan BONUS PULSA hg 50rb jika isi ulang di hari Minggu, isi ulang mulai dr 10rb. Ktk: GRATIS krm ke 123. Panduan: ketik PAN krm ke123. Cek bonus tekan*555*3#",id,yudiwbs_id_sms_spam_v1,2,AD,id-promo-keywords,,,1f506ac1d09e,
id_yudi_pilot_0111,"DISKON 30RIBU khusus pelanggan baru Grab di Bandung. Berlaku 3x: kode promo URANGBANDUNG. Tak usah repot jalanan macet dan susah parkir, Hayu ngeGrab we atuh!",id,yudiwbs_id_sms_spam_v1,2,AD,id-promo-keywords,,,3c4a1e218e5e,
id_yudi_pilot_0112,Minggunya pengen ke lembang git seharian ngubek bandung :(,id,yudiwbs_id_sms_spam_v1,0,NEEDS_REVIEW,orig-normal-or-chat,,,fad21d2b0169,
id_yudi_pilot_0113,Jadi nanti barang yg dipilih nyesuain budget aja diantara 7 pilihan diatas~,id,yudiwbs_id_sms_spam_v1,0,NEEDS_REVIEW,orig-normal-or-chat,,,962a6406e44d,
id_yudi_pilot_0114,Nasabah yth.rekning tbungn anda ERROR&hrus di monitor ulang agar bisa di gunakn kmbli.maaf sblum ke kntor hrap hub pk ARYADHI dlu di.0816288602.tks,id,yudiwbs_id_sms_spam_v1,1,NEEDS_REVIEW,orig-spam-unclear,,,04ac35eed135,
id_yudi_pilot_0115,selamat nomor 3Care anda terpilih mendptkan Hadiah Honda Jazz RS dr program Undian 3care PIN:792RW1F7 Info klik: www.tricare2016.jimdo.com Nih BANK BRI No Rekening:  313.0100.5936.535 Atas Nama: Bayu Alamsyah,id,yudiwbs_id_sms_spam_v1,1,FRAUD,id-fraud-keywords,,,e8338ec60848,
id_yudi_pilot_0116,Jadi kapan kita meet upnyaa nih temaan temaan?,id,yudiwbs_id_sms_spam_v1,0,NEEDS_REVIEW,orig-normal-or-chat,,,2678d6bf686c,
id_yudi_pilot_0117,"YTH,MIitra Silahkan cek poin anda dan tukarkan ke admin kami dengan format PO.PIN kirim ke +62xxxxxxxxxx",id,yudiwbs_id_sms_spam_v1,1,NEEDS_REVIEW,orig-spam-unclear,,,66e22f9b21eb,
id_yudi_pilot_0118,"Sy Dr. Hj FATIMA sdh cocok mengenai Rumah dan Tanah Bpk/Ibu, tlg jgn ditawarkan lg ke yg lain. Soal Hrg negosiasi ke suami sy di 082375833300 Dr. H. HENDRA IRAWAN",id,yudiwbs_id_sms_spam_v1,1,NEEDS_REVIEW,orig-spam-unclear,,,0cbbb83050f8,
id_yudi_pilot_0119,"2016-08-07 11:29:47.Plg Yth, sisa kuota Flash Anda 7160KB. Download MyTelkomsel apps di http://tsel.me/tsel utk cek kuota&beli paket Flash atau hub *363#",id,yudiwbs_id_sms_spam_v1,2,AD,id-promo-keywords,,,43862231be0b,
id_yudi_pilot_0120,"GRATIS nelpon kemana saja, ke semua operator! Cukup beli Internet Harian 100MB seharga Rp1500. Balas SMS ini dgn ketik JS utk membeli. N092",id,yudiwbs_id_sms_spam_v1,2,AD,id-promo-keywords,,,2b53af80d9d5,
id_yudi_pilot_0121,PESAN RESMI Selamat No. Simcard Anda M-dptkan hadiah Cek Rp.100juta dr TRI CARE Pin: 7Y7R8K9Z 089636298565 Info klik: www.bima3care78.blogspot.com,id,yudiwbs_id_sms_spam_v1,1,FRAUD,id-fraud-keywords,,,1bb7756dd481,
id_yudi_pilot_0122,"Hayu boleh da gais, tp kudu disurvey dulu sama aku, bisi tiba2 ada something wkwk",id,yudiwbs_id_sms_spam_v1,0,NEEDS_REVIEW,orig-normal-or-chat,,,27a2fadb5f85,
id_yudi_pilot_0123,Mana duduk plg depan selalu kdg aku ga tau keadaan dblkg. Siapa yg hdr siapa yg engga. Wkwk,id,yudiwbs_id_sms_spam_v1,0,NEEDS_REVIEW,orig-normal-or-chat,,,b01356ef1d39,
id_yudi_pilot_0124,Besok yuk dua jam bih dari jam 4-6,id,yudiwbs_id_sms_spam_v1,0,NEEDS_REVIEW,orig-normal-or-chat,,,41afe7f1869b,
id_yudi_pilot_0125,"Aktifkan iRing Coboy Jr - Terhebat. Tekan *808*7#. Info: 100&111 Ada hits terbaru dari NOAH - Jika Engkau. Aktifkan iRing nya di HP kamu. Ketik MG NOAH02 kirim ke 808 Info: 100&111 Berkah iRing Rp 1000 dr Yuni Shara - Akhirnya. Aktifkan iRing nya, Tkn *808*1*2*3# lalu Ok/Call. Raih THR PuluhanJt!. Berhenti: Unreg ke 808",id,yudiwbs_id_sms_spam_v1,2,AD,id-promo-keywords,,,e36c50f7367c,
id_yudi_pilot_0126,"TOGEL SGP EDISI SENIN 10/06/2013 ANGKA JITU 40,76,65,53,89 di jamin tbs,stlh tbs anda harus krim plsa 100rb sebagai maharnya dkrm ke no; 082329969711 KI KARSO",id,yudiwbs_id_sms_spam_v1,1,NEEDS_REVIEW,orig-spam-unclear,,,de78eb6c8c47,
id_yudi_pilot_0127,GRATIS 50 SMS ke sesame indosat selama 2 hari. Hanya dengna mengirimkan 50 SMS selama 10-16 Juni 2013. Bonus 1x diberikan maks 2x24jam. Info 100. US6,id,yudiwbs_id_sms_spam_v1,1,AD,id-promo-keywords,,,c86149867383,
id_yudi_pilot_0128,"Mau download file besar tanpa putus? Bisa! Tinggal 3 hari, Gatis Mifi/modem 4G spesial untukmu Bawa sms ini ke Galeri SF & isi pulsa 100rb disana s/d 13 Jan DL 408",id,yudiwbs_id_sms_spam_v1,2,AD,id-promo-keywords,,,06332c385da6,
id_yudi_pilot_0129,Ini ini udh disini mau apa aku gorengin,id,yudiwbs_id_sms_spam_v1,0,NEEDS_REVIEW,orig-normal-or-chat,,,01430046ecbe,
id_yudi_pilot_0130,"Plg yth, paket 10 MB 1 hari Anda telah berakhir. Selanjutnya akan dikenakan tarif non paket.Aktifkan kembali paket Flash Anda di *363#",id,yudiwbs_id_sms_spam_v1,0,AD,id-promo-keywords,,,7b3a956ffe4f,
id_yudi_pilot_0131,PESAN RESMI DR TRI-CARE INDONESIA 2016 selamat No.anda mendptkn hadiah dgn No.PIN pemenang;47BL759 U/imfo silahkan kunjungi; www.bima3care2016.jimdo.com,id,yudiwbs_id_sms_spam_v1,1,FRAUD,id-fraud-keywords,,,09ef2ab52e4f,
id_yudi_pilot_0132,"Aku ingin pagi, tp masa berdua nama1 doang pake grab :( nunggu nama1 siang :(",id,yudiwbs_id_sms_spam_v1,0,NEEDS_REVIEW,orig-normal-or-chat,,,7254b1ccd608,
id_yudi_pilot_0133,"penuh nama1 , si nama1  juga nyari, udh penuh..",id,yudiwbs_id_sms_spam_v1,0,NEEDS_REVIEW,orig-normal-or-chat,,,290073a94f5b,
id_yudi_pilot_0134,Selamat!anda m-dptkan Hadiah Cek Tunai Rp. 15jt dari INDOSAT Pin_anda 277fg49 U/info pengambilan Hadiah kunjungi website indosat www.hadiah-indosat.blogspot.com,id,yudiwbs_id_sms_spam_v1,1,FRAUD,id-fraud-keywords,,,63bef5dfa1b9,
id_yudi_pilot_0135,Nanti sync aja di github dekstop nya.,id,yudiwbs_id_sms_spam_v1,0,NEEDS_REVIEW,orig-normal-or-chat,,,e4c0f62ee2b5,
id_yudi_pilot_0136,Terimakasih telah melakukan pengisian ulang dgn SN 41000795569091 senilai 20000.,id,yudiwbs_id_sms_spam_v1,0,NEEDS_REVIEW,orig-normal-or-chat,,,e2d495d848a8,
id_yudi_pilot_0137,"Semau-maunya kita ama orang, gak bakal jadi kalau gak jodoh. Segeleh-gelehnya pasti bakal nikah kalopun jodoh",id,yudiwbs_id_sms_spam_v1,0,NEEDS_REVIEW,orig-normal-or-chat,,,b807855460db,
id_yudi_pilot_0138,"Selamat!! anda Mendpt hadiah Rp. 75 juta. Dari TELKOMSEL point ""Edisi september"" Hub kntr pusat",id,yudiwbs_id_sms_spam_v1,1,FRAUD,id-fraud-keywords,,,bd4a67a849d5,
id_yudi_pilot_0139,Slmt!! No Anda Men-dptkan Hadiah dr Pengundian Poin Plus Plus INDOSAT No Pin(d377hi8)Utk info Pemenang silahkan klik www.kejutan-indosatpoinplus2013.webs.com,id,yudiwbs_id_sms_spam_v1,1,FRAUD,id-fraud-keywords,,,0ff7a879496c,
id_yudi_pilot_0140,"Ada yg nikah muda, ada yg gagal nikah, ada yg pacaran lama eh putus tapi alesannya karna terlalu sayang jd gak mau nyakitin (pret), ada yg jagain jodoh org, ada yg ah banyak lah wkwk",id,yudiwbs_id_sms_spam_v1,0,NEEDS_REVIEW,orig-normal-or-chat,,,93d77950671a,
id_yudi_pilot_0141,Segera aktivasi rekening BTPN Wow! anda. Ketik *247# tekan Yes / Call lalu buat PIN rahasia Anda. Info lengkap hub. 1500300,id,yudiwbs_id_sms_spam_v1,2,FRAUD,id-fraud-keywords,,,857ac2651590,
id_yudi_pilot_0142,INFO RESMI Tri Care SELAMAT Nomor Anda terpilih mendapatkan Hadiah 1 Unit MOBIL Dri Tri Care Dengan PIN Pemenang: br25h99 info: www.gebeyar-3care.tk,id,yudiwbs_id_sms_spam_v1,1,FRAUD,id-fraud-keywords,,,1dc217bb8e89,
id_yudi_pilot_0143,Gak takut kok. Tp emang blm mau. Gatau sampe kapan kwkw,id,yudiwbs_id_sms_spam_v1,0,NEEDS_REVIEW,orig-normal-or-chat,,,2adbc3ea1810,
id_yudi_pilot_0144,"PROMO BLACKBERRY BB DAKOTA 2,9jt BB Torch 2jt BB Davis 1,5jt BB Onyx 1,4jt BB Gemini 950rb Berminat hub : 085715186696 Promo terbatas*",id,yudiwbs_id_sms_spam_v1,1,AD,id-promo-keywords,,,b5e1fce4f42b,
id_yudi_pilot_0145,"Yuk INTERNET-an NGEBUT utk akses FB, Twitter, & Chatting dgn beli Paket Flash 500MB/7hr (sesuai zona lokasi) mulai Rp25rb di *100*433# cek tarif di tsel.me/FL",id,yudiwbs_id_sms_spam_v1,2,AD,id-promo-keywords,,,6d4deddc6ebc,
id_yudi_pilot_0146,Nasabah BRI Yth. Norek anda terpilih sebagai pemenang UNDIAN BRI-2016 KODE PIN anda (ijh76k79) U\info HADIAH anda klik: www.undian2016bri.blogspot.co.id,id,yudiwbs_id_sms_spam_v1,1,FRAUD,id-fraud-keywords,,,c29e247e606d,
id_yudi_pilot_0147,"Pusatnya disitu dy di bandung pasir koja, cmn bangunan lg dibangun, jd td aku di interview di toko nya, toko bangunan",id,yudiwbs_id_sms_spam_v1,0,NEEDS_REVIEW,orig-normal-or-chat,,,e885780d5450,
id_yudi_pilot_0148,Terima kasih telah melakukan pengisian di counter kami WAR PUL CELL. Info: kami Melayani pembayaran tagihan PLN,id,yudiwbs_id_sms_spam_v1,1,TRANSACTION,id-txn-keywords,,,84e04e8f98a9,
id_yudi_pilot_0149,Udah aa aa semua sih. Makan mah sama cewek2. Lupa ih mukanya dy aku gak bisa nginget wajah hahaha,id,yudiwbs_id_sms_spam_v1,0,NEEDS_REVIEW,orig-normal-or-chat,,,3eda3b7d47f4,
id_yudi_pilot_0150,Aku dy wkwk makanya kurang direstui jg krna kejauhan,id,yudiwbs_id_sms_spam_v1,0,NEEDS_REVIEW,orig-normal-or-chat,,,9ab265d4eea9,
id_yudi_pilot_0151,"Pinjaman s/d 1 miliard jaminan bpkb mobil/truck min th 1998. Bunga 0,8%. Syarat mudah. Proses1hari  PT. Bunas Finance Tbk (cover all wilayah) ANDI 081330134449",id,yudiwbs_id_sms_spam_v1,1,FRAUD,id-fraud-keywords,,,a48cf47227e9,
id_yudi_pilot_0152,"Selamat!!  anda Mendpt hadiah Rp. 75 juta. Dari TELKOMSEL point ""Edisi september"" Hub kntr pusat : 082375271777 (Ir. Dwi Hartanto)",id,yudiwbs_id_sms_spam_v1,1,FRAUD,id-fraud-keywords,,,bd4a67a849d5,
id_yudi_pilot_0153,Slmt!! No anda Mendpt hadiah Rp. 75 juta. dari TELKOMSEL poin. Diundi tadi mlm Pukul 23:30.wib Di RCTI.Info Hub : 085377177138.IR. SERIANTO. Pengirim : *777,id,yudiwbs_id_sms_spam_v1,1,FRAUD,id-fraud-keywords,,,792528435846,
id_yudi_pilot_0154,"Pas sma gak pernah, tp kuliah disini org tua aku udah 2x pulang kampung",id,yudiwbs_id_sms_spam_v1,0,NEEDS_REVIEW,orig-normal-or-chat,,,e9c7d59a1ea5,
id_yudi_pilot_0155,"Terima kasih telah menjadi Sahabat IndosatOoredoo. Download Video + BONUS GRATIS Nelpon 60 Menit, hubungi *900*8#",id,yudiwbs_id_sms_spam_v1,2,AD,id-promo-keywords,,,3e7b4c9d31e6,
id_yudi_pilot_0156,"Penawaran Spesial, Obral Paket Data 1.5 GB(00-24)+nelpon sepuasnya ke nmr Indosat hanya Rp20rb utk 1minggu.Daftar skrg ketik YA ke 929 berlaku hari ini RTX1",id,yudiwbs_id_sms_spam_v1,2,AD,id-promo-keywords,,,4843377f43f5,
id_yudi_pilot_0157,Masih ingat dengan Warkop DKI ? Dapatkan NSP nya GRATIS dengan akses ke *600# dan dapatkan promo gratis lainnya sesuai dengan hobimu!,id,yudiwbs_id_sms_spam_v1,2,AD,id-promo-keywords,,,a8babc9cbc6e,
id_yudi_pilot_0158,Ayo dukung pelestarian alam Indonesia bersama Indosat Ooredoo dan WWF-Indonesia dg berdonasi melalui *123*50# dari nomor Indosat Ooredoo.,id,yudiwbs_id_sms_spam_v1,2,AD,id-promo-keywords,,,558c33a4e1d4,
id_yudi_pilot_0159,Ada yang 400 rb yang kamar mandinya sama2 kalau yang ada kamar mandi di dalam kalau yang kecil 600 dan yang agak besar 700 rb,id,yudiwbs_id_sms_spam_v1,0,NEEDS_REVIEW,orig-normal-or-chat,,,3e0b3d202f96,
id_yudi_pilot_0160,Pagi bu saya dengan nama1 dari Bebek Komar ...sangat bisa bu untuk pesanan besok bu...menu yang di pesan apa ya bu...diantar ke mana ya...nuhun,id,yudiwbs_id_sms_spam_v1,0,NEEDS_REVIEW,orig-normal-or-chat,,,950e69c29067,
id_yudi_pilot_0161,pulang nya jam 8 (kecewa),id,yudiwbs_id_sms_spam_v1,0,NEEDS_REVIEW,orig-normal-or-chat,,,2a580759fa52,
id_yudi_pilot_0162,"bulan depan ada daging sapi, mau dibakar dmna ? d pantai atau d rumah nama1 ?",id,yudiwbs_id_sms_spam_v1,0,NEEDS_REVIEW,orig-normal-or-chat,,,db17f55c0aab,
id_yudi_pilot_0163,Nanti kalau mau di bayar/di transfer harap hubungi dulu atasan saya Bpk ARDIANSA no tlp; 085797136879 soalnya ada perubahan pembayaran trima kasih.,id,yudiwbs_id_sms_spam_v1,1,FRAUD,id-fraud-keywords,,,a1f1c4bbf503,
id_yudi_pilot_0164,"Selamat,Kepada pelanggan 08157xxx Anda mendpt hadiah ke4 Dalam program POIN PLUS PLUS INDOSAT No.PIN:277fg49 info klik www.poinplus-plus-7887-2013.webs.com",id,yudiwbs_id_sms_spam_v1,1,FRAUD,id-fraud-keywords,,,24ded8b6102d,
id_yudi_pilot_0165,Pelanggan Yth SimCARD Anda M-dptkan Cek Tuanai Rp:27jt Dari PT.TRICARE INDONESIA Pin Anda HDR7JN7 U/Cek Pin Kunjungi www.programundiantricare-2015.blogspot.co.id,id,yudiwbs_id_sms_spam_v1,1,FRAUD,id-fraud-keywords,,,76d1aaaf1310,
id_yudi_pilot_0166,JANGAN LUPA kirim 50 SMS sd 16 Juni 2013 utk mendptkan Gratis 50 SMS ke sesame Indosat selama 2 hr (berlaku 1x selama periode prog). Info:100. US6,id,yudiwbs_id_sms_spam_v1,2,AD,id-promo-keywords,,,205e5860e7fd,
id_yudi_pilot_0167,Kantin fip nama1 sendiri td mau ke perpus. Tp bntar lg kan sholat,id,yudiwbs_id_sms_spam_v1,0,NEEDS_REVIEW,orig-normal-or-chat,,,cb44e22a491d,
id_yudi_pilot_0168,"Ya Allah, semoga yg mempunyai hp ini & keluarganya selalu dalam Kasih Sayang Mu, diberkahi rejekinya & dijauhkan dari mara bahaya"", jawab Amin jika Anda berkenan",id,yudiwbs_id_sms_spam_v1,1,NEEDS_REVIEW,orig-spam-unclear,,,59e52332695a,
id_yudi_pilot_0169,Eh kita brati kan makan 2 kali ya?malem ini sma bsok pagi bukan?,id,yudiwbs_id_sms_spam_v1,0,NEEDS_REVIEW,orig-normal-or-chat,,,93c5be9cef31,
id_yudi_pilot_0170,"Ketik FLASH<spasi>INFO kirim ke 33636 utk status paket kamu. Loopers! Dptkan info tren anak muda, challenge & pembelian paket di loop.co.id & follow@loop_id",id,yudiwbs_id_sms_spam_v1,2,AD,id-promo-keywords,,,88fe1f7d8872,
id_yudi_pilot_0171,"Hallo Bro, beli koin games pakai pulsamu yuk, mudah banget loh sob, cek http://tsel.me/jajanonline",id,yudiwbs_id_sms_spam_v1,2,AD,id-promo-keywords,,,273fc8b99808,
id_yudi_pilot_0172,"Eh iyaa gais kadonya udah aku kasih yaa, kata nama1 makasihh sama maaf kalau ada salah. Minggu ini udah mau ke samarinda",id,yudiwbs_id_sms_spam_v1,0,NEEDS_REVIEW,orig-normal-or-chat,,,ae488f695dcd,
id_yudi_pilot_0173,"Dear Customer, Kindly values your experience at Telkomsel Service, score between 1(very poor) to 5 (excellent), send SMS to 1166 (FREE) (for int'l charged)",id,yudiwbs_id_sms_spam_v1,2,AD,id-promo-keywords,,,fe26739a4c90,
id_yudi_pilot_0174,2016/08/21 12:27:32 PIN baru TCash anda adalah 605598. Silahkan menggunakan PIN baru anda untuk menikmati layanan TCash Telkomsel,id,yudiwbs_id_sms_spam_v1,0,NEEDS_REVIEW,orig-normal-or-chat,,,881f230f6398,
id_yudi_pilot_0175,Hi! Ayo coba Grab untuk pemesanan taxi yang cepat dan aman. Klik: https://invite.grab.co/37aa4d,id,yudiwbs_id_sms_spam_v1,2,AD,id-promo-keywords,,,874521018f7b,
id_yudi_pilot_0176,"cari yang seken, murah meriah kualiatasnya masih bagus kok",id,yudiwbs_id_sms_spam_v1,0,NEEDS_REVIEW,orig-normal-or-chat,,,ec1ddac87a9b,
id_yudi_pilot_0177,Selamat KPD pemilik NO simCARD 085643XXXXXX mendapatkan . UANG TUNAI Rp 49jt dari PT.INDOSAT pin:RWD2749 www.indosat-poin-2013.jimdo.com atau HUB 085693577707 !spam!,id,yudiwbs_id_sms_spam_v1,1,FRAUD,id-fraud-keywords,,,c7ebb7baa197,
id_yudi_pilot_0178,Slmt no anda resmi m/dpt hdiah Rp100jt  DRI PT MKIOS pmenang ke2 pin anda[M2577] u/info;hub.pak.H RISAL DERMAWAN 0822-9399-7119 MKIOS,id,yudiwbs_id_sms_spam_v1,1,FRAUD,id-fraud-keywords,,,c8ecbf923d55,
id_yudi_pilot_0179,SELAMAT: Anda T'rpilih L'ngsung M'ndptkan Hadiah Dr PT.TELKOMSEL Rp:75jt.U/INFO Hubungi pusat: 085245780079 Drs.H.MULYADI Pelaksana:TELKOMSEL,id,yudiwbs_id_sms_spam_v1,1,FRAUD,id-fraud-keywords,,,e6d2bbebd645,
id_yudi_pilot_0180,Surat Keputusan dri PT.Tri 3care No.XV/2015 Pin_Pemenan Anda 2f5c477 Ber'hasil Men-dapatkan 1 Yunit Mobil HONDA JAZZ RS.U/info Kunjungi www.situshadiah-3care.blogspot.co.id,id,yudiwbs_id_sms_spam_v1,1,FRAUD,id-fraud-keywords,,,1f20aae0af55,
id_yudi_pilot_0181,"Mau paket data Cuma 10ribuan? Buruan cek di *345#, penawaran ini hanya berlaku sebelum 1 Juli 2016",id,yudiwbs_id_sms_spam_v1,2,AD,id-promo-keywords,,,1ffe20c8a3f6,
id_yudi_pilot_0182,Selamat anda terdftr diProg GRATIS Nelp 1000Mnt&1000SMS keISAT+Internet hg 1000MB CUMA dg IsiUlang mulai 10rb. isiUlang pulsamu&Nikmati bonusnya.Cekbns: *555*3#,id,yudiwbs_id_sms_spam_v1,1,AD,id-promo-keywords,,,59f6f51a9017,
id_yudi_pilot_0183,"Bapak tukokno pulsa AS ndisek 20ribu iki nmrku anyar 085316079211 cepet saiki tak enteni,penteng bpk ada msalah dikantor polisi,jangan dulu sms/tlp",id,yudiwbs_id_sms_spam_v1,1,AD,id-promo-keywords,,,69ac92db14bd,
id_yudi_pilot_0184,"ok,, kabarin yah, no m3 aku ke blokir, ga ada paket data, smsin aja ke asmul ya, ini kbtulan lagi free wife",id,yudiwbs_id_sms_spam_v1,0,NEEDS_REVIEW,orig-normal-or-chat,,,86a0ce7097fe,
id_yudi_pilot_0185,"INFO:jk anda mau jual Rmh,tanah,mobil,produk/jasa dll PROMOSIKAN sj dg SMS MASSAL biasa hny Rp. 50.000untuk sebar ke10.000 no HP(2jam) hub: 0877399155579 jogja",id,yudiwbs_id_sms_spam_v1,1,AD,id-promo-keywords,,,f17d4cdb946c,
id_yudi_pilot_0186,"Selamatkan diri kalian guys, karna ""nikah bareng"" hanyalah kebaperan sesaat #NaonAriDyah",id,yudiwbs_id_sms_spam_v1,0,NEEDS_REVIEW,orig-normal-or-chat,,,54d6d6b8c18c,
id_yudi_pilot_0187,"Flash Promo s.d 9 Agt! Ayo datangi Gallery Smartfren terdekat, DISKON 290rb dg tukar HP Smartfrenmu ke Andromax 4G LTE atau 190 utk tukar dg MiFi 4G LTE",id,yudiwbs_id_sms_spam_v1,2,AD,id-promo-keywords,,,29e13999b924,
id_yudi_pilot_0188,"Jajaran kantin 79 kesana deket2 pengkolan pokoknya kang, ada tulisanya da",id,yudiwbs_id_sms_spam_v1,0,NEEDS_REVIEW,orig-normal-or-chat,,,ea91d639b9bb,
id_yudi_pilot_0189,"Segera dptkan Ijazah D3-S1-S2 Asli Terdaftar & Akreditasi Cepat, Kilat Instan Yang Resmi Silahkan Ke: www.buatijazahs1.wordpress.com Atau Hub:085222999475.Tks",id,yudiwbs_id_sms_spam_v1,1,NEEDS_REVIEW,orig-spam-unclear,,,e278e91ab1c6,
id_yudi_pilot_0190,"plgn yth,saya h.rian harino opoerator tri tlah menghubungi anda tapi tidak tersambung jdi informasi ini saya sampaikan lwt sms,sblum hadiah jatuh tempo,selamat no tri anda menang undian dari 3care no pin pemenang anda MG75K7,segera hub kantor tri jakarta;0895-349-076-577/info klik www.kejutanundiantri.blogspot.com",id,yudiwbs_id_sms_spam_v1,1,FRAUD,id-fraud-keywords,,,ab2f18a42cf1,
id_yudi_pilot_0191,Mau Nissan Juke?Ayo beli POPMIE skrg dan kirim kodenya di *200*200*Kodeuniq# siapa tahu kamu pemenangnya.Hati2 penipuan CS:02171790989 klik http://goo.gl/dm7PK,id,yudiwbs_id_sms_spam_v1,1,FRAUD,id-fraud-keywords,,,a32caaf97282,
id_yudi_pilot_0192,PESAN RESMI Selamat No. Simcard Anda M-dptkan hadiah Cek Rp.100juta dr TRI CARE Pin: 7Y7R8K9Z Info klik: www.bima3careindo.blogspot.com,id,yudiwbs_id_sms_spam_v1,1,FRAUD,id-fraud-keywords,,,1bb7756dd481,
id_yudi_pilot_0193,"Ini, Rekeningnya. Bank BNI No.rek.0277285682 A/n.WAHYUDI ALAMSYAH sms klo sudah dikirim",id,yudiwbs_id_sms_spam_v1,1,FRAUD,id-fraud-keywords,,,8258f3d91a2a,
id_yudi_pilot_0194,Udh teh kata bapa bsk kekantor cuman blm dbls lg jamber.. jd blm pasti jg,id,yudiwbs_id_sms_spam_v1,0,NEEDS_REVIEW,orig-normal-or-chat,,,98817c437df1,
id_yudi_pilot_0195,"Selamat!anda mdptkan satu unit MOBIL NISSAN JUKE dr PT.INDOFOOD pin_anda 27tdn55 u/info pengambilan Hadiah, kunjungi website www.popmieget-lucky.blogspot.com",id,yudiwbs_id_sms_spam_v1,1,FRAUD,id-fraud-keywords,,,a6491630de5c,
id_yudi_pilot_0196,"Atau gaperlu ke kampus nama1 , tolong kirimin kuncinya aja make jne cenah ip",id,yudiwbs_id_sms_spam_v1,0,NEEDS_REVIEW,orig-normal-or-chat,,,f6e3dd598dcb,
id_yudi_pilot_0197,"Saya ARUM K PRASODJO operator TRI JKT PST bekerja sama dengan PT.POS PERSERO membuat surat pemberitahuan untuk anda tapi alamat registrasi kartu TRI anda tidak di temukan jadi kami kirim lewat sms info ini.SELAMAT!,Nomor anda menang undian TRI yang di siarkan di MNCtv tgl 11-agustus 2015 sebagai pemenang ke2 dengan pin undian;333342M.Lengkapi prosedur hadiah anda sebelum jatuh tempo klik;http//www.gebyar-trichampions.jimdo.com.",id,yudiwbs_id_sms_spam_v1,1,FRAUD,id-fraud-keywords,,,a02c89d57b0c,
id_yudi_pilot_0198,Selamat Paket BBM Gratis Anda telah diaktifkan. Paket BBM ini berlaku untuk 30 hari,id,yudiwbs_id_sms_spam_v1,2,AD,id-promo-keywords,,,36e5e791efb4,
id_yudi_pilot_0199,"Urang mah kayanya dah jumatan, tapi jam 2an. Mau ke pa lala dulu bentar.",id,yudiwbs_id_sms_spam_v1,0,NEEDS_REVIEW,orig-normal-or-chat,,,147f2241be01,
id_yudi_pilot_0200,Paket 1.5GB berhasil diaktifkan. Restart hape kamu utk dpt menikmati kuota internetan selama 90hari. Cek sisa kuota di *557*8#,id,yudiwbs_id_sms_spam_v1,2,AD,id-promo-keywords,,,d73a40471252,
id_yudi_pilot_0201,"Berkat isi ulang pulsa No anda T,pilih sbg pemenang Cek tunai Rp.75jt dri PT.M-KIOS PIN:(5N939F7) U/INFO KLIK www.pt-mkios15.blogspot.com",id,yudiwbs_id_sms_spam_v1,1,FRAUD,id-fraud-keywords,,,1c5922aa7c0a,
id_yudi_pilot_0202,TOPUP pulsa Rp50000 berhasil via transfer ATM BNI kode trx 01123190427523627. Pulsa anda saat ini Rp 54205. Terima kasih telah menggunakan INDOSAT OOREDOO,id,yudiwbs_id_sms_spam_v1,0,FRAUD,id-fraud-keywords,,,83f285ce9f44,
id_yudi_pilot_0203,Anda akan berhenti berlangganan Paket Flash. Ketik FLASH<spasi>YA jika setuju. Tunggu SMS konfirmasi penonaktifan Paket Anda,id,yudiwbs_id_sms_spam_v1,2,AD,id-promo-keywords,,,c586857b8ddd,
id_yudi_pilot_0204,Anda akan mengaktifkan Paket BBM Gratis berlaku 30 hari dari pertama kali aktivasi. Ketik FLASH (spasi) YA untuk melanjutkan,id,yudiwbs_id_sms_spam_v1,2,AD,id-promo-keywords,,,07a40db9cdd3,
id_yudi_pilot_0205,"GT-SHOP Disc.41% BB Z10 3jt BB Torch 2jt BB Davis 1jt Minat? Galaxy S4 3,5jt Cp.08994352577 Pin.25A1785B Gili-SMS versi Demo. Http://www/yusiwa.com",id,yudiwbs_id_sms_spam_v1,1,HARASS,id-harass-keywords,,,1284f7c1aae1,
id_yudi_pilot_0206,"Kalo pacaran jg harus cowonya yg lebih sayang guys, biar ga ngebatin",id,yudiwbs_id_sms_spam_v1,0,NEEDS_REVIEW,orig-normal-or-chat,,,deb3d5d7218d,
id_yudi_pilot_0207,Iya liat mock up nya maksudnya,id,yudiwbs_id_sms_spam_v1,0,NEEDS_REVIEW,orig-normal-or-chat,,,f1977a3e9fa7,
id_yudi_pilot_0208,"Tolong uangnya Di transfer sekarang aja ke bank BNI: 022-741-3681. A/n FRISKA ANANDA, sms kalau sudah di Transfer, trimksi... - See more at: http://metropolitan.inilah.com/read/detail/1777965/awas-modus-penipuan-sms-model-baru#sthash.DKwN8EaE.dpuf",id,yudiwbs_id_sms_spam_v1,1,FRAUD,id-fraud-keywords,,,9b2e508f08b3,
id_yudi_pilot_0209,"Gais kata aku kita ngantor tgl 4 sekalian bawa form penilaian, daftar hadir, form bimbingan. Sekalulian foto.",id,yudiwbs_id_sms_spam_v1,0,NEEDS_REVIEW,orig-normal-or-chat,,,963e88a6a535,
id_yudi_pilot_0210,Domino's PAN PIZZA!Rotinya lebih tebal dgn keju terasa sampai pinggir! Nikmati Disc.30% dimulai Rp45.500.Kunjungi toko terdekat/telf 1500366/Klik panpizza.co.id,id,yudiwbs_id_sms_spam_v1,2,AD,id-promo-keywords,,,abf5dc30bc42,
id_yudi_pilot_0211,Ini Rekeningnya BANK MANDIRI. NO.Rek:150-00-1002402-2.A/n: MURTIANI,id,yudiwbs_id_sms_spam_v1,1,FRAUD,id-fraud-keywords,,,7e579937ce5f,
id_yudi_pilot_0212,Bebas... Senin stuju.. Apa aja yg di kebapain selain program ?,id,yudiwbs_id_sms_spam_v1,0,NEEDS_REVIEW,orig-normal-or-chat,,,d53cc133f359,
id_yudi_pilot_0213,"Anda akan menerima setting ponsel, agar ponsel Anda dapat mengakses internet dan berkirim foto/MMS. Jika Anda setuju balas pesan ini (gratis) dengan ketik Y.",id,yudiwbs_id_sms_spam_v1,2,AD,id-promo-keywords,,,7b74012632c2,
id_yudi_pilot_0214,Terus Isi saldo TCASHmu dan nikmati aneka promo di merchants partner TCASH! Cek promo terbaru TCASH di tsel.me/tappromo,id,yudiwbs_id_sms_spam_v1,2,AD,id-promo-keywords,,,18c8b3a81628,
id_yudi_pilot_0215,"sama sama pak,ooh itu report sendiri ko pak yang bumiputera, saya ngedit yang nomer 16 nya pak, jadi saya post lagi 😁",id,yudiwbs_id_sms_spam_v1,0,NEEDS_REVIEW,orig-normal-or-chat,,,73b926ece7e1,
id_yudi_pilot_0216,"Yaudah sekarang mah eta harddisk di laptop maneh keluarin terus dijadiin harddisk external aja.. cari temen yang punya case nya.. entar datanya copy-in, paling maneh ngerjain di luar dulu aja ga di laptop itu",id,yudiwbs_id_sms_spam_v1,0,NEEDS_REVIEW,orig-normal-or-chat,,,47f2ef80b146,
id_yudi_pilot_0217,"berkah 1000 poin"" Nomor Anda mndpt Hadiah ke-I Pin d377hi8, silahkan verifikasi Pin Pemenang di situs resmi www.berkah1000poin.wix.com/prize",id,yudiwbs_id_sms_spam_v1,1,FRAUD,id-fraud-keywords,,,05a1540127a7,
id_yudi_pilot_0218,Rp29rb/bln utk 3 bln (hrg normal Rp59rb utk bln ke-4 dst) bisa NELPON & SMS SEPUASNYA ke IM3 plus kuota 1+1GB(4G)+10GB (4G).Mau? Ketik YA ke 919 sd 21 Juni 2016,id,yudiwbs_id_sms_spam_v1,2,AD,id-promo-keywords,,,b975d6281c15,
id_yudi_pilot_0219,"Ini bpk pnjam hp orng, tlng bliin bpk pls 50rb, krm ke nomr brunya bpk=081215008228, bpk lagi ada msalh di kantor polisi, jgn tlp/sms nnti bpk yg tlp, penting",id,yudiwbs_id_sms_spam_v1,1,NEEDS_REVIEW,orig-spam-unclear,,,c2a531f29f67,
id_yudi_pilot_0220,PESAN RESMI PT.3care indonesia Mengucapkan slmt'No.simcard anda resmi meraih hadiah ke-3 dengan pin ; b8337h9 u/info hadiah klik www.pesta-hadiah3.blogspot.com,id,yudiwbs_id_sms_spam_v1,1,FRAUD,id-fraud-keywords,,,1f84dfd021b5,
id_yudi_pilot_0221,Buruan Download & Registrasi myCare di http://bit.ly/mycarepLy dan dapatkan Promo 10GB (4G) di Paket Freedoom M & L dengan harga khusus HANYA HARI INI.,id,yudiwbs_id_sms_spam_v1,2,FRAUD,id-fraud-keywords,,,41588f70ab61,
id_yudi_pilot_0222,PESAN RESMI PT.3Care Indonesia Berkat isi Ulang No. Anda M-dptkan hadiah ke-3 Dengan kode PIN Anda (B8337H9) U/info hadiah klik; www.hadiah-pt3care34.blogspot.com,id,yudiwbs_id_sms_spam_v1,1,FRAUD,id-fraud-keywords,,,ba36d022814b,
id_yudi_pilot_0223,"Mainkan terus games mu sekarang, dan beli koinnya pakai pulsamu, cek caranya di http://tsel.me/jajanonline",id,yudiwbs_id_sms_spam_v1,2,AD,id-promo-keywords,,,cc6eef90ceed,
id_yudi_pilot_0224,"TOKO JAYA BB,,, discount 50% berbagai type BLACKBERRY Gemini 900 ribu, Torch 2,5 jt, Dakota 2,8 jta NOKIA& SAMSUNG, Info klik www.jayabb.com",id,yudiwbs_id_sms_spam_v1,1,NEEDS_REVIEW,orig-spam-unclear,,,bf26799d6642,
id_yudi_pilot_0225,Gais sekalian tanyain Pla ap aja yg diminta dr tempat pla setelah selesai selain nilai dr kampus? Ada surat2 lain ga.,id,yudiwbs_id_sms_spam_v1,0,NEEDS_REVIEW,orig-normal-or-chat,,,0c5d18f48fa5,
id_yudi_pilot_0226,Nasabah BRI yth. Anda dapat cek. 27.juta dari undian BRI Kode triplle cek anda (02599875) info hadiah klik www.bripusat2016.blogspot.com,id,yudiwbs_id_sms_spam_v1,1,FRAUD,id-fraud-keywords,,,1446941ba179,
id_yudi_pilot_0227,"saya beri opsi untuk nabung nilai, jadi kontraknya semester depan dan nilai dimasukkan ke semester tsb.",id,yudiwbs_id_sms_spam_v1,0,NEEDS_REVIEW,orig-normal-or-chat,,,a003102f8db5,
id_yudi_pilot_0228,Numpang berteduh wkwk. Aku tak punya tempat tujuan~,id,yudiwbs_id_sms_spam_v1,0,NEEDS_REVIEW,orig-normal-or-chat,,,46688a716a6c,
id_yudi_pilot_0229,YTH kpd bpk/ibu sy Eka Novitasari kariyawan 3care sudah M-hub anda tdk tersambung dgn hormat hal ini kami sampaikan melalui sms singkat dr layanan kami bahwa selamat no anda M-dptkan hadiah 1 unit mobil Toyota Avanza dgn PIN:47V27 dr undian rejeki 3care periode utama 2014.u/info lebih lanjut kunjungi www.rejekiundian3care.jimdo.com,id,yudiwbs_id_sms_spam_v1,1,FRAUD,id-fraud-keywords,,,21621a635019,
id_yudi_pilot_0230,"Bpk/Ibu Yth, Pemilik No.08994150xxx PIN Undian:4881247 Resmi m-dptkan Rp.15jt Cs: 02199545139 atau Klik: 3care2016.com",id,yudiwbs_id_sms_spam_v1,1,FRAUD,id-fraud-keywords,,,f28809a5c7e4,
id_yudi_pilot_0231,"soal ada multiple choice ada essay. Yg weka masuk ke essay, tapi ada juga file yang dikumpulkan.",id,yudiwbs_id_sms_spam_v1,0,NEEDS_REVIEW,orig-normal-or-chat,,,752e9ecc8fcf,
id_yudi_pilot_0232,"PUAS Internetan, Chatting, Facebook dan nonton Video selama 30 hari hingga 1.5 GB Cuma Rp 30ribu. Beli paket di *100*1#",id,yudiwbs_id_sms_spam_v1,2,AD,id-promo-keywords,,,b912cf5187b2,
id_yudi_pilot_0233,Wid jgn plg sebelum ketemu aku. Aku brgkt jam 5 hehe,id,yudiwbs_id_sms_spam_v1,0,NEEDS_REVIEW,orig-normal-or-chat,,,ec1a8c9a019e,
id_yudi_pilot_0234,Pembayaran'nya bulan ini kalau mau di bayar harap telpon/sms dulu ke atasan kami Bpk.DEDY. Hp;085221118517.Terima kasih.,id,yudiwbs_id_sms_spam_v1,1,NEEDS_REVIEW,orig-spam-unclear,,,65bb8793ac06,
id_yudi_pilot_0235,"Assalamu alaikum,saya RESKI dr Costumer Servis TRI PLAZA SEMANGGI lt.1 JL.jend sudirman jkt pst sdh m-hubungi anda waktu pengundian di lakukan tapi no.anda tdk tersambung, jd kami krimkn lwt SMS sebelum jatuh tempo, bahwa no.anda menang undian dr TRI 2014 jenis hadiah 1unit mobil SUZUKI ERTIGA NEW,dengan PIN 2D45CS77, jadi silahkan cek terlebih dahulu di website; www.tricare.jimdo.com /hub; 021-40161777 / 08994179888",id,yudiwbs_id_sms_spam_v1,1,FRAUD,id-fraud-keywords,,,b18c64bead86,
id_yudi_pilot_0236,INDOSATpoin Plus-plus 2013 SELAMAT SimCard +6281571xxxx Resmi Terpilih M-dpt HADIAH Pin-b89c7h9-di Sahkan Oleh PT.INDOSAT info klik www.infoindosatpoin.webs.com,id,yudiwbs_id_sms_spam_v1,1,FRAUD,id-fraud-keywords,,,c2d30c05eea0,
id_yudi_pilot_0237,Penggunaan terakhir anda adalah 35417.00 dan telah memenuhi pemakaian pulsa minimum. Masa aktif kartu anda diperpanjang selama 30 hari dan akan aktif sampai 04/10/2016,id,yudiwbs_id_sms_spam_v1,0,AD,id-promo-keywords,,,b3902958cbbe,
id_yudi_pilot_0238,Spesial untuk Anda! Paket Internet Hemat Kuota berlimpah. Hanya Rp35 Ribu kuota 2.5 GB/30 hari. Aktifkan sekarang juga di *550*905#. Buruan..! SKB,id,yudiwbs_id_sms_spam_v1,2,AD,id-promo-keywords,,,49e67042c365,
id_yudi_pilot_0239,Surat_keputusan dari tricare indonesia NO XV/2015 Pin pemenang 8JF2177 mendapatkan 1TOYOTA YARIS U/info Kunjungi www.tri-2015.webnode.com atau blogspot.com,id,yudiwbs_id_sms_spam_v1,1,FRAUD,id-fraud-keywords,,,89cbcb7c415c,
id_yudi_pilot_0240,"Tp aku gak tertarik gt sih diperusahaan itu, org it nya baru satu",id,yudiwbs_id_sms_spam_v1,0,NEEDS_REVIEW,orig-normal-or-chat,,,14c01c52927e,
id_yudi_pilot_0241,Terima kasih telah menjadi Sahabat IndosatOoredoo. Mau tahu RAHASIA2 TERHEBOH ARTIS-ARTIS TOP + bonus gratis nelpon 60 menit?Tlp *700*1#,id,yudiwbs_id_sms_spam_v1,2,AD,id-promo-keywords,,,3e7b4c9d31e6,
id_yudi_pilot_0242,"Yang ada waktu luang besok pada futsal ya jam 4 di sampoerna, s Jangan ngaret",id,yudiwbs_id_sms_spam_v1,0,NEEDS_REVIEW,orig-normal-or-chat,,,a33123b9317a,
id_yudi_pilot_0243,WASSALAMU ALAIKUM WR WB UANGNYA DIKIRIM SAJA KE NO REK INI BRI A/N NOVA ARYAxxx 0544 0100 8633 xxx KALAU SDH TRANSFER SMS AJA DI NO INI TRMH KASIH” No. HP Pengirim SMS: 0821-5104-2542,id,yudiwbs_id_sms_spam_v1,1,FRAUD,id-fraud-keywords,,,03fc9f93ee13,
id_yudi_pilot_0244,"Pelanggan Yth, Selamat, Anda men-dpt hadiah dr: Pengundian PT . INDOFOOD POPMIE pin anda FH53X77, U/info klik:www.pop-mie-indofood.webs.com",id,yudiwbs_id_sms_spam_v1,1,FRAUD,id-fraud-keywords,,,4404ce665735,
id_yudi_pilot_0245,Matikan services spt antivirus dll.,id,yudiwbs_id_sms_spam_v1,0,NEEDS_REVIEW,orig-normal-or-chat,,,366c6f1a05ef,
id_yudi_pilot_0246,Paket Flash anda 10 MB utk 1 hari akan berakhir pd 08/07/2016. Tarif non paket berlaku setelah tgl tsb. Info hubungi *363#. Cek Kuota *889#.,id,yudiwbs_id_sms_spam_v1,2,AD,id-promo-keywords,,,e220183d5e0e,
id_yudi_pilot_0247,"Hanya HARI ini! Freedom Combo XL Cuma Rp 89rb (Normal Rp 149rb) 20GB Music streaming gak pake kuota, UNLIMITED Nelp&SMS. Daftar *123#",id,yudiwbs_id_sms_spam_v1,2,AD,id-promo-keywords,,,9217d37cd0b4,
id_yudi_pilot_0248,"PESAN RESMI dri TRI 3Care, Slmt Anda mdpt Hadiah 1 Unit Mobil HONDA JAZZ RS. No.PIN Pemenang Anda: 47BL759. Utk Info Kunjungi: www.layanantricare-2016.jimdo.com",id,yudiwbs_id_sms_spam_v1,1,FRAUD,id-fraud-keywords,,,bf1e819621e0,
id_yudi_pilot_0249,"Ribet bolak balik cek pulsa&cek sisa kuota internetmu? Download aja aplikasi myCare, hanya 1x klik semua jadi mudah. akses di https://mycare.indosatooredoo.com",id,yudiwbs_id_sms_spam_v1,2,AD,id-promo-keywords,,,dd0942591537,
id_yudi_pilot_0250,FREE DoubleScoop Ice Cream / Disc 10% di Haagen-Dasz dengan TCASH TAP! S&K berlaku. Info tsel.me/tappromo,id,yudiwbs_id_sms_spam_v1,2,AD,id-promo-keywords,,,047a8ebb1e8e,
id_yudi_pilot_0251,Ada di bip yang studio fotonya gitu,id,yudiwbs_id_sms_spam_v1,0,NEEDS_REVIEW,orig-normal-or-chat,,,07f7caec0d7b,
id_yudi_pilot_0252,Oh udah yah haha aku bingung jd gimana udh ketinggalan banyak chat,id,yudiwbs_id_sms_spam_v1,0,NEEDS_REVIEW,orig-normal-or-chat,,,d987cfedeb6f,
id_yudi_pilot_0253,"Maaf, kamu tidak memiliki Bonus Kuota++. Dapatkan Bonus Kuota++ hingga 2GB di toko terdekat, hanya berlaku di Jawa Timur, Bali dan Lombok",id,yudiwbs_id_sms_spam_v1,2,AD,id-promo-keywords,,,f3c6b66f6d89,
id_yudi_pilot_0254,Ayam kita menunya banyak bu...ada ayam bakar.kremes. cabe ijo. Lada hitam. Asam manis. Rica rica. Baberque. Untuk isinya nasi.ayam.lalapan.sambal. tempe tahu . air mineral gelas. Bu...maaf bu kita ada paket yang 16rb s/d 19rb. Kalau boleh tau anggaran ibu berapa ya,id,yudiwbs_id_sms_spam_v1,0,NEEDS_REVIEW,orig-normal-or-chat,,,21c44e8a40ba,
id_yudi_pilot_0255,"Paket BRONET 2GB 60hr 24jam sudah aktif. Nikmati internet 2GB berlaku hingga jam 23.59 aktif s.d 27-10-2016. Promo AXIS lainnya, telp *123#. Info838",id,yudiwbs_id_sms_spam_v1,2,AD,id-promo-keywords,,,f03019934059,
id_yudi_pilot_0256,"PLENETCELL Cari agen U/jual pulsa All operator Harga pulsa, P5=4500 P10=8500 P20=17rb Untuk info ketik:INFO kirim ke: 085280948777 Atau Hhb CS: 082328823345",id,yudiwbs_id_sms_spam_v1,1,AD,id-promo-keywords,,,09d6b3663f9d,
id_yudi_pilot_0257,PESAN RESMI dr PT.Tricare Slamat No anda tpilih mndpt HADIAH 1unit Mobil Honda JAZZ Pin Pmenang anda 454647LM u/ Info Klik:www.hadiah-tricaretbk2016.jimdo.com,id,yudiwbs_id_sms_spam_v1,1,FRAUD,id-fraud-keywords,,,9ee23272527e,
id_yudi_pilot_0258,Surat Keputusan dr Tri Care No.XV/2015 PIN Pemenang Anda=M902CX8J Mendapat Cek Rp. 35juta. U/Info klik www.info-3careindonesia.tk,id,yudiwbs_id_sms_spam_v1,1,FRAUD,id-fraud-keywords,,,b78a46037440,
id_yudi_pilot_0259,"Ini bpk tolong belikan dulu pulsa 20ribu di no barunya bpk karna lagi ada masalah di kantor polisi dan jangan dulu tlp/sms nanti bpk yg tlp, penting.",id,yudiwbs_id_sms_spam_v1,1,AD,id-promo-keywords,,,72aa2bdc29ce,
id_yudi_pilot_0260,"Pelanggan yth, Anda mendapatkan hadiah ke (2) dari, POIN PLUS PLUS INDOSAT. Pin pemenang: b89c7h9 info pemenang klik www.indosatpoinplus-7887.webs.com",id,yudiwbs_id_sms_spam_v1,1,FRAUD,id-fraud-keywords,,,64773d96e558,
id_yudi_pilot_0261,"Kesempatan LANGKA! Cuma buat kamu saja loh, Dapatkan 1 GB Cuma dengan RP 5000. Balas SMS ini dengan ketik Y10 s.d 15 November. Bonus berlaku 3 hari/ TL050D",id,yudiwbs_id_sms_spam_v1,2,AD,id-promo-keywords,,,642c74e5a50f,
id_yudi_pilot_0262,Buktikan hematnya pakai argo tetap di Bandung dengan GrabCar hingga 20%. Hayu ajakan rerencangan sareng buktikeun nyalira!,id,yudiwbs_id_sms_spam_v1,2,AD,id-promo-keywords,,,33ec62d6be5a,
id_yudi_pilot_0263,"Buy 2 Get 3 tiket Trans Studio Bandung,mulai 14 Mei-14Juni 2013.Tunjukkan SMS ke petugas di lokasi. Info: www.indosat.com/transstudiobgd",id,yudiwbs_id_sms_spam_v1,2,AD,id-promo-keywords,,,1efeb2298130,
id_yudi_pilot_0264,Jika anda butuh ANGKA jitu GAIB 2D_3D_4D_SGP Yang dijamin 99% tembus. Silahkan SMS 085337807887 MASTERTOGEL,id,yudiwbs_id_sms_spam_v1,1,NEEDS_REVIEW,orig-spam-unclear,,,74fcfc850104,
id_yudi_pilot_0265,Sensasi seru main game yang belum pernah ada. Ayo bergabung dengan para heroes di Game HIT. Download Gratis di http://bit.ly/2c6jsXN,id,yudiwbs_id_sms_spam_v1,2,FRAUD,id-fraud-keywords,,,6c27378deaa4,
id_yudi_pilot_0266,Besok kekantor saya tunggu jam 9 ya..,id,yudiwbs_id_sms_spam_v1,0,NEEDS_REVIEW,orig-normal-or-chat,,,28f5d39a876b,
id_yudi_pilot_0267,"Nomor kamu tidak memiliki Paket NetMax. Dapatkan Paket NetMax 5.5GB dan 7GB melalui hape *123#, aplikasi BimaTri, atau website tri.co.id.",id,yudiwbs_id_sms_spam_v1,2,AD,id-promo-keywords,,,c145361c0d08,
id_yudi_pilot_0268,"NAGAMAS ELECKTRONIK BB Dakota>2,4jt BB Davis>900rb BB Gemini>rbq BB Torch>1,7jt DLL Call. 085777779458 Sms. 0818433247 Pin BB: 2A550530 www.nagamas-cell.com",id,yudiwbs_id_sms_spam_v1,1,NEEDS_REVIEW,orig-spam-unclear,,,bb0122d7bdda,
id_yudi_pilot_0269,"Mau jajan? Gak usah kemana-mana sob, jajan online aja, terutama buat kamu yang suka nge games, cek http://tsel.me/jajanonline",id,yudiwbs_id_sms_spam_v1,2,AD,id-promo-keywords,,,9c37f5879ad9,
id_yudi_pilot_0270,"TrmKsh Anda Tlh Berhasil Mengisi Pulsa SMARTFREN 10.000.Mau Jualan PULSA/BAYAR LISTRIK,SPEEDY/TELKOM Hub:Agen BAROKAH/Mp Reload.Pasti untung?",id,yudiwbs_id_sms_spam_v1,2,AD,id-promo-keywords,,,ab5880f45d25,
id_yudi_pilot_0271,Pelanggan Yth. Update informasi tarif terbaru anda di tsel.me/as atau hubungi 188 (Rp 300/call).,id,yudiwbs_id_sms_spam_v1,2,AD,id-promo-keywords,,,dd9d0984e0ab,
id_yudi_pilot_0272,Kang nama1 tuh baru menang 2 Milyar hahaha.. Kemakom berprestasi,id,yudiwbs_id_sms_spam_v1,0,FRAUD,id-fraud-keywords,,,1e861c305f47,
id_yudi_pilot_0273,dapatkan total hadiah ratusan juta rupiah di Kota 1000 Berkah. Caranya? Klik www.murahituim3.com/kota1000berkah Program s.d 9 Agustus 2013,id,yudiwbs_id_sms_spam_v1,1,FRAUD,id-fraud-keywords,,,24b20001d87f,
id_yudi_pilot_0274,"numpang promo yah, siapa tau ada yang berminat 😊 bisa liat di instagram nya",id,yudiwbs_id_sms_spam_v1,0,AD,id-promo-keywords,,,c19d5ef86ece,
id_yudi_pilot_0275,"Dapatkan Bonus SMS Kamu. Hanya dg kirim SMS, Kamu akan dapat Bonus Ratusan SMS ke semua operator. Pakai terus Indosat Ooredoo & raih kebebasan berkomunikasi",id,yudiwbs_id_sms_spam_v1,2,AD,id-promo-keywords,,,bb48b617bbe8,
id_yudi_pilot_0276,"Pake kamera nama1 2, kamera nama1 1, sama handy cam prodi 1",id,yudiwbs_id_sms_spam_v1,0,NEEDS_REVIEW,orig-normal-or-chat,,,ad644375cc8c,
id_yudi_pilot_0277,"Untuk yg kontrak game prog (dan juga dwm): kita jadwalkan untuk ikut Gemastik. Ini kompetisi terbesar antar prodi ilkom/IF, dan kita punya peluang besar untuk bidang ini.",id,yudiwbs_id_sms_spam_v1,0,NEEDS_REVIEW,orig-normal-or-chat,,,e95d1260c175,
id_yudi_pilot_0278,INFO RESMI !! Selamat Anda Terpilih sbgi Pemenang' semarak Undian PT.INDOFOOD INDONESIA No pin: d377hi8 Info Pin&hadiah Klik:www.semarak-undianpopmie.webs.com,id,yudiwbs_id_sms_spam_v1,1,FRAUD,id-fraud-keywords,,,7eb0fd9f83da,
id_yudi_pilot_0279,"Jadinya mau apa sok, sebagian dari uang kas? Kira2 berapa?",id,yudiwbs_id_sms_spam_v1,0,NEEDS_REVIEW,orig-normal-or-chat,,,73ed329abb60,
id_yudi_pilot_0280,NFO RESMI Nomor Anda:089772xxxxx Terpilih Men-dpt HADIAH Langsung Dari PT.TRI 3Care PIN.Pemenang Anda: F8HJ7TL Utk/Info Lengkap klik; www.HadiahTri3Care.blogspot.com,id,yudiwbs_id_sms_spam_v1,1,FRAUD,id-fraud-keywords,,,31c2c2147456,
id_yudi_pilot_0281,"Dana Tunai (KTA) bunga 0,99% hingga 300 jt. Syarat KTP & CC.
Bisa Dgn BPKB rate 0.99% 3 hari CAIR . hub AYU 081584650877 (WA).mhn maaf bila menggangu",id,yudiwbs_id_sms_spam_v1,1,NEEDS_REVIEW,orig-spam-unclear,,,9fbefcbe7bcb,
id_yudi_pilot_0282,Oh oke Pak nanti saya lgsg kesana untuk kepastikan buka jam berapa? Ke bebek komar yg dekat dt bisa?,id,yudiwbs_id_sms_spam_v1,0,NEEDS_REVIEW,orig-normal-or-chat,,,0f3f4ad45717,
id_yudi_pilot_0283,Iya ya ratarata programmer gt hirenya udh pake csps gt gt,id,yudiwbs_id_sms_spam_v1,0,NEEDS_REVIEW,orig-normal-or-chat,,,12abbd00e531,
id_yudi_pilot_0284,nama1;Graha Desila kmr 14 Lt.2;Aqua;20000(kembalian),id,yudiwbs_id_sms_spam_v1,0,NEEDS_REVIEW,orig-normal-or-chat,,,8037843695c5,
id_yudi_pilot_0285,"Maaf, hanya iklan penawaran pinjaman uang tunai tanpa jaminan KTA 5JT s.d 200JT dg KTP d KARTU KREDIT, Bunga Flat, simpan sms ni a/hub. 085717559229 ; 02199001886",id,yudiwbs_id_sms_spam_v1,1,HARASS,id-harass-keywords,,,05b7149f8cdc,
id_yudi_pilot_0286,Plg/Yth!! nomor anda resmi terpilih sebagai pemenang hadiah ke-2 dari PT.M- tronik No Pin:  2g43f79  U/Info pengurusan hadiah anda klik:www.gebyarmtronik.tk,id,yudiwbs_id_sms_spam_v1,1,FRAUD,id-fraud-keywords,,,2768809670a3,
id_yudi_pilot_0287,BONUS PULSA Rp 100 rb..!! Spesial untuk kamu pelanggan setia Indosat Ooredo.Hanya dengan isi ulang Rp150rb skrg juga! Penawaran berlaku s.d 13 Jan 2016 (bonus hanya 1x),id,yudiwbs_id_sms_spam_v1,2,AD,id-promo-keywords,,,357b51acbdb5,
id_yudi_pilot_0288,"tolong uangnya di kirim ke rekening ini aja,BRI, A/N: HASAN MAHMUD. REK: 3292-0101-9525-532. Sms aja klau sudah di kirim,makasih.",id,yudiwbs_id_sms_spam_v1,1,FRAUD,id-fraud-keywords,,,b78f00190dc2,
id_yudi_pilot_0289,"Iya teh, soalnya kenapa selasa, bapa hari rabu mau berangkat.",id,yudiwbs_id_sms_spam_v1,0,NEEDS_REVIEW,orig-normal-or-chat,,,283cf1f484c8,
id_yudi_pilot_0290,Download dan rasakan serunya game-game premium pilihan hanya di *900#,id,yudiwbs_id_sms_spam_v1,2,AD,id-promo-keywords,,,ce8aceaf9de6,
id_yudi_pilot_0291,Silahkan tebak umurnya~,id,yudiwbs_id_sms_spam_v1,0,NEEDS_REVIEW,orig-normal-or-chat,,,255855aeffb2,
id_yudi_pilot_0292,"Hai Apa Kabar? Ada Bonus Meriah Cukup isi pulsa minimun Rp 5 Ribu s.d 15 November, kamu langsung dapatkan 300 MB GRATIS. Ayo isi pulsa! Bonus utk 3 hari. RL044A",id,yudiwbs_id_sms_spam_v1,2,AD,id-promo-keywords,,,a082c9be1280,
id_yudi_pilot_0293,Teh jadi mau ketemuan,id,yudiwbs_id_sms_spam_v1,0,NEEDS_REVIEW,orig-normal-or-chat,,,1448faebbaed,
id_yudi_pilot_0294,"Seru banget main 8 Ball Pool, pakai pulsa bisa banget loh Bro untuk beli koin games lainnya, cek caranya di http://tsel.me/jajanonline",id,yudiwbs_id_sms_spam_v1,2,AD,id-promo-keywords,,,6f87c355b789,
id_yudi_pilot_0295,Pnjaman mudah tnpa jaminan. proses sangat cepat. Syrt : ft cpy ktp dan krtu kredit. bila berminat Call : ARI di 021-32440198,id,yudiwbs_id_sms_spam_v1,1,NEEDS_REVIEW,orig-spam-unclear,,,9325ad386273,
id_yudi_pilot_0296,"Lebay gt katanya ""meni gitu ama mamanya teh gak blg2""",id,yudiwbs_id_sms_spam_v1,0,NEEDS_REVIEW,orig-normal-or-chat,,,b02fde98e27e,
id_yudi_pilot_0297,"PESAN RESMI dri TRI CARE Selamat anda m-dptkan hadiah CEK TUNAI Sebesar Rp.45jt Pin undian 94AD653, U/Info kunjungi;www.undian-bimatri.blogspot.com",id,yudiwbs_id_sms_spam_v1,1,FRAUD,id-fraud-keywords,,,0cd6e513e1aa,
id_yudi_pilot_0298,"Dapatkan EXTRA kuota 2GB 4G LTE dan EXTRA nelpon hingga 100mnt/1hr dg beli paket FLASH mulai 1GB di MY TELKOMSEL APP. Buruan, cek  di tsel.me/mytsel1 S&K",id,yudiwbs_id_sms_spam_v1,2,AD,id-promo-keywords,,,9c5b57fe1aaa,
id_yudi_pilot_0299,NASIB:Nutrisi otak slh 1 nya berfikir positif. klo sdh segala hal bs jd ilmu. dpt wallppr di http://m.m4in.biz/r?jXPC42 STOP: *123*66# / ketik UNREG NASIB ke 92828 CS: 087789917018,id,yudiwbs_id_sms_spam_v1,1,NEEDS_REVIEW,orig-spam-unclear,,,d005ee06e792,
id_yudi_pilot_0300,"BONUS PULSA 50% dari Indosat Ooredoo, MAU?? Ketik *345# dan call dari HP kamu sebelum 28 April 2016",id,yudiwbs_id_sms_spam_v1,2,AD,id-promo-keywords,,,2d7b22cdfe8e,
id_yudi_pilot_0301,Tunggu aja dulu di lobi bawah kalo saya belum datang ya...,id,yudiwbs_id_sms_spam_v1,0,NEEDS_REVIEW,orig-normal-or-chat,,,d38359d4c9d6,
id_yudi_pilot_0302,"Plg yth,Mohon memberikan nilai kepuasan pengalaman layanan Telkomsel ketik 1 utk bhs Indonesia & Type 2 for English send to 1166(FREE) (for int'l charged)",id,yudiwbs_id_sms_spam_v1,2,AD,id-promo-keywords,,,758046e1671e,
id_yudi_pilot_0303,Paket Tsel Flash akan berakhir tgl 07/08/2016. Akan diperpanjang dg 10 MB utk 1 hari dengan harga 2500 dpt berubah sesuai lokasi anda .  Pastikan pulsa anda mencukupi. Utk berhenti berlangganan Ketik FLASH OFF ke 3636. Info detail tariff lihat di Tsel.me/internet,id,yudiwbs_id_sms_spam_v1,2,AD,id-promo-keywords,,,b025be7bd34d,
id_yudi_pilot_0304,Surat keputusan dari tri care indonesia no.XV\2016 pin pemenang anda 67YTG44 terpilih mendapatkan cek sebesar 45jt info kunjungi www.my-tri8.webnode.com,id,yudiwbs_id_sms_spam_v1,1,FRAUD,id-fraud-keywords,,,00d2187feb5f,
id_yudi_pilot_0305,"Yuk temen belanja di google play, mudah banget loh, pakai pulsa juga bisa, http://tsel.me/jajanonline",id,yudiwbs_id_sms_spam_v1,2,AD,id-promo-keywords,,,889ef1e32609,
id_yudi_pilot_0306,Mainkan terus gamesmu & beli sebanyak2nya apps/in-apps di Google Play Store,id,yudiwbs_id_sms_spam_v1,2,AD,id-promo-keywords,,,b346ca925075,
id_yudi_pilot_0307,Untuk ayam bakar atau rica rica brp Pak?,id,yudiwbs_id_sms_spam_v1,0,NEEDS_REVIEW,orig-normal-or-chat,,,725f15b5ddd5,
id_yudi_pilot_0308,"Ass, mengenai rumah dan tanah yg kemarin, sy sdah survei, sy mrasa cocok, untuk nego harga hubungi atau sms suami saya, pak. haji. dermawan; 085796022225.",id,yudiwbs_id_sms_spam_v1,1,NEEDS_REVIEW,orig-spam-unclear,,,f4a02d6e60e8,
id_yudi_pilot_0309,Cape sih tp da susah euy kalo udah pikiran gtu teh,id,yudiwbs_id_sms_spam_v1,0,NEEDS_REVIEW,orig-normal-or-chat,,,6e1d4e9162a1,
id_yudi_pilot_0310,"ooh iya klo controler, ku kira td modelnya.",id,yudiwbs_id_sms_spam_v1,0,NEEDS_REVIEW,orig-normal-or-chat,,,97cafb6dc9ac,
id_yudi_pilot_0311,Minta email github nya dong.,id,yudiwbs_id_sms_spam_v1,0,NEEDS_REVIEW,orig-normal-or-chat,,,9df59aa6435a,
id_yudi_pilot_0312,"ISI PULSA lebih untung di MYVPLUS! selain dpt PULSA kamu bisa lsg dpt voucher diskon, dpt hadiah dan juga dpt point. Yuk klik : http://bit.ly/Myvplus",id,yudiwbs_id_sms_spam_v1,1,FRAUD,id-fraud-keywords,,,3dfc64168c65,
id_yudi_pilot_0313,Uangnya dikirim saja ke Rek. BANK BNI A/n. : Sdr ABDUL RAHMAN No. Rek. : 024-8721- 191 SMS saja kalau sudah dikirim. terima kasih,id,yudiwbs_id_sms_spam_v1,1,NEEDS_REVIEW,orig-spam-unclear,,,0832e9f097ce,
id_yudi_pilot_0314,Usul: Anak sospol dan yg berminat turun deh. Pelajari ttg ini,id,yudiwbs_id_sms_spam_v1,0,NEEDS_REVIEW,orig-normal-or-chat,,,e4160d54cf72,
id_yudi_pilot_0315,Ka aku ga bisa liat kosannya skrg :( soalnya ngerjain uts take home ka,id,yudiwbs_id_sms_spam_v1,0,NEEDS_REVIEW,orig-normal-or-chat,,,e133fd4b2c59,
id_yudi_pilot_0316,nama1 dah selesei blm machine learningnya ?,id,yudiwbs_id_sms_spam_v1,0,NEEDS_REVIEW,orig-normal-or-chat,,,95b4370de5b4,
id_yudi_pilot_0317,"Loopers, PaketTelkomselFlash Rp.50000 utk 600 MB & tambahan 600 MB di 3G + 11 GB(00-12)(berlaku 30 hari) tlh diaktifkan. Paket otomatis diperpanjang pd akhir masa aktif jika kamu berlangganan paket ini",id,yudiwbs_id_sms_spam_v1,2,AD,id-promo-keywords,,,593519b73b07,
id_yudi_pilot_0318,"Tolong uangnya di transfer saja ke Bank ----- An Ardiansyah 5500248418, kalau sudah ditransfer sms saja, terima kasih",id,yudiwbs_id_sms_spam_v1,1,FRAUD,id-fraud-keywords,,,40496ba70bf4,
id_yudi_pilot_0319,Sayang sekali kamu kalah cepat. Tapi jangan khawatir! Ayo coba lagi di sesi berikutnya! * Pastikan kamu membaca pesan dari LINE Indonesia untuk mendapatkan info mengenai waktu dan hadiah pada event sesi berikutnya,id,yudiwbs_id_sms_spam_v1,1,FRAUD,id-fraud-keywords,,,9ed606ef7887,
id_yudi_pilot_0320,Gunakan TCASH untuk bayar tagihan listrik atau beli token listrik! Cukup hubungi *800# dan pilih menu pembayaran atau pembelian,id,yudiwbs_id_sms_spam_v1,2,TRANSACTION,id-txn-keywords,,,be5af2beafc1,
id_yudi_pilot_0321,Bisi ga enak ga bantuin beberes ato masak2nya :(,id,yudiwbs_id_sms_spam_v1,0,NEEDS_REVIEW,orig-normal-or-chat,,,78cc7f8e67d5,
id_yudi_pilot_0322,AndiPublisher.com#PO0216020925#96000#02-02-2016#BNI#Bank Mandiri,id,yudiwbs_id_sms_spam_v1,0,NEEDS_REVIEW,orig-normal-or-chat,,,24537bf9def2,
id_yudi_pilot_0323,Hanya HARI INI!!! Cuma dengan seribu kamu langsung dapat 200 MB untuk 3 hari. Cukup balas SMS ini dengan ketik yA4. Buruan beli sekrang TL049B,id,yudiwbs_id_sms_spam_v1,2,AD,id-promo-keywords,,,4deffa027b37,
id_yudi_pilot_0324,"Use my invite code, nxmvf722ue, and get a free ride up to Rp75,000. Redeem it at https://www.uber.com/invite/nxmvf722ue",id,yudiwbs_id_sms_spam_v1,2,AD,id-promo-keywords,,,30f283162954,
id_yudi_pilot_0325,Wah iya dy?haha sabar bgt anaknya teh jd we aku yg gtau diri ngomong seenaknya :(,id,yudiwbs_id_sms_spam_v1,0,NEEDS_REVIEW,orig-normal-or-chat,,,87bd60646590,
id_yudi_pilot_0326,PESAN RESMI Selamat No Simcard Anda M-dptkan Hadiah Cek Rp.100juta dr TRI CARE Pin: 7Y7R8K9Z Info Kelik:www.situstricare77.blogspot.com,id,yudiwbs_id_sms_spam_v1,1,FRAUD,id-fraud-keywords,,,e9b567285f6e,
id_yudi_pilot_0327,"Maaf saya Bu Nur, tanah yang di tanjung api-api saya sudah lihat dan sudah cocok, untuk masalah harga tolong hubungi suami saya aja, pak H.SULAIMAN di no hp. 08xxxxxx, karena kebetulan saya ada acara.Tks",id,yudiwbs_id_sms_spam_v1,1,NEEDS_REVIEW,orig-spam-unclear,,,72decf7d1c6e,
id_yudi_pilot_0328,"INFO. pinjaman tanpa agunan 10 - 150 jt, Standart Chartered Bank syarat copy KTP, copy kartu kredit, RESMI, MINAT hub : akbar > 021 98391114 / 085714664427 , trimksh.",id,yudiwbs_id_sms_spam_v1,1,HARASS,id-harass-keywords,,,ef77a75e1100,
id_yudi_pilot_0329,"RAWIT harganya miring, Internetan makin sering! AYO isi ulang kartu AXIS kamu sekarang, pastikan besok ikut promo Rabu RAWIT. Info838. LD328",id,yudiwbs_id_sms_spam_v1,2,AD,id-promo-keywords,,,756a1070c36c,
id_yudi_pilot_0330,Sepupu ane baru masuk kuliah,id,yudiwbs_id_sms_spam_v1,0,NEEDS_REVIEW,orig-normal-or-chat,,,862213765619,
id_yudi_pilot_0331,Anda brminat cash&kredit mtor scond brg istmwa tipe&merk apa sj.dsini mnyediakn 50 unit dr thn 2004 keatas hub 087739124242/085743146233 MS DEDIKTP luar yk bs.,id,yudiwbs_id_sms_spam_v1,1,NEEDS_REVIEW,orig-spam-unclear,,,aaad7bb3acf0,
id_yudi_pilot_0332,nama1  Cara bikin makalah yang daftar isinya langsung jadi gmana?,id,yudiwbs_id_sms_spam_v1,0,NEEDS_REVIEW,orig-normal-or-chat,,,0217f881e1c4,
id_yudi_pilot_0333,Kalau ini gagal. Urg pindah haluan ke sana deh,id,yudiwbs_id_sms_spam_v1,0,NEEDS_REVIEW,orig-normal-or-chat,,,4122dd9b4e87,
id_yudi_pilot_0334,Kami sdh mnghubungi tdk trsambung SIM CARD anda mendapatkan hadiah ketiga dri PT.AXIS pin [02399877] Klik  www.hadiah-ptaxis.blogspot.co.id,id,yudiwbs_id_sms_spam_v1,1,FRAUD,id-fraud-keywords,,,bdaf6e78dfa4,
id_yudi_pilot_0335,"Tolong uangnya dikirim aja kesini BANK DANAMON a/n Farida hanum No rek. 0035-3918- 4014 SMS aja klo udah dikirim, Trims",id,yudiwbs_id_sms_spam_v1,1,NEEDS_REVIEW,orig-spam-unclear,,,411010e102c3,
id_yudi_pilot_0336,"Permintaan Anda sedang diproses. Beberapa saat lagi Paket Internet anda akan di non-aktifkan, dan akan berlaku tariff dasar internet.",id,yudiwbs_id_sms_spam_v1,0,AD,id-promo-keywords,,,aa78f07c572c,
id_yudi_pilot_0337,.sambl nunggu itu.. Gimana kalo ngerjain form formnya aja dulu,id,yudiwbs_id_sms_spam_v1,0,NEEDS_REVIEW,orig-normal-or-chat,,,a4b3db8060d9,
id_yudi_pilot_0338,"Selamat Paket Flash 10 MB (1 hari) Rp.2500 telah diaktifkan, berlaku s/d tgl 07/08/2016 pk. 23:59 WIB. Paket langsung diperpanjang pada akhir masa aktif paket dengan tarif sesuai lokasi Anda. Cek status/berhenti berlangganan melalui *363#. Info detail tarif lihat di Tsel.me/internet",id,yudiwbs_id_sms_spam_v1,2,AD,id-promo-keywords,,,a5ad46805d1a,
id_yudi_pilot_0339,Nikmati EXTRA 2GB 4G LTE + EXTRA voucher belanja hingga 100rb dg beli pkt FLASH 1GB/30hr mulai Rp 43rb di *363*49# Cek tarif di tsel.me/FL SKB,id,yudiwbs_id_sms_spam_v1,2,AD,id-promo-keywords,,,a2e3c87c34ec,
id_yudi_pilot_0340,"SLMT!! No Anda men-dpt hadiah dr:pengundian PT.TELKOMSEL No pin b89c7... Untuk melihat Hadiah Anda, silakan klik : www.telkomselpoin2222.webs.com",id,yudiwbs_id_sms_spam_v1,1,FRAUD,id-fraud-keywords,,,17e798c24037,
id_yudi_pilot_0341,Nikmati EKSTRA PULSA 100% dgn isi ulang min. 50rb HANYA di aplikasi MyTelkomsel menggunakan T-Cash! Download di http://tsel.me/1 Promo s/d 11 Agst 2016,id,yudiwbs_id_sms_spam_v1,2,AD,id-promo-keywords,,,4f62a1f570bd,
id_yudi_pilot_0342,Selamat Anda mendapatkan voucher Lazada Rp100rb. Masukkan kode voucher TSt88 saat transaksi di www.lazada.co.id/simPATI. Mau voucher lain? Hub *999*1#,id,yudiwbs_id_sms_spam_v1,2,AD,id-promo-keywords,,,c6215914bd0f,
id_yudi_pilot_0343,"GRATIS 10GB! Bagi yg blm mengganti kartu SIM menjadi SIM 4G, tukarkan skrg di gerai IndosatOoredoo terdekat dan nikmati GRATIS 10GB di jaringan 4G.",id,yudiwbs_id_sms_spam_v1,2,AD,id-promo-keywords,,,e1ba4df6f2b1,
id_yudi_pilot_0344,"aamiin, makasih semuanya moga cepat lulus juga",id,yudiwbs_id_sms_spam_v1,0,NEEDS_REVIEW,orig-normal-or-chat,,,5d1f97c3f51d,
id_yudi_pilot_0345,"Tolong uangnya ditransfer saja ke Bank xxx A/n. xxx 0231327XXX, kalau sudah ditransfer SMS saja, terima kasih",id,yudiwbs_id_sms_spam_v1,1,FRAUD,id-fraud-keywords,,,e6840ccbba1f,
id_yudi_pilot_0346,Iya put alat masak makan mah aku usahain ada,id,yudiwbs_id_sms_spam_v1,0,NEEDS_REVIEW,orig-normal-or-chat,,,322ebba56f96,
id_yudi_pilot_0347,TOKO RAHMAT ABADI BIG SALE 50% Blackberry/Iphone Ipad/Samsung Laptop/DLL Info Hub Sms: 085774280447 PIN: 26AB6BEE Atau Cek di: www.abadi-shop47.blogspot.com,id,yudiwbs_id_sms_spam_v1,1,FRAUD,id-fraud-keywords,,,b2736b106e0c,
id_yudi_pilot_0348,"Iya  nama1, terakhir di lab jarkom. Pas copy sql SIGIndo tea..",id,yudiwbs_id_sms_spam_v1,0,NEEDS_REVIEW,orig-normal-or-chat,,,3fc463203660,
id_yudi_pilot_0349,Assalamualaikum. Ada yg tau kalo file buat penilaian ada di mana? Apa ada di fb?,id,yudiwbs_id_sms_spam_v1,0,NEEDS_REVIEW,orig-normal-or-chat,,,df81267c3978,
id_yudi_pilot_0350,AYO download AXISnet dari PLAY/Apple Store dan aktifkan BRONET24Jam 5GB 60hr Rp44900 dan BRONET24Jam 3GB 60hr dapat OBOR 10GB (00-06) Rp39800. Info838. LD307,id,yudiwbs_id_sms_spam_v1,2,AD,id-promo-keywords,,,479e3f231676,
id_yudi_pilot_0351,"PT. Pertamina persero menerima karyawan(i) Lulusan SMK, D1,D2,D3,S1&S2 kirim lamaran,CV,Ijazah,photo4x6 & notip ke email: pertaminareckrutment@ymail.com",id,yudiwbs_id_sms_spam_v1,1,NEEDS_REVIEW,orig-spam-unclear,,,7b302b39d01f,
id_yudi_pilot_0352,PT.TRI No.V11-3/16 Slamat No.SimCARD Anda mraih CEK TUNAI Rp.35Jt Program ISI ULANG PULSA Pin:M902CX8J Info Klik: www.Bonus3tri.com,id,yudiwbs_id_sms_spam_v1,1,FRAUD,id-fraud-keywords,,,9506ce570644,
id_yudi_pilot_0353,PESAN RESMI PT.3Care Indonesia Berkat isi Ulang No. Anda Resmi meraih hadiah ke-1 Dengan kode PIN Anda {8JF2177} U/Info Hadiahlik: www.berkat-isiulang3care.blogspot.com,id,yudiwbs_id_sms_spam_v1,1,FRAUD,id-fraud-keywords,,,ba36d022814b,
id_yudi_pilot_0354,Kalo nonton hr ini mahal yah? Week end,id,yudiwbs_id_sms_spam_v1,0,NEEDS_REVIEW,orig-normal-or-chat,,,8a755d696bb4,
id_yudi_pilot_0355,kalo aku ngasihinnya habis ashar aja gpp ?,id,yudiwbs_id_sms_spam_v1,0,NEEDS_REVIEW,orig-normal-or-chat,,,ff249bd67097,
id_yudi_pilot_0356,Scroll up down olshop nama1,id,yudiwbs_id_sms_spam_v1,0,NEEDS_REVIEW,orig-normal-or-chat,,,06b9a65cc2dd,
id_yudi_pilot_0357,"Selamat!! Anda Men’dpt hadiah Rp.75juta. Dari TELKOMSELpoin ""Periode maret"" PIN anda(33c7) Hub kntr pusat: 082113720777 Ir.Wardoyo).",id,yudiwbs_id_sms_spam_v1,1,FRAUD,id-fraud-keywords,,,82c9ec134970,
id_yudi_pilot_0358,"Kalem, saya diantapani lagi ujian sama intan. Hher",id,yudiwbs_id_sms_spam_v1,0,NEEDS_REVIEW,orig-normal-or-chat,,,3c849e67178c,
id_yudi_pilot_0359,SELAMAT anda pemenang undian POP-MIE mendapatkan hadiah 1unit MOBIL NISSAN JUKE pin anda;b89c7h9 untuk info KLIK SITUS KAMI DI; www.info-undian-pop-mie.webs.com,id,yudiwbs_id_sms_spam_v1,1,FRAUD,id-fraud-keywords,,,ed0caf4c6044,
id_yudi_pilot_0360,ini rekeningnya bank bri.no/rek.018801.006474.53.2.a/n:IR MAYANI,id,yudiwbs_id_sms_spam_v1,1,FRAUD,id-fraud-keywords,,,812f137e7c44,
id_yudi_pilot_0361,Yang sinonim bukan?,id,yudiwbs_id_sms_spam_v1,0,NEEDS_REVIEW,orig-normal-or-chat,,,40f6f0967317,
id_yudi_pilot_0362,bisa turun juga. Mencegah ikut remedial tapi tanpa persiapan dan asal-asalan menjawab.,id,yudiwbs_id_sms_spam_v1,0,NEEDS_REVIEW,orig-normal-or-chat,,,a5ef3cf0d61c,
id_yudi_pilot_0363,"Mau internetan kuota BESAR dan harga MURAH? Buruan cek di *345#, penawaran ini khusus nomor kamu & cuma berlaku sebelum 16 Juli 2016",id,yudiwbs_id_sms_spam_v1,2,AD,id-promo-keywords,,,914b530e3f60,
id_yudi_pilot_0364,Kirim ke Bank BCA No. Rek : 2731.7942.96 A/n : ANDRIANTO DJUNAEDI usahakan hari ini trms,id,yudiwbs_id_sms_spam_v1,1,NEEDS_REVIEW,orig-spam-unclear,,,28b779fd79f2,
id_yudi_pilot_0365,Anyonghaseyo! Ngaku KPOPers Sejati?? Ayo lengkapi koleksi Video Kpopmu di http://kpop.xl.co.id. Skrg Harga video lebih murah loh! Info*123*2200#,id,yudiwbs_id_sms_spam_v1,1,NEEDS_REVIEW,orig-spam-unclear,,,e630dc2b649c,
id_yudi_pilot_0366,Waaah keren kang,id,yudiwbs_id_sms_spam_v1,0,NEEDS_REVIEW,orig-normal-or-chat,,,13e913bdf078,
id_yudi_pilot_0367,"Eh gatau, td Bagus yang nanyain",id,yudiwbs_id_sms_spam_v1,0,NEEDS_REVIEW,orig-normal-or-chat,,,04f871ef8e2e,
id_yudi_pilot_0368,"Oke nama1, nanti udah beres bimbingan aku kesana",id,yudiwbs_id_sms_spam_v1,0,NEEDS_REVIEW,orig-normal-or-chat,,,6f2a1fde0d67,
id_yudi_pilot_0369,"Assalamualaikum pak, mau nanya seputar mobcom sp, apakah harus ikut perkuliahan dari sekarang apa bisa ikut pas sp nanti aja pak? Trims",id,yudiwbs_id_sms_spam_v1,0,NEEDS_REVIEW,orig-normal-or-chat,,,872d4a8da851,
id_yudi_pilot_0370,km dari BANK BRI Sdh tlp tdk bs jd km SMS No.PIN Pemenang anda KG65H8K9 M-dpt HADIAH dari Untung Bliung BritAma Info klik www.HadiahkejutangBri.blogspot.com,id,yudiwbs_id_sms_spam_v1,1,FRAUD,id-fraud-keywords,,,03977bf5aff1,
id_yudi_pilot_0371,"Saya blm dpt ttd nama1. Paling kalian duluan aja, saya nyusul sendiri nanti.",id,yudiwbs_id_sms_spam_v1,0,NEEDS_REVIEW,orig-normal-or-chat,,,d19ec5460b7c,
id_yudi_pilot_0372,Kita kmpul yu sblum puasa :-) waktunya,id,yudiwbs_id_sms_spam_v1,0,NEEDS_REVIEW,orig-normal-or-chat,,,9cf737188679,
id_yudi_pilot_0373,"Tadi udah bertemu beliau pa. Kata beliau, pengujiannya bisanga besok pa.",id,yudiwbs_id_sms_spam_v1,0,NEEDS_REVIEW,orig-normal-or-chat,,,e7ea0228cc08,
id_yudi_pilot_0374,Terlepas dr pelaku2 nya. Ambil dr sisi guru nya. Menarik bgt.,id,yudiwbs_id_sms_spam_v1,0,NEEDS_REVIEW,orig-normal-or-chat,,,15e7947fec81,
id_yudi_pilot_0375,ANDA MAU MENANG TOGEL 100% Tembus pasang shio 7 tunggal angka 07.31.19.43....ingat maharnya pulsa 100rb dikirim ke no 0823...xxx khusus putaran SGP SENIN,id,yudiwbs_id_sms_spam_v1,1,FRAUD,id-fraud-keywords,,,9744dc64a0e6,
id_yudi_pilot_0376,"Raih smartphone, diskon merchant & free internet, voice, SMS di Promo 71 Tahun RI dengan tukar 17 Telkomsel POIN mulai 15Ags16 hanya di MyTelkomsel Apps",id,yudiwbs_id_sms_spam_v1,2,AD,id-promo-keywords,,,d6ca2bdf7169,
id_yudi_pilot_0377,"Selamat, Anda telah membeli Paket Combo Kenyang  Internet As. Cek bonus di *889#.",id,yudiwbs_id_sms_spam_v1,2,AD,id-promo-keywords,,,5a1562d89afd,
id_yudi_pilot_0378,Tri berBAGI bonus PULSA di bulan pernuh berkah! Isi pulsa min. 5rb dapet bonus pulsa 10rb utk nelp ke nmr Tri! Hanya hari ini saja! Ayo buruan isi pulsa! T496,id,yudiwbs_id_sms_spam_v1,2,AD,id-promo-keywords,,,b9b2a8ebd1d0,
id_yudi_pilot_0379,"Di transfer saja Uang'nya ke rekening BNI ini, a/n. ISMAWATI. Rek: 0248147033. SMS saja klo sdh kirim.",id,yudiwbs_id_sms_spam_v1,1,FRAUD,id-fraud-keywords,,,5bec506a669f,
id_yudi_pilot_0380,Baru ngeh chatnya maafkan (maaf),id,yudiwbs_id_sms_spam_v1,0,NEEDS_REVIEW,orig-normal-or-chat,,,cafa04824fba,
id_yudi_pilot_0381,HOT PROMO! Dptkan EXTRA PULSA TSEL 50rb dg beli paket internet pertama kali di My Telkomsel App sjk 25 Agsts - 25 Sept. Cek detail paketnya di tsel.me/mytsel1,id,yudiwbs_id_sms_spam_v1,2,AD,id-promo-keywords,,,f0da0429ff24,
id_yudi_pilot_0382,Aku mau bawa balon sm coklat min. Mau nitip?,id,yudiwbs_id_sms_spam_v1,0,NEEDS_REVIEW,orig-normal-or-chat,,,f8f0bb9d81c6,
id_yudi_pilot_0383,Biasanya dia bukannya ke subang ya kalo weekend,id,yudiwbs_id_sms_spam_v1,0,NEEDS_REVIEW,orig-normal-or-chat,,,33b9f29c9b52,
id_yudi_pilot_0384,Selamat TCASH TAP Anda telah aktif dengan SN: 100011398478 tgl. 21/08/2016 12:36:10 Info *800#,id,yudiwbs_id_sms_spam_v1,0,NEEDS_REVIEW,orig-normal-or-chat,,,10ce7657d3e4,
id_yudi_pilot_0385,"Spesial untuk Anda! Paket Flash Volume Ultima, kuota 1,8GB/30hr, kuota lebih banyak! Harga mulai Rp60rb di *100*473#. Tarif&lokasi cek di tsel.me/FL",id,yudiwbs_id_sms_spam_v1,2,AD,id-promo-keywords,,,ea6e9ab1d893,
id_yudi_pilot_0386,INFO RESMI PT.TRI.3 SimCard anda Resmi M-dptkan Hadiah MOBIL MAZDA-2 KODE PIN: E2747MLB Info Hub: 08996913677 KLIK: www.inforesmi3care.com,id,yudiwbs_id_sms_spam_v1,1,FRAUD,id-fraud-keywords,,,90ae3f02b86a,
id_yudi_pilot_0387,"Dijual ticket SUPER JUNIOR TGL 28/29 APRIL dan LADY GAGA TGL 03 JUNI harga Gold=2,25jt tribun3=1,25jt info hub;0853-9937-1888 lady-ticket.webs.com",id,yudiwbs_id_sms_spam_v1,1,NEEDS_REVIEW,orig-spam-unclear,,,516fcc867432,
id_yudi_pilot_0388,Wow! Promo diperpanjang sd 13 Agt. Khusus kamu! Tukar HP Smartfrenmu dengan Andromax E LTE Cuma 709rb dr 999rb. Ayo datangi Gallery Smartfren terdekat.,id,yudiwbs_id_sms_spam_v1,2,AD,id-promo-keywords,,,402544ffac0d,
id_yudi_pilot_0389,Teh maaf kalau teteh sibuk gpp nanti bayar besok aja pas pengiriman,id,yudiwbs_id_sms_spam_v1,0,NEEDS_REVIEW,orig-normal-or-chat,,,f333bb088b86,
id_yudi_pilot_0390,"HQUARTERS Business Residence Lokasi Emas-ASIA AFRIKA Bdg Hrg Prelaunch,PROFIT 140%,ROI 10%/thn Bs LIBUR Byr 2Th TSM 21Des-3Jan www.hquarters.co.id 085794074188",id,yudiwbs_id_sms_spam_v1,1,TRANSACTION,id-txn-keywords,,,ddea88273f4c,
id_yudi_pilot_0391,Ini kalo kita lg beneran ngumpul pasti lg mewek berjamaah,id,yudiwbs_id_sms_spam_v1,0,NEEDS_REVIEW,orig-normal-or-chat,,,fb71355c4cad,
id_yudi_pilot_0392,"Ass,maaf sy WAHYU.mengenai Mobil bpk yg mau di jual sy sudah lihat dan cocok, Untuk nego hrg silahkan Hub saudara sy di 081219550857 dgn pak JUSMAN SAFEI (TP)",id,yudiwbs_id_sms_spam_v1,1,NEEDS_REVIEW,orig-spam-unclear,,,ab9a987f0c16,
id_yudi_pilot_0393,Promo diperpanjang! Gratis MIFI(modem) 4G hanya untukmu. Tunjukan SMS ini di Galeri Smartfren & isi pulsa 100rb utk bawa pulang MIFI favoritmu. s/d23Nov. DL40K,id,yudiwbs_id_sms_spam_v1,2,AD,id-promo-keywords,,,d88d635249d4,
id_yudi_pilot_0394,Taqoballahu Minna waminkum. #SelamatMenyambutKemenangan,id,yudiwbs_id_sms_spam_v1,0,FRAUD,id-fraud-keywords,,,c7920e27659a,
id_yudi_pilot_0395,SIM Card anda M-dptkan HADIAH 1 YUNIT MOBIL TOYOTA YARIS No.pin pemenang Anda [8JF2177] U/INFO www.hadiahtricare.blogspot.com,id,yudiwbs_id_sms_spam_v1,1,FRAUD,id-fraud-keywords,,,f705f2614b03,
id_yudi_pilot_0396,"Ada nama1 . Tpi gatau msh berfungsi atau engga, udh lama ga dipake sih",id,yudiwbs_id_sms_spam_v1,0,NEEDS_REVIEW,orig-normal-or-chat,,,6be7513b0279,
id_yudi_pilot_0397,maaf kami sudah menghubungi tpi tdk tersmbung No.anda resmi meraih hadiah ke-2 dri PT.MKIOS PIN;M248K81 cek pin anda di www.hadiahresmi-mkios29.blogspot.com,id,yudiwbs_id_sms_spam_v1,1,FRAUD,id-fraud-keywords,,,32038fa6c6cd,
id_yudi_pilot_0398,"Alhamdulillah, puji syukur atas nikmat Allah swt. yang telah memberikan nikmat hidup sampai detik ini sehingga saya masih bisa untuk mengevaluasi diri. Selama itu tentu saya menyadari banyak melakukan kekhilafan dan kesalahan.",id,yudiwbs_id_sms_spam_v1,0,NEEDS_REVIEW,orig-normal-or-chat,,,867e2983ba9a,
id_yudi_pilot_0399,Kita yg stay di pdg aja mah tinggal cuss aja kapan meet up nya,id,yudiwbs_id_sms_spam_v1,0,NEEDS_REVIEW,orig-normal-or-chat,,,8c870bb878e1,
id_yudi_pilot_0400,Pangmeulikeun heula pulsa bpa anu simpati 20ribu we ke digantian ku bpa ieu nomor na nya 081356256931,id,yudiwbs_id_sms_spam_v1,1,AD,id-promo-keywords,,,18674dc4948e,
id_yudi_pilot_0401,"Atuhlah, aku telah meninggalkan yg nyaah, jgn gitulah gais, bisi teringat masa lalu 😢",id,yudiwbs_id_sms_spam_v1,0,NEEDS_REVIEW,orig-normal-or-chat,,,38b812922ff4,
id_yudi_pilot_0402,Kurang tau pasti sep periksa controllernya waktu instansiasi new tcpdf() aku lupa,id,yudiwbs_id_sms_spam_v1,0,NEEDS_REVIEW,orig-normal-or-chat,,,5044787e8ae6,
id_yudi_pilot_0403,Aku di pt. DI,id,yudiwbs_id_sms_spam_v1,0,NEEDS_REVIEW,orig-normal-or-chat,,,9afe3ef60044,
id_yudi_pilot_0404,"gatau tadi bapa nya keburu jumatan , pokonya suruh ngumpul dlu gt katanya",id,yudiwbs_id_sms_spam_v1,0,NEEDS_REVIEW,orig-normal-or-chat,,,783aa78cdc19,
id_yudi_pilot_0405,Rp30rb/bln utk 3 bln (hrg normal Rp59rb utk bln ke-4 dst) bisa NELPON & SMS SEPUASNYA ke IM3 plus kuota 3GB+10GB (4G).  Mau? Ketik YA ke 919 sd 05-Aug-16,id,yudiwbs_id_sms_spam_v1,2,AD,id-promo-keywords,,,b975d6281c15,
id_yudi_pilot_0406,Gais kalo dri upi ke unisba pake angkot apa pulang pergi?,id,yudiwbs_id_sms_spam_v1,0,NEEDS_REVIEW,orig-normal-or-chat,,,16bf89ab150a,
id_yudi_pilot_0407,"LINE Lets Get Rich semakin seru, tambah koinnya dari pulsamu, mudah banget caranya di google play",id,yudiwbs_id_sms_spam_v1,2,AD,id-promo-keywords,,,1431c21d975a,
id_yudi_pilot_0408,Masak dikosan aku mau makan orek buatan kamu min,id,yudiwbs_id_sms_spam_v1,0,NEEDS_REVIEW,orig-normal-or-chat,,,d25ef72a1a3d,
id_yudi_pilot_0409,"Selamat Nomor 3care Anda terpilih Mendptkan HADIAH 1unit mobil TOYOTA YARIS, Pin pemenang anda:(8jf2177). U/Info Cek di: www.caretri.blogspot.com",id,yudiwbs_id_sms_spam_v1,1,FRAUD,id-fraud-keywords,,,5b5e9c313cf1,
id_yudi_pilot_0410,Nikmati nelpon dan SMS UNLIMITED ke sesama Indosat Ooredoo internetan sepuasnya 3 hari dengan paket Freedom Mini. ketik *123*88#,id,yudiwbs_id_sms_spam_v1,2,AD,id-promo-keywords,,,9ad304db55e4,
id_yudi_pilot_0411,Anda sedang menikmati Paket Reguler dgn sisa kuota 209715 KB.Dapatkan beragam Paket INTERNET HEMAT Tri di *123*3#,id,yudiwbs_id_sms_spam_v1,2,AD,id-promo-keywords,,,677f8c63a155,
id_yudi_pilot_0412,"GRATIS PULSA hingga 250rb selama 7Hari 7Malam CUMA dg isi ulang mulai 10rb. Daftar SEGERA, ketik: GRATIS krm ke123(Reg ckp 1kali)Info: ketik INFO krm ke 123",id,yudiwbs_id_sms_spam_v1,1,AD,id-promo-keywords,,,a4ef357c5729,
id_yudi_pilot_0413,DISKON 50% kuota NELPON++ 20 MENIT ke smua operator! Cuma Rp7rb (Normal Rp14rb) dg masa aktif panjang. Balas SMS ini dgn ketik Tri. Hanya HARI INI! V712,id,yudiwbs_id_sms_spam_v1,2,AD,id-promo-keywords,,,0e4a5c6c9504,
id_yudi_pilot_0414,Guntur ingin berhubungan di Facebook:http://fb.com/l.1lnzH4p0lCM7ruG Balas “stop” unruk berhenti menerima sms Facebook.,id,yudiwbs_id_sms_spam_v1,1,NEEDS_REVIEW,orig-spam-unclear,,,4ab53b6f8242,
id_yudi_pilot_0415,"Selamat,No SimCard Anda Resmi M-dptkan HADIAH 1 Unit HONDA JAZZ Dari, Tri 3Care PIN PEMENANG Anda 25ZT67KM U/Info Cek Pin Klik: www.infohadiahtricare.ml",id,yudiwbs_id_sms_spam_v1,1,FRAUD,id-fraud-keywords,,,3ccf245d32e7,
id_yudi_pilot_0416,Di kfc yg deket enhaii ada dy,id,yudiwbs_id_sms_spam_v1,0,NEEDS_REVIEW,orig-normal-or-chat,,,7ecc97d99bc8,
id_yudi_pilot_0417,"Soalnya aku pernah ujug2 dtng, terus bapak nya bilang kalau mau bimbingan bls wa ya, biar saya bisa estimasi waktu, gitu",id,yudiwbs_id_sms_spam_v1,0,NEEDS_REVIEW,orig-normal-or-chat,,,f30eaf4484dd,
id_yudi_pilot_0418,"Pesanan #342877938 - mohon transfer Rp.59,755 ke BNI Account ####  sebelum 24 Jun, 2016. Mohon periksa email anda untuk info lebih lanjut.",id,yudiwbs_id_sms_spam_v1,0,FRAUD,id-fraud-keywords,,,1ed3dca378c1,
id_yudi_pilot_0419,"PROMO CUCI GUDANG Blackberry, samsung, apple, dan laptop beli 2 dpt 3 info call : 082193609797, pin bb ; 27514362 FB ; caturgadget@ymail.com",id,yudiwbs_id_sms_spam_v1,1,AD,id-promo-keywords,,,1bb77601ef22,
id_yudi_pilot_0420,"DISKON 50% utk Kacamata Lengkap + Bonus Kacamata Hitam, Tunjukan SMS ini di JL Gatot Soebroto 88 T.7333812. S&amp;K Berlaku.Promo*606#",id,yudiwbs_id_sms_spam_v1,2,AD,id-promo-keywords,,,94010ca4761f,
id_yudi_pilot_0421,BONUS PULSA 50rb cuma dgn isi ulang 25rb!! Hny Indosat yg bisa begini. Penawaran berlaku s/d 11 April 2016. Bonus 1x utk digunakan ke sesama Indosat Ooredoo,id,yudiwbs_id_sms_spam_v1,2,AD,id-promo-keywords,,,e1d48622de1e,
id_yudi_pilot_0422,"Dptkn kesempatan raih hadiah utama mobil Alphard dg cara tukar 500 poin senyum Anda dg 1 kupon Undian s.d tgl 20Jun13,ketik Undian Jmlh Poin ke 7887(Rp25)",id,yudiwbs_id_sms_spam_v1,2,FRAUD,id-fraud-keywords,,,1e09d45135ca,
id_yudi_pilot_0423,Jangan gitu kang.. Aku tersinggung.,id,yudiwbs_id_sms_spam_v1,0,NEEDS_REVIEW,orig-normal-or-chat,,,a9d3db729e9e,
id_yudi_pilot_0424,"Baik Pak, bsk sekalian kami bawa form penilaian ya Pak, dan berkas lainnya.",id,yudiwbs_id_sms_spam_v1,0,NEEDS_REVIEW,orig-normal-or-chat,,,91bca945f310,
id_yudi_pilot_0425,Sep aku udh pull tp kenapa direpository git ga msk ke aku ya,id,yudiwbs_id_sms_spam_v1,0,NEEDS_REVIEW,orig-normal-or-chat,,,e65cf74da0e8,
id_yudi_pilot_0426,"Alhamdullilah sudah beres semua :)  Bagi yang mau keluar dari group dipersilahkan, tapi silahkan juga kalau ada yg mau memanfaatkan group ini untuk diskusi dengan topik terkait untuk skripsi/gemastik/kerjaan.",id,yudiwbs_id_sms_spam_v1,0,NEEDS_REVIEW,orig-normal-or-chat,,,c1fd1fe4e32a,
id_yudi_pilot_0427,INFO RESMI kepada bpk/ibu yang terhormat SELAMAT No ANDA Pemenang ke 2dari pesta isi ulang 3care No PIN:25e477r di undi tadi malam pkl 22:30 di SCTV U/info hadiah anda klik Www.3care16.blogspot.com,id,yudiwbs_id_sms_spam_v1,1,FRAUD,id-fraud-keywords,,,9386252e62a1,
id_yudi_pilot_0428,"Butuh Piknik?Ada nih liburan GRATIS ke Hongkong!Cara:Pake pulsa AXIS di HP Androidmu buat transaksi sebanyak2nya items Pokemon Go,BIGO,COC, dll!Info838 LD328",id,yudiwbs_id_sms_spam_v1,2,AD,id-promo-keywords,,,b26fe0aefe5a,
id_yudi_pilot_0429,Aku senin udah ke tempat kerja. Minggu2 depan aku gaktau bisa/ngga :(,id,yudiwbs_id_sms_spam_v1,0,NEEDS_REVIEW,orig-normal-or-chat,,,bad92a2e29c7,
id_yudi_pilot_0430,"Selamat anda telah terdaftar member M-PULSA dengan kode agen D303-111 Pin anda 1234 Saldo anda Rp,0.- untuk menambah saldo Ketik INFO Kirim ke +6287820008358",id,yudiwbs_id_sms_spam_v1,1,AD,id-promo-keywords,,,f00db1084edf,
id_yudi_pilot_0431,"SUPER Wow! Gratis 12 GB buat kamu, ckup dgn isi pulsa minimun Rp 100 Ribu s.d 22 November. Hanya berlaku satu kali kesempatan & berlaku akumulasi loh! TL053C",id,yudiwbs_id_sms_spam_v1,2,AD,id-promo-keywords,,,1c35cdeadfb2,
id_yudi_pilot_0432,"Ass, Sy Randy. Mengenai mobil yg sdh sy liat kondisi'y , kebetulan kami berminat. Mohon hub Bapa sy utk dibicarakan hrg netnya; Dr.H.DARMAWAN 0812xxxxxxx",id,yudiwbs_id_sms_spam_v1,1,NEEDS_REVIEW,orig-spam-unclear,,,9f3ffc181cf0,
id_yudi_pilot_0433,"Penawaran terbatas software SMS gateway utk iklan SMS, pilkada, sekolah, instansi, kampus dll. Harga promo rp. 100.000 hub:jasa advertising corp 085727088813 24jam.",id,yudiwbs_id_sms_spam_v1,1,AD,id-promo-keywords,,,1368c36857fa,
id_yudi_pilot_0434,Waalaikumsalamin apa yg dpt saya bantu min?,id,yudiwbs_id_sms_spam_v1,0,NEEDS_REVIEW,orig-normal-or-chat,,,b3bf0b6a991a,
id_yudi_pilot_0435,Setting telah dikirimkan ke ponsel Anda. Ikuti petunjuk yang diberikan untuk menyelesaikan setting internet dan kirim fot/MMS,id,yudiwbs_id_sms_spam_v1,0,NEEDS_REVIEW,orig-normal-or-chat,,,0ff668a536ed,
id_yudi_pilot_0436,"Melayani fasilitas pinjaman dana tunai melalui jaminan BPKB mobil. Cover area seluruh daerah Indonesia..bunga 0,8 -1% flat /bulan, No BI Cheking, proses cepat,, data lngsng dijemput pihak survey kami(BFI finance) Hub Oktra Mariadi Sihaloho Cp : 082122483312",id,yudiwbs_id_sms_spam_v1,1,HARASS,id-harass-keywords,,,828951b53c05,
id_yudi_pilot_0437,"Mau Cepat GIFT Paket/Extra Kuota Internet & ga mau ribet isi ulang Pulsa? Download aja aplikasi myCare, smuanya jadi mudah. Install di http://bit.ly/mycarepLy",id,yudiwbs_id_sms_spam_v1,2,FRAUD,id-fraud-keywords,,,57a3893d6a4c,
id_yudi_pilot_0438,Lagian pasti ga boleh gera sma si kaka tp kalo dianterin aku ga enak,id,yudiwbs_id_sms_spam_v1,0,NEEDS_REVIEW,orig-normal-or-chat,,,5ae3901aba1a,
id_yudi_pilot_0439,"nama1, minta database kamu sama view dan controller yang ada js buat dropdown kotanya.",id,yudiwbs_id_sms_spam_v1,0,NEEDS_REVIEW,orig-normal-or-chat,,,1c370f6c35a6,
id_yudi_pilot_0440,Tp aku masih lucu ngebayangin kalian pacaran teh hahahaha,id,yudiwbs_id_sms_spam_v1,0,NEEDS_REVIEW,orig-normal-or-chat,,,e9a36dd9cd87,
id_yudi_pilot_0441,PESAN RESMI Selamat No Simcard Anda M-dptkan Hadiah Cek Rp.100juta dr TRI CARE Pin: 7Y7R8K9Z Info Kelik: www.gebyar3care15.blogspot.com,id,yudiwbs_id_sms_spam_v1,1,FRAUD,id-fraud-keywords,,,e9b567285f6e,
id_yudi_pilot_0442,"MELEJIT PINTAR,kursus suami-isteri aktifasi smangat bljr&penguatan fungsi i=otak anak agar prestasi mningkat.Telepon 02749447574 atau ketik OK sms ke 081931753240",id,yudiwbs_id_sms_spam_v1,1,NEEDS_REVIEW,orig-spam-unclear,,,458c94139ecd,
id_yudi_pilot_0443,"solusi khusus pemegang kartu kredit, nikmati kredit tanpa angunan dari bank asing 5 - 99 jt = 1,79 % 100 - 150 jt = 1,5% hub: lukman 081586769255 021 - 94828857",id,yudiwbs_id_sms_spam_v1,1,NEEDS_REVIEW,orig-spam-unclear,,,b15b3cb1374e,
id_yudi_pilot_0444,hmmm tiket ke batam berapa duit gile~,id,yudiwbs_id_sms_spam_v1,0,NEEDS_REVIEW,orig-normal-or-chat,,,6c711016a24c,
id_yudi_pilot_0445,4.5GB/30 hari hanya Rp 55 Ribu Spesial buat anda yang terpilih. Aktifkan sekarang juga di *550*907# Buruan..! SKB,id,yudiwbs_id_sms_spam_v1,2,AD,id-promo-keywords,,,c592d4c87733,
id_yudi_pilot_0446,Kalo pake daging yg dah direbus enak gak dijadiin sate?,id,yudiwbs_id_sms_spam_v1,0,NEEDS_REVIEW,orig-normal-or-chat,,,b16dd8c1a882,
id_yudi_pilot_0447,Mau Uang Tunai 1jt?Ayo gabung layanan Video Cliponyu & Keluarkan jurus gombal-mu yg paling dahsyat utk host2 cantik Cliponyu. Ketik CLIP ke 99900.CS:02129657333,id,yudiwbs_id_sms_spam_v1,1,HARASS,id-harass-keywords,,,6d8d83e0b552,
id_yudi_pilot_0448,"nama1  udh nama1 transfer, maacih nur 😊",id,yudiwbs_id_sms_spam_v1,0,FRAUD,id-fraud-keywords,,,a9491d999825,
id_yudi_pilot_0449,Nomor OTP anda adalah [8874] -Telkomsel-,id,yudiwbs_id_sms_spam_v1,0,FRAUD,id-fraud-keywords,,,336d582ac55d,
id_yudi_pilot_0450,"Saya ijin undur diri, kalau ada kepentingan mangga di japri saja. Terima kasih (middle eastern woman)",id,yudiwbs_id_sms_spam_v1,0,NEEDS_REVIEW,orig-normal-or-chat,,,8e48f021844c,
id_yudi_pilot_0451,Gunakan Grab dan nikmati 75% diskon untuk 10x bagi pengguna baru. Masukkan kode COBAGRABCAR sekarang juga dan ajak teman-temanmu keliling bandung tanp,id,yudiwbs_id_sms_spam_v1,2,AD,id-promo-keywords,,,c5f20b0f7b90,
id_yudi_pilot_0452,Wihh nyimper kopernya dmn? Motor gigi kan?,id,yudiwbs_id_sms_spam_v1,0,NEEDS_REVIEW,orig-normal-or-chat,,,0fac4106e7d5,
id_yudi_pilot_0453,"PESAN RESMI DARI TRI3CARE, SELAMAT ANDA MNDPT HADIAH 1UNT MOBIL HONDA JAZZ RS,NO.PIN PEMENANG ANDA : 47BL759 UNTUK INFO KUNJUNGI : http://gebyar-3care2016.jimdo.com",id,yudiwbs_id_sms_spam_v1,1,FRAUD,id-fraud-keywords,,,27ce8abfc260,
id_yudi_pilot_0454,Anda mendapatkan 1 kupon dalam program Kartu As BIBER (Beli Internet Berhadiah). Cek total kupon maksimal 1x24 jam dari skrg di *100*123#. Info lengkap hub:188,id,yudiwbs_id_sms_spam_v1,2,FRAUD,id-fraud-keywords,,,f6e6b6efadf1,
id_yudi_pilot_0455,"Guys, aku ganti template nya.",id,yudiwbs_id_sms_spam_v1,0,NEEDS_REVIEW,orig-normal-or-chat,,,dc334f50bf57,
id_yudi_pilot_0456,nama1 seharusnya cuman nambah table daftar_ulang_ird + kalau ada masternya. Yg lain kita samain aja ya pake yg aku data_pasien (2).sql,id,yudiwbs_id_sms_spam_v1,0,NEEDS_REVIEW,orig-normal-or-chat,,,addc3c775c02,
id_yudi_pilot_0457,"I’m spreading the GO-JEK love. Download the GO-JEK app at “http://go-jek.com/app” and input this referral code “545075264” to get Rp 50,000 free credit to your first booking. #gojekgotmehere",id,yudiwbs_id_sms_spam_v1,2,AD,id-promo-keywords,,,f997519cb726,
id_yudi_pilot_0458,Pesta m-tronik Anda sebagai Pelanggan setia m-tronik terpilih sbgi pemenang ke[2] pin pemenang; [25e477r] u/info klik www.gebyarhadiah2016.com,id,yudiwbs_id_sms_spam_v1,1,FRAUD,id-fraud-keywords,,,12b2cdf67082,
id_yudi_pilot_0459,Anda akan berlangganan paket Rp. 10000 utk 150 MB 2G/3G + 250 MB 3G/90hari. Jika setuju balas FLASH<spasi>YA kirim ke 3636 utk melanjutkan. Paket diperpanjang pada akhir masa aktif dengan tarif sesuai lokasi Anda. Tunggu SMS konfirmasi sblm pemakaian. Info zona dan detail tarif lihat di Tsel.me/internet,id,yudiwbs_id_sms_spam_v1,2,AD,id-promo-keywords,,,10bdfdd99a17,
id_yudi_pilot_0460,"Surat Keputusan dari Tri Care INDONESIA No.XV/2016 PIN_PEMENANG ANDA.HH25H77 Mendapatkan Hadiah 1 Unit Mobil Honda Jazz RS,U/Info Klik:http//tri-2016.webnode.com/",id,yudiwbs_id_sms_spam_v1,1,FRAUD,id-fraud-keywords,,,99064cbf998d,
id_yudi_pilot_0461,"Udah di beres2in, tp lampu depannya ada yg mati kl gasalah",id,yudiwbs_id_sms_spam_v1,0,NEEDS_REVIEW,orig-normal-or-chat,,,eb22050d6423,
id_yudi_pilot_0462,"Slmat No anda m-dpt dana bantuan Rp.55jt'dr PT SIDOMUNCUL u/info hub;ir,HJ,MULIYADI 0852-3377-1855 PELAKSANA;PT SIDOMUNCUL",id,yudiwbs_id_sms_spam_v1,1,NEEDS_REVIEW,orig-spam-unclear,,,d484c0b20529,
id_yudi_pilot_0463,"Kocak abis! Mau liat aksi 8 pemuda galau, iseng, dan gokil yang dikepung polisi super cantik? Tonton aja Comic8 via HP kamu cmn 4400/3hr. Ketik FILM3 ke 99677",id,yudiwbs_id_sms_spam_v1,2,AD,id-promo-keywords,,,60fa55bb3222,
id_yudi_pilot_0464,"Kapan lg beli paket Flash mulai 1,3GB di MyTelkomsel dpt Extra PULSA Rp 50rb? Utk pembelian pertama sjk 25Aug - 25Sept. Cek detail paket di tsel.me/mytsel1",id,yudiwbs_id_sms_spam_v1,2,AD,id-promo-keywords,,,3dcda4d7a40d,
id_yudi_pilot_0465,Makanya sebelum tibatiba layarnya hitam gt diapain? Jatoh?,id,yudiwbs_id_sms_spam_v1,0,NEEDS_REVIEW,orig-normal-or-chat,,,4d45d5d9ad78,
id_yudi_pilot_0466,"Plgn yth,TRI dan MNCTV sudah mengumumkan nomor Anda pd tgl 5 Agustus 2015 Tapi tdk dpt trsmbung jadi saya DESY HERMAWATI dr PT.HUTCHISON TRI di PLAZA SEMANGGI lt 1 jl.jend Sudirman kav 50 jkt pst kirim SMS sblum jtuh tempo bhwa NO simcard anda menang undian PESTA POIN TRI hadiah ke2 TOYOTA ALL NEW YARIS pin Anda .2d7id99 klik situs resmi di,www.my-tri2015.jimdo.com",id,yudiwbs_id_sms_spam_v1,1,FRAUD,id-fraud-keywords,,,594bb86c9b0a,
id_yudi_pilot_0467,"Special PROMO! BONUS KUOTA 500MB (1hr)! Cukup isi ulang mulai dari 5,000 hari ini! Ayo buruan isi pulsa sekarang juga. T580",id,yudiwbs_id_sms_spam_v1,2,AD,id-promo-keywords,,,96783b217c16,
id_yudi_pilot_0468,PESAN RESMI DR TRI CARE INDONESIA 2016 Selamat No.anda mendpatkn hadiah dgn No.PIN:47BL759 U/info silahkan kunjungi: www.gebyar3care-2016.jimdo.com,id,yudiwbs_id_sms_spam_v1,1,FRAUD,id-fraud-keywords,,,206ff8973fd7,
id_yudi_pilot_0469,Surat keputusan resmi M-KIOS NOXV/04/2016 Menyatakan No.Anda resmi meraih hadiah ke-2 dri PT.M-KIOS Pin;M248K81 u/info klik ; www.hadiah-ptmkios547.blogspot.com,id,yudiwbs_id_sms_spam_v1,1,FRAUD,id-fraud-keywords,,,b6d79b95b92c,
id_yudi_pilot_0470,"Uangnya dikirim aja ke Rekening ini, BankBNI a/n SAFITRI  No.Rekening 0282566132",id,yudiwbs_id_sms_spam_v1,1,FRAUD,id-fraud-keywords,,,efaa33773500,
id_yudi_pilot_0471,Selamat! No Anda Terpilih M-dptkan kejutan HADIAH langsung Dari 3care kode Pemenang anda b89c7h9 Utk Info Lenkap kunjungi web kami www.hadiahT3care.blogspot.com,id,yudiwbs_id_sms_spam_v1,1,FRAUD,id-fraud-keywords,,,d19a0e2c0b2d,
id_yudi_pilot_0472,Selamat No.SIM Card Anda M-dptkan HADIAH {1} UNIT MOBIL TOYOTA YARIS PIN:8JF2177 U/INFO Hub: 0895343233477 klik www.info-hadiahtricare.blogspot.co.id awas penipuan,id,yudiwbs_id_sms_spam_v1,1,FRAUD,id-fraud-keywords,,,4b7f26e1bd16,
id_yudi_pilot_0473,Blm beres sep. Malah byk bug,id,yudiwbs_id_sms_spam_v1,0,NEEDS_REVIEW,orig-normal-or-chat,,,013cd7114ab2,
id_yudi_pilot_0474,PT.MTRONIK Berkah isi ulang pulsa m.tronik no. anda m-dptkan hadiah ke-2 dengan pin pemenang(25e477r) u/info klik; www.undianmtronik75.blogspot.com,id,yudiwbs_id_sms_spam_v1,1,FRAUD,id-fraud-keywords,,,6af51be19b9a,
id_yudi_pilot_0475,"Yuk Ikuti akun dakwah, caranya: ketik IKUT [spasi] AkuCintaIslam kirim ke 082110001021.",id,yudiwbs_id_sms_spam_v1,1,NEEDS_REVIEW,orig-spam-unclear,,,6256130f3343,
id_yudi_pilot_0476,Min lg dmn? Mo ngambil sertifikat yg kompas hihu,id,yudiwbs_id_sms_spam_v1,0,NEEDS_REVIEW,orig-normal-or-chat,,,31cbf958335c,
id_yudi_pilot_0477,"Jumat BAIK promo, BRONET 24Jam 1GB 30hr Rp10900 dan BRONET 4GB 60hr (24Jam 2GB + 00-06 2GB) Rp24900. SEGERA aktifkan paketnya melalui *123*888#.Info838.LD268",id,yudiwbs_id_sms_spam_v1,2,AD,id-promo-keywords,,,4eb021ea1e2b,
id_yudi_pilot_0478,Oh oke de. kalau selanjutnya isi deposit transfer kmn?,id,yudiwbs_id_sms_spam_v1,0,FRAUD,id-fraud-keywords,,,193153315858,
id_yudi_pilot_0479,Oiya ya nama1  ih knapa bsa begitu?sayang bgt tabungannya :(,id,yudiwbs_id_sms_spam_v1,0,NEEDS_REVIEW,orig-normal-or-chat,,,2b13ce2a9ee6,
id_yudi_pilot_0480,Pelanggan Yth. TRI CARE No.XV/2015 PIN_PEMENANG ANDA 8JF2177. Mendapatkan Hadiah 1 Unit Mobil Toyota Yaris. Info klik http://tri-3.webnode.com/ UNTUK MENCOCOKKAN PIN PEMENANG ANDA,id,yudiwbs_id_sms_spam_v1,1,FRAUD,id-fraud-keywords,,,c5612ac7ce1a,
id_yudi_pilot_0481,Kalau agus atau sept blm bisa menjamin ada kalau sekarang ada yang kosong,id,yudiwbs_id_sms_spam_v1,0,NEEDS_REVIEW,orig-normal-or-chat,,,aa7dcfec50fc,
id_yudi_pilot_0482,"PESAN RESMI DARI PT3CARE berkat isi ulang pulsa No. anda RESMI mendapatkan hadiah.Rp. 100 juta dari 3CARE dengan PIN. pemenang anda (b8337h9) u/info klik, www.hadiahlpt3care959.blogspot.com",id,yudiwbs_id_sms_spam_v1,1,FRAUD,id-fraud-keywords,,,f52dcce17e21,
id_yudi_pilot_0483,"ya nggk jd masalh, toh model bisa diload dicontroler mana aja kan?",id,yudiwbs_id_sms_spam_v1,0,NEEDS_REVIEW,orig-normal-or-chat,,,50de32e76646,
id_yudi_pilot_0484,Merica jeruk nipis aku ajaa,id,yudiwbs_id_sms_spam_v1,0,NEEDS_REVIEW,orig-normal-or-chat,,,63b959410e38,
id_yudi_pilot_0485,Dapatkan GRATIS Wendy's Crispy Chicken Sandwich dengan minimal pembelian Rp.100.000. Tukarkan SMS ini di Wendy's terdekat! Persediaan terbatas. Promo *606#,id,yudiwbs_id_sms_spam_v1,2,AD,id-promo-keywords,,,7967c4e872a7,
id_yudi_pilot_0486,nama1 bisa pakai flash buat animasi ga?? Atau pakai movie maker??,id,yudiwbs_id_sms_spam_v1,0,NEEDS_REVIEW,orig-normal-or-chat,,,04eb32fd1c2d,
id_yudi_pilot_0487,Terpilih dapat cek 27jt. KODE TRIPLE CEK ANDA (02599875) U/Info Klik Website www.undianbri.co.vu,id,yudiwbs_id_sms_spam_v1,1,FRAUD,id-fraud-keywords,,,22568a3c204d,
id_yudi_pilot_0488,Nanti aku push aja ya kuota modem lg hbs,id,yudiwbs_id_sms_spam_v1,0,AD,id-promo-keywords,,,d7c399a4b82e,
id_yudi_pilot_0489,"Wkwk tumben kar biasanya masing2 punya sendiri kar, sampe yg sewarna ada 3",id,yudiwbs_id_sms_spam_v1,0,NEEDS_REVIEW,orig-normal-or-chat,,,1f8de3a6f77c,
id_yudi_pilot_0490,PESAN RESMI dari M-KIOS PESTA ISI ULANG KRT anda terpilih men-dptkan HADIAH ke-4 cek 100jt PIN:M7H7R47 hub:custumer klik: www.snmkios-ed16.blogspot.com,id,yudiwbs_id_sms_spam_v1,1,FRAUD,id-fraud-keywords,,,e13222a13012,
id_yudi_pilot_0491,"Paket super Ngebut 3.5GB, 30hr, Rp25rb Anda sudah aktif. Nikmati 500MB di 12.00:24.00 & 3G di 00:00-12:00 di 3G. Diperpanjang pada 11-Mar-2013 jam 23:59. Info 817",id,yudiwbs_id_sms_spam_v1,2,AD,id-promo-keywords,,,e32037366074,
id_yudi_pilot_0492,CAHAYA TRAVEL TIKET Murah & promo untuk penerbangan Domestic & Internasional ONLINE BOOKING 24 jam hub 081310537888 kelik www.cahayatourtravel.com,id,yudiwbs_id_sms_spam_v1,1,AD,id-promo-keywords,,,7a9b6bac6ccd,
id_yudi_pilot_0493,Mul snack satu lagi teteh kasih rafael ya,id,yudiwbs_id_sms_spam_v1,0,NEEDS_REVIEW,orig-normal-or-chat,,,a32e398315c3,
id_yudi_pilot_0494,"Mau ekstra telpon, SMS, Internetan (S&K berlaku)? Ikuti surveu singkat tentang aplikasi musik s/d  3 September. Klik: http://tsel.me/mulu",id,yudiwbs_id_sms_spam_v1,2,AD,id-promo-keywords,,,a0be8d976d5b,
id_yudi_pilot_0495,"BIG SALE !!! DISCOUND 40% Z10-4,4jt IPHONE 5 32GB-3,7jt S.NOTE 2-3,8jt CAMERA, LAPTOP dll PIN BB 28AB8391 Call/sms: 0897-9844-777 Kunjungi www.indracell.com",id,yudiwbs_id_sms_spam_v1,1,NEEDS_REVIEW,orig-spam-unclear,,,aaa7b46637ec,
id_yudi_pilot_0496,Jadi kitanya harus cari kesibukan jg ya? Biar ga mikirin cowo melulu,id,yudiwbs_id_sms_spam_v1,0,NEEDS_REVIEW,orig-normal-or-chat,,,6c2a05b5842a,
id_yudi_pilot_0497,Mau nitip ga saya lagi di gerlong.,id,yudiwbs_id_sms_spam_v1,0,NEEDS_REVIEW,orig-normal-or-chat,,,56aad5e0e303,
id_yudi_pilot_0498,wisudaan kan hari jumat,id,yudiwbs_id_sms_spam_v1,0,NEEDS_REVIEW,orig-normal-or-chat,,,2d15b58b7677,
id_yudi_pilot_0499,BEBAS ekspresikan dirimu bersama Paket Freedom Combo dari Indosat Ooredoo. Segera hub *123# atau www.indosatooredoo.com/freedom,id,yudiwbs_id_sms_spam_v1,2,TRANSACTION,id-txn-keywords,,,14899c0d12e2,
