id,text,language,source,orig_label,label,annotator,template_group,notes,label_reason
id_yudi_00000,"[PROMO] Beli paket Flash mulai 1GB di MY TELKOMSEL APP dpt EXTRA kuota 2GB 4G LTE dan EXTRA nelpon hingga 100mnt/1hr. Buruan, cek  di tsel.me/mytsel1 S&K",id,yudiwbs_id_sms_spam_v1,2,AD,,296b6a3d030f,,正规运营商Telkomsel促销流量套餐，无诈骗话术
id_yudi_00001,2.5 GB/30 hari hanya Rp 35 Ribu Spesial buat Anda yang terpilih. Aktifkan sekarang juga di *550*905#. Promo sd 30 Nov 2015.Buruan aktifkan sekarang. S&K,id,yudiwbs_id_sms_spam_v1,2,AD,,6cf8ddf5885c,,运营商套餐价格促销，属于正规商家推销
id_yudi_00002,"2016-07-08 11:47:11.Plg Yth, sisa kuota Flash Anda 478KB. Download MyTelkomsel apps di http://tsel.me/tsel utk cek kuota&beli paket Flash atau hub *363#",id,yudiwbs_id_sms_spam_v1,2,TRANSACTION,,43862231be0b,,告知用户剩余流量额度，属于业务结果通知
id_yudi_00003,"2016-08-07 11:29:47.Plg Yth, sisa kuota Flash Anda 7160KB. Download MyTelkomsel apps di http://tsel.me/tsel utk cek kuota&beli paket Flash atau hub *363#",id,yudiwbs_id_sms_spam_v1,2,TRANSACTION,,43862231be0b,,告知用户剩余流量额度，属于业务结果通知
id_yudi_00004,4.5GB/30 hari hanya Rp 55 Ribu Spesial buat anda yang terpilih. Aktifkan sekarang juga di *550*907# Buruan..! SKB,id,yudiwbs_id_sms_spam_v1,2,AD,,c592d4c87733,,运营商套餐价格促销，属于正规商家推销
id_yudi_00005,5 HARI LAGI ! EKSTRA Pulsa 50rb dg beli paket internet bulanan di MyTelkomsel utk pembelian pertama sjk 25Aug-25Sept. Cek detail promo di tsel.me/mytsel1,id,yudiwbs_id_sms_spam_v1,2,AD,,771f308bfdd0,,运营商促销活动，购买套餐送额外话费
id_yudi_00006,"Ada iRing dgn tarif Rp. 0,1/7hr (perpanjangan Rp. 3190/7hr) dari hits Armada - Pencuri Hati. Tekan *808*3*1*4*1# lalu OK/Call. Info: 100&111",id,yudiwbs_id_sms_spam_v1,2,AD,,02499264be87,,商家推销彩铃下载服务，属于正规增值业务推广
id_yudi_00007,Akhir bulan harus tetap eksis loh! Internetan pake volume ultima 900MB/30hr. Hrga mulai Rp 35rb di *100*471#. Tarif&lokasi cek di tsel.me/fl,id,yudiwbs_id_sms_spam_v1,2,AD,,6288dcbacba4,,运营商流量套餐促销，属于正规商家推销
id_yudi_00008,"Aktifkan iRing Coboy Jr - Terhebat. Tekan *808*7#. Info: 100&111 Ada hits terbaru dari NOAH - Jika Engkau. Aktifkan iRing nya di HP kamu. Ketik MG NOAH02 kirim ke 808 Info: 100&111 Berkah iRing Rp 1000 dr Yuni Shara - Akhirnya. Aktifkan iRing nya, Tkn *808*1*2*3# lalu Ok/Call. Raih THR PuluhanJt!. Berhenti: Unreg ke 808",id,yudiwbs_id_sms_spam_v1,2,AD,,e36c50f7367c,,商家推销彩铃下载服务，属于正规增值业务推广
id_yudi_00009,Ambil bonus harianmu di *600# (Bebas Pulsa). Dptkan gratis nelpon atau internetan dan promo lainnya sesuai hobimu!,id,yudiwbs_id_sms_spam_v1,2,AD,,d32300cab7c6,,运营商促销活动，引导用户领取日常奖励
id_yudi_00010,Anda akan berhenti berlangganan Paket Flash. Ketik FLASH<spasi>YA jika setuju. Tunggu SMS konfirmasi penonaktifan Paket Anda,id,yudiwbs_id_sms_spam_v1,2,TRANSACTION,,c586857b8ddd,,告知用户即将停止订阅套餐，属于业务变更确认
id_yudi_00011,Anda akan berlangganan paket Rp. 10000 utk 150 MB 2G/3G + 250 MB 3G/90hari. Jika setuju balas FLASH<spasi>YA kirim ke 3636 utk melanjutkan. Paket diperpanjang pada akhir masa aktif dengan tarif sesuai lokasi Anda. Tunggu SMS konfirmasi sblm pemakaian. Info zona dan detail tarif lihat di Tsel.me/internet,id,yudiwbs_id_sms_spam_v1,2,TRANSACTION,,10bdfdd99a17,,确认用户即将订阅套餐，属于业务办理通知
id_yudi_00012,"Anda akan membeli Paket Gampang Internetan Rp.1250 utk Chatting Sepuasnya (BBM, WhatsApp dan Line)/1 hari.Jika setuju balas FLASH<spasi>YA kirim ke 3636 utk melanjutkan.Tunggu SMS konfirmasi sblm pemakaian.Info detail tariff lihat di Tsel.me/internet",id,yudiwbs_id_sms_spam_v1,2,TRANSACTION,,42413770c5a4,,确认用户即将购买套餐，属于业务办理通知
id_yudi_00013,"Anda akan menerima setting ponsel, agar ponsel Anda dapat mengakses internet dan berkirim foto/MMS. Jika Anda setuju balas pesan ini (gratis) dengan ketik Y.",id,yudiwbs_id_sms_spam_v1,2,TRANSACTION,,7b74012632c2,,告知用户将收到手机设置，属于业务办理通知
id_yudi_00014,Anda akan mengaktifkan Paket BBM Gratis berlaku 30 hari dari pertama kali aktivasi. Ketik FLASH (spasi) YA untuk melanjutkan,id,yudiwbs_id_sms_spam_v1,2,TRANSACTION,,07a40db9cdd3,,确认用户即将激活套餐，属于业务办理通知
id_yudi_00015,Anda mendapatkan 1 kupon dalam program Kartu As BIBER (Beli Internet Berhadiah). Cek total kupon maksimal 1x24 jam dari skrg di *100*123#. Info lengkap hub:188,id,yudiwbs_id_sms_spam_v1,2,AD,,f6e6b6efadf1,,运营商积分兑换促销活动，属于正规商家推广
id_yudi_00016,Anda sedang menikmati Paket Reguler dgn sisa kuota 209715 KB.Dapatkan beragam Paket INTERNET HEMAT Tri di *123*3#,id,yudiwbs_id_sms_spam_v1,2,TRANSACTION,,677f8c63a155,,告知用户当前套餐剩余流量，属于业务结果通知
id_yudi_00017,Anda tidak terdaftar dalam layanan Paket Malam hari. Untuk berlangganan lakukan isi ulang dengan voucher Kenyang Download,id,yudiwbs_id_sms_spam_v1,2,TRANSACTION,,f997b52208af,,告知用户未订阅某业务，属于业务状态通知
id_yudi_00018,"Anda tlh menukarkan poin 95 poin, Tukarkan terus poinnya siapa tahu anda pemenang hadih LG G3 32gb, pemenang adalah yang menukarkan poin tertinggi s/d 30 November 15",id,yudiwbs_id_sms_spam_v1,2,AD,,1c5bd8f7e7ea,,积分兑换活动宣传，属于运营商正规促销
id_yudi_00019,AngpaoPoinSenyum! Dptkan Vchr Lottemart 50rb dg tukar 2500poin (normal 5000poin) sd 11Feb16. Ketik *123*7887*2*5# TERBATAS! Info: www.indosatooredoo.com/angpao,id,yudiwbs_id_sms_spam_v1,2,AD,,9c52722d9288,,积分兑换优惠券活动，属于运营商正规促销
id_yudi_00020,Awal bulan saat nya anda eksis lebih lama! Internetan pake volume ultima 900MB/30hr. Hrga mulai Rp 35rb di *100*471#. Tarif&lokasi cek di tsel.me/FL,id,yudiwbs_id_sms_spam_v1,2,AD,,a118be497383,,运营商流量套餐促销，属于正规商家推销
id_yudi_00021,"Ayam (sayap/paha bawah), Nasi, Perkedel Rp. 19.545. GRATIS Teh Pucuk. Tukar SMS ini di CFC HASAN SADIKIN hari ini. Selama Persediaan msh ada. Promo *606#",id,yudiwbs_id_sms_spam_v1,2,AD,,fc501d4411b8,,餐饮商家促销，凭短信兑换食品折扣
id_yudi_00022,"Ayo anak Medan, beli sticker line dengan pulsamu Caranya klik http://www.telkomsel.com/linestore nama stickernya : Kedan Medan",id,yudiwbs_id_sms_spam_v1,2,AD,,111fd7af0427,,商家推销LINE贴纸，属于正规增值业务推广
id_yudi_00023,AYO download AXISnet dari Apple/Play Store dan aktifkan BRONET24Jam 5GB 60hr Rp44900 dan BRONET24Jam 1GB 30hr dapat OBOR 5GB (00-06) Rp18800. Info838. LD335,id,yudiwbs_id_sms_spam_v1,2,AD,,004737a99f1d,,运营商AXIS套餐促销，属于正规商家推销
id_yudi_00024,AYO download AXISnet dari PLAY/Apple Store dan aktifkan BRONET24Jam 5GB 60hr Rp44900 dan BRONET24Jam 3GB 60hr dapat OBOR 10GB (00-06) Rp39800. Info838. LD307,id,yudiwbs_id_sms_spam_v1,2,AD,,479e3f231676,,运营商AXIS套餐促销，属于正规商家推销
id_yudi_00025,Ayo dukung pelestarian alam Indonesia bersama Indosat Ooredoo dan WWF-Indonesia dg berdonasi melalui *123*50# dari nomor Indosat Ooredoo.,id,yudiwbs_id_sms_spam_v1,2,AD,,558c33a4e1d4,,运营商与WWF合作的慈善促销活动
id_yudi_00026,"Ayo kawal pemanfaatan subsidi BBM & Kompensasi bagi yang berhak! Pengaduan, ketik BBM (spasi) isi pesan. Kirim 1708",id,yudiwbs_id_sms_spam_v1,2,NEEDS_REVIEW,,2e8959c0ad8c,,政府补贴监督举报信息，非商业非诈骗
id_yudi_00027,"BANTING HARGA !! Internetan dgn Kuota 1,5GB HANYA 10rb Rupiah, paket Berlaku sebulan. Mau?? Ketik YA ke 919 s/d 16 Desember 2015",id,yudiwbs_id_sms_spam_v1,2,AD,,2018edc2a492,,运营商流量套餐促销，属于正规商家推销
id_yudi_00028,BEBAS ekspresikan dirimu bersama Paket Freedom Combo dari Indosat Ooredoo. Segera hub *123# atau www.indosatooredoo.com/freedom,id,yudiwbs_id_sms_spam_v1,2,AD,,14899c0d12e2,,运营商套餐促销，属于正规商家推销
id_yudi_00029,Bebas Pulsa! Ambil bonusmu di *600# (GRATIS). Dptkan gratis nelpon atau internetas atau promo lainnya sesuai hobimu!,id,yudiwbs_id_sms_spam_v1,2,AD,,0aa29017659b,,运营商促销活动，引导用户领取免费奖励
id_yudi_00030,"Beli 1 Gratis 1 untuk Lychee Tea atau Latte Flavour dari Yellow Truck Jl.Patuha No.29. Tukarkan SMS ini. Hanya berlaku untuk hari ini, S&K Berlaku.Promo *606#",id,yudiwbs_id_sms_spam_v1,2,AD,,b6535d0caefc,,餐饮商家买一送一促销
id_yudi_00031,Beli 2 Gratis 1 atau beli 1 Diskon 25% tiket Kampung Gajah Wonderland Bandung s.d 31 Mei 2013. Tunjukkan SMS kpd Petugas .Info: www.indosat.com/kampunggajah,id,yudiwbs_id_sms_spam_v1,2,AD,,3c8d59446899,,游乐园门票买二赠一促销，属于正规商家推广
id_yudi_00032,Beli 6 Gratis 6 Donut dari DUNKIN DONUTS BORMA SETIABUDHI. Tukarkan SMS ini segera. Hanya berlaku untuk hari ini. Selama persediaan masih ada. Promo *606#,id,yudiwbs_id_sms_spam_v1,2,AD,,0a0a0a0a192d,,餐饮商家买六赠六促销
id_yudi_00033,Beli paket Turbo mulai 50rb utk pembelian pertama di MyTelkomsel App sjk 25Aug - 25Sept dpt EXTRA PULSA TSEL Rp 50rb loh! Cek detail paket di tsel.me/mytsel1,id,yudiwbs_id_sms_spam_v1,2,AD,,52aac1744c27,,运营商套餐促销，属于正规商家推销
id_yudi_00034,"Bisa Internetan 1,5GB CUMA dengan 20rb, paket berlaku 90 hari. MAU?? Ketik YA ke 919. Penawaran berlaku s/d 8 Januari 2016",id,yudiwbs_id_sms_spam_v1,2,AD,,472cc14ac580,,运营商流量套餐促销，属于正规商家推销
id_yudi_00035,"BONUS KUOTA 500MB (1hr)! Cukup isi ulang min. 5,000 hari ini! Ayo buruan isi pulsa sekarang juga. T514",id,yudiwbs_id_sms_spam_v1,2,AD,,3cf7971e97a4,,充值送流量活动，属于运营商正规促销
id_yudi_00036,BONUS PULSA 10RB! Ayo isi pulsa min. 5rb & dapetkan bonus pulsa 10rb utk nelp ke nmr Tri! Hanya hari ini saja! Ayo buruan isi pulsa! T530,id,yudiwbs_id_sms_spam_v1,2,AD,,3f833651cbad,,充值送话费活动，属于运营商正规促销
id_yudi_00037,"BONUS PULSA 50% dari Indosat Ooredoo, MAU?? Ketik *345# dan call dari HP kamu sebelum 28 April 2016",id,yudiwbs_id_sms_spam_v1,2,AD,,2d7b22cdfe8e,,充值送50%话费活动，属于运营商正规促销
id_yudi_00038,BONUS PULSA 50rb cuma dgn isi ulang 25rb!! Hny Indosat yg bisa begini. Penawaran berlaku s/d 11 April 2016. Bonus 1x utk digunakan ke sesama Indosat Ooredoo,id,yudiwbs_id_sms_spam_v1,2,AD,,e1d48622de1e,,充值送话费活动，属于运营商正规促销
id_yudi_00039,BONUS PULSA Rp 100 rb..!! Spesial untuk kamu pelanggan setia Indosat Ooredo.Hanya dengan isi ulang Rp150rb skrg juga! Penawaran berlaku s.d 13 Jan 2016 (bonus hanya 1x),id,yudiwbs_id_sms_spam_v1,2,AD,,357b51acbdb5,,充值送话费活动，属于运营商正规促销
id_yudi_00040,"BONUS Rp. 5,000 untuk kamu! Cukup kirim SMS 2X hari ini untuk mendapatkan bonusnya, khusus hari ini saja!  T483",id,yudiwbs_id_sms_spam_v1,2,AD,,2b800a25528f,,发送短信即可获得奖励，属于促销活动
id_yudi_00041,"BONUS Rp. 5,000 untuk kamu! Cukup telpon teman kamu selama 2 menit hari ini untuk mendapatkan bonusnya, khusus hari ini saja!  A010",id,yudiwbs_id_sms_spam_v1,2,AD,,c9e5a77dec3a,,拨打电话即可获得奖励，属于促销活动
id_yudi_00042,Buktikan hematnya pakai argo tetap di Bandung dengan GrabCar hingga 20%. Hayu ajakan rerencangan sareng buktikeun nyalira!,id,yudiwbs_id_sms_spam_v1,2,AD,,33ec62d6be5a,,GrabCar打车折扣促销，属于正规商家推广
id_yudi_00043,Buruan Download & Registrasi myCare di http://bit.ly/mycarepLy dan dapatkan Promo 10GB (4G) di Paket Freedoom M & L dengan harga khusus HANYA HARI INI.,id,yudiwbs_id_sms_spam_v1,2,AD,,41588f70ab61,,注册myCare应用获赠流量，属于运营商促销活动
id_yudi_00044,"Butuh Piknik?Ada nih liburan GRATIS ke Hongkong!Cara:Pake pulsa AXIS di HP Androidmu buat transaksi sebanyak2nya items Pokemon Go,BIGO,COC, dll!Info838 LD328",id,yudiwbs_id_sms_spam_v1,2,AD,,b26fe0aefe5a,,使用AXIS消费赢取香港旅游，属于运营商促销活动
id_yudi_00045,"Buy 2 Get 3 tiket Trans Studio Bandung,mulai 14 Mei-14Juni 2013.Tunjukkan SMS ke petugas di lokasi. Info: www.indosat.com/transstudiobgd",id,yudiwbs_id_sms_spam_v1,2,AD,,1efeb2298130,,游乐园门票买二赠三促销，属于正规商家推广
id_yudi_00046,cuma Rp 7500 dapat nelpon dan SMS UNLIMITED ke sesama Indosat Ooredoo ? internetan sepuasnya 3 hari dengan paket Ramadhan Unlimited. ketik *123*88#,id,yudiwbs_id_sms_spam_v1,2,AD,,7ebf0a1bda0d,,运营商套餐促销，属于正规商家推销
id_yudi_00047,"Dapatkan BONUS PULSA hg 50rb jika isi ulang di hari Minggu, isi ulang mulai dr 10rb. Ktk: GRATIS krm ke 123. Panduan: ketik PAN krm ke123. Cek bonus tekan*555*3#",id,yudiwbs_id_sms_spam_v1,2,AD,,1f506ac1d09e,,充值送话费活动，属于运营商正规促销
id_yudi_00048,"Dapatkan Bonus SMS Kamu. Hanya dg kirim SMS, Kamu akan dapat Bonus Ratusan SMS ke semua operator. Pakai terus Indosat Ooredoo & raih kebebasan berkomunikasi",id,yudiwbs_id_sms_spam_v1,2,AD,,bb48b617bbe8,,发送短信获得奖励，属于促销活动
id_yudi_00049,Dapatkan Disc 20% di McDonalds khusus utk pembayaran dgn TCASH TAP!Dptkan stiker TCASH TAP di graPARI terdekat. Info tsel.me/tappromo,id,yudiwbs_id_sms_spam_v1,2,AD,,3ee6ba2af8f1,,麦当劳TCASH支付折扣促销，属于正规商家推广
id_yudi_00050,Dapatkan Disc.30% utk Dominos PAN PIZZA!Roti yg lebih tebal dgn keju terasa sampai pinggir!Mulai Rp45500.Kunjungi toko terdekat/telf 1500366/Klik panpizza.co.id,id,yudiwbs_id_sms_spam_v1,2,AD,,8a1b53b41eaa,,Domino's Pizza折扣促销，属于正规商家推广
id_yudi_00051,"Dapatkan EXTRA kuota 2GB 4G LTE dan EXTRA nelpon hingga 100mnt/1hr dg beli paket FLASH mulai 1GB di MY TELKOMSEL APP. Buruan, cek  di tsel.me/mytsel1 S&K",id,yudiwbs_id_sms_spam_v1,2,AD,,9c5b57fe1aaa,,运营商流量套餐促销，属于正规商家推销
id_yudi_00052,"Dapatkan GRATIS 1 cappuccino (hot/ice) & Freza, setiap transaksi min Rp75Rb di EXCELSO Cafe Semarang, Yogya, Solo sd 9 Agust 13. Tunjukkan SMS kpd petugas",id,yudiwbs_id_sms_spam_v1,2,AD,,e8dee584ce81,,咖啡连锁店消费满额赠饮促销
id_yudi_00053,Dapatkan GRATIS Wendy's Crispy Chicken Sandwich dengan minimal pembelian Rp.100.000. Tukarkan SMS ini di Wendy's terdekat! Persediaan terbatas. Promo *606#,id,yudiwbs_id_sms_spam_v1,2,AD,,7967c4e872a7,,餐饮商家满额赠餐促销
id_yudi_00054,Dapatkan saldo bermain sebesar Rp 125rb hanya dengan bayar Rp 75rb. Berlaku hari Senin-Kamis. Tukarkan SMS ini segera di Timezone terdekat! Promo *606#,id,yudiwbs_id_sms_spam_v1,2,AD,,d256a4a20352,,Timezone游戏厅充值优惠促销
id_yudi_00055,"Dapatkan voucher Cipika Rp 100rb utk belanja kuliner, gadget, fashion, dll. Tkn *123*45# pilih Cipika, GRATIS & terbatas. Info: www.indosatooredoo.com/12345",id,yudiwbs_id_sms_spam_v1,2,AD,,391946a18522,,积分兑换购物券活动，属于运营商促销活动
id_yudi_00056,"Dear Customer, Kindly values your experience at Telkomsel Service, score between 1(very poor) to 5 (excellent), send SMS to 1166 (FREE) (for int'l charged)",id,yudiwbs_id_sms_spam_v1,2,NEEDS_REVIEW,,fe26739a4c90,,运营商满意度调查，非商业推销非诈骗
id_yudi_00057,Disc.25%  Domino's Pizza Value Range s/d 14 Agustus.Kunjungi store terdekat/hubungi 1500366/visit http://bit.ly/294KoZ6 Kode:VR25D,id,yudiwbs_id_sms_spam_v1,2,AD,,dbea62ffc5b8,,Domino's Pizza折扣促销，属于正规商家推广
id_yudi_00058,"DISKON 30RIBU khusus pelanggan baru Grab di Bandung. Berlaku 3x: kode promo URANGBANDUNG. Tak usah repot jalanan macet dan susah parkir, Hayu ngeGrab we atuh!",id,yudiwbs_id_sms_spam_v1,2,AD,,3c4a1e218e5e,,Grab新用户折扣促销，属于正规商家推广
id_yudi_00059,DISKON 50% kuota NELPON++ 20 MENIT ke smua operator! Cuma Rp7rb (Normal Rp14rb) dg masa aktif panjang. Balas SMS ini dgn ketik Tri. Hanya HARI INI! V712,id,yudiwbs_id_sms_spam_v1,2,AD,,0e4a5c6c9504,,运营商通话套餐折扣促销
id_yudi_00060,"DISKON 50% utk Kacamata Lengkap + Bonus Kacamata Hitam, Tunjukan SMS ini di JL Gatot Soebroto 88 T.7333812. S&amp;K Berlaku.Promo*606#",id,yudiwbs_id_sms_spam_v1,2,AD,,94010ca4761f,,眼镜店折扣促销，属于正规商家推广
id_yudi_00061,Domino's PAN PIZZA!Rotinya lebih tebal dgn keju terasa sampai pinggir! Nikmati Disc.30% dimulai Rp45.500.Kunjungi toko terdekat/telf 1500366/Klik panpizza.co.id,id,yudiwbs_id_sms_spam_v1,2,AD,,abf5dc30bc42,,Domino's Pizza折扣促销，属于正规商家推广
id_yudi_00062,DOUBLE kuota internet plus UNLIMITED Telpon dan SMS dengan Paket Freedom Combo dari Indosat Ooredoo. Segera hub *123# atau www.indosatooredoo.com/freedom,id,yudiwbs_id_sms_spam_v1,2,AD,,01dfa393f956,,运营商套餐促销，属于正规商家推销
id_yudi_00063,Download dan rasakan serunya game-game premium pilihan hanya di *900#,id,yudiwbs_id_sms_spam_v1,2,AD,,ce8aceaf9de6,,商家推销游戏下载服务，属于正规增值业务推广
id_yudi_00064,"Dptkn Free member card Larissa Aesthetic Center, disc 15% high treatment & asuransi jiwa, tiap isi ulang pulsa Rp 100rb di Galeri Indosat Jateng DIY s.d 31Des 13",id,yudiwbs_id_sms_spam_v1,2,AD,,c00edfdce9e7,,美容中心会员卡及充值优惠促销
id_yudi_00065,"Dptkn kesempatan raih hadiah utama mobil Alphard dg cara tukar 500 poin senyum Anda dg 1 kupon Undian s.d tgl 20Jun13,ketik Undian Jmlh Poin ke 7887(Rp25)",id,yudiwbs_id_sms_spam_v1,2,AD,,1e09d45135ca,,积分兑换抽奖赢取汽车活动，属于运营商促销活动
id_yudi_00066,Dukung rehabilitasi & pengembangan potensi anak berkebutuhan khusus di YPAC Jakarta. Mari berbagi melalui SMS Donasi dengan mengetik *123*65#,id,yudiwbs_id_sms_spam_v1,2,AD,,532688c21ced,,慈善机构募捐促销
id_yudi_00067,"Flash Promo s.d 9 Agt! Ayo datangi Gallery Smartfren terdekat, DISKON 290rb dg tukar HP Smartfrenmu ke Andromax 4G LTE atau 190 utk tukar dg MiFi 4G LTE",id,yudiwbs_id_sms_spam_v1,2,AD,,29e13999b924,,手机以旧换新折扣促销，属于正规商家推广
id_yudi_00068,FREE DoubleScoop Ice Cream / Disc 10% di Haagen-Dasz dengan TCASH TAP! S&K berlaku. Info tsel.me/tappromo,id,yudiwbs_id_sms_spam_v1,2,AD,,047a8ebb1e8e,,Haagen-Dazs冰淇淋TCASH支付折扣促销
id_yudi_00069,"GRATIS 10GB! Bagi yg blm mengganti kartu SIM menjadi SIM 4G, tukarkan skrg di gerai IndosatOoredoo terdekat dan nikmati GRATIS 10GB di jaringan 4G.",id,yudiwbs_id_sms_spam_v1,2,AD,,e1ba4df6f2b1,,运营商换4G卡赠流量活动，属于正规促销
id_yudi_00070,"GRATIS nelpon kemana saja, ke semua operator! Cukup beli Internet Harian 100MB seharga Rp1500. Balas SMS ini dgn ketik JS utk membeli. N092",id,yudiwbs_id_sms_spam_v1,2,AD,,2b53af80d9d5,,运营商流量套餐促销，属于正规商家推销
id_yudi_00071,GRATIS Whatsapp seharian! Cukup beli Internet Harian 100MB seharga Rp1500. Balas SMS ini dgn ketik JR utk membeli. N091,id,yudiwbs_id_sms_spam_v1,2,AD,,b27b9cea76a1,,运营商流量套餐促销，属于正规商家推销
id_yudi_00072,Gunakan Grab dan nikmati 75% diskon untuk 10x bagi pengguna baru. Masukkan kode COBAGRABCAR sekarang juga dan ajak teman-temanmu keliling bandung tanp,id,yudiwbs_id_sms_spam_v1,2,AD,,c5f20b0f7b90,,Grab新用户折扣促销，属于正规商家推广
id_yudi_00073,Gunakan GrabCar atau GrabTaxi & dapatkan diskon 35RIBU ke dan dari Stasiun/Bandara di Bandung. Masukkan kode promo GRABTRAVEL hingga pemakaian 30 September 2016. Hatur Nuhun.,id,yudiwbs_id_sms_spam_v1,2,AD,,a3c0385f4e46,,Grab打车折扣促销，属于正规商家推广
id_yudi_00074,Gunakan TCASH untuk bayar tagihan listrik atau beli token listrik! Cukup hubungi *800# dan pilih menu pembayaran atau pembelian,id,yudiwbs_id_sms_spam_v1,2,AD,,be5af2beafc1,,TCASH缴纳电费服务推广，属于正规业务推销
id_yudi_00075,"Hai Apa Kabar? Ada Bonus Meriah Cukup isi pulsa minimun Rp 5 Ribu s.d 15 November, kamu langsung dapatkan 300 MB GRATIS. Ayo isi pulsa! Bonus utk 3 hari. RL044A",id,yudiwbs_id_sms_spam_v1,2,AD,,a082c9be1280,,充值送流量活动，属于运营商正规促销
id_yudi_00076,"Hallo Bro, beli koin games pakai pulsamu yuk, mudah banget loh sob, cek http://tsel.me/jajanonline",id,yudiwbs_id_sms_spam_v1,2,AD,,273fc8b99808,,商家推销游戏币充值服务，属于正规增值业务推广
id_yudi_00077,"Hallo urang minang, ado sticker rancak di Group Line Urang Kampuang MINANG GUY, beli pake pulsa Telkomsel",id,yudiwbs_id_sms_spam_v1,2,AD,,65b297258258,,商家推销LINE贴纸，属于正规增值业务推广
id_yudi_00078,"Hanya HARI ini! Freedom Combo XL Cuma Rp 89rb (Normal Rp 149rb) 20GB Music streaming gak pake kuota, UNLIMITED Nelp&SMS. Daftar *123#",id,yudiwbs_id_sms_spam_v1,2,AD,,9217d37cd0b4,,运营商套餐限时折扣促销
id_yudi_00079,Hanya HARI INI!!! Cuma dengan seribu kamu langsung dapat 200 MB untuk 3 hari. Cukup balas SMS ini dengan ketik yA4. Buruan beli sekrang TL049B,id,yudiwbs_id_sms_spam_v1,2,AD,,4deffa027b37,,运营商流量套餐限时折扣促销
id_yudi_00080,"HARI INI Freedom Combo XL Rp89rb (normal Rp149rb). DOUBLE kuota 5GB+5GB(4G)+ PROMO 10GB(4G), UNLIMITED nelp & SMS ke Indosat Ooredoo. Ketik FREEDOM XL ke 363",id,yudiwbs_id_sms_spam_v1,2,AD,,4788ec79a47d,,运营商套餐限时折扣促销
id_yudi_00081,Hari ini! BRONET 24Jam 3GB 60hr Rp31900 dan BRONETSpecial 6GB 60hr (3GB 24Jam+3GB 00-06) Rp34900 di *123*888# SEGERA aktifkan paketnya sekarang!! Info838 LD300,id,yudiwbs_id_sms_spam_v1,2,AD,,070fc12c6d86,,运营商AXIS套餐促销，属于正规商家推销
id_yudi_00082,Hari ini!! BRONET Special 4GB (2GB 24Jam+2GB 00-06) 60hr Rp24900 dan BRONET 24Jam 1GB 60hr Rp10900. AYO SEGERA aktifkan paket kamu di *123*888#. Info838 LD309,id,yudiwbs_id_sms_spam_v1,2,AD,,d470860de6ec,,运营商AXIS套餐促销，属于正规商家推销
id_yudi_00083,Hari Rabu saatnya blanja di blanja.com & Nikmati diskon spesial untuk transaksi dengan TCASH! S&K Berlaku. Klik blj.co/tcashrabu,id,yudiwbs_id_sms_spam_v1,2,AD,,5e8d08badddb,,blanja.com购物折扣促销，属于正规商家推广
id_yudi_00084,Hari Senin saatnya Nonton Hemat hanya 25ribu di Cinema XXI dgn TCASH TAP! Dptkan stiker TCASH TAP di graPARI terdekat. Info tsel.me/tappromo,id,yudiwbs_id_sms_spam_v1,2,AD,,9a14538695d1,,电影院TCASH支付折扣促销
id_yudi_00085,"HARI TERAKHIR! Kunjungi Galeri Smartfren skrng, buat kamu Andromax A 4G jd 99rb (nrml 649rb). Tunggu apa lagi?!Stok terbatas.sd 22Agt.S&K.Info888.DL46J",id,yudiwbs_id_sms_spam_v1,2,AD,,0cbfefd5ef78,,手机以旧换新折扣促销，属于正规商家推广
id_yudi_00086,"Hayu dateng, mumpung ada ustad Fatih karim,beliau yg mengislamkan ustad Felix siaw",id,yudiwbs_id_sms_spam_v1,2,NEEDS_REVIEW,,6a6f1ed38026,,宗教活动邀请，非商业非诈骗
id_yudi_00087,Hi! Ayo coba Grab untuk pemesanan taxi yang cepat dan aman. Klik: https://invite.grab.co/37aa4d,id,yudiwbs_id_sms_spam_v1,2,AD,,874521018f7b,,Grab打车应用推广，属于正规商家推广
id_yudi_00088,HOT PROMO! Dptkan EXTRA PULSA TSEL 50rb dg beli paket internet pertama kali di My Telkomsel App sjk 25 Agsts - 25 Sept. Cek detail paketnya di tsel.me/mytsel1,id,yudiwbs_id_sms_spam_v1,2,AD,,f0da0429ff24,,运营商套餐促销送额外话费
id_yudi_00089,"HOT PROMO: Internetan kuota 1,2GB/30hr HANYA Rp 15ribu aja! Beli di *363*822#. Promo s.d 30Juni16. S&K",id,yudiwbs_id_sms_spam_v1,2,AD,,a776e0ffef02,,运营商流量套餐促销，属于正规商家推销
id_yudi_00090,"I¡¯m spreading the GO-JEK love. Download the GO-JEK app at ¡°http://go-jek.com/app¡± and input this referral code ¡°545075264¡± to get Rp 50,000 free credit to your first booking. #gojekgotmehere",id,yudiwbs_id_sms_spam_v1,2,AD,,f997519cb726,,GO-JEK应用推荐奖励促销，属于正规商家推广
id_yudi_00091,Ikuti JobFairActive & UjiKlyakanKerjaBerstifikat @PlasaTelkomMlg 9Feb13. dptkan platihan Intrview&Rekom kerja ke ribuan Ph. Info: www.indogetjob.com/085233334106,id,yudiwbs_id_sms_spam_v1,2,AD,,2a1bf4fa2324,,招聘会及求职培训活动推广
id_yudi_00092,Internetan puas kapan aja buat kamu yang butuh kuota besar. Paket SUMO 30GB 30hari semua jaringan. Beli di *123*3*3#. Info 123. D956,id,yudiwbs_id_sms_spam_v1,2,AD,,14230117de7c,,运营商流量套餐促销，属于正规商家推销
id_yudi_00093,"Isi saldo TCASHmu  melalui jaringan ATM Bersama & ATM BCA! Lakukan transfer antar bank, Pilih bank TCASH (Kode bank 911). Gunakan No HP sbg no rekening tujuan.",id,yudiwbs_id_sms_spam_v1,2,AD,,a94646333c0c,,TCASH充值服务推广，属于正规业务推销
id_yudi_00094,"Isi ulang Kuota++ 3GB berhasil, dan kuota tlh ditambahkan. Nikmati juga BONUS NELPON ke semua Tri Rp10rb, cek bonus di *111*2# atau BimaTri.",id,yudiwbs_id_sms_spam_v1,2,TRANSACTION,,d23dfd420d12,,告知用户充值成功，属于业务结果通知
id_yudi_00095,Isi ulang Rp50000.0 berhasil. Kode transaksi 99100827288792. Cek *123*888# untuk promo RABU RAWIT & JUMAT BAIK buat semua Pelanggan AXIS!,id,yudiwbs_id_sms_spam_v1,2,TRANSACTION,,726cad15177a,,告知用户充值成功及交易码，属于业务结果通知
id_yudi_00096,Jalani ibadah Haji dg nyaman tnpa prlu ganti kartu lokal.Nikmati GRATIS 2menit/hr trima telp dr IndosatOoredoo&Internet UNLIMITED Rp30Rb/hari.Info: *122*1# PAI3,id,yudiwbs_id_sms_spam_v1,2,AD,,bc24297765bb,,运营商国际漫游服务推广，属于正规业务推销
id_yudi_00097,"Jangan dikejar diskon berlari, beli RAWIT diskon datang sendiri.AYO isi ulang kartu AXIS kamu sekarang,dan pastikan besok ikutan promo Rabu RAWIT.Info838.LD279",id,yudiwbs_id_sms_spam_v1,2,AD,,b3bdb50f2e0b,,运营商充值促销活动，属于正规商家推销
id_yudi_00098,JANGAN LUPA kirim 50 SMS sd 16 Juni 2013 utk mendptkan Gratis 50 SMS ke sesame Indosat selama 2 hr (berlaku 1x selama periode prog). Info:100. US6,id,yudiwbs_id_sms_spam_v1,2,AD,,205e5860e7fd,,发送短信获得奖励，属于促销活动
id_yudi_00099,"Jangan sampai kalah Bro, games mu bisa terbantu dengan menambah koinmu, beli aja pakai pulsa, cek caranya di http://tsel.me/jajanonline",id,yudiwbs_id_sms_spam_v1,2,AD,,446cb860b989,,商家推销游戏币充值服务，属于正规增值业务推广
id_yudi_00100,"Jangan sampai kehabisan, HARI INI di Baskin Robbins Value Scoop cuma 35.000 lho! Tunjukkan SMS ini. S&K Berlaku. Promo *606#",id,yudiwbs_id_sms_spam_v1,2,AD,,8c8b77442fea,,餐饮商家折扣促销
id_yudi_00101,"Jumat BAIK promo, BRONET 24Jam 1GB 30hr Rp10900 dan BRONET 4GB 60hr (24Jam 2GB + 00-06 2GB) Rp24900. SEGERA aktifkan paketnya melalui *123*888#.Info838.LD268",id,yudiwbs_id_sms_spam_v1,2,AD,,4eb021ea1e2b,,运营商AXIS套餐促销，属于正规商家推销
id_yudi_00102,"Kapan lg beli paket Flash mulai 1,3GB di MyTelkomsel dpt Extra PULSA Rp 50rb? Utk pembelian pertama sjk 25Aug - 25Sept. Cek detail paket di tsel.me/mytsel1",id,yudiwbs_id_sms_spam_v1,2,AD,,3dcda4d7a40d,,运营商流量套餐促销，属于正规商家推销
id_yudi_00103,Karena kamu pelanggan setia kamu bisa tukarkan hp smartfrenmu dg Andromax E 4G LTE hny 859rb(nrml 999rb). Segera ke Galeri Smartfren,id,yudiwbs_id_sms_spam_v1,2,AD,,a2ff79bb7846,,手机以旧换新折扣促销，属于正规商家推广
id_yudi_00104,"Kartu 4G-LTE Anda telah aktif Dapatkan kuota tambahan sd 10GB&konten menarik dijaringan 4G, hub *123*46#. Info lokasi www.indosatooredoo.com/4G",id,yudiwbs_id_sms_spam_v1,2,TRANSACTION,,27f6dabe6955,,告知用户4G卡已激活及赠送流量，属于业务结果通知
id_yudi_00105,"Kesempatan LANGKA! Cuma buat kamu saja loh, Dapatkan 1 GB Cuma dengan RP 5000. Balas SMS ini dengan ketik Y10 s.d 15 November. Bonus berlaku 3 hari/ TL050D",id,yudiwbs_id_sms_spam_v1,2,AD,,642c74e5a50f,,运营商流量套餐限时折扣促销
id_yudi_00106,"Ketik FLASH<spasi>INFO kirim ke 33636 utk status paket kamu. Loopers! Dptkan info tren anak muda, challenge & pembelian paket di loop.co.id & follow@loop_id",id,yudiwbs_id_sms_spam_v1,2,TRANSACTION,,88fe1f7d8872,,告知用户查询套餐状态方式，属于业务服务通知
id_yudi_00107,Ketik YA ke 919 s.d 14 Maret 2016. Cuma Rp59rb per-bln! Lgs dptkan 1+ 1GB(4G)+BONUS 10GB(4G) utk Internetan + Telp & SMS SEPUASNYA ke semua nomor,id,yudiwbs_id_sms_spam_v1,2,AD,,1c60af0ed37c,,运营商流量套餐促销，属于正规商家推销
id_yudi_00108,"Khusus buat kamu yg doyan internetan! Cukup 10rb k, bs internetan slm 1 minggu (kuota 1,5 GB). Buruan ketik OKE ke 919. Pnwrn sd 30/09/2015 Khusus Nomor Ini.",id,yudiwbs_id_sms_spam_v1,2,AD,,6f215dcc415b,,运营商流量套餐促销，属于正规商家推销
id_yudi_00109,"KHUSUS buat kamu. PAKET internet hanya 10ribu dgn kuota 1.5GB selama 30hr, berlaku 24Jam di Jaringan tercepat Indosat. Balas SMS ini ketik YA ke 919 sd 22 Mei 15",id,yudiwbs_id_sms_spam_v1,2,AD,,08ef37f29dd2,,运营商流量套餐促销，属于正规商家推销
id_yudi_00110,"Kocak abis! Mau liat aksi 8 pemuda galau, iseng, dan gokil yang dikepung polisi super cantik? Tonton aja Comic8 via HP kamu cmn 4400/3hr. Ketik FILM3 ke 99677",id,yudiwbs_id_sms_spam_v1,2,AD,,60fa55bb3222,,商家推销视频内容订阅服务，属于正规增值业务推广
id_yudi_00111,"Koinmu tinggal dikit untuk lanjutin gamesmu? Beli pakai pulsa aja Bro, cek http://tsel.me/jajanonline",id,yudiwbs_id_sms_spam_v1,2,AD,,d43479865818,,商家推销游戏币充值服务，属于正规增值业务推广
id_yudi_00112,Kuota Internet sudah habis. Segera isi kuota Anda di *123# atau akses aplikasi BimaTRI dari gadget Anda. Info:123,id,yudiwbs_id_sms_spam_v1,2,TRANSACTION,,c551f6985502,,告知用户流量已用尽，属于业务结果通知
id_yudi_00113,"Lebih hemat langganan paket Data MINGGUAN. Cuma Rp10.900. Caranya? gampang kok, cukup ketik KUOTA(spasi)10K krm sms ke 363.",id,yudiwbs_id_sms_spam_v1,2,AD,,0ebe2ca29e34,,运营商流量套餐促销，属于正规商家推销
id_yudi_00114,"Lebih hemat langganan paket Internet MINGGUAN dgn kuota 250MB Cuma Rp 10,000. Caranya gampang cukup ketik KUOTA (SPASI) 10K ke 363.",id,yudiwbs_id_sms_spam_v1,2,AD,,eb696ddb7f04,,运营商流量套餐促销，属于正规商家推销
id_yudi_00115,"LINE Lets Get Rich semakin seru, tambah koinnya dari pulsamu, mudah banget caranya di google play",id,yudiwbs_id_sms_spam_v1,2,AD,,1431c21d975a,,商家推销游戏币充值服务，属于正规增值业务推广
id_yudi_00116,"Loopers, PaketTelkomselFlash Rp.50000 utk 600 MB & tambahan 600 MB di 3G + 11 GB(00-12)(berlaku 30 hari) tlh diaktifkan. Paket otomatis diperpanjang pd akhir masa aktif jika kamu berlangganan paket ini",id,yudiwbs_id_sms_spam_v1,2,TRANSACTION,,593519b73b07,,告知用户套餐已激活，属于业务结果通知
id_yudi_00117,"Maaf, kamu tidak memiliki Bonus Kuota++. Dapatkan Bonus Kuota++ hingga 2GB di toko terdekat, hanya berlaku di Jawa Timur, Bali dan Lombok",id,yudiwbs_id_sms_spam_v1,2,TRANSACTION,,f3c6b66f6d89,,告知用户无某项业务资格，属于业务状态通知
id_yudi_00118,"Mainkan terus games mu sekarang, dan beli koinnya pakai pulsamu, cek caranya di http://tsel.me/jajanonline",id,yudiwbs_id_sms_spam_v1,2,AD,,cc6eef90ceed,,商家推销游戏币充值服务，属于正规增值业务推广
id_yudi_00119,Mainkan terus gamesmu & beli sebanyak2nya apps/in-apps di Google Play Store,id,yudiwbs_id_sms_spam_v1,2,AD,,b346ca925075,,商家推销Google Play应用购买服务，属于正规增值业务推广
id_yudi_00120,Masih ingat dengan Warkop DKI ? Dapatkan NSP nya GRATIS dengan akses ke *600# dan dapatkan promo gratis lainnya sesuai dengan hobimu!,id,yudiwbs_id_sms_spam_v1,2,AD,,a8babc9cbc6e,,运营商促销活动，引导用户获取免费内容
id_yudi_00121,Mau BONUS KEREN dari Indosat ooredoo? Ketik *345# dari HP kamu sekarang juga..!!,id,yudiwbs_id_sms_spam_v1,2,AD,,dbdf579abb1e,,运营商促销活动，引导用户领取奖励
id_yudi_00122,MAU BONUS PULSA 50% dari Indosat Ooredoo?? Ketik *345# dan call dari HP kamu sebelum 31 Mei 2016,id,yudiwbs_id_sms_spam_v1,2,AD,,68c3c63425c0,,充值送50%话费活动，属于运营商正规促销
id_yudi_00123,"Mau cepat dan ga mau ribet cek pulsa & sisa kuota internetmu? Yuk download aplikasi myCare sekarang juga, atau akses di https://mycare.indosatooredoo.com",id,yudiwbs_id_sms_spam_v1,2,AD,,be68cd782aa9,,myCare应用推广，属于正规服务推销
id_yudi_00124,"Mau Cepat GIFT Paket/Extra Kuota Internet & ga mau ribet isi ulang Pulsa? Download aja aplikasi myCare, smuanya jadi mudah. Install di http://bit.ly/mycarepLy",id,yudiwbs_id_sms_spam_v1,2,AD,,57a3893d6a4c,,myCare应用推广，属于正规服务推销
id_yudi_00125,"Mau download file besar tanpa putus? Bisa! Tinggal 3 hari, Gatis Mifi/modem 4G spesial untukmu Bawa sms ini ke Galeri SF & isi pulsa 100rb disana s/d 13 Jan DL 408",id,yudiwbs_id_sms_spam_v1,2,AD,,06332c385da6,,运营商充值送MIFI设备促销
id_yudi_00126,"Mau ekstra telpon, SMS, Internetan (S&K berlaku)? Ikuti surveu singkat tentang aplikasi musik s/d  3 September. Klik: http://tsel.me/mulu",id,yudiwbs_id_sms_spam_v1,2,AD,,a0be8d976d5b,,参与调查获赠通话短信流量，属于促销活动
id_yudi_00127,"Mau internetan kuota BESAR dan harga MURAH? Buruan cek di *345#, penawaran ini khusus nomor kamu & cuma berlaku sebelum 16 Juli 2016",id,yudiwbs_id_sms_spam_v1,2,AD,,914b530e3f60,,运营商流量套餐促销，属于正规商家推销
id_yudi_00128,"Mau jajan? Gak usah kemana-mana sob, jajan online aja, terutama buat kamu yang suka nge games, cek http://tsel.me/jajanonline",id,yudiwbs_id_sms_spam_v1,2,AD,,9c37f5879ad9,,商家推销在线购物服务，属于正规增值业务推广
id_yudi_00129,"Mau paket data 1.5GB buat SEBULAN Cuma 20ribuan? Buruan ketik MAU ke 919, penawaran ini hanya berlaku sd 22-Jul-16",id,yudiwbs_id_sms_spam_v1,2,AD,,3fc3cc766e8a,,运营商流量套餐促销，属于正规商家推销
id_yudi_00130,"Mau paket data Cuma 10ribuan? Buruan cek di *345#, penawaran ini hanya berlaku sebelum 1 Juli 2016",id,yudiwbs_id_sms_spam_v1,2,AD,,1ffe20c8a3f6,,运营商流量套餐促销，属于正规商家推销
id_yudi_00131,Mau Pergi Dari Hatiku nya Aliando di HP kamu? Ambil NSP GRATIS nya dengan akses ke *600# dan dapatkan promo gratis lainnya sesuai hobimu!,id,yudiwbs_id_sms_spam_v1,2,AD,,aebc0ef011c6,,运营商促销活动，引导用户获取免费内容
id_yudi_00132,Merdeka Hot Sale 45%! Kuota 5GB 30Hari(Rp125rb) CUMA Rp68rb penawaran terbatas! Cek SEKARANG di *111*1# .D966,id,yudiwbs_id_sms_spam_v1,2,AD,,d5174e4abe2c,,运营商流量套餐促销，属于正规商家推销
id_yudi_00133,Migrasikan kartu Anda ke kartuHalo (NOMOR TETAP SAMA). DAPATKAN Paket Spesial 4GB Hanya 25rb/bulan. kunjungi GraPARI & tunjukan SMS ini.(Promo Terbatas).SKB,id,yudiwbs_id_sms_spam_v1,2,AD,,afc058119ff9,,运营商套餐迁移促销，属于正规商家推销
id_yudi_00134,"Murah dan seru banget main gamesmu, pakai pulsa aja beli koinmu, cek caranya di http://tsel.me/jajanonline",id,yudiwbs_id_sms_spam_v1,2,AD,,738920b43315,,商家推销游戏币充值服务，属于正规增值业务推广
id_yudi_00135,MURAH! Hanya Rp25rb dptkan 2GB paket internetan utk 30hr. Kini internetan jadi semakin seru! Aktifkan segera di *550*904# promo s/d 29Feb16,id,yudiwbs_id_sms_spam_v1,2,AD,,bda7d6451b8f,,运营商流量套餐促销，属于正规商家推销
id_yudi_00136,"Naik Lebih Sering, Hemat Lebih Banyak bersama GRAB!  Cukup lakukan 1 perjalanan biasa dengan GRABCAR atau GRABTAXI dan kamu akan OTOMATIS mendapatkan diskon di perjalanan berikutnya! Nikmati diskon bertahap hinga 35ribu/trip, ayo coba dan buktikan!",id,yudiwbs_id_sms_spam_v1,2,AD,,8c3137906b97,,Grab打车折扣促销，属于正规商家推广
id_yudi_00137,"Nasabah YTH, rekening BTPN Wow! Anda sudah aktif. Lakukan transaksi melalui *247# menggunakan PIN rahasia Anda. Info hub 1500300.",id,yudiwbs_id_sms_spam_v1,2,TRANSACTION,,b9080b0ba7c5,,告知用户银行账户已激活，属于业务结果通知
id_yudi_00138,"Nelpon MURAH hanya Rp 2500/panggilan ke MAL, SIN, Thailand, HK, China & USA dgn tekan 01016+Kode Negara+No Tujuan. Info: www.indosatooredoo.com/flatcall2500",id,yudiwbs_id_sms_spam_v1,2,AD,,f75f3d55d6c8,,运营商国际长途优惠促销，属于正规业务推销
id_yudi_00139,"Nikmati Combo Wendy's Fried Chicken, nasi dan minum hanya Rp. 19.000 periode 13-19 Juni'16.Tukarkan SMS ini di Wendy's terdekat! Persediaan terbatas.Promo *606#",id,yudiwbs_id_sms_spam_v1,2,AD,,385142ffd697,,餐饮商家套餐折扣促销
id_yudi_00140,Nikmati Disc.40% utk Dominos Pizza Premium BIG PARTY WEEKEND.Harga Mulai Rp.48rb.Berlaku dine in/take away s/d 8 May'16.Kunjungi store terdekat/hubungi 1500366,id,yudiwbs_id_sms_spam_v1,2,AD,,8e312d04a3b8,,Domino's Pizza折扣促销，属于正规商家推广
id_yudi_00141,Nikmati Discount 20% di Bakmi GM setiap hari hny dgn TCASH TAP! S&K berlaku. Info tsel.me/tappromo,id,yudiwbs_id_sms_spam_v1,2,AD,,c7c229c964a8,,餐饮商家TCASH支付折扣促销
id_yudi_00142,"Nikmati diskon 25% tarif SLI 008 ke SEMUA NEGARA mulai pukul 00.00 sd 06.00 WIB, sd 31Agustus 13. Info lengkap ketik *122*5*4# atau www.indosat.com/iddpromo",id,yudiwbs_id_sms_spam_v1,2,AD,,a2c489a72745,,运营商国际长途折扣促销，属于正规业务推销
id_yudi_00143,"Nikmati Diskon Tarif Indosat 01016 & 001 hingga 70% ke 7 Negara (CHN, MLA,HKG,SNG,TWN,VTM,MACAU). Berlaku 07-28Feb13. Info : hub 100/111 atau *123# OK",id,yudiwbs_id_sms_spam_v1,2,AD,,e3674cc253a9,,运营商国际长途折扣促销，属于正规业务推销
id_yudi_00144,Nikmati Double Internetan di jaringan Data terkuat 3GB dan 3GB (4G) dan Tlp&SMS SEPUASNYA dgn pkt Freedom Combo. Daftar *123# atau http://mycare.indosatooredoo.com,id,yudiwbs_id_sms_spam_v1,2,AD,,3622195e5bbd,,运营商流量套餐促销，属于正规商家推销
id_yudi_00145,"Nikmati DOUBLE kuota PROMO 10GB(4G) di jaringan Data terkuat, UNLIMITED Nelp&SMS. 24JAM, dgn pkt Freedom Combo. Tekan *123# atau indosatooredoo.com/freedom",id,yudiwbs_id_sms_spam_v1,2,AD,,b3aeffd8631b,,运营商流量套餐促销，属于正规商家推销
id_yudi_00146,Nikmati EKSTRA PULSA 100% dgn isi ulang min. 50rb HANYA di aplikasi MyTelkomsel menggunakan T-Cash! Download di http://tsel.me/1 Promo s/d 11 Agst 2016,id,yudiwbs_id_sms_spam_v1,2,AD,,4f62a1f570bd,,充值送100%话费活动，属于运营商正规促销
id_yudi_00147,Nikmati EKSTRA PULSA 50% dgn isi ulang min. 100rb HANYA di aplikasi MyTelkomsel menggunakan Kartu Kredit VISA! Download di http://tsel.me/1 Promo s/d 11 Agst 16,id,yudiwbs_id_sms_spam_v1,2,AD,,4f62a1f570bd,,充值送50%话费活动，属于运营商正规促销
id_yudi_00148,Nikmati EXTRA 2GB 4G LTE + EXTRA kuota hingga 1GB midnight dg beli pkt FLASH 1GB/30hr mulai Rp 43rb di *363*49# Cek tarif di tsel.me/FL SKB,id,yudiwbs_id_sms_spam_v1,2,AD,,4c1fe496d9d0,,运营商流量套餐促销，属于正规商家推销
id_yudi_00149,Nikmati EXTRA 2GB 4G LTE + EXTRA voucher belanja hingga 100rb dg beli pkt FLASH 1GB/30hr mulai Rp 43rb di *363*49# Cek tarif di tsel.me/FL SKB,id,yudiwbs_id_sms_spam_v1,2,AD,,a2e3c87c34ec,,运营商流量套餐促销，属于正规商家推销
id_yudi_00150,NIKMATI INDOSAT SUPER 3G+ utk Internetan ckp 10rb/minggu dpt Kuota 225MB(50MB+Bonus 175MB jam 00-06)Kecepatan hgg3.6Mbps.tekan *123*4*1*1# syarat berlaku hub:100,id,yudiwbs_id_sms_spam_v1,2,AD,,39a5ea6c35c2,,Indosat推广3G+网络套餐，每周10rb可获225MB流量，属于运营商促销
id_yudi_00151,"Nikmati kemudahan pembayaran iuran BPJS dgn TCASH. Cukup hubungi *800#, pilih menu pembayaran ATAU gunakan app T-Wallet di smartphone Android dan iPhone.",id,yudiwbs_id_sms_spam_v1,2,AD,,8ef959b628db,,TCASH推广缴纳BPJS医保服务费，属于支付业务促销
id_yudi_00152,Nikmati nelpon dan SMS UNLIMITED ke sesama Indosat Ooredoo internetan sepuasnya 3 hari dengan paket Freedom Mini. ketik *123*88#,id,yudiwbs_id_sms_spam_v1,2,AD,,9ad304db55e4,,Indosat Freedom Mini套餐促销，提供3天无限通话短信和上网
id_yudi_00153,Nikmati nelpon dan SMS UNLIMITED ke sesama Indosat Ooredoo internetan sepuasnya 3 hari dengan paket Ramadhan Unlimited. ketik *123*88#,id,yudiwbs_id_sms_spam_v1,2,AD,,9ad304db55e4,,Indosat Ramadhan Unlimited套餐促销，提供3天无限通话短信和上网
id_yudi_00154,Nomor Anda telah diisi dengan nomor SN 6081606122581198060.,id,yudiwbs_id_sms_spam_v1,2,TRANSACTION,,3f2c6c71a445,,通知号码已成功充值，含充值序列号，属于业务通知
id_yudi_00155,"Nomor kamu tidak memiliki Paket NetMax. Dapatkan Paket NetMax 5.5GB dan 7GB melalui hape *123#, aplikasi BimaTri, atau website tri.co.id.",id,yudiwbs_id_sms_spam_v1,2,AD,,c145361c0d08,,通知用户未订阅NetMax套餐并邀请办理5.5GB/7GB套餐，属于业务推广
id_yudi_00156,Nomormu memang yang paling beruntung: Tes Identitas tersedia untukmu! Menangkan pulsa Rp10rb pada tes ke-30. Kirim SMS Y ke 99455 sekarang! Info:838 VD001,id,yudiwbs_id_sms_spam_v1,2,AD,,861f5fa92097,,声称用户身份可参加测试赢10rb话费，要求回复Y，属于抽奖式营销诱导
id_yudi_00157,Pakai handphone XL Axiata mu langsung bisa internetan pakai XL,id,yudiwbs_id_sms_spam_v1,2,AD,,d1fb61beb379,,推广XL Axiata即插即用手机可直接上网，无明显诈骗
id_yudi_00158,Pakai XL tdk perlu repot setting bisa langsung internetan. Yuk aktifkan paket Internet di My.XL.co.id sekarang.,id,yudiwbs_id_sms_spam_v1,2,AD,,0da18070370b,,邀请在My.XL.co.id激活互联网套餐，属于运营商促销
id_yudi_00159,Paket 1.5GB berhasil diaktifkan. Restart hape kamu utk dpt menikmati kuota internetan selama 90hari. Cek sisa kuota di *557*8#,id,yudiwbs_id_sms_spam_v1,2,TRANSACTION,,d73a40471252,,通知1.5G套餐激活成功，含重启指令，属于业务办理结果告知
id_yudi_00160,Paket Anda sudah di non-aktifkan atas permintaan Anda. Penggunaan Internet anda akan di kenakan Tariff Dasar Internet sesuai skema tariff kartu Anda. Hubungi *363# untuk aktifkan Paket Internet lainnya. Info lebih lanjut www.telkomsel.com,id,yudiwbs_id_sms_spam_v1,2,TRANSACTION,,66fd8c075676,,通知套餐已按请求停用，说明后续资费，属于业务结果告知
id_yudi_00161,"PAKET BRONET 24JAM 15MB 1hr sudah aktif. Nikmati 15MB berlaku di 00-23.59 aktif s.d 28-08-2016. Promo AXIS lainnya, telp *123#. Info838",id,yudiwbs_id_sms_spam_v1,2,TRANSACTION,,43b0e915f219,,通知BRONET 15MB/1hr套餐已激活及有效期，属于业务办理结果告知
id_yudi_00162,"PAKET BRONET 24JAM 2GB 60hr Rp28800 akan segera aktif. Temukan penawaran menarik AXIS lainnya, telp *123#.Info838",id,yudiwbs_id_sms_spam_v1,2,TRANSACTION,,2a3c18dbb888,,通知BRONET 2GB 60hr套餐即将激活，属于业务办理进度告知
id_yudi_00163,"Paket BRONET 2GB 60hr 24jam sudah aktif. Nikmati internet 2GB berlaku hingga jam 23.59 aktif s.d 27-10-2016. Promo AXIS lainnya, telp *123#. Info838",id,yudiwbs_id_sms_spam_v1,2,TRANSACTION,,f03019934059,,通知BRONET 2GB 60hr套餐已激活及有效期，属于业务办理结果告知
id_yudi_00164,Paket Flash anda 10 MB utk 1 hari akan berakhir pd 08/07/2016. Tarif non paket berlaku setelah tgl tsb. Info hubungi *363#. Cek Kuota *889#.,id,yudiwbs_id_sms_spam_v1,2,TRANSACTION,,e220183d5e0e,,通知Flash套餐10MB/1天即将到期并提示续费规则，属于业务到期提醒
id_yudi_00165,"Paket Internet BRONET 24 JAM 2GB, 60hr Kamu sudah aktif & otomatis diperpanjang 27-10-2016 jam 23:59. Info838",id,yudiwbs_id_sms_spam_v1,2,TRANSACTION,,20ddc4e7fed2,,通知BRONET 2GB套餐已激活且自动续期，属于业务办理结果告知
id_yudi_00166,"Paket Internet spesial buat kamu. Internetan selama seminggu dgn kuota 1,5GB Cuma Rp10rb! Ayo segera Ketik KEBUT kirim ke 919 sd 29 Juli 2015. Jgn lupa ya",id,yudiwbs_id_sms_spam_v1,2,AD,,59a67428ef00,,推广1.5GB周套餐仅10rb，要求回复KEBUT，属于运营商促销
id_yudi_00167,Paket Super Murah 2 pcs c strip/1 Ayam sayap+nasi+teh pucuk Rp.15.909.Tukarkan SMS ini di CFC YOGYA SUBANG hari ini!Selama persediaan masih ada.Promo *606#,id,yudiwbs_id_sms_spam_v1,2,AD,,1e9fcc7807d5,,CFC炸鸡餐厅促销，出示短信可享受套餐优惠，属于商家促销
id_yudi_00168,"Paket super Ngebut 3.5GB, 30hr, Rp25rb Anda sudah aktif. Nikmati 500MB di 12.00:24.00 & 3G di 00:00-12:00 di 3G. Diperpanjang pada 11-Mar-2013 jam 23:59. Info 817",id,yudiwbs_id_sms_spam_v1,2,TRANSACTION,,e32037366074,,通知3.5GB/30hr套餐已激活及有效期，属于业务办理结果告知
id_yudi_00169,Paket Tsel Flash akan berakhir tgl 07/08/2016. Akan diperpanjang dg 10 MB utk 1 hari dengan harga 2500 dpt berubah sesuai lokasi anda .  Pastikan pulsa anda mencukupi. Utk berhenti berlangganan Ketik FLASH OFF ke 3636. Info detail tariff lihat di Tsel.me/internet,id,yudiwbs_id_sms_spam_v1,2,TRANSACTION,,b025be7bd34d,,通知Tsel Flash套餐即将到期，说明续费价格与退订方式，属于业务到期提醒
id_yudi_00170,Pelanggan Yth. Update informasi tarif terbaru anda di tsel.me/as atau hubungi 188 (Rp 300/call).,id,yudiwbs_id_sms_spam_v1,2,TRANSACTION,,dd9d0984e0ab,,通知用户查看最新资费信息，属于运营商服务告知
id_yudi_00171,Pembelian Dave's Single Burger Gratis Small Fries & Minum. Periode 5-11 September 2016. Tukarkan SMS ini di Wendy's terdekat! Penawaran terbatas.Promo *606#,id,yudiwbs_id_sms_spam_v1,2,AD,,4be448916520,,推广Wendy's汉堡套餐买一送一，展示短信兑换，属于商家促销
id_yudi_00172,"PENAWARAN KHUSUS! BONUS KUOTA 500MB (1hr)! Cukup isi ulang min. 5,000 hari ini! Ayo buruan isi pulsa sekarang juga. T536",id,yudiwbs_id_sms_spam_v1,2,AD,,8665dce58595,,推广充值满5000赠500MB流量，属于运营商促销
id_yudi_00173,"Penawaran Spesial, Obral Paket Data 1.5 GB(00-24)+nelpon sepuasnya ke nmr Indosat hanya Rp20rb utk 1minggu.Daftar skrg ketik YA ke 929 berlaku hari ini RTX1",id,yudiwbs_id_sms_spam_v1,2,AD,,4843377f43f5,,推广1.5GB+无限通话套餐每周仅20rb，属于运营商促销
id_yudi_00174,"Plg yth,Mohon memberikan nilai kepuasan pengalaman layanan Telkomsel ketik 1 utk bhs Indonesia & Type 2 for English send to 1166(FREE) (for int'l charged)",id,yudiwbs_id_sms_spam_v1,2,TRANSACTION,,758046e1671e,,邀请用户参与Telkomsel服务满意度评分，属于运营商客户服务通知
id_yudi_00175,Promo diperpanjang! Gratis MIFI(modem) 4G hanya untukmu. Tunjukan SMS ini di Galeri Smartfren & isi pulsa 100rb utk bawa pulang MIFI favoritmu. s/d23Nov. DL40K,id,yudiwbs_id_sms_spam_v1,2,AD,,d88d635249d4,,推广Smartfren免费4G MifI，充100rb即可带走，属于运营商促销
id_yudi_00176,"PROMO POIN SPESIAL! Tukarkan 20 TselPoin Kamu dengan 20Menit, 100SMS, atau 20MB di *700*20#. Periode Promo 11-31 Juli 2016. Info hub: 188",id,yudiwbs_id_sms_spam_v1,2,AD,,6c3f2ba9577b,,推广Tukar 20 TselPoin换取通话/SMS/流量，属于积分兑换促销
id_yudi_00177,"PROMO: Beli paket Flash mulai 1,3 GB di My Telkomsel App dpt EXTRA nelpon hingga 100mnt/1hr. Buruan, promo terbatas! S&K",id,yudiwbs_id_sms_spam_v1,2,AD,,ff7886e6f1c5,,推广Flash套餐赠送通话时长，属于运营商促销
id_yudi_00178,"PROMO: Beli paket Flash mulai 1GB di MY TELKOMSEL APP dpt EXTRA kuota 2GB 4G LTE dan EXTRA nelpon hingga 100mnt/1hr. Buruan, cek  di tsel.me/mytsel1 S&K",id,yudiwbs_id_sms_spam_v1,2,AD,,cbe96a646f14,,推广Flash 1GB套餐赠送2GB 4G流量和100分钟通话，属于运营商促销
id_yudi_00179,"PROMO: Beli paket Flash mulai 3,5GB di My Telkomsel App dpt extra paket 1GB midnight (00-09). Buruan, promo terbatas! S&K",id,yudiwbs_id_sms_spam_v1,2,AD,,ff7886e6f1c5,,推广Flash套餐赠送midnight流量1GB，属于运营商促销
id_yudi_00180,"PUAS Internetan, Chatting, Facebook dan nonton Video selama 30 hari hingga 1.5 GB Cuma Rp 30ribu. Beli paket di *100*1#",id,yudiwbs_id_sms_spam_v1,2,AD,,b912cf5187b2,,推广1.5GB/30天套餐仅30rb，属于运营商促销
id_yudi_00181,"quota 1,5 GB harga hanya mulai 32,5 ribu, beli paketnya di *100*1# Puas internetan selama 30 hari",id,yudiwbs_id_sms_spam_v1,2,AD,,742f059293f8,,推广1.5GB套餐仅32.5rb，属于运营商促销
id_yudi_00182,"Raih smartphone, diskon merchant & free internet, voice, SMS di Promo 71 Tahun RI dengan tukar 17 Telkomsel POIN mulai 15Ags16 hanya di MyTelkomsel Apps",id,yudiwbs_id_sms_spam_v1,2,AD,,d6ca2bdf7169,,推广Tukar 17 Telkomsel POIN赢取智能手机和折扣，属于运营商促销
id_yudi_00183,"RAWIT harganya miring, Internetan makin sering! AYO isi ulang kartu AXIS kamu sekarang, pastikan besok ikut promo Rabu RAWIT. Info838. LD328",id,yudiwbs_id_sms_spam_v1,2,AD,,756a1070c36c,,推广RABU RAWIT充值活动，属于运营商促销
id_yudi_00184,"RAWIT Kuotanya Bagus, Harganya Khusus. AYO isi ulang kartu AXIS kamu sekarang, pastikan besok ikut promo Rabu RAWIT. Info838. LD299",id,yudiwbs_id_sms_spam_v1,2,AD,,dd9b677efebb,,推广RABU RAWIT充值活动，属于运营商促销
id_yudi_00185,"Ribet bolak balik cek pulsa&cek sisa kuota internetmu? Download aja aplikasi myCare, hanya 1x klik semua jadi mudah. akses di https://mycare.indosatooredoo.com",id,yudiwbs_id_sms_spam_v1,2,AD,,dd0942591537,,推广myCare应用使查余额和流量变得便捷，属于业务工具推广
id_yudi_00186,Rp29rb/bln utk 3 bln (hrg normal Rp59rb utk bln ke-4 dst) bisa NELPON & SMS SEPUASNYA ke IM3 plus kuota 1+1GB(4G)+10GB (4G).Mau? Ketik YA ke 919 sd 21 Juni 2016,id,yudiwbs_id_sms_spam_v1,2,AD,,b975d6281c15,,推广IM3套餐每月29rb首3月享双重流量，属于运营商促销
id_yudi_00187,Rp30rb/bln utk 3 bln (hrg normal Rp59rb utk bln ke-4 dst) bisa NELPON & SMS SEPUASNYA ke IM3 plus kuota 3GB+10GB (4G). ?Mau? Ketik YA ke 919 sd 05-Aug-16,id,yudiwbs_id_sms_spam_v1,2,AD,,b975d6281c15,,推广IM3套餐每月30rb首3月享3GB+10GB流量，属于运营商促销
id_yudi_00188,Saatnya pindah ke jaringan 4G TERCEPAT. Tukar kartu Anda di Gerai IndosatOoredoo Jl.Jend Soedirman-Purwokerto &dptkn bns Rp25rb (utk Nelp/SMS ke IndosatOoredoo),id,yudiwbs_id_sms_spam_v1,2,AD,,dfe3b3273a21,,推广更换4G SIM卡并在IndosatOoredoo门店可得25rb赠品，属于运营商促销
id_yudi_00189,Segera aktivasi rekening BTPN Wow! anda. Ketik *247# tekan Yes / Call lalu buat PIN rahasia Anda. Info lengkap hub. 1500300,id,yudiwbs_id_sms_spam_v1,2,AD,,857ac2651590,,邀请用户激活BTPN Wow!账户并设置PIN，属于银行开户邀请
id_yudi_00190,Selamat Anda mendapatkan voucher Berrybenka Rp100rb. Masukkan kode voucher TW96d saat transaksi di www.berrybenka.com/simPATI. Mau voucher lain? Hub *999*1#,id,yudiwbs_id_sms_spam_v1,2,TRANSACTION,,875d9800775e,,通知用户获得Berrybenka电商平台100rb含验证码，属于优惠券发放
id_yudi_00191,Selamat Anda mendapatkan voucher Lazada Rp100rb. Masukkan kode voucher TSt88 saat transaksi di www.lazada.co.id/simPATI. Mau voucher lain? Hub *999*1#,id,yudiwbs_id_sms_spam_v1,2,TRANSACTION,,c6215914bd0f,,通知用户获得Lazada电商平台100rb含验证码，属于优惠券发放
id_yudi_00192,Selamat Anda mendapatkan voucher Zalora Rp100rb. Masukkan kode voucher TSU59 saat transaksi di www.zalora.co.id/simPATI. Mau voucher lain? Hub *999*1#,id,yudiwbs_id_sms_spam_v1,2,TRANSACTION,,91c982c10a7a,,通知用户获得Zalora电商平台100rb含验证码，属于优惠券发放
id_yudi_00193,Selamat Anda telah mendapatkan BONUS pulsa Rp 100.000 ke sesama Indosat Ooredoo berlaku 3 hari dan Poin senyum Anda bertambah. Cek bonus *557*8#,id,yudiwbs_id_sms_spam_v1,2,TRANSACTION,,8a0fd536ab53,,通知用户获得100rb话费奖励和Poin，属于业务赠送通知
id_yudi_00194,"Selamat bergabung di Tri, nikmati kuota 3GB utk 30 hari.Kuota akan diperpanjang otomatis selama pulsa cukup. Nikmati bonus kuota berlipat hingga 1GB setiap perpanjangan. Kartu otomatis menjadi non-aktif jika dlm waktu 3 bln tdk ada aktivitas sama sekali",id,yudiwbs_id_sms_spam_v1,2,TRANSACTION,,f650c225f5c4,,欢迎Tri新用户获得3GB/30天流量，告知自动续期和保号规则，属于业务通知
id_yudi_00195,Selamat Paket 50 SMS ke semua operator Anda telah aktif. Cek kuota di *888#,id,yudiwbs_id_sms_spam_v1,2,TRANSACTION,,6d4f836c453c,,通知50SMS套餐已激活及查询方式，属于业务办理结果告知
id_yudi_00196,Selamat Paket Anda telah aktif. Cek kuota di *889#,id,yudiwbs_id_sms_spam_v1,2,TRANSACTION,,7cee9588f299,,通知用户套餐已激活及查询方式，属于业务办理结果告知
id_yudi_00197,Selamat Paket BBM Gratis Anda telah diaktifkan. Paket BBM ini berlaku untuk 30 hari,id,yudiwbs_id_sms_spam_v1,2,TRANSACTION,,36e5e791efb4,,通知BBM Gratis套餐已激活及有效期，属于业务办理结果告知
id_yudi_00198,"Selamat Paket Flash 10 MB (1 hari) Rp.2500 telah diaktifkan, berlaku s/d tgl 07/08/2016 pk. 23:59 WIB. Paket langsung diperpanjang pada akhir masa aktif paket dengan tarif sesuai lokasi Anda. Cek status/berhenti berlangganan melalui *363#. Info detail tarif lihat di Tsel.me/internet",id,yudiwbs_id_sms_spam_v1,2,TRANSACTION,,a5ad46805d1a,,通知Flash 10MB/1天2500套餐激活成功及有效期，属于业务办理结果告知
id_yudi_00199,"Selamat tambahan Flash Anda sudah aktif, berlaku s.d. 2016-08-07 23:59:59.",id,yudiwbs_id_sms_spam_v1,2,TRANSACTION,,b458b9a68f8f,,通知附加Flash套餐已激活及有效期，属于业务办理结果告知
id_yudi_00200,"Selamat! Anda berhak membeli PAKET PAS untuk Nelpon, SMS, Internetan, Video, dan NSP. Pilih paketnya MULAI Rp500 di *100*999#, hanya berlaku HARI INI! Info: 188",id,yudiwbs_id_sms_spam_v1,2,AD,,2b5426ad2383,,推广PAS套餐起500盾含通话/SMS/视频/NSP，属于运营商限时促销
id_yudi_00201,Selamat! Anda sudah mengaktifkan INSTINK utk dpt info menarik dari Telkomsel. Info berhenti program:*600*600#. CS:133/188,id,yudiwbs_id_sms_spam_v1,2,TRANSACTION,,5c9ab1ac76cd,,通知用户已成功激活INSTINK会员信息订阅服务，属于业务办理结果告知
id_yudi_00202,Selamat!!anda telah mendapat gratis 200 sms dari SMSGIFT dari no. 6285258952502. Info CS : 133/188,id,yudiwbs_id_sms_spam_v1,2,FRAUD,,68238309ab92,,通知收到来自私人号码的200短信赠送，疑似虚假奖励，属于可疑营销
id_yudi_00203,"Selamat, Anda mendapatkan kuota Tsel sebesar 100SMS. Cek kuota melalui *889#. Info: www.telkomsel.com",id,yudiwbs_id_sms_spam_v1,2,TRANSACTION,,23301ac98349,,通知用户获得100SMS流量，属于业务赠送通知
id_yudi_00204,"Selamat, Anda telah membeli Paket Combo Kenyang  Internet As. Cek bonus di *889#.",id,yudiwbs_id_sms_spam_v1,2,TRANSACTION,,5a1562d89afd,,通知用户已购买Combo Kenyang套餐及查询方式，属于业务办理结果告知
id_yudi_00205,Sensasi seru main game yang belum pernah ada. Ayo bergabung dengan para heroes di Game HIT. Download Gratis di http://bit.ly/2c6jsXN,id,yudiwbs_id_sms_spam_v1,2,AD,,6c27378deaa4,,推广游戏HIT的下载，属于商业推广
id_yudi_00206,"Seru banget main 8 Ball Pool, pakai pulsa bisa banget loh Bro untuk beli koin games lainnya, cek caranya di http://tsel.me/jajanonline",id,yudiwbs_id_sms_spam_v1,2,AD,,6f87c355b789,,推广用话购买8 Ball Pool游戏币，属于运营商增值服务
id_yudi_00207,Smartfren Gratis Mi-Fi/modem 4G Tahun baru saatnya ganti gadget baru Bawa pulang Mi-Fi 4Gm-mu dg tunjukan sms ini ke Galeri SF & isi pulsa 100rb disana s/d 13Jan Info:888,id,yudiwbs_id_sms_spam_v1,2,AD,,cb9646c59006,,推广Smartfren免费4G MifI，充100rb即可带走，属于运营商促销
id_yudi_00208,"Special PROMO! BONUS KUOTA 500MB (1hr)! Cukup isi ulang mulai dari 5,000 hari ini! Ayo buruan isi pulsa sekarang juga. T580",id,yudiwbs_id_sms_spam_v1,2,AD,,96783b217c16,,推广充值满5000赠500MB流量，属于运营商促销
id_yudi_00209,"Spesial untuk Anda! Paket Flash Volume Ultima, kuota 1,8GB/30hr, kuota lebih banyak! Harga mulai Rp60rb di *100*473#. Tarif&lokasi cek di tsel.me/FL",id,yudiwbs_id_sms_spam_v1,2,AD,,ea6e9ab1d893,,推广Flash Ultima 1.8GB/30hr套餐从60rb起，属于运营商套餐推荐
id_yudi_00210,Spesial untuk Anda! Paket Internet Hemat Kuota berlimpah. Hanya Rp35 Ribu kuota 2.5 GB/30 hari. Aktifkan sekarang juga di *550*905#. Buruan..! SKB,id,yudiwbs_id_sms_spam_v1,2,AD,,49e67042c365,,推广2.5GB/30天套餐仅35rb，属于运营商促销
id_yudi_00211,"SPESIAL utk kamu pelanggan setia Indosat Ooredoo. Bonus 14 hari masa aktif, 10 menit telp dan 100 SMS, CUMA isi ulang s/d 16 Desember 2015. (bonus berlaku 1x)",id,yudiwbs_id_sms_spam_v1,2,AD,,de1603beed91,,推广充值赠14天会员+通话+短信福利，属于运营商促销
id_yudi_00212,"Sticker LINE yang lucu-lucu banyak banget loh, beli yuk dengan pulsamu, gampang banget, coba yuk",id,yudiwbs_id_sms_spam_v1,2,AD,,cfe5bd6740cd,,推广LINE表情贴纸购买，属于数字产品推荐
id_yudi_00213,"SUPER Wow! Gratis 12 GB buat kamu, ckup dgn isi pulsa minimun Rp 100 Ribu s.d 22 November. Hanya berlaku satu kali kesempatan & berlaku akumulasi loh! TL053C",id,yudiwbs_id_sms_spam_v1,2,AD,,1c35cdeadfb2,,推广充值满100rb赠12GB流量，属于运营商促销
id_yudi_00214,"Tambahan THR dr MatahariMall. Kode THR6 utk Diskon 6% Elektronik, kode THR15 utk Diskon 15% Lifestyle, kode THR25 utk Diskon 25% Fashion. http://mthr.ml/TSELTHR",id,yudiwbs_id_sms_spam_v1,2,AD,,dfaebe3aa5bf,,推广MatahariMall THR折扣码(6%/15%/25%)用于节礼，属于电商促销
id_yudi_00215,Terima Kasih telah menggunakan Paket Data dari Indosat. Info detail tekan *123#,id,yudiwbs_id_sms_spam_v1,2,TRANSACTION,,22ca659e87be,,感谢用户使用Indosat数据套餐并告知查询方式，属于业务服务通知
id_yudi_00216,"Terima kasih telah menjadi pelanggan setia Indosatooredoo. Download Video + BONUS GRATIS Nelpon 60 Menit, hubungi *900*8#",id,yudiwbs_id_sms_spam_v1,2,AD,,cba8cd8d82cc,,推广IndosatOoredoo下载视频获赠60分钟通话，属于运营商促销
id_yudi_00217,"Terima kasih telah menjadi Sahabat IndosatOoredoo, dapatkan Video & Game seru + Gratis telp di *323*2#",id,yudiwbs_id_sms_spam_v1,2,AD,,3e7b4c9d31e6,,推广IndosatOoredoo视频/游戏+免费通话，属于运营商促销
id_yudi_00218,"Terima kasih telah menjadi Sahabat IndosatOoredoo. Kenalan tanpa batas dan BONUS GRATIS NELPON 60 menit, hub *955*1# lalu YA/OK",id,yudiwbs_id_sms_spam_v1,2,AD,,3e7b4c9d31e6,,推广IndosatOoredoo免费通话60分钟，属于运营商促销
id_yudi_00219,Terima kasih telah menjadi Sahabat IndosatOoredoo. Mau tahu RAHASIA2 TERHEBOH ARTIS-ARTIS TOP + bonus gratis nelpon 60 menit?Tlp *700*1#,id,yudiwbs_id_sms_spam_v1,2,AD,,3e7b4c9d31e6,,推广IndosatOoredoo明星八卦+免费通话60分钟，属于运营商促销
id_yudi_00220,"Terima kasih telah menjadi Sahabat IndosatOoredoo. Download Video + BONUS GRATIS Nelpon 60 Menit, hubungi *900*8#",id,yudiwbs_id_sms_spam_v1,2,AD,,3e7b4c9d31e6,,推广IndosatOoredoo下载视频获赠60分钟通话，属于运营商促销
id_yudi_00221,"Terima kasih tlh melakukan isi ulang tgl. 20.02.2016. GRATIS NELPON 60Menit+VIDEO, tekan *900*9# lalu YES/OK",id,yudiwbs_id_sms_spam_v1,2,AD,,a1ab515fee7a,,推广充值后获60分钟通话+视频，属于运营商充值福利推广
id_yudi_00222,"Terkini, ungkapin apa yang ada dipikiranmu lewat sticker line, beli pake pulsa TSel https://store.line.me/ download di stickershop",id,yudiwbs_id_sms_spam_v1,2,AD,,614f40a4875a,,推广LINE话购买表情贴纸运营商，属于数字产品推荐
id_yudi_00223,Terus Isi saldo TCASHmu dan nikmati aneka promo di merchants partner TCASH! Cek promo terbaru TCASH di tsel.me/tappromo,id,yudiwbs_id_sms_spam_v1,2,AD,,18c8b3a81628,,推广TCASH充值享商户优惠，属于支付业务促销
id_yudi_00224,Thank you for your appreciation & trust in using Telkomsel service. For further feedback please advice & text sms to 1166 (FREE)(for int'l charged),id,yudiwbs_id_sms_spam_v1,2,TRANSACTION,,0e12cb8f0fd5,,感谢用户使用Telkomsel服务并邀请反馈，属于运营商客户服务通知
id_yudi_00225,Tingkatkan nilai isi ulang Anda selanjutnya minimal Rp10ribu untuk bisa mendapatkan Paket MURAH PAS di *100*999#. Info 188.,id,yudiwbs_id_sms_spam_v1,2,AD,,c7277df42d56,,推广PAS套餐需最低充值10rb办理，属于运营商促销
id_yudi_00226,Tri berBAGI bonus PULSA di bulan pernuh berkah! Isi pulsa min. 5rb dapet bonus pulsa 10rb utk nelp ke nmr Tri! Hanya hari ini saja! Ayo buruan isi pulsa! T496,id,yudiwbs_id_sms_spam_v1,2,AD,,b9b2a8ebd1d0,,推广Tri充值满5rb赠10rb话费，属于运营商促销
id_yudi_00227,"TrmKsh Anda Tlh Berhasil Mengisi Pulsa SMARTFREN 10.000.Mau Jualan PULSA/BAYAR LISTRIK,SPEEDY/TELKOM Hub:Agen BAROKAH/Mp Reload.Pasti untung?",id,yudiwbs_id_sms_spam_v1,2,TRANSACTION,,ab5880f45d25,,通知Smartfren成功充值10000盾，属于充值业务通知
id_yudi_00228,Udah top up coins di LINE utk beli sticker atau themes? Beli skrg jg pake pulsa utk tambah koleksi-mu! Cek caranya di http://tsel.me/jajanonline,id,yudiwbs_id_sms_spam_v1,2,AD,,af4847674d28,,推广LINE游戏币充值话购买，属于数字产品推荐
id_yudi_00229,"Use my invite code, nxmvf722ue, and get a free ride up to Rp75,000. Redeem it at https://www.uber.com/invite/nxmvf722ue",id,yudiwbs_id_sms_spam_v1,2,AD,,30f283162954,,推广Uber新用户邀请码享75000盾免单，属于商家拉新促销
id_yudi_00230,Wow! Diskon 50% utk pembelian paket Flash 6GB + BONUS 60Menit CUMA Rp60rb utk 30hr di *999*606# SEKARANG! Tunggu apalagi buruan! S&K berlaku,id,yudiwbs_id_sms_spam_v1,2,AD,,f0d177a7cc31,,推广Flash 6GB套餐享50%折扣仅60rb，属于运营商限时促销
id_yudi_00231,Wow! Promo diperpanjang sd 13 Agt. Khusus kamu! Tukar HP Smartfrenmu dengan Andromax E LTE Cuma 709rb dr 999rb. Ayo datangi Gallery Smartfren terdekat.,id,yudiwbs_id_sms_spam_v1,2,AD,,402544ffac0d,,推广Smartfren以旧换新购Andromax E LTE仅709rb，属于运营商促销
id_yudi_00232,"Yang lain penuh batasan,kami beri kebebasa n. DOUBLE KUOTA BONUS 10GB(4G), UNLIMITED Nelp&SMS, Musik streaming gak pakai Kuota!cuma dg FREEDOM COMBO. Daftar*123#",id,yudiwbs_id_sms_spam_v1,2,AD,,fb4153e1044c,,推广Freedom COMBO套餐含10GB流量+无限通话短信+音乐免流，属于运营商促销
id_yudi_00233,Yuk dengerin secara langsung update keseharian Seleb dr Blog Suaranya! Tlp *5094* GRATIS 3hr lalu Rp2500/mgg.CS:838. VAS280,id,yudiwbs_id_sms_spam_v1,2,AD,,77447c563395,,推广Bung Gita足球资讯订阅，属于增值服务推广
id_yudi_00234,"Yuk INTERNET-an NGEBUT utk akses FB, Twitter, & Chatting dgn beli Paket Flash 500MB/7hr (sesuai zona lokasi) mulai Rp25rb di *100*433# cek tarif di tsel.me/FL",id,yudiwbs_id_sms_spam_v1,2,AD,,6d4deddc6ebc,,推广Flash 500MB/7hr套餐从25rb起，属于运营商套餐推荐
id_yudi_00235,"Yuk temen belanja di google play, mudah banget loh, pakai pulsa juga bisa, http://tsel.me/jajanonline",id,yudiwbs_id_sms_spam_v1,2,AD,,889ef1e32609,,推广Google Play话购买应用，属于数字产品推荐
id_yudi_00236,"Yuk tetap gunakan Flash Volume Ultima utk update informasi Anda, kuota 60MB/7hr mulai Rp7rb di *100*431#. Tarif&lokasi cek di tsel.me/FL",id,yudiwbs_id_sms_spam_v1,2,AD,,48494ef535c3,,推广Flash Ultima 60MB/7hr从7rb套餐，属于运营商套餐推荐
id_yudi_00237,Mau nonton bioskop gratis bersama keluarga? Cigna berikan khusus untuk Anda. Tunggu telepon dari kami. Info Cigna Klik bit.ly/tentangCIGNA,id,yudiwbs_id_sms_spam_v1,2,AD,,7b2223bc4bd4,,推广Cigna保险赠免费家庭电影观影并约来电，属于保险促销
id_yudi_00238,Yuks internetan seru-seruan dg Flash Volume Ultima kuota 1.8GB/30hr mulai dari Rp60rb sesuai zona lokasi. Hub *363*145#. Info tarif & lokasi lihat di tsel.me/FL,id,yudiwbs_id_sms_spam_v1,2,AD,,1b3661746abb,,推广Flash Ultima 1.8GB/30hr从60rb套餐，属于运营商套餐推荐
id_yudi_00239,"Jika anda bermasalah dgn CC/KT@, stres dgn bunga, pelunasan disc s/d 75%. Hub: ATY 082134976289(wa)/087888869297. LEGAL",id,yudiwbs_id_sms_spam_v1,1,HARASS,,bad5a820ca6d,,提供债务协商服务(信用卡/KTA)并承诺减免75%，属于催收灰产帮扶贷款
id_yudi_00240,"Lelah byr min payment? Kami Solusinya, bantu secara LEGAL penutupan CC/KTA, dscn 50-75%. Hub.LoLyta 081316523061/087822962308 (WA). LEGAL",id,yudiwbs_id_sms_spam_v1,1,HARASS,,30bc225e3bea,,提供合法信用卡/KTA关闭服务并减免50-75%，属于催收灰产硬推销
id_yudi_00241,"Dana Tunai (KTA) bunga 0,99% hingga 300 jt. Syarat KTP & CC.
Bisa Dgn BPKB rate 0.99% 3 hari CAIR . hub AYU 081584650877 (WA).mhn maaf bila menggangu",id,yudiwbs_id_sms_spam_v1,1,HARASS,,9fbefcbe7bcb,,推广KTA现金贷0.99%利率至300jt，属于贷款硬推销
id_yudi_00242,"¡°ROXI CELL¡± Hanya dengan Rp.100rb Anda bisa jadi agen pulsa elektrik ke semua Operator GSM/CDMA,v5=4300,v10=8300,Utk daftar ketik MTRONIK kirim ke 087870870707",id,yudiwbs_id_sms_spam_v1,1,HARASS,,b2a3465b6473,,招募MKIOS全运营商电力话费代理，属于灰产微商招代理
id_yudi_00243,3 RAMADHAN Selamat Anda Pemenang Rp.100jt. PIN CODE 7Y7R8K9Z Info: www.hadiah-3ramadhan.blogspot.com,id,yudiwbs_id_sms_spam_v1,1,FRAUD,,448d84bb9cda,,声称是三RAMADHAN获奖100jt，要求查询PIN，属于虚假中奖诈骗
id_yudi_00244,Anda brminat cash&kredit mtor scond brg istmwa tipe&merk apa sj.dsini mnyediakn 50 unit dr thn 2004 keatas hub 087739124242/085743146233 MS DEDIKTP luar yk bs.,id,yudiwbs_id_sms_spam_v1,1,AD,,aaad7bb3acf0,,推广二手机动车(2004年起)50辆销售，属于商家硬推销
id_yudi_00245,ANDA MAU MENANG TOGEL 100% Tembus pasang shio 7 tunggal angka 07.31.19.43....ingat maharnya pulsa 100rb dikirim ke no 0823...xxx khusus putaran SGP SENIN,id,yudiwbs_id_sms_spam_v1,1,HARASS,,9744dc64a0e6,,推广TOGEL博彩100%中奖幸运号并收100rb活动费，属于赌博招揽
id_yudi_00246,Anda mempunyai 3 pesan suara dari 083139195872; untuk mendengarkan pesan suara anda silahkan tekan *886*10000*083139195872# tekan OK/YA. Bebas biaya. Terima kasih,id,yudiwbs_id_sms_spam_v1,1,FRAUD,,bc18809dda56,,通知有3条语音留言并诱导拨打收费号码(*886*10000*)，属于诱导拨打高费号码诈骗
id_yudi_00247,Anda pmain togel sring kalah.mau bagi hasil. MBAH JOKO bisah mbntu anda SIO/ANGKA dari RETUWAL Berminat. Hub : MBAH JOKO.di. 085217984299 Dijamin 100% tembus,id,yudiwbs_id_sms_spam_v1,1,HARASS,,07fd042ec5c4,,招揽TOGEL博彩并声称MBAH JOKO保证100%命中，属于赌博招揽
id_yudi_00248,"ANEKA SHOP Berbagi Promo Type Blackberry DAKOTA 2,4 jt, TOURCH 1,7 jt, ONIX.2 1,5 jt, GEMINI 800 rb, U/Pemesanan 085325557999 Pin BB-2A96DE82 www.aneka999.blogspot.com",id,yudiwbs_id_sms_spam_v1,1,AD,,2a12259416e7,,推广BlackBerry Dakota/Tourch/GEMINI手机，属于商家手机促销
id_yudi_00249,Anyonghaseyo! Ngaku KPOPers Sejati?? Ayo lengkapi koleksi Video Kpopmu di http://kpop.xl.co.id. Skrg Harga video lebih murah loh! Info*123*2200#,id,yudiwbs_id_sms_spam_v1,1,AD,,e630dc2b649c,,推广KPOP视频素材订阅服务，属于数字产品推荐
id_yudi_00250,"Artha Cell diskon Brg elektronik BB Dakota 3 juta BB Onyx3 2,8 jt Camera DLL HUB Sms ke : 085335875777 Pin BB 28BDDF4D www.arthajaya-cell.blogspot.com",id,yudiwbs_id_sms_spam_v1,1,AD,,66bf003df9d4,,推广BlackBerry Dakota/Onyx3/Camera等电子产品折扣，属于商家促销
id_yudi_00251,"Ass, mengenai rumah dan tanah yg kemarin, sy sdah survei, sy mrasa cocok, untuk nego harga hubungi atau sms suami saya, pak. haji. dermawan; 085796022225.",id,yudiwbs_id_sms_spam_v1,1,NEEDS_REVIEW,,f4a02d6e60e8,,私人对话涉及房产交易协商并引导联系家人，属于私人聊天
id_yudi_00252,"Ass, Sy Randy. Mengenai mobil yg sdh sy liat kondisi'y , kebetulan kami berminat. Mohon hub Bapa sy utk dibicarakan hrg netnya; Dr.H.DARMAWAN 0812xxxxxxx",id,yudiwbs_id_sms_spam_v1,1,NEEDS_REVIEW,,9f3ffc181cf0,,私人对话涉及二手车交易协商并引导联系家人，属于私人聊天
id_yudi_00253,"Ass,maaf sy WAHYU.mengenai Mobil bpk yg mau di jual sy sudah lihat dan cocok, Untuk nego hrg silahkan Hub saudara sy di 081219550857 dgn pak JUSMAN SAFEI (TP)",id,yudiwbs_id_sms_spam_v1,1,NEEDS_REVIEW,,ab9a987f0c16,,私人对话涉及二手车交易协商并引导联系家人，属于私人聊天
id_yudi_00254,Ass. Maaf sy by hj.suri yang kemarin survey rumah anda. Mengenai harga bisa hub suami saya H. SIGIT tlp 081316005639.terima kasih,id,yudiwbs_id_sms_spam_v1,1,NEEDS_REVIEW,,2e9e60803ecd,,私人对话涉及房产交易协商并引导联系家人，属于私人聊天
id_yudi_00255,"Ass.sy SUGIYONO yg tempo hari mngenai mobil TOYOTANYA,sy brminat,cocok,tlong hub sodara sy dlu,untuk negosiasi harganya. A/N;ABDULLAH HP;081389909777",id,yudiwbs_id_sms_spam_v1,1,NEEDS_REVIEW,,4f1fbfa4c7fc,,私人对话涉及二手车交易协商并引导联系家人，属于私人聊天
id_yudi_00256,"Assalamu alaikum,saya RESKI dr Costumer Servis TRI PLAZA SEMANGGI lt.1 JL.jend sudirman jkt pst sdh m-hubungi anda waktu pengundian di lakukan tapi no.anda tdk tersambung, jd kami krimkn lwt SMS sebelum jatuh tempo, bahwa no.anda menang undian dr TRI 2014 jenis hadiah 1unit mobil SUZUKI ERTIGA NEW,dengan PIN 2D45CS77, jadi silahkan cek terlebih dahulu di website; www.tricare.jimdo.com /hub; 021-40161777 / 08994179888",id,yudiwbs_id_sms_spam_v1,1,FRAUD,,b18c64bead86,,冒充TRI客服声称中SUZUKI ERTIGA并提供虚假网站链接，属于假冒运营商中奖诈骗
id_yudi_00257,"Assalamu alaiqum, nenek masuk rumah sakit tolong kirimkan dulu ulsa 50 ribu di nomor ini 0852 3173 7479, mau telpon nanti di rumah sakit saya ganti uangnya.",id,yudiwbs_id_sms_spam_v1,1,FRAUD,,0a401f36496a,,冒充亲戚声称在医院急需50000盾并要求汇款，属于冒充亲友紧急求助诈骗
id_yudi_00258,ayah isikan pulsa xl 50rb di no 0818643929 sekarang penting,id,yudiwbs_id_sms_spam_v1,1,FRAUD,,6c33d36b6cfd,,冒充亲戚要求充值XL话50000盾到指定号码，属于冒充亲友要钱诈骗
id_yudi_00259,"Bapak tukokno pulsa AS ndisek 20ribu iki nmrku anyar 085316079211 cepet saiki tak enteni,penteng bpk ada msalah dikantor polisi,jangan dulu sms/tlp",id,yudiwbs_id_sms_spam_v1,1,FRAUD,,69ac92db14bd,,冒充亲戚要求紧急充值AS话20000盾到指定号码，属于冒充亲友要钱诈骗
id_yudi_00260,"BELANJA ONLINE Promo Disc 50% BB Dakota 2,8jt BB Onyx3 2,2jt BB Z10 3,5jt DLL, Info/sms: 085775102735 PIN:BB.2A03F3F2 Atau Klik: www.jaya-olshop.blogspot.com",id,yudiwbs_id_sms_spam_v1,1,AD,,1832b3650b2d,,推广BlackBerry/Z10折扣50%在线商店，属于商家手机促销
id_yudi_00261,BELANJA ONLINE TOKO RESKY DISCON 50% BB LAPTOP SAMSUNG IPAD NOKIA DLL U/pemesanan/order ?call/sms 085322222699 kunjungi web kami di www.reskiy-shop.blogspot.com,id,yudiwbs_id_sms_spam_v1,1,AD,,ce1aba868801,,推广BlackBerry/笔记本/iPad等折扣50%在线商店，属于商家电子品促销
id_yudi_00262,Belikan dulu mama pulsa simpati 20 ribu ini nomor barunya mama 081223052854. kalau bisa kirim sekarang secepatnya penting. Ini hpnya orang mama pinjam,id,yudiwbs_id_sms_spam_v1,1,FRAUD,,dd3cba1dcdc1,,冒充亲属要求给SIMpati话20000盾，属于冒充亲友要钱诈骗
id_yudi_00263,"Bella bingung bang mau nulis apa, daripada aq nulis panjang2 tapi serba salah, mending langsung ngobrol di tlpn aja deh bang ini no telp aq 0809-100-xxxx :)",id,yudiwbs_id_sms_spam_v1,1,NEEDS_REVIEW,,99b4d307327a,,私人年轻人聊天约见面留电话，属于私人日常通信
id_yudi_00264,"berkah 1000 poin"" Nomor Anda mndpt Hadiah ke-I Pin d377hi8, silahkan verifikasi Pin Pemenang di situs resmi www.berkah1000poin.wix.com/prize",id,yudiwbs_id_sms_spam_v1,1,FRAUD,,05a1540127a7,,声称中poionPlus 1000PIN并要求在虚假官网验证，属于虚假中奖诈骗
id_yudi_00265,"Berkat isi ulang pulsa No anda T,pilih sbg pemenang Cek tunai Rp.75jt dri PT.M-KIOS PIN:(5N939F7) U/INFO KLIK www.pt-mkios15.blogspot.com",id,yudiwbs_id_sms_spam_v1,1,FRAUD,,1c5922aa7c0a,,声称中75jt现金奖并要求访问虚假M-KIOS官网验证，属于虚假中奖诈骗
id_yudi_00266,Berkat isi ulang pulsa No Anda Terpilih sbg Pemenang kejutan tri Men-dpt cek TUNAI 100jt dr PLANET-3CARE PIN:b8337h9 cek hadiah anda di www.planet-3care2015.blogspot.com,id,yudiwbs_id_sms_spam_v1,1,FRAUD,,4e30ea9dbf8e,,声称中100jt现金奖并要求访问虚假3CARE官网验证，属于虚假中奖诈骗
id_yudi_00267,"BIG SALE !!! DISCOUND 40% Z10-4,4jt IPHONE 5 32GB-3,7jt S.NOTE 2-3,8jt CAMERA, LAPTOP dll PIN BB 28AB8391 Call/sms: 0897-9844-777 Kunjungi www.indracell.com",id,yudiwbs_id_sms_spam_v1,1,AD,,aaa7b46637ec,,推广BlackBerry/Z10/iPhone5/Samsung note2折扣销售，属于商家电子品促销
id_yudi_00268,"BIG SALE 50% SINAR Blackberry -Z10 Rp.3,8jt -Dakota Rp 2,8jt -Tourch Rp 2jt -Davis Rp950 rb Infohub/sms: -089664054777 -297CCFA7 www.snr-bb.blogspot.com",id,yudiwbs_id_sms_spam_v1,1,AD,,941b8dcdc08d,,推广BlackBerry Z10/Dakota/Tourch/Davis折扣销售，属于商家手机促销
id_yudi_00269,"Blackberry City Jual Blackberry Discond 40% Dakota 2,5jt Torch2 2,2jt Onyx3 2,1jt Davis 1,3jt Gemini 3G 1,1jt U/info Hub: Ibu.Anita 081315277257 PIN BB:29762D76",id,yudiwbs_id_sms_spam_v1,1,AD,,27207fca955a,,推广BlackBerry Dakota/Torch2/Onyx3/Davis折扣40%，属于商家手机促销
id_yudi_00270,"BLACKBERRY ONLINE BIG SAL 50% BB Z10 Rp. 4 jt DAKOTA Rp.2,8 jt Samsung note II Rp. 3 jt Iphone 5 16GB Rp. 3jt Laptop,camera&DLL Minat, Invite to BBM PIN : 25A4FF8C",id,yudiwbs_id_sms_spam_v1,1,AD,,2df2e65402f0,,推广BlackBerry Z10/Dakota/Samsung note2/iPhone5折扣50%，属于商家手机促销
id_yudi_00271,Bpk/Ibu Mengenai Rekening Anda Terpilih Sebagai Pemenang  Cek 35jt Dri BNI U/Info klik www.promobni46.tk Kode Cek 03299757 Hub.085288991559,id,yudiwbs_id_sms_spam_v1,1,FRAUD,,f7723860d256,,声称BNI客户获35jt中查奖并提供虚假网站链接，属于假冒银行中奖诈骗
id_yudi_00272,"Bpk/Ibu Yth, Pemilik No.08994150xxx PIN Undian:4881247 Resmi m-dptkan Rp.15jt Cs: 02199545139 atau Klik: 3care2016.com",id,yudiwbs_id_sms_spam_v1,1,FRAUD,,f28809a5c7e4,,声称获15jt中查奖并提供虚假3care2016.com链接，属于虚假中奖诈骗
id_yudi_00273,"BPR SYARIAH di Yogya siap melayani pembiayaan usaha anda.syarat:copy KTP,KK,Buku Nikah, cukup dg jaminan bpkb.sertipikat,proses survey cepat hub: 082133271400",id,yudiwbs_id_sms_spam_v1,1,HARASS,,89a0f018fc44,,推广BPR Syariah企业融资贷款(房贷/保证书)，属于贷款硬推销
id_yudi_00274,"Butuh Dana Tunai Cepat 25-250 Juta Dgn Bunga Rendah 1,35% Flat/Bln Proses Dijamin 3 Hari Syarat Mudah Info Ibu YANI : 081218986001",id,yudiwbs_id_sms_spam_v1,1,HARASS,,b5f3a01a1abd,,推广25-250jt低息1.35%现金贷三天放款，属于贷款硬推销
id_yudi_00275,CAHAYA TRAVEL TIKET Murah & promo untuk penerbangan Domestic & Internasional ONLINE BOOKING 24 jam hub 081310537888 kelik www.cahayatourtravel.com,id,yudiwbs_id_sms_spam_v1,1,AD,,7a9b6bac6ccd,,推广CAHAYA TRAVEL国内外机票预订和在线服务，属于商家服务促销
id_yudi_00276,"Casino online terbesar, www.jayabet4.com , daftarkan diri+ Raih bonus referral+ bonus cashback sportsbook 0.25% setiap minggu. Mainkan di Smartphone dan PC anda",id,yudiwbs_id_sms_spam_v1,1,HARASS,,046178e828d6,,推广jayabet4在线赌场及返利/推介奖励，属于赌博招揽
id_yudi_00277,Dapatkan E-TICKET Promo untuk penerbangan DOMESTIK & INTERNASIONAL melalui Via Online mudah & aman. Hub ; 085285485509 klick. www.mhegatravel.com,id,yudiwbs_id_sms_spam_v1,1,AD,,2b19c673da99,,推广MHEGA TRAVEL国内外电子机票服务，属于商家服务促销
id_yudi_00278,Dapatkan e-Tiket Murah & Promo Untuk Penerbangan Domestic & International BOOKING ONLINE Info Hub: 085216181177 www.surya-travel.jimdo.com,id,yudiwbs_id_sms_spam_v1,1,AD,,1f65b6ab2c78,,推广SURYA TRAVEL国内外电子机票服务，属于商家服务促销
id_yudi_00279,"Dapatkan Segera TIKET Murah & Promo DiTRAVEL Kmi,Untuk Penerbangan Domestik & Internasional ONLINE BOOKING 24 Jam Anda Berminat Hub:085318303276",id,yudiwbs_id_sms_spam_v1,1,AD,,6810ad2b8a43,,推广国内外机票在线预订服务，属于商家服务促销
id_yudi_00280,dapatkan total hadiah ratusan juta rupiah di Kota 1000 Berkah. Caranya? Klik www.murahituim3.com/kota1000berkah Program s.d 9 Agustus 2013,id,yudiwbs_id_sms_spam_v1,1,NEEDS_REVIEW,,24b20001d87f,,推广Kota 1000 Berkah百千万中奖活动含不明链接，疑似营销/活动推广
id_yudi_00281,Daptkn e-TIKET pesawat PROMO melayani Domestik and internasional booking ONLINE cepat & aman hub: 085217845777/082310204777 Link www.citiling-travel.com,id,yudiwbs_id_sms_spam_v1,1,AD,,271ca901bd1f,,推广CITILING TRAVEL国内外电子机票在线预订，属于商家服务促销
id_yudi_00282,"De inih bapa pake no temen, tolong kirimin pulsa ke no inih soalnya penring banget, nanti di rumah digantiin",id,yudiwbs_id_sms_spam_v1,1,FRAUD,,785ede672383,,冒充亲戚要求充值话20000盾到指定号码，属于冒充亲友要钱诈骗
id_yudi_00283,"Di sini saja uangnya ditransfer ke rek Bank xxx (4413-0100-0226-XXX) A/N xxx, kalau sudah SMS di no ini 085215113xxx",id,yudiwbs_id_sms_spam_v1,1,FRAUD,,77f031d6b787,,要求转账给指定个人银行账户并通知到账，属于诱导转账诈骗
id_yudi_00284,"Di transfer saja Uang'nya ke rekening BNI ini, a/n. ISMAWATI. Rek: 0248147033. SMS saja klo sdh kirim.",id,yudiwbs_id_sms_spam_v1,1,FRAUD,,5bec506a669f,,要求转账给指定ISMAWATI银行账户并通知到账，属于诱导转账诈骗
id_yudi_00285,"Dijual ticket SUPER JUNIOR TGL 28/29 APRIL dan LADY GAGA TGL 03 JUNI harga Gold=2,25jt tribun3=1,25jt info hub;0853-9937-1888 lady-ticket.webs.com",id,yudiwbs_id_sms_spam_v1,1,AD,,516fcc867432,,推广SUPER JUNIOR和LADY GAGA演唱会门票预订，属于商家票务促销
id_yudi_00286,Dptkan e-tiket Promo Untuk Penerbangan Domestic & Internasional Booking ONLINE 24 jam Info Hub : 081316899123,id,yudiwbs_id_sms_spam_v1,1,AD,,5343dd5ab14d,,推广国内外机票在线预订服务，属于商家服务促销
id_yudi_00287,"Gebyar poin plus-plus INDOSAT Edisi 2013 priode ke'9, No PIN undian anda (d377hi8) Resmi meraih hadiah, utk info; www.gebyarINDOSATpoinplus.weebly.com",id,yudiwbs_id_sms_spam_v1,1,FRAUD,,d7181f89b865,,声称中INDOSAT poionPlus 2013并要求在虚假官网验证，属于虚假中奖诈骗
id_yudi_00288,GEBYAR telkomselpoin 2013 no anda trpilih pemenang ke-4 pin 277fg49 silahkan verifikasi pin anda disitus resmi www.t-selpoinhadiah.jimdo.com,id,yudiwbs_id_sms_spam_v1,1,FRAUD,,e17c6f7c1918,,声称中TELKOMSEL poin并要求在虚假官网验证，属于虚假中奖诈骗
id_yudi_00289,"Gratis 120 menit Nelpon ke Sesama Indosat, 120 SMS ke Sesama Indosat&12 MB Internet slma 12 JAM tiap Isi Ulang 12 Rb.IsiUlang pulsamu 12Rb &Nikmati GRATISANnya",id,yudiwbs_id_sms_spam_v1,1,AD,,9f2f5f967278,,推广充值12Rb免费通话120分/短信120/流量12MB/12小时，属于运营商充值福利推广
id_yudi_00290,GRATIS 50 SMS ke sesame indosat selama 2 hari. Hanya dengna mengirimkan 50 SMS selama 10-16 Juni 2013. Bonus 1x diberikan maks 2x24jam. Info 100. US6,id,yudiwbs_id_sms_spam_v1,1,AD,,c86149867383,,推广发50条短信赠50条免费短信活动，属于运营商促销
id_yudi_00291,GRATIS internetan 5MB berlaku utk 7 hari hanya dg isi ulang AXISmu hari ini Rp5.000. Ayo isi ulang sekarang juga & nikmati bonusnya. Info838,id,yudiwbs_id_sms_spam_v1,1,AD,,4407bae6448c,,推广充值AXIS满5000赠5MB上网流量7天，属于运营商促销活动
id_yudi_00292,"GRATIS Internetan hg 1000 MB, Nelpon 1000 Menit & 1000 SMS ke Sesama Indosat dg IsiUlang mulai 10Rb.Utk daftar ketik GRATIS kirim ke 123 (GRATIS) lalu isi Ulang",id,yudiwbs_id_sms_spam_v1,1,AD,,7465d097a772,,推广充值满10Rb享1000MB+1000分钟+1000短信，属于运营商促销
id_yudi_00293,"GRATIS PULSA hingga 250rb selama 7Hari 7Malam CUMA dg isi ulang mulai 10rb. Daftar SEGERA, ketik: GRATIS krm ke123(Reg ckp 1kali)Info: ketik INFO krm ke 123",id,yudiwbs_id_sms_spam_v1,1,AD,,a4ef357c5729,,推广充值满10Rb赠250rb话7天7夜，属于运营商充值福利推广
id_yudi_00294,"GT-SHOP Disc.41% BB Z10 3jt BB Torch 2jt BB Davis 1jt Minat? Galaxy S4 3,5jt Cp.08994352577 Pin.25A1785B Gili-SMS versi Demo. Http://www/yusiwa.com",id,yudiwbs_id_sms_spam_v1,1,AD,,1284f7c1aae1,,推广BlackBerry Z10/Torch/Davis和Galaxy S4折扣，属于商家电子品促销
id_yudi_00295,Guntur ingin berhubungan di Facebook:http://fb.com/l.1lnzH4p0lCM7ruG Balas ¡°stop¡± unruk berhenti menerima sms Facebook.,id,yudiwbs_id_sms_spam_v1,1,NEEDS_REVIEW,,4ab53b6f8242,,Facebook自动通知好友添加私信链接，属于社交网站系统通知(非域)
id_yudi_00296,Hi Trims kmu udh gabung layanan Bung Gita Bicara Bola!Dpt info menarik n Prediksi Akurat dr Bung Gita! 3info/mg 2rb/sms.Stop: unreg Gita ke 3450.CS:0215649770,id,yudiwbs_id_sms_spam_v1,1,AD,,c10265dc7449,,推广BUNG GITA足球资讯订阅服务，属于数字内容定制推广
id_yudi_00297,"HQUARTERS Business Residence Lokasi Emas-ASIA AFRIKA Bdg Hrg Prelaunch,PROFIT 140%,ROI 10%/thn Bs LIBUR Byr 2Th TSM 21Des-3Jan www.hquarters.co.id 085794074188",id,yudiwbs_id_sms_spam_v1,1,AD,,ddea88273f4c,,推广HQUARTERS商业地产投资(PROFIT 140%/ROI 10%)，属于房产投资硬推销
id_yudi_00298,"INDOMARCOCELL Menawarkan jdi agenPULSA MKIOS 1CHIP ke semua Oprator harga; V.5=4000, V.10=8000, V.20=16000, Cara gabung ketik:DAFTAR kirim ke 08977628977 #Melukiskan rasa ku tentang kita..",id,yudiwbs_id_sms_spam_v1,1,HARASS,,f6f3792807dc,,推广INDOMARCOCELL MKIOS全运营商话费代理招募，属于微商灰产招代理
id_yudi_00299,INDOSATpoin Plus-plus 2013 SELAMAT SimCard +6281571xxxx Resmi Terpilih M-dpt HADIAH Pin-b89c7h9-di Sahkan Oleh PT.INDOSAT info klik www.infoindosatpoin.webs.com,id,yudiwbs_id_sms_spam_v1,1,FRAUD,,c2d30c05eea0,,声称中INDOSAT poionPlus plus 2013 PIN pemenang并提供虚假验证网站，属于虚假中奖诈骗
id_yudi_00300,"INDOVISON PROMO: hanya 299 rbu, nikmati 2 bln berlangganan, GRATIS biaya pasang+bonus cinema 3 (3bln). hub : 087738718255, 08555796717 PIN BB 32F1C805",id,yudiwbs_id_sms_spam_v1,1,AD,,15d504d9e767,,åå®¶ä¿éIndovisionè®¢éæå¡ï¼æç¡®ä»·æ ¼åæå¡åå®¹
id_yudi_00301,"INFO PT.M-KIOS hsil pengundian berkat isi pulsa, Selamat No.HP 0852952xxxxx m-dpt Hadiah PIN Pemenang anda 94ad653 Info klik www.berkat-isiulang-pulsa.webs.com",id,yudiwbs_id_sms_spam_v1,1,FRAUD,,d025c878538b,,åä¸­å¥è¯éªï¼ååM-KIOSå£°ç§°åå¼æ½å¥ä¸­å¥ï¼è¦æ±ç¹å»é¾æ¥
id_yudi_00302,INFO RESMI !! Selamat Anda Terpilih sbgi Pemenang' semarak Undian PT.INDOFOOD INDONESIA No pin: d377hi8 Info Pin&hadiah Klik:www.semarak-undianpopmie.webs.com,id,yudiwbs_id_sms_spam_v1,1,FRAUD,,7eb0fd9f83da,,åä¸­å¥è¯éªï¼ååIndofoodå£°ç§°éä¸­ä¸ºä¸­å¥èï¼è¦æ±ç¹å»é¾æ¥
id_yudi_00303,INFO RESMI kepada bpk/ibu yang terhormat SELAMAT No ANDA Pemenang ke 2dari pesta isi ulang 3care No PIN:25e477r di undi tadi malam pkl 22:30 di SCTV U/info hadiah anda klik Www.3care16.blogspot.com,id,yudiwbs_id_sms_spam_v1,1,FRAUD,,9386252e62a1,,åä¸­å¥è¯éªï¼åå3careå£°ç§°åå¼æ´¾å¯¹ä¸­å¥ï¼è¦æ±ç¹å»é¾æ¥
id_yudi_00304,INFO RESMI kepada/bpk/ibu yang terhormat SELAMAT No ANDA Pemenang ke 2dari pesta isi ulang 3care. No PIN:25e477r di undi tadi malam pkl 22:30 di SCTV U/info hadiah anda klik Www.tricare16.blogspot.com,id,yudiwbs_id_sms_spam_v1,1,FRAUD,,0b9d0d47c946,,åä¸­å¥è¯éªï¼åå3careå£°ç§°åå¼æ´¾å¯¹ä¸­å¥ï¼è¦æ±ç¹å»é¾æ¥
id_yudi_00305,"INFO RESMI PT.INDOFOOD No.Anda t'dftr pemenang UNDIAN POP MIE edisi 2013 Mndptkn 1unit ""NISSAN JUKE"" PIN;a1c5h79 info,kunjungi;www.popmieget.webs.com",id,yudiwbs_id_sms_spam_v1,1,FRAUD,,56418273687e,,åä¸­å¥è¯éªï¼ååIndofood Pop Mieæ½å¥ä¸­å¥ï¼è¦æ±ç¹å»é¾æ¥
id_yudi_00306,INFO RESMI PT.INDOFOOD slmt No.anda T.dftar pmnang ke2.POP MIE 2013 Meraih HADIAH 1 Unit 'NISSAN JUKE' dgn pin;12xb9v2 U/info kunjungi www.popmie200.webs.com,id,yudiwbs_id_sms_spam_v1,1,FRAUD,,5bc2a17f5204,,åä¸­å¥è¯éªï¼ååIndofood Pop Mieæ½å¥ä¸­å¥å¾æ±½è½¦ï¼è¦æ±ç¹å»é¾æ¥
id_yudi_00307,INFO RESMI PT.TRI CARE PIN Pemenang ( 8jf2177 ) anda m-dptkan HADIAH I unit TOYOTA YARIS U/Info cek pin klik: www.tricare2015.blogspot.com,id,yudiwbs_id_sms_spam_v1,1,FRAUD,,9522e7176e26,,åä¸­å¥è¯éªï¼ååTri Careå£°ç§°ä¸­å¥å¾ä¸°ç°æ±½è½¦ï¼è¦æ±ç¹å»é¾æ¥
id_yudi_00308,Info resmi pt.tri care pin pemenang (8jf2177)  Simcard anda resmi mendapatkan hadiah 1 unit toyota yaris dari no 08968594¡Á¡Á¡Á¡Á,id,yudiwbs_id_sms_spam_v1,1,FRAUD,,647bcc43dafa,,åä¸­å¥è¯éªï¼ååTri Careå£°ç§°ä¸­å¥å¾ä¸°ç°æ±½è½¦
id_yudi_00309,INFO RESMI PT.TRI.3 SimCard anda Resmi M-dptkan Hadiah MOBIL MAZDA-2 KODE PIN: E2747MLB Info Hub: 08996913677 KLIK: www.inforesmi3care.com,id,yudiwbs_id_sms_spam_v1,1,FRAUD,,90ae3f02b86a,,åä¸­å¥è¯éªï¼ååTriå£°ç§°ä¸­å¥å¾é©¬èªè¾¾æ±½è½¦ï¼è¦æ±ç¹å»é¾æ¥
id_yudi_00310,INFO RESMI SELAMAT!!! NO simCARD Anda Men_dptkn Uang Tunai Rp 45jt. Dr PT.INDOSAT PIN(TBL48VG) info Hub: 085694961118 A/u klik www.indosat-info2013.jimdo.com,id,yudiwbs_id_sms_spam_v1,1,FRAUD,,7c649514e869,,åä¸­å¥è¯éªï¼ååIndosatå£°ç§°ä¸­å¥4500ä¸ç°éï¼è¦æ±ç¹å»é¾æ¥
id_yudi_00311,INFO RESMI Tri Care SELAMAT Nomor Anda terpilih mendapatkan Hadiah 1 Unit MOBIL Dri Tri Care Dengan PIN Pemenang: br25h99 info: www.gebeyar-3care.tk,id,yudiwbs_id_sms_spam_v1,1,FRAUD,,1dc217bb8e89,,åä¸­å¥è¯éªï¼ååTri Careå£°ç§°ä¸­å¥å¾æ±½è½¦ï¼è¦æ±ç¹å»é¾æ¥
id_yudi_00312,"INFO RESMI: PT.INDOFOOD Selamat Anda M-DPT MOBIL NISSAN JUKE, Kejutan Pop Mie. PIN:2F5C4D7 HUBUNGI:085715023547 DRS.H.NALDISUPARMAN www.gebyarpopmie40.webs.com",id,yudiwbs_id_sms_spam_v1,1,FRAUD,,3e023285bb5e,,åä¸­å¥è¯éªï¼ååIndofood Pop Mieä¸­å¥å¾æ±½è½¦ï¼è¦æ±ç¹å»é¾æ¥
id_yudi_00313,"INFO. DANA TUNAI TANPA JAMINAN 20 - 250 JUTA, BUNGA 1,50%, SYARAT PEMILIK KARTU KREDIT PROSES 3 HARI KERJA CALL. FIRLI 021 93417219",id,yudiwbs_id_sms_spam_v1,1,HARASS,,6d2954d80a12,,æ æµæ¼ç°éè´·æ¬¾æ¨éï¼ç°äº§è´·æ¬¾ææ½
id_yudi_00314,"INFO. pinjaman tanpa agunan 10 - 150 jt, Standart Chartered Bank syarat copy KTP, copy kartu kredit, RESMI, MINAT hub : akbar > 021 98391114 / 085714664427 , trimksh.",id,yudiwbs_id_sms_spam_v1,1,FRAUD,,ef77a75e1100,,ååæ¸£æé¶è¡æ æµæ¼è´·æ¬¾ï¼åé¶è¡è´·æ¬¾è¯éª
id_yudi_00315,"INFO:jk anda mau jual Rmh,tanah,mobil,produk/jasa dll PROMOSIKAN sj dg SMS MASSAL biasa hny Rp. 50.000untuk sebar ke10.000 no HP(2jam) hub: 0877399155579 jogja",id,yudiwbs_id_sms_spam_v1,1,AD,,f17d4cdb946c,,æ¨éç­ä¿¡ç¾¤åå¹¿åæå¡ï¼æç¡®åä¸æå¡
id_yudi_00316,"Ingin Tahu Angka Jitu! Yg Keluar Putaran Pada Hari ini 20/01/2013 Hubungi : 082-335555-454. mbah TOGEL semarang ""Jamin 100% Tembus"" Raja SHIO (Buka 24 Jam)",id,yudiwbs_id_sms_spam_v1,1,HARASS,,6cea48c622be,,æä¾èµåç¹ç é¢æµæå¡ï¼èµåææ½
id_yudi_00317,"Ini bpk pnjam hp orng, tlng bliin bpk pls 50rb, krm ke nomr brunya bpk=081215008228, bpk lagi ada msalh di kantor polisi, jgn tlp/sms nnti bpk yg tlp, penting",id,yudiwbs_id_sms_spam_v1,1,FRAUD,,c2a531f29f67,,ååäº²å±è¯éªï¼å£°ç§°ç¶äº²å¨è­¦å±è¦æ±åå¼è¯è´¹
id_yudi_00318,"Ini bpk tolong belikan dulu pulsa 20ribu di no barunya bpk karna lagi ada masalah di kantor polisi dan jangan dulu tlp/sms nanti bpk yg tlp, penting.",id,yudiwbs_id_sms_spam_v1,1,FRAUD,,72aa2bdc29ce,,ååäº²å±è¯éªï¼å£°ç§°ç¶äº²å¨è­¦å±è¦æ±åå¼è¯è´¹
id_yudi_00319,Ini no rekeningnya BRI.A/n.A.SRI NARTI NO.rek.2219-01-001948-50-7.,id,yudiwbs_id_sms_spam_v1,1,FRAUD,,cfbad7d60eb2,,æä¾é¶è¡è´¦æ·è¦æ±è½¬è´¦ï¼è¯éªæ¶æ¬¾è´¦æ·
id_yudi_00320,"ini nomor baru papa, tolong kirimin pulsa 50.000 ke nomor baru papa 085687329010. Papa lagi di kantor polisi, ada masalah. Jangan telepon Papa.",id,yudiwbs_id_sms_spam_v1,1,FRAUD,,21c8c659ffcc,,ååäº²å±è¯éªï¼å£°ç§°ç¶äº²å¨è­¦å±è¦æ±åå¼è¯è´¹å°æ°å·ç 
id_yudi_00321,Ini nomor rekeningnya: 5829-01-012786-534. BRI a/n Andika Septiana.,id,yudiwbs_id_sms_spam_v1,1,FRAUD,,cbc10ddc3cea,,æä¾é¶è¡è´¦æ·è¦æ±è½¬è´¦ï¼è¯éªæ¶æ¬¾è´¦æ·
id_yudi_00322,ini rekeningnya bank bri.no/rek.018801.006474.53.2.a/n:IR MAYANI,id,yudiwbs_id_sms_spam_v1,1,FRAUD,,812f137e7c44,,æä¾é¶è¡è´¦æ·è¦æ±è½¬è´¦ï¼è¯éªæ¶æ¬¾è´¦æ·
id_yudi_00323,Ini Rekeningnya BANK MANDIRI. NO.Rek:150-00-1002402-2.A/n: MURTIANI,id,yudiwbs_id_sms_spam_v1,1,FRAUD,,7e579937ce5f,,æä¾é¶è¡è´¦æ·è¦æ±è½¬è´¦ï¼è¯éªæ¶æ¬¾è´¦æ·
id_yudi_00324,Ini Rekeningnya BRI. Rek: 0881-1010-3433-4506 A/n.RASTO MURDOYO.,id,yudiwbs_id_sms_spam_v1,1,FRAUD,,ad1776bc8828,,æä¾é¶è¡è´¦æ·è¦æ±è½¬è´¦ï¼è¯éªæ¶æ¬¾è´¦æ·
id_yudi_00325,Ini rekeningnya mandiri : 900-00-1037951-0 a.n reza prasetya,id,yudiwbs_id_sms_spam_v1,1,FRAUD,,febd7f117418,,æä¾é¶è¡è´¦æ·è¦æ±è½¬è´¦ï¼è¯éªæ¶æ¬¾è´¦æ·
id_yudi_00326,Ini Rekeningnya. bank MANDIRI. a/n: ALI SYAMSUDIN. rek: 136-001-198-6939,id,yudiwbs_id_sms_spam_v1,1,FRAUD,,d7402a4ca0cf,,æä¾é¶è¡è´¦æ·è¦æ±è½¬è´¦ï¼è¯éªæ¶æ¬¾è´¦æ·
id_yudi_00327,"Ini, Rekeningnya. Bank BNI No.rek.0277285682 A/n.WAHYUDI ALAMSYAH sms klo sudah dikirim",id,yudiwbs_id_sms_spam_v1,1,FRAUD,,8258f3d91a2a,,æä¾é¶è¡è´¦æ·è¦æ±è½¬è´¦ï¼è¯éªæ¶æ¬¾è´¦æ·
id_yudi_00328,"ISI PULSA lebih untung di MYVPLUS! selain dpt PULSA kamu bisa lsg dpt voucher diskon, dpt hadiah dan juga dpt point. Yuk klik : http://bit.ly/Myvplus",id,yudiwbs_id_sms_spam_v1,1,AD,,3dfc64168c65,,åå®¶ä¿éMYVPLUSåå¼ä¼æ æ´»å¨
id_yudi_00329,Isi ulang Pulsa Rp.5000 regular oleh HD COM 4 SUKSES pada 09/02 12:34.Ref:763179369.GRATIS PULSA sd 250rb hg 7Hr 7Mlm.Ktk:GRATIS krm ke 123,id,yudiwbs_id_sms_spam_v1,1,TRANSACTION,,f3c42c8b4b44,,åå¼æåéç¥ï¼åç¥ç¨æ·å·²åå¼5000
id_yudi_00330,Isi ulang Pulsa Rp.5000 Regular oleh PUTERA SUKSES pada 11/02 19:57.Ref:78330280.GRATIS PULSA sd 250rb hg 7Hr 7Mlm.Ktk:GRATIS krm ke 123,id,yudiwbs_id_sms_spam_v1,1,TRANSACTION,,941b7cc54fc2,,åå¼æåéç¥ï¼åç¥ç¨æ·å·²åå¼5000
id_yudi_00331,Jika anda butuh ANGKA jitu GAIB 2D_3D_4D_SGP Yang dijamin 99% tembus. Silahkan SMS 085337807887 MASTERTOGEL,id,yudiwbs_id_sms_spam_v1,1,HARASS,,74fcfc850104,,æä¾èµåç¹ç é¢æµæå¡ï¼èµåææ½
id_yudi_00332,"Kak, kirimkan dulu pulsa25rb di no baruku ini 085377771822",id,yudiwbs_id_sms_spam_v1,1,FRAUD,,005e34fa94c3,,ååäº²å±è¯éªï¼è¦æ±åå¼è¯è´¹å°æ°å·ç 
id_yudi_00333,"Kami dr Ktr INDOSAT sdh hub nmr anda tp tdk trsambung,jd kami krm SMS bhw no anda mendpt mobil JAGUAR PIN;d377hi8 info www.kejutanindosat-plusplus.weebly.com",id,yudiwbs_id_sms_spam_v1,1,FRAUD,,ded6cdda8a45,,åä¸­å¥è¯éªï¼ååIndosatå£°ç§°ä¸­å¥æ·è±¹æ±½è½¦ï¼è¦æ±ç¹å»é¾æ¥
id_yudi_00334,Kami sdh mnghubungi tdk trsambung SIM CARD anda mendapatkan hadiah ketiga dri PT.AXIS pin [02399877] Klik  www.hadiah-ptaxis.blogspot.co.id,id,yudiwbs_id_sms_spam_v1,1,FRAUD,,bdaf6e78dfa4,,åä¸­å¥è¯éªï¼ååAxiså£°ç§°ä¸­å¥ï¼è¦æ±ç¹å»é¾æ¥
id_yudi_00335,"Kejutan POIN, hadian Rp 15 jt resmi diberikan untuk pemilik nomor 0812330xxxx. PIN-x7af2547. Untuk Info Kantor Pusat TELKOMSEL 021-23867047, 021-23867048.",id,yudiwbs_id_sms_spam_v1,1,FRAUD,,cf83dd004b64,,åä¸­å¥è¯éªï¼å£°ç§°Telkomselç§¯åä¸­å¥1500ä¸ï¼è¦æ±ç¹å»é¾æ¥
id_yudi_00336,"Kemudahan dan Keamanan bisnis TOGEL kini Berbentuk online, Bergabung dan raih keberuntungan anda di www.brotogel6.com Satu-satunya situs togel online terpercaya",id,yudiwbs_id_sms_spam_v1,1,HARASS,,d7778e470472,,æ¨å¹¿å¨çº¿èµåç½ç«ï¼èµåææ½
id_yudi_00337,Kepada yth bpk/ibu pelanggan tri saya sumargani dr OPERATOR tri plaza semanggi lt1 jl jend sudirman kav50 jkt pst kirim sms krn nmr anda sulit saya hubungi dengan hal sebagai berikut nmr anda mendapat HADIAH dr promo undian 2013 HADIAH KE4 SUZUKI ERTIGA PIN ANDA:7t899b3 info.www.promotri2013.jimdo.com,id,yudiwbs_id_sms_spam_v1,1,FRAUD,,dad5c89c4f7a,,åä¸­å¥è¯éªï¼ååTriè¿è¥åå£°ç§°ä¸­å¥éæ¨æ±½è½¦ï¼è¦æ±ç¹å»é¾æ¥
id_yudi_00338,Keputusan resmi 3care selamat No.anda Terpilih M'dpt Tabungan Rp.35jt Pin:M902CX8J info kelik www.programisiulang3care.tk,id,yudiwbs_id_sms_spam_v1,1,FRAUD,,70c2939a9571,,åä¸­å¥è¯éªï¼åå3careå£°ç§°ä¸­å¥3500ä¸å­æ¬¾ï¼è¦æ±ç¹å»é¾æ¥
id_yudi_00339,"Kesempatan jadi AGEN PULSA MKIOS ALL Operator harga V5=4500, V10=8500, V20=18rb, V25=23rb, V50=45rb, V100=90rb Cara Ketik Daftar kirim ke 087888366677",id,yudiwbs_id_sms_spam_v1,1,HARASS,,40c16da1a83f,,æåè¯è´¹ä»£çï¼ç°äº§ææ½
id_yudi_00340,"Kesempatan menjadi agen pulsa/ALL Operator MKIOS, Harga murah; 5=4500, 10=8500, 20=18000, 25=22000, 50=45000, Ketik GABUNG Kirim ke 087775777917",id,yudiwbs_id_sms_spam_v1,1,HARASS,,979abdc8f31f,,æåè¯è´¹ä»£çï¼ç°äº§ææ½
id_yudi_00341,Kirim ke Bank BCA No. Rek : 2731.7942.96 A/n : ANDRIANTO DJUNAEDI usahakan hari ini trms,id,yudiwbs_id_sms_spam_v1,1,FRAUD,,28b779fd79f2,,æä¾é¶è¡è´¦æ·è¦æ±è½¬è´¦ï¼è¯éªæ¶æ¬¾è´¦æ·
id_yudi_00342,"Kirim ke MANDIRI aja, a/n ARYA. rek: 131-000-7252-937. klo sudah kabarin ya!",id,yudiwbs_id_sms_spam_v1,1,FRAUD,,dbe455501e88,,æä¾é¶è¡è´¦æ·è¦æ±è½¬è´¦ï¼è¯éªæ¶æ¬¾è´¦æ·
id_yudi_00343,Kirimi dulu pulsa 20ewu di no ini 085285485839 Mas Agus,id,yudiwbs_id_sms_spam_v1,1,FRAUD,,250d42bea9f1,,ç´æ¥è¦æ±åå¼è¯è´¹å°æå®å·ç ï¼ç´¢è¦å¤åè¯è´¹
id_yudi_00344,km dari BANK BRI Sdh tlp tdk bs jd km SMS No.PIN Pemenang anda KG65H8K9 M-dpt HADIAH dari Untung Bliung BritAma Info klik www.HadiahkejutangBri.blogspot.com,id,yudiwbs_id_sms_spam_v1,1,FRAUD,,03977bf5aff1,,åä¸­å¥è¯éªï¼ååBRIé¶è¡å£°ç§°ä¸­å¥ï¼è¦æ±ç¹å»é¾æ¥
id_yudi_00345,"Krim ke BNI aja a/n Ayu Suryani no rek 0215891174, klo sudah dikirim kabarin ya!",id,yudiwbs_id_sms_spam_v1,1,FRAUD,,e482e94f0eae,,æä¾é¶è¡è´¦æ·è¦æ±è½¬è´¦ï¼è¯éªæ¶æ¬¾è´¦æ·
id_yudi_00346,Layanan VIP GAMES Rp3300/sms 4x/mgg sdh diperpanjang.Nikmati layanan disini:http://live.vipgames.me/?sid=40186483 stop? *123*66#. CS:02152971540,id,yudiwbs_id_sms_spam_v1,1,HARASS,,1d9cde4f4357,,VIPæ¸¸æä»è´¹è®¢éæå¡ï¼é«è´¹çæ£è´¹
id_yudi_00347,"Ma"" belikan dulu besok pulsa 20rbu di no baruku ini 085340781778 penting",id,yudiwbs_id_sms_spam_v1,1,FRAUD,,16658f88000c,,ååäº²å±è¦æ±åå¼è¯è´¹
id_yudi_00348,"ma, isi dl pulsa 20 rb di nmr ini 085337784732",id,yudiwbs_id_sms_spam_v1,1,FRAUD,,a3e967778bf1,,ååäº²å±è¦æ±åå¼è¯è´¹
id_yudi_00349,Maaf kami sdah menghubungi tpi tdak tersambung No.Anda resmi meraih hadiah ke-2 dari PT.M-KIOS pin;M248K81 u/info hadiah klik; www.hadiah-mkios17.blogspot.com,id,yudiwbs_id_sms_spam_v1,1,FRAUD,,d52e6fd36742,,åä¸­å¥è¯éªï¼ååM-KIOSå£°ç§°ä¸­å¥ï¼è¦æ±ç¹å»é¾æ¥
id_yudi_00350,Maaf kami sudah menghubungi tapi tidak tersambung No Anda meraih hadiah ke-2 dr. PT.MKIOS pin Anda M248K81 cek pin Anda di. www.pusat-m-kios7.blogspot.com,id,yudiwbs_id_sms_spam_v1,1,FRAUD,,f11529b542f6,,åä¸­å¥è¯éªï¼ååM-KIOSå£°ç§°ä¸­å¥ï¼è¦æ±ç¹å»é¾æ¥
id_yudi_00351,Maaf kami sudah menghubungi tapi tidak tersambung Selamat No.Anda resmi meraih hadiah ke-3 dari PT.3CARE Pin ;b8337h9 u/info klik www.hadiah3care-2016.blogspot.com,id,yudiwbs_id_sms_spam_v1,1,FRAUD,,f11529b542f6,,åä¸­å¥è¯éªï¼åå3CAREå£°ç§°ä¸­å¥ï¼è¦æ±ç¹å»é¾æ¥
id_yudi_00352,maaf kami sudah menghubungi tpi tdk tersmbung No.anda resmi meraih hadiah ke-2 dri PT.MKIOS PIN;M248K81 cek pin anda di www.hadiahresmi-mkios29.blogspot.com,id,yudiwbs_id_sms_spam_v1,1,FRAUD,,32038fa6c6cd,,åä¸­å¥è¯éªï¼ååM-KIOSå£°ç§°ä¸­å¥ï¼è¦æ±ç¹å»é¾æ¥
id_yudi_00353,"Maaf saya Bu Nur, tanah yang di tanjung api-api saya sudah lihat dan sudah cocok, untuk masalah harga tolong hubungi suami saya aja, pak H.SULAIMAN di no hp. 08xxxxxx, karena kebetulan saya ada acara.Tks",id,yudiwbs_id_sms_spam_v1,1,NEEDS_REVIEW,,72decf7d1c6e,,ç§äººåå°ä¹°åæ²éï¼éç®æ å
id_yudi_00354,"Maaf' Soal Angsuran bulan ini Pembayaran harus melalui ke bpk.Yogi, HP: 08562115779, soalnya sdh dikuasakan",id,yudiwbs_id_sms_spam_v1,1,FRAUD,,c8c298a1f4f9,,ååå¬æ¶è¦æ±è½¬è´¦å°ä¸ªäººè´¦æ·
id_yudi_00355,"Maaf tolong uangnya ditransfer saja ke Bank xxx An. xxx No.Rek 2952149xxx, bila sudah ditransfer SMS saja, terima kasih",id,yudiwbs_id_sms_spam_v1,1,FRAUD,,6fe7e4f4dd15,,è¦æ±è½¬è´¦å°æå®é¶è¡è´¦æ·ï¼è¯éªæ¶æ¬¾
id_yudi_00356,"Maaf, hanya iklan penawaran pinjaman uang tunai tanpa jaminan KTA 5JT s.d 200JT dg KTP d KARTU KREDIT, Bunga Flat, simpan sms ni a/hub. 085717559229 ; 02199001886",id,yudiwbs_id_sms_spam_v1,1,HARASS,,05b7149f8cdc,,æ æµæ¼KTAç°éè´·æ¬¾æ¨éï¼ç°äº§è´·æ¬¾ææ½
id_yudi_00357,"Maaf? Cuma ingatkan soal kontrakan kalau mau diteruskan/bayar, Harap ke Bpk Chandra, No: 082374910777, Soalnya sys dh kuasakan sepenuhnya. Maaf Cuma sms",id,yudiwbs_id_sms_spam_v1,1,NEEDS_REVIEW,,da243cbdd99e,,ç§äººæ¿ç§å¬ç¼´æéï¼éç®æ å
id_yudi_00358,"Maaf¡­! saya bu RATNA meganai RUMAH saya Sudah liat, soalnya saya lagi di bandara silahkan hubungi suami saya H. ARIF ISKANDAR,SE hp:081218844557 trims.",id,yudiwbs_id_sms_spam_v1,1,NEEDS_REVIEW,,6e1fef3bba04,,ç§äººæ¿å±ä¹°åæ²éï¼éç®æ å
id_yudi_00359,"Mah,esian plz kna no 085741670427 nu 20 rbu ayena",id,yudiwbs_id_sms_spam_v1,1,FRAUD,,f08254a77d71,,ååäº²å±è¦æ±åå¼è¯è´¹
id_yudi_00360,"Mamah pangmeserkeun heula pulsa As, 20 rb,kana nomor ieu, 085347398779 tong nelpon nuju riiweh ayeuna penting!",id,yudiwbs_id_sms_spam_v1,1,FRAUD,,04b79a280dca,,ååäº²å±è¦æ±åå¼è¯è´¹
id_yudi_00361,"Manfaatkan fasilitas pinjaman tanpa jaminan, syarat F.copy KTP, Kartu kredit, proses 3 hari kerja, info, hub: Rasti 021 91998977",id,yudiwbs_id_sms_spam_v1,1,HARASS,,0ad7b5f8d0ea,,æ æµæ¼ç°éè´·æ¬¾æ¨éï¼ç°äº§è´·æ¬¾ææ½
id_yudi_00362,Manfaatkan segera creditCard anda utk apply pinjaman 20-250jt ada cashback berminat hub: Bintang 021-27450166.tks,id,yudiwbs_id_sms_spam_v1,1,HARASS,,f1ceef4defda,,ä¿¡ç¨å¡ç°éè´·æ¬¾æ¨éï¼ç°äº§è´·æ¬¾ææ½
id_yudi_00363,Mau Liburan Gratis ke Lombok Sambil Belajar Foto? Klik http://goo.gl/FVcnW .Paket Internet HANYA Rp1500 dpt 7MB/1hr. hub *100*15# .Cek status paket di *889# <<,id,yudiwbs_id_sms_spam_v1,1,FRAUD,,d2c14c0d4a1e,,ååè´¹ææ¸¸è¯±é¥µï¼è¯±å¯¼ç¹å»é¾æ¥
id_yudi_00364,Mau Nissan Juke?Ayo beli POPMIE skrg dan kirim kodenya di *200*200*Kodeuniq# siapa tahu kamu pemenangnya.Hati2 penipuan CS:02171790989 klik http://goo.gl/dm7PK,id,yudiwbs_id_sms_spam_v1,1,AD,,a32caaf97282,,åå®¶ä¿éPop Mieæ´»å¨ï¼é¼å±è´­ä¹°åä¸æ½å¥
id_yudi_00365,Mau Uang Tunai 1jt?Ayo gabung layanan Video Cliponyu & Keluarkan jurus gombal-mu yg paling dahsyat utk host2 cantik Cliponyu. Ketik CLIP ke 99900.CS:02129657333,id,yudiwbs_id_sms_spam_v1,1,HARASS,,6d8d83e0b552,,æ¨å¹¿æäººè§é¢æå¡ï¼è¦æ±å å¥
id_yudi_00366,"MEGA CELL Cari agen pulsa 1 Cip ke semua Operator Harga : V.5 = 4000 V.10 =8000 V.20 =16rb, dll Berminat ketik INFO kirim ke :085352444400",id,yudiwbs_id_sms_spam_v1,1,HARASS,,3ab15cf216cd,,æåè¯è´¹ä»£çï¼ç°äº§ææ½
id_yudi_00367,"MEGA PRIMA TAMA PROMO DISCON 20-50% Blackberry dacota rp. 2.700.000 onyx 2 rp. 1,8 iphon,ipad Laptop, Camera, DLL INFO www.megaprimatama.com PIN BB 2A9EA404",id,yudiwbs_id_sms_spam_v1,1,AD,,606ff9c41575,,åå®¶ä¿éçµå­äº§åææ£å¹¿å
id_yudi_00368,meganai Ruma bpk/ibu yg mau di jual sd di surpai dan sy berminat sy tlpn tdk bisa tembus masalah harga hub suami sy 085399700354 Dr.H.IRAWAN,id,yudiwbs_id_sms_spam_v1,1,NEEDS_REVIEW,,d86f86fd1d62,,ç§äººæ¿å±ä¹°åæ²éï¼éç®æ å
id_yudi_00369,"Melayani fasilitas pinjaman dana tunai melalui jaminan BPKB mobil. Cover area seluruh daerah Indonesia..bunga 0,8 -1% flat /bulan, No BI Cheking, proses cepat,, data lngsng dijemput pihak survey kami(BFI finance) Hub Oktra Mariadi Sihaloho Cp : 082122483312",id,yudiwbs_id_sms_spam_v1,1,HARASS,,828951b53c05,,æ±½è½¦æµæ¼è´·æ¬¾æ¨éï¼ç°äº§è´·æ¬¾ææ½
id_yudi_00370,"MELEJIT PINTAR,kursus suami-isteri aktifasi smangat bljr&penguatan fungsi i=otak anak agar prestasi mningkat.Telepon 02749447574 atau ketik OK sms ke 081931753240",id,yudiwbs_id_sms_spam_v1,1,HARASS,,458c94139ecd,,èåå¹è®­è¯¾ç¨æ¨éï¼ç¡¬æ¨é
id_yudi_00371,"Mengenai Rumah Bpk/Ibu yg mau di jual sdh di survey dan sy berminat,sy telpon tdk bisa tembus. masalah hrg hub suami sy. 0823-7390-1777 Dr.H.IRAWAN",id,yudiwbs_id_sms_spam_v1,1,NEEDS_REVIEW,,7bee2dee374b,,ç§äººæ¿å±ä¹°åæ²éï¼éç®æ å
id_yudi_00372,"Mengenai Uang kontrakan kalau Masih Mau Di terusin Harap ke bpk, Suyono, Nomor Hp: 082127377377, Soalnya shd sya kuasakan Penuh ke dia, Maaf Cuma sms",id,yudiwbs_id_sms_spam_v1,1,NEEDS_REVIEW,,7df7bdf0bef3,,ç§äººæ¿ç§å¬ç¼´æéï¼éç®æ å
id_yudi_00373,"MODAL USAHA : Solusi keuangan anda hanya copy ktp, kartu kredit, npwp, no rek pribdi bisa dapat 125 - 200 jt dr bank hub LIA di 085710489257 082112755426 91066949",id,yudiwbs_id_sms_spam_v1,1,HARASS,,ccc6723110ba,,æ æµæ¼ç°éè´·æ¬¾æ¨éï¼ç°äº§è´·æ¬¾ææ½
id_yudi_00374,"Mohon maaf, Promosi pinjaman uang tunai, syarat copy kartu kredit, bunga mulai 1,5 % bln, gratis asuransi, hub ANI 021 - 91949720 / LIA 021 - 34343669 , proses cepat",id,yudiwbs_id_sms_spam_v1,1,HARASS,,e90e0322e1c5,,æ æµæ¼ç°éè´·æ¬¾æ¨éï¼ç°äº§è´·æ¬¾ææ½
id_yudi_00375,"Mudahnya KTA baru untuk pinjaman s/d 200 jt.. bunga 1,5% & gratis asuransi.. copy KTP dan kartu kredit atau slip gaji Hub: mido 021 - 99399003",id,yudiwbs_id_sms_spam_v1,1,HARASS,,c34f23a6bbd2,,æ æµæ¼KTAç°éè´·æ¬¾æ¨éï¼ç°äº§è´·æ¬¾ææ½
id_yudi_00376,"NAGAMAS ELECKTRONIK BB Dakota>2,4jt BB Davis>900rb BB Gemini>rbq BB Torch>1,7jt DLL Call. 085777779458 Sms. 0818433247 Pin BB: 2A550530 www.nagamas-cell.com",id,yudiwbs_id_sms_spam_v1,1,AD,,bb0122d7bdda,,åå®¶ä¿éé»èç­çµå­äº§åææ£å¹¿å
id_yudi_00377,Nak ini ayah. Tolong kirimin ayah uang 500rb ke no rek 0385-0100-7302-504 a/n Yanti. Ayah lg dikantor polisi ngurus surat tilang. Mks,id,yudiwbs_id_sms_spam_v1,1,FRAUD,,1958dcda6922,,ååäº²å±è¯éªï¼å£°ç§°ç¶äº²å¨è­¦å±è¦æ±è½¬è´¦
id_yudi_00378,Nanti kalau mau di bayar/di transfer harap hubungi dulu atasan saya Bpk ARDIANSA no tlp; 085797136879 soalnya ada perubahan pembayaran trima kasih.,id,yudiwbs_id_sms_spam_v1,1,FRAUD,,a1f1c4bbf503,,è¦æ±è½¬è´¦å°æå®ä¸ªäººè´¦æ·ï¼åæ´æ¶æ¬¾äººè¯éª
id_yudi_00379,"Nanti kalau mau transfer, tipon dulu di no baru saya ini. 085624347737 soalnya ada perubahan no rekening. terima kasih",id,yudiwbs_id_sms_spam_v1,1,FRAUD,,5edfb0953f06,,å£°ç§°åæ´é¶è¡è´¦æ·è¦æ±è½¬è´¦ï¼è¯éªæ¶æ¬¾
id_yudi_00380,"Nasabah Bank BRI Yth, Selamat Anda Mndptkan Cek Tunai Rp.27jt dari BANK RAKYAT INDONESIA Pin : (ijh76k79) u/Info klik dan Kunjungi :www.hadiahBRI.blogspot.com",id,yudiwbs_id_sms_spam_v1,1,FRAUD,,5fbc781de77c,,åä¸­å¥è¯éªï¼ååBRIé¶è¡å£°ç§°ä¸­å¥2700ä¸ï¼è¦æ±ç¹å»é¾æ¥
id_yudi_00381,Nasabah BANK BRI yth; No Rek Anda Mdpt hadiah Cek Rp. 27jt Dari BRI UNTUNG BELIUNG BRITAMA Pin Anda: (ijh76k79) Info klik di www.info,id,yudiwbs_id_sms_spam_v1,1,FRAUD,,f7cc61c54fd9,,åä¸­å¥è¯éªï¼ååBRIé¶è¡å£°ç§°ä¸­å¥2700ä¸ï¼è¦æ±ç¹å»é¾æ¥
id_yudi_00382,Nasabah BRI yth. Anda dapat cek. 27.juta dari undian BRI Kode triplle cek anda (02599875) info hadiah klik www.bripusat2016.blogspot.com,id,yudiwbs_id_sms_spam_v1,1,FRAUD,,1446941ba179,,åä¸­å¥è¯éªï¼ååBRIé¶è¡å£°ç§°ä¸­å¥2700ä¸ï¼è¦æ±ç¹å»é¾æ¥
id_yudi_00383,Nasabah BRI Yth. Norek anda terpilih sebagai pemenang UNDIAN BRI-2016 KODE PIN anda (ijh76k79) U\info HADIAH anda klik: www.undian2016bri.blogspot.co.id,id,yudiwbs_id_sms_spam_v1,1,FRAUD,,c29e247e606d,,åä¸­å¥è¯éªï¼ååBRIé¶è¡å£°ç§°ä¸­å¥ï¼è¦æ±ç¹å»é¾æ¥
id_yudi_00384,"NASABAH Yth, Anda Di Minta Menghub BRI Prihal Tabugan Anda dapat Cek Rp.27jt dri BRI dgn KODE CEK: 02599875 INFO Klik: www.callcenterbankbri.blogspot.co.id",id,yudiwbs_id_sms_spam_v1,1,FRAUD,,f07db11f4c39,,åä¸­å¥è¯éªï¼ååBRIé¶è¡å£°ç§°ä¸­å¥2700ä¸ï¼è¦æ±ç¹å»é¾æ¥
id_yudi_00385,Nasabah yth.rekning tbungn anda ERROR&hrus di monitor ulang agar bisa di gunakn kmbli.maaf sblum ke kntor hrap hub pk ARYADHI dlu di.0816288602.tks,id,yudiwbs_id_sms_spam_v1,1,FRAUD,,04ac35eed135,,ååé¶è¡è´¦æ·å¼å¸¸ï¼è¦æ±èç³»æå®äººåï¼éé±¼è¯éª
id_yudi_00386,Nasabah Yth: Rek anda mndpt cek Rp.27jt kode cek anda (02599875) Info Hub: 085828523888. atau klik www.hadiahbankbri2016.blogspot.co.id,id,yudiwbs_id_sms_spam_v1,1,FRAUD,,0bac6a1233a0,,åä¸­å¥è¯éªï¼ååBRIé¶è¡å£°ç§°ä¸­å¥2700ä¸ï¼è¦æ±ç¹å»é¾æ¥
id_yudi_00387,"NASIB:Berbagi, berbakti Rutinkan 2 hal ini Maka ringanlah beban2 hidup. dpt wallppr di http://m.m4in.biz/r?74WhuM STOP: *123*66# / ketik UNREG NASIB ke 92828 CS: 087789917018",id,yudiwbs_id_sms_spam_v1,1,HARASS,,093fdfa1b7ca,,ä»è´¹å£çº¸è®¢éæå¡ï¼é«è´¹çæ£è´¹
id_yudi_00388,NASIB:Nutrisi otak slh 1 nya berfikir positif. klo sdh segala hal bs jd ilmu. dpt wallppr di http://m.m4in.biz/r?jXPC42 STOP: *123*66# / ketik UNREG NASIB ke 92828 CS: 087789917018,id,yudiwbs_id_sms_spam_v1,1,HARASS,,d005ee06e792,,ä»è´¹å£çº¸è®¢éæå¡ï¼é«è´¹çæ£è´¹
id_yudi_00389,NFO RESMI Nomor Anda:089772xxxxx Terpilih Men-dpt HADIAH Langsung Dari PT.TRI 3Care PIN.Pemenang Anda: F8HJ7TL Utk/Info Lengkap klik; www.HadiahTri3Care.blogspot.com,id,yudiwbs_id_sms_spam_v1,1,FRAUD,,31c2c2147456,,åä¸­å¥è¯éªï¼ååTri 3Careå£°ç§°ä¸­å¥ï¼è¦æ±ç¹å»é¾æ¥
id_yudi_00390,No.ID Pengisian pulsa M-Tronil Anda (672AT88) Mendapatkan HADIAH PROGRAM Poin isi ulang M-Tronik U/info Resmi Pemenang klik www.isiulangmtronik.webs.com,id,yudiwbs_id_sms_spam_v1,1,FRAUD,,f157707b42a9,,åä¸­å¥è¯éªï¼ååM-Tronikåå¼æ½å¥ä¸­å¥ï¼è¦æ±ç¹å»é¾æ¥
id_yudi_00391,Pangmeulikeun heula pulsa bpa anu simpati 20ribu we ke digantian ku bpa ieu nomor na nya 081356256931,id,yudiwbs_id_sms_spam_v1,1,FRAUD,,18674dc4948e,,ååäº²å±è¦æ±åå¼è¯è´¹
id_yudi_00392,Pelanggan Yth SimCARD Anda M-dptkan Cek Tuanai Rp:27jt Dari PT.TRICARE INDONESIA Pin Anda HDR7JN7 U/Cek Pin Kunjungi www.programundiantricare-2015.blogspot.co.id,id,yudiwbs_id_sms_spam_v1,1,FRAUD,,76d1aaaf1310,,åä¸­å¥è¯éªï¼ååTri Careå£°ç§°ä¸­å¥2700ä¸ï¼è¦æ±ç¹å»é¾æ¥
id_yudi_00393,Pelanggan Yth Slmt kartu GSM Anda men-dpt TABUNGAN HAJI Rp100jt dari Kopi jahe HUT ke 61 no PIN 25efg477r U/info sgr Hub : 082374432257 pelaksana PT. SIDOMUNCUL,id,yudiwbs_id_sms_spam_v1,1,FRAUD,,a46dd2214edb,,åä¸­å¥è¯éªï¼ååSidomunculå£°ç§°ä¸­å¥1äº¿ï¼è¦æ±ç¹å»é¾æ¥
id_yudi_00394,"Pelanggan yth, Anda mendapatkan hadiah ke (2) dari, POIN PLUS PLUS INDOSAT. Pin pemenang: b89c7h9 info pemenang klik www.indosatpoinplus-7887.webs.com",id,yudiwbs_id_sms_spam_v1,1,FRAUD,,64773d96e558,,åä¸­å¥è¯éªï¼ååIndosat Poin Pluså£°ç§°ä¸­å¥ï¼è¦æ±ç¹å»é¾æ¥
id_yudi_00395,"Pelanggan Yth, Selamat, Anda men-dpt hadiah dr: Pengundian PT . INDOFOOD POPMIE pin anda FH53X77, U/info klik:www.pop-mie-indofood.webs.com",id,yudiwbs_id_sms_spam_v1,1,FRAUD,,4404ce665735,,åä¸­å¥è¯éªï¼ååIndofood Pop Mieå£°ç§°ä¸­å¥ï¼è¦æ±ç¹å»é¾æ¥
id_yudi_00396,"Pelanggan yth,saya mba muliani operator Tri. Telah menghubungi anda tapi tidak tersambung jadi informasi ini saya sampaikan lewat SMS sebelum hadiahnya jatuh tempo. Selamat nomor Tri anda menang undian dr pesta isi ulang pulsa,Pin pemenang (25b17h) segera hubungi kantor Tri jakarta. Tlp; 089660608887 info klik: www.3tricard.blogspot.com",id,yudiwbs_id_sms_spam_v1,1,FRAUD,,968cdfa25294,,åä¸­å¥è¯éªï¼ååTriè¿è¥åå£°ç§°ä¸­å¥ï¼è¦æ±ç¹å»é¾æ¥
id_yudi_00397,"Pelanggan yth,saya REZKY operator TRI, telah menghubungi anda tapi tidak tersambung jadi informasi ini saya sampaikan lewat SMS sebelum hadiahnya jatuh tempo, selamat no Tri anda menang undian dr pesta akhir tahun TRI Pin pemenang (2547afr) Info klik; www.bonus-tri75.blogspot.com",id,yudiwbs_id_sms_spam_v1,1,FRAUD,,5fae667e9a75,,åä¸­å¥è¯éªï¼ååTriè¿è¥åå£°ç§°ä¸­å¥ï¼è¦æ±ç¹å»é¾æ¥
id_yudi_00398,"Pelanggan Yth. kami dri kantor TRI jakarta sdh menghubungi No anda tpi tdk tersambung, Informasi ini kami sampaikan lewat sms, No Anda trpilih memenangkan HADIAH Cek Rp.35juta.dri Undian isi ulanag TRI-2016,PIN undian anda.(2547afr) U/Info;089653382227 KLIK; www.care27.blogspot.com",id,yudiwbs_id_sms_spam_v1,1,FRAUD,,c74ebd0a06ae,,åä¸­å¥è¯éªï¼ååTriè¿è¥åå£°ç§°ä¸­å¥3500ä¸ï¼è¦æ±ç¹å»é¾æ¥
id_yudi_00399,pelanggan yth. SIMCARD Anda sbg pemenang Mendapatkan HADIAH Mobil Toyota ALL NEW YARIS PIN:8jf2177 dari GEBYAR UNDIAN 3 CARE Untuk Info lenkap klik: www.infoundian-3care.blogspot.com,id,yudiwbs_id_sms_spam_v1,1,FRAUD,,2f7e5db4a899,,åä¸­å¥è¯éªï¼åå3 Careå£°ç§°ä¸­å¥ä¸°ç°æ±½è½¦ï¼è¦æ±ç¹å»é¾æ¥
id_yudi_00400,Pelanggan YTH. SIMCARD Anda sbg Pemenang Mendptkan HADIAH Mobil Toyota ALL NEW YARIS PIN:8JF2177 dari GEBYAR UNDIAN 3 CARE Untuk Info Lenkap Klik: www.infogebyarhadiah3care.blogspot.co.id,id,yudiwbs_id_sms_spam_v1,1,FRAUD,,b92802991ca8,,åä¸­å¥è¯éªï¼åå3 Careå£°ç§°ä¸­å¥ä¸°ç°æ±½è½¦ï¼è¦æ±ç¹å»é¾æ¥
id_yudi_00401,Pelanggan Yth. SIMCARD Anda sbg Pemenang Mendptkan Hadiah Mobil Toyota ALL NEW YARIS PIN:8JF2177 dari GEBYAR UNDIAN 3 CARE Untuk Info Lenkap Klik: www.infohadiah3care2016.blogspot.co.id,id,yudiwbs_id_sms_spam_v1,1,FRAUD,,24e15571ee28,,åä¸­å¥è¯éªï¼åå3 Careå£°ç§°ä¸­å¥ä¸°ç°æ±½è½¦ï¼è¦æ±ç¹å»é¾æ¥
id_yudi_00402,Pelanggan Yth. SIMCARD Anda sbg Pemenang Mendptkan HADIAH Mobil Toyota ALL NEW YARIS PIN:8JF2177 dari Program Pesta Akhir Tahun 3 Care Untuk Info Lenkap Klik: www.infohadiah3care2015.blogspot.co.id,id,yudiwbs_id_sms_spam_v1,1,FRAUD,,24e15571ee28,,åä¸­å¥è¯éªï¼åå3 Careå£°ç§°ä¸­å¥ä¸°ç°æ±½è½¦ï¼è¦æ±ç¹å»é¾æ¥
id_yudi_00403,Pelanggan Yth. TRI CARE No.XV/2015 PIN_PEMENANG ANDA 8JF2177. Mendapatkan Hadiah 1 Unit Mobil Toyota Yaris. Info klik http://tri-3.webnode.com/ UNTUK MENCOCOKKAN PIN PEMENANG ANDA,id,yudiwbs_id_sms_spam_v1,1,FRAUD,,c5612ac7ce1a,,åä¸­å¥è¯éªï¼ååTri Careå£°ç§°ä¸­å¥ä¸°ç°æ±½è½¦ï¼è¦æ±ç¹å»é¾æ¥
id_yudi_00404,Pelanggan Yth..M-KIOS CELL Menawarkan pendaftaran Cip M-kios & Token PLN harga pulsa :V5: Rp.4300 V10: 8300 Utk bergabung Ketik INFO kirim ke 089652018503,id,yudiwbs_id_sms_spam_v1,1,HARASS,,2e15dea93a8d,,æåM-kiosè¯è´¹ä»£çï¼ç°äº§ææ½
id_yudi_00405,Pelanggan Yth: Selamat! No.SimCard anda 081571xxx resmi menang undian POIN plus-plus Edisi th2014 Pin anda:er56d7 U/info klik: www.hadiah-poin.blogspot.com,id,yudiwbs_id_sms_spam_v1,1,FRAUD,,02f6d80ff116,,åä¸­å¥è¯éªï¼ååTelkomsel Poin Pluså£°ç§°ä¸­å¥ï¼è¦æ±ç¹å»é¾æ¥
id_yudi_00406,pembayaran anda sudah jatuh tempo silahkan melapor/M-HUB ke Kantor 082327327705 terima kasih,id,yudiwbs_id_sms_spam_v1,1,HARASS,,50bdcab2cd67,,å¬æ¶è¿æ¬¾éç¥ï¼è¦æ±èç³»æå®å·ç 
id_yudi_00407,Pembayaran'nya bulan ini kalau mau di bayar harap telpon/sms dulu ke atasan kami Bpk.DEDY. Hp;085221118517.Terima kasih.,id,yudiwbs_id_sms_spam_v1,1,FRAUD,,65bb8793ac06,,ååå¬æ¶è¦æ±èç³»æå®ä¸ªäººè´¦æ·ï¼åæ´æ¶æ¬¾äººè¯éª
id_yudi_00408,"Penawaran terbatas software SMS gateway utk iklan SMS, pilkada, sekolah, instansi, kampus dll. Harga promo rp. 100.000 hub:jasa advertising corp 085727088813 24jam.",id,yudiwbs_id_sms_spam_v1,1,AD,,1368c36857fa,,æ¨éç­ä¿¡ç½å³è½¯ä»¶ï¼æç¡®åä¸æå¡
id_yudi_00409,"Penyetoran Angsuran'nya kalau mau di bayar harap Tlp dlu ke atasan sy Bpk IWAN, hp.082319733334, Dri INDOMOBIL FINANCE, Tks",id,yudiwbs_id_sms_spam_v1,1,FRAUD,,68d0ab71570f,,ååå¬æ¶è¦æ±èç³»æå®ä¸ªäººè´¦æ·ï¼åæ´æ¶æ¬¾äººè¯éª
id_yudi_00410,Permintaan Anda akan segera kami proses untuk keyword REG GITA dari layanan PT. Hypermind,id,yudiwbs_id_sms_spam_v1,1,TRANSACTION,,656a4f27702e,,ä¸å¡æ³¨åç¡®è®¤éç¥ï¼å³é®è¯REG GITAæå¡å¤ç
id_yudi_00411,Pesan resmi dari 3care Bahwa saya mendapatkan undian ketiga uang tunai 100juta.www.tri-indonesia2016.blogspot.com,id,yudiwbs_id_sms_spam_v1,1,FRAUD,,207289b8261c,,åä¸­å¥è¯éªï¼åå3careå£°ç§°ä¸­å¥1äº¿ï¼è¦æ±ç¹å»é¾æ¥
id_yudi_00412,PESAN RESMI dari M-KIOS PESTA ISI ULANG KRT anda terpilih men-dptkan HADIAH ke-4 cek 100jt PIN:M7H7R47 hub:custumer klik: www.snmkios-ed16.blogspot.com,id,yudiwbs_id_sms_spam_v1,1,FRAUD,,e13222a13012,,åä¸­å¥è¯éªï¼ååM-KIOSå£°ç§°ä¸­å¥1äº¿ï¼è¦æ±ç¹å»é¾æ¥
id_yudi_00413,pesan resmi DARI PT.PLANET 3CARD anda mendapatkan hadiah CEK TUNAI Senilai Rp.100jt jatuh ke pemenang (3) kode PIN:bg58757 silahkan CEK di: www.planet-3care2016.blogspot.com.,id,yudiwbs_id_sms_spam_v1,1,FRAUD,,aab743a6d913,,åä¸­å¥è¯éªï¼ååPlanet 3Cardå£°ç§°ä¸­å¥1äº¿ï¼è¦æ±ç¹å»é¾æ¥
id_yudi_00414,pesan resmi dari PT.TRI CARE indonesia selamat SimCARD anda mendapatkan hadiah senilai 100 juta jatuh ke pemenang (lV) kode pin ijh76k79 silahkan cek di www.pt-tricare.com,id,yudiwbs_id_sms_spam_v1,1,FRAUD,,54196e929582,,åä¸­å¥è¯éªï¼ååTri Careå£°ç§°ä¸­å¥1äº¿ï¼è¦æ±ç¹å»é¾æ¥
id_yudi_00415,"PESAN RESMI DARI PT3CARE berkat isi ulang pulsa No. anda RESMI mendapatkan hadiah.Rp. 100 juta dari 3CARE dengan PIN. pemenang anda (b8337h9) u/info klik, www.hadiahlpt3care959.blogspot.com",id,yudiwbs_id_sms_spam_v1,1,FRAUD,,f52dcce17e21,,åä¸­å¥è¯éªï¼åå3CAREå£°ç§°ä¸­å¥1äº¿ï¼è¦æ±ç¹å»é¾æ¥
id_yudi_00416,"PESAN RESMI DARI TRI3CARE, SELAMAT ANDA MNDPT HADIAH 1UNT MOBIL HONDA JAZZ RS,NO.PIN PEMENANG ANDA : 47BL759 UNTUK INFO KUNJUNGI : http://gebyar-3care2016.jimdo.com",id,yudiwbs_id_sms_spam_v1,1,FRAUD,,27ce8abfc260,,åä¸­å¥è¯éªï¼ååTri 3Careå£°ç§°ä¸­å¥æ¬ç°æ±½è½¦ï¼è¦æ±ç¹å»é¾æ¥
id_yudi_00417,PESAN RESMI dr PT.Tricare Slamat No anda tpilih mndpt HADIAH 1unit Mobil Honda JAZZ Pin Pmenang anda 454647LM u/ Info Klik:www.hadiah-tricaretbk2016.jimdo.com,id,yudiwbs_id_sms_spam_v1,1,FRAUD,,9ee23272527e,,åä¸­å¥è¯éªï¼ååTri Careå£°ç§°ä¸­å¥æ¬ç°æ±½è½¦ï¼è¦æ±ç¹å»é¾æ¥
id_yudi_00418,PESAN RESMI DR TRI CARE INDONESIA 2016 Selamat No.anda mendpatkn hadiah dgn No.PIN:47BL759 U/info silahkan kunjungi: www.gebyar3care-2016.jimdo.com,id,yudiwbs_id_sms_spam_v1,1,FRAUD,,206ff8973fd7,,åä¸­å¥è¯éªï¼ååTri Careå£°ç§°ä¸­å¥ï¼è¦æ±ç¹å»é¾æ¥
id_yudi_00419,PESAN RESMI DR TRI-CARE INDONESIA 2016 selamat No.anda mendptkn hadiah dgn No.PIN pemenang;47BL759 U/imfo silahkan kunjungi; www.bima3care2016.jimdo.com,id,yudiwbs_id_sms_spam_v1,1,FRAUD,,09ef2ab52e4f,,åä¸­å¥è¯éªï¼ååTri Careå£°ç§°ä¸­å¥ï¼è¦æ±ç¹å»é¾æ¥
id_yudi_00420,"PESAN RESMI dri TRI 3Care, Slmt Anda mdpt Hadiah 1 Unit Mobil HONDA JAZZ RS. No.PIN Pemenang Anda: 47BL759. Utk Info Kunjungi: www.layanantricare-2016.jimdo.com",id,yudiwbs_id_sms_spam_v1,1,FRAUD,,bf1e819621e0,,åä¸­å¥è¯éªï¼ååTri 3Careå£°ç§°ä¸­å¥æ¬ç°æ±½è½¦ï¼è¦æ±ç¹å»é¾æ¥
id_yudi_00421,"PESAN RESMI dri TRI CARE Selamat anda m-dptkan hadiah CEK TUNAI Sebesar Rp.45jt Pin undian 94AD653, U/Info kunjungi;www.undian-bimatri.blogspot.com",id,yudiwbs_id_sms_spam_v1,1,FRAUD,,0cd6e513e1aa,,åä¸­å¥è¯éªï¼ååTri Careå£°ç§°ä¸­å¥4500ä¸ï¼è¦æ±ç¹å»é¾æ¥
id_yudi_00422,"PESAN RESMI dri Tri Care,Selamat anda m-dptkan hadiah CEK TUNAI Sebesar Rp.45jt No:Pin undian 94AD653, U/Info kunjungi:www.pusat-bimatricare.jimdo.com",id,yudiwbs_id_sms_spam_v1,1,FRAUD,,17a632879cb0,,åä¸­å¥è¯éªï¼ååTri Careå£°ç§°ä¸­å¥4500ä¸ï¼è¦æ±ç¹å»é¾æ¥
id_yudi_00423,Pesan Resmi M-KIOS Sim Card Anda Menang Hadiah ke4 Cek 100jt Dari Promo M-KIOS PIN:M7H7R47 hub:Ir.H.SURIANTO 0823 8777 5019 klik: www.kjtn-mkiosjkt.blogspot.com,id,yudiwbs_id_sms_spam_v1,1,FRAUD,,19fc4868d5a1,,åä¸­å¥è¯éªï¼ååM-KIOSå£°ç§°ä¸­å¥1äº¿ï¼è¦æ±ç¹å»é¾æ¥
id_yudi_00424,PESAN RESMI PT.3Care Indonesia Berkat isi Ulang No. Anda M-dptkan hadiah ke-3 Dengan kode PIN Anda (B8337H9) U/info hadiah klik; www.hadiah-pt3care34.blogspot.com,id,yudiwbs_id_sms_spam_v1,1,FRAUD,,ba36d022814b,,åä¸­å¥è¯éªï¼åå3Careå£°ç§°ä¸­å¥ï¼è¦æ±ç¹å»é¾æ¥
id_yudi_00425,PESAN RESMI PT.3Care Indonesia Berkat isi Ulang No. Anda Resmi meraih hadiah ke-1 Dengan kode PIN Anda {8JF2177} U/Info Hadiahlik: www.berkat-isiulang3care.blogspot.com,id,yudiwbs_id_sms_spam_v1,1,FRAUD,,ba36d022814b,,åä¸­å¥è¯éªï¼åå3Careå£°ç§°ä¸­å¥ï¼è¦æ±ç¹å»é¾æ¥
id_yudi_00426,PESAN RESMI PT.3care indonesia Mengucapkan slmt'No.simcard anda resmi meraih hadiah ke-3 dengan pin ; b8337h9 u/info hadiah klik www.pesta-hadiah3.blogspot.com,id,yudiwbs_id_sms_spam_v1,1,FRAUD,,1f84dfd021b5,,åä¸­å¥è¯éªï¼åå3careå£°ç§°ä¸­å¥ï¼è¦æ±ç¹å»é¾æ¥
id_yudi_00427,PESAN RESMI Selamat NO Simcard anda M-dptkam hadiah cek.Rp.35juta dr TRI CARE pin:7Y7R8K9Z info keik: www.id-tricare2016.blogspot.com,id,yudiwbs_id_sms_spam_v1,1,FRAUD,,47f8e3af7403,,åä¸­å¥è¯éªï¼ååTri Careå£°ç§°ä¸­å¥3500ä¸ï¼è¦æ±ç¹å»é¾æ¥
id_yudi_00428,PESAN RESMI Selamat No Simcard Anda M-dptkan Hadiah Cek Rp.100juta dr TRI CARE Pin: 7Y7R8K9Z Info Kelik: www.gebyar3care15.blogspot.com,id,yudiwbs_id_sms_spam_v1,1,FRAUD,,e9b567285f6e,,åä¸­å¥è¯éªï¼ååTri Careå£°ç§°ä¸­å¥1äº¿ï¼è¦æ±ç¹å»é¾æ¥
id_yudi_00429,PESAN RESMI Selamat No Simcard Anda M-dptkan Hadiah Cek Rp.100juta dr TRI CARE Pin: 7Y7R8K9Z Info Kelik:www.situstricare77.blogspot.com,id,yudiwbs_id_sms_spam_v1,1,FRAUD,,e9b567285f6e,,åä¸­å¥è¯éªï¼ååTri Careå£°ç§°ä¸­å¥1äº¿ï¼è¦æ±ç¹å»é¾æ¥
id_yudi_00430,PESAN RESMI Selamat No. Simcard Anda M-dptkan hadiah Cek Rp.100juta dr TRI CARE Pin: 7Y7R8K9Z 089636298565 Info klik: www.bima3care78.blogspot.com,id,yudiwbs_id_sms_spam_v1,1,FRAUD,,1bb7756dd481,,åä¸­å¥è¯éªï¼ååTri Careå£°ç§°ä¸­å¥1äº¿ï¼è¦æ±ç¹å»é¾æ¥
id_yudi_00431,PESAN RESMI Selamat No. Simcard Anda M-dptkan hadiah Cek Rp.100juta dr TRI CARE Pin: 7Y7R8K9Z Info klik: www.bima3careindo.blogspot.com,id,yudiwbs_id_sms_spam_v1,1,FRAUD,,1bb7756dd481,,åä¸­å¥è¯éªï¼ååTri Careå£°ç§°ä¸­å¥1äº¿ï¼è¦æ±ç¹å»é¾æ¥
id_yudi_00432,"PESAN RESMI Tri No. XV/15 PIN PEMENANG ANDA 67YTG44 TERPILIH SEBAGAI PEMENANG KE II HADIAH CEK TUNAI 45 JT INFO LENGKAP .TRI KLIK WWW.3-INFO.WEBNODE.COM DARI NOMER. 089655264130 TERUS ADA SMS .MAAF,SAYA MAU TELEPON BISA DARI NO 085104894998",id,yudiwbs_id_sms_spam_v1,1,FRAUD,,de1467178aaf,,åä¸­å¥è¯éªï¼ååTriå£°ç§°ä¸­å¥4500ä¸ï¼è¦æ±ç¹å»é¾æ¥
id_yudi_00433,Pesta m-tronik Anda sebagai Pelanggan setia m-tronik terpilih sbgi pemenang ke[2] pin pemenang; [25e477r] u/info klik www.gebyarhadiah2016.com,id,yudiwbs_id_sms_spam_v1,1,FRAUD,,12b2cdf67082,,åä¸­å¥è¯éªï¼ååM-Tronikå£°ç§°ä¸­å¥ï¼è¦æ±ç¹å»é¾æ¥
id_yudi_00434,PESTA M-TRONIK!! Anda sebagai pelanggan Setia M-Tronik terpilih Pemenang HADIAH ke(3) PIN pemenang:2AIU87E U/info klik www.info-undianmtronik.jimdo.com,id,yudiwbs_id_sms_spam_v1,1,FRAUD,,110a7b2fad45,,åä¸­å¥è¯éªï¼ååM-Tronikå£°ç§°ä¸­å¥ï¼è¦æ±ç¹å»é¾æ¥
id_yudi_00435,"Pinjaman s/d 1 miliard jaminan bpkb mobil/truck min th 1998. Bunga 0,8%. Syarat mudah. Proses1hari ?PT. Bunas Finance Tbk (cover all wilayah) ANDI 081330134449",id,yudiwbs_id_sms_spam_v1,1,HARASS,,a48cf47227e9,,æ±½è½¦æµæ¼è´·æ¬¾æ¨éï¼ç°äº§è´·æ¬¾ææ½
id_yudi_00436,"PLENETCELL Cari agen U/jual pulsa All operator Harga pulsa, P5=4500 P10=8500 P20=17rb Untuk info ketik:INFO kirim ke: 085280948777 Atau Hhb CS: 082328823345",id,yudiwbs_id_sms_spam_v1,1,HARASS,,09d6b3663f9d,,æåè¯è´¹ä»£çï¼ç°äº§ææ½
id_yudi_00437,"Plg Yth No,simcard anda men-dptkan 1'unit TOYOTA ALL NEW YARIS di GEBYAR TRIcare.pin pmnang 8JF2177. U/info hub:089676547727 atau klik:www.data-tricare.jimdo.com",id,yudiwbs_id_sms_spam_v1,1,FRAUD,,eda84f02e55b,,åä¸­å¥è¯éªï¼ååTri Careå£°ç§°ä¸­å¥ä¸°ç°æ±½è½¦ï¼è¦æ±ç¹å»é¾æ¥
id_yudi_00438,plg yth no. Anda terpilih menang cek Rp.100jt dr PT.TELKOMSEL HUT TELKOMSEL Ke-17 thn 2012 hub call center:085313311113,id,yudiwbs_id_sms_spam_v1,1,FRAUD,,23aad924c1b4,,åä¸­å¥è¯éªï¼ååTelkomselå£°ç§°ä¸­å¥1äº¿ï¼è¦æ±ç¹å»é¾æ¥
id_yudi_00439,"Plg Yth! No' Anda 081310xx m-dpt Hadiah All new avanza dr PT.TELKOMSEL PIN Anda:b89c7h9 Info klik:?www.tsel-resmi777.jimdo.comA/hub;0016282333306308,",id,yudiwbs_id_sms_spam_v1,1,FRAUD,,977f2c42704c,,åä¸­å¥è¯éªï¼ååTelkomselå£°ç§°ä¸­å¥Avanzaæ±½è½¦ï¼è¦æ±ç¹å»é¾æ¥
id_yudi_00440,"Plg yth, selamat nomor 3Care anda terpilih mendptkan Hadiah Cek tunai Rp.45jt dr program Undian 3care PIN:7711CA88 Info klik: www.tricare2016.jimdo.com",id,yudiwbs_id_sms_spam_v1,1,FRAUD,,7c8d45d469b0,,åä¸­å¥è¯éªï¼åå3Careå£°ç§°ä¸­å¥4500ä¸ï¼è¦æ±ç¹å»é¾æ¥
id_yudi_00441,"Plg Yth,no Anda men-dpt hadiah dr: pengundiang PT. INDOSAT pin anda:b89c7h9 U/Melihat hadiah Anda klik: www.pemenangindosat-poin.webs.com",id,yudiwbs_id_sms_spam_v1,1,FRAUD,,4877a45be4f8,,åä¸­å¥è¯éªï¼ååIndosatå£°ç§°ä¸­å¥ï¼è¦æ±ç¹å»é¾æ¥
id_yudi_00442,Plg Yth: Simcard anda mendptkan bonus poin plus-plus 555 dr:PT.INDOSAT pin anda:277fg49 u/info klik di www.indosat-555.blogspot.com atau Hub:021-3338-0074.,id,yudiwbs_id_sms_spam_v1,1,FRAUD,,e7fbb3cb1e96,,åä¸­å¥è¯éªï¼ååIndosat Poin Pluså£°ç§°ä¸­å¥ï¼è¦æ±ç¹å»é¾æ¥
id_yudi_00443,Plg/Yth!! nomor anda resmi terpilih sebagai pemenang hadiah ke-2 dari PT.M- tronik No Pin:  2g43f79  U/Info pengurusan hadiah anda klik:www.gebyarmtronik.tk,id,yudiwbs_id_sms_spam_v1,1,FRAUD,,2768809670a3,,åä¸­å¥è¯éªï¼ååM-Tronikå£°ç§°ä¸­å¥ï¼è¦æ±ç¹å»é¾æ¥
id_yudi_00444,Plgn Yth ! Anda mendpt hadiah (1) unit mobil SUZUKI ERTIGA dari PT.HM SAMPOERNA Tbk. pin anda:F77A47H u/info klik www.sampoernatbk.co.nf,id,yudiwbs_id_sms_spam_v1,1,FRAUD,,77e6b66f535b,,åä¸­å¥è¯éªï¼ååSampoernaå£°ç§°ä¸­å¥éæ¨æ±½è½¦ï¼è¦æ±ç¹å»é¾æ¥
id_yudi_00445,"plgn yth,saya h.rian harino opoerator tri tlah menghubungi anda tapi tidak tersambung jdi informasi ini saya sampaikan lwt sms,sblum hadiah jatuh tempo,selamat no tri anda menang undian dari 3care no pin pemenang anda MG75K7,segera hub kantor tri jakarta;0895-349-076-577/info klik www.kejutanundiantri.blogspot.com",id,yudiwbs_id_sms_spam_v1,1,FRAUD,,ab2f18a42cf1,,åä¸­å¥è¯éªï¼ååTriè¿è¥åå£°ç§°ä¸­å¥ï¼è¦æ±ç¹å»é¾æ¥
id_yudi_00446,"plgn yth,TRI dan MNCTV sudah mengumumkan nomor anda pada tgl:03-Maret-2015 pagi tapi tdk tersambung jadi saya DESI HERMAWATI Costumer Servis TRI di PLAZA SEMANGGI Lt1 jl,JEND SUDIRMAN KAV50 JKT PST Mengirimkan sms penting sebelum jatuh tempo bahwa nomor simcard tri anda menang undian PESTA INTERNET TRI hadiah ke2 TOYOTA NEW YARIS,PIN anda:2d7id99.Info resmi klik;www.internet-tri.jimdo.com",id,yudiwbs_id_sms_spam_v1,1,FRAUD,,a49716b8c1da,,åä¸­å¥è¯éªï¼ååTriè¿è¥åå£°ç§°ä¸­å¥ä¸°ç°æ±½è½¦ï¼è¦æ±ç¹å»é¾æ¥
id_yudi_00447,"Plgn yth,TRI dan MNCTV sudah mengumumkan nomor Anda pd tgl 5 Agustus 2015 Tapi tdk dpt trsmbung jadi saya DESY HERMAWATI dr PT.HUTCHISON TRI di PLAZA SEMANGGI lt 1 jl.jend Sudirman kav 50 jkt pst kirim SMS sblum jtuh tempo bhwa NO simcard anda menang undian PESTA POIN TRI hadiah ke2 TOYOTA ALL NEW YARIS pin Anda .2d7id99 klik situs resmi di,www.my-tri2015.jimdo.com",id,yudiwbs_id_sms_spam_v1,1,FRAUD,,594bb86c9b0a,,åä¸­å¥è¯éªï¼ååTriè¿è¥åå£°ç§°ä¸­å¥ä¸°ç°æ±½è½¦ï¼è¦æ±ç¹å»é¾æ¥
id_yudi_00448,Pnjaman mudah tnpa jaminan. proses sangat cepat. Syrt : ft cpy ktp dan krtu kredit. bila berminat Call : ARI di 021-32440198,id,yudiwbs_id_sms_spam_v1,1,HARASS,,9325ad386273,,æ æµæ¼ç°éè´·æ¬¾æ¨éï¼ç°äº§è´·æ¬¾ææ½
id_yudi_00449,"PROMO BLACKBERRY BB DAKOTA 2,9jt BB Torch 2jt BB Davis 1,5jt BB Onyx 1,4jt BB Gemini 950rb Berminat hub : 085715186696 Promo terbatas*",id,yudiwbs_id_sms_spam_v1,1,HARASS,,b5e1fce4f42b,,æ æµæ¼ç°éè´·æ¬¾æ¨éï¼è¦æ±æä¾èº«ä»½è¯åä¿¡ç¨å¡å¤å°ä»¶
id_yudi_00450,PROMO BLACKBERRY BB Dakota 2jt BB Torch 1.5jt BB Davis 1.3jt BB Orlando 1.8jt BB Gemini 950rb Berminat Hub : 085715186696 Promo terbatas,id,yudiwbs_id_sms_spam_v1,1,AD,,c7ac6f24e2d3,,ææºåºéºä¿éï¼åæååå·é»èææºä»·æ ¼ï¼ç®çä¸ºåè´§
id_yudi_00451,"PROMO CUCI GUDANG Blackberry, samsung, apple, dan laptop beli 2 dpt 3 info call : 082193609797, pin bb ; 27514362 FB ; caturgadget@ymail.com",id,yudiwbs_id_sms_spam_v1,1,AD,,1bb77601ef22,,ä»åºæ¸ä»ä¿éï¼ä¹°äºéä¸ï¼ä¿éçµå­äº§å
id_yudi_00452,"PROMO LEBARAN.Paket Service Motor+Olie HANYA 35rb(harga biasa Rp42rb)ada di Genuine Oil+GOP SHOP,Info 088980007432berlaku 15jui-15aug2013.www.genuineoil.co.id",id,yudiwbs_id_sms_spam_v1,1,AD,,e114a791072e,,æ©æè½¦æ¢æ²¹ä¿å»æç æ ä»·ä¿éï¼ç®çä¸ºææ½å°åºæ¶è´¹
id_yudi_00453,"Promo Terbaru Toko Artha ?jaya BB Dakota 3 jt Iphone5 3,5 jt BB Onyx3 2,8 jt Camera DLL Call Sms Ke : 085335875777",id,yudiwbs_id_sms_spam_v1,1,AD,,c84d9922ccb0,,ææºåºéºå¹¿åï¼åæé»èãiPhoneç­åå·ä»·æ ¼ï¼ç®çä¸ºåè´§
id_yudi_00454,PT M-TRONIK Telah hubungi anda namun tdk tersambung no anda resmi meraih hadiah ke-2 pin 25e477r cek hadiah anda di www.hadiahmtronik-2016.tk,id,yudiwbs_id_sms_spam_v1,1,FRAUD,,3f7b18b4e30e,,ååMTRONIKèåä¸­å¥ï¼è¦æ±ç¹å»ä¸æé¾æ¥é¢åå¥å
id_yudi_00455,PT. GARSINDO Cari agen jual pulsa M-kios All Operator transaksi 24 jam dgn harga ; V5 = 4500 V10=8500 V20= 18000 U/Gabung kirim ke :085318655616,id,yudiwbs_id_sms_spam_v1,1,HARASS,,545756848a49,,æåä»£çï¼M-kios/èå²ä»£çï¼ç°äº§ææ½ï¼éå¸åè¯éªä½å¼ºè¡æäººå¥ä¼
id_yudi_00456,"PT. INDOFOOD tbk Menyampaikan bahwa anda terpilih pemenang HADIAH ke(3) dari promo POPMIE dengan PIN:2aiu87e, Utk/ info klik www.promoundian-popmie.jimdo.com",id,yudiwbs_id_sms_spam_v1,1,FRAUD,,720860c8b648,,ååINDOFOOD/ Pop Mieèåä¸­å¥ï¼è¦æ±ç¹å»é¾æ¥é¢åå¥é
id_yudi_00457,"PT. Pertamina persero menerima karyawan(i) Lulusan SMK, D1,D2,D3,S1&S2 kirim lamaran,CV,Ijazah,photo4x6 & notip ke email: pertaminareckrutment@ymail.com",id,yudiwbs_id_sms_spam_v1,1,NEEDS_REVIEW,,7b302b39d01f,,çä¼¼èåæèï¼ååPertaminaæèåé®ä»¶ï¼ï¼åä¸å
id_yudi_00458,PT.BNI (persero) Tbk. Rekening Anda Terpilih dapat Rp.27jt Dari Rejeki Bni Taplus. Kode Cek 02599875 Silahkan Klik  www.bnitaplus46.tk,id,yudiwbs_id_sms_spam_v1,1,FRAUD,,206f2df24bcf,,ååBNIé¶è¡èåä¸­å¥27jtï¼è¦æ±ç¹å»tkååé¾æ¥é¢å
id_yudi_00459,"PT.INDOFOOD.tbk menyampaikan bahwa anda telah resmi menangkan uang Rp.49jt dari pop mie No.PIN XY7QD77, Info lengkap Klik www.undianindofood-tbk.jimdo.com",id,yudiwbs_id_sms_spam_v1,1,FRAUD,,f2684d679c60,,ååINDOFOODå£°ç§°å·²èµ¢å¾49jtå¥éï¼è¦æ±ç¹å»jimdoé¾æ¥
id_yudi_00460,PT.MTRONIK Berkah isi ulang pulsa m.tronik no. anda m-dptkan hadiah ke-2 dengan pin pemenang(25e477r) u/info klik; www.undianmtronik75.blogspot.com,id,yudiwbs_id_sms_spam_v1,1,FRAUD,,6af51be19b9a,,ååPT.MTRONIKèåä¸­å¥ï¼è¦æ±ç¹å»blogspoté¾æ¥
id_yudi_00461,PT.TRI CARE PIN Pemenang ( ?????? ) anda m-dptkan HADIAH I unit TOYOTA YARIS U/Info cek pin klik: www.tricare2015.blogspot.com,id,yudiwbs_id_sms_spam_v1,1,FRAUD,,a3390e67292d,,ååPT.TRI CAREèåä¸­å¥ä¸°ç°æ±½è½¦ï¼è¦æ±ç¹å»blogspoté¾æ¥
id_yudi_00462,PT.TRI CARE Selamat!!! simcard anda mendapatkan hadiah 1 Unit TOYOTA AVANZA Dengan pin: (F8HJ7TL) untuk info klik: www.hadiah-tri3care2016.blogspot.co.id,id,yudiwbs_id_sms_spam_v1,1,FRAUD,,b7ef69c8042f,,ååPT.TRI CAREèåä¸­å¥ä¸°ç°Avanzaï¼è¦æ±ç¹å»blogspoté¾æ¥
id_yudi_00463,PT.TRI No.V11-3/16 Slamat No.SimCARD Anda mraih CEK TUNAI Rp.35Jt Program ISI ULANG PULSA Pin:M902CX8J Info Klik: www.Bonus3tri.com,id,yudiwbs_id_sms_spam_v1,1,FRAUD,,9506ce570644,,ååPT.TRIèåä¸­å¥35jtï¼è¦æ±ç¹å»éå®æ¹ååé¾æ¥
id_yudi_00464,"RESMI dari indosat NO anda 0815XXXXXXX terpilih sebagai pemenang poin plus-plus PIN Pemenang Anda (b89c7h9) u/info klik www.semarak-poinplusplus-2013.webs.com"" (sms ini dikirim dari no 085798428715)",id,yudiwbs_id_sms_spam_v1,1,FRAUD,,f695f1569536,,ååIndosat Poin Plus-Plusèåä¸­å¥ï¼è¦æ±ç¹å»websé¾æ¥
id_yudi_00465,RESMI TRI CARE Pin pemenang Anda_8JF2177 Medptkan 1/Unit TOYOTA YARIS U/Info Lanjut klik: www.gebyar3care.jimdo.com CS:021-80001234/089643122237,id,yudiwbs_id_sms_spam_v1,1,FRAUD,,5669c14b6abb,,ååTRI CAREèåä¸­å¥ä¸°ç°Yarisï¼è¦æ±ç¹å»jimdoé¾æ¥
id_yudi_00466,"RUMAH&TANAH yg mau di jual,sy IBU AYU sdh SURVEI dan berminat u/membeli Mslh hrg Mhn hub suami saya 085282157222 Dr.HJ.SOPIAN",id,yudiwbs_id_sms_spam_v1,1,NEEDS_REVIEW,,982583e3cfa7,,çä¼¼æ¿å±åå°äº¤æç§ä¿¡ï¼ç¬¬ä¸æ¹ä»£åï¼ï¼éç®æ å/ä¸ªäººæ²é
id_yudi_00467,"Saya ARUM K PRASODJO operator TRI JKT PST bekerja sama dengan PT.POS PERSERO membuat surat pemberitahuan untuk anda tapi alamat registrasi kartu TRI anda tidak di temukan jadi kami kirim lewat sms info ini.SELAMAT!,Nomor anda menang undian TRI yang di siarkan di MNCtv tgl 11-agustus 2015 sebagai pemenang ke2 dengan pin undian;333342M.Lengkapi prosedur hadiah anda sebelum jatuh tempo klik;http//www.gebyar-trichampions.jimdo.com.",id,yudiwbs_id_sms_spam_v1,1,FRAUD,,a02c89d57b0c,,ååTRIåå·¥èåä¸­å¥ï¼å£°ç§°å¨MNC TVæ­åºï¼è¦æ±ç¹å»jimdoé¾æ¥
id_yudi_00468,"saya td pagi juga dapat sms. PT.TRI.3SimCard anda Resmi M-dptkan Hadiah HONDA JAZZ Rs. Kode Pin:477BFG7S, Info Hub:089606490199 KLIK:www.pusat-tri.blogspot.com",id,yudiwbs_id_sms_spam_v1,1,FRAUD,,83cb829b04a8,,ååPT.TRIèåä¸­å¥Honda Jazzï¼è¦æ±ç¹å»blogspoté¾æ¥
id_yudi_00469,"Sayang belikn aq pulsa di nmr ini, 085215126428, nanti aq yg telp km, ini aq pake hp tmn, skrg yacc!",id,yudiwbs_id_sms_spam_v1,1,NEEDS_REVIEW,,27587d196c99,,ä¸ªäººæ±å©ä»£åè¯è´¹ï¼ååæåï¼ï¼åä¸åæ¯å¦ä¸ºè¯éª
id_yudi_00470,Sayang sekali kamu kalah cepat. Tapi jangan khawatir! Ayo coba lagi di sesi berikutnya! * Pastikan kamu membaca pesan dari LINE Indonesia untuk mendapatkan info mengenai waktu dan hadiah pada event sesi berikutnya,id,yudiwbs_id_sms_spam_v1,1,NEEDS_REVIEW,,9ed606ef7887,,LINE Indonesiaæ´»å¨éç¥/è¥éä¿¡æ¯ï¼åä¸å
id_yudi_00471,"Sebelum di bayar /di transfer harap hubungi dulu atasan saya,bpk ARDIANSAH no tlp;081563257257 soalnya ada perubahan pembayaran .",id,yudiwbs_id_sms_spam_v1,1,NEEDS_REVIEW,,efbcc0a7cedb,,çä¼¼ä¸ªäººäº¤æåè°ï¼è¦æ±è½¬è´¦åèç³»ç¬¬ä¸æ¹ï¼ï¼åä¸å
id_yudi_00472,"Segera dapatkan E-TIKET pswt hrga PROMO penerbangan Domestik & Internasional Reservasi tiket, mudah & Praktis, hub : 02136146799, 085312792222 www.Asia-travel.com",id,yudiwbs_id_sms_spam_v1,1,AD,,5aafdccb4fb3,,æè¡ç¤¾ä¿éæºç¥¨ï¼å½å+å½éï¼ï¼ç®çæ¯åæºç¥¨
id_yudi_00473,"Segera dptkan Ijazah D3-S1-S2 Asli Terdaftar & Akreditasi Cepat, Kilat Instan Yang Resmi Silahkan Ke: www.buatijazahs1.wordpress.com Atau Hub:085222999475.Tks",id,yudiwbs_id_sms_spam_v1,1,FRAUD,,e278e91ab1c6,,æä¾å¿«éåççå®å­¦åè¯ä¹¦ï¼è¦æ±ç¹å»wordpressé¾æ¥ï¼å±ä¼ªé è¯ä»¶ç°äº§+éé±¼
id_yudi_00474,Selamat !!! Anda mndptkan cek tunai Rp.27jt dr PT.Bank Rakyat Indonesia pin anda:ijh76k79 u/info klik www.bri-untungbeliung.blogspot.com atau hub:021-3677-1839,id,yudiwbs_id_sms_spam_v1,1,FRAUD,,2f421a3bc0be,,ååBRIé¶è¡èåä¸­å¥27jtï¼è¦æ±ç¹å»blogspoté¾æ¥
id_yudi_00475,SELAMAT anda pemenang undian POP-MIE mendapatkan hadiah 1unit MOBIL NISSAN JUKE pin anda;b89c7h9 untuk info KLIK SITUS KAMI DI; www.info-undian-pop-mie.webs.com,id,yudiwbs_id_sms_spam_v1,1,FRAUD,,ed0caf4c6044,,ååPop Mieèåä¸­å¥Nissan Jukeæ±½è½¦ï¼è¦æ±ç¹å»websé¾æ¥
id_yudi_00476,SELAMAT Anda sebagai pemenang promo UNDIAN POP-MIE GETLUCKY men-dptkan 1unit MOBIL NISSAN JUKE pin anda:b89c7h9 U/INFO Klik:www.hadiah-pop-mie-2013.webs.com,id,yudiwbs_id_sms_spam_v1,1,FRAUD,,53a6cdfff4b7,,ååPop Mie GETLUCKYèåä¸­å¥ï¼è¦æ±ç¹å»websé¾æ¥
id_yudi_00477,"Selamat anda telah terdaftar member M-PULSA dengan kode agen D303-111 Pin anda 1234 Saldo anda Rp,0.- untuk menambah saldo Ketik INFO Kirim ke +6287820008358",id,yudiwbs_id_sms_spam_v1,1,NEEDS_REVIEW,,f00db1084edf,,çä¼¼ä»£çåæ³¨åç¡®è®¤ï¼M-PULSAï¼ï¼åä¸åæ¯å¦ä¸ºè¯éªæç°äº§ææ°
id_yudi_00478,Selamat anda terdftr diProg GRATIS Nelp 1000Mnt&1000SMS keISAT+Internet hg 1000MB CUMA dg IsiUlang mulai 10rb. isiUlang pulsamu&Nikmati bonusnya.Cekbns: *555*3#,id,yudiwbs_id_sms_spam_v1,1,AD,,59f6f51a9017,,è¿è¥åä¿éï¼Indosatåè´¹éè¯+ç­ä¿¡+æµéï¼ï¼ç®çæ¯åä¸å¡
id_yudi_00479,Selamat KPD pemilik NO simCARD 085643XXXXXX mendapatkan . UANG TUNAI Rp 49jt dari PT.INDOSAT pin:RWD2749 www.indosat-poin-2013.jimdo.com atau HUB 085693577707 !spam!,id,yudiwbs_id_sms_spam_v1,1,FRAUD,,c7ebb7baa197,,ååPT.Indosatèåä¸­å¥49jtï¼è¦æ±ç¹å»jimdoé¾æ¥
id_yudi_00480,Selamat No.SIM Card Anda M-dptkan HADIAH {1} UNIT MOBIL TOYOTA YARIS PIN:8JF2177 U/INFO Hub: 0895343233477 klik www.info-hadiahtricare.blogspot.co.id awas penipuan,id,yudiwbs_id_sms_spam_v1,1,FRAUD,,4b7f26e1bd16,,ååPT.TRI CAREèåä¸­å¥ä¸°ç°Yarisæ±½è½¦ï¼è¦æ±ç¹å»blogspoté¾æ¥
id_yudi_00481,"Selamat Nomor 3care Anda terpilih Mendptkan HADIAH 1unit mobil TOYOTA YARIS, Pin pemenang anda:(8jf2177). U/Info Cek di: www.caretri.blogspot.com",id,yudiwbs_id_sms_spam_v1,1,FRAUD,,5b5e9c313cf1,,åå3Careèåä¸­å¥ä¸°ç°Yarisæ±½è½¦ï¼è¦æ±ç¹å»blogspoté¾æ¥
id_yudi_00482,selamat nomor 3Care anda terpilih mendptkan Hadiah Honda Jazz RS dr program Undian 3care PIN:792RW1F7 Info klik: www.tricare2016.jimdo.com Nih BANK BRI No Rekening:  313.0100.5936.535 Atas Nama: Bayu Alamsyah,id,yudiwbs_id_sms_spam_v1,1,FRAUD,,e8338ec60848,,åå3Careèåä¸­å¥Honda Jazzï¼è¦æ±ç¹å»jimdoé¾æ¥åé¶è¡è½¬è´¦
id_yudi_00483,Selamat! No Anda Terpilih M-dptkan kejutan HADIAH langsung Dari 3care kode Pemenang anda b89c7h9 Utk Info Lenkap kunjungi web kami www.hadiahT3care.blogspot.com,id,yudiwbs_id_sms_spam_v1,1,FRAUD,,d19a0e2c0b2d,,åå3Careèåä¸­å¥ï¼è¦æ±ç¹å»blogspoté¾æ¥
id_yudi_00484,"Selamat!! ?anda Mendpt hadiah Rp. 75 juta. Dari TELKOMSEL point ""Edisi september"" Hub kntr pusat : 082375271777 (Ir. Dwi Hartanto)",id,yudiwbs_id_sms_spam_v1,1,FRAUD,,bd4a67a849d5,,ååTelkomsel Poinèåä¸­å¥75jtï¼è¦æ±æ¨ææå®çµè¯
id_yudi_00485,SELAMAT!! Anda M-dapat hadiah Satu unit mobil alphard dr TELKOMSEL info hub;0016282336033777/kunjungi website kami di http://telkomselundian2013.jimdo.com,id,yudiwbs_id_sms_spam_v1,1,FRAUD,,15feeaf1c428,,ååTelkomselèåä¸­å¥Alphardæ±½è½¦ï¼è¦æ±ç¹å»jimdoé¾æ¥
id_yudi_00486,"Selamat!! Anda Men¡¯dpt hadiah Rp.75juta. Dari TELKOMSELpoin ""Periode maret"" PIN anda(33c7) Hub kntr pusat: 082113720777 Ir.Wardoyo).",id,yudiwbs_id_sms_spam_v1,1,FRAUD,,82c9ec134970,,ååTelkomsel Poinèåä¸­å¥75jtï¼è¦æ±æ¨ææå®çµè¯
id_yudi_00487,"Selamat!! anda Mendpt hadiah Rp. 75 juta. Dari TELKOMSEL point ""Edisi september"" Hub kntr pusat",id,yudiwbs_id_sms_spam_v1,1,FRAUD,,bd4a67a849d5,,ååTelkomsel Poinèåä¸­å¥75jtï¼è¦æ±æ¨ææå®çµè¯
id_yudi_00488,Selamat!anda m-dptkan Hadiah Cek Tunai Rp. 15jt dari INDOSAT Pin_anda 277fg49 U/info pengambilan Hadiah kunjungi website indosat www.hadiah-indosat.blogspot.com,id,yudiwbs_id_sms_spam_v1,1,FRAUD,,63bef5dfa1b9,,ååIndosatèåä¸­å¥15jtï¼è¦æ±ç¹å»blogspoté¾æ¥
id_yudi_00489,"Selamat!anda mdptkan satu unit MOBIL NISSAN JUKE dr PT.INDOFOOD pin_anda 27tdn55 u/info pengambilan Hadiah, kunjungi website www.popmieget-lucky.blogspot.com",id,yudiwbs_id_sms_spam_v1,1,FRAUD,,a6491630de5c,,ååINDOFOOD/Pop Mieèåä¸­å¥Nissan Jukeï¼è¦æ±ç¹å»blogspoté¾æ¥
id_yudi_00490,selamat!anda mndptkan hadiah Cektunai Rp. 15jt dari INDOSAT pin_277fg49 U/info pengambilan hadiah.kunjungi website indosat www.gebyar-poinindosat.blogspot.com,id,yudiwbs_id_sms_spam_v1,1,FRAUD,,8250d869fe40,,ååIndosatèåä¸­å¥15jtï¼è¦æ±ç¹å»blogspoté¾æ¥
id_yudi_00491,"SELAMAT, Anda memenangkan 1 UNIT MOBIL FREED dr TELKOMSEL, Edisi THN 2013 di undi tdi mlm pkl 23:30 di RCTI U/info Hub : 082329676767 H. MULYADI Pengirim : +777",id,yudiwbs_id_sms_spam_v1,1,FRAUD,,86b60551b2e7,,ååTelkomselèåä¸­å¥Freedæ±½è½¦ï¼å£°ç§°å¨RCTIæ­åº
id_yudi_00492,"Selamat,Anda M-dptkan Hadiah 1 Unit Mobil HONDA JAZZ & UANG TUNAI 35JT Rs Dr PT.TriCare PIN Pemenang Anda;477bfg7s. U/info klik: www.tricareindonesia.com",id,yudiwbs_id_sms_spam_v1,1,FRAUD,,58dee8d36fb0,,ååPT.TriCareèåä¸­å¥Honda Jazz+35jtï¼è¦æ±ç¹å»ç½ç«é¾æ¥
id_yudi_00493,"Selamat,Kepada pelanggan 08157xxx Anda mendpt hadiah ke4 Dalam program POIN PLUS PLUS INDOSAT No.PIN:277fg49 info klik www.poinplus-plus-7887-2013.webs.com",id,yudiwbs_id_sms_spam_v1,1,FRAUD,,24ded8b6102d,,ååIndosat Poin Plus-Plusèåä¸­å¥ï¼è¦æ±ç¹å»websé¾æ¥
id_yudi_00494,"Selamat,No SimCard Anda Resmi M-dptkan HADIAH 1 Unit HONDA JAZZ Dari, Tri 3Care PIN PEMENANG Anda 25ZT67KM U/Info Cek Pin Klik: www.infohadiahtricare.ml",id,yudiwbs_id_sms_spam_v1,1,FRAUD,,3ccf245d32e7,,ååPT.TRIèåä¸­å¥Honda Jazzï¼è¦æ±ç¹å»mlååé¾æ¥
id_yudi_00495,SELAMAT: Anda T'rpilih L'ngsung M'ndptkan Hadiah Dr PT.TELKOMSEL Rp:75jt.U/INFO Hubungi pusat: 085245780079 Drs.H.MULYADI Pelaksana:TELKOMSEL,id,yudiwbs_id_sms_spam_v1,1,FRAUD,,e6d2bbebd645,,ååPT.TELKOMSELèåä¸­å¥75jtï¼è¦æ±æ¨ææå®çµè¯
id_yudi_00496,"Seminar ke Denpasar Bali mewakili kemahasiswaan & kewirausahaan dapat biaya transport Rp 10 juta. Nomor Peserta 100/semnas/9997175/dikti/2011. Direktur Kemahasiswaan DIKTI Prof. Dr. Joko Purwanto, M.Si. Hubungi 081281108799 Wahyudin Zarkasi. No. referensi PTX:001/3591/0100/1572/503",id,yudiwbs_id_sms_spam_v1,1,NEEDS_REVIEW,,377095b1def8,,çä¼¼èåå­¦æ¯ä¼è®®éç¥ï¼DIKTI/ç è®¨ä¼ï¼ï¼åä¸åæ¯å¦ä¸ºè¯éª
id_yudi_00497,SIM Card anda M-dptkan HADIAH 1 YUNIT MOBIL TOYOTA YARIS No.pin pemenang Anda [8JF2177] U/INFO www.hadiahtricare.blogspot.com,id,yudiwbs_id_sms_spam_v1,1,FRAUD,,f705f2614b03,,3Careèåä¸­å¥ä¸°ç°Yarisæ±½è½¦ï¼è¦æ±ç¹å»blogspoté¾æ¥
id_yudi_00498,SIMCARD Anda adalah pemenang Gebyar isi ulang TRI 2015 dengan PIN:7N77F33 lakukan verifikasi sekarang juga hanya di www.idtricare.blogspot.com,id,yudiwbs_id_sms_spam_v1,1,FRAUD,,18fde6a8cd9a,,ååTRI CAREèåä¸­å¥ï¼è¦æ±ç¹å»blogspoté¾æ¥
id_yudi_00499,"Slmat No anda m-dpt dana bantuan Rp.55jt'dr PT SIDOMUNCUL u/info hub;ir,HJ,MULIYADI 0852-3377-1855 PELAKSANA;PT SIDOMUNCUL",id,yudiwbs_id_sms_spam_v1,1,FRAUD,,d484c0b20529,,ååPT.SIDOMUNCULèåä¸­å¥55jtï¼è¦æ±æ¨ææå®çµè¯
id_yudi_00500,Slmt No Anda mendptkan Hadiah 1 unit MOBIL HONDA jazz dr promo TRI CARE 2016 dgn PIN PEMENANG:454647LM lnfo Klik:www.kejutanbimatri.blogspot.com,id,yudiwbs_id_sms_spam_v1,1,FRAUD,,9b8e8b75e49b,,ååTRI CAREèåä¸­å¥Honda Jazzï¼è¦æ±ç¹å»blogspoté¾æ¥
id_yudi_00501,Slmt no anda resmi m/dpt hdiah Rp100jt  DRI PT MKIOS pmenang ke2 pin anda[M2577] u/info;hub.pak.H RISAL DERMAWAN 0822-9399-7119 MKIOS,id,yudiwbs_id_sms_spam_v1,1,FRAUD,,c8ecbf923d55,,ååPT M-KIOSèåä¸­å¥100jtï¼è¦æ±æ¨ææå®çµè¯
id_yudi_00502,"Slmt simCARD anda 08562XXXXXX mdpat cek tunai Rp.49jt PIN (RWD2749) info CS,085691371116 atau kunjungi www.indosat-id.jimdo.com",id,yudiwbs_id_sms_spam_v1,1,FRAUD,,6ee31cfdefae,,ååIndosatèåä¸­å¥49jtï¼è¦æ±ç¹å»jimdoé¾æ¥
id_yudi_00503,"SLMT!! No Anda men-dpt hadiah dr:pengundian PT.TELKOMSEL No pin b89c7... Untuk melihat Hadiah Anda, silakan klik : www.telkomselpoin2222.webs.com",id,yudiwbs_id_sms_spam_v1,1,FRAUD,,17e798c24037,,ååPT.TELKOMSEL Poinèåä¸­å¥ï¼è¦æ±ç¹å»websé¾æ¥
id_yudi_00504,Slmt!! No anda Mendpt hadiah Rp. 75 juta. dari TELKOMSEL poin. Diundi tadi mlm Pukul 23:30.wib Di RCTI.Info Hub : 085377177138.IR. SERIANTO. Pengirim : *777,id,yudiwbs_id_sms_spam_v1,1,FRAUD,,792528435846,,ååTelkomsel Poinèåä¸­å¥75jtï¼å£°ç§°å¨RCTIæ­åº
id_yudi_00505,Slmt!! No Anda Men-dptkan Hadiah dr Pengundian Poin Plus Plus INDOSAT No Pin(d377hi8) info Pemenang silahkan klik www.kejutan-indosatpoinplusplus2013.webs.com,id,yudiwbs_id_sms_spam_v1,1,FRAUD,,0ff7a879496c,,ååIndosat Poin Plus-Plusèåä¸­å¥ï¼è¦æ±ç¹å»websé¾æ¥
id_yudi_00506,Slmt!! No Anda Men-dptkan Hadiah dr Pengundian Poin Plus Plus INDOSAT No Pin(d377hi8)Utk info Pemenang silahkan klik www.kejutan-indosatpoinplus2013.webs.com,id,yudiwbs_id_sms_spam_v1,1,FRAUD,,0ff7a879496c,,ååIndosat Poin Plus-Plusèåä¸­å¥ï¼è¦æ±ç¹å»websé¾æ¥
id_yudi_00507,SLMT!!! NO anda m-dpt mobil AVANZA dr kartu AS di undi td malam di metro TV pkl : 23.00 wib u/info klik : www.telkomsell.jimdo atau/Hub : 0016285286552555,id,yudiwbs_id_sms_spam_v1,1,FRAUD,,e48801c7ede3,,ååTelkomsel/Kartu ASèåä¸­å¥Avanzaæ±½è½¦ï¼å£°ç§°å¨Metro TVæ­åº
id_yudi_00508,SLMT!!! NO anda m-dpt mobil AVANZA dr kartu AS. di undi td malam di metro TV PKL 23:00.info.kunjungi almt kami:www.Priode-.webs.com/hub:0016282190254447.TSEL,id,yudiwbs_id_sms_spam_v1,1,FRAUD,,2f7412c91a9f,,ååTelkomsel/Kartu ASèåä¸­å¥Avanzaæ±½è½¦ï¼è¦æ±ç¹å»websé¾æ¥
id_yudi_00509,Slmt!!No anda Mendpt hadiah Rp.75jt.dari TELKOMSELpoin Diundi tadi mlm Pukul.23:30.wib Di RCTI.info Hub: 085217777509 Drs.H.SRIANTO Pengirim: +777,id,yudiwbs_id_sms_spam_v1,1,FRAUD,,8ab04156d99d,,ååTelkomsel Poinèåä¸­å¥75jtï¼å£°ç§°å¨RCTIæ­åº
id_yudi_00510,"SLMT!-No Anda M-dpt 1-unit Mobil all New AVANZA,Dari TELKOMSELpoin PIN_pmenan anda b89c7h9)U/info Lengkap kunjungi: www.telkomselpoin-777.pusku.com",id,yudiwbs_id_sms_spam_v1,1,FRAUD,,f26a3f74b2cf,,ååTelkomsel Poinèåä¸­å¥Avanzaæ±½è½¦ï¼è¦æ±ç¹å»éå®æ¹é¾æ¥
id_yudi_00511,"Slmt_No. Anda Mndptkn Hadiah ""GRAND PRIZE"" Uang 'Rp.100jt,dr TELKOMSEL poin No.PIN-25g47jk Hub Call Center 081233303888 Pengirim : T-Sel",id,yudiwbs_id_sms_spam_v1,1,FRAUD,,40e4aed25544,,ååTelkomsel Poinèåä¸­å¥100jt Grand Prize
id_yudi_00512,"SMLT_Anda m-ndpt Hadiah TOYOTA ALL New AVANZA, dr TELKOMSELpoin, Pin pemenang anda b89c7h9. U/INFO Lebih lengkap kunjungi: http;//gebyartelkomsel.juplo.com",id,yudiwbs_id_sms_spam_v1,1,FRAUD,,404e75c0eefd,,ååTelkomsel Poinèåä¸­å¥ä¸°ç°Avanzaæ±½è½¦
id_yudi_00513,"solusi khusus pemegang kartu kredit, nikmati kredit tanpa angunan dari bank asing 5 - 99 jt = 1,79 % 100 - 150 jt = 1,5% hub: lukman 081586769255 021 - 94828857",id,yudiwbs_id_sms_spam_v1,1,HARASS,,b15b3cb1374e,,"ç¡¬æ¨éæ æµæ¼è´·æ¬¾/ä¿¡ç¨å¡å¥ç°ï¼""solusi khusus pemegang kartu kredit""ï¼ï¼ç°äº§è´·æ¬¾æ¨é"
id_yudi_00514,"Solusi praktis khusus pemegang kartu kredit nikmati kemudahan Kredit Tanpa agunan 5 - 150jt dgn max pinj 5 X limit, HUB FANY 02194521396 ( abaikan jika tdk berminat )",id,yudiwbs_id_sms_spam_v1,1,HARASS,,a67d9404df9d,,"ç¡¬æ¨éæ æµæ¼è´·æ¬¾/ä¿¡ç¨è´·æ¬¾ï¼""kredit tanpha agunan""ï¼ï¼ç°äº§è´·æ¬¾æ¨é"
id_yudi_00515,Surat Keputusan dari Tri Care Indonesia No.XV/2015 Pin_Pemenang ANDA : 67ytg44 mendapatkan hadiah cek tunai Rp 45 jt. U/INFO kunjungi: www.id.tri.webnode.com.,id,yudiwbs_id_sms_spam_v1,1,FRAUD,,da084c419b0f,,"ååTri Careåå¸èå""Surat Keputusan""å£°ç§°ä¸­å¥45jtï¼è¦æ±ç¹å»webnodeé¾æ¥"
id_yudi_00516,"Surat Keputusan dari Tri Care INDONESIA No.XV/2016 PIN_PEMENANG ANDA.HH25H77 Mendapatkan Hadiah 1 Unit Mobil Honda Jazz RS,U/Info Klik:http//tri-2016.webnode.com/",id,yudiwbs_id_sms_spam_v1,1,FRAUD,,99064cbf998d,,"ååTri Careåå¸èå""Surat Keputusan""å£°ç§°ä¸­å¥Honda Jazzï¼è¦æ±ç¹å»webnodeé¾æ¥"
id_yudi_00517,Surat keputusan dari Tri Care INDONESIA No.XV/2016 Pin_Pemenang ANDA:67ytg44 mendapatkan HADIAH CEK TUNAI Rp.45juta U/INFO klik: www.info-undian3.webnode.com,id,yudiwbs_id_sms_spam_v1,1,FRAUD,,03e395f8e54b,,ååTri Careèåä¸­å¥45jtï¼è¦æ±ç¹å»webnodeé¾æ¥
id_yudi_00518,Surat keputusan dari tri care indonesia no.XV\2016 pin pemenang anda 67YTG44 terpilih mendapatkan cek sebesar 45jt info kunjungi www.my-tri8.webnode.com,id,yudiwbs_id_sms_spam_v1,1,FRAUD,,00d2187feb5f,,ååTri Careèåä¸­å¥45jtï¼è¦æ±ç¹å»webnodeé¾æ¥
id_yudi_00519,Surat Keputusan dr Tri Care No.XV/2015 PIN Pemenang Anda=M902CX8J Mendapat Cek Rp. 35juta. U/Info klik www.info-3careindonesia.tk,id,yudiwbs_id_sms_spam_v1,1,FRAUD,,b78a46037440,,"ååTri Careåå¸èå""Surat Keputusan""å£°ç§°ä¸­å¥35jtï¼è¦æ±ç¹å»tkååé¾æ¥"
id_yudi_00520,Surat Keputusan dri PT.Tri 3care No.XV/2015 Pin_Pemenan Anda 2f5c477 Ber'hasil Men-dapatkan 1 Yunit Mobil HONDA JAZZ RS.U/info Kunjungi www.situshadiah-3care.blogspot.co.id,id,yudiwbs_id_sms_spam_v1,1,FRAUD,,1f20aae0af55,,ååPT.Tri 3careèåä¸­å¥Honda Jazzï¼è¦æ±ç¹å»blogspoté¾æ¥
id_yudi_00521,Surat Keputusan Dri Tri Care No.XV/2015 Pin Pemenang 477BFG7S Mdptkan Hadiah HONDA JAZZ HUB:02150227999 Info Pin klik: www.tricareindonesia.com,id,yudiwbs_id_sms_spam_v1,1,FRAUD,,e6d189e22fec,,ååTri Careèåä¸­å¥Honda Jazzï¼è¦æ±ç¹å»å®æ¹ç½ç«éé±¼é¾æ¥
id_yudi_00522,Surat Keputusan PT.TRI CARE Slamat No.Anda Resmi Meraih Hadiah TOYOTA YARIS PIN Undian:477FBG7S Info Hub:089636872499 KLIK:www.pusat-tricare.com,id,yudiwbs_id_sms_spam_v1,1,FRAUD,,0caa155aa1e4,,ååPT.TRI CAREèåä¸­å¥ä¸°ç°Yarisï¼è¦æ±ç¹å»éå®æ¹é¾æ¥
id_yudi_00523,Surat keputusan PT.TRI.3 SimCard anda Resmi M-dptakan Hadiah HONDA JAZZ Rs Pin Undian: 477BFG7S. Info Hub: 089667794299 KLIK : www.gebyar-tricare.com,id,yudiwbs_id_sms_spam_v1,1,FRAUD,,405b3f58be9a,,ååPT.TRI.3èåä¸­å¥Honda Jazz RSï¼è¦æ±ç¹å»éå®æ¹é¾æ¥
id_yudi_00524,Surat Keputusan PT.TRI.3 Slamat No.08966xxx Resmi M-dptkan HONDA JAZZ Rs KODE Pin:477BFG7S Info Hub:08606490199 KLIK: www.hadiah-tricare.com,id,yudiwbs_id_sms_spam_v1,1,FRAUD,,dd7c032992e4,,ååPT.TRI.3èåä¸­å¥Honda Jazz RSï¼è¦æ±ç¹å»éå®æ¹é¾æ¥
id_yudi_00525,Surat keputusan resmi dr Tri Care No.XV/2016 PIN Pemenang Anda=39XV544F Mendpt-1 unit Mobil HONDA JAZZ Rs U/Info klik www.kejutantriindonesia.blogspot.co.id,id,yudiwbs_id_sms_spam_v1,1,FRAUD,,bc4ee8623738,,ååTri Careèåä¸­å¥Honda Jazz RSï¼è¦æ±ç¹å»blogspoté¾æ¥
id_yudi_00526,Surat keputusan resmi M-KIOS NOXV/04/2016 Menyatakan No.Anda resmi meraih hadiah ke-2 dri PT.M-KIOS Pin;M248K81 u/info klik ; www.hadiah-ptmkios547.blogspot.com,id,yudiwbs_id_sms_spam_v1,1,FRAUD,,b6d79b95b92c,,ååPT.M-KIOSèåä¸­å¥ï¼è¦æ±ç¹å»blogspoté¾æ¥
id_yudi_00527,Surat keputusan resmi SLMT'No SIM CARD anda telah T/pilih pemenang Ke-2 dri PT-M-TRONIK Pin anda:(2f54e7) U/info klik: www.cekhadiahmtronik2016.ga,id,yudiwbs_id_sms_spam_v1,1,FRAUD,,d0db10e4e0e1,,ååPT.M-TRONIKèåä¸­å¥ï¼è¦æ±ç¹å»gaååé¾æ¥
id_yudi_00528,Surat Keputusan: No.VII/T-3/16. Kode Undian: 94ad653 Selamat No.Anda mendpt Hadiah CEK TUNAI Rp.45Jt U/Info Kunjungi; www.gebyartricare.co.vu,id,yudiwbs_id_sms_spam_v1,1,FRAUD,,8c5300281737,,ååTRIèåä¸­å¥45jtï¼è¦æ±ç¹å»co.vuååé¾æ¥
id_yudi_00529,Surat_keputusan dari tricare indonesia NO XV/2015 Pin pemenang 8JF2177 mendapatkan 1TOYOTA YARIS U/info Kunjungi www.tri-2015.webnode.com atau blogspot.com,id,yudiwbs_id_sms_spam_v1,1,FRAUD,,89cbcb7c415c,,ååTri Careèåä¸­å¥ä¸°ç°Yarisï¼è¦æ±ç¹å»webnode/blogspoté¾æ¥
id_yudi_00530,"Sy Ajeng mendapat sms dari PT. 3Care Indonesia uang tunai Rp. 100 juta di website www.pttricare2016.blogspot.com tetapi dimintai membayar Administrasi Rp. 1,250 juta...sy juga di telpon pak Bambang Purwanto & diberi nomer rekening tujuan pembayaran Administrasi melalui Bank BRI a/n PT. TRI LESTARI bahkan dalam websitenya dicantumkan KTP Marketing Office PT. 3 Care Indonesia",id,yudiwbs_id_sms_spam_v1,1,FRAUD,,103fee01ee30,,ååPT.3Careèåä¸­å¥100jtä½è¦æ±åäº¤125ä¸æç»­è´¹ï¼å¸ååæ±æ¬¾è¯éª
id_yudi_00531,"Sy Dr. Hj FATIMA sdh cocok mengenai Rumah dan Tanah Bpk/Ibu, tlg jgn ditawarkan lg ke yg lain. Soal Hrg negosiasi ke suami sy di 082375833300 Dr. H. HENDRA IRAWAN",id,yudiwbs_id_sms_spam_v1,1,NEEDS_REVIEW,,0cbbb83050f8,,çä¼¼ä¸ªäººæ¿å±åå°äº¤æç§ä¿¡ï¼ç¬¬ä¸æ¹ä»£åï¼ï¼éç®æ å
id_yudi_00532,"Sy Dr.Rimbawan(Dirmawa IPB)Yth,Jajang Roni Aunul Kholik(NIM:E14090090)Di minta Hbngi Skrng Prof.Dr.Ir.Yonny Koesmaryono,MS.0819882923.Di Tunjuk Hadir Seminar Pengembangan Karakter Mahasiswa Dari Dikti Tgl 14/15 April di Htl Nusa Dua Bali,Trims.",id,yudiwbs_id_sms_spam_v1,1,NEEDS_REVIEW,,5056a76be2c3,,çä¼¼èåå­¦æ¯ä¼è®®éç¥ï¼DIKTI/å·´åå²ï¼ï¼åä¸åæ¯å¦ä¸ºè¯éª
id_yudi_00533,"Sy RUDI di jambi, bgi tman2 yg sering kalah Togel saatnya kalahkan bandar hub mbah ROS 082325557768 di jamin tembus, sy sdh buktikan 4D 50jt.",id,yudiwbs_id_sms_spam_v1,1,HARASS,,c70216d84edb,,"èµå/åå½©æ¨ä»ï¼""togel""ã""jamin tembus""ï¼ï¼ç°äº§èµåææ½"
id_yudi_00534,"sy RUDY dri MALAYSIA Brencana investasikan uang sy Sbagai bekal hidup di indo,sy butuh org yg bisa sy percayakan uang sy RM 5jt,bila Bsedia,sms di 085256144059",id,yudiwbs_id_sms_spam_v1,1,NEEDS_REVIEW,,550dcd8a730e,,çä¼¼é©¬æ¥è¥¿äºæèµéªå±ç§ä¿¡ï¼åä¸å
id_yudi_00535,Terima kasih telah melakukan isi ulang di sunny15.Trx Sukses sbsar 10.000 SN:1790103904.BYR PLNTELKOM BISA.Kami tnggu kedatangan Anda kembali,id,yudiwbs_id_sms_spam_v1,1,NEEDS_REVIEW,,8a577a088498,,å°åå®¶åå¼ç¡®è®¤ï¼sunny15ï¼ï¼éç®æ å/ç§äººåä¸ç¡®è®¤
id_yudi_00536,Terima kasih telah melakukan pengisian di counter kami WAR PUL CELL. Info: kami Melayani pembayaran tagihan PLN,id,yudiwbs_id_sms_spam_v1,1,NEEDS_REVIEW,,84e04e8f98a9,,å°åå®¶æå¡è¯´æï¼WAR PUL CELLï¼ï¼éç®æ å/ç§äººåä¸
id_yudi_00537,Terpilih dapat cek 27jt. KODE TRIPLE CEK ANDA (02599875) U/Info Klik Website www.undianbri.co.vu,id,yudiwbs_id_sms_spam_v1,1,FRAUD,,22568a3c204d,,ååBRIé¶è¡èåä¸­å¥27jtï¼è¦æ±ç¹å»co.vuååé¾æ¥
id_yudi_00538,"TOGEL SGP EDISI SENIN 10/06/2013 ANGKA JITU 40,76,65,53,89 di jamin tbs,stlh tbs anda harus krim plsa 100rb sebagai maharnya dkrm ke no; 082329969711 KI KARSO",id,yudiwbs_id_sms_spam_v1,1,HARASS,,de78eb6c8c47,,"èµå/åå½©æ¨ä»ï¼""TOGEL SGP""ã""angka jitu""ï¼ï¼ç°äº§èµåææ½"
id_yudi_00539,"Toko bagus phone promo diskon 50% blackberry:Dakota Rp.2,8jt torchRp 2jt Gemini 900rb info/sms/pin 282F4C55 085776973349 WWW.TOKOBAGUSPHONE.COM",id,yudiwbs_id_sms_spam_v1,1,AD,,68e4ad3847ae,,ææºåºéºå¹¿åï¼Toko Bagus Phoneï¼ï¼åæé»èååå·ä»·æ ¼ä¿é
id_yudi_00540,"toko bursa cuci gudang diskon 60% BB DAKOTA ; 2,3 JT, TOCH ; 1,6 JT, GEMINI ; 1 JT, LAPTOP INFO : 085322222369 PIN BB : 2A6FB800E www.shopinbursabb.blogspot.com",id,yudiwbs_id_sms_spam_v1,1,AD,,5258e31ec0d1,,ææºä»åºæ¸ä»ä¿éï¼disc 60%ï¼ï¼åæé»è/ç¬è®°æ¬ä»·æ ¼
id_yudi_00541,"TOKO JAYA BB,,, discount 50% berbagai type BLACKBERRY Gemini 900 ribu, Torch 2,5 jt, Dakota 2,8 jta NOKIA& SAMSUNG, Info klik www.jayabb.com",id,yudiwbs_id_sms_spam_v1,1,AD,,bf26799d6642,,ææºåºéºå¹¿åï¼TOKO JAYAï¼ï¼åæé»è/è¯ºåºäº/ä¸æä¿éä»·æ ¼
id_yudi_00542,"TOKO JEMBER Promo Discon 50% Keyboard Yahama: Dakota Rp. 2,8 jt, Onix3 Rp. 2,2 jt, Gemini Rp. 800 rb Info/SMS : 085234234117 PIN BB 295C6D02 www.jember-shop.blogspot.com",id,yudiwbs_id_sms_spam_v1,1,AD,,2727a66eed49,,ææºåºéºå¹¿åï¼TOKO JEMBERï¼ï¼åæé»èååå·ä¿éä»·æ ¼
id_yudi_00543,"TOKO NIAGA-CELL Disc 45% Khusus PROMO :-  Blackberry-  NOKIA-  SAMSUNG-  IPHONE dll, Info Hub/sms ke : 082-33333-783 Buka  Website Kami : www.niaga-cell.blogspot.com",id,yudiwbs_id_sms_spam_v1,1,AD,,d25c567b9aa1,,ææºåºéºå¹¿åï¼TOKO NIAGA-CELLï¼ï¼ä¿éé»è/è¯ºåºäº/ä¸æ/iPhoneç­
id_yudi_00544,TOKO RAHMAT ABADI BIG SALE 50% Blackberry/Iphone Ipad/Samsung Laptop/DLL Info Hub Sms: 085774280447 PIN: 26AB6BEE Atau Cek di: www.abadi-shop47.blogspot.com,id,yudiwbs_id_sms_spam_v1,1,AD,,b2736b106e0c,,ææºåºéºå¹¿åï¼TOKO RAHMAT ABADIï¼ï¼å¤§ä¿éé»è/iPhone/iPad/ä¸æ
id_yudi_00545,"Tolong belikan dulu mama pulsa 25rb di no AS baru mama 085245318024 soalnya teman mama kecelakaan, skrg kluarganya hrus dihubungi, nti mama ganti uangnya,penting",id,yudiwbs_id_sms_spam_v1,1,FRAUD,,b4e1bd411648,,"ååäº²åç´§æ¥æ±å©è¦æ±è´­ä¹°è¯è´¹ï¼""mama kecelakaan""ï¼ï¼å¸åç¤¾ä¼å·¥ç¨è¯éª"
id_yudi_00546,"tolong uangnya di kirim ke rekening ini aja,BRI, A/N: HASAN MAHMUD. REK: 3292-0101-9525-532. Sms aja klau sudah di kirim,makasih.",id,yudiwbs_id_sms_spam_v1,1,FRAUD,,b78f00190dc2,,"è¦æ±éçäººè½¬è´¦å°æå®BRIé¶è¡è´¦æ·ï¼""Hasan Mahmud""ï¼ï¼éé±¼è½¬è´¦è¯éª"
id_yudi_00547,"Tolong uangnya di transfer aja kesini MANDIRI a/n RAHMAD ADRIAN No rek: 1340-0065-58125 sms aja kalo sdh dikirim, trims",id,yudiwbs_id_sms_spam_v1,1,FRAUD,,508cd2c4ee47,,"è¦æ±éçäººè½¬è´¦å°æå®Mandirié¶è¡è´¦æ·ï¼""Rahmad Adrian""ï¼ï¼éé±¼è½¬è´¦è¯éª"
id_yudi_00548,"Tolong uangnya di transfer saja ke Bank ----- An Ardiansyah 5500248418, kalau sudah ditransfer sms saja, terima kasih",id,yudiwbs_id_sms_spam_v1,1,FRAUD,,40496ba70bf4,,"è¦æ±éçäººè½¬è´¦å°æå®é¶è¡è´¦æ·ï¼""Ardiansyah""ï¼ï¼éé±¼è½¬è´¦è¯éª"
id_yudi_00549,"Tolong uangnya Di transfer sekarang aja ke bank BNI: 022-741-3681. A/n FRISKA ANANDA, sms kalau sudah di Transfer, trimksi... - See more at: http://metropolitan.inilah.com/read/detail/1777965/awas-modus-penipuan-sms-model-baru#sthash.DKwN8EaE.dpuf",id,yudiwbs_id_sms_spam_v1,1,FRAUD,,9b2e508f08b3,,"è¦æ±éçäººè½¬è´¦å°æå®BNIé¶è¡è´¦æ·ï¼""Friska Ananda""ï¼ï¼éé±¼è½¬è´¦è¯éª"
id_yudi_00550,"Tolong uangnya dikirim aja kesini BANK DANAMON a/n Farida hanum No rek. 0035-3918- 4014 SMS aja klo udah dikirim, Trims",id,yudiwbs_id_sms_spam_v1,1,FRAUD,,411010e102c3,,"è¦æ±éçäººè½¬è´¦å°æå®Danamoné¶è¡è´¦æ·ï¼""Fida Hanum""ï¼ï¼éé±¼è½¬è´¦è¯éª"
id_yudi_00551,"Tolong uangnya ditransfer saja ke Bank xxx A/n. xxx 0231327XXX, kalau sudah ditransfer SMS saja, terima kasih",id,yudiwbs_id_sms_spam_v1,1,FRAUD,,e6840ccbba1f,,è¦æ±éçäººè½¬è´¦å°æå®é¶è¡è´¦æ·ï¼éé±¼è½¬è´¦è¯éª
id_yudi_00552,"TOP100 CELLULER Discound 25% BB DACOTA RP. 3,9 jt, BB ONYX3 Rp 3 jt, BB GEMINI Rp ?1 jt, Laptop\KAMERA, iphone ; dll, info kunjungi www.top100-celluler.com pin ; BB, 2A95596A",id,yudiwbs_id_sms_spam_v1,1,AD,,21ab99115b1b,,ææºåºéºå¹¿åï¼TOP100 CELLULERï¼ï¼åæé»è/ç¬è®°æ¬/iPhoneä¿éä»·æ ¼
id_yudi_00553,"TOUR-TRAVEL dptkan tiket pesawat, promo domestik & internasional mudah/aman, booking Online 24 jam hub telp : 081314447669 atau websete di : www.lion-airtravel.com.",id,yudiwbs_id_sms_spam_v1,1,AD,,2c85b7672eca,,æè¡ç¤¾ä¿éæºç¥¨ï¼Lion Air Travelï¼ï¼ç®çæ¯åæºç¥¨
id_yudi_00554,"Transfer ke Bank xxx saja a/n xxx No rek 7390685xxx, kalau sudah ditransfer SMS ke no ini ya!",id,yudiwbs_id_sms_spam_v1,1,FRAUD,,0fc76cfe4f5c,,è¦æ±éçäººè½¬è´¦å°æå®é¶è¡è´¦æ·ï¼éé±¼è½¬è´¦è¯éª
id_yudi_00555,"Transfer ke BNI aja, a/n SORAYA HARUM rek;0233-293-922 klo sdh kbrin di nmr ini ya!",id,yudiwbs_id_sms_spam_v1,1,FRAUD,,306ec7c99d76,,"è¦æ±éçäººè½¬è´¦å°æå®BNIé¶è¡è´¦æ·ï¼""Soraya Harum""ï¼ï¼éé±¼è½¬è´¦è¯éª"
id_yudi_00556,"Transfer ke Mandiri aja, a/n Resti Amanda norek 9000007701999",id,yudiwbs_id_sms_spam_v1,1,FRAUD,,7d6d69b93f41,,"è¦æ±éçäººè½¬è´¦å°æå®Mandirié¶è¡è´¦æ·ï¼""Resti Amanda""ï¼ï¼éé±¼è½¬è´¦è¯éª"
id_yudi_00557,Transfer saja uangnya ke rek ini.mandiri.NO Rek: 152-00-1236312-9.a/n:DARMAN. klau sdah di Transfer SMS saja ke nmor ini Trima kasih,id,yudiwbs_id_sms_spam_v1,1,FRAUD,,a1fd29a29cc1,,"è¦æ±éçäººè½¬è´¦å°æå®Mandirié¶è¡è´¦æ·ï¼""Darman""ï¼ï¼éé±¼è½¬è´¦è¯éª"
id_yudi_00558,Transfernya ke BRI aja A/n ANGGA PRASTIA No Rek 1172-01-002218-502,id,yudiwbs_id_sms_spam_v1,1,FRAUD,,4f1152240d94,,"è¦æ±éçäººè½¬è´¦å°æå®BRIé¶è¡è´¦æ·ï¼""Angga Prastia""ï¼ï¼éé±¼è½¬è´¦è¯éª"
id_yudi_00559,"Trima ksh telah mjd pelanggan kami ""CNF AQUA"" gnkan no 085729791456 untuk pemesanan air isi ulang dan AGUA ASLI n sed!a jga gas 3kg dan 12kg tlng sebarkan sms ini ke tmn2 kost n kampus jga ya jgn berhenti di km terima kas!h(nb:tlng save no pemesanan aqua b!la suatu saat membutuhkan mksh).GRATIS ANTAR",id,yudiwbs_id_sms_spam_v1,1,NEEDS_REVIEW,,e7fdc193f64f,,å°åå®¶ééæå¡æ¨å¹¿ï¼CNF Aqua/ç¿æ³æ°´ï¼ï¼éç®æ å/ç§äººåä¸
id_yudi_00560,TSELpoin 777 kejutan POIN Hadiah Rp.15jt Resmi diberikan 0852212XXXXX PIN-b7Bc247 u/info Hub/CS; PT.TELKOMSEL 021-40467488 021-50219992 Pengirim; +777,id,yudiwbs_id_sms_spam_v1,1,FRAUD,,d25c5224a184,,ååTelkomsel Poinèåä¸­å¥15jtï¼è¦æ±æ¨ææå®çµè¯
id_yudi_00561,Uangnya di Trnsfer di BNI ini aja a/n RASTINA NO.REK.0253 7915 37.Klo sdh d Trnsfer Sms aja di no ini 085293355598 Trmks.,id,yudiwbs_id_sms_spam_v1,1,FRAUD,,bc02e6e4e036,,"è¦æ±éçäººè½¬è´¦å°æå®BNIé¶è¡è´¦æ·ï¼""Rastina""ï¼ï¼éé±¼è½¬è´¦è¯éª"
id_yudi_00562,"Uangnya dikirim aja ke Rekening ini, BankBNI a/n SAFITRI ?No.Rekening 0282566132",id,yudiwbs_id_sms_spam_v1,1,FRAUD,,efaa33773500,,"è¦æ±éçäººè½¬è´¦å°æå®BNIé¶è¡è´¦æ·ï¼""Safitri""ï¼ï¼éé±¼è½¬è´¦è¯éª"
id_yudi_00563,Uangnya dikirim saja ke Rek. BANK BNI A/n. : Sdr ABDUL RAHMAN No. Rek. : 024-8721- 191 SMS saja kalau sudah dikirim. terima kasih,id,yudiwbs_id_sms_spam_v1,1,FRAUD,,0832e9f097ce,,"è¦æ±éçäººè½¬è´¦å°æå®BNIé¶è¡è´¦æ·ï¼""Abdul Rahman""ï¼ï¼éé±¼è½¬è´¦è¯éª"
id_yudi_00564,WASSALAMU ALAIKUM WR WB UANGNYA DIKIRIM SAJA KE NO REK INI BRI A/N NOVA ARYAxxx 0544 0100 8633 xxx KALAU SDH TRANSFER SMS AJA DI NO INI TRMH KASIH¡± No. HP Pengirim SMS: 0821-5104-2542,id,yudiwbs_id_sms_spam_v1,1,FRAUD,,03fc9f93ee13,,"è¦æ±éçäººè½¬è´¦å°æå®BRIé¶è¡è´¦æ·ï¼""Nova Arya""ï¼ï¼éé±¼è½¬è´¦è¯éª"
id_yudi_00565,"Ya Allah, semoga yg mempunyai hp ini & keluarganya selalu dalam Kasih Sayang Mu, diberkahi rejekinya & dijauhkan dari mara bahaya"", jawab Amin jika Anda berkenan",id,yudiwbs_id_sms_spam_v1,1,NEEDS_REVIEW,,59e52332695a,,"å®æç¥ç¥·é¾ä¿¡ï¼""Allah semoga...""ï¼ï¼åä¸åæ¯å¦ä¸ºéªæ°ææ­£å¸¸è½¬å"
id_yudi_00566,"Yank tlong isi¡¯in aku pulsa 10rb, di no ini,082189983017 nanti aq yg tlpn yacc!",id,yudiwbs_id_sms_spam_v1,1,NEEDS_REVIEW,,9cceb25fb738,,ä¸ªäººæ±å©ä»£åè¯è´¹ï¼ååæåï¼ï¼åä¸åæ¯å¦ä¸ºè¯éª
id_yudi_00567,Yank Tolong isi'in pulsa di no ini.085325556742 ini no baruq.skrng penting,id,yudiwbs_id_sms_spam_v1,1,NEEDS_REVIEW,,fe01b7600705,,ä¸ªäººæ±å©ä»£åè¯è´¹ï¼ååæåï¼ï¼åä¸åæ¯å¦ä¸ºè¯éª
id_yudi_00568,"Yank, isikan dl pulsa di no as ini 085323048677 nanti gw gantiin.Penting bget nih krn barusan bos gw nelpon gw tgguin yach¡­",id,yudiwbs_id_sms_spam_v1,1,NEEDS_REVIEW,,9aa95bf341b7,,ä¸ªäººæ±å©ä»£åè¯è´¹ï¼ååæåï¼ï¼åä¸åæ¯å¦ä¸ºè¯éª
id_yudi_00569,Yth Bpk/Ibu. BNI menyatakan Rekening anda terpilih sebagai pemenang hadiah Rp. 35jt. kode cek anda 03299757 info klik www.bankbni2016.blogspot.com,id,yudiwbs_id_sms_spam_v1,1,FRAUD,,109b872217ec,,ååBNIé¶è¡èåä¸­å¥35jtï¼è¦æ±ç¹å»blogspoté¾æ¥
id_yudi_00570,Yth Isti Sofiyah. Diminta Segera Hubungi Bpk Drs.H .Lalu Safi¡¯ i M.Pd. Kadisdik NTB.08531166 6557 Perihal Seminar Gratis Dari DIKTI. (Bu Sri TU.Diknas),id,yudiwbs_id_sms_spam_v1,1,NEEDS_REVIEW,,2631a54ff535,,çä¼¼èåæè²éç¥ï¼DIKTI/åè´¹ç è®¨ä¼ï¼ï¼åä¸åæ¯å¦ä¸ºè¯éª
id_yudi_00571,YTH kpd bpk/ibu sy Eka Novitasari kariyawan 3care sudah M-hub anda tdk tersambung dgn hormat hal ini kami sampaikan melalui sms singkat dr layanan kami bahwa selamat no anda M-dptkan hadiah 1 unit mobil Toyota Avanza dgn PIN:47V27 dr undian rejeki 3care periode utama 2014.u/info lebih lanjut kunjungi www.rejekiundian3care.jimdo.com,id,yudiwbs_id_sms_spam_v1,1,FRAUD,,21621a635019,,åå3Careåå·¥èåä¸­å¥ä¸°ç°Avanzaï¼è¦æ±ç¹å»jimdoé¾æ¥
id_yudi_00572,"YTH,MIitra Silahkan cek poin anda dan tukarkan ke admin kami dengan format PO.PIN kirim ke +62xxxxxxxxxx",id,yudiwbs_id_sms_spam_v1,1,NEEDS_REVIEW,,66e22f9b21eb,,"çä¼¼ç§¯ååæ¢æä½æä»¤ï¼""cek poin""ï¼ï¼åä¸å"
id_yudi_00573,"Yuk Ikuti akun dakwah, caranya: ketik IKUT [spasi] AkuCintaIslam kirim ke 082110001021.",id,yudiwbs_id_sms_spam_v1,1,NEEDS_REVIEW,,6256130f3343,,"å®æ/è´¦å·æ¨å¹¿ï¼""ikuti akun dakwah""ï¼ï¼åä¸å"
id_yudi_00574,Di kfc yg deket enhaii ada dy,id,yudiwbs_id_sms_spam_v1,0,NEEDS_REVIEW,,7ecc97d99bc8,,"ç§äººèå¤©ï¼""KFC""ï¼ï¼éç®æ å"
id_yudi_00575,"Maaf jika ada janji yang belum terpenuhi, jika ada janji boleh mengingatkan saya.",id,yudiwbs_id_sms_spam_v1,0,NEEDS_REVIEW,,b614fa5513d9,,"ç§äººèå¤©ï¼""janji""ï¼ï¼éç®æ å"
id_yudi_00576,*ngsih bunga ato coklat min,id,yudiwbs_id_sms_spam_v1,0,NEEDS_REVIEW,,252e0ce2fe15,,"ç§äººèå¤©ï¼""bunga/coklat""ï¼ï¼éç®æ å"
id_yudi_00577,.sambl nunggu itu.. Gimana kalo ngerjain form formnya aja dulu,id,yudiwbs_id_sms_spam_v1,0,NEEDS_REVIEW,,a4b3db8060d9,,"ç§äººèå¤©ï¼""form""ï¼ï¼éç®æ å"
id_yudi_00578,"[Akademik] Untuk perhatian tuk jadwal kontrak kuliah buat ang 2012 itu bukan sebenarny, kuliah ikut jadwal kur yg baru ang 2013 ato keatas 2014,2015,2016.. sehingga jadwal yg ada adalah jadwal bayangan tuk tujuan kontrak kuliah..Hal diatas ga berlaku tuk mk yg memang berjalan di ang kalian spt skripsi dan sidang..demikian harap diperhatikan..",id,yudiwbs_id_sms_spam_v1,0,NEEDS_REVIEW,,a1150e8071f0,,å­¦æ¯éç¥ï¼è¯¾ç¨å®æï¼ï¼éç®æ å
id_yudi_00579,"[INFO PLA]Assalam..Bagi yg ambil mk pla wajib kumpul pada hari/tgl kamis,25 agustus 2016 pukul 10.00 WIBB..Agenda: pembekalan dan penjelasan PLA.Tempat : Gdg JICA lt.3 R.S301.Demikian informasiny..harap diperhatikan d disebarkan",id,yudiwbs_id_sms_spam_v1,0,NEEDS_REVIEW,,5490f8bc4c37,,å­¦æ¯éç¥ï¼PLAéåï¼ï¼éç®æ å
id_yudi_00580,[Info] bagi teman2 yg mengumpulkan data asisten lab/matakuliah bukti berupa surat keterangannya sudah bisa diambil ke pak andri,id,yudiwbs_id_sms_spam_v1,0,NEEDS_REVIEW,,05aab92ee954,,å­¦æ¯éç¥ï¼é¢åè¯æï¼ï¼éç®æ å
id_yudi_00581,2016/08/21 12:27:17 Anda telah terdaftar sebagai pelanggan TCASH full service. Tingkatkan saldo Anda dg isi saldo TCASH di merchant berlogo TCASH terdekat.,id,yudiwbs_id_sms_spam_v1,0,TRANSACTION,,f646bf015597,,TCASHä¸å¡æ³¨åç¡®è®¤éç¥ï¼ç¨æ·é¢ææ¶å°çä¸å¡ç»æåç¥
id_yudi_00582,2016/08/21 12:27:32 PIN baru TCash anda adalah 605598. Silahkan menggunakan PIN baru anda untuk menikmati layanan TCash Telkomsel,id,yudiwbs_id_sms_spam_v1,0,TRANSACTION,,881f230f6398,,TCASHæ°PINç éç¥ï¼ç¨æ·é¢ææ¶å°çè´¦æ·å®å¨åç¥
id_yudi_00583,22nya mad. Aku bingung bkn laporannya ??,id,yudiwbs_id_sms_spam_v1,0,NEEDS_REVIEW,,a907676944ba,,"ç§äººèå¤©ï¼""laporan""ï¼ï¼éç®æ å"
id_yudi_00584,"aamiin, makasih semuanya moga cepat lulus juga",id,yudiwbs_id_sms_spam_v1,0,NEEDS_REVIEW,,5d1f97c3f51d,,"ç§äººèå¤©ï¼""aamiin/lulus""ï¼ï¼éç®æ å"
id_yudi_00585,Aamiin. Makasih semuanya..semoga teman2 cepat nyusul dan semoga segala urusannya diberikan kelancaran oleh Allah.aamiin,id,yudiwbs_id_sms_spam_v1,0,NEEDS_REVIEW,,402ce931c4d1,,"ç§äººèå¤©ï¼""aamiin/nyusul""ï¼ï¼éç®æ å"
id_yudi_00586,Abis maghrib yaa,id,yudiwbs_id_sms_spam_v1,0,NEEDS_REVIEW,,cd584857f0e4,,"ç§äººèå¤©ï¼""maghrib""ï¼ï¼éç®æ å"
id_yudi_00587,Ada belakang warkop deket indomaret gerum 500/bulan,id,yudiwbs_id_sms_spam_v1,0,NEEDS_REVIEW,,1371788852c4,,"ç§äººèå¤©/ç§æ¿ä¿¡æ¯ï¼""warkop 500/bulan""ï¼ï¼éç®æ å"
id_yudi_00588,Ada di bip yang studio fotonya gitu,id,yudiwbs_id_sms_spam_v1,0,NEEDS_REVIEW,,07f7caec0d7b,,"ç§äººèå¤©ï¼""bip studio foto""ï¼ï¼éç®æ å"
id_yudi_00589,"Ada nama1 . Tpi gatau msh berfungsi atau engga, udh lama ga dipake sih",id,yudiwbs_id_sms_spam_v1,0,NEEDS_REVIEW,,6be7513b0279,,"ç§äººèå¤©ï¼""nama1""ï¼ï¼éç®æ å"
id_yudi_00590,Ada diruangan nya tadi,id,yudiwbs_id_sms_spam_v1,0,NEEDS_REVIEW,,88fa736dca17,,"ç§äººèå¤©ï¼""ruangan""ï¼ï¼éç®æ å"
id_yudi_00591,Ada internet min alamatnya dmn?,id,yudiwbs_id_sms_spam_v1,0,NEEDS_REVIEW,,130675015378,,"ç§äººèå¤©ï¼""internet min""ï¼ï¼éç®æ å"
id_yudi_00592,"Ada mba, harganya 1,6jt/bln. Fasilitasnya air hangat, kamar mandi dalam, tv, tv kabel, wifi, meja, tempat tdr, dan lemari.",id,yudiwbs_id_sms_spam_v1,0,NEEDS_REVIEW,,6a2f489e48f1,,"ç§äººèå¤©/ç§æ¿ä¿¡æ¯ï¼""1"
id_yudi_00593,Ada nya instagram,id,yudiwbs_id_sms_spam_v1,0,NEEDS_REVIEW,,8c08e61aa193,,"ç§äººèå¤©ï¼""instagram""ï¼ï¼éç®æ å"
id_yudi_00594,Ada perasaan nyesel gt sedikit. Waktu kuliah. Asa ga merhatin. Ga ngerangkul semua. Aku pribadi hmm,id,yudiwbs_id_sms_spam_v1,0,NEEDS_REVIEW,,61b786f40301,,"ç§äººèå¤©ï¼""nyesel/kuliah""ï¼ï¼éç®æ å"
id_yudi_00595,Ada semua di panduan pla..dishare di grup ini dan fb,id,yudiwbs_id_sms_spam_v1,0,NEEDS_REVIEW,,8e7ea9064741,,"ç§äººèå¤©ï¼""panduan pla""ï¼ï¼éç®æ å"
id_yudi_00596,"Ada sih yg nikah muda tp (keliatan) bahagia, tp one of a million kayaknya kalo temen2 ku hmm",id,yudiwbs_id_sms_spam_v1,0,NEEDS_REVIEW,,47f51b7094dc,,"ç§äººèå¤©ï¼""nikah muda""ï¼ï¼éç®æ å"
id_yudi_00597,"Ada teh dikpad, ini kontaknya ####",id,yudiwbs_id_sms_spam_v1,0,NEEDS_REVIEW,,bc3fc8c39c57,,"ç§äººèå¤©ï¼""teh dikpad""ï¼ï¼éç®æ å"
id_yudi_00598,Ada yang 400 rb yang kamar mandinya sama2 kalau yang ada kamar mandi di dalam kalau yang kecil 600 dan yang agak besar 700 rb,id,yudiwbs_id_sms_spam_v1,0,NEEDS_REVIEW,,3e0b3d202f96,,"ç§äººèå¤©/ç§æ¿ä¿¡æ¯ï¼""400rb/600rb""ï¼ï¼éç®æ å"
id_yudi_00599,Ada yg lain kok ikan tahu tempe,id,yudiwbs_id_sms_spam_v1,0,NEEDS_REVIEW,,ab22eef498e1,,"ç§äººèå¤©ï¼""ikan tahu tempe""ï¼ï¼éç®æ å"
id_yudi_00600,"Ada yg nikah muda, ada yg gagal nikah, ada yg pacaran lama eh putus tapi alesannya karna terlalu sayang jd gak mau nyakitin (pret), ada yg jagain jodoh org, ada yg ah banyak lah wkwk",id,yudiwbs_id_sms_spam_v1,0,NEEDS_REVIEW,,93d77950671a,,私人日常聊天，非目标域内容
id_yudi_00601,Ada yg tau ruangan pak daya yg di fpmipa b?,id,yudiwbs_id_sms_spam_v1,0,NEEDS_REVIEW,,4642d81d2ad5,,私人日常聊天，非目标域内容
id_yudi_00602,"Ada yg tdk bisa jam tertentu? Kemungkinan pagi jam 8, tapi nanti diumumkan.",id,yudiwbs_id_sms_spam_v1,0,NEEDS_REVIEW,,7c8a1e4c467e,,私人日常聊天，非目标域内容
id_yudi_00603,Aduh aku ge ini pusing yg mau lamaran siapa yg nyari2 kebutuhan siapa,id,yudiwbs_id_sms_spam_v1,0,NEEDS_REVIEW,,788180ed3501,,私人日常聊天，非目标域内容
id_yudi_00604,Aigoo banyak banget chatnyaa aku baru liat hape hehehe,id,yudiwbs_id_sms_spam_v1,0,NEEDS_REVIEW,,51975d998de2,,私人日常聊天，非目标域内容
id_yudi_00605,"Airnya asa kurang lancar, besok ku tanya papa yah,",id,yudiwbs_id_sms_spam_v1,0,NEEDS_REVIEW,,79bafa243b0a,,私人日常聊天，非目标域内容
id_yudi_00606,Ajakin ke soekarno hatta aja nama1 . Makan di eatboss soekarno hatta wkwkw,id,yudiwbs_id_sms_spam_v1,0,NEEDS_REVIEW,,60e9f192d919,,私人日常聊天，非目标域内容
id_yudi_00607,"Aku ada spagetti, tp usah kaldaluarsa belum yah",id,yudiwbs_id_sms_spam_v1,0,NEEDS_REVIEW,,cd31e93b8464,,私人日常聊天，非目标域内容
id_yudi_00608,Aku bawa daging yg dah direbus gapapa? Yg mentah tinggal tulang2an wkwk,id,yudiwbs_id_sms_spam_v1,0,NEEDS_REVIEW,,f6e6aa4bd22c,,私人日常聊天，非目标域内容
id_yudi_00609,Aku besok dtg agak telat jam 8 boleh ngga? Kan jam 10 ya mulainya?,id,yudiwbs_id_sms_spam_v1,0,NEEDS_REVIEW,,3b6664fa0dd7,,私人日常聊天，非目标域内容
id_yudi_00610,"aku delete aja ya, ntar nama1 pull dulu atau sync dulu, ntar masukin yang nama1 , baru push.",id,yudiwbs_id_sms_spam_v1,0,NEEDS_REVIEW,,01a6fcd61f2d,,私人日常聊天，非目标域内容
id_yudi_00611,Aku depan pasca skrng,id,yudiwbs_id_sms_spam_v1,0,NEEDS_REVIEW,,d78fa009f0de,,私人日常聊天，非目标域内容
id_yudi_00612,Aku di pt. DI,id,yudiwbs_id_sms_spam_v1,0,NEEDS_REVIEW,,9afe3ef60044,,私人日常聊天，非目标域内容
id_yudi_00613,Aku dy wkwk makanya kurang direstui jg krna kejauhan,id,yudiwbs_id_sms_spam_v1,0,NEEDS_REVIEW,,9ab265d4eea9,,私人日常聊天，非目标域内容
id_yudi_00614,"Aku ga enak euy bilang ke adiknya, adiknya pengen ke pvj nama1  :(",id,yudiwbs_id_sms_spam_v1,0,NEEDS_REVIEW,,5a5d703b35d4,,私人日常聊天，非目标域内容
id_yudi_00615,Aku ga ke upi sepertinya,id,yudiwbs_id_sms_spam_v1,0,NEEDS_REVIEW,,d99173a4e9e3,,私人日常聊天，非目标域内容
id_yudi_00616,"Aku ingin pagi, tp masa berdua nama1 doang pake grab :( nunggu nama1 siang :(",id,yudiwbs_id_sms_spam_v1,0,NEEDS_REVIEW,,7254b1ccd608,,私人日常聊天，非目标域内容
id_yudi_00617,Aku jg blm berangkt wkwk,id,yudiwbs_id_sms_spam_v1,0,NEEDS_REVIEW,,566cef9f414c,,私人日常聊天，非目标域内容
id_yudi_00618,Aku jg di rumah lg ga ada apa2 gara2 kulkas rusak :( biasanya suka nyetok sayur,id,yudiwbs_id_sms_spam_v1,0,NEEDS_REVIEW,,38a4db3aef99,,私人日常聊天，非目标域内容
id_yudi_00619,"Aku jg waktu itu foto tgl 17 juli, katanya selesai 29 agustus :(",id,yudiwbs_id_sms_spam_v1,0,NEEDS_REVIEW,,54123b10db33,,私人日常聊天，非目标域内容
id_yudi_00620,aku kira bukan besoook :'(,id,yudiwbs_id_sms_spam_v1,0,NEEDS_REVIEW,,4a17ed577859,,私人日常聊天，非目标域内容
id_yudi_00621,"Aku kumpul pon dulu dy, kalo haris kerjanya dari sore mo pacaran dulu dy",id,yudiwbs_id_sms_spam_v1,0,NEEDS_REVIEW,,709a82197867,,私人日常聊天，非目标域内容
id_yudi_00622,Aku mah plg kerumah ketemu ayah mama cukup kok :'),id,yudiwbs_id_sms_spam_v1,0,NEEDS_REVIEW,,3b7dbce6921b,,私人日常聊天，非目标域内容
id_yudi_00623,"Aku mah sering ditinggal jualan, jd mau marah juga ntar alesannya ""duit kan buat km juga"", diem lgsg haha",id,yudiwbs_id_sms_spam_v1,0,NEEDS_REVIEW,,c56b9cd3a303,,私人日常聊天，非目标域内容
id_yudi_00624,Aku mau bawa balon sm coklat min. Mau nitip?,id,yudiwbs_id_sms_spam_v1,0,NEEDS_REVIEW,,f8f0bb9d81c6,,私人日常聊天，非目标域内容
id_yudi_00625,Aku mau nyari data yang dibutuhin dari tabel mana aja.,id,yudiwbs_id_sms_spam_v1,0,NEEDS_REVIEW,,4dff1ebf3053,,私人日常聊天，非目标域内容
id_yudi_00626,"Aku merasa geleh sendiiri ini lipstik aku merah sekali wkkw, mana dapet dikasih ini jg",id,yudiwbs_id_sms_spam_v1,0,NEEDS_REVIEW,,9212e68c4ade,,私人日常聊天，非目标域内容
id_yudi_00627,"aku push yang updatenya, itu udah di template sama adminLTE.",id,yudiwbs_id_sms_spam_v1,0,NEEDS_REVIEW,,525f0b537cf3,,私人日常聊天，非目标域内容
id_yudi_00628,Aku senin udah ke tempat kerja. Minggu2 depan aku gaktau bisa/ngga :(,id,yudiwbs_id_sms_spam_v1,0,NEEDS_REVIEW,,bad92a2e29c7,,私人日常聊天，非目标域内容
id_yudi_00629,Aku teh cuma bawa celana jeans yg tua tp jilbabnya yg muda -_-,id,yudiwbs_id_sms_spam_v1,0,NEEDS_REVIEW,,48de2f7a3b93,,私人日常聊天，非目标域内容
id_yudi_00630,"Alhamdulillah, makasih yaaa udah meluangkan waktu ??",id,yudiwbs_id_sms_spam_v1,0,NEEDS_REVIEW,,42b7a471f3fe,,私人日常聊天，非目标域内容
id_yudi_00631,"Alhamdulillah, puji syukur atas nikmat Allah swt. yang telah memberikan nikmat hidup sampai detik ini sehingga saya masih bisa untuk mengevaluasi diri. Selama itu tentu saya menyadari banyak melakukan kekhilafan dan kesalahan.",id,yudiwbs_id_sms_spam_v1,0,NEEDS_REVIEW,,867e2983ba9a,,私人日常聊天，非目标域内容
id_yudi_00632,"Alhamdullilah sudah beres semua :)  Bagi yang mau keluar dari group dipersilahkan, tapi silahkan juga kalau ada yg mau memanfaatkan group ini untuk diskusi dengan topik terkait untuk skripsi/gemastik/kerjaan.",id,yudiwbs_id_sms_spam_v1,0,NEEDS_REVIEW,,c1fd1fe4e32a,,私人日常聊天，非目标域内容
id_yudi_00633,AndiPublisher.com#PO0216020925#96000#02-02-2016#BNI#Bank Mandiri,id,yudiwbs_id_sms_spam_v1,0,NEEDS_REVIEW,,24537bf9def2,,私人日常聊天，非目标域内容
id_yudi_00634,Asal pagi pagi ya.. Bjam 10an saya sudah ke jakarta..,id,yudiwbs_id_sms_spam_v1,0,NEEDS_REVIEW,,23a1064389c9,,私人日常聊天，非目标域内容
id_yudi_00635,"nama1  jg text dy, text essay jawaban gt Jd misal nih ada murid sama guru, si guru ngasih ujian, nanti hasil jawaban ujian murid dibandingin sama jawaban dari guru (jawaban yg bener) trs outputnya berupa skor hasil ujian itu",id,yudiwbs_id_sms_spam_v1,0,NEEDS_REVIEW,,6525cbfb5014,,私人日常聊天，非目标域内容
id_yudi_00636,nama1 itu msh pake db aku yg lama itu msh anomali bisa nyesuain ga,id,yudiwbs_id_sms_spam_v1,0,NEEDS_REVIEW,,36c7360f8f5e,,私人日常聊天，非目标域内容
id_yudi_00637,nama1 seharusnya cuman nambah table daftar_ulang_ird + kalau ada masternya. Yg lain kita samain aja ya pake yg aku data_pasien (2).sql,id,yudiwbs_id_sms_spam_v1,0,NEEDS_REVIEW,,addc3c775c02,,私人日常聊天，非目标域内容
id_yudi_00638,"Assalamualaikum akang teteh, jangan lupa ya hari ini ada carrier day jam 10:30, exhibition fpmipa b :) (love) Hayuu teh ditungguuu",id,yudiwbs_id_sms_spam_v1,0,NEEDS_REVIEW,,f9dfa0876749,,私人日常聊天，非目标域内容
id_yudi_00639,"Assalamualaikum Bu. Saya nama1 mhsi ilkom 2012 baru dpt pembimbing skripsi. Mohon maaf bu, kalau minggu ini ada di kampus hari ap aj Bu? Terima kasih.",id,yudiwbs_id_sms_spam_v1,0,NEEDS_REVIEW,,c3ea52b237d4,,私人日常聊天，非目标域内容
id_yudi_00640,"Assalamualaikum pak, mau nanya seputar mobcom sp, apakah harus ikut perkuliahan dari sekarang apa bisa ikut pas sp nanti aja pak? Trims",id,yudiwbs_id_sms_spam_v1,0,NEEDS_REVIEW,,872d4a8da851,,私人日常聊天，非目标域内容
id_yudi_00641,"assalamualaikum pak, mohon maaf saya mau tanya pak, apakah remedial dwm harus hadir di tempat pak? apa bisa online? mohon maaf sebelumnya",id,yudiwbs_id_sms_spam_v1,0,NEEDS_REVIEW,,e7b9fbca6615,,私人日常聊天，非目标域内容
id_yudi_00642,Assalamualaikum Pak. Ini dg nama1 ilkom 2012. Maaf Pak td saya ninggalin proposal di meja Bapak di atas printer. Terima kasih Pak.,id,yudiwbs_id_sms_spam_v1,0,NEEDS_REVIEW,,adac48eba44e,,私人日常聊天，非目标域内容
id_yudi_00643,Assalamu'alaikum wr wb. Berikut daftar penguji PLA tahap 4,id,yudiwbs_id_sms_spam_v1,0,NEEDS_REVIEW,,699e981872a9,,私人日常聊天，非目标域内容
id_yudi_00644,"Assalamu'alaikum, nama1 mau minta bantuan.",id,yudiwbs_id_sms_spam_v1,0,NEEDS_REVIEW,,f1e5affddc6f,,私人日常聊天，非目标域内容
id_yudi_00645,Assalamualaikum. Ada yg tau kalo file buat penilaian ada di mana? Apa ada di fb?,id,yudiwbs_id_sms_spam_v1,0,NEEDS_REVIEW,,df81267c3978,,私人日常聊天，非目标域内容
id_yudi_00646,"Atau gaperlu ke kampus nama1 , tolong kirimin kuncinya aja make jne cenah ip",id,yudiwbs_id_sms_spam_v1,0,NEEDS_REVIEW,,f6e3dd598dcb,,私人日常聊天，非目标域内容
id_yudi_00647,"Atuhlah, aku telah meninggalkan yg nyaah, jgn gitulah gais, bisi teringat masa lalu ??",id,yudiwbs_id_sms_spam_v1,0,NEEDS_REVIEW,,38b812922ff4,,私人日常聊天，非目标域内容
id_yudi_00648,atulah aku teh udh ngidam sate maranggi dr bulan puasa ?? naha ka subang teu ngajakan ih,id,yudiwbs_id_sms_spam_v1,0,NEEDS_REVIEW,,590009a9bb4f,,私人日常聊天，非目标域内容
id_yudi_00649,"Ayam aja Pak, terus satu paket itu sama isinya ap aja?",id,yudiwbs_id_sms_spam_v1,0,NEEDS_REVIEW,,0bff9af7ad62,,私人日常聊天，非目标域内容
id_yudi_00650,Ayam kita menunya banyak bu...ada ayam bakar.kremes. cabe ijo. Lada hitam. Asam manis. Rica rica. Baberque. Untuk isinya nasi.ayam.lalapan.sambal. tempe tahu . air mineral gelas. Bu...maaf bu kita ada paket yang 16rb s/d 19rb. Kalau boleh tau anggaran ibu berapa ya,id,yudiwbs_id_sms_spam_v1,0,NEEDS_REVIEW,,21c44e8a40ba,,私人日常聊天，非目标域内容
id_yudi_00651,"Ayo nama1 semangat skripsian yaaah biar cpt lulus, kerja, dan cpt nikah wkwkwk",id,yudiwbs_id_sms_spam_v1,0,NEEDS_REVIEW,,f0af79876173,,私人日常聊天，非目标域内容
id_yudi_00652,"bagi yang sudah diuji segera diserahkan dgn dijilid, bagi yg sdg nunggu diuji sabar tuk sesuaikan waktupenguji..",id,yudiwbs_id_sms_spam_v1,0,NEEDS_REVIEW,,252203858bcc,,私人日常聊天，非目标域内容
id_yudi_00653,Bagi yg tertarik lanjut ke gemastik 2016 ini tempat diskusinya : http://line.me/R/ti/g/xxxxx,id,yudiwbs_id_sms_spam_v1,0,NEEDS_REVIEW,,21b5cb7a807c,,私人日常聊天，非目标域内容
id_yudi_00654,"Baik Pak, berarti nanti Kamis kami ke kantor lagi",id,yudiwbs_id_sms_spam_v1,0,NEEDS_REVIEW,,79aeced62e2c,,私人日常聊天，非目标域内容
id_yudi_00655,"Baik Pak, bsk sekalian kami bawa form penilaian ya Pak, dan berkas lainnya.",id,yudiwbs_id_sms_spam_v1,0,NEEDS_REVIEW,,91bca945f310,,私人日常聊天，非目标域内容
id_yudi_00656,Bali mah kudu berapa atuh duitnya,id,yudiwbs_id_sms_spam_v1,0,NEEDS_REVIEW,,e79ab0152bf6,,私人日常聊天，非目标域内容
id_yudi_00657,Baru ngeh chatnya maafkan (maaf),id,yudiwbs_id_sms_spam_v1,0,NEEDS_REVIEW,,cafa04824fba,,私人日常聊天，非目标域内容
id_yudi_00658,"bebas nama1, terus nanti kalau ada tgl libur, pajuin aja misal jadi kamis atau sabtu.",id,yudiwbs_id_sms_spam_v1,0,NEEDS_REVIEW,,df0be80a27c6,,私人日常聊天，非目标域内容
id_yudi_00659,Bebas... Senin stuju.. Apa aja yg di kebapain selain program ?,id,yudiwbs_id_sms_spam_v1,0,NEEDS_REVIEW,,d53cc133f359,,私人日常聊天，非目标域内容
id_yudi_00660,Beli es kelapa depan d besto teh,id,yudiwbs_id_sms_spam_v1,0,NEEDS_REVIEW,,88fe41ceda0f,,私人日常聊天，非目标域内容
id_yudi_00661,Belum de.. Saya kagi nyoba ngejar..,id,yudiwbs_id_sms_spam_v1,0,NEEDS_REVIEW,,c27c109a369c,,私人日常聊天，非目标域内容
id_yudi_00662,"Belum diuji, pa. Insya Allah siang hari ini mau ke kampus, dan mudah2an pa eka nya ada.",id,yudiwbs_id_sms_spam_v1,0,NEEDS_REVIEW,,0ff095deba7f,,私人日常聊天，非目标域内容
id_yudi_00663,"Bentar lg ke gik, buru2 ga? Kalo buru2 nitip yg ngontrak ipc aj",id,yudiwbs_id_sms_spam_v1,0,NEEDS_REVIEW,,98071d2bcdda,,私人日常聊天，非目标域内容
id_yudi_00664,Berarti saya ke palasari nya skrg .. abis itu langsung ke gik,id,yudiwbs_id_sms_spam_v1,0,NEEDS_REVIEW,,c604e4396828,,私人日常聊天，非目标域内容
id_yudi_00665,Besok aku kasihin softfilenya gpp?,id,yudiwbs_id_sms_spam_v1,0,NEEDS_REVIEW,,88b77ae5a3da,,私人日常聊天，非目标域内容
id_yudi_00666,Besok dwm jadi ya praktikum weka. Bawa laptop.,id,yudiwbs_id_sms_spam_v1,0,NEEDS_REVIEW,,7cfb01f3b958,,私人日常聊天，非目标域内容
id_yudi_00667,"besok jam berapaa? harus jadi ih, udah 2 kali skip ??",id,yudiwbs_id_sms_spam_v1,0,NEEDS_REVIEW,,f0d645004b42,,私人日常聊天，非目标域内容
id_yudi_00668,Besok kekantor saya tunggu jam 9 ya..,id,yudiwbs_id_sms_spam_v1,0,NEEDS_REVIEW,,28f5d39a876b,,私人日常聊天，非目标域内容
id_yudi_00669,Besok mau ke kampus lagi ga?,id,yudiwbs_id_sms_spam_v1,0,NEEDS_REVIEW,,213db99373ae,,私人日常聊天，非目标域内容
id_yudi_00670,Besok saya ada rapat dinas.. Selasa aja ya...,id,yudiwbs_id_sms_spam_v1,0,NEEDS_REVIEW,,804b7f5722f9,,私人日常聊天，非目标域内容
id_yudi_00671,Besok siang ya jam 2,id,yudiwbs_id_sms_spam_v1,0,NEEDS_REVIEW,,f6668beab7fc,,私人日常聊天，非目标域内容
id_yudi_00672,Besok yuk dua jam bih dari jam 4-6,id,yudiwbs_id_sms_spam_v1,0,NEEDS_REVIEW,,41afe7f1869b,,私人日常聊天，非目标域内容
id_yudi_00673,"beu atuh sekarang, sambil nunggu yg pulang ppl",id,yudiwbs_id_sms_spam_v1,0,NEEDS_REVIEW,,f928115c462e,,私人日常聊天，非目标域内容
id_yudi_00674,Biar rapih aj mad. Ini controllernya msh digabung2 aku bikinnya perfungsi soalnya,id,yudiwbs_id_sms_spam_v1,0,NEEDS_REVIEW,,d221390f8bd0,,私人日常聊天，非目标域内容
id_yudi_00675,biasana sih pak nama1 sampe jam 12 kan di kampus?,id,yudiwbs_id_sms_spam_v1,0,NEEDS_REVIEW,,2a246c072bae,,私人日常聊天，非目标域内容
id_yudi_00676,Biasanya dia bukannya ke subang ya kalo weekend,id,yudiwbs_id_sms_spam_v1,0,NEEDS_REVIEW,,33b9f29c9b52,,私人日常聊天，非目标域内容
id_yudi_00677,Biasanya mah stasiun teh sebelum lewatin rel nama1,id,yudiwbs_id_sms_spam_v1,0,NEEDS_REVIEW,,a0587ba0e035,,私人日常聊天，非目标域内容
id_yudi_00678,Bimbingan lg nanti nama1 da,id,yudiwbs_id_sms_spam_v1,0,NEEDS_REVIEW,,8a11fa8ad509,,私人日常聊天，非目标域内容
id_yudi_00679,"bebas nama1, terus nanti kalau ada tgl libur, pajuin aja misal jadi kamis atau sabtu.",id,yudiwbs_id_sms_spam_v1,0,NEEDS_REVIEW,,df0be80a27c6,,私人日常聊天，非目标域内容
id_yudi_00680,Bisa bu...buka jam 11 bu,id,yudiwbs_id_sms_spam_v1,0,NEEDS_REVIEW,,9d5ceb20c6ee,,私人日常聊天，非目标域内容
id_yudi_00681,"Bisa kurang dari 15rb ga Pak, sebelumnya kita pernah acara sama bebek komar sekitar iti 13.5rb awal tahun 2015",id,yudiwbs_id_sms_spam_v1,0,NEEDS_REVIEW,,6f44821b5cf1,,私人日常聊天，非目标域内容
id_yudi_00682,bisa turun juga. Mencegah ikut remedial tapi tanpa persiapan dan asal-asalan menjawab.,id,yudiwbs_id_sms_spam_v1,0,NEEDS_REVIEW,,a5ef3cf0d61c,,私人日常聊天，非目标域内容
id_yudi_00683,Bisi ga enak ga bantuin beberes ato masak2nya :(,id,yudiwbs_id_sms_spam_v1,0,NEEDS_REVIEW,,78cc7f8e67d5,,私人日常聊天，非目标域内容
id_yudi_00684,Blm aku cek min mau apa? Kalau penting bgt nanti aku gedorin,id,yudiwbs_id_sms_spam_v1,0,NEEDS_REVIEW,,cd285a6a44f5,,私人日常聊天，非目标域内容
id_yudi_00685,Blm beres sep. Malah byk bug,id,yudiwbs_id_sms_spam_v1,0,NEEDS_REVIEW,,013cd7114ab2,,私人日常聊天，非目标域内容
id_yudi_00686,Blm mad ntr sore td udh ktmu,id,yudiwbs_id_sms_spam_v1,0,NEEDS_REVIEW,,be194ef08b9b,,私人日常聊天，非目标域内容
id_yudi_00687,bntr lagi pulang,id,yudiwbs_id_sms_spam_v1,0,NEEDS_REVIEW,,ff0939ea22e5,,私人日常聊天，非目标域内容
id_yudi_00688,Bntr lg kan mau sholat mel. Nanti keluar upinet kasih tau ya. Males balik,id,yudiwbs_id_sms_spam_v1,0,NEEDS_REVIEW,,bf8ab2231d80,,私人日常聊天，非目标域内容
id_yudi_00689,Bole duaduanya pen hardcover dulu. Tp kalau perusahaan udh minta boleh ttd dulu,id,yudiwbs_id_sms_spam_v1,0,NEEDS_REVIEW,,233afa6c22bd,,私人日常聊天，非目标域内容
id_yudi_00690,"Boleh bu, kalau ada yang bakal pindah bulan itu. Kalau tidak keberatan bisa kabarin Bu. Terima kasih.",id,yudiwbs_id_sms_spam_v1,0,NEEDS_REVIEW,,a255ff335c88,,私人日常聊天，非目标域内容
id_yudi_00691,"boleh install sendiri, nanti juga saya bawa installernya.",id,yudiwbs_id_sms_spam_v1,0,NEEDS_REVIEW,,1c0194beba78,,私人日常聊天，非目标域内容
id_yudi_00692,Boleh minta alamat nya kalo dari gang softball kmna gtu,id,yudiwbs_id_sms_spam_v1,0,NEEDS_REVIEW,,74cf8fd4fed0,,私人日常聊天，非目标域内容
id_yudi_00693,Boleh nitip coklat ke alhuda?,id,yudiwbs_id_sms_spam_v1,0,NEEDS_REVIEW,,d992c2341ffb,,私人日常聊天，非目标域内容
id_yudi_00694,Boleh yang di depan ramen aa gpp jam 12.39 ya,id,yudiwbs_id_sms_spam_v1,0,NEEDS_REVIEW,,b73b14ab30c9,,私人日常聊天，非目标域内容
id_yudi_00695,Bsok ada kmpul euy.... Gmna ? Tpi gini aja. Vote aja yg bisa bsok sapa skrg sapa,id,yudiwbs_id_sms_spam_v1,0,NEEDS_REVIEW,,21f3025cd030,,私人日常聊天，非目标域内容
id_yudi_00696,"Btw magicomnya yg sedang Gais, gaada yg gede",id,yudiwbs_id_sms_spam_v1,0,NEEDS_REVIEW,,60166eddf152,,私人日常聊天，非目标域内容
id_yudi_00697,Bu maaf saya lupa sekarang hari jumat ya...kalau jumat kita buka jam 1 bu...mau solat jumat dulu...maaf di dari upi ya,id,yudiwbs_id_sms_spam_v1,0,NEEDS_REVIEW,,85519f0650d8,,私人日常聊天，非目标域内容
id_yudi_00698,Bu mau mastiin ketemu di jica kan Bu?,id,yudiwbs_id_sms_spam_v1,0,NEEDS_REVIEW,,22004df70c8a,,私人日常聊天，非目标域内容
id_yudi_00699,Buat yg mahasiswa baru,id,yudiwbs_id_sms_spam_v1,0,NEEDS_REVIEW,,a1ceaa36d3e0,,私人日常聊天，非目标域内容
id_yudi_00700,"bulan depan ada daging sapi, mau dibakar dmna ? d pantai atau d rumah nama1 ?",id,yudiwbs_id_sms_spam_v1,0,NEEDS_REVIEW,,db17f55c0aab,,私人日常聊天，非目标域内容
id_yudi_00701,Cape sih tp da susah euy kalo udah pikiran gtu teh,id,yudiwbs_id_sms_spam_v1,0,NEEDS_REVIEW,,6e1d4e9162a1,,私人日常聊天，非目标域内容
id_yudi_00702,Cara panggil na localhost/SistemRumahSakit/gerbang/rawatdarurat,id,yudiwbs_id_sms_spam_v1,0,NEEDS_REVIEW,,9507ef96b4c7,,私人日常聊天，非目标域内容
id_yudi_00703,"cari yang seken, murah meriah kualiatasnya masih bagus kok",id,yudiwbs_id_sms_spam_v1,0,NEEDS_REVIEW,,ec1ddac87a9b,,私人日常聊天，非目标域内容
id_yudi_00704,Ceritanya biasa aja. Tp tetep bikin nangis,id,yudiwbs_id_sms_spam_v1,0,NEEDS_REVIEW,,da144aae967b,,私人日常聊天，非目标域内容
id_yudi_00705,Coba siapa yg lagi di prodi? Punten liatin jadwal sidang. Ada tulisan suruh kumpul jam brp gitu gak? Nuhun,id,yudiwbs_id_sms_spam_v1,0,NEEDS_REVIEW,,316e9f357ca5,,私人日常聊天，非目标域内容
id_yudi_00706,"Cobaan itu teh dy, kadang cewe mah overthink dan overreact",id,yudiwbs_id_sms_spam_v1,0,NEEDS_REVIEW,,72241ca2e32b,,私人日常聊天，非目标域内容
id_yudi_00707,Cukup alquran sbgai pedoman bagi org2 yg beriman.,id,yudiwbs_id_sms_spam_v1,0,NEEDS_REVIEW,,af37b80fe6dc,,私人日常聊天，非目标域内容
id_yudi_00708,"da gapapa public juga, asal jangan ada yang dimasukin.",id,yudiwbs_id_sms_spam_v1,0,NEEDS_REVIEW,,601c4e77d5f8,,私人日常聊天，非目标域内容
id_yudi_00709,Da sebenernya makan sama indomie ge cukup aku mah ??,id,yudiwbs_id_sms_spam_v1,0,NEEDS_REVIEW,,ef039a5b399e,,私人日常聊天，非目标域内容
id_yudi_00710,"Dari pt gagas, pt ixindo, pt bima data pratama, sma sukarnohatta, sma purwakarta, smk pgi, sma swamedia kang",id,yudiwbs_id_sms_spam_v1,0,NEEDS_REVIEW,,b38e00062d55,,私人日常聊天，非目标域内容
id_yudi_00711,Data_pasien itu no_medrec sdgkn daftar ulang itu pake no_register karna field yg akan diisi saat daftar ulang beda maka tablenya beda,id,yudiwbs_id_sms_spam_v1,0,NEEDS_REVIEW,,c931ffebdf56,,私人日常聊天，非目标域内容
id_yudi_00712,Derr ya jangan wacana kaka bunda,id,yudiwbs_id_sms_spam_v1,0,NEEDS_REVIEW,,f5823c9b2786,,私人日常聊天，非目标域内容
id_yudi_00713,"Di folder sql, aya sql rawatdaruat.sql tinggal sesuain sama yang maneh we. Cobaan k ente jalanken. Di urg mh teu jalan ngan load view mh bisa. Error di database. Soalna lieur gabungken database na.",id,yudiwbs_id_sms_spam_v1,0,NEEDS_REVIEW,,efbfacc07400,,私人日常聊天，非目标域内容
id_yudi_00714,Di kfc belokan setiabudi bawah pom bensin ada colokan gak sih?,id,yudiwbs_id_sms_spam_v1,0,NEEDS_REVIEW,,65d158c1c266,,私人日常聊天，非目标域内容
id_yudi_00715,Diagnosa mana? Di pasien_irj ga ada diagnosa,id,yudiwbs_id_sms_spam_v1,0,NEEDS_REVIEW,,ea0d83d3d706,,私人日常聊天，非目标域内容
id_yudi_00716,nama1 helmkuuuu.:'(,id,yudiwbs_id_sms_spam_v1,0,NEEDS_REVIEW,,869af07f52f8,,私人日常聊天，非目标域内容
id_yudi_00717,nama1 ntr aku ke kosan kamu yaaaaa,id,yudiwbs_id_sms_spam_v1,0,NEEDS_REVIEW,,526f78e5c1a0,,私人日常聊天，非目标域内容
id_yudi_00718,dikirim nya disatuin ?,id,yudiwbs_id_sms_spam_v1,0,NEEDS_REVIEW,,6a9b5751de7a,,私人日常聊天，非目标域内容
id_yudi_00719,nama1 dah selesei blm machine learningnya ?,id,yudiwbs_id_sms_spam_v1,0,NEEDS_REVIEW,,95b4370de5b4,,私人日常聊天，非目标域内容
id_yudi_00720,nama1 nmr kamu yg ini kan? ntr ayu sms kl udah dpn kosan yah,id,yudiwbs_id_sms_spam_v1,0,NEEDS_REVIEW,,a6cabc9291f0,,私人日常聊天，非目标域内容
id_yudi_00721,"nama1 saya ke kosan yah, mau nanya2 jg soal laporan.. boleh ga?",id,yudiwbs_id_sms_spam_v1,0,NEEDS_REVIEW,,ed52a812fa50,,私人日常聊天，非目标域内容
id_yudi_00722,"nama1, minta controller dan view nya aja.",id,yudiwbs_id_sms_spam_v1,0,NEEDS_REVIEW,,f68e7c0df283,,私人日常聊天，非目标域内容
id_yudi_00723,"nama1, minta database kamu sama view dan controller yang ada js buat dropdown kotanya.",id,yudiwbs_id_sms_spam_v1,0,NEEDS_REVIEW,,1c370f6c35a6,,私人日常聊天，非目标域内容
id_yudi_00724,nama1 bisa pakai flash buat animasi ga?? Atau pakai movie maker??,id,yudiwbs_id_sms_spam_v1,0,NEEDS_REVIEW,,04eb32fd1c2d,,私人日常聊天，非目标域内容
id_yudi_00725,nama1 di kosan gaaa? Mau numpang dooong,id,yudiwbs_id_sms_spam_v1,0,NEEDS_REVIEW,,5773a9784ff1,,私人日常聊天，非目标域内容
id_yudi_00726,"nama1 dmna ? boleh mnta tolong ss dong bisns proses nya,,,,,",id,yudiwbs_id_sms_spam_v1,0,NEEDS_REVIEW,,59e242c61f48,,私人日常聊天，非目标域内容
id_yudi_00727,nama1 ke pt. inti?,id,yudiwbs_id_sms_spam_v1,0,NEEDS_REVIEW,,3b48ef900cb8,,私人日常聊天，非目标域内容
id_yudi_00728,nama1 maapin baru buka line,id,yudiwbs_id_sms_spam_v1,0,NEEDS_REVIEW,,da6d84adc397,,私人日常聊天，非目标域内容
id_yudi_00729,nama1 mau pergi ga? Kalo engga aku mau ke kosan,id,yudiwbs_id_sms_spam_v1,0,NEEDS_REVIEW,,46835b19ba49,,私人日常聊天，非目标域内容
id_yudi_00730,"nama1, note nama1 yang Dinamic ada di emil. Kembaliin ke nama1 atau gmana?",id,yudiwbs_id_sms_spam_v1,0,NEEDS_REVIEW,,335e47ec28d8,,私人日常聊天，非目标域内容
id_yudi_00731,nama1  Cara bikin makalah yang daftar isinya langsung jadi gmana?,id,yudiwbs_id_sms_spam_v1,0,NEEDS_REVIEW,,0217f881e1c4,,私人日常聊天，非目标域内容
id_yudi_00732,nama1;Graha Desila kmr 14 Lt.2;Aqua;20000(kembalian),id,yudiwbs_id_sms_spam_v1,0,NEEDS_REVIEW,,8037843695c5,,私人日常聊天，非目标域内容
id_yudi_00733,Dilantai 2 ya tepat diruang skripsi,id,yudiwbs_id_sms_spam_v1,0,NEEDS_REVIEW,,25a92175073c,,私人日常聊天，非目标域内容
id_yudi_00734,Dimulai dari angka 0,id,yudiwbs_id_sms_spam_v1,0,NEEDS_REVIEW,,59dab668f4e4,,私人日常聊天，非目标域内容
id_yudi_00735,Dmana aja kang boleh hehe,id,yudiwbs_id_sms_spam_v1,0,NEEDS_REVIEW,,03028ca7d54e,,私人日常聊天，非目标域内容
id_yudi_00736,Doakan aja ya bsok lancar paling cepet aku nyampe sana jam 9 malem,id,yudiwbs_id_sms_spam_v1,0,NEEDS_REVIEW,,1db48e44d4d7,,私人日常聊天，非目标域内容
id_yudi_00737,Dr ciateul terus masa kekalapa lg (frown),id,yudiwbs_id_sms_spam_v1,0,NEEDS_REVIEW,,2dd66cc87628,,私人日常聊天，非目标域内容
id_yudi_00738,"Duh gusti disini ujan gede, semoga di riung gak bocor yah gais",id,yudiwbs_id_sms_spam_v1,0,NEEDS_REVIEW,,acd1f9b0b888,,私人日常聊天，非目标域内容
id_yudi_00739,E& (gila) ada namakuuu. Kapan aku luluuus,id,yudiwbs_id_sms_spam_v1,0,NEEDS_REVIEW,,4f23f523b96e,,私人日常聊天，非目标域内容
id_yudi_00740,Edan edan nama1 semoga menjadi keluarga samawa,id,yudiwbs_id_sms_spam_v1,0,NEEDS_REVIEW,,2c62b9096fbe,,私人日常聊天，非目标域内容
id_yudi_00741,Eh aku instances deh. Diload ga bs,id,yudiwbs_id_sms_spam_v1,0,NEEDS_REVIEW,,1716ad6710e0,,私人日常聊天，非目标域内容
id_yudi_00742,"Eh di kosan nama1 maksudnya, buat temen nama1 , buat september",id,yudiwbs_id_sms_spam_v1,0,NEEDS_REVIEW,,368edd21e225,,私人日常聊天，非目标域内容
id_yudi_00743,"Eh gatau, td Bagus yang nanyain",id,yudiwbs_id_sms_spam_v1,0,NEEDS_REVIEW,,04f871ef8e2e,,私人日常聊天，非目标域内容
id_yudi_00744,"Eh iyaa gais kadonya udah aku kasih yaa, kata nama1 makasihh sama maaf kalau ada salah. Minggu ini udah mau ke samarinda",id,yudiwbs_id_sms_spam_v1,0,NEEDS_REVIEW,,ae488f695dcd,,私人日常聊天，非目标域内容
id_yudi_00745,Eh kita brati kan makan 2 kali ya?malem ini sma bsok pagi bukan?,id,yudiwbs_id_sms_spam_v1,0,NEEDS_REVIEW,,93c5be9cef31,,私人日常聊天，非目标域内容
id_yudi_00746,Eh tp jam 5 pas dong jgn malem hbs mgrib. Aku takut plg wk,id,yudiwbs_id_sms_spam_v1,0,NEEDS_REVIEW,,1579c57fb53b,,私人日常聊天，非目标域内容
id_yudi_00747,emang berbayar nama1 .,id,yudiwbs_id_sms_spam_v1,0,NEEDS_REVIEW,,d4f122d82ead,,私人日常聊天，非目标域内容
id_yudi_00748,Enakaa ajaaa gw diantar cowok gw yaa bukan dijmput nama1,id,yudiwbs_id_sms_spam_v1,0,NEEDS_REVIEW,,e08e294d2785,,私人日常聊天，非目标域内容
id_yudi_00749,Engga tau sep ntr di kosan aku cek sepertinya tidak ada semalam aku liat,id,yudiwbs_id_sms_spam_v1,0,NEEDS_REVIEW,,c035fe8d04eb,,私人日常聊天，非目标域内容
id_yudi_00750,"Engga teh aku udh siap, mau brgkt ini. Aku td line teteh",id,yudiwbs_id_sms_spam_v1,0,NEEDS_REVIEW,,ddd2a41ec22b,,ç§äººæ¥å¸¸èå¤©ï¼è®¨è®ºåºååè¡ç¨å®æ
id_yudi_00751,Eta mah data dokter keseluruhan. Maksud urg teh kan si pasien teh aya meren di pariksa ku dokter saha.,id,yudiwbs_id_sms_spam_v1,0,NEEDS_REVIEW,,d0282ad6e159,,ç§äººèå¤©ï¼è®¨è®ºå»çæ°æ®åçäººæ£æ¥
id_yudi_00752,"nama1 bisa lembar yg kamrin bisa minta ke pak anto. Tp ibu minta yg di bab 2 harus diparafrase kalimatnya, jgn copy paste semua.",id,yudiwbs_id_sms_spam_v1,0,NEEDS_REVIEW,,8afc7e4fc0fd,,ç§äººå­¦æ¯æå¯¼ï¼è¦æ±å¯¹ç¬¬äºç« è¿è¡æ¹å
id_yudi_00753,nama1 .. Saya masih di perjalanan.. Besok aja habis jumatan ketemu di kanto.. Web service nya juga sudah bisa di akses,id,yudiwbs_id_sms_spam_v1,0,NEEDS_REVIEW,,e9a784a2fff2,,ç§äººèå¤©ï¼åç¥è¡ç¨åçº¦å®é¤åè§é¢
id_yudi_00754,Food Teh maksudnya bukan beras kan kang?,id,yudiwbs_id_sms_spam_v1,0,NEEDS_REVIEW,,f8fe04d22ebf,,ç§äººèå¤©ï¼è¯¢é®é£ç©å«ä¹æ¯å¦æå¤§ç±³
id_yudi_00755,Ga ada birthday nya? Wkwk,id,yudiwbs_id_sms_spam_v1,0,NEEDS_REVIEW,,a3e832f7cbdb,,ç§äººé²èï¼è°ä¾æ²¡æçæ¥
id_yudi_00756,Gaaais dlm semenit aja aku jd nasabah btpn wkwk,id,yudiwbs_id_sms_spam_v1,0,NEEDS_REVIEW,,dd0de07f8499,,ç§äººèå¤©ï¼å¼ç©ç¬è¯´æä¸ºé¶è¡å®¢æ·
id_yudi_00757,Gaaais penamaannya kyk nama1 nih biar rapih,id,yudiwbs_id_sms_spam_v1,0,NEEDS_REVIEW,,f2a5e2d47587,,ç§äººèå¤©ï¼å»ºè®®å½åè§è
id_yudi_00758,Gaada buat yg bukan temen mah,id,yudiwbs_id_sms_spam_v1,0,NEEDS_REVIEW,,bb66094df8d0,,ç§äººèå¤©ï¼è¯´æäºåªç»æå
id_yudi_00759,Gaes gaes mau drakor gaes besok yawww,id,yudiwbs_id_sms_spam_v1,0,NEEDS_REVIEW,,7ec254bd4923,,ç§äººèå¤©ï¼éè¯·æå¤©çé©å§
id_yudi_00760,Gais aku sudah brgkt. Mau matiin hp,id,yudiwbs_id_sms_spam_v1,0,NEEDS_REVIEW,,75b3e942ba97,,ç§äººèå¤©ï¼åç¥å·²åºåå¹¶è¦å³æº
id_yudi_00761,Gais bsk kke kantor ya nyerahin laporan aku udh dpt ttd paedi. Ini mau hard jilid. Jgn lupa ya source sama laporan di cd,id,yudiwbs_id_sms_spam_v1,0,NEEDS_REVIEW,,cee692c244e7,,ç§äººèå¤©ï¼äº¤ä»£äº¤æ¥ååæä»¶è£è®¢äºå®
id_yudi_00762,Gais kalau ada chat2 sebelumnya tolong dibaca dan dipahami biar ga ulg2 ????,id,yudiwbs_id_sms_spam_v1,0,NEEDS_REVIEW,,768b91f831f2,,ç§äººèå¤©ï¼è¦æ±éè¯»ä¹åæ¶æ¯é¿åéå¤
id_yudi_00763,Gais kalo dri upi ke unisba pake angkot apa pulang pergi?,id,yudiwbs_id_sms_spam_v1,0,NEEDS_REVIEW,,16bf89ab150a,,ç§äººèå¤©ï¼è¯¢é®ä»UPIå°UNISBAçå¬å±äº¤é
id_yudi_00764,"Gais kata aku kita ngantor tgl 4 sekalian bawa form penilaian, daftar hadir, form bimbingan. Sekalulian foto.",id,yudiwbs_id_sms_spam_v1,0,NEEDS_REVIEW,,963e88a6a535,,ç§äººèå¤©ï¼éç¥å¸¦è¯ä¼°è¡¨åç­¾å°è¡¨å»åå¬å®¤
id_yudi_00765,Gais kyknya bapa ga akan bls sms aku. Mau gmn? Tp bapa bls sms teh tia blg dia ada dikantor dan tia jg blg kita kekantor hari ini.,id,yudiwbs_id_sms_spam_v1,0,NEEDS_REVIEW,,e577aac444af,,ç§äººèå¤©ï¼è®¨è®ºç¶äº²æ¯å¦åå¤ç­ä¿¡
id_yudi_00766,Gais laporan 40 itu di bimbingan pembimbing lapangan?,id,yudiwbs_id_sms_spam_v1,0,NEEDS_REVIEW,,4df1281a208f,,ç§äººèå¤©ï¼è¯¢é®æ¥å40çå¯¼å¸æå¯¼äºå®
id_yudi_00767,Gais sekalian tanyain Pla ap aja yg diminta dr tempat pla setelah selesai selain nilai dr kampus? Ada surat2 lain ga.,id,yudiwbs_id_sms_spam_v1,0,NEEDS_REVIEW,,0c5d18f48fa5,,ç§äººèå¤©ï¼è¯¢é®å®ä¹ åä½éè¦åªäºææ
id_yudi_00768,Gajadi gadiabsen yg telatnya lebib dr 15 menit da kayanya,id,yudiwbs_id_sms_spam_v1,0,NEEDS_REVIEW,,de97b287fc1d,,ç§äººèå¤©ï¼è®¨è®ºè¿å°15åéä»¥ä¸ä¸è®°èå¤
id_yudi_00769,Gak takut kok. Tp emang blm mau. Gatau sampe kapan kwkw,id,yudiwbs_id_sms_spam_v1,0,NEEDS_REVIEW,,2adbc3ea1810,,ç§äººèå¤©ï¼è¡¨è¾¾ä¸å®³æä½è¿æ²¡åå¤å¥½
id_yudi_00770,"gak. saya sih percaya aja, dosa tanggung sendiri hehe. Nilai mobprog sudah selesai, silahkan dicek.",id,yudiwbs_id_sms_spam_v1,0,NEEDS_REVIEW,,7de872b6d409,,ç§äººèå¤©ï¼è¯´æç»©å·²åºå¯ä»¥æ¥ç
id_yudi_00771,Gampang da cuma tampilan doang.,id,yudiwbs_id_sms_spam_v1,0,NEEDS_REVIEW,,59c3e42e3bac,,ç§äººèå¤©ï¼è¯´æäºåªæ¯çé¢ç®å
id_yudi_00772,Gara gara batman. Pdhl udh diulang,id,yudiwbs_id_sms_spam_v1,0,NEEDS_REVIEW,,481667a517e6,,ç§äººèå¤©ï¼æ±æ¨å ä¸ºèè ä¾ è¢«éå¤æé
id_yudi_00773,"Gatau nuy, suruh tunggu aja cenah belom diinvite2 sama apapa aku mah",id,yudiwbs_id_sms_spam_v1,0,NEEDS_REVIEW,,83015a689450,,ç§äººèå¤©ï¼è¯´è¢«åç¥ç­å¾éè¯·
id_yudi_00774,"gatau tadi bapa nya keburu jumatan , pokonya suruh ngumpul dlu gt katanya",id,yudiwbs_id_sms_spam_v1,0,NEEDS_REVIEW,,783aa78cdc19,,ç§äººèå¤©ï¼è¯´ç¶äº²èµ¶çå»ç¤¼æè®©å¤§å®¶åéå
id_yudi_00775,Geng hari ini mau jam brpa ? Respon yah...,id,yudiwbs_id_sms_spam_v1,0,NEEDS_REVIEW,,858514765a0c,,ç§äººèå¤©ï¼è¯¢é®ä»å¤©å ç¹éåå¹¶è¦æ±åå¤
id_yudi_00776,Gimana nuy menghadapi beliau?,id,yudiwbs_id_sms_spam_v1,0,NEEDS_REVIEW,,f64c99564c73,,ç§äººèå¤©ï¼è¯¢é®æä¹åºå¯¹æäºº
id_yudi_00777,Gpp kali beda beda sep,id,yudiwbs_id_sms_spam_v1,0,NEEDS_REVIEW,,6c54ff5076fe,,ç§äººèå¤©ï¼è¯´æ²¡å³ç³»åèªä¸å
id_yudi_00778,Guys ada yg bermotor mau ngampus gak? Temenin ambil foto laaah (unbearable),id,yudiwbs_id_sms_spam_v1,0,NEEDS_REVIEW,,20bb39967b14,,ç§äººèå¤©ï¼é®ææ²¡æäººéªè½¦å»å­¦æ ¡å¸®å¿æç§
id_yudi_00779,Guys aku gabawa beras yaaa. Abis dr pasar beli itu berat bgt. Yg bisa bawa beras lebih mohon dilebihkan hehe,id,yudiwbs_id_sms_spam_v1,0,NEEDS_REVIEW,,fd68aef13bfb,,ç§äººèå¤©ï¼è¯´æ²¡å¸¦ç±³è¯·æ±å¸®å¿å¤å¸¦
id_yudi_00780,Guys di bdg ada studi foto yg gini gaaak,id,yudiwbs_id_sms_spam_v1,0,NEEDS_REVIEW,,1ae70090d68c,,ç§äººèå¤©ï¼é®å¨å·´ä¸ææ²¡ææç§æå½±å­¦ä¹
id_yudi_00781,Guys numpang promosi bisi ada yg butuh..  Dijual MacBook Air Layar 11inch Ram 4gb Ssd 128gb Garansi sisa 5 bulan Dijual karena jarang di pake..  Harga PM,id,yudiwbs_id_sms_spam_v1,0,NEEDS_REVIEW,,8e2138fd45b3,,ç§äººäºæäº¤æä¿¡æ¯ï¼åºå®MacBook Air
id_yudi_00782,"Guys, aku ganti template nya.",id,yudiwbs_id_sms_spam_v1,0,NEEDS_REVIEW,,dc334f50bf57,,ç§äººèå¤©ï¼è¯´æ¢äºæ¨¡æ¿
id_yudi_00783,"Guys, untuk groupwherenya pake github aja ya",id,yudiwbs_id_sms_spam_v1,0,NEEDS_REVIEW,,8e29d0aa4643,,ç§äººèå¤©ï¼å»ºè®®ç¨GitHubç®¡çç¾¤ç»
id_yudi_00784,"habis ini, pake groupwhere. biar ga berceceran filenya.",id,yudiwbs_id_sms_spam_v1,0,NEEDS_REVIEW,,04c0ea2b9d12,,ç§äººèå¤©ï¼å»ºè®®ç¨groupwhereé¿åæä»¶æ£è½
id_yudi_00785,Haha ayook kita bully adi ndut sama sama ????,id,yudiwbs_id_sms_spam_v1,0,NEEDS_REVIEW,,a42542ef05fe,,ç§äººèå¤©ï¼å¼ç©ç¬è¯´ä¸èµ·æ¬ºè´æäºº
id_yudi_00786,"Hai akang-teteh, bagi kalian yang belum tau, merekalah calon Pemimpin KEMAKOM periode 2016-2017! yuk kita simak visi-misi mereka :)",id,yudiwbs_id_sms_spam_v1,0,NEEDS_REVIEW,,3e8f8c5441c3,,ç§äººèå¤©ï¼åäº«å­¦çä¼åéäººä¿¡æ¯
id_yudi_00787,Harganya kisaran 50rb nama1 ??,id,yudiwbs_id_sms_spam_v1,0,NEEDS_REVIEW,,861df24d8770,,ç§äººèå¤©ï¼è¯¢é®ä»·æ ¼æ¯å¦å¨5ä¸å·¦å³
id_yudi_00788,Hari kamis saya baru masuk,id,yudiwbs_id_sms_spam_v1,0,NEEDS_REVIEW,,f11a32ba6bc3,,ç§äººèå¤©ï¼è¯´å¨åæä¸ç­
id_yudi_00789,"Hayu boleh da gais, tp kudu disurvey dulu sama aku, bisi tiba2 ada something wkwk",id,yudiwbs_id_sms_spam_v1,0,NEEDS_REVIEW,,27a2fadb5f85,,ç§äººèå¤©ï¼è¯´å¯ä»¥ä½è¦ååè°æ¥
id_yudi_00790,"Hbd nama1 , cepet sidang cepet wisuda yaaa aamiiiin",id,yudiwbs_id_sms_spam_v1,0,NEEDS_REVIEW,,d791fabed8c6,,ç§äººèå¤©ï¼çæ¥ç¥ç¦å¹¶ç¥æ¿é¡ºå©æ¯ä¸
id_yudi_00791,Hehe sudah sep ku jebol pake solder tp jd jelek ????,id,yudiwbs_id_sms_spam_v1,0,NEEDS_REVIEW,,bfc111861c82,,ç§äººèå¤©ï¼è¯´ç¨çµçéçæ¥ä½ææä¸å¥½
id_yudi_00792,Hmm sebenernya itu cuman eksekusi jquery di control sep. Coba cek jquery yg dicotroller waktu klik button. Kan ke controller yg buat nyetak pdf,id,yudiwbs_id_sms_spam_v1,0,NEEDS_REVIEW,,baa3e01f60d7,,ç§äººææ¯è®¨è®ºï¼å³äºjqueryå¨controllerä¸­çæ§è¡
id_yudi_00793,hmmm tiket ke batam berapa duit gile~,id,yudiwbs_id_sms_spam_v1,0,NEEDS_REVIEW,,6c711016a24c,,ç§äººèå¤©ï¼é®å»å·´æ·¡å²çæºç¥¨ä»·æ ¼
id_yudi_00794,Hub kita lg kalo udah dkt wktnya.,id,yudiwbs_id_sms_spam_v1,0,NEEDS_REVIEW,,4a1a9236a7fb,,ç§äººèå¤©ï¼è¯´ç­æ¶é´è¿äºåèç³»
id_yudi_00795,"Ibunya lagi bobok, aku mau nanya ttg daging, kalo ada daging mau di presto dulu juga",id,yudiwbs_id_sms_spam_v1,0,NEEDS_REVIEW,,40b3a5db1d83,,ç§äººèå¤©ï¼è¯´å¦å¦å¨ç¡è§é®å³äºèçåæ³
id_yudi_00796,"Info Gempa Mag:5.3 SR, 21-Jun-16 21:10:23 WIB, Lok:2.21 LS,99.33 BT (98 km Tenggara KEP-MENTAWAI-SUMBAR), Kedlmn:34 Km ::BMKG",id,yudiwbs_id_sms_spam_v1,0,TRANSACTION,,e1e4d6d22112,,BMKGå®æ¹å°éä¿¡æ¯éç¥ï¼å¬å±æå¡ç±»ä¿¡æ¯åç¥
id_yudi_00797,"Ini hujan semalaman ruang tengah sama kamar kayanya gabisa di nyalain (:() harus nunggu kering baru bisa nyala, smg ujannya berenti ??",id,yudiwbs_id_sms_spam_v1,0,NEEDS_REVIEW,,a7a34174c938,,ç§äººèå¤©ï¼è¯´ä¸é¨å¯¼è´æ¿é´è¿æ°´ä¸è½å¼ç¯
id_yudi_00798,Ini ini udh disini mau apa aku gorengin,id,yudiwbs_id_sms_spam_v1,0,NEEDS_REVIEW,,01430046ecbe,,ç§äººèå¤©ï¼è¯´ä¸è¥¿å°äºé®è¦ä¸è¦å¸®å¿ç¸
id_yudi_00799,Ini kalo kita lg beneran ngumpul pasti lg mewek berjamaah,id,yudiwbs_id_sms_spam_v1,0,TRANSACTION,,fb71355c4cad,,è¿è¥ååéçææºMMSè®¾ç½®éç¥
id_yudi_00800,"InsyaaAllah ikhlas mel, asa udah di bahas digrup kan, Trs yg responnya gt",id,yudiwbs_id_sms_spam_v1,0,NEEDS_REVIEW,,5a53ede613b7,,ç§äººèå¤©ï¼è¯´æäºå·²å¨ç¾¤éè®¨è®ºè¿
id_yudi_00801,"Isi saldo nya bisa di grapari, indomaret, ato di tf dari bca",id,yudiwbs_id_sms_spam_v1,0,NEEDS_REVIEW,,115534a69792,,ç§äººèå¤©ï¼åç¥åå¼æ¹å¼
id_yudi_00802,"itu masih pake data dummy, ntar gampang itu mh.",id,yudiwbs_id_sms_spam_v1,0,NEEDS_REVIEW,,ca39568533b2,,ç§äººææ¯è®¨è®ºï¼è¯´è¿å¨ç¨æµè¯æ°æ®
id_yudi_00803,Itu namanya ap nur? Tokopedi bukalapak lumayan laa complete walopun kw sejenis,id,yudiwbs_id_sms_spam_v1,0,NEEDS_REVIEW,,e4d5b9fb8734,,ç§äººèå¤©ï¼è®¨è®ºçµåå¹³å°å¯¹æ¯
id_yudi_00804,"Itu teh sebenernya krna terlalu sakit sma orang itu nuy, padahal kalo udah nemu orang baru mah pasti rasanya beda",id,yudiwbs_id_sms_spam_v1,0,NEEDS_REVIEW,,c920e9e6e904,,ç§äººèå¤©ï¼è®¨è®ºææé®é¢
id_yudi_00805,itu yang tugas pentaho langsung presentasi di pentaho nya ?,id,yudiwbs_id_sms_spam_v1,0,NEEDS_REVIEW,,e32061b79fe4,,ç§äººèå¤©ï¼é®å³äºpentahoçå±ç¤ºä½ä¸
id_yudi_00806,Iya aku inget jam dinding di rumah awet katanya hadiah pernikahan ?,id,yudiwbs_id_sms_spam_v1,0,NEEDS_REVIEW,,a36117cf1c98,,ç§äººèå¤©ï¼åå¿å®¶éçéæ¯ç»å©ç¤¼ç©
id_yudi_00807,"Iya  nama1, terakhir di lab jarkom. Pas copy sql SIGIndo tea..",id,yudiwbs_id_sms_spam_v1,0,NEEDS_REVIEW,,3fc463203660,,ç§äººèå¤©ï¼è¯´ä¸æ¬¡å¨ç½ç»å®éªå®¤å¤å¶SQL
id_yudi_00808,Iya ih ko sedih sih gtau kapan lg ke bandung :(,id,yudiwbs_id_sms_spam_v1,0,NEEDS_REVIEW,,656ddbc9c832,,ç§äººèå¤©ï¼è¡¨è¾¾ä¼¤æä¸ç¥ä½æ¶åå»ä¸é
id_yudi_00809,Iya ih maksimalkan waktu sebulan ini wkwkwk pdhl aku aja yg mo pindah :(,id,yudiwbs_id_sms_spam_v1,0,NEEDS_REVIEW,,94f14da2b898,,ç§äººèå¤©ï¼è°ä¾èªå·±å´æ³æ¬èµ°
id_yudi_00810,Iya kalau ada yang kosong agus atau sept,id,yudiwbs_id_sms_spam_v1,0,NEEDS_REVIEW,,7d9980f599a4,,ç§äººèå¤©ï¼è¯´å¦ææ¿é´ç©ºçæ¾AgusæSept
id_yudi_00811,Iya kan file terkahir itu data_pasien. -_-,id,yudiwbs_id_sms_spam_v1,0,NEEDS_REVIEW,,84a34b7fafa5,,ç§äººèå¤©ï¼ç¡®è®¤æåä¸ä¸ªæä»¶æ¯data_pasien
id_yudi_00812,Iya kar lg dikosan nih. Numpang ap?,id,yudiwbs_id_sms_spam_v1,0,NEEDS_REVIEW,,88af85bebc85,,ç§äººèå¤©ï¼è¯´å¨å®¿èé®è½å¦åä½
id_yudi_00813,iya ke singapur make yang 1dolar tea gening wkwk,id,yudiwbs_id_sms_spam_v1,0,NEEDS_REVIEW,,3c102aa82a83,,ç§äººèå¤©ï¼è¯´å»æ°å å¡ç¨1ç¾åçä¸è¥¿
id_yudi_00814,Iya liat mock up nya maksudnya,id,yudiwbs_id_sms_spam_v1,0,NEEDS_REVIEW,,f1977a3e9fa7,,ç§äººèå¤©ï¼è¯´çmock upçææ
id_yudi_00815,Iya put alat masak makan mah aku usahain ada,id,yudiwbs_id_sms_spam_v1,0,NEEDS_REVIEW,,322ebba56f96,,ç§äººèå¤©ï¼è¯´å°½éåå¤çå·
id_yudi_00816,"Iya teh, soalnya kenapa selasa, bapa hari rabu mau berangkat.",id,yudiwbs_id_sms_spam_v1,0,NEEDS_REVIEW,,283cf1f484c8,,ç§äººèå¤©ï¼è§£éä¸ºä»ä¹æ¯å¨äºå ä¸ºç¶äº²å¨ä¸åºå
id_yudi_00817,Iya ya ratarata programmer gt hirenya udh pake csps gt gt,id,yudiwbs_id_sms_spam_v1,0,NEEDS_REVIEW,,12abbd00e531,,ç§äººèå¤©ï¼è¯´ç¨åºåæèé½ç¨CSP
id_yudi_00818,"iya, makanya aku butuh data kalian teh soalnya datanya dari sana. tapi harus ada RJ atau RD.",id,yudiwbs_id_sms_spam_v1,0,NEEDS_REVIEW,,392ae1f81f31,,ç§äººèå¤©ï¼è¯´éè¦å¯¹æ¹çæ°æ®ä½è¦æRJæRD
id_yudi_00819,"Iya, semua kamera kecuali kamera lia aku taro di situ semua",id,yudiwbs_id_sms_spam_v1,0,NEEDS_REVIEW,,e85e7f6abe57,,ç§äººèå¤©ï¼è¯´é¤äºLiaçç¸æºé½æ¾å¨é£äº
id_yudi_00820,Iyaaa makanan bumbu dsb juga biar bisa dibawa dr rumah supaya irit hehehe,id,yudiwbs_id_sms_spam_v1,0,NEEDS_REVIEW,,c6e1dceb9b0c,,ç§äººèå¤©ï¼è¯´å¸¦è°æä»å®¶éæ¥çé±
id_yudi_00821,Iyaaaa ayyuuuukk biar kamu bisa reunian dg org sana fir,id,yudiwbs_id_sms_spam_v1,0,NEEDS_REVIEW,,3da3ede58e2b,,ç§äººèå¤©ï¼éè¯·åé£è¾¹çäººéè
id_yudi_00822,Iyalah makin malam makin mahal kek yg suka dijalanan,id,yudiwbs_id_sms_spam_v1,0,NEEDS_REVIEW,,660a5f8e8ca4,,ç§äººèå¤©ï¼è¯´è¶æè¶è´µåè·¯è¾¹ç
id_yudi_00823,Jadi kapan kita meet upnyaa nih temaan temaan?,id,yudiwbs_id_sms_spam_v1,0,NEEDS_REVIEW,,2678d6bf686c,,ç§äººèå¤©ï¼é®ä»ä¹æ¶åèä¼
id_yudi_00824,Jadi kitanya harus cari kesibukan jg ya? Biar ga mikirin cowo melulu,id,yudiwbs_id_sms_spam_v1,0,NEEDS_REVIEW,,6c2a05b5842a,,ç§äººèå¤©ï¼è¯´è¦æ¾ç¹äºåå«æ»æ³ç·ç
id_yudi_00825,"Jadi males banget PLA, asa ga pernah beres. Wkwk. Padahal dari pa rawosi ga bermasalah.",id,yudiwbs_id_sms_spam_v1,0,NEEDS_REVIEW,,641a2b046bdd,,ç§äººèå¤©ï¼æ±æ¨PLAæ°¸è¿åä¸å®
id_yudi_00826,Jadi nanti barang yg dipilih nyesuain budget aja diantara 7 pilihan diatas~,id,yudiwbs_id_sms_spam_v1,0,NEEDS_REVIEW,,962a6406e44d,,ç§äººèå¤©ï¼è¯´éä¸è¥¿è¦æ ¹æ®é¢ç®
id_yudi_00827,Jadinya aku ambil bulanan sampe desember. Tapi sekamar berdua sama sodara aku,id,yudiwbs_id_sms_spam_v1,0,NEEDS_REVIEW,,dc8b699164b7,,ç§äººèå¤©ï¼è¯´ç§å°12æåäº²æåä½
id_yudi_00828,"Jadinya mau apa sok, sebagian dari uang kas? Kira2 berapa?",id,yudiwbs_id_sms_spam_v1,0,NEEDS_REVIEW,,73ed329abb60,,ç§äººèå¤©ï¼é®ç¨ç­è´¹å¹²ä»ä¹å¤§æ¦å¤å°
id_yudi_00829,"Jajaran kantin 79 kesana deket2 pengkolan pokoknya kang, ada tulisanya da",id,yudiwbs_id_sms_spam_v1,0,NEEDS_REVIEW,,ea91d639b9bb,,ç§äººèå¤©ï¼æè¿°é£å ä½ç½®
id_yudi_00830,"Jam 12 wid, nanti berangkat jam 10",id,yudiwbs_id_sms_spam_v1,0,NEEDS_REVIEW,,2a41f6d1baeb,,ç§äººèå¤©ï¼è¯´12ç¹åºå10ç¹èµ°
id_yudi_00831,Jam 8 berangkat aja gmn teh,id,yudiwbs_id_sms_spam_v1,0,NEEDS_REVIEW,,69383d3bee70,,ç§äººèå¤©ï¼å»ºè®®8ç¹åºå
id_yudi_00832,Jam brp brpnya bsk kabarin kalau ngumpul sore ini bisa yaaaa,id,yudiwbs_id_sms_spam_v1,0,NEEDS_REVIEW,,70a0683afea7,,ç§äººèå¤©ï¼é®å ç¹éåä»æè½å¦éå
id_yudi_00833,"Jangan di agendain, suka ga jadi wkwkwk",id,yudiwbs_id_sms_spam_v1,0,NEEDS_REVIEW,,753786d6cb4e,,ç§äººèå¤©ï¼è¯´ä¸è¦åå¥è®®ç¨å ä¸ºæ»ä¸æ
id_yudi_00834,Jangan gitu kang.. Aku tersinggung.,id,yudiwbs_id_sms_spam_v1,0,NEEDS_REVIEW,,a9d3db729e9e,,ç§äººèå¤©ï¼è¯´å«è¿æ ·è®©äººä¸é«å´
id_yudi_00835,Januari mah ambil 1x seminggu aja. Kan kita masuk seminggu sekali kalau januari.,id,yudiwbs_id_sms_spam_v1,0,NEEDS_REVIEW,,de6231d4253a,,ç§äººèå¤©ï¼è¯´ä¸æä¸å¨ä¸æ¬¡å ä¸ºä¸å¨åªä¸ä¸æ¬¡è¯¾
id_yudi_00836,Januari pokoknya mau sama sapapun kemanapun harus liburan fix aamiin,id,yudiwbs_id_sms_spam_v1,0,NEEDS_REVIEW,,520cb47d4992,,ç§äººèå¤©ï¼è¯´ä¸ææ è®ºå¦ä½é½è¦å»åº¦å
id_yudi_00837,Jauh amat jemput di poskamling cilimus dee,id,yudiwbs_id_sms_spam_v1,0,NEEDS_REVIEW,,064677bc5041,,ç§äººèå¤©ï¼è¯´å¨cilimusä¿å®äº­æ¥å¤ªè¿äº
id_yudi_00838,Jd mau kpnnnih? Kekantor ambil form. Balik lg ngasih laporan atau sekaligus. Jd di laporan ga ada lampiran,id,yudiwbs_id_sms_spam_v1,0,NEEDS_REVIEW,,549a3f1023d3,,ç§äººèå¤©ï¼é®ä»ä¹æ¶åå»åå¬å®¤åè¡¨äº¤æ¥å
id_yudi_00839,"Jd misal nih ada murid sama guru, si guru ngasih ujian, nanti hasil jawaban ujian murid dibandingin sama jawaban dari guru (jawaban yg bener) trs outputnya berupa skor hasil ujian itu",id,yudiwbs_id_sms_spam_v1,0,NEEDS_REVIEW,,e9512c3c7ea7,,ç§äººå­¦æ¯è®¨è®ºï¼è§£éèè¯è¯åç³»ç»åç
id_yudi_00840,Jgn lupa malam ini jgn terlalu malam aja. Seadanya aja aku jg,id,yudiwbs_id_sms_spam_v1,0,NEEDS_REVIEW,,cbca94594fdc,,ç§äººèå¤©ï¼æéä»æä¸è¦å¤ªæ
id_yudi_00841,"Jika jemari tak mampu berjabat dan batin ini rindu akan keikhlasan maaf, hanya lewat pesan ini jemariku bersilaturahmi. Mohon maaf lahir dan batin",id,yudiwbs_id_sms_spam_v1,0,NEEDS_REVIEW,,5ff7e03da5f9,,ç§äººèå¤©ï¼å¼æèé®åç­ä¿¡è¯·æ±åè°
id_yudi_00842,Jumlah poin Anda s.d tgl 16/08/16 : 18 poin. Anda termasuk dalam kategori RED. Masa berlaku poin s.d 31 Des 2016,id,yudiwbs_id_sms_spam_v1,0,TRANSACTION,,2964a7aa525a,,Indosatç§¯åä½é¢æ¥è¯¢ç»æéç¥ï¼å±äºè´¦æ·ä¿¡æ¯åç¥
id_yudi_00843,Ka aku ga bisa liat kosannya skrg :( soalnya ngerjain uts take home ka,id,yudiwbs_id_sms_spam_v1,0,NEEDS_REVIEW,,e133fd4b2c59,,ç§äººèå¤©ï¼è¯´å¨åèè¯ä½ä¸çä¸äºå®¿è
id_yudi_00844,Kalau 13.5 itu untuk ayam kremes dan cabai ijo teh...kalau untuk bakar dan rica rica kita kasih 15rb deh   ...sudah pakai box dan air gelas,id,yudiwbs_id_sms_spam_v1,0,NEEDS_REVIEW,,6de74a20f920,,ç§äººèå¤©ï¼è®¨è®ºé¸¡èèåä»·æ ¼
id_yudi_00845,Kalau agus atau sept blm bisa menjamin ada kalau sekarang ada yang kosong,id,yudiwbs_id_sms_spam_v1,0,NEEDS_REVIEW,,aa7dcfec50fc,,ç§äººèå¤©ï¼è¯´AgusæSeptç°å¨ä¸è½ä¿è¯æç©º
id_yudi_00846,Kalau gamepro uasnya materi atau praktek Pak?,id,yudiwbs_id_sms_spam_v1,0,NEEDS_REVIEW,,db0ce38952c8,,ç§äººèå¤©ï¼é®gameproèè¯æ¯çè®ºè¿æ¯å®è·µ
id_yudi_00847,Kalau ini gagal. Urg pindah haluan ke sana deh,id,yudiwbs_id_sms_spam_v1,0,NEEDS_REVIEW,,4122dd9b4e87,,ç§äººèå¤©ï¼è¯´å¦æå¤±è´¥å°±æ¢æ¹å
id_yudi_00848,Kalau mau bikin model/controller mending per apa y?,id,yudiwbs_id_sms_spam_v1,0,NEEDS_REVIEW,,a2ba5d4ae256,,ç§äººææ¯è®¨è®ºï¼é®åæ¨¡å/æ§å¶å¨ç¨ä»ä¹
id_yudi_00849,Kalau pertable emg lbh rapih laporan sih mad cuman bingung kalau pertable kdgkan ada yg dipake didr bbrp table gmn tuh mad?,id,yudiwbs_id_sms_spam_v1,0,NEEDS_REVIEW,,d726ad9ce217,,ç§äººææ¯è®¨è®ºï¼è®¨è®ºpertableçæ¥è¡¨å¸å±
id_yudi_00850,"Kalem, saya diantapani lagi ujian sama intan. Hher",id,yudiwbs_id_sms_spam_v1,0,NEEDS_REVIEW,,3c849e67178c,,ç§äººèå¤©ï¼è¯´å¨èè¯ä¸­è¢«Intanå®æ°
id_yudi_00851,Kalian udh brp kali bimbingan? Ngomongin apa aja aku blm pernah,id,yudiwbs_id_sms_spam_v1,0,NEEDS_REVIEW,,fb5caa648560,,ç§äººèå¤©ï¼é®æå¯¼è¿å æ¬¡èäºä»ä¹
id_yudi_00852,Kalo ada daun pepaya mah bungkus daunnya pake pepaya put,id,yudiwbs_id_sms_spam_v1,0,NEEDS_REVIEW,,2a139fc4ba55,,ç§äººèå¤©ï¼è¯´å¦æææ¨çå¶æä¹å
id_yudi_00853,kalo aku ngasihinnya habis ashar aja gpp ?,id,yudiwbs_id_sms_spam_v1,0,NEEDS_REVIEW,,ff249bd67097,,ç§äººèå¤©ï¼é®ç¤¼æåç»å¯ä»¥å
id_yudi_00854,"kalo aku sih pertabel  nama1, mnyesuaikan kebutuhan :)",id,yudiwbs_id_sms_spam_v1,0,NEEDS_REVIEW,,2627b70b41ce,,ç§äººææ¯è®¨è®ºï¼è¯´ç¨pertableæ ¹æ®éè¦è°æ´
id_yudi_00855,Kalo daftar doang tapi belum tentu jadi prasidang boleh ga?,id,yudiwbs_id_sms_spam_v1,0,NEEDS_REVIEW,,83bb3d6825a3,,ç§äººèå¤©ï¼é®åªæ¥åä½ä¸ä¸å®åå å¯ä»¥å
id_yudi_00856,Kalo engga belakang aqila ada 600/bulan gatau masih apa engga deh,id,yudiwbs_id_sms_spam_v1,0,NEEDS_REVIEW,,2b39be9f12f8,,ç§äººèå¤©ï¼è¯´åé¢Aqilaé£600/æä¸ç¥éè¿ææ²¡æ
id_yudi_00857,Kalo grup c1 aku jarang baca haha jd suka ketinggalan kabar berita,id,yudiwbs_id_sms_spam_v1,0,NEEDS_REVIEW,,59d720c0970d,,ç§äººèå¤©ï¼è¯´ç¾¤C1å¾å°çæä»¥å¸¸éè¿æ¶æ¯
id_yudi_00858,Kalo kata raditya dika tuh cara pandang org ttg cinta akan berubah setelah mengalami patah hati terhebat. Haha,id,yudiwbs_id_sms_spam_v1,0,NEEDS_REVIEW,,8a2fbcb946ff,,ç§äººèå¤©ï¼å¼ç¨Raditya Dikaå³äºå¤±æçè§ç¹
id_yudi_00859,"Kalo masih mau ke kep. Seribu mending ikut yang ini nih, tinggal duduk manis dari unpad du",id,yudiwbs_id_sms_spam_v1,0,NEEDS_REVIEW,,98edb0be4524,,ç§äººèå¤©ï¼å»ºè®®å»åå²ç¾¤å²çææ¸¸æ¹å¼
id_yudi_00860,Kalo mau masak bawa bahannya dr rumah masing2 biar irit wkwk,id,yudiwbs_id_sms_spam_v1,0,NEEDS_REVIEW,,f4fda092936d,,ç§äººèå¤©ï¼è¯´æ³åé¥­ä»å®¶éå¸¦ææçé±
id_yudi_00861,kalo ngga besok ke kampus senin  nama1 ke kampus nya,id,yudiwbs_id_sms_spam_v1,0,NEEDS_REVIEW,,8505351edff9,,ç§äººèå¤©ï¼è¯´å¦ææå¤©ä¸å»å­¦æ ¡å¨ä¸å»
id_yudi_00862,Kalo nonton hr ini mahal yah? Week end,id,yudiwbs_id_sms_spam_v1,0,NEEDS_REVIEW,,8a755d696bb4,,ç§äººèå¤©ï¼é®å¨æ«ççµå½±è´µå
id_yudi_00863,"Kalo pacaran jg harus cowonya yg lebih sayang guys, biar ga ngebatin",id,yudiwbs_id_sms_spam_v1,0,NEEDS_REVIEW,,deb3d5d7218d,,ç§äººèå¤©ï¼è¯´æç±è¦è®©å¯¹æ¹æ´ç±èªå·±
id_yudi_00864,Kalo pake daging yg dah direbus enak gak dijadiin sate?,id,yudiwbs_id_sms_spam_v1,0,NEEDS_REVIEW,,b16dd8c1a882,,ç§äººèå¤©ï¼é®ç¨ç®è¿çèåæ²å²å¥½åå
id_yudi_00865,Kalo satpam tanya bilang aja ketemu saya,id,yudiwbs_id_sms_spam_v1,0,NEEDS_REVIEW,,acb42037810f,,ç§äººèå¤©ï¼è¯´å¦æä¿å®é®å°±è¯´è§æ
id_yudi_00866,Kalo udah ad progres besok aja jam 2an kesini..,id,yudiwbs_id_sms_spam_v1,0,NEEDS_REVIEW,,352ad282e74c,,ç§äººèå¤©ï¼è¯´å¦ææè¿å±æå¤©ä¸å2ç¹æ¥
id_yudi_00867,kamu kapan ke bandungg??,id,yudiwbs_id_sms_spam_v1,0,NEEDS_REVIEW,,9b25ba07ea9d,,ç§äººèå¤©ï¼é®ä»ä¹æ¶åå»ä¸é
id_yudi_00868,kamu sibuk ngapain aja disana ?,id,yudiwbs_id_sms_spam_v1,0,NEEDS_REVIEW,,27ac1976bad6,,ç§äººèå¤©ï¼é®å¨é£è¾¹å¿ä»ä¹
id_yudi_00869,Kamu yah yang ngajakin mereka.,id,yudiwbs_id_sms_spam_v1,0,NEEDS_REVIEW,,87af3e9a8629,,ç§äººèå¤©ï¼è¯´æ¯ä½ éè¯·ä»ä»¬ç
id_yudi_00870,"Kan bapaknya ngomong2 ya, trs ditanya siapa itu, aku blg lg rame ma sibuk dikampus nanti yaa",id,yudiwbs_id_sms_spam_v1,0,NEEDS_REVIEW,,a26ea80da109,,ç§äººèå¤©ï¼è¯´ç¶äº²å¨å¿å¨åå¬å®¤
id_yudi_00871,Kan dia masih gatau ngeditnya kek gmn haha,id,yudiwbs_id_sms_spam_v1,0,NEEDS_REVIEW,,33535622893c,,ç§äººèå¤©ï¼è¯´å¥¹ä¸ç¥éæä¹ç¼è¾
id_yudi_00872,Kan ini karna bulan baru qaqa ?? bisa ngomong gituch,id,yudiwbs_id_sms_spam_v1,0,NEEDS_REVIEW,,9f1225d5151c,,ç§äººèå¤©ï¼è¯´å ä¸ºæ¯æ°ææä»¥å¯ä»¥è¿ä¹è¯´
id_yudi_00873,Kang nama1 tuh baru menang 2 Milyar hahaha.. Kemakom berprestasi,id,yudiwbs_id_sms_spam_v1,0,NEEDS_REVIEW,,1e861c305f47,,ç§äººèå¤©ï¼å¼ç©ç¬è¯´æäººä¸­äº20äº¿
id_yudi_00874,Kantin fip nama1 sendiri td mau ke perpus. Tp bntar lg kan sholat,id,yudiwbs_id_sms_spam_v1,0,NEEDS_REVIEW,,cb44e22a491d,,ç§äººèå¤©ï¼è¯´FIPé£å è¦å»å¾ä¹¦é¦ä½åç¤¼æ
id_yudi_00875,Karena saya lagi si surabaya sampai besok.. Hati kamis ke kantor gimana ?,id,yudiwbs_id_sms_spam_v1,0,NEEDS_REVIEW,,dfd159cd1b06,,ç§äººèå¤©ï¼è¯´å¨æ³æ°´å°æå¤©é®å¨åå»åå¬å®¤ææ ·
id_yudi_00876,Kartu SIM Anda telah berhasil diganti. Terima kasih,id,yudiwbs_id_sms_spam_v1,0,TRANSACTION,,090fdf46d996,,è¿è¥åéç¥SIMå¡å·²æåæ´æ¢ï¼å±äºä¸å¡åçç»æåç¥
id_yudi_00877,Kasih norek aja kesebelah. Siapa tau ada yg mau. Mereka jg punya hak untk udunan wkwk. Bilang bts waktu trfr. Kalau ada niat pasti segera kok.,id,yudiwbs_id_sms_spam_v1,0,NEEDS_REVIEW,,c99e124c2af9,,ç§äººèå¤©ï¼å»ºè®®ç»è´¦å·åé±å¹¶è¯´ææ¶é´éå¶
id_yudi_00878,Ke kantor siang aja..,id,yudiwbs_id_sms_spam_v1,0,NEEDS_REVIEW,,ed3ff605cdb2,,ç§äººèå¤©ï¼è¯´ä¸­åå»åå¬å®¤
id_yudi_00879,Keknya pernah liat undangannya di prodi,id,yudiwbs_id_sms_spam_v1,0,NEEDS_REVIEW,,77dd5f1e954f,,ç§äººèå¤©ï¼è¯´å¥½åå¨ç³»éçè¿éç¥
id_yudi_00880,Kita kmpul yu sblum puasa :-) waktunya,id,yudiwbs_id_sms_spam_v1,0,NEEDS_REVIEW,,9cf737188679,,ç§äººèå¤©ï¼è¯´å°æåéå
id_yudi_00881,kita lewat kolam renang? di gymnas atau gik,id,yudiwbs_id_sms_spam_v1,0,NEEDS_REVIEW,,ad4a761bf219,,ç§äººèå¤©ï¼é®ç»è¿æ¸¸æ³³æ± å
id_yudi_00882,Kita yg stay di pdg aja mah tinggal cuss aja kapan meet up nya,id,yudiwbs_id_sms_spam_v1,0,NEEDS_REVIEW,,8c870bb878e1,,ç§äººèå¤©ï¼è¯´å¨å·´ä¸çäººç´æ¥å®èä¼æ¶é´
id_yudi_00883,Ko gtu ya parah bgt masa jam kerja ngeroko. Biar dapet inspirasi meren ya,id,yudiwbs_id_sms_spam_v1,0,NEEDS_REVIEW,,ebd3e8aa687a,,ç§äººèå¤©ï¼æ±æ¨å·¥ä½æ¶é´æ½ç
id_yudi_00884,Kok antara optimis dan ngga yah ??,id,yudiwbs_id_sms_spam_v1,0,NEEDS_REVIEW,,8139243883a4,,ç§äººèå¤©ï¼è¯´ä¸ç¡®å®æ¯ä¹è§è¿æ¯æ²è§
id_yudi_00885,"koreksi saya kalau salah (bisi lupa) tapi bagus sih kalau anda mau coba-coba, nggak mubazir juga kok. Kalau mau dibalikin lagi ke CSV ya pake transformasi lagi.",id,yudiwbs_id_sms_spam_v1,0,NEEDS_REVIEW,,6bcc4bee798b,,ç§äººææ¯è®¨è®ºï¼å³äºCSVæ°æ®è½¬æ¢
id_yudi_00886,krn pulsa/limit tidak mencukupi. Dptkan informasi seputar kartu Tri di *123# atau via aplikasi BIMATRI,id,yudiwbs_id_sms_spam_v1,0,TRANSACTION,,1098b04522dd,,è¿è¥åéç¥ä½é¢/éé¢ä¸è¶³ï¼å±äºè´¦æ·ç¶æåç¥
id_yudi_00887,ku ada 300 ratus nih di tabungan~ di nama1  aku tabungan ada berapa nama1 ? cabut sekarang juga #ManaAda~ :(,id,yudiwbs_id_sms_spam_v1,0,NEEDS_REVIEW,,37d1e96d9af7,,ç§äººèå¤©ï¼è¯´å¨é¶è¡æ300ä¸é®å¯¹æ¹æå¤å°
id_yudi_00888,Kumpul dulu aja di lab basdat biar bareng2,id,yudiwbs_id_sms_spam_v1,0,NEEDS_REVIEW,,7eb8400dc638,,ç§äººèå¤©ï¼è¯´åå¨æ°æ®åºå®éªå®¤éåä¸èµ·èµ°
id_yudi_00889,"Kumpulnya makan daging, jadi gak usah ke resto :D",id,yudiwbs_id_sms_spam_v1,0,NEEDS_REVIEW,,042b6702a46c,,ç§äººèå¤©ï¼è¯´èä¼åèæä»¥ä¸ç¨å»é¤å
id_yudi_00890,Kurang tau pasti sep periksa controllernya waktu instansiasi new tcpdf() aku lupa,id,yudiwbs_id_sms_spam_v1,0,NEEDS_REVIEW,,5044787e8ae6,,ç§äººææ¯è®¨è®ºï¼é®å³äºtcpdfæ§å¶å¨å®ä¾å
id_yudi_00891,Lagian pasti ga boleh gera sma si kaka tp kalo dianterin aku ga enak,id,yudiwbs_id_sms_spam_v1,0,NEEDS_REVIEW,,5ae3901aba1a,,ç§äººèå¤©ï¼è¯´ä¸è½è®©å¥å¥éä½ä¸å¥½ææä¸é
id_yudi_00892,"Lebay gt katanya ""meni gitu ama mamanya teh gak blg2""",id,yudiwbs_id_sms_spam_v1,0,NEEDS_REVIEW,,b02fde98e27e,,ç§äººèå¤©ï¼è¯´å¤¸å¼ å°è¯´å¦å¦ä¸åæäººè¯´è¯
id_yudi_00893,Lingkungan kerjanya berasap. Kalo gak ngerokok ya pada nge-vape gitu coba. Kan cowok semua banyaknya,id,yudiwbs_id_sms_spam_v1,0,NEEDS_REVIEW,,6b98297b71be,,ç§äººèå¤©ï¼è¯´å·¥ä½ç¯å¢æäººæ½çæçµå­ç
id_yudi_00894,Load controller bisa di construct mad? Kmren aku coba ga bs terpaksa di dlm fungsi,id,yudiwbs_id_sms_spam_v1,0,NEEDS_REVIEW,,f6c602bcb957,,ç§äººææ¯è®¨è®ºï¼é®æ§å¶å¨å è½½è½å¦æ¾æé å½æ°
id_yudi_00895,"maaaaaaaaf, aku lupaaa, hp aku baru nyala dadi pagi belum pulang ke kosan, maaf pisaaaan :(",id,yudiwbs_id_sms_spam_v1,0,NEEDS_REVIEW,,42a96202ec17,,ç§äººèå¤©ï¼éæ­è¯´æ©ä¸æå¼æºè¿æ²¡åå®¿è
id_yudi_00896,Maaf Anda tidak bisa mengaktifkan paket FLASH ini karena nomor anda tidak terdaftar,id,yudiwbs_id_sms_spam_v1,0,TRANSACTION,,3c737f272a88,,è¿è¥åéç¥æ æ³æ¿æ´»FLASHå¥é¤å ä¸ºå·ç æªæ³¨åï¼å±äºä¸å¡åçç»æåç¥
id_yudi_00897,Maaf bu jadi jam berapa ya kita ketemuan bu...atau bgmana baiknya,id,yudiwbs_id_sms_spam_v1,0,NEEDS_REVIEW,,02c8a61ef94b,,ç§äººèå¤©ï¼é®ä»ä¹æ¶åè§é¢æ¯è¾å¥½
id_yudi_00898,Maaf bu kalau pesanannya bebek atau ayam ya,id,yudiwbs_id_sms_spam_v1,0,NEEDS_REVIEW,,a681ce21d0c6,,ç§äººèå¤©ï¼è¯´è®¢çé¤æ¯é¸­å­è¿æ¯é¸¡
id_yudi_00899,Maaf kaprodi kita itu siapa yah hehe,id,yudiwbs_id_sms_spam_v1,0,NEEDS_REVIEW,,fea7e0505605,,ç§äººèå¤©ï¼è¯´å¨æ³æ°´å°æå¤©é®å¨åå»åå¬å®¤ææ ·
id_yudi_00900,"Maaf, Keyword yang anda masukkan ke 234 salah. Info lanjut hub call center : 200",id,yudiwbs_id_sms_spam_v1,0,TRANSACTION,,4490e48723d8,,è¿è¥åç³»ç»éç¥ï¼å³é®è¯è¾å¥éè¯¯æç¤º
id_yudi_00901,"Maaf, pesan Anda belum terkirim. Silakan coba beberapa saat lagi. Terimakasih",id,yudiwbs_id_sms_spam_v1,0,TRANSACTION,,352ea4ce276e,,ç³»ç»éç¥ï¼ç­ä¿¡æªåéæå
id_yudi_00902,"Maaf, pulsa Anda tidak cukup untuk melakukan pembelian paket Flash yang dipilih. Silahkan isi ulang pulsa Anda.",id,yudiwbs_id_sms_spam_v1,0,TRANSACTION,,565b506a9c7a,,è¿è¥åéç¥ï¼ä½é¢ä¸è¶³æ æ³è´­ä¹°å¥é¤
id_yudi_00903,Maafin ya guys gak hari ini huhuhu,id,yudiwbs_id_sms_spam_v1,0,NEEDS_REVIEW,,38c26fb37249,,ç§äººèå¤©ï¼åæåéæ­
id_yudi_00904,Mah melan lagi di kosan dila. Habis kerja kelompok tapi kepegat hujan :(,id,yudiwbs_id_sms_spam_v1,0,NEEDS_REVIEW,,923035494374,,ç§äººèå¤©ï¼å¨æåå®¿èèº²é¨
id_yudi_00905,Makanya sebelum tibatiba layarnya hitam gt diapain? Jatoh?,id,yudiwbs_id_sms_spam_v1,0,NEEDS_REVIEW,,4d45d5d9ad78,,ç§äººèå¤©ï¼è®¨è®ºææºå±å¹åäº
id_yudi_00906,Makasih gais doakan kami yg masih berjuang ya ??,id,yudiwbs_id_sms_spam_v1,0,NEEDS_REVIEW,,c4e2f33bbd37,,ç§äººèå¤©ï¼æè°¢å¹¶è¯·æ±ç¥ç¦
id_yudi_00907,Makasih semuanyaaa mohon doanya yaaa,id,yudiwbs_id_sms_spam_v1,0,NEEDS_REVIEW,,ddb22ce56cc2,,ç§äººèå¤©ï¼æè°¢å¹¶è¯·æ±ç¥ç¥·
id_yudi_00908,"Malem aja lah, jam 5 nanggung banget mw maghrib haha",id,yudiwbs_id_sms_spam_v1,0,NEEDS_REVIEW,,8fc4cec78fc0,,ç§äººèå¤©ï¼è®¨è®ºåææ¶é´
id_yudi_00909,Mana duduk plg depan selalu kdg aku ga tau keadaan dblkg. Siapa yg hdr siapa yg engga. Wkwk,id,yudiwbs_id_sms_spam_v1,0,NEEDS_REVIEW,,b01356ef1d39,,ç§äººèå¤©ï¼æå®¤åº§ä½é²è
id_yudi_00910,Mandi?? Aku selesei isya mau bobo,id,yudiwbs_id_sms_spam_v1,0,NEEDS_REVIEW,,3ad92acf21bc,,ç§äººèå¤©ï¼è®¨è®ºæ´æ¾¡ç¡è§
id_yudi_00911,Masak dikosan aku mau makan orek buatan kamu min,id,yudiwbs_id_sms_spam_v1,0,NEEDS_REVIEW,,d25ef72a1a3d,,ç§äººèå¤©ï¼å¨å®¿èåé¥­
id_yudi_00912,Masih boleh ikutan gaaaa wkwkwkwk,id,yudiwbs_id_sms_spam_v1,0,NEEDS_REVIEW,,a2a4bbcbb048,,ç§äººèå¤©ï¼è¯¢é®æ¯å¦è½åå
id_yudi_00913,Masih ngerasa bersalah ama kalian sebenernya,id,yudiwbs_id_sms_spam_v1,0,NEEDS_REVIEW,,ffb6726b53bb,,ç§äººèå¤©ï¼åæåè¡¨è¾¾æ§ç
id_yudi_00914,Masih yang dekat sungai dulu kok diil ??,id,yudiwbs_id_sms_spam_v1,0,NEEDS_REVIEW,,b61c5cd3c2a2,,ç§äººèå¤©ï¼è®¨è®ºæ²³è¾¹å°ç¹
id_yudi_00915,Matikan services spt antivirus dll.,id,yudiwbs_id_sms_spam_v1,0,NEEDS_REVIEW,,366c6f1a05ef,,ææ¯æä»¤ï¼å³é­ææ¯è½¯ä»¶ç­æå¡ï¼ä¸ä¸æä¸æï¼
id_yudi_00916,Mau minta kirim foto2 selempang yg kita waktu itu dong. Makasihhh,id,yudiwbs_id_sms_spam_v1,0,NEEDS_REVIEW,,5ea15aa17f8f,,ç§äººèå¤©ï¼è¯·æ±åéç§ç
id_yudi_00917,Mau naik gojek tapi ga ada driver kayanya :( padahal bawaan banyak :(,id,yudiwbs_id_sms_spam_v1,0,NEEDS_REVIEW,,23aa276aeff3,,ç§äººèå¤©ï¼æGojekæ²¡å¸æº
id_yudi_00918,Mau nitip ga saya lagi di gerlong.,id,yudiwbs_id_sms_spam_v1,0,NEEDS_REVIEW,,56aad5e0e303,,ç§äººèå¤©ï¼è¯·æ±ä»£åä¸è¥¿
id_yudi_00919,"Mau sekalian dibawain kacamata ga, nanti aku keluar jam 10",id,yudiwbs_id_sms_spam_v1,0,NEEDS_REVIEW,,47bc11a87cbf,,ç§äººèå¤©ï¼è¯·æ±å¸¦ç¼é
id_yudi_00920,Mau yang apa? Sunday atau apa? Terus rasa slainya apa?,id,yudiwbs_id_sms_spam_v1,0,NEEDS_REVIEW,,7563dc7045a0,,ç§äººèå¤©ï¼è®¨è®ºé£ç©éæ©
id_yudi_00921,Memperbaiki bug2 karna ganti db bbrp. Lg enak nonton td ditelfon ??,id,yudiwbs_id_sms_spam_v1,0,NEEDS_REVIEW,,1ebf53cd21ae,,ç§äººèå¤©ï¼ä¿®bugåççµè§
id_yudi_00922,Merica jeruk nipis aku ajaa,id,yudiwbs_id_sms_spam_v1,0,NEEDS_REVIEW,,63b959410e38,,ç§äººèå¤©ï¼è®¨è®ºé£æ
id_yudi_00923,Mgkin periksa nama id di view jg sep,id,yudiwbs_id_sms_spam_v1,0,NEEDS_REVIEW,,d568ea2bdc42,,ææ¯æ¶æ¯ï¼æ£æ¥è§å¾ä¸­IDï¼ä¸ä¸æä¸æï¼
id_yudi_00924,Min kalo ada inpo kosan perbulan share ya ??,id,yudiwbs_id_sms_spam_v1,0,NEEDS_REVIEW,,81163e4c183a,,ç§äººèå¤©ï¼è¯¢é®å®¿èä¿¡æ¯
id_yudi_00925,Min lg dmn? Mo ngambil sertifikat yg kompas hihu,id,yudiwbs_id_sms_spam_v1,0,NEEDS_REVIEW,,31cbf958335c,,ç§äººèå¤©ï¼è¯¢é®åè¯ä¹¦å°ç¹
id_yudi_00926,"minal aidzin walfaidin, mohon maaf lahir dan batin ya semua akang teteh.",id,yudiwbs_id_sms_spam_v1,0,NEEDS_REVIEW,,ff1136a6f7fd,,ç§äººèå¤©ï¼å¼æèé®å
id_yudi_00927,Minggunya pengen ke lembang git seharian ngubek bandung :(,id,yudiwbs_id_sms_spam_v1,0,NEEDS_REVIEW,,fad21d2b0169,,ç§äººèå¤©ï¼å¨æ«æ³å»Lembang
id_yudi_00928,Minta email github nya dong.,id,yudiwbs_id_sms_spam_v1,0,NEEDS_REVIEW,,9df59aa6435a,,ç§äººèå¤©ï¼è¯·æ±GitHubé®ç®±
id_yudi_00929,Mohon maaf lahir dan batin ipa3????,id,yudiwbs_id_sms_spam_v1,0,NEEDS_REVIEW,,7658496d6c4a,,ç§äººèå¤©ï¼å¼æèé®å
id_yudi_00930,Mohon maaf pak semalam saya Sudah konfirmasi tidak ikut remedial. Tapi di nilainya kenapa ikut remedial,id,yudiwbs_id_sms_spam_v1,0,NEEDS_REVIEW,,8d0bbfb0e46a,,ç§äººèå¤©ï¼åèå¸ç¡®è®¤è¡¥èæç»©
id_yudi_00931,Ga ada birthday nya ? Wkwk,id,yudiwbs_id_sms_spam_v1,0,NEEDS_REVIEW,,a3e832f7cbdb,,ç§äººèå¤©ï¼è®¨è®ºçæ¥
id_yudi_00932,"Mudah2an ya dil, besok mau coba ke telkom lg, doain yah (tear)",id,yudiwbs_id_sms_spam_v1,0,NEEDS_REVIEW,,2c210e3f1388,,ç§äººèå¤©ï¼æ³å»Telkomé¢è¯
id_yudi_00933,Mul snack satu lagi teteh kasih rafael ya,id,yudiwbs_id_sms_spam_v1,0,NEEDS_REVIEW,,a32e398315c3,,ç§äººèå¤©ï¼ç»é¶é£
id_yudi_00934,Mungkin aa nya tau kl wajah nama1 bakal beda sendiri pas gaya ini (up),id,yudiwbs_id_sms_spam_v1,0,NEEDS_REVIEW,,a74395944f4e,,ç§äººèå¤©ï¼è®¨è®ºç§çä¿®å¾
id_yudi_00935,"Murah nuy 30seorang, drpd naik angkot bisa 15rebu, belum ngetem, macet, gt",id,yudiwbs_id_sms_spam_v1,0,NEEDS_REVIEW,,18c18f4fe995,,ç§äººèå¤©ï¼æ¯è¾åºè¡ä»·æ ¼
id_yudi_00936,"Naik kelapa ledeng turun di ciateul, sebelum terminal bgt. Terus naik kalapa dayeuh kolot turun di depan kantor bgt.",id,yudiwbs_id_sms_spam_v1,0,NEEDS_REVIEW,,4511c9923fbe,,ç§äººèå¤©ï¼è®¨è®ºå¬äº¤è·¯çº¿
id_yudi_00937,nama table table pasien_irj dan gnti data_pasien. lupa,id,yudiwbs_id_sms_spam_v1,0,NEEDS_REVIEW,,b9da5948457f,,ææ¯æ¶æ¯ï¼æ°æ®åºè¡¨åï¼ä¸ä¸æä¸æï¼
id_yudi_00938,Nanti aku push aja ya kuota modem lg hbs,id,yudiwbs_id_sms_spam_v1,0,NEEDS_REVIEW,,d7c399a4b82e,,ç§äººèå¤©ï¼è®¨è®ºä»£ç æäº¤åæµé
id_yudi_00939,Nanti aku siaraan diil,id,yudiwbs_id_sms_spam_v1,0,NEEDS_REVIEW,,3d3b76f81ec6,,ç§äººèå¤©ï¼è®¨è®ºç´æ­
id_yudi_00940,Nanti plg wisudaan aku lgsg ksana. Awas telat. Telat aku plg.,id,yudiwbs_id_sms_spam_v1,0,NEEDS_REVIEW,,741c3dd7ed44,,ç§äººèå¤©ï¼æ¯ä¸å¸ç¤¼è§é¢
id_yudi_00941,Nanti sync aja di github dekstop nya.,id,yudiwbs_id_sms_spam_v1,0,NEEDS_REVIEW,,e4c0f62ee2b5,,ææ¯æ¶æ¯ï¼GitHubåæ­¥æä»¤ï¼ä¸ä¸æä¸æï¼
id_yudi_00942,"Ngajak wida tuh, kan beliau habis seminar. Hihip",id,yudiwbs_id_sms_spam_v1,0,NEEDS_REVIEW,,ccde42a8f2f7,,ç§äººèå¤©ï¼éè¯·æå
id_yudi_00943,"Nikah juga proses put, kadang diatas, kadang dibawah, gak selalu enak enak wkwkwkwk",id,yudiwbs_id_sms_spam_v1,0,NEEDS_REVIEW,,dd992ff5d723,,ç§äººèå¤©ï¼è®¨è®ºå©å§»
id_yudi_00944,Nomor OTP anda adalah [8874] -Telkomsel-,id,yudiwbs_id_sms_spam_v1,0,TRANSACTION,,336d582ac55d,,è¿è¥ååéOTPéªè¯ç 
id_yudi_00945,Ntar aku kirim link nya,id,yudiwbs_id_sms_spam_v1,0,NEEDS_REVIEW,,add467db2634,,ç§äººèå¤©ï¼åéé¾æ¥
id_yudi_00946,Numpang berteduh wkwk. Aku tak punya tempat tujuan~,id,yudiwbs_id_sms_spam_v1,0,NEEDS_REVIEW,,46688a716a6c,,ç§äººèå¤©ï¼èº²é¨é²è
id_yudi_00947,"numpang promo yah, siapa tau ada yang berminat ?? bisa liat di instagram nya",id,yudiwbs_id_sms_spam_v1,0,NEEDS_REVIEW,,c19d5ef86ece,,ç§äººèå¤©ï¼åäº«ä¿éä¿¡æ¯
id_yudi_00948,"nama1  udh nama1 transfer, maacih nur ??",id,yudiwbs_id_sms_spam_v1,0,NEEDS_REVIEW,,a9491d999825,,ç§äººèå¤©ï¼ç¡®è®¤è½¬è´¦
id_yudi_00949,"nama1 aku lg ngerjain tes ngoding di upi net, kalo mo pake motornya boleh, tp motornya jauh bgt",id,yudiwbs_id_sms_spam_v1,0,NEEDS_REVIEW,,5d7add974405,,ç§äººèå¤©ï¼ç¼ç¨æµè¯ååæ©æè½¦
id_yudi_00950,"nya sore we atuh gi, kalo mau pagi / siang weekend nya",id,yudiwbs_id_sms_spam_v1,0,NEEDS_REVIEW,,7215bfff7fd8,,ç§äººèå¤©ï¼è®¨è®ºå¨æ«æ¶é´
id_yudi_00951,Oh oke de. kalau selanjutnya isi deposit transfer kmn?,id,yudiwbs_id_sms_spam_v1,0,NEEDS_REVIEW,,193153315858,,ç§äººèå¤©ï¼è®¨è®ºå­æ¬¾è½¬è´¦
id_yudi_00952,Oh oke Pak nanti saya lgsg kesana untuk kepastikan buka jam berapa? Ke bebek komar yg dekat dt bisa?,id,yudiwbs_id_sms_spam_v1,0,NEEDS_REVIEW,,0f3f4ad45717,,ç§äººèå¤©ï¼ç¡®è®¤é¤åè¥ä¸æ¶é´
id_yudi_00953,Oh pantesan tau gitu lgsg foto dipusatnya aja put,id,yudiwbs_id_sms_spam_v1,0,NEEDS_REVIEW,,1ec71d0b6c37,,ç§äººèå¤©ï¼è®¨è®ºæç§
id_yudi_00954,"Oh saya udh berangkat kayanya, ga ada koneksi..",id,yudiwbs_id_sms_spam_v1,0,NEEDS_REVIEW,,3d4ac011323e,,ç§äººèå¤©ï¼å·²åºåæ²¡ä¿¡å·
id_yudi_00955,Oh udah yah haha aku bingung jd gimana udh ketinggalan banyak chat,id,yudiwbs_id_sms_spam_v1,0,NEEDS_REVIEW,,d987cfedeb6f,,ç§äººèå¤©ï¼èå¤©è·ä¸ä¸
id_yudi_00956,"oh, kelurahan dll dari data_pasien ternyata. butuh oge.",id,yudiwbs_id_sms_spam_v1,0,NEEDS_REVIEW,,68332ce60107,,ææ¯æ¶æ¯ï¼æ£èæ°æ®ï¼ä¸ä¸æä¸æï¼
id_yudi_00957,Oiya ya nama1  ih knapa bsa begitu?sayang bgt tabungannya :(,id,yudiwbs_id_sms_spam_v1,0,NEEDS_REVIEW,,2b13ce2a9ee6,,ç§äººèå¤©ï¼è®¨è®ºå­æ¬¾
id_yudi_00958,ok nanti saya lihat dengan kehadiran. Siapa lagi yg nyaris2 nilainya?,id,yudiwbs_id_sms_spam_v1,0,NEEDS_REVIEW,,af268eb32a49,,ç§äººèå¤©ï¼è®¨è®ºåºå¤åæç»©
id_yudi_00959,"ok,, kabarin yah, no m3 aku ke blokir, ga ada paket data, smsin aja ke asmul ya, ini kbtulan lagi free wife",id,yudiwbs_id_sms_spam_v1,0,NEEDS_REVIEW,,86a0ce7097fe,,ç§äººèå¤©ï¼å·ç è¢«å±è½åWiFi
id_yudi_00960,ok. minta yang data dummy diagnosa_pasien ya. punten. makasih,id,yudiwbs_id_sms_spam_v1,0,NEEDS_REVIEW,,67391321bec4,,ææ¯æ¶æ¯ï¼è¯·æ±èææ£èæ°æ®ï¼ä¸ä¸æä¸æï¼
id_yudi_00961,"Okayyy, nanti siang jam 1an hehe. Ga kemana-mana hari ini?",id,yudiwbs_id_sms_spam_v1,0,NEEDS_REVIEW,,900bb12e4073,,ç§äººèå¤©ï¼ä¸å1ç¹è§é¢
id_yudi_00962,Oke deh aku jg emang pengen ngumpul sih kapan lg :(,id,yudiwbs_id_sms_spam_v1,0,NEEDS_REVIEW,,6642d495538a,,ç§äººèå¤©ï¼æ³èä¼
id_yudi_00963,"Oke nama1, nanti udah beres bimbingan aku kesana",id,yudiwbs_id_sms_spam_v1,0,NEEDS_REVIEW,,6f2a1fde0d67,,ç§äººèå¤©ï¼æå¯¼ç»æåè§é¢
id_yudi_00964,oke gais tp dsni udh redaan hujannya. dtggu ya,id,yudiwbs_id_sms_spam_v1,0,NEEDS_REVIEW,,180d1bf52e7a,,ç§äººèå¤©ï¼é¨åäºç­å¾
id_yudi_00965,Oke kalau untuk dp harus berapa%?,id,yudiwbs_id_sms_spam_v1,0,NEEDS_REVIEW,,86b3d2183ee0,,ç§äººèå¤©ï¼è®¨è®ºé¦ä»æ¯ä¾
id_yudi_00966,"Oke, Senin deh ya ke kantor. Aku sms bapa. Laporan nyusul aja gt mengingat di laporan jg ada lampiran dan revisi penguji*",id,yudiwbs_id_sms_spam_v1,0,NEEDS_REVIEW,,13c6e365312e,,ç§äººèå¤©ï¼å¨ä¸å»åå¬å®¤
id_yudi_00967,oke. bentar aku solat dulu,id,yudiwbs_id_sms_spam_v1,0,NEEDS_REVIEW,,dfeaa5eb10f3,,ç§äººèå¤©ï¼åå»ç¤¼æ
id_yudi_00968,Okeee kalau telor butuhnya segimana?,id,yudiwbs_id_sms_spam_v1,0,NEEDS_REVIEW,,af65663aec42,,ç§äººèå¤©ï¼è®¨è®ºé¸¡èéæ±
id_yudi_00969,Okeyyy malem aja ya bahas apa ajanya yg dibawa,id,yudiwbs_id_sms_spam_v1,0,NEEDS_REVIEW,,69c275e3d0d8,,ç§äººèå¤©ï¼æä¸è®¨è®º
id_yudi_00970,Oo kalau kamu misalnya lanjut brp dit?,id,yudiwbs_id_sms_spam_v1,0,NEEDS_REVIEW,,aa6d42592c26,,ç§äººèå¤©ï¼è®¨è®ºåå­¦è´¹ç¨
id_yudi_00971,"ooh iya klo controler, ku kira td modelnya.",id,yudiwbs_id_sms_spam_v1,0,NEEDS_REVIEW,,97cafb6dc9ac,,ææ¯æ¶æ¯ï¼è®¨è®ºcontrolleråmodelï¼ä¸ä¸æä¸æï¼
id_yudi_00972,ouhhh gitu yaudah ntar besok aku chat lagi kalo aku mo ngampus,id,yudiwbs_id_sms_spam_v1,0,NEEDS_REVIEW,,28f64f3662e3,,ç§äººèå¤©ï¼æå¤©å»å­¦æ ¡åè
id_yudi_00973,Ouhhh trs ngedeteksi apa dil? Output nya apa?,id,yudiwbs_id_sms_spam_v1,0,NEEDS_REVIEW,,b5b7df496e24,,ææ¯æ¶æ¯ï¼è®¨è®ºæ£æµè¾åºï¼ä¸ä¸æä¸æï¼
id_yudi_00974,Pada ga aktif si tombol algoritma2 nya teh ga ngerti,id,yudiwbs_id_sms_spam_v1,0,NEEDS_REVIEW,,02f18b65a426,,ææ¯æ¶æ¯ï¼ç®æ³æé®ä¸å·¥ä½ï¼ä¸ä¸æä¸æï¼
id_yudi_00975,pada ngampus jamber gais?,id,yudiwbs_id_sms_spam_v1,0,NEEDS_REVIEW,,21c97b2bca97,,ç§äººèå¤©ï¼è®¨è®ºä¸è¯¾æ¶é´
id_yudi_00976,Padahal mau kesana tapi kyknya nama1 belum balik,id,yudiwbs_id_sms_spam_v1,0,NEEDS_REVIEW,,d68065c91268,,ç§äººèå¤©ï¼æ³å»ä½å¯¹æ¹æ²¡å
id_yudi_00977,Pagi bu saya dengan nama1 dari Bebek Komar ...sangat bisa bu untuk pesanan besok bu...menu yang di pesan apa ya bu...diantar ke mana ya...nuhun,id,yudiwbs_id_sms_spam_v1,0,NEEDS_REVIEW,,950e69c29067,,ç§äººèå¤©ï¼åBebek Komarè®¢é¤
id_yudi_00978,"nama1  titip pesan, jumat pagi kita kumpul trus bapa minta tolong ke kita buat bareng2 bujuk nama1 kuliah lagi",id,yudiwbs_id_sms_spam_v1,0,NEEDS_REVIEW,,3cb51b26d072,,ç§äººèå¤©ï¼åè¯´æåç»§ç»­è¯»ä¹¦
id_yudi_00979,Pak kalau seporsi berapa ya ?,id,yudiwbs_id_sms_spam_v1,0,NEEDS_REVIEW,,8fd1394dd5e6,,ç§äººèå¤©ï¼è¯¢é®ä¸ä»½å¤å°é±
id_yudi_00980,Pak mau pesen nasi goreng spesial 2 bungkus ke Graha desilla kmr 14.,id,yudiwbs_id_sms_spam_v1,0,NEEDS_REVIEW,,5c8950835fc9,,ç§äººèå¤©ï¼è®¢ä¸¤åçé¥­
id_yudi_00981,Pak mau tanya kalau nilai remed lebih kecil itu diambil nilai nya yang remed atau tetap yang sebelum nya pak ?,id,yudiwbs_id_sms_spam_v1,0,NEEDS_REVIEW,,b6fa081f2665,,ç§äººèå¤©ï¼åèå¸è¯¢é®è¡¥èæç»©
id_yudi_00982,Pak saya pake yang 6.0 malah bingung pak,id,yudiwbs_id_sms_spam_v1,0,NEEDS_REVIEW,,f3c59d90c362,,ç§äººèå¤©ï¼åèå¸è¡¨è¾¾å°æ
id_yudi_00983,"Pak, indeks nilai B gabisa diturunin lagi pak? Soalnya kemaren saya liat nilai udah B, terus tiba2 turun jadi B- karena penilaiannya pake + -",id,yudiwbs_id_sms_spam_v1,0,NEEDS_REVIEW,,0f120e4af4dc,,ç§äººèå¤©ï¼åèå¸è¯¢é®æç»©ç­çº§
id_yudi_00984,"Pak, MK yang nama1 kontrak Data Mining dgn kode IK566 bukan dwm, seperti yg bapak sampaikan dulu agar mengingatkan bapak ketika penginputan nilai, terimakasih.",id,yudiwbs_id_sms_spam_v1,0,NEEDS_REVIEW,,11224c4c6403,,ç§äººèå¤©ï¼åèå¸ç¡®è®¤è¯¾ç¨ä»£ç 
id_yudi_00985,"Pake kamera nama1 2, kamera nama1 1, sama handy cam prodi 1",id,yudiwbs_id_sms_spam_v1,0,NEEDS_REVIEW,,ad644375cc8c,,ææ¯æ¶æ¯ï¼è®¨è®ºæåè®¾å¤ï¼ä¸ä¸æä¸æï¼
id_yudi_00986,Paket tadi sore mendadak habis.,id,yudiwbs_id_sms_spam_v1,0,NEEDS_REVIEW,,7bbd31103f8a,,ç§äººèå¤©ï¼æµéå¥é¤ç¨å®äº
id_yudi_00987,"Paling seikhlasnya aja, yg mau nyumbang mangga, yg ngga, mangga gt",id,yudiwbs_id_sms_spam_v1,0,NEEDS_REVIEW,,af1f07a1254e,,ç§äººèå¤©ï¼è®¨è®ºææ¬¾
id_yudi_00988,"Pas dia ngomong gtu km langsung diem ya nuy, kikuk gtu pasti diomongin kek gtu",id,yudiwbs_id_sms_spam_v1,0,NEEDS_REVIEW,,8f9093564eeb,,ç§äººèå¤©ï¼è®¨è®ºæåè¡ä¸º
id_yudi_00989,"Pas sma gak pernah, tp kuliah disini org tua aku udah 2x pulang kampung",id,yudiwbs_id_sms_spam_v1,0,NEEDS_REVIEW,,e9c7d59a1ea5,,ç§äººèå¤©ï¼è®¨è®ºç¶æ¯æ¢äº²
id_yudi_00990,Paspor di perpanjang bayar nya brp nuy?,id,yudiwbs_id_sms_spam_v1,0,NEEDS_REVIEW,,74afd26f5d69,,ç§äººèå¤©ï¼è¯¢é®æ¤ç§å»¶æè´¹ç¨
id_yudi_00991,"Patah hatinya level tinggi, jd bisa quotes begitu put",id,yudiwbs_id_sms_spam_v1,0,NEEDS_REVIEW,,14dd9baa9a99,,ç§äººèå¤©ï¼è®¨è®ºå¤±æ
id_yudi_00992,"Pemakaian internet kamu sdh mencapai batasFUP,kecepatan akan disesuaikan.Lebih EKSIS dgnINTERNETGaul Bulanan Cuma Rp29,900! http://net.axisworld.co.id info838",id,yudiwbs_id_sms_spam_v1,0,TRANSACTION,,163a56a06347,,è¿è¥åéç¥ï¼FUPééå¹¶éå¸¦å¥é¤æ¨éé¾æ¥
id_yudi_00993,Penggunaan terakhir anda adalah 35417.00 dan telah memenuhi pemakaian pulsa minimum. Masa aktif kartu anda diperpanjang selama 30 hari dan akan aktif sampai 04/10/2016,id,yudiwbs_id_sms_spam_v1,0,TRANSACTION,,b3902958cbbe,,è¿è¥åéç¥ï¼è¯è´¹æ¶è´¹ç¡®è®¤åæææå»¶é¿
id_yudi_00994,"penuh nama1 , si nama1  juga nyari, udh penuh..",id,yudiwbs_id_sms_spam_v1,0,NEEDS_REVIEW,,290073a94f5b,,ç§äººèå¤©ï¼è®¨è®ºæ»¡å
id_yudi_00995,"Perginya naik kelapa turun di pasar bunga wastukencana, terus naik caringin-sadang serang atau jalan",id,yudiwbs_id_sms_spam_v1,0,NEEDS_REVIEW,,5d14e12e8fd5,,ç§äººèå¤©ï¼è®¨è®ºå¬äº¤è·¯çº¿
id_yudi_00996,"Permintaan Anda sedang diproses. Beberapa saat lagi Paket Internet anda akan di non-aktifkan, dan akan berlaku tariff dasar internet.",id,yudiwbs_id_sms_spam_v1,0,TRANSACTION,,aa78f07c572c,,è¿è¥åéç¥ï¼äºèç½å¥é¤å³å°åç¨
id_yudi_00997,"persiapkan dengan dokumen draftnya diambil di ruang saya, slide presentasi tuk pengujian..",id,yudiwbs_id_sms_spam_v1,0,NEEDS_REVIEW,,59aea5dfe50c,,ç§äººèå¤©ï¼åå¤ææ¡£åæ¼ç¤ºæç¨¿
id_yudi_00998,Perusahaannya apa aja kalau boleh tau?,id,yudiwbs_id_sms_spam_v1,0,NEEDS_REVIEW,,eba4aa5eaa35,,ç§äººèå¤©ï¼è¯¢é®æåªäºå¬å¸
id_yudi_00999,"pesan dari nama1 : Assalamu'alaikum wr.wb. Pak, Indonesia Android Kejar bekerjasama dengan Depilkom mau mengadakan pelatihan Android level intermediate, masih ada slot 2 orang lagi, syaratnya sudah pernah membuat app android dan ngebuild menggunakan Android Studio, barang kali di kelas Bapak ada yang berminat. Nuhun.o ya pelatihannya mulai hari sabtu besok, 2 April, setiap sabtu selama 7 pertemuan, bertempat di lab praktikum kita.",id,yudiwbs_id_sms_spam_v1,0,NEEDS_REVIEW,,82a0469c39ef,,å¹è®­å¬åï¼Androidå¹è®­æçï¼éåä¸æ¨éï¼
id_yudi_01000,"Pesanan #342877938 - mohon transfer Rp.59,755 ke BNI Account ####  sebelum 24 Jun, 2016. Mohon periksa email anda untuk info lebih lanjut.",id,yudiwbs_id_sms_spam_v1,0,TRANSACTION,,1ed3dca378c1,,çµåè®¢åéç¥ï¼è¯·æ±è½¬è´¦ä»æ¬¾
id_yudi_01001,Pilihannya hemat 2 jt atau lulus oct kan nanggung,id,yudiwbs_id_sms_spam_v1,0,NEEDS_REVIEW,,9fceed69fb20,,ç§äººèå¤©ï¼è®¨è®ºéæ©
id_yudi_01002,"Plg yth, paket 10 MB 1 hari Anda telah berakhir. Selanjutnya akan dikenakan tarif non paket.Aktifkan kembali paket Flash Anda di *363#",id,yudiwbs_id_sms_spam_v1,0,TRANSACTION,,7b3a956ffe4f,,è¿è¥åéç¥ï¼10MBå¥é¤å·²å°æ
id_yudi_01003,"Pokonya kalau ada yang mau push bilang aja usahain, bisi barengan push nya. Terus kalau push, pull dulu.",id,yudiwbs_id_sms_spam_v1,0,NEEDS_REVIEW,,869d39734c93,,ææ¯æ¶æ¯ï¼è®¨è®ºgit pushï¼ä¸ä¸æä¸æï¼
id_yudi_01004,pulang nya jam 8 (kecewa),id,yudiwbs_id_sms_spam_v1,0,NEEDS_REVIEW,,2a580759fa52,,ç§äººèå¤©ï¼8ç¹åå®¶
id_yudi_01005,"punten, ada yang punya kontaknya teh lulu 2011? nuhuun~",id,yudiwbs_id_sms_spam_v1,0,NEEDS_REVIEW,,5fbe0f7c3875,,ç§äººèå¤©ï¼è¯¢é®èç³»äºº
id_yudi_01006,"Pusatnya disitu dy di bandung pasir koja, cmn bangunan lg dibangun, jd td aku di interview di toko nya, toko bangunan",id,yudiwbs_id_sms_spam_v1,0,NEEDS_REVIEW,,e885780d5450,,ç§äººèå¤©ï¼é¢è¯ç»å
id_yudi_01007,"nama1  gedung manunggal tridaya pucakti pusenkav teh 1,5 ternyata wkwk",id,yudiwbs_id_sms_spam_v1,0,NEEDS_REVIEW,,cc85da601a9e,,ç§äººèå¤©ï¼è®¨è®ºå»ºç­ç©
id_yudi_01008,nama1 mau hunting kosan bentar gmn? Kita mau ngerjain dmn kita?,id,yudiwbs_id_sms_spam_v1,0,NEEDS_REVIEW,,b364a22593ac,,ç§äººèå¤©ï¼æ¾å®¿è
id_yudi_01009,Rasa mau sidang bulan depaaan mel. Jahaaat pisaaan,id,yudiwbs_id_sms_spam_v1,0,NEEDS_REVIEW,,e60777a94164,,ç§äººèå¤©ï¼è®¨è®ºè®ºæç­è¾©
id_yudi_01010,"Registrasi gagal. Harap masukan tanggal yang benar (01 - 31), dengan format DDMMYYYY",id,yudiwbs_id_sms_spam_v1,0,TRANSACTION,,0195ab59540b,,ç³»ç»éç¥ï¼æ³¨åå¤±è´¥æ¥ææ ¼å¼éè¯¯
id_yudi_01011,"route nya matiin aja, jadi nanti kalau mau akses ke project masing-masing ditembak aja.",id,yudiwbs_id_sms_spam_v1,0,NEEDS_REVIEW,,745a05d6d7fd,,ææ¯æ¶æ¯ï¼è®¨è®ºè·¯ç±éç½®ï¼ä¸ä¸æä¸æï¼
id_yudi_01012,"Rumah aku Gais, lewat pager garasi, karna pager orangnya ditutupi rumput liar hehehehe",id,yudiwbs_id_sms_spam_v1,0,NEEDS_REVIEW,,32ab432b9b65,,ç§äººèå¤©ï¼æè¿°æ¿å±ä½ç½®
id_yudi_01013,Saat2 terbaik mencari pasangan tuh pas kuliah bukan sih?  Apa enak ditempat kerja?,id,yudiwbs_id_sms_spam_v1,0,NEEDS_REVIEW,,409dda2c9722,,ç§äººèå¤©ï¼è®¨è®ºæ¾å¯¹è±¡
id_yudi_01014,Salam jepret karet gelang. Hihip,id,yudiwbs_id_sms_spam_v1,0,NEEDS_REVIEW,,9e76647f21af,,ç§äººèå¤©ï¼æ©¡ç®ç­æç§é®å
id_yudi_01015,"Sama ingetin ya, ini kan web nya mau di publish, kita kan ikut develop tuh, nah di web nya ada nama kita atau jurusan ga?",id,yudiwbs_id_sms_spam_v1,0,NEEDS_REVIEW,,ceba54bcfedd,,ç§äººèå¤©ï¼è®¨è®ºç½ç«ç½²å
id_yudi_01016,"Sama ini, misal ini web di pake dan dapet komisi tuh, nah kita kecipratan ga? Nanya aja, hehe. Da gapapa meren nanya gitu. Engga kecipratan juga hapapa, tapi seengganya di web nya ada.",id,yudiwbs_id_sms_spam_v1,0,NEEDS_REVIEW,,b78e50bb2dcf,,ç§äººèå¤©ï¼è®¨è®ºç½ç«ä½£éåé
id_yudi_01017,"sama sama pak,ooh itu report sendiri ko pak yang bumiputera, saya ngedit yang nomer 16 nya pak, jadi saya post lagi ??",id,yudiwbs_id_sms_spam_v1,0,NEEDS_REVIEW,,73b926ece7e1,,ç§äººèå¤©ï¼åèå¸è®¨è®ºæ¥åä¿®æ¹
id_yudi_01018,"saya beri opsi untuk nabung nilai, jadi kontraknya semester depan dan nilai dimasukkan ke semester tsb.",id,yudiwbs_id_sms_spam_v1,0,NEEDS_REVIEW,,a003102f8db5,,ç§äººèå¤©ï¼è®¨è®ºæç»©å­å¨éé¡¹
id_yudi_01019,"Saya blm dpt ttd nama1. Paling kalian duluan aja, saya nyusul sendiri nanti.",id,yudiwbs_id_sms_spam_v1,0,NEEDS_REVIEW,,d19ec5460b7c,,ç§äººèå¤©ï¼è¿æ²¡æ¿å°ç­¾å
id_yudi_01020,Saya brsik masih cuti bati ke kantor har rabu,id,yudiwbs_id_sms_spam_v1,0,NEEDS_REVIEW,,af1567a90546,,ç§äººèå¤©ï¼è¯·çåå¨ä¸å»å¬å¸
id_yudi_01021,"Saya buat banyak seri untuk PG, oleh karena itu jangan terlalu berharap bisa lihat punya teman (mungkin ini penyebab nilai PG jeblok kemarin?), waktunya akan terbatas dan ruangannya kita pake yg besar.",id,yudiwbs_id_sms_spam_v1,0,NEEDS_REVIEW,,3959d682eb36,,ç§äººèå¤©ï¼è®¨è®ºéæ©é¢åºé¢
id_yudi_01022,"Saya ijin undur diri, kalau ada kepentingan mangga di japri saja. Terima kasih (middle eastern woman)",id,yudiwbs_id_sms_spam_v1,0,NEEDS_REVIEW,,8e48f021844c,,ç§äººèå¤©ï¼è¾èç§ä¿¡èç³»
id_yudi_01023,"saya keluar kota sd jumat, senin tgl 12 pagi aja (jam 9), gabung sama gameprog.",id,yudiwbs_id_sms_spam_v1,0,NEEDS_REVIEW,,c85dcd98c0a7,,ç§äººèå¤©ï¼åºåå¨äºåæ¥
id_yudi_01024,Saya meminta maaf atas apa-apa yang telah saya perbuat. maaf dari lisan ini yang belum terjaga. maaf atas perilaku yang kurang baik. maaf atas segala kesalahan baik yang tersadari atau yang tidak saya sadari.,id,yudiwbs_id_sms_spam_v1,0,NEEDS_REVIEW,,c9ea0ab356bd,,ç§äººèå¤©ï¼éæ­ä¿¡
id_yudi_01025,"Saya menyimpulkan, kita debat diantara karena kita yg cupu ilmu nya, atau kemungkinan pertanggungjawaban pasca penelitian yg moal kepegang. Atau rasa sayang ortu di kampus yg pengen kita lulus cepat",id,yudiwbs_id_sms_spam_v1,0,NEEDS_REVIEW,,6def2306a078,,ç§äººèå¤©ï¼è®¨è®ºè¾©è®ºåæ¯ä¸
id_yudi_01026,"Saya sedang nunggu beliau pak,beliau sdg ngobrol dgn client",id,yudiwbs_id_sms_spam_v1,0,NEEDS_REVIEW,,0cf6a998c365,,ç§äººèå¤©ï¼ç­å¾å®¢æ·è°è¯
id_yudi_01027,Scroll up down olshop nama1,id,yudiwbs_id_sms_spam_v1,0,NEEDS_REVIEW,,06b9a65cc2dd,,ç§äººèå¤©ï¼æµè§ç½åº
id_yudi_01028,Sebenernya di nama1 gada bulanan setau aku. Cuma aku dikasih izin aja sama ibu gitu. Kalau aku lanjut aku bayar 6jt,id,yudiwbs_id_sms_spam_v1,0,NEEDS_REVIEW,,0ecca06f13ed,,ç§äººèå¤©ï¼è®¨è®ºå­¦è´¹æä»
id_yudi_01029,"Segan baa lo ko wqwq hai di, gila kurus banget skrg diii",id,yudiwbs_id_sms_spam_v1,0,NEEDS_REVIEW,,12fb44a34dec,,ç§äººèå¤©ï¼è®¨è®ºåç¦
id_yudi_01030,Sekalian aku mau nanya alur dari rawat inap ke lab sama radiologi. Kalau obat kan ga ada yang ngolah.,id,yudiwbs_id_sms_spam_v1,0,NEEDS_REVIEW,,5f489289c20e,,ç§äººèå¤©ï¼è®¨è®ºä½é¢æµç¨
id_yudi_01031,sekalian liburannya ke malaysia juga wkwk,id,yudiwbs_id_sms_spam_v1,0,NEEDS_REVIEW,,08a5be974e6e,,ç§äººèå¤©ï¼è®¨è®ºå»é©¬æ¥è¥¿äºåº¦å
id_yudi_01032,"Selain dicetak, rundown jg dkrm ke email di nama1 nuhun. Dtgu d prodi sampai 4.30. Dipercepat 30 menit.",id,yudiwbs_id_sms_spam_v1,0,NEEDS_REVIEW,,413cbb91de6e,,ç§äººèå¤©ï¼è®¨è®ºæµç¨è¡¨åé®ä»¶
id_yudi_01033,"Selain itu saya punya ide untuk menggabungkan beberapa device HP sebagai sumber sensor, misal untuk deteksi longsor atau gempa ini terkait trend sekarang: iOT (internet of thing), silahkan bagi yg tertarik :)",id,yudiwbs_id_sms_spam_v1,0,NEEDS_REVIEW,,bf4deb0ff7c7,,ææ¯æ¶æ¯ï¼è®¨è®ºIoTä¼ æå¨åæï¼ä¸ä¸æä¸æï¼
id_yudi_01034,"Selamat pagi pak, untuk data table yg dibutuhkan sudah saya email. Apakah email saya msk Pak?",id,yudiwbs_id_sms_spam_v1,0,NEEDS_REVIEW,,d1a1b28e77ae,,ç§äººèå¤©ï¼åèå¸ç¡®è®¤é®ä»¶æ¶å°
id_yudi_01035,"Selamat siang, mau reservasi bandros perorangan apakah bisa?",id,yudiwbs_id_sms_spam_v1,0,NEEDS_REVIEW,,4e14ccd2c108,,ç§äººèå¤©ï¼è¯¢é®bandrosé¢è®¢
id_yudi_01036,"Selamat sore Pak, besok kami bisa ke kantor jam brp Pak?",id,yudiwbs_id_sms_spam_v1,0,NEEDS_REVIEW,,f62cc92ee44a,,ç§äººèå¤©ï¼è¯¢é®æå¤©å»åå¬å®¤æ¶é´
id_yudi_01037,"Selamat sore teh, ini dg nama1 lg nyari kosan perbulan. Apakah ada yg kosong teh disana? Terima kasih.",id,yudiwbs_id_sms_spam_v1,0,NEEDS_REVIEW,,357e755e1e01,,ç§äººèå¤©ï¼å¯»æ¾æç§å®¿è
id_yudi_01038,Selamat TCASH TAP Anda telah aktif dengan SN: 100011398478 tgl. 21/08/2016 12:36:10 Info *800#,id,yudiwbs_id_sms_spam_v1,0,TRANSACTION,,10ce7657d3e4,,è¿è¥åéç¥ï¼TCASH TAPæ¿æ´»æå
id_yudi_01039,Selamat ulang tahun semoga panjang umur dan sehat selalu,id,yudiwbs_id_sms_spam_v1,0,NEEDS_REVIEW,,c94c9c4e9514,,ç§äººèå¤©ï¼çæ¥ç¥ç¦
id_yudi_01040,"Selamat utk teman2 yg wisuda, semoga berkah ilmunya dan dilancarkan urusan kedepannya.. sukses terus buat kt semua :)",id,yudiwbs_id_sms_spam_v1,0,NEEDS_REVIEW,,72c709a995ea,,ç§äººèå¤©ï¼æ¯ä¸ç¥è´º
id_yudi_01041,Selamat nama1. Semoga selalu menempuh hidup yang bahagia dan selalu menyenangkan,id,yudiwbs_id_sms_spam_v1,0,NEEDS_REVIEW,,86e5dad8147e,,ç§äººèå¤©ï¼ç¥è´ºç¥ç¦
id_yudi_01042,"Selamatkan diri kalian guys, karna ""lulus bareng"" hanyalah kata hiburan semata",id,yudiwbs_id_sms_spam_v1,0,NEEDS_REVIEW,,d2a4fe4e6695,,ç§äººèå¤©ï¼è®¨è®ºä¸èµ·æ¯ä¸
id_yudi_01043,"Selamatkan diri kalian guys, karna ""nikah bareng"" hanyalah kebaperan sesaat #NaonAriDyah",id,yudiwbs_id_sms_spam_v1,0,NEEDS_REVIEW,,54d6d6b8c18c,,ç§äººèå¤©ï¼è®¨è®ºä¸èµ·ç»å©
id_yudi_01044,"selisihnya brp? sesuai janji saya sbelumhya, bagi yg nilainya diperbatasan saya akan cek kehadiran. Tapi kalau jauh ya  gak bisa :)  nanti gak ada habisnya turun terus.",id,yudiwbs_id_sms_spam_v1,0,NEEDS_REVIEW,,d4d7517da8bd,,ç§äººèå¤©ï¼è®¨è®ºæç»©è¾¹çååºå¤
id_yudi_01045,"Semangat yang ibu gita, ibu putri dan bapak adison esok hari. Semoga diberikan yang terbaik. Aamiin",id,yudiwbs_id_sms_spam_v1,0,NEEDS_REVIEW,,886dda9dbd39,,ç§äººèå¤©ï¼ä¸ºèè¯å æ²¹
id_yudi_01046,Semangat!! Aku jg nanti bunganya aku titipin ya. Eh mau bunga atau makanan wid?,id,yudiwbs_id_sms_spam_v1,0,NEEDS_REVIEW,,3f920035ab3f,,ç§äººèå¤©ï¼éè±æé£ç©
id_yudi_01047,"Semau-maunya kita ama orang, gak bakal jadi kalau gak jodoh. Segeleh-gelehnya pasti bakal nikah kalopun jodoh",id,yudiwbs_id_sms_spam_v1,0,NEEDS_REVIEW,,b807855460db,,ç§äººèå¤©ï¼è®¨è®ºå§»ç¼
id_yudi_01048,Semoga Allah bersama kita Semua.,id,yudiwbs_id_sms_spam_v1,0,NEEDS_REVIEW,,654a8627313b,,ç§äººèå¤©ï¼å®æé®å
id_yudi_01049,semoga cepat sembuh pak.,id,yudiwbs_id_sms_spam_v1,0,NEEDS_REVIEW,,781e1e275509,,ç§äººèå¤©ï¼ç¥æ©æ¥åº·å¤
id_yudi_01050,"semua udah masuk kok, cuma database sindo memang nggak real time.",id,yudiwbs_id_sms_spam_v1,0,NEEDS_REVIEW,,ac92d8b520af,,私人日常聊天，非目标域内容
id_yudi_01051,Senin mah pelepasan doang kan? Aku brngktnya selasa apa egi senin berangktnya?,id,yudiwbs_id_sms_spam_v1,0,NEEDS_REVIEW,,0119eff434db,,私人日常聊天，非目标域内容
id_yudi_01052,Sep aku udh pull tp kenapa direpository git ga msk ke aku ya,id,yudiwbs_id_sms_spam_v1,0,NEEDS_REVIEW,,e65cf74da0e8,,私人日常聊天，非目标域内容
id_yudi_01053,Sepupu ane baru masuk kuliah,id,yudiwbs_id_sms_spam_v1,0,NEEDS_REVIEW,,862213765619,,私人日常聊天，非目标域内容
id_yudi_01054,Setting ponsel akan segera dikirimkan. Masukkan PIN: 1111 jika diminta. Terimakasih,id,yudiwbs_id_sms_spam_v1,0,TRANSACTION,,89d565f0f74c,,运营商发送手机设置通知含PIN码
id_yudi_01055,Setting telah dikirimkan ke ponsel Anda. Ikuti petunjuk yang diberikan untuk menyelesaikan setting internet dan kirim fot/MMS,id,yudiwbs_id_sms_spam_v1,0,TRANSACTION,,0ff668a536ed,,运营商通知手机设置已发送请按指引完成
id_yudi_01056,silahkan berkas dambil di ruang saya,id,yudiwbs_id_sms_spam_v1,0,NEEDS_REVIEW,,ca8c2873f1c4,,私人日常聊天，非目标域内容
id_yudi_01057,"Silahkan klo pd mau besok gpp, saya nyusul aja paling laporan ke bapaknya. Udh ngehubungin bapak jg.",id,yudiwbs_id_sms_spam_v1,0,NEEDS_REVIEW,,ab7a454ee16a,,私人日常聊天，非目标域内容
id_yudi_01058,Silahkan tebak umurnya~,id,yudiwbs_id_sms_spam_v1,0,NEEDS_REVIEW,,255855aeffb2,,私人日常聊天，非目标域内容
id_yudi_01059,"soal ada multiple choice ada essay. Yg weka masuk ke essay, tapi ada juga file yang dikumpulkan.",id,yudiwbs_id_sms_spam_v1,0,NEEDS_REVIEW,,752e9ecc8fcf,,私人日常聊天，非目标域内容
id_yudi_01060,"Soalnya aku pernah ujug2 dtng, terus bapak nya bilang kalau mau bimbingan bls wa ya, biar saya bisa estimasi waktu, gitu",id,yudiwbs_id_sms_spam_v1,0,NEEDS_REVIEW,,f30eaf4484dd,,私人日常聊天，非目标域内容
id_yudi_01061,Soalnya bapa mau liat database secara keseluruhan.,id,yudiwbs_id_sms_spam_v1,0,NEEDS_REVIEW,,c5cc8d8e896a,,私人日常聊天，非目标域内容
id_yudi_01062,Soalnya ini fitutnya lebih lengkap.,id,yudiwbs_id_sms_spam_v1,0,NEEDS_REVIEW,,372ef5dfe23b,,私人日常聊天，非目标域内容
id_yudi_01063,Soalnya yang aku udah ditambahin,id,yudiwbs_id_sms_spam_v1,0,NEEDS_REVIEW,,b472d78be0dd,,私人日常聊天，非目标域内容
id_yudi_01064,"sok saya bebas gmna kalian, bsok hayu , jumat oke",id,yudiwbs_id_sms_spam_v1,0,NEEDS_REVIEW,,edd95c904e8f,,私人日常聊天，非目标域内容
id_yudi_01065,"Struktur Data, PLA, Skripsi, dan Sidang",id,yudiwbs_id_sms_spam_v1,0,NEEDS_REVIEW,,31f4c642c233,,私人日常聊天，非目标域内容
id_yudi_01066,Subuh jg abis maghrib itu teh ahaha,id,yudiwbs_id_sms_spam_v1,0,NEEDS_REVIEW,,6c22015837a4,,私人日常聊天，非目标域内容
id_yudi_01067,"Sudah pak di email, saya cantumkan direct link juga diemail kalo misalkan file google drive tidak bisa di download",id,yudiwbs_id_sms_spam_v1,0,NEEDS_REVIEW,,76c5d2c08aa0,,私人日常聊天，非目标域内容
id_yudi_01068,Sundae min sirup kiwi pake cochochips :*,id,yudiwbs_id_sms_spam_v1,0,NEEDS_REVIEW,,fcf1bd52d5bf,,私人日常聊天，非目标域内容
id_yudi_01069,"supaya kita bisa mulai cepat, tolong posisi duduknya diatur dari awal, diberi jarak satu kolom kosong selang seling.",id,yudiwbs_id_sms_spam_v1,0,NEEDS_REVIEW,,16058e5da5ce,,私人日常聊天，非目标域内容
id_yudi_01070,"Tadi udah bertemu beliau pa. Kata beliau, pengujiannya bisanga besok pa.",id,yudiwbs_id_sms_spam_v1,0,NEEDS_REVIEW,,e7ea0228cc08,,私人日常聊天，非目标域内容
id_yudi_01071,Tapi daging kurban mentahnya udah ga ada :3,id,yudiwbs_id_sms_spam_v1,0,NEEDS_REVIEW,,3b26344ed071,,私人日常聊天，非目标域内容
id_yudi_01072,tapi kuliahnya sekarang. SP sebenarnya tidak boleh untuk kuliah yg ada praktikum.,id,yudiwbs_id_sms_spam_v1,0,NEEDS_REVIEW,,a10a8acf94d2,,私人日常聊天，非目标域内容
id_yudi_01073,"Tapi masukin aja dulu, soalnya aku data pasien dari sana.",id,yudiwbs_id_sms_spam_v1,0,NEEDS_REVIEW,,5ac00cef65b6,,私人日常聊天，非目标域内容
id_yudi_01074,Taqoballahu Minna waminkum. #SelamatMenyambutKemenangan,id,yudiwbs_id_sms_spam_v1,0,NEEDS_REVIEW,,c7920e27659a,,私人日常聊天，非目标域内容
id_yudi_01075,Teh jadi mau ketemuan,id,yudiwbs_id_sms_spam_v1,0,NEEDS_REVIEW,,1448faebbaed,,私人日常聊天，非目标域内容
id_yudi_01076,Teh maaf kalau teteh sibuk gpp nanti bayar besok aja pas pengiriman,id,yudiwbs_id_sms_spam_v1,0,NEEDS_REVIEW,,f333bb088b86,,私人日常聊天，非目标域内容
id_yudi_01077,Temen * yg lain bisa juga ya di undang ke grup ini,id,yudiwbs_id_sms_spam_v1,0,NEEDS_REVIEW,,2afb81a750f4,,私人日常聊天，非目标域内容
id_yudi_01078,Terima kasih atas konfirmasinya. Orderan sedang kami proses.,id,yudiwbs_id_sms_spam_v1,0,TRANSACTION,,03895f8ceece,,商家通知订单已确认正在处理
id_yudi_01079,Terimakasih telah melakukan pengisian ulang dgn SN 41000795569091 senilai 20000.,id,yudiwbs_id_sms_spam_v1,0,TRANSACTION,,e2d495d848a8,,运营商通知充值成功含流水号
id_yudi_01080,"Terimakasih, saat ini Anda masih terdaftar sebagai pelanggan TCash.",id,yudiwbs_id_sms_spam_v1,0,TRANSACTION,,cdc82b9446f9,,运营商通知TCash服务状态
id_yudi_01081,Terimakasih. Paket 60 mb Anda telah aktif. Cek bonus *889#. Katalog Poin lengkap tsel.me/telkomselpoin. S&K berlaku,id,yudiwbs_id_sms_spam_v1,0,TRANSACTION,,6cc59b499843,,运营商通知套餐已激活含查询方式
id_yudi_01082,Terlepas dr pelaku2 nya. Ambil dr sisi guru nya. Menarik bgt.,id,yudiwbs_id_sms_spam_v1,0,NEEDS_REVIEW,,15e7947fec81,,私人日常聊天，非目标域内容
id_yudi_01083,Ternyata formatnya banyak berantakan dari odp ke google sheet. Saya sdg rapikan sambil buat soal. Besok subuh harap cek lagi ya.,id,yudiwbs_id_sms_spam_v1,0,NEEDS_REVIEW,,d082b7f3703a,,私人日常聊天，非目标域内容
id_yudi_01084,Tersrrah aja. Pagi juga nggak pa2,id,yudiwbs_id_sms_spam_v1,0,NEEDS_REVIEW,,ce7f0f608114,,私人日常聊天，非目标域内容
id_yudi_01085,"Terus kalau ada yang nanya, kita masuknya suka pagi sampai siang kadang juga siang sampai sore. Gimana dari sananha.",id,yudiwbs_id_sms_spam_v1,0,NEEDS_REVIEW,,08e5c2d9704f,,私人日常聊天，非目标域内容
id_yudi_01086,tes toefl di balai bisa weekend ga?,id,yudiwbs_id_sms_spam_v1,0,NEEDS_REVIEW,,bf278ea350e4,,私人日常聊天，非目标域内容
id_yudi_01087,"Tiga kali juga dil, april, juli, sama okt",id,yudiwbs_id_sms_spam_v1,0,NEEDS_REVIEW,,2678977af6ef,,私人日常聊天，非目标域内容
id_yudi_01088,nama1 udah diperpus nama1.. yuk kesini tika tugu diperpus ya,id,yudiwbs_id_sms_spam_v1,0,NEEDS_REVIEW,,ea3fae550d02,,私人日常聊天，非目标域内容
id_yudi_01089,nama1  kalau kelompok sistem pembelajaran bhs jepang itu siapa ajaa?,id,yudiwbs_id_sms_spam_v1,0,NEEDS_REVIEW,,73c049100aea,,私人日常聊天，非目标域内容
id_yudi_01090,nama1 kemaren kamera dan handycam waktu msceis pake kamera siapa aj?,id,yudiwbs_id_sms_spam_v1,0,NEEDS_REVIEW,,1c3d248fc8df,,私人日常聊天，非目标域内容
id_yudi_01091,TOPUP pulsa Rp50000 berhasil via transfer ATM BNI kode trx 01123190427523627. Pulsa anda saat ini Rp 54205. Terima kasih telah menggunakan INDOSAT OOREDOO,id,yudiwbs_id_sms_spam_v1,0,TRANSACTION,,83f285ce9f44,,运营商通知充值成功含余额
id_yudi_01092,"Tp aku gak tertarik gt sih diperusahaan itu, org it nya baru satu",id,yudiwbs_id_sms_spam_v1,0,NEEDS_REVIEW,,14c01c52927e,,私人日常聊天，非目标域内容
id_yudi_01093,Tp aku masih lucu ngebayangin kalian pacaran teh hahahaha,id,yudiwbs_id_sms_spam_v1,0,NEEDS_REVIEW,,e9a36dd9cd87,,私人日常聊天，非目标域内容
id_yudi_01094,Tp baru tau teori doang sih...... Da blm ngerasain yg rumit2,id,yudiwbs_id_sms_spam_v1,0,NEEDS_REVIEW,,064f7a43ea7b,,私人日常聊天，非目标域内容
id_yudi_01095,Tp belum pasti ya. Kalau ada temen mah mau. Soalnya ga ada halangan untuk hdr kyknya hihi,id,yudiwbs_id_sms_spam_v1,0,NEEDS_REVIEW,,a741dad3568f,,私人日常聊天，非目标域内容
id_yudi_01096,Tp berapa lama lagi ya Pak?,id,yudiwbs_id_sms_spam_v1,0,NEEDS_REVIEW,,017468c1c34b,,私人日常聊天，非目标域内容
id_yudi_01097,Tp klo jd mmber mh bsa lbh murah dil,id,yudiwbs_id_sms_spam_v1,0,NEEDS_REVIEW,,6e9140658c0e,,私人日常聊天，非目标域内容
id_yudi_01098,Traveloka.com: Your e-ticket summary 25-07-2016/15:30/XPRESS XN-738/PDG-BDO/DZZZZ Total: 1 passenger(s),id,yudiwbs_id_sms_spam_v1,0,TRANSACTION,,17628aae8cd6,,Traveloka电子票务确认通知
id_yudi_01099,Tunggu aja dulu di lobi bawah kalo saya belum datang ya...,id,yudiwbs_id_sms_spam_v1,0,NEEDS_REVIEW,,d38359d4c9d6,,私人日常聊天，非目标域内容
id_yudi_01100,Udah aa aa semua sih. Makan mah sama cewek2. Lupa ih mukanya dy aku gak bisa nginget wajah hahaha,id,yudiwbs_id_sms_spam_v1,0,NEEDS_REVIEW,,3eda3b7d47f4,,私人日常聊天，非目标域内容
id_yudi_01101,"udah di benerin, kamu jangan sync dulu. backup filenya baru sync terus push dengan file kamu.",id,yudiwbs_id_sms_spam_v1,0,NEEDS_REVIEW,,a08dc7fdb816,,私人日常聊天，非目标域内容
id_yudi_01102,"Udah di beres2in, tp lampu depannya ada yg mati kl gasalah",id,yudiwbs_id_sms_spam_v1,0,NEEDS_REVIEW,,eb22050d6423,,私人日常聊天，非目标域内容
id_yudi_01103,Udah lama ga bimbingan ??,id,yudiwbs_id_sms_spam_v1,0,NEEDS_REVIEW,,936ce80f10a3,,私人日常聊天，非目标域内容
id_yudi_01104,Udh teh kata bapa bsk kekantor cuman blm dbls lg jamber.. jd blm pasti jg,id,yudiwbs_id_sms_spam_v1,0,NEEDS_REVIEW,,98817c437df1,,私人日常聊天，非目标域内容
id_yudi_01105,"nama1, ntar bilang aja ke kaka kamu, pas instal ulang gagal ngeformat C nya, ada error tpi semua data di C nya udah keformat. Pas mau nyoba instal windows nya, muncul error yg sama, error code 0x80070057. Kemungkinan ada yg rusak di harddisk nya.",id,yudiwbs_id_sms_spam_v1,0,NEEDS_REVIEW,,6b8e58b33656,,私人日常聊天，非目标域内容
id_yudi_01106,Untuk ayam bakar atau rica rica brp Pak?,id,yudiwbs_id_sms_spam_v1,0,NEEDS_REVIEW,,725f15b5ddd5,,私人日常聊天，非目标域内容
id_yudi_01107,"untuk dwm soal klasifikasi, algoritma yang menjadi dasar adalah random forest dengan akurasi model kira2 0.8. Setelah menggunakan data test (data yg saya berikan kemarin di UAS untuk diprediksi), akurasi yg didapat adalah 0.75. Jika mhs mendapat akurasi 0.75 dia akan mendapat nilai maksimal (20point). Akurasi tertinggi 0.77 diperoleh oleh nama1",id,yudiwbs_id_sms_spam_v1,0,NEEDS_REVIEW,,5306490d6033,,私人日常聊天，非目标域内容
id_yudi_01108,"Untuk yg kontrak game prog (dan juga dwm): kita jadwalkan untuk ikut Gemastik. Ini kompetisi terbesar antar prodi ilkom/IF, dan kita punya peluang besar untuk bidang ini.",id,yudiwbs_id_sms_spam_v1,0,NEEDS_REVIEW,,e95d1260c175,,私人日常聊天，非目标域内容
id_yudi_01109,"Urang mah kayanya dah jumatan, tapi jam 2an. Mau ke pa lala dulu bentar.",id,yudiwbs_id_sms_spam_v1,0,NEEDS_REVIEW,,147f2241be01,,私人日常聊天，非目标域内容
id_yudi_01110,Usul: Anak sospol dan yg berminat turun deh. Pelajari ttg ini,id,yudiwbs_id_sms_spam_v1,0,NEEDS_REVIEW,,e4160d54cf72,,私人日常聊天，非目标域内容
id_yudi_01111,Waaah keren kang,id,yudiwbs_id_sms_spam_v1,0,NEEDS_REVIEW,,13e913bdf078,,私人日常聊天，非目标域内容
id_yudi_01112,Waalaikumsalam. Jumat ya pukul 9.,id,yudiwbs_id_sms_spam_v1,0,NEEDS_REVIEW,,8ac099e34211,,私人日常聊天，非目标域内容
id_yudi_01113,Waalaikumsalamin apa yg dpt saya bantu min?,id,yudiwbs_id_sms_spam_v1,0,NEEDS_REVIEW,,b3bf0b6a991a,,私人日常聊天，非目标域内容
id_yudi_01114,Wah iya dy?haha sabar bgt anaknya teh jd we aku yg gtau diri ngomong seenaknya :(,id,yudiwbs_id_sms_spam_v1,0,NEEDS_REVIEW,,87bd60646590,,私人日常聊天，非目标域内容
id_yudi_01115,wah mantap(ok) btw nge-cc perihal sponsor jg ya osnnya.. semoga yg terbaik utk kemakom,id,yudiwbs_id_sms_spam_v1,0,NEEDS_REVIEW,,9002fd4dd815,,私人日常聊天，非目标域内容
id_yudi_01116,"wah repot kalo asumsinya gitu, kadang ada yg ganti kelompok. biasakan setiap dokumen itu ada nama, klau saya print lalu saya periksanya offline bingung kan mau dimasukkan ke mana kalau gak ada nama satupun.",id,yudiwbs_id_sms_spam_v1,0,NEEDS_REVIEW,,e3f23c541e9c,,私人日常聊天，非目标域内容
id_yudi_01117,Waktu itu malas sep hihi. Dilihat jd lebih rapih aja ????,id,yudiwbs_id_sms_spam_v1,0,NEEDS_REVIEW,,2f9381703637,,私人日常聊天，非目标域内容
id_yudi_01118,Wid jgn plg sebelum ketemu aku. Aku brgkt jam 5 hehe,id,yudiwbs_id_sms_spam_v1,0,NEEDS_REVIEW,,ec1a8c9a019e,,私人日常聊天，非目标域内容
id_yudi_01119,Wihh nyimper kopernya dmn? Motor gigi kan?,id,yudiwbs_id_sms_spam_v1,0,NEEDS_REVIEW,,0fac4106e7d5,,私人日常聊天，非目标域内容
id_yudi_01120,wisudaan kan hari jumat,id,yudiwbs_id_sms_spam_v1,0,NEEDS_REVIEW,,2d15b58b7677,,私人日常聊天，非目标域内容
id_yudi_01121,"Wkwk tumben kar biasanya masing2 punya sendiri kar, sampe yg sewarna ada 3",id,yudiwbs_id_sms_spam_v1,0,NEEDS_REVIEW,,1f8de3a6f77c,,私人日常聊天，非目标域内容
id_yudi_01122,"Wooh ada yg mau nikah lagi, udah lulus langsung diiket",id,yudiwbs_id_sms_spam_v1,0,NEEDS_REVIEW,,97f08b76b6cf,,私人日常聊天，非目标域内容
id_yudi_01123,Ya ampuun pak jendral wk,id,yudiwbs_id_sms_spam_v1,0,NEEDS_REVIEW,,07219825c8ca,,私人日常聊天，非目标域内容
id_yudi_01124,"ya masuk aja, belum ada tugas/quiz kok. cuma perlu ngejar dikit. Materinya sekarang sudah sampai location aware app. pertemuan berikutnya masuk ke sensor.",id,yudiwbs_id_sms_spam_v1,0,NEEDS_REVIEW,,128652132a80,,私人日常聊天，非目标域内容
id_yudi_01125,"ya nggk jd masalh, toh model bisa diload dicontroler mana aja kan?",id,yudiwbs_id_sms_spam_v1,0,NEEDS_REVIEW,,50de32e76646,,私人日常聊天，非目标域内容
id_yudi_01126,Yah saya dikostan temen dil. Hihi,id,yudiwbs_id_sms_spam_v1,0,NEEDS_REVIEW,,bb5fb58542a6,,私人日常聊天，非目标域内容
id_yudi_01127,"yahh masih lama ya, urgent ini wkwk",id,yudiwbs_id_sms_spam_v1,0,NEEDS_REVIEW,,468ebd717402,,私人日常聊天，非目标域内容
id_yudi_01128,"Yang ada waktu luang besok pada futsal ya jam 4 di sampoerna, s Jangan ngaret",id,yudiwbs_id_sms_spam_v1,0,NEEDS_REVIEW,,a33123b9317a,,私人日常聊天，非目标域内容
id_yudi_01129,Yang sinonim bukan?,id,yudiwbs_id_sms_spam_v1,0,NEEDS_REVIEW,,40f6f0967317,,私人日常聊天，非目标域内容
id_yudi_01130,"Yaudah gausah babakaran atuh, yg pake kompor aja. Lagian ribet kan nyalain arengnya",id,yudiwbs_id_sms_spam_v1,0,NEEDS_REVIEW,,283e85f76aa4,,私人日常聊天，非目标域内容
id_yudi_01131,"Yaudah sekarang mah eta harddisk di laptop maneh keluarin terus dijadiin harddisk external aja.. cari temen yang punya case nya.. entar datanya copy-in, paling maneh ngerjain di luar dulu aja ga di laptop itu",id,yudiwbs_id_sms_spam_v1,0,NEEDS_REVIEW,,47f2ef80b146,,私人日常聊天，非目标域内容
id_yudi_01132,"yaudah, minta data dummy untuk diagnosa_pasien dong",id,yudiwbs_id_sms_spam_v1,0,NEEDS_REVIEW,,ba6ebe307513,,私人日常聊天，非目标域内容
id_yudi_01133,"Yg butuh kosan perbulan bisa langsung ditempatin. Lokasi di gang samping gokana setiabudi, khusus cewe jam bebas, bersih, fasilitas kasur sama lemari kunci pegang masing2. Harga 725/bulan. Bisa hub ####  id line: titaniadbl",id,yudiwbs_id_sms_spam_v1,0,NEEDS_REVIEW,,19827ed9d03a,,私人日常聊天，非目标域内容
id_yudi_01134,"Yg dian ge waktu itu yudisium akhirnya sore2, ga dibarengin sama nondik sampe jam 6kurang keluar yudisium teh",id,yudiwbs_id_sms_spam_v1,0,NEEDS_REVIEW,,e9a96c5541c9,,私人日常聊天，非目标域内容
id_yudi_01135,Yg mau ngampus aku pengen titip bawain SKL aku di prodi??,id,yudiwbs_id_sms_spam_v1,0,NEEDS_REVIEW,,0ec6fbf57943,,私人日常聊天，非目标域内容
id_yudi_01136,Yg ragu sm bulet/datar atau yg pgn ikutan debat kusir :v,id,yudiwbs_id_sms_spam_v1,0,NEEDS_REVIEW,,dce80657248f,,私人日常聊天，非目标域内容
id_yudi_01137,Yg sebelah warteg bahri apa sebrangnya? Yg 15,id,yudiwbs_id_sms_spam_v1,0,NEEDS_REVIEW,,c71184e6c3b8,,私人日常聊天，非目标域内容
id_yudi_01138,"Yooo sama2, oke nanti aku umumin di grup kelas",id,yudiwbs_id_sms_spam_v1,0,NEEDS_REVIEW,,fb251fcf09d1,,私人日常聊天，非目标域内容
id_yudi_01139,?? sebelumnya ga ad nulis kerudung. Kirain warna jins,id,yudiwbs_id_sms_spam_v1,0,NEEDS_REVIEW,,d9058383e77c,,私人日常聊天，非目标域内容
id_yudi_01140,Mba mau kirim 300 ya,id,yudiwbs_id_sms_spam_v1,0,NEEDS_REVIEW,,0d8242feb4a6,,私人日常聊天，非目标域内容
id_yudi_01141,nama1  beaok bwrangkat pagi...mau cas atay tranfer?,id,yudiwbs_id_sms_spam_v1,0,NEEDS_REVIEW,,b7d6388b1720,,私人日常聊天，非目标域内容
id_yudi_01142,No bri atas nama kamu mana,id,yudiwbs_id_sms_spam_v1,0,NEEDS_REVIEW,,1cac593d99d0,,私人日常聊天，非目标域内容
