id,text,language,source,orig_label,label,annotator,template_group,notes,reason
iiitd_00000,zyada itrao mat . english meko bi aati hai :-P,hi,iiitd_sms_spam_v1,ham,NEEDS_REVIEW,manual,730edc4dfb41,latin-script-hinglish-or-en-IN;not-devanagari,无关短信，非目标域
iiitd_00001,"is ajnbi dunia me akle 1 khwab hu, swalon se khafa chota sa jawab hu me,jo na smajh sake unk lie ajnbi,or jo samajh sake unk lie khuli kitab hu me...!!!Gudnyt",hi,iiitd_sms_spam_v1,ham,NEEDS_REVIEW,manual,8e72e99f67b0,latin-script-hinglish-or-en-IN;not-devanagari,日常沟通，非四类目标域
iiitd_00002,Husband n wife were opening joint bank ac Husband put d passwrd as 'penis'wife fell off her chair laughing when computer screen said-password not long enough,hi,iiitd_sms_spam_v1,ham,NEEDS_REVIEW,manual,9dc6edb75133,latin-script-hinglish-or-en-IN;not-devanagari,夫妻笑话段子，私人娱乐
iiitd_00003,"Husband Suhag raat pe- Tum ne kabhi Blue Film Dekhi Hai? Wife- Haa 1 Bar. Husbnd-Hum wahi Karenge. Wife- Wo Thik Hai,Par Baaki 2 Ladke Tum Laoge Ya Main bulalu",hi,iiitd_sms_spam_v1,ham,NEEDS_REVIEW,manual,1348cd53d293,latin-script-hinglish-or-en-IN;not-devanagari,私人闲聊，非四类目标域
iiitd_00004,indagi me 5 cheez kabhi bhi aa sakti h 'Hum' 'Hamari call' 'Humara msg' 'Humari misS call' OR...OR..OR... 'HAMARI YAAD' kyun...aayi Na..,hi,iiitd_sms_spam_v1,ham,NEEDS_REVIEW,manual,b2db4ff14ea6,latin-script-hinglish-or-en-IN;not-devanagari,让打电话，闲聊
iiitd_00005,Why do Muslims hate Pigs !!? becz- Pigs produce more babies than muslims.. EGO PROBLEM.!,hi,iiitd_sms_spam_v1,ham,NEEDS_REVIEW,manual,d06da07cd054,latin-script-hinglish-or-en-IN;not-devanagari,日常短信，非目标域
iiitd_00006,"Incase Notice koi na dekha ho,aj evry clas md jake ekbar announc kar dena.",hi,iiitd_sms_spam_v1,ham,NEEDS_REVIEW,manual,c4a153d48bb5,latin-script-hinglish-or-en-IN;not-devanagari,无关短信，非目标域
iiitd_00007,"In your life, when you wake up; dont see any one, then come to me, i ll be there to hold ur hand,take you to the EYE SPECIALIST",hi,iiitd_sms_spam_v1,ham,NEEDS_REVIEW,manual,720f8fe4276e,latin-script-hinglish-or-en-IN;not-devanagari,日常沟通，非四类目标域
iiitd_00008,In world 6 things r GOD's gifts 1 mother's love 2 father's advice 3 brother's care 4 sis's fight 5 Kisi ka pyar & 6.Oye apni DOSTI gdmrng,hi,iiitd_sms_spam_v1,ham,NEEDS_REVIEW,manual,a9ab91e50031,latin-script-hinglish-or-en-IN;not-devanagari,私人爱情表达，非目标域
iiitd_00009,in workshop.,hi,iiitd_sms_spam_v1,ham,NEEDS_REVIEW,manual,d5e5a06857ac,latin-script-hinglish-or-en-IN;not-devanagari,朋友间闲聊，非目标域
iiitd_00010,"In which condition, men start sweating in 10 mins & women want to go ON & ON & ON? Think.. Think..  SHOPPING :-D God bless ur naughty mind..!",hi,iiitd_sms_spam_v1,ham,NEEDS_REVIEW,manual,a7d33d6b0a6a,latin-script-hinglish-or-en-IN;not-devanagari,非正式对话，非目标域
iiitd_00011,In way,hi,iiitd_sms_spam_v1,ham,NEEDS_REVIEW,manual,517bd90802b1,latin-script-hinglish-or-en-IN;not-devanagari,告知位置，闲聊定位
iiitd_00012,IN UR FRND CRCLEsbse sweet-sbse sidha-sbse feku-sbse cute-sbse frank-sbse selfish-sbse kamina-sbse special-sbse hot-ur fav-rply must fastjarur krna,hi,iiitd_sms_spam_v1,ham,NEEDS_REVIEW,manual,dbd6d22426c0,latin-script-hinglish-or-en-IN;not-devanagari,要求回复，闲聊
iiitd_00013,"Is  Fuel  Really Costly?GO AHEAD, READ ON..I filled up my vehicles fuel tank, and I thought fuel has become really expensive ..HahahaBut when I compared it with other  liquids and with some calculations, I felt a little better...Here are the results below..Petrol : Rs.50  per litre..Coca Cola 330ml CAN : Rs.25i.e. Rs.76 per litre..Nariyal paani 200ml Rs.25i.e. Rs. 125 per litre..Pantene conditioner 400ml Rs.165i.e. Rs.413 per litre..Parachute oil100ml Rs21i.e. Rs210.00 per litre..n dis is d REAL KICKERLexmark inkjet color ink cartridge 21ml Rs.950i.e. Rs.45238 per litre..!!So dont curse  Petrol  rates ? be glad your byk/car doesnt run on ink cartridge, coke, hair oil etc.. :-):-D;-)JAO AUR PETROL PHUKOO..!!: :-P",hi,iiitd_sms_spam_v1,ham,NEEDS_REVIEW,manual,9d99b7f2d7c4,latin-script-hinglish-or-en-IN;not-devanagari,油价对比搞笑段子，非目标域
iiitd_00014,In the lift,hi,iiitd_sms_spam_v1,ham,NEEDS_REVIEW,manual,ef09c583fc07,latin-script-hinglish-or-en-IN;not-devanagari,日常短信，非目标域
iiitd_00015,In the hand of life its not important to hold all the good relation...But its more important how good u behave with the relation which u hold.:,hi,iiitd_sms_spam_v1,ham,NEEDS_REVIEW,manual,10a7f88813f4,latin-script-hinglish-or-en-IN;not-devanagari,闲聊消息，非目标域
iiitd_00016,"In The End We Only Regret The Chances We Didnt Take. The Relationships We Were Scared To Have And The Decisions We Waited Too Long To Make. There Comes A Time In Your Life When You Realise Who Matters, Who Doesnt,  Who Never Did  And  Who Always Will,  So Dont Worry About The People From Your Past Theres A Reason They Didnt Make It To Your Future. So Only Send This To The People In Your Life Who Matter...  I Just Did..!!",hi,iiitd_sms_spam_v1,ham,NEEDS_REVIEW,manual,06a22fad56e7,latin-script-hinglish-or-en-IN;not-devanagari,要求转发的chain message，非目标域
iiitd_00017,Why do girls rub their eyes when they get up in the morning?...'coz they don't have balls to scratch!,hi,iiitd_sms_spam_v1,ham,NEEDS_REVIEW,manual,686fcfbc83a0,latin-script-hinglish-or-en-IN;not-devanagari,Why类冷笑话，私人娱乐
iiitd_00018,"In the corridor of a government office there was a signboard reading, Do not make noise.  someone added: Otherwise we may wake up.",hi,iiitd_sms_spam_v1,ham,NEEDS_REVIEW,manual,65ccbd48ba5a,latin-script-hinglish-or-en-IN;not-devanagari,日常沟通，非四类目标域
iiitd_00019,"In ThE c0oKiE oF LiFe, FriEnDs ArE tHe ChOcOLaTe ChiPs ThAt MaKe LiFe SwEeT, sUrPriSiNg & YuMmY..tHaNk u fOr BeiNg ThE YuMmY cHoCO cHiP oF mY LIFE.Good night:-)",hi,iiitd_sms_spam_v1,ham,NEEDS_REVIEW,manual,5f94aeb3c509,latin-script-hinglish-or-en-IN;not-devanagari,人生巧克力比喻短信链，非目标域
iiitd_00020,In ten minutes.,hi,iiitd_sms_spam_v1,ham,NEEDS_REVIEW,manual,f7f85f6d00c1,latin-script-hinglish-or-en-IN;not-devanagari,日常沟通，非四类目标域
iiitd_00021,"In se baat kr le, wo bta denge",hi,iiitd_sms_spam_v1,ham,NEEDS_REVIEW,manual,b2634e9e9c56,latin-script-hinglish-or-en-IN;not-devanagari,日常短信，非目标域
iiitd_00022,In rum.,hi,iiitd_sms_spam_v1,ham,NEEDS_REVIEW,manual,a09c29321061,latin-script-hinglish-or-en-IN;not-devanagari,告知在房间，闲聊定位
iiitd_00023,In room...nt coming...,hi,iiitd_sms_spam_v1,ham,NEEDS_REVIEW,manual,1e9648e5ed00,latin-script-hinglish-or-en-IN;not-devanagari,告知在房间，闲聊定位
iiitd_00024,"Is  Fuel  Really Costly? GO AHEAD, READ ON.. I filled up my vehicle's fuel tank, and I thght fuel has become really expensive . But whn I compared it with other  liquids nd with some calculations , I felt a little better. Here r d results below.. Petrol : Rs. 64.97 per litre.. Coca Cola 330ml can : Rs.25 i.e. Rs.76 per litre.. Nariyal paani  200ml Rs.25 i.e. Rs. 125 per litre.. Pantene conditioner 400ml Rs.165 i.e. Rs.413 per litre.. Parachute oil 100ml Rs21 i.e. Rs210.00 per litre.. n dis is d REAL KICKER Lexmark inkjet color ink cartridge  21ml Rs.950 i.e. Rs.45238 per litre..!! So think before u say anythng...... So don't curse  Petrol  rates ? b glad ur byk/car doesn't run on ink cartridge, coke, hair oil etc..:-):-D;-) JAO AUR PETROL PHUKOO..!! :)",hi,iiitd_sms_spam_v1,ham,NEEDS_REVIEW,manual,9d99b7f2d7c4,latin-script-hinglish-or-en-IN;not-devanagari,油价对比搞笑段子，非目标域
iiitd_00025,In raghav sir cls,hi,iiitd_sms_spam_v1,ham,NEEDS_REVIEW,manual,0ab795679ea0,latin-script-hinglish-or-en-IN;not-devanagari,私人对话片段，非目标域
iiitd_00026,"In our life hapiness is more imp than smile because smile cums from lips but, happiness cums from heart.......:-D",hi,iiitd_sms_spam_v1,ham,NEEDS_REVIEW,manual,97d6dfc1d72c,latin-script-hinglish-or-en-IN;not-devanagari,日常沟通，非四类目标域
iiitd_00027,Why do girls rub their eyes when they get up in the morning? . . . coz they dont have balls to scratch!,hi,iiitd_sms_spam_v1,ham,NEEDS_REVIEW,manual,686fcfbc83a0,latin-script-hinglish-or-en-IN;not-devanagari,Why类冷笑话，私人娱乐
iiitd_00028,"In my dream, U & ME went 2 a wishwell, I bent down threw a coin & made a wish, U bent down a litle more N fell into d well.. I shouted, 'Oh teri it works'",hi,iiitd_sms_spam_v1,ham,NEEDS_REVIEW,manual,6fb932a55896,latin-script-hinglish-or-en-IN;not-devanagari,梦想相关短信，非目标域
iiitd_00029,In mrng around 12pm.,hi,iiitd_sms_spam_v1,ham,NEEDS_REVIEW,manual,51a15341b884,latin-script-hinglish-or-en-IN;not-devanagari,朋友间闲聊，非目标域
iiitd_00030,"In maths exam, Santa got one question.. Prove Sin x = 6n.. Santa cancelled 'n' from both the sides. Then six = 6 & wrote Dont mess with Santa d great. :-)",hi,iiitd_sms_spam_v1,ham,NEEDS_REVIEW,manual,d0ad33054e65,latin-script-hinglish-or-en-IN;not-devanagari,闲聊学习/考试，非目标域
iiitd_00031,"In lyf relations have many names...But the best 1 is FRIENDSHIP...Mom says- Tell me beta wats ur prblm,.I m like ur frnd na!..Dad says- Dnt feel scared,.Take me as ur frnd beta....Bro/sis says-Come on buddy dnt hide anythng frm me...I m like ur frnd....Lover says- Come on sweetheart...Treat me as ur frnd........Only frnd says: ha mujhe kyo bataega,.I m not ur frnd na.....dedicated to al my frnds!",hi,iiitd_sms_spam_v1,ham,NEEDS_REVIEW,manual,44039c8467af,latin-script-hinglish-or-en-IN;not-devanagari,私人对话片段，非目标域
iiitd_00032,"in lyf god dun gv u d ppl u want..insteadt he gvs u d ppl u need,2 hurt u,2 luv u & 2 make u xactly d way he wntsu 2 b THE BEST gunnyt!!! - via WAY2SMS.COM",hi,iiitd_sms_spam_v1,ham,NEEDS_REVIEW,manual,a1ee529da9e3,latin-script-hinglish-or-en-IN;not-devanagari,私人爱情表达，非目标域
iiitd_00033,"In life, we sometimes feel that all doors r now closed 4 us... If that happens with U.. . . . . . . . . . . . . . . Contact, DAYA- CID...:- Tod Dega...:-D",hi,iiitd_sms_spam_v1,ham,NEEDS_REVIEW,manual,f2a5ae848b28,latin-script-hinglish-or-en-IN;not-devanagari,人生哲理短信链，非目标域
iiitd_00034,"In life, we sometimes feel that all doors are now closed for us.... If that happens with you, . . . . . . . . . . . . . Contact, DAYA- CID. :-D:-P",hi,iiitd_sms_spam_v1,ham,NEEDS_REVIEW,manual,bcd8fea2cd40,latin-script-hinglish-or-en-IN;not-devanagari,人生哲理短信链，非目标域
iiitd_00035,irst no. Is 7688443092262767 and the second no. Is 457352573996622,hi,iiitd_sms_spam_v1,ham,NEEDS_REVIEW,manual,4dcdba0e41e0,latin-script-hinglish-or-en-IN;not-devanagari,无关短信，非目标域
iiitd_00036,"In Life We Somtimes Feel That All Doors r Now closed 4 Us If That Happens In Yor Life, Remember These Words- A CLOSED DOOR ISN'T ALWAYS LOCKED...",hi,iiitd_sms_spam_v1,ham,NEEDS_REVIEW,manual,f0d0b3750270,latin-script-hinglish-or-en-IN;not-devanagari,人生哲理短信链，非目标域
iiitd_00037,Why do engineers sleep for long hours..?? fantastic answer said.. our dreams r always big...:-),hi,iiitd_sms_spam_v1,ham,NEEDS_REVIEW,manual,f91f1aa4db86,latin-script-hinglish-or-en-IN;not-devanagari,Why类冷笑话，私人娱乐
iiitd_00038,In Life there are 5 things u shud never lose...... +ve Attitude...Heart...Hope...Self respct...and...Well u know the sender's name,hi,iiitd_sms_spam_v1,ham,NEEDS_REVIEW,manual,e545e5e202e2,latin-script-hinglish-or-en-IN;not-devanagari,人生哲理短信链，非目标域
iiitd_00039,"In Life there are 5 things U should never lose.+ve AttitudeTrustHopeSelf respect&Well ab aur kya bataon, U know the senders name..gud mrng,-)",hi,iiitd_sms_spam_v1,ham,NEEDS_REVIEW,manual,08bbf475507a,latin-script-hinglish-or-en-IN;not-devanagari,人生哲理短信链，非目标域
iiitd_00040,"In life many people help u when it suits THEM, But very few help u when it suits YOU, Make the FEW ur FRIENDS but Be the FEW to the MANY....gudnght:-):-):-):-)",hi,iiitd_sms_spam_v1,ham,NEEDS_REVIEW,manual,f2596d003e35,latin-script-hinglish-or-en-IN;not-devanagari,人生哲理短信链，非目标域
iiitd_00041,"In life LOVE is never planned nor does it happen for a reason. But when LOVE is real, It becomes your PLAN for life and your reason for living...:)",hi,iiitd_sms_spam_v1,ham,NEEDS_REVIEW,manual,65395386e09d,latin-script-hinglish-or-en-IN;not-devanagari,人生哲理短信链，非目标域
iiitd_00042,In life if you dont adore or appreciate anything you will be filled with negativity n so a person can fall into depression. . Good morning. . Jai sri ram :-),hi,iiitd_sms_spam_v1,ham,NEEDS_REVIEW,manual,7f27220137cb,latin-script-hinglish-or-en-IN;not-devanagari,人生哲理短信链，非目标域
iiitd_00043,"In lif, dnt b slow so dat U miss me .. ..Dnt be 2 fast dat I miss U .. ..Jst Be Wid me, So dat we R 2gethr 4 d MOMENT called FOREVER.. ...:-) tc",hi,iiitd_sms_spam_v1,ham,NEEDS_REVIEW,manual,4e30cea78b8e,latin-script-hinglish-or-en-IN;not-devanagari,私人想念表达，非目标域
iiitd_00044,In library...,hi,iiitd_sms_spam_v1,ham,NEEDS_REVIEW,manual,748d7eaaf042,latin-script-hinglish-or-en-IN;not-devanagari,告知在图书馆，闲聊定位
iiitd_00045,In lab???,hi,iiitd_sms_spam_v1,ham,NEEDS_REVIEW,manual,e3b0b0276e4b,latin-script-hinglish-or-en-IN;not-devanagari,告知在实验室，闲聊定位
iiitd_00046,"Irony of lyf: Footwears dat v wear r sold in AC shwrooms bt vegtabls dat v eat, r sold on footpath. Ppl v love, ignore us bt Ppl v ignore, love us.!! Gudnite",hi,iiitd_sms_spam_v1,ham,NEEDS_REVIEW,manual,47e3331a1f4e,latin-script-hinglish-or-en-IN;not-devanagari,讽刺类短信链，非目标域
iiitd_00047,In lab 2.,hi,iiitd_sms_spam_v1,ham,NEEDS_REVIEW,manual,d23896aface1,latin-script-hinglish-or-en-IN;not-devanagari,告知在实验室，闲聊定位
iiitd_00048,In japan_ Chin cha chu In south africa_ Hula hula hu In china_ Chin pang pu In Hawai_ Hu Lu Lu . . . In india_ Pagal hai tu!,hi,iiitd_sms_spam_v1,ham,NEEDS_REVIEW,manual,4e0a63064471,latin-script-hinglish-or-en-IN;not-devanagari,朋友间调侃（idiot），闲聊
iiitd_00049,In HAPPY moment- Dn't forget me In Difficult moment- trust me In Quiet moment- call me In Painful moment- tell me & In Free moment-miss me.:-),hi,iiitd_sms_spam_v1,ham,NEEDS_REVIEW,manual,81dd2102bce0,latin-script-hinglish-or-en-IN;not-devanagari,让打电话，闲聊
iiitd_00050,In future How will i identify ur kids in clasroom? Its simple i ll just check who is erasing his notes wen d teacher is cleaning d board!  gudnyt,hi,iiitd_sms_spam_v1,ham,NEEDS_REVIEW,audit_fixpass_iiitd,00e34cead587,latin-script-hinglish-or-en-IN;not-devanagari | [fix:NEEDS_REVIEW->AD] 问答/竞猜增值短信，非诈骗 | [fix:AD->NEEDS_REVIEW] 私人闲聊误判问答,问答/竞猜增值短信，非诈骗
iiitd_00051,"In frndship words can go unspoken, yet still b undrstood, Thats y I'm sure tat though i don't say it often,u knw hw I value U. n u knw I mean it!",hi,iiitd_sms_spam_v1,ham,NEEDS_REVIEW,manual,3c0da02eade9,latin-script-hinglish-or-en-IN;not-devanagari,朋友间闲聊，非目标域
iiitd_00052,"In exam hall a girl 2 santa: mujhe bas is ans ki starting bata do.Baki main likh lungi. SANTA ne dhyan se idhar-udhar dekha, fir dhire se bola: The",hi,iiitd_sms_spam_v1,ham,NEEDS_REVIEW,manual,48da6d2317e5,latin-script-hinglish-or-en-IN;not-devanagari,Santa笑话段子，私人娱乐
iiitd_00053,In Europe they didn't know what 'shortage' meant. In China they didn't know what 'opinion' meant. In the Middle East they didn't know what 'solution' m,hi,iiitd_sms_spam_v1,ham,NEEDS_REVIEW,manual,a16f420908ea,latin-script-hinglish-or-en-IN;not-devanagari,非正式对话，非目标域
iiitd_00054,In English- Gd 9t. In Deshi- Subhratri.In Urdu- Sabbakhair.In Telgu- Pandankopo.Apun ka style chal ludhak le,hi,iiitd_sms_spam_v1,ham,NEEDS_REVIEW,manual,855c1e4c0031,latin-script-hinglish-or-en-IN;not-devanagari,朋友间闲聊，非目标域
iiitd_00055,In English- Gd 9t. In Deshi- Subhratri. In Urdu- Sabbakhair. In Telgu- Pandankopo. Apun ka style chal ludhak le,hi,iiitd_sms_spam_v1,ham,NEEDS_REVIEW,manual,855c1e4c0031,latin-script-hinglish-or-en-IN;not-devanagari,日常短信，非目标域
iiitd_00056,why didn't you call? :(,hi,iiitd_sms_spam_v1,ham,NEEDS_REVIEW,manual,666aa9a0bda4,latin-script-hinglish-or-en-IN;not-devanagari,日常沟通，非四类目标域
iiitd_00057,"Irony at its best...- 
Two questions asked to indian women in a survey -
Q- Do u believe in having sex with a total stranger ?
A- Yuck !! Never.
Q- Do u believe in arranged marriages ? 
A- Yes. Ofcourse !
;);)",hi,iiitd_sms_spam_v1,ham,NEEDS_REVIEW,manual,9a5249ecbc16,latin-script-hinglish-or-en-IN;not-devanagari,讽刺类短信链，非目标域
iiitd_00058,IN ENGLISH gd nit IN HINDI shubh ratri IN URDU shabba khair IN KANNAD yara nadi IN TELUGU pandanko po APUN KA STYLE chal ludak le. GUD.NGT,hi,iiitd_sms_spam_v1,ham,NEEDS_REVIEW,manual,9326958ea350,latin-script-hinglish-or-en-IN;not-devanagari,早安/晚安祝福，非目标域
iiitd_00059,"In D Xam A Studnt Wasnt Prepard,Lft D Page BlankN At D Bottom drew Flowrs NWrote.In D Memory Of My Memory,which Recntly Passed Away.:-D",hi,iiitd_sms_spam_v1,ham,NEEDS_REVIEW,manual,dd358a7abfaf,latin-script-hinglish-or-en-IN;not-devanagari,非正式对话，非目标域
iiitd_00060,"In d Life, We don't need many Relationships to be maintained.. We just need to see that the Relationship We have maintained, has Life in it.! Gud nite!",hi,iiitd_sms_spam_v1,ham,NEEDS_REVIEW,manual,b77ddbe7d0bd,latin-script-hinglish-or-en-IN;not-devanagari,私人对话片段，非目标域
iiitd_00061,"In d Book of Life,d Page Yestrdy is over,d Page 2day is being writen n d page future is blank.So write d Best U can,coz on dis Book,Eraser dosnt work gd nyt",hi,iiitd_sms_spam_v1,ham,NEEDS_REVIEW,manual,05600610b1c5,latin-script-hinglish-or-en-IN;not-devanagari,人生之书短信链，非目标域
iiitd_00062,"In college,she came in my life I looked at her. She came n began 2 speak I didnt listen n when she began 2 leave I ran after her requestin Mam..mam ATTENDANCE.",hi,iiitd_sms_spam_v1,ham,NEEDS_REVIEW,manual,15dfc105dd25,latin-script-hinglish-or-en-IN;not-devanagari,闲聊大学生活，非目标域
iiitd_00063,In cls. Bol?,hi,iiitd_sms_spam_v1,ham,NEEDS_REVIEW,manual,622c7dd04427,latin-script-hinglish-or-en-IN;not-devanagari,告知在课堂上，闲聊定位
iiitd_00064,In cls,hi,iiitd_sms_spam_v1,ham,NEEDS_REVIEW,manual,306a319914a4,latin-script-hinglish-or-en-IN;not-devanagari,极短回复/表情，非目标域
iiitd_00065,Why dere ws no need? Bad mein mein hi fasta,hi,iiitd_sms_spam_v1,ham,NEEDS_REVIEW,manual,1a3aca652ad0,latin-script-hinglish-or-en-IN;not-devanagari,私人短信，非目标域
iiitd_00066,in class.,hi,iiitd_sms_spam_v1,ham,NEEDS_REVIEW,manual,bfd9c9782d7a,latin-script-hinglish-or-en-IN;not-devanagari,告知在课堂上，闲聊定位
iiitd_00067,in class?,hi,iiitd_sms_spam_v1,ham,NEEDS_REVIEW,manual,96a869dd4a42,latin-script-hinglish-or-en-IN;not-devanagari,告知在课堂上，闲聊定位
iiitd_00068,"ironically, i feel d exact same way u used to feel abt me several months bck. i miss u n wana tok to u wen m nt on d fone wid u. bt i get so pisd off n disgusted by u d moment i tok to u, tht i wana disconnect immediately without evn saying bye. ps- don't bother calling, coz guess wot? m nt interested in toking to u! gn.",hi,iiitd_sms_spam_v1,ham,NEEDS_REVIEW,manual,5782bb3ae401,latin-script-hinglish-or-en-IN;not-devanagari,讽刺类短信链，非目标域
iiitd_00069,in class :* also battery little low.,hi,iiitd_sms_spam_v1,ham,NEEDS_REVIEW,manual,4828ca0bfa2f,latin-script-hinglish-or-en-IN;not-devanagari,告知在课堂上，闲聊定位
iiitd_00070,in class :*,hi,iiitd_sms_spam_v1,ham,NEEDS_REVIEW,manual,6771f821880c,latin-script-hinglish-or-en-IN;not-devanagari,告知在课堂上，闲聊定位
iiitd_00071,In class :-/,hi,iiitd_sms_spam_v1,ham,NEEDS_REVIEW,manual,913452a6f057,latin-script-hinglish-or-en-IN;not-devanagari,告知在课堂上，闲聊定位
iiitd_00072,in class,hi,iiitd_sms_spam_v1,ham,NEEDS_REVIEW,manual,4fdaa91d64eb,latin-script-hinglish-or-en-IN;not-devanagari,告知在课堂上，闲聊定位
iiitd_00073,"in case u stil haven't told ur mom tht m nt coming...then u cn tell her tht evn u didn kno n tht all d calls u misd of myn, wer to tell u tht i hv to go to colg tom(today) to see my pprs so i cnt meet u. n if u cn make ur mom stay away during d second half on saturday, den it is on.",hi,iiitd_sms_spam_v1,ham,NEEDS_REVIEW,manual,22c5d90724a6,latin-script-hinglish-or-en-IN;not-devanagari,闲聊大学生活，非目标域
iiitd_00074,In case of fire read this message..............I SAID IN CASE OF FIRE YOU GOBAR!,hi,iiitd_sms_spam_v1,ham,NEEDS_REVIEW,manual,9e9a66370d24,latin-script-hinglish-or-en-IN;not-devanagari,私人闲聊，非四类目标域
iiitd_00075,In car ryt nw. Text me or w8 till i reach der.,hi,iiitd_sms_spam_v1,ham,NEEDS_REVIEW,manual,2747ea7a5676,latin-script-hinglish-or-en-IN;not-devanagari,告知位置，闲聊定位
iiitd_00076,In between if u get ne break talk to me,hi,iiitd_sms_spam_v1,ham,NEEDS_REVIEW,manual,eef88d9778d2,latin-script-hinglish-or-en-IN;not-devanagari,私人短信，非目标域
iiitd_00077,Why are Earthquakes increasing? . . With 300 crore people making LOVE every night around the world how can u expect the Earth to be still!!  :-D:-D:-D,hi,iiitd_sms_spam_v1,ham,NEEDS_REVIEW,manual,0f5a1c5002f0,latin-script-hinglish-or-en-IN;not-devanagari,日常沟通，非四类目标域
iiitd_00078,"In any relationship, the essence of trust is in it's bond.So, hold the hand of the person whom you love, rather than expecting them to hold urs. .! :-)",hi,iiitd_sms_spam_v1,ham,NEEDS_REVIEW,manual,94aa419494c4,latin-script-hinglish-or-en-IN;not-devanagari,私人闲聊，非四类目标域
iiitd_00079,Ironical Thought So TrUe :- Loneliness is a Special Enjoyment When Chosen by Ourself...:-) Bt Hard 2 Digest When Gifted by OthErs..,hi,iiitd_sms_spam_v1,ham,NEEDS_REVIEW,manual,98058c97afcf,latin-script-hinglish-or-en-IN;not-devanagari,讽刺类短信链，非目标域
iiitd_00080,In an interviewInterviewer: How does an electric motor run?Santa: Dhhuuuurrrrrrrrrr. Inteviewer shouts: Stop it.Santa: Dhhuurrrr dhup dh*smsgupshup.com,hi,iiitd_sms_spam_v1,ham,NEEDS_REVIEW,manual,8384ba15ae94,latin-script-hinglish-or-en-IN;not-devanagari,面试笑话段子，私人娱乐
iiitd_00081,"In all it's festive glory comes Christmas,& brings a chance to wish u moments 2 rejoice throughout d year. M?RR? CHRI?TMA?  & HAPP? N?W ??AR        nitin",hi,iiitd_sms_spam_v1,ham,NEEDS_REVIEW,manual,5a8381ad7032,latin-script-hinglish-or-en-IN;not-devanagari,圣诞节祝福短信，非四类目标域
iiitd_00082,IN ADVNCE..:-) may god bless u in 2011!,hi,iiitd_sms_spam_v1,ham,NEEDS_REVIEW,manual,cd78b0f6eca4,latin-script-hinglish-or-en-IN;not-devanagari,私人对话片段，非目标域
iiitd_00083,"In a party, a beautiful girl aproached a guy n asked-r u goin 2 dance? Guy felt so happy and said yes D girl said thats gud,so can i have ur chair:-D:-D",hi,iiitd_sms_spam_v1,ham,NEEDS_REVIEW,manual,84112cd07517,latin-script-hinglish-or-en-IN;not-devanagari,表达开心，闲聊
iiitd_00084,"In a park 2 lovers eating chips by lookng into each other's eyes...  Girl: Dear,wt r u thinkng rite now? Boy: tu mujse zyada chips kha rhi hai bhukki.",hi,iiitd_sms_spam_v1,ham,NEEDS_REVIEW,manual,51c10c481051,latin-script-hinglish-or-en-IN;not-devanagari,私人闲聊，非四类目标域
iiitd_00085,"In a lift,man's elbow acidntly touchd lady's brest Man-If ur heart is as soft as ur breast u'll 4gve me Ldy-If ur penis is as hard as ur elbow m in Room82. :D",hi,iiitd_sms_spam_v1,ham,NEEDS_REVIEW,manual,6f8bb83f61b6,latin-script-hinglish-or-en-IN;not-devanagari,玩笑式短信链（找CID），非目标域
iiitd_00086,In a Kiss: 0.7gm protein 0.45 gm fat 0.19 gm chemical 50 variety of bacteria will die.. This is true.. So catch ur lover n start kissing and b healthy... Gn,hi,iiitd_sms_spam_v1,ham,NEEDS_REVIEW,manual,6a330be92df8,latin-script-hinglish-or-en-IN;not-devanagari,私人对话片段，非目标域
iiitd_00087,"In a crowded bus, a boy touches a girl's hips... Girl: dekhiyen, aap ye achchha nahi kar rahe hai. Boy: itni bhid mein isse achchha kaise karu?",hi,iiitd_sms_spam_v1,ham,NEEDS_REVIEW,manual,e18287962610,latin-script-hinglish-or-en-IN;not-devanagari,政治笑话/段子，私人娱乐
iiitd_00088,In a class lady teacher to students Always use condom to prevent aids. A girl:mam agar apko koi kahe ki kulfi ko lifafe me dalkar chuso to kya apko swad aayega,hi,iiitd_sms_spam_v1,ham,NEEDS_REVIEW,manual,888bd62b1398,latin-script-hinglish-or-en-IN;not-devanagari,闲聊饮品，非目标域
iiitd_00089,"In a Botany class, Teacher-Its b'coz of the growth harmones, a ripen fruit falls off the tree! Sardar-Poor Newton! He thought they fall coz of gravity!;-) Gn",hi,iiitd_sms_spam_v1,ham,NEEDS_REVIEW,manual,5fa871a6d314,latin-script-hinglish-or-en-IN;not-devanagari,Sardar/Jatt笑话段子，私人娱乐
iiitd_00090,irl: What Do You Prefer- Legs or Breasts??? Sardar: I Love Pussy! Girl Slaps him & says : You are not in a whore house. This is Kentucky Fried Chicken.(KFC,hi,iiitd_sms_spam_v1,ham,NEEDS_REVIEW,manual,838c71a7a6a1,latin-script-hinglish-or-en-IN;not-devanagari,Sardar/Jatt笑话段子，私人娱乐
iiitd_00091,"In a battle, a soldier prepared to bring his wounded friend back from the field. His Captian said,  Its of No use! ur friend must be dead. But soldier still goes &  brings back his friend. Seeing the dead body, Captain says I told you its of no worth. He's dead. The soldier replies.... No sir, it was really of worth. When I got to him, my friend saw me, smiled & said his last words.  I KNEW U'll COME. .",hi,iiitd_sms_spam_v1,ham,NEEDS_REVIEW,manual,cc42d5ab18fa,latin-script-hinglish-or-en-IN;not-devanagari,非正式对话，非目标域
iiitd_00092,"In a battle, a soldier prepared to bring his wounded friend back from the field. His Captian said,  Its of No use! ur friend must be dead. But soldier still goes & brings back his friend. Seeing the dead body, Captain says I told u its of no worth. He's dead. The soldier replies No sir, it was really of worth. When I got to him, my friend saw me, smiled & said his last words.  I KNEW U'll COME. . Dedicated to allGreat friends..",hi,iiitd_sms_spam_v1,ham,NEEDS_REVIEW,manual,cc42d5ab18fa,latin-script-hinglish-or-en-IN;not-devanagari,私人对话片段，非目标域
iiitd_00093,"In a bathroom , a boy touches a girl everywhere ! U know whose that boy ? Stupid it's lifeboy soap ! Dirty ppl alwz think drty..",hi,iiitd_sms_spam_v1,ham,NEEDS_REVIEW,manual,fc29b223aaae,latin-script-hinglish-or-en-IN;not-devanagari,告知去洗澡，闲聊
iiitd_00094,Why are condoms transparent?? so that sperms can atleast enjoy the scene even if their entry is restricted...,hi,iiitd_sms_spam_v1,ham,NEEDS_REVIEW,manual,aa06e5180399,latin-script-hinglish-or-en-IN;not-devanagari,日常短信，非目标域
iiitd_00095,"In a Bar, a man attended a phn-call:  Hello! Yes Honey. Wife: Darling, I'am in a shopping mall. Shall I buy Jewellery worth Rs. 1 LAKH? Man: Sure Honey. Wife: 1 Silk-Saree worth Rs. 20000 dear, shall I? Man: One saree not enough honey, tak 1 more. Wife: Ok dear, I hv ur credit-card. Shall I use now? Man: Sure, with pleasure. All frnz asked him aftr he put down his mobile: U luv ur wife dis much? Man: EXCUSE ME, WHO's MOBILE IS THIS?",hi,iiitd_sms_spam_v1,ham,NEEDS_REVIEW,manual,25496344db80,latin-script-hinglish-or-en-IN;not-devanagari,私人闲聊，非四类目标域
iiitd_00096,"In a bar, a man attended a call: Hello. . Yes Honey. Wife: Darling, I'm in shopping mall. Shall I buy jewellery worth Rs. 1 lakh ? Man: Sure Honey. Wife: 1 silk saree worth Rs.20000, shall I ? Man: 1 saree nt enough honey, take 1 more. Wife: Ok dear, I hv ur credit-card. Shall I use nw? Man: Sure, with pleasure. All frnds asked him after he put down his mobile: U luv ur wife dis much? Man: EXCUSE ME, WHO'S MOBILE IS DIS?",hi,iiitd_sms_spam_v1,ham,NEEDS_REVIEW,manual,b785bbeaeb9e,latin-script-hinglish-or-en-IN;not-devanagari,私人通信，非目标域
iiitd_00097,"In 3 words i cn sum up, Evrythng i learnd abt lyf: it goes on..'' Evrythng i learnd abt luv: it doesn't last.. Evrthng i learnd abt ppl: dey change fast..",hi,iiitd_sms_spam_v1,ham,NEEDS_REVIEW,manual,da1fc172fb80,latin-script-hinglish-or-en-IN;not-devanagari,无关短信，非目标域
iiitd_00098,"In 2 mins, gng to get rdy 4 colg.",hi,iiitd_sms_spam_v1,ham,NEEDS_REVIEW,manual,5a8b60495345,latin-script-hinglish-or-en-IN;not-devanagari,闲聊大学生活，非目标域
iiitd_00099,"In 1980,IDBI rejected Ambani's loan..bt nw Ambani is plannin 2 buy IDBI. Dis shows nthng is imposble.. Today ICICI rejected my loan... Anywaz.. Gud nyt",hi,iiitd_sms_spam_v1,ham,NEEDS_REVIEW,manual,88d8e2b8f11a,latin-script-hinglish-or-en-IN;not-devanagari,早安/晚安祝福，非目标域
iiitd_00100,"In 1935 american govt. had killed a person on 1st satday of Aug, the next day his frend died commiting suicide.In his memory americon govt. had declared 1st Sunday of every Aug as Friendship day.On dis 73rd friendship day.I wish u 2 send dis story 2 all friends '!HAPPY FRIENDSHIP DAY IN ADVANCE",hi,iiitd_sms_spam_v1,ham,NEEDS_REVIEW,manual,ac5aef69ec09,latin-script-hinglish-or-en-IN;not-devanagari,友谊日/友谊手链chain消息，非目标域
iiitd_00101,irl: kon ho tum boy: hasrat tumhar?? girl: takte ho kya ? boy: surat tumhari. girl: karte ho kya? boy: pooja tumhari girl: kafir ho kya? boy: aise he sahi girl: chahte ho kya ? boy: mohhabat tumhari girl: pachtao ge? boy: kismat hmari. girl: married hoon mein? boy: pehle bhonk Deti Manhoos narii,hi,iiitd_sms_spam_v1,ham,NEEDS_REVIEW,manual,c45d63a5c4a7,latin-script-hinglish-or-en-IN;not-devanagari,朋友间闲聊，非目标域
iiitd_00102,"Yr,dis week toh i hav my summr prjc evaluatn..so m reely bzy..may b nex week den.. u'r free til wen?",hi,iiitd_sms_spam_v1,ham,NEEDS_REVIEW,manual,73d5dc4700bb,latin-script-hinglish-or-en-IN;not-devanagari,私人短信，非目标域
iiitd_00103,in ;->:):-PB-),hi,iiitd_sms_spam_v1,ham,NEEDS_REVIEW,manual,b489c6c92a45,latin-script-hinglish-or-en-IN;not-devanagari,私人闲聊，非四类目标域
iiitd_00104,"Imprtance of THUMB - child use it 4 chewing, Illiterate ppl use it 4 sign, winners 4 victory & my FANS use it 4 reading my msgs Oh..U too? Crazy fans!",hi,iiitd_sms_spam_v1,ham,NEEDS_REVIEW,manual,98296073f12c,latin-script-hinglish-or-en-IN;not-devanagari,日常沟通，非四类目标域
iiitd_00105,Impossible may be spelled asI m possible..........buh.....nevr spell Rajnikant asRajni cnt.it hurts. MIND IT ;),hi,iiitd_sms_spam_v1,ham,NEEDS_REVIEW,manual,56a38ac9df29,latin-script-hinglish-or-en-IN;not-devanagari,Rajnikanth超能笑话，私人娱乐
iiitd_00106,Important News..My heart4 Sale..100%Discount..PlzInformToAllUrFemale friends...!!Last date istomorowFebruary14th.. so hurry up..!,hi,iiitd_sms_spam_v1,ham,NEEDS_REVIEW,manual,0fd85ffa0e05,latin-script-hinglish-or-en-IN;not-devanagari,日常短信，非目标域
iiitd_00107,"IMPORTANT MSG:-DrIviNg krTe TiMe DriNk Na kaRe,Qki,SPEED BREAKER AA JAANE SE PEG GIR SAKTA HE..!!",hi,iiitd_sms_spam_v1,ham,NEEDS_REVIEW,manual,93d509bbe9b5,latin-script-hinglish-or-en-IN;not-devanagari,私人对话片段，非目标域
iiitd_00108,"Important Health tips:> Answer the phone by left ear.> Dont take medicine with cold water.> Dont have huge meals after 5 pm.> Drink more water in the morning, less at night.> Best sleeping time is from 10 pm to 4 am> Dont lie down immediately after taking medicine.> When battery is down to last bar, dont answer the phone, as the radiation is 1000 times stronger.! Convey this to those whom u care for.Kindness costs nothing...",hi,iiitd_sms_spam_v1,ham,NEEDS_REVIEW,manual,6e05135bd44b,latin-script-hinglish-or-en-IN;not-devanagari,日常沟通，非四类目标域
iiitd_00109,"Important Health Tips: >Answer the phone by left ear. >Dont take medicine wd cold water. >Dont have huge meals after 5pm. >Drink more water in the morning, less at night.  >Best sleeping time is from 10 pm to 4 am.  >Dont lie down immeditely after taking medicine. >When battery is down to last bar,dont answer the phone,as the radiation is 1000 times stronger. >Donot put the phone to ur ear immediately after dialing the no. as the radiations are maximum and can damage the ear. Let the caller pick the call then put the phone to ur ear. Forward this to people you care about. Kindness costs nothing.",hi,iiitd_sms_spam_v1,ham,NEEDS_REVIEW,manual,17b668adec8f,latin-script-hinglish-or-en-IN;not-devanagari,要求转发的chain message，非目标域
iiitd_00110,IMPORTANCE OF PERCENTAGE...  (%).. BOY- Tere 12th me kitne percentage the? GIRL- 97% B- Baap re Itne me to kisi gareeb k 2 bache pass ho jate...,hi,iiitd_sms_spam_v1,ham,NEEDS_REVIEW,manual,95a9811033ae,latin-script-hinglish-or-en-IN;not-devanagari,政治笑话/段子，私人娱乐
iiitd_00111,"Why a person with a broken heart does not need General Knowledge ?????????? cz 'Jab Dil hi toot gaya, toh  'G.K'  kya karenge!!",hi,iiitd_sms_spam_v1,ham,NEEDS_REVIEW,manual,61fe05266a0f,latin-script-hinglish-or-en-IN;not-devanagari,心碎/情感类段子，非目标域
iiitd_00112,"ZINDGI mein kuch lamhe khas ban gaye,Mile to MULAQAT or Bichde to YAAD ban gaye,kuch lamhe dhire dhire fisalte chale gaye,par jo dil se na gaye vo aap ban gye.",hi,iiitd_sms_spam_v1,ham,NEEDS_REVIEW,manual,53b90e7e9387,latin-script-hinglish-or-en-IN;not-devanagari,政治笑话/段子，私人娱乐
iiitd_00113,IRL: I'm sure ki duniya mein sab se badi tumhari Lulli hai! GUY: (excited) Achcha! Woh kaise? GIRL: Kyonki is ke baad Lund ki category shuru hoti hai.,hi,iiitd_sms_spam_v1,ham,NEEDS_REVIEW,manual,782b574ec621,latin-script-hinglish-or-en-IN;not-devanagari,低俗双关笑话，私人娱乐
iiitd_00114,Importance of percentage.. Boy: Teri 12 me kitni %age thi? Girl: 97%..  Boy: Baap re! Itne me to kisi gareeb k 2no bacche pass ho jate..!!,hi,iiitd_sms_spam_v1,ham,NEEDS_REVIEW,manual,a00c89862e58,latin-script-hinglish-or-en-IN;not-devanagari,政治笑话/段子，私人娱乐
iiitd_00115,Immediately.,hi,iiitd_sms_spam_v1,ham,NEEDS_REVIEW,manual,7517e673f104,latin-script-hinglish-or-en-IN;not-devanagari,非正式对话，非目标域
iiitd_00116,"Imitinef Mercilet' is a medicine which cures blood cancer. Its available free of cost at Adyar Cancer Institue in Chennai, Banglore, Trivandrum, Kovai Rama Krishna hospital. Create Awareness. It might help someone. Forward to as many as U can. IF NOT, 4WARD ATLEAST 2 ONE WHO CAN FORWARD MANY.",hi,iiitd_sms_spam_v1,ham,NEEDS_REVIEW,manual,5157a858afa6,latin-script-hinglish-or-en-IN;not-devanagari,无关短信，非目标域
iiitd_00117,ime: 63 mins approx,hi,iiitd_sms_spam_v1,ham,NEEDS_REVIEW,manual,5b7c65645a29,latin-script-hinglish-or-en-IN;not-devanagari,朋友间闲聊，非目标域
iiitd_00118,Imagine.. Urself in a boat which is sinking. Sharks all round u.Wat u can do 2save ur self? very simple yaar.. stop imagining..,hi,iiitd_sms_spam_v1,ham,NEEDS_REVIEW,manual,5747e124ebf9,latin-script-hinglish-or-en-IN;not-devanagari,日常沟通，非四类目标域
iiitd_00119,"IMAGINE u n me joined NASA AFTER 1 MONTH, they will change their name frm NASA to SATYANASA ;-)",hi,iiitd_sms_spam_v1,ham,NEEDS_REVIEW,manual,68f5a069dc48,latin-script-hinglish-or-en-IN;not-devanagari,闲聊消息，非目标域
iiitd_00120,Imagine the world widout GIRLS...galiya sunsancollege viranduniya pareshantanha insanna jaanuna jaanhar taraf bas  DOSTANA& JAI HANUMAN.!!,hi,iiitd_sms_spam_v1,ham,NEEDS_REVIEW,manual,af1021457f5e,latin-script-hinglish-or-en-IN;not-devanagari,闲聊大学生活，非目标域
iiitd_00121,"Imagine 10years from now!Ul be a gud spouse! A parent of 2 mayb. Gettin a chance 2 visit d college was ur dream since uve left! U came! U c d long pA HILARIOUS MSG 4M A FRUSTATED VICTIM OF CHAIN MSGS... I want 2 thank all my frnds who have 4wded chain msgs 2 me in 2009 and continuing.. BCOZ OF URathways of fate lyin lonely ahead wid bundles of scatterd leaves fallen frm d tree of luv!D tree of hope..! De tree under which once friendship was made! KINDNESS: 1) I stopd drinkin Coca cola aftr i found dat its gud 4 removing toilet stains. 2)i stopd going 2 movies 4 fear of sitting on a needle infecU fell in love wid sum1! Lonely classrums wid a gentle breeze frm de window of change!Fills in d thoughts of d past! Pictures of ur frnds flash thruh urtd with AIDS. 3)4wded hundreds of msgs bt still waiting 4 free balance... 4)i smell lyk rottn egg since i stppd usin deos coz de cause cancer.. 5)i al mind like photographs!The moments u spared 2gethr..!D sadness dt they r all gone!Their voice haunt ur thoughts!Only memories wud b ther in place of ur fso donatd all my savings 2 7 yr old poor girl who was abt 2 die in hospitl abt 7000 times.. 6) made 100 wishes b4 4wdin those Ganesh, devi maas pics etriends!In d darkness of ur memories!In d darkness of ur thoughts!Ur mind will slowly wisper...!! HEAVEN WAS HERE...! ONCE...! c. Now mst of those wishs r already married. nw if u dont snd dis msg 2 at least 15 ppl in next 10 scnds, a bird wll pee on ur head 2day....",hi,iiitd_sms_spam_v1,ham,NEEDS_REVIEW,audit_fixpass_iiitd,2c7b49f63ca0,latin-script-hinglish-or-en-IN;not-devanagari | [fix:NEEDS_REVIEW->AD] 问答/竞猜增值短信，非诈骗 | [fix:AD->NEEDS_REVIEW] 私人闲聊误判问答,问答/竞猜增值短信，非诈骗
iiitd_00122,"Why a person with a broken heart does not need General Knowledge ?????????? Bcoz'Jab Dil hi toot gaya, to  'G.K'  kya karenge!! Gn..",hi,iiitd_sms_spam_v1,ham,NEEDS_REVIEW,manual,61fe05266a0f,latin-script-hinglish-or-en-IN;not-devanagari,心碎/情感类段子，非目标域
iiitd_00123,Imagine 10years from now!U'l be a gud spouse!A parent of 2 mayb. Gettin a chance 2 visit d college was ur dream since u've left!U came! U c d long pA HILARIOUS MSG 4M  A FRUSTATED VICTIM OF CHAIN MSGS...I want 2 thank all my frnds who have 4wded chain msgs 2 me in 2009 and continuing..B'COZ OF URathways of fate lyin lonely ahead wid bundles of scatterd leaves fallen frm d tree of luv!D tree of hope..! De tree under which once friendship was made! KINDNESS:1) I stopd drinkin Coca cola aftr i foun,hi,iiitd_sms_spam_v1,ham,NEEDS_REVIEW,audit_fixpass_iiitd,a77b2b77b203,latin-script-hinglish-or-en-IN;not-devanagari | [fix:NEEDS_REVIEW->AD] 问答/竞猜增值短信，非诈骗 | [fix:AD->NEEDS_REVIEW] 私人闲聊误判问答,问答/竞猜增值短信，非诈骗
iiitd_00124,IRL: I'm sure ke duniya mey sab se badi tumhari Lulli hain! GUY: (excited) Achcha! Woh kaise? GIRL: Kyon ki is ke baad Lund ki category shuru hoti hai,hi,iiitd_sms_spam_v1,ham,NEEDS_REVIEW,manual,02eb1ace438d,latin-script-hinglish-or-en-IN;not-devanagari,低俗双关笑话，私人娱乐
iiitd_00125,"Imagination is more important thn knwledge,bcoz knwledge is limited,bt imagnation encircle the world.",hi,iiitd_sms_spam_v1,ham,NEEDS_REVIEW,manual,ee90c24dc7dd,latin-script-hinglish-or-en-IN;not-devanagari,私人短信，非目标域
iiitd_00126,"Imagin d world widout girls...Parks empty,Theatres silent,Police at rest,Mobile company on loss,No naach, no gaana,n evrywhr karan johars Dostana....;-)",hi,iiitd_sms_spam_v1,ham,NEEDS_REVIEW,manual,f392fef3739a,latin-script-hinglish-or-en-IN;not-devanagari,闲聊消息，非目标域
iiitd_00127,"Imaandari ki misaal-  Ek Ladki Ka Gang Rape Ho Raha Tha. Aur Wo Chila-Chila K Keh Rahi Thi  Kamino Koi To CONDOM LAGAO, Nahi To Sab Ko AIDS Ho Jayega...",hi,iiitd_sms_spam_v1,ham,NEEDS_REVIEW,manual,37c2241167a9,latin-script-hinglish-or-en-IN;not-devanagari,朋友间闲聊，非目标域
iiitd_00128,Im xtra notes(numericals) colect it by 2dy...,hi,iiitd_sms_spam_v1,ham,NEEDS_REVIEW,manual,8202c4e0fd89,latin-script-hinglish-or-en-IN;not-devanagari,私人对话片段，非目标域
iiitd_00129,Im out . And tat donkey is cuttin and colourin his hair .,hi,iiitd_sms_spam_v1,ham,NEEDS_REVIEW,manual,4f88c7446069,latin-script-hinglish-or-en-IN;not-devanagari,告知出门，闲聊定位
iiitd_00130,Im out . And tat donkey is cuttin and colourin his hair .,hi,iiitd_sms_spam_v1,ham,NEEDS_REVIEW,manual,4f88c7446069,latin-script-hinglish-or-en-IN;not-devanagari,告知出门，闲聊定位
iiitd_00131,Im not thinkin anythin . Now tell wat u meant by tat im thinkin somethin,hi,iiitd_sms_spam_v1,ham,NEEDS_REVIEW,manual,6bca673a6902,latin-script-hinglish-or-en-IN;not-devanagari,私人对话片段，非目标域
iiitd_00132,Im not tellin him to change his usual habit but wants tat some habit should be add in him.,hi,iiitd_sms_spam_v1,ham,NEEDS_REVIEW,manual,329eeb3f0491,latin-script-hinglish-or-en-IN;not-devanagari,私人闲聊，非四类目标域
iiitd_00133,Im just givin u time 2 miss me!,hi,iiitd_sms_spam_v1,ham,NEEDS_REVIEW,manual,7713b9f2a8b7,latin-script-hinglish-or-en-IN;not-devanagari,私人闲聊，非四类目标域
iiitd_00134,Im in blue line metro. Cn u take stuf frm my hostel at around 930 ?,hi,iiitd_sms_spam_v1,ham,NEEDS_REVIEW,manual,93764927014c,latin-script-hinglish-or-en-IN;not-devanagari,非正式对话，非目标域
iiitd_00135,irl to Ramdev - if i kiss a boy to kya hoga? Baba - narak me jaogi. Girl - Acha agar aapko kiss karu to? Baba- chalak ladki swarg me jana chahti hai. Heheh,hi,iiitd_sms_spam_v1,ham,NEEDS_REVIEW,manual,3fc149d3684e,latin-script-hinglish-or-en-IN;not-devanagari,日常短信，非目标域
iiitd_00136,im from tata indicom office gtk,hi,iiitd_sms_spam_v1,ham,NEEDS_REVIEW,manual,b43648b39d78,latin-script-hinglish-or-en-IN;not-devanagari,无关短信，非目标域
iiitd_00137,Im feelin very borin. No one is in my room . So jus thought of disturbin u . Pallab i dont know wat he is doin,hi,iiitd_sms_spam_v1,ham,NEEDS_REVIEW,manual,b729a07aa101,latin-script-hinglish-or-en-IN;not-devanagari,打扰/被扰，闲聊
iiitd_00138,Im feelin very borin. No one is in my room . So jus thought of disturbin u . Pallab i dont know wat he is doin,hi,iiitd_sms_spam_v1,ham,NEEDS_REVIEW,manual,b729a07aa101,latin-script-hinglish-or-en-IN;not-devanagari,打扰/被扰，闲聊
iiitd_00139,ilence & smile r 2 powerful tools... Smile is d way 2 SOLVE many problems silence is d way 2 AVOID many problems... So hav a silent smile always... GudmrngB-,hi,iiitd_sms_spam_v1,ham,NEEDS_REVIEW,manual,0cea7aec4bfe,latin-script-hinglish-or-en-IN;not-devanagari,沉默与微笑哲理，非目标域
iiitd_00140,Il ttyl.,hi,iiitd_sms_spam_v1,ham,NEEDS_REVIEW,manual,f2e92534117e,latin-script-hinglish-or-en-IN;not-devanagari,极短回复/表情，非目标域
iiitd_00141,Il tl u wen i cum 2 tak d buk!,hi,iiitd_sms_spam_v1,ham,NEEDS_REVIEW,manual,bd3f91ccd9be,latin-script-hinglish-or-en-IN;not-devanagari,无关短信，非目标域
iiitd_00142,il jit len wo najar ham bhi rakhte h katl kar den wo jigar ham b rakte h apse wada h hamara muskurana ka warna ankho me samundar ham b rakhte,hi,iiitd_sms_spam_v1,ham,NEEDS_REVIEW,manual,b38cf974f735,latin-script-hinglish-or-en-IN;not-devanagari,无关短信，非目标域
iiitd_00143,ikkumpal@gmail.com,hi,iiitd_sms_spam_v1,ham,NEEDS_REVIEW,manual,51cde88190f5,latin-script-hinglish-or-en-IN;not-devanagari,日常沟通，非四类目标域
iiitd_00144,"Ik var  JATTAN di meeting si.jatt Punjab nu Azad karvan da Plan bana rae si. jatt 1 :Apan Punjab nu India kolo azad ta kralange par Punjab nu develop kida karange? jatt 2:Apan America te attack karange,oh sanu jit ke apne nal mila lauga te dvlopment hoju. jatt khush hoge. Ik Buzurg jatt  chupchap baitha si.Bakian ne puchea,ki hoea?  jatt:Baki ta thik hai par by chance je apan AMERICA jit lea fer.",hi,iiitd_sms_spam_v1,ham,NEEDS_REVIEW,manual,df78061f51d6,latin-script-hinglish-or-en-IN;not-devanagari,表达开心，闲聊
iiitd_00145,"Whts the Coolest thing about Examination Hall? Its d only Place where You can Openly say to a Girl 'dikha de na pls, main 2min me kar lunga.;-)B-)",hi,iiitd_sms_spam_v1,ham,NEEDS_REVIEW,manual,6d0e5c16350c,latin-script-hinglish-or-en-IN;not-devanagari,考试作弊笑话，私人娱乐
iiitd_00146,irl take a life when they cheat boys in love. (suicide) But boys give a new life when they cheat girls... (baby) Moral: boys r always kind hearted.,hi,iiitd_sms_spam_v1,ham,NEEDS_REVIEW,manual,8f75a2a4e571,latin-script-hinglish-or-en-IN;not-devanagari,玩笑式短信链（找CID），非目标域
iiitd_00147,Ik Onkar- God is one. Satnam- His name is true. Karta Purakh- He is maker of the whole world. Nirbhau- He is Fearless. Nirvair- He never hates any1. Akaal Murat- He is beyond the time. He is immortal. Ajooni- He neither borns nor dies. Saibhang- Neither any1 has created him nor any1 gave him birth. guruprasad-only true guru can help us to meet him. spread the golden words!,hi,iiitd_sms_spam_v1,ham,NEEDS_REVIEW,manual,1a3e75cb7da7,latin-script-hinglish-or-en-IN;not-devanagari,日常沟通，非四类目标域
iiitd_00148,ij.....Gud nite.,hi,iiitd_sms_spam_v1,ham,NEEDS_REVIEW,manual,64d0282b3294,latin-script-hinglish-or-en-IN;not-devanagari,闲聊消息，非目标域
iiitd_00149,"IITian's luv letter- My dear luv, yesterday, I was passing by ur rectangular house in trigonometric lane. Der I saw u wit ur cute circular face, conical A couple went 2 a sex therapist & askd, Will u watch us hvng sex? The dr. lukd puzld but agreed. Whn d cupl finishd, dr. said, Thr's nthng wrng wtnose, & spherical eyes in ur triangular garden.B4 seeing u my heart was a null set, but wen a vector of magnitude 4m ur eyes at deviation of theta radianh ur intrcourse, & chrgd 300.. Dis hpnd 4 many weeks.. Finali d dr. askd, Wats exctly ur prblm? Man said: She's married, i'm married, so made a tangent to my heart it differentiated. My luv 4u is a quardratic equation with real root which only u can solve by making it a simple equation v cnt use our houses, Oberoi is 9,500 nd taj is 9,000. Bt, here v pay 300, & get 250 frm mediclaim! -Thts tax planning.",hi,iiitd_sms_spam_v1,ham,NEEDS_REVIEW,manual,778c15d22e82,latin-script-hinglish-or-en-IN;not-devanagari,闲聊学习/考试，非目标域
iiitd_00150,"IIT-JEE question: Mom is 21 yrs older than child.After 6 yrs mom will be 5 times as old as child. Q:Where's the dad? . . . . . Sol: M=C+21 I   .     *      . *     .  * .     GooD *     . *   .    . * .      *  .  NighT     .         *       .    .*     . *     .    *      .  *  .      .* . n 6 years: M+6=(C+6)x5, C+21+6=(C+6)5 C+27=5C+30 C=-3/4 So child is -3/4 yrs old i.e child will be born in 9 months. So dad is right now on top of MOM.SweeT DreamS",hi,iiitd_sms_spam_v1,ham,NEEDS_REVIEW,manual,c47b5da61c4f,latin-script-hinglish-or-en-IN;not-devanagari,晚安美梦祝福，非目标域
iiitd_00151,"IIT-JEE question: Mom is 21 yrs older than child...After 6 yrs mom will be 5 times as old as child.... Ques: Where is dad? Sol: M=C+21 In 6 years: M+6=m also gud! she lives in panchkula only! hd been fr a muvi n outn sorts wid frnz na on sat. so mommy said meet her also , wil get bck colg tmrw mrng via (C+6)x5, C+21+6=(C+6)5 C+27=5C+30 C = -3/4 So child is -3/4 yrs old i.e child will be born in 9 months So dad is right now on top of MOM!",hi,iiitd_sms_spam_v1,ham,NEEDS_REVIEW,manual,c47b5da61c4f,latin-script-hinglish-or-en-IN;not-devanagari,闲聊学习/考试，非目标域
iiitd_00152,"IIT-JEE question: Mom is 21 yrs older than child...After 6 yrs mom will be 5 times as old as child.... Ques: Where is dad? Sol: M=C+21 In 6 years: M+6=(C+6)x5, C+21+6=(C+6)5 C+27=5C+30 C = -3/4 So child is -3/4 yrs old i.e child will be born in 9 months So dad is right now on top of MOM!",hi,iiitd_sms_spam_v1,ham,NEEDS_REVIEW,manual,c47b5da61c4f,latin-script-hinglish-or-en-IN;not-devanagari,闲聊学习/考试，非目标域
iiitd_00153,wht hapnd??? :-/,hi,iiitd_sms_spam_v1,ham,NEEDS_REVIEW,manual,5aea3165a337,latin-script-hinglish-or-en-IN;not-devanagari,无关短信，非目标域
iiitd_00154,"IIT-JEE Exam has been postponed to 12th May, 2009. For further details, log on to the site.... www.may-me-kaun-se-jhande-gaad-lAn army officer married & discovers on d 1st nite tht his wife is havng periods, He sends emergency letter to general Red alert at front, extend leav oge.com all the best for tomgeneral replies-attack frm back & report",hi,iiitd_sms_spam_v1,ham,NEEDS_REVIEW,manual,b589110bc40f,latin-script-hinglish-or-en-IN;not-devanagari,闲聊学习/考试，非目标域
iiitd_00155,IIT was f9  but not 2 gud maths was ruthlesnd urs,hi,iiitd_sms_spam_v1,ham,NEEDS_REVIEW,manual,14f61365545a,latin-script-hinglish-or-en-IN;not-devanagari,闲聊学习/考试，非目标域
iiitd_00156,IIT Mumbai Exam best question: Spell d wordCOWin 13 letters Topperz couldnt Answer but back bench Boy .! wrote .. SEE O DOUBLE YOU Think different!,hi,iiitd_sms_spam_v1,ham,NEEDS_REVIEW,manual,130deb38a7bd,latin-script-hinglish-or-en-IN;not-devanagari,闲聊学习/考试，非目标域
iiitd_00157,Why does it take a 'million' sperms to fertilise one egg? Ans: Male Ego again... Not even one will ask for directions!!! ;-):-):-):-) Hv a gud day :),hi,iiitd_sms_spam_v1,ham,NEEDS_REVIEW,manual,5535ef3ac46d,latin-script-hinglish-or-en-IN;not-devanagari,私人对话片段，非目标域
iiitd_00158,Iit kgp me notic laga hai Mtech-phd intrigreted rs300 ka frm varne se hoga net par dekh lo.,hi,iiitd_sms_spam_v1,ham,NEEDS_REVIEW,manual,0a83f8b95362,latin-script-hinglish-or-en-IN;not-devanagari,闲聊学习/考试，非目标域
iiitd_00159,Iim L,hi,iiitd_sms_spam_v1,ham,NEEDS_REVIEW,manual,b437fbbe8d62,latin-script-hinglish-or-en-IN;not-devanagari,闲聊学习/考试，非目标域
iiitd_00160,Iiit mail pe aa...,hi,iiitd_sms_spam_v1,ham,NEEDS_REVIEW,manual,46a527c1fda2,latin-script-hinglish-or-en-IN;not-devanagari,闲聊学习/考试，非目标域
iiitd_00161,Iiit delhi,hi,iiitd_sms_spam_v1,ham,NEEDS_REVIEW,manual,783dc7f33476,latin-script-hinglish-or-en-IN;not-devanagari,闲聊学习/考试，非目标域
iiitd_00162,IIIT Delhi,hi,iiitd_sms_spam_v1,ham,NEEDS_REVIEW,manual,71d65a9c2f2d,latin-script-hinglish-or-en-IN;not-devanagari,闲聊学习/考试，非目标域
iiitd_00163,ight is longer than day for those who DREAM & day is longer than night for those who make their DREAMS come true. Good Night & Sweet Dreams Tk Car,hi,iiitd_sms_spam_v1,ham,NEEDS_REVIEW,manual,3756380bcf0d,latin-script-hinglish-or-en-IN;not-devanagari,晚安美梦祝福，非目标域
iiitd_00164,Wht did bill gate's wife say whn she saw him naked for d first time? oh shit! now i know why u call it MICRO SOFT.,hi,iiitd_sms_spam_v1,ham,NEEDS_REVIEW,manual,719134bbddcf,latin-script-hinglish-or-en-IN;not-devanagari,闲聊学习/考试，非目标域
iiitd_00165,iGate me apply karna hai? 27th ko hai,hi,iiitd_sms_spam_v1,ham,NEEDS_REVIEW,manual,7586653ef875,latin-script-hinglish-or-en-IN;not-devanagari,闲聊学习/考试，非目标域
iiitd_00166,ife:Kal rat tum nind me muje galiya de rahe the. Husband:Tumhe galat fehmi hui h. Wife:Kaisi galat fehmi? Husband:Yehi ki mai nind me tha,hi,iiitd_sms_spam_v1,ham,NEEDS_REVIEW,manual,c94eebdee908,latin-script-hinglish-or-en-IN;not-devanagari,梦想相关短信，非目标域
iiitd_00167,ife will never Provide Warranties & Guarantees.It can only Provide Possibilities & Opportunities.Its upto us 2 convert them into success.Hv a nice life.,hi,iiitd_sms_spam_v1,ham,NEEDS_REVIEW,manual,dfe773fe7e59,latin-script-hinglish-or-en-IN;not-devanagari,私人闲聊，非四类目标域
iiitd_00168,irl kisses a boy on his face and the boy gets a mark of her lipstick. Boy: Ye kya kiya? Girl: Kuch accha karne me daag lage to DAAG ACHCHE HAIN Na. :D ;,hi,iiitd_sms_spam_v1,ham,NEEDS_REVIEW,manual,84707d78ec77,latin-script-hinglish-or-en-IN;not-devanagari,日常短信，非目标域
iiitd_00169,ife to husband: Tumhe pyar karna nahi aata.Husband: To kya ye 3 bachche internet se download kiye hain?Wife: nahi ye to sharma ji ki pen drive se liye hain,hi,iiitd_sms_spam_v1,ham,NEEDS_REVIEW,manual,2420d9ca0a40,latin-script-hinglish-or-en-IN;not-devanagari,私人爱情表达，非目标域
iiitd_00170,ife is-- Wat we wnt we dnt get.. Wat we gt we r nt satisfied.. Wat we xpect nvr hapens & Wat we hate gnerally repeats..,hi,iiitd_sms_spam_v1,ham,NEEDS_REVIEW,manual,ac512dd6987a,latin-script-hinglish-or-en-IN;not-devanagari,私人通信，非目标域
iiitd_00171,ife is like a race btwn Cat n Rat. Rat mostly wins coz the Cat is running 4 food n Rat 4 its Life.Remember 'Purpose' is more important than 'NeeD'..,hi,iiitd_sms_spam_v1,ham,NEEDS_REVIEW,manual,89a33869192a,latin-script-hinglish-or-en-IN;not-devanagari,闲聊饮食，非目标域
iiitd_00172,ife is at its weakst wen there r more doubts than trust;but life is at its strongst wen u learn how 2 trust inspite of the doubts,hi,iiitd_sms_spam_v1,ham,NEEDS_REVIEW,manual,87f4a4ce12d6,latin-script-hinglish-or-en-IN;not-devanagari,私人对话片段，非目标域
iiitd_00173,"If1=52=253=1254=6255=??Think, b4 scroling dwnAns is 1!Remember the First Line1=5Moral :Dont Complicate Simple Problems in Life!",hi,iiitd_sms_spam_v1,ham,NEEDS_REVIEW,manual,ba8bab2dea98,latin-script-hinglish-or-en-IN;not-devanagari,人生哲理短信链，非目标域
iiitd_00174,"If you were Santa claus, what would you leave under the X'mas tree for me?..rly is must.",hi,iiitd_sms_spam_v1,ham,NEEDS_REVIEW,manual,658f2c53c6b5,latin-script-hinglish-or-en-IN;not-devanagari,Santa笑话段子，私人娱乐
iiitd_00175,"Husband & wife was playing golf & ball goes inside a house.  They enter the house & saw broken bottle & a man.  Man - I want to thank you.I am genie that was trapped for 1000 years in bottle.I will give you each 1 wish,and I will keep 1 for myself.. Husband-I want a billion dolars.. Wife-I want a house in every country of the world.. Genie-done.. Husband-And what is your wish'' genie?  Genie-Well, since I havn't loved woman in a thousand years, my wish is to sleep with your wife.. The husband said, we'll get lot of money. I guess I would not mind. The genie took the wife upstairs and made love with her for two hours. Genie looked at the wife and said, How old is your husband?? 35- she said. Genie-Really? And he still believes in genies!!!! :-P",hi,iiitd_sms_spam_v1,ham,NEEDS_REVIEW,manual,9bf1b0ff0460,latin-script-hinglish-or-en-IN;not-devanagari,夫妻笑话段子，私人娱乐
iiitd_00176,"If you try to hurt others, you will only succeed in hurting yourself. . . Good morning. Jai sri ram. :-)",hi,iiitd_sms_spam_v1,ham,NEEDS_REVIEW,manual,28af49170c16,latin-script-hinglish-or-en-IN;not-devanagari,早安/晚安祝福，非目标域
iiitd_00177,"If you succeed in tricking someone, never think he is a Fool, Realise its because he trusted you much more than you deserved.",hi,iiitd_sms_spam_v1,ham,NEEDS_REVIEW,manual,8818e84e8b6f,latin-script-hinglish-or-en-IN;not-devanagari,朋友间闲聊，非目标域
iiitd_00178,"If you re in a bad situation, don t worry it ll change. If you re in a good situation, don t worry it ll change.",hi,iiitd_sms_spam_v1,ham,NEEDS_REVIEW,manual,895abb6c639a,latin-script-hinglish-or-en-IN;not-devanagari,私人短信，非目标域
iiitd_00179,irl kises a boy on face and boy gets mark of lipstick Girl-oh sorry U get a mark on ur face Boy-Kuch achha karne se agar dag lagte hai to daag achhe hai,hi,iiitd_sms_spam_v1,ham,NEEDS_REVIEW,manual,69cb5cd6b2e3,latin-script-hinglish-or-en-IN;not-devanagari,私人道歉，闲聊
iiitd_00180,"If you re going through hell, keep going.",hi,iiitd_sms_spam_v1,ham,NEEDS_REVIEW,manual,95fa0e8667ce,latin-script-hinglish-or-en-IN;not-devanagari,闲聊消息，非目标域
iiitd_00181,"If you love two persons at the same time,always choose the 2nd one bcoz if the 1st was perfect for you then the other would never have arrived at all.",hi,iiitd_sms_spam_v1,ham,NEEDS_REVIEW,manual,9612f256ded8,latin-script-hinglish-or-en-IN;not-devanagari,私人短信，非目标域
iiitd_00182,"If you limit your choices only to what seems possible or reasonable, then u disconnect yourself from what u truly want & all that is left is compromise. Gm",hi,iiitd_sms_spam_v1,ham,NEEDS_REVIEW,manual,02c8684c2308,latin-script-hinglish-or-en-IN;not-devanagari,私人通信，非目标域
iiitd_00183,"If you have the will to win, you have achieved half your success. If you dont, you have achieved half your failure. . Good morning Jai sri ram :-)",hi,iiitd_sms_spam_v1,ham,NEEDS_REVIEW,manual,01cfbdc6f3e6,latin-script-hinglish-or-en-IN;not-devanagari,早安/晚安祝福，非目标域
iiitd_00184,"If you have food in your fridge, clothes on your rack, a roof over your head, and a place to sleep, You are richer than 75% of the entire world...If you have money in your wallet, a little change and can go anywhere you want, You are among the top 8% of the worlds wealthy...If you woke up this morning with more health than illness, You are more blessed than the million people who wont survive this week and die...If you can actually READ this message and understand it, You are more fortunate than the 3 Billion people in the world who cannot see, dont know english, or suffer being mentally retarded...Life is not about stupid exams, silly girl/guy who dumped you, or whatever else that does not matter at all...Its all about a thousand other reasons to be happy & live this precious life happily, which itself is a gift!!Read this n apply in ur life",hi,iiitd_sms_spam_v1,ham,NEEDS_REVIEW,audit_fixpass_iiitd,f3dd58d29710,latin-script-hinglish-or-en-IN;not-devanagari | [fix:NEEDS_REVIEW->AD] 问答/竞猜增值短信，非诈骗 | [fix:AD->NEEDS_REVIEW] 私人闲聊误判问答,问答/竞猜增值短信，非诈骗
iiitd_00185,"If you have food in your fridge, clothes on your rack, a roof over your head, and a place to sleep, You are richer than 75% of the entire world... If you have money in your wallet, a little change and can go anywhere you want, You are among the top 8% of the worlds wealthy... If you woke up this morning with more health than illness, You are more blessed than the million people who wont survive this week and die... If you can actually READ this message and understand it, You are more fortunate than the 3 Billion people in the world who cannot see, dont know english, or suffer being mentally retarded... Life is not about stupid exams, silly girl/guy who dumped you, or whatever else that does not matter at all... Its all about a thousand other reasons to be happy & live this precious life happily, which itself is a gift!!",hi,iiitd_sms_spam_v1,ham,NEEDS_REVIEW,audit_fixpass_iiitd,f3dd58d29710,latin-script-hinglish-or-en-IN;not-devanagari | [fix:NEEDS_REVIEW->AD] 问答/竞猜增值短信，非诈骗 | [fix:AD->NEEDS_REVIEW] 私人闲聊误判问答,问答/竞猜增值短信，非诈骗
iiitd_00186,"If you have d ability to stand tall even after u hv been betrayed by ur dear ones, Just a smile wil punish dem more dan ur words...!:)Gdmng...",hi,iiitd_sms_spam_v1,ham,NEEDS_REVIEW,manual,78568d75f48c,latin-script-hinglish-or-en-IN;not-devanagari,朋友间闲聊，非目标域
iiitd_00187,Wht cls do we hv and at wht tym?,hi,iiitd_sms_spam_v1,ham,NEEDS_REVIEW,manual,e3c8d95264a3,latin-script-hinglish-or-en-IN;not-devanagari,非正式对话，非目标域
iiitd_00188,"if you get some free time, please put free messages in your phone.",hi,iiitd_sms_spam_v1,ham,NEEDS_REVIEW,manual,fe0713f23704,latin-script-hinglish-or-en-IN;not-devanagari,私人闲聊，非四类目标域
iiitd_00189,"If you feel that you cant smile, stand before a mirror and with your fingers pull your mouth into a smile. It is that important! Good morning Jai sri ram:-)",hi,iiitd_sms_spam_v1,ham,NEEDS_REVIEW,manual,ee973c5c486e,latin-script-hinglish-or-en-IN;not-devanagari,对镜微笑短信链，非目标域
iiitd_00190,irl 2 Baba Ramdev if I Kiss a Boy Wat Wil Hppn.Baba-Narak me Jaoge.Girl-Acha Apko Karu to?Baba-Chalak Ladki Swarg Mai Jana Chahti Hai....,hi,iiitd_sms_spam_v1,ham,NEEDS_REVIEW,manual,9cce7c539e4a,latin-script-hinglish-or-en-IN;not-devanagari,私人闲聊，非四类目标域
iiitd_00191,"If you dont like any rule,Just follow it, reach the top & change the rule. : Bill Gates.. Good Night.. Have a nice day ahead..",hi,iiitd_sms_spam_v1,ham,NEEDS_REVIEW,manual,30f5b47c4403,latin-script-hinglish-or-en-IN;not-devanagari,闲聊学习/考试，非目标域
iiitd_00192,"If you do anything wrongly for a long time, you will find it difficult to overcome your bad habit. . . Good morning . . Jai sri ram. :-)",hi,iiitd_sms_spam_v1,ham,NEEDS_REVIEW,manual,277d146f8de1,latin-script-hinglish-or-en-IN;not-devanagari,早安/晚安祝福，非目标域
iiitd_00193,"If you can't find the right words 4 a certain situation, just give dat person a hug. Words have the potential to confuse, but hugs never lie....",hi,iiitd_sms_spam_v1,ham,NEEDS_REVIEW,manual,2408ddae5ee5,latin-script-hinglish-or-en-IN;not-devanagari,闲聊消息，非目标域
iiitd_00194,"If you can't find the right words 4 a certain situation, just give dat person a hug.Words have the potential to confuse,but hugs never lie...$",hi,iiitd_sms_spam_v1,ham,NEEDS_REVIEW,manual,2408ddae5ee5,latin-script-hinglish-or-en-IN;not-devanagari,私人对话片段，非目标域
iiitd_00195,"if you can, call me once you're on your way back.",hi,iiitd_sms_spam_v1,ham,NEEDS_REVIEW,manual,6f8271307db7,latin-script-hinglish-or-en-IN;not-devanagari,让打电话，闲聊
iiitd_00196,"If u worry about a trouble it becomes double but when you smile at it,it disapears like a bubble so always keep smiling HAPPY NAVRATRI :-) :-)",hi,iiitd_sms_spam_v1,ham,NEEDS_REVIEW,manual,2ccb83f5f1d3,latin-script-hinglish-or-en-IN;not-devanagari,Navratri节日祝福，非四类目标域
iiitd_00197,"If u want 2 see how rich u r, then don't count ur money.Just drop a tear from ur eye & see how many hands come 2 hold it........:-)",hi,iiitd_sms_spam_v1,ham,NEEDS_REVIEW,audit_fixpass_iiitd,fdb6139b1554,latin-script-hinglish-or-en-IN;not-devanagari | [fix:NEEDS_REVIEW->AD] 问答/竞猜增值短信，非诈骗 | [fix:AD->NEEDS_REVIEW] 私人闲聊误判问答,问答/竞猜增值短信，非诈骗
iiitd_00198,"If u wait for happy moments,, U will wait forever..But if u start believing that u r happy,, u will be happy forever.. 
Boy propoz 2 grl:Ye Raat,Ye subah,ye Hawa,Ye Chand,Ye Ghatayen,Ye Nadia,Ye Kinare Girl: Pyar Kr Rha H Ya Environmental Study padha rha hai...
 2 Sardar train k piche baag rhe the..1chadh gaya, to train me logo ne khaWELLDONESardar-khaak well doneJana to use tha,Mai to chhodne aaya tha.........",hi,iiitd_sms_spam_v1,ham,NEEDS_REVIEW,manual,6395e083fb09,latin-script-hinglish-or-en-IN;not-devanagari,Sardar/Jatt笑话段子，私人娱乐
iiitd_00199,"Whrever u r,whtever u do,1 heart will always beat 4 u.. . . . . . . . . . . . . . . . . . . . . . . . . . . . . Ur own stupid..:-P Happy April Fool's Day..!!:-D",hi,iiitd_sms_spam_v1,ham,NEEDS_REVIEW,manual,4800094c859e,latin-script-hinglish-or-en-IN;not-devanagari,愚人节祝福，非目标域
iiitd_00200,"If u trust sum1,trust till the end; whtevr d results may be in the end eithr u'l hv a very good frnd or a very good lesson....",hi,iiitd_sms_spam_v1,ham,NEEDS_REVIEW,manual,b09dc1f4f3b8,latin-script-hinglish-or-en-IN;not-devanagari,闲聊成绩，非目标域
iiitd_00201,Irfan pathan ne gaand maar li.,hi,iiitd_sms_spam_v1,ham,NEEDS_REVIEW,manual,aef53198c87e,latin-script-hinglish-or-en-IN;not-devanagari,无关短信，非目标域
iiitd_00202,"if u tell me by 5pm, i'll get ready without waxing n come in my blue western dress (u haven't seen it). :(",hi,iiitd_sms_spam_v1,ham,NEEDS_REVIEW,manual,d8db0c91f6a9,latin-script-hinglish-or-en-IN;not-devanagari,私人短信，非目标域
iiitd_00203,"If U Stand 4 Any Reason, Be Prepared 2 Stand Alone Like a Tree. And if U Fall on d Ground, Fall as a Seed That Grows Back 2 Fight Again..",hi,iiitd_sms_spam_v1,ham,NEEDS_REVIEW,manual,d05c793733b6,latin-script-hinglish-or-en-IN;not-devanagari,私人闲聊，非四类目标域
iiitd_00204,If u slepng den its kk...gn...isliye mene cal kat di...,hi,iiitd_sms_spam_v1,ham,NEEDS_REVIEW,manual,8730feadca03,latin-script-hinglish-or-en-IN;not-devanagari,日常沟通，非四类目标域
iiitd_00205,"if u really luv sm1 4m ur heart(not tympas)pass it 2every1(Muje b bhejna)2nite da 1u luv wil suddenlywant u ,miss u,n feel 4u if 3cum backlets try...",hi,iiitd_sms_spam_v1,ham,NEEDS_REVIEW,manual,dfffbc58f764,latin-script-hinglish-or-en-IN;not-devanagari,要求转发的chain message，非目标域
iiitd_00206,"If u r stressed, you'll get pimples.. if u cry,u'll get wrinkles.. So, y don't u smile yaar and ; get dimples? :-)",hi,iiitd_sms_spam_v1,ham,NEEDS_REVIEW,manual,33d177ea90cf,latin-script-hinglish-or-en-IN;not-devanagari,私人情感表达，非目标域
iiitd_00207,If u r online go to dis link: skillineers.com,hi,iiitd_sms_spam_v1,ham,NEEDS_REVIEW,manual,6a93b82ddf71,latin-script-hinglish-or-en-IN;not-devanagari,私人闲聊，非四类目标域
iiitd_00208,"if u r onl9, plz inform inform manali shyam to call nitul sir asap",hi,iiitd_sms_spam_v1,ham,NEEDS_REVIEW,manual,814d5c1a12d6,latin-script-hinglish-or-en-IN;not-devanagari,非正式对话，非目标域
iiitd_00209,"If u r alone, I'll b ur shadow. If u want 2 cry, I'll b ur shoulder. If u need 2 be happy, I'll be ur smile. But anytime u need a frnd, I'll just b me.",hi,iiitd_sms_spam_v1,ham,NEEDS_REVIEW,manual,f44747135a12,latin-script-hinglish-or-en-IN;not-devanagari,私人情感表达，非目标域
iiitd_00210,If u r a Chocolate u r d Swetest if u r a Teddy Bear u r d CUTEST if u r a star u r d BRIGHTEST n if u r my frnd OH!my GOD U R LUCKIEST.,hi,iiitd_sms_spam_v1,ham,NEEDS_REVIEW,manual,b007715187aa,latin-script-hinglish-or-en-IN;not-devanagari,日常短信，非目标域
iiitd_00211,"Yr yehi msg aaya tha, fwd kr dia",hi,iiitd_sms_spam_v1,ham,NEEDS_REVIEW,manual,e8ae4eaa2dcf,latin-script-hinglish-or-en-IN;not-devanagari,要求转发的chain message，非目标域
iiitd_00212,irf Sirf Sirf SIRF SIRF SiRf sirF SIRF S I R F Si r f s ir f SIrf sirf sirf SiRF SIRF Disturb Karna Tha,hi,iiitd_sms_spam_v1,ham,NEEDS_REVIEW,manual,0366c3d20aa6,latin-script-hinglish-or-en-IN;not-devanagari,打扰/被扰，闲聊
iiitd_00213,Whre u reached,hi,iiitd_sms_spam_v1,ham,NEEDS_REVIEW,manual,8653e24a30c5,latin-script-hinglish-or-en-IN;not-devanagari,私人通信，非目标域
iiitd_00214,"If u miss me aftr 10 yrs, how ll u remembr me?Acha wohi sonali jo ____?No reply means no care..?",hi,iiitd_sms_spam_v1,ham,NEEDS_REVIEW,manual,2e37a3624fca,latin-script-hinglish-or-en-IN;not-devanagari,要求回复，闲聊
iiitd_00215,"If u love some1 dont keep in ur heart.Keep in ur nails,coz if u fail in love, don break ur heart, just cut ur nails.thats the reason why girls keep long nails.",hi,iiitd_sms_spam_v1,ham,NEEDS_REVIEW,manual,c58a661c6279,latin-script-hinglish-or-en-IN;not-devanagari,私人闲聊，非四类目标域
iiitd_00216,"If u learn to translate evry event of ur life into a +ve one, u wil stop being a prisoner of ur past n bcm designer of ur future.. :-)Gudnt:)",hi,iiitd_sms_spam_v1,ham,NEEDS_REVIEW,manual,3f53dbf20340,latin-script-hinglish-or-en-IN;not-devanagari,非正式对话，非目标域
iiitd_00217,"If U Hv Any Prblms-Bindas Tel Me,l'll Help U. If U Dn't Hv Any Prblms-Bindas Tel Me,l'll Create Sum 4 U! After Al'Dost Hote Kis Liye Hai!",hi,iiitd_sms_spam_v1,ham,NEEDS_REVIEW,manual,12cfd7972b99,latin-script-hinglish-or-en-IN;not-devanagari,私人对话片段，非目标域
iiitd_00218,"If u hav free sms plz help a baby 9yrs Dakshini in a bad stg sufrn 4m blud cancer. Hr dad need 26 lac 4 opratn,all ntwrk agreed 2 pay Rs 0.1 per sms. Plz frwd",hi,iiitd_sms_spam_v1,ham,NEEDS_REVIEW,manual,0e6edca9bed3,latin-script-hinglish-or-en-IN;not-devanagari,私人对话片段，非目标域
iiitd_00219,"If u hav any problems- bindas tel me, ill help u. if u dont hav any problems- bindas telme ill create sum4u!  Afterall, dost hote kis liye hai!",hi,iiitd_sms_spam_v1,ham,NEEDS_REVIEW,manual,6b14c5b98271,latin-script-hinglish-or-en-IN;not-devanagari,日常短信，非目标域
iiitd_00220,Whre r u? R u cmng to clag,hi,iiitd_sms_spam_v1,ham,NEEDS_REVIEW,manual,d54611650dda,latin-script-hinglish-or-en-IN;not-devanagari,闲聊大学生活，非目标域
iiitd_00221,"If u hav 2 keep hurting me d way u r (n showing me such cold attitude,i dono y)...den m betr off dealing wid nt having u in my life dan having u lyk dis. N plz don call bck nw. I don think u need 2 hav d last word wid sum1 uv alredy hurt so mch.",hi,iiitd_sms_spam_v1,ham,NEEDS_REVIEW,manual,5c680fa3f699,latin-script-hinglish-or-en-IN;not-devanagari,无关短信，非目标域
iiitd_00222,"If u get any problem d just give me miss call on 09334703425,      padhai suru kar do ab.mejor project ke liye latter nikal ke vej do,main phone kar ke bol dunga.ok,last date gate ka kya hai.",hi,iiitd_sms_spam_v1,ham,NEEDS_REVIEW,manual,a48a1006f653,latin-script-hinglish-or-en-IN;not-devanagari,闲聊学习/考试，非目标域
iiitd_00223,"Yr,dunno very clearly...bt hopefuly,if i gt a gud job frm on campus placmnt...den i'l go fo it..fo a year or year n half..afta dat mba..cz i'v heard dat mba wid job xprnce has more value..u?",hi,iiitd_sms_spam_v1,ham,NEEDS_REVIEW,manual,b3d373dec80c,latin-script-hinglish-or-en-IN;not-devanagari,无关短信，非目标域
iiitd_00224,"HUSBAND aur WIFE ka rishta bhi ajeeb hai... DOOR ho to JUDAI .. Aur PASS ho to CH....   No., it's CHIK CHIK (ladaai) Har bar apna ganda DIMAAG mat lHUSBAND aur WIFE ka rishta bhi ajeeb hai... DOOR ho to JUDAI .. Aur PASS ho to CH....   No., it's CHIK CHIK (ladaai) Har bar apna ganda DIMAAG mat lHUSBAND aur WIFE ka rishta bhi ajeeb hai... DOOR ho to JUDAI .. Aur PASS ho to CH....   No., it's CHIK CHIK (ladaai) Har bar apna ganda DIMAAG mat lagaya karo .. !agaya karo .. !",hi,iiitd_sms_spam_v1,ham,NEEDS_REVIEW,manual,a2037420ea1b,latin-script-hinglish-or-en-IN;not-devanagari,私人对话片段，非目标域
iiitd_00225,"If u Fuck a woman nicely, She'll Luv u for the rest of her life But if u Luv a woman nicely, She will Fuck u for the rest of your life... William Sexfear..!",hi,iiitd_sms_spam_v1,ham,NEEDS_REVIEW,manual,495c28b3d962,latin-script-hinglish-or-en-IN;not-devanagari,私人爱情表达，非目标域
iiitd_00226,"If u dont work,u'll rest If u work hard,u'll get tired n thn also u'll need rest Ultimately karna to rest hi hai naa.Than Y d hell 2 work Laziness rocks!;-)",hi,iiitd_sms_spam_v1,ham,NEEDS_REVIEW,manual,bc03e810979f,latin-script-hinglish-or-en-IN;not-devanagari,私人短信，非目标域
iiitd_00227,"If u dont like something change it,if u cant change it,change the way u think about it.",hi,iiitd_sms_spam_v1,ham,NEEDS_REVIEW,manual,3e906c04b08a,latin-script-hinglish-or-en-IN;not-devanagari,朋友间闲聊，非目标域
iiitd_00228,"If u dont know who is Rajnikanth.. 1) Rajnikanth can delete d Recycle Bin 2) Rajnikanth can drown a fish. 3) Rajnikanth can kill a bird with two stones.  4) In an avrg living room thr r 1242 objcts Rajnikanth culd use to kill u, including room itself. 5)If u spell Rajnikanth wrong on Google it doesnt say did u mean Rajnikanth. It simply replies Run while u still hav d chance.  6)When Rajnikanth looks in mirror d mirror shatters, bcoz not even glass is stupid to get in betwn Rajnikanth & Rajnikanth. 7) Where der is will, der is way. Where der is Rajnikanth der is no othr way. 9) Gmail id of Rajnikanth gmail.com@RAJNIKANTH    MIND IT",hi,iiitd_sms_spam_v1,ham,NEEDS_REVIEW,audit_fixpass_iiitd,82cf56309639,latin-script-hinglish-or-en-IN;not-devanagari | [fix:NEEDS_REVIEW->AD] 问答/竞猜增值短信，非诈骗 | [fix:AD->NEEDS_REVIEW] 私人闲聊误判问答,问答/竞猜增值短信，非诈骗
iiitd_00229,Whr r u? Jaldi aao.,hi,iiitd_sms_spam_v1,ham,NEEDS_REVIEW,manual,53dea7e091b0,latin-script-hinglish-or-en-IN;not-devanagari,询问位置，闲聊
iiitd_00230,"if u don wan me to call, y did u call me in d first place? newyz woteva tc bye enjoy.",hi,iiitd_sms_spam_v1,ham,NEEDS_REVIEW,manual,1fd2dbf8c8eb,latin-script-hinglish-or-en-IN;not-devanagari,让打电话，闲聊
iiitd_00231,If u dnt wnt to tel its fyn wid me,hi,iiitd_sms_spam_v1,ham,NEEDS_REVIEW,manual,7741daf248d8,latin-script-hinglish-or-en-IN;not-devanagari,无关短信，非目标域
iiitd_00232,If u delete this msg u wil fail in every exams in ur life 2008-09. Say SAI BABA KI JAI n fwd to 5 ppl imm...i m sorry.. Muje fasaya gaya hai..,hi,iiitd_sms_spam_v1,ham,NEEDS_REVIEW,manual,0a33dccc06b3,latin-script-hinglish-or-en-IN;not-devanagari,闲聊学习/考试，非目标域
iiitd_00233,If u delete this msg u wil fail in every exams in ur life 2008-09. Say SAI BABA KI JAI n fwd to 5 ppl excpt me imm...i m sorry.. Mujhe fasaya gaya hai..,hi,iiitd_sms_spam_v1,ham,NEEDS_REVIEW,manual,0a33dccc06b3,latin-script-hinglish-or-en-IN;not-devanagari,闲聊学习/考试，非目标域
iiitd_00234,"If u cn talk thru text, cn u jus tell me wot d hell is going on??? M rely getting vry pissed off frustrated and disturbed. N its betr if i don live in misconceptions.",hi,iiitd_sms_spam_v1,ham,NEEDS_REVIEW,manual,6096d6ed1790,latin-script-hinglish-or-en-IN;not-devanagari,表达愤怒/不满，闲聊
iiitd_00235,ireshark 2ndpar,hi,iiitd_sms_spam_v1,ham,NEEDS_REVIEW,manual,1d5b3075d909,latin-script-hinglish-or-en-IN;not-devanagari,日常沟通，非四类目标域
iiitd_00236,"If u care 4 me-i care 4 uu miss me-i miss u,u msg me-i msg u,u gussa-i gussa,u 4get me-Na munna naI'm difrnt!FIR TO GOLIYA CHALENGI....",hi,iiitd_sms_spam_v1,ham,NEEDS_REVIEW,manual,ea89d818ff66,latin-script-hinglish-or-en-IN;not-devanagari,私人想念表达，非目标域
iiitd_00237,"If u can stil bet on chocolates, If u stil love receiving gifts 4m friends, N if u still hate giving exams, :-P;-) Then... Happy Childrens Day...:-) Njoy!:-)",hi,iiitd_sms_spam_v1,ham,NEEDS_REVIEW,manual,b49843d3c010,latin-script-hinglish-or-en-IN;not-devanagari,儿童节祝福短信，非目标域
iiitd_00238,"If u can get up evryday and believe the future is better than the past, it can get u through a lot. The question is how to believe that when the person u truly deeply cared about isn't gonna be part of ur future...??",hi,iiitd_sms_spam_v1,ham,NEEDS_REVIEW,manual,30231b88f428,latin-script-hinglish-or-en-IN;not-devanagari,私人通信，非目标域
iiitd_00239,If u busy rgt nw v cn talk latr,hi,iiitd_sms_spam_v1,ham,NEEDS_REVIEW,manual,7fe72281828d,latin-script-hinglish-or-en-IN;not-devanagari,非正式对话，非目标域
iiitd_00240,If u arrange these letters u'll get the following:- *Dormitory = Dirty-room *Astronomer = Moonstarer *The eyes = They see *A Decimal Point = I'm a dot in place *Eleven plus two =Twelve  plus one *Princess Diana = End is a car spin... n some say whats in name? Lol,hi,iiitd_sms_spam_v1,ham,NEEDS_REVIEW,manual,2db03ae0246a,latin-script-hinglish-or-en-IN;not-devanagari,日常沟通，非四类目标域
iiitd_00241,Whr r u?,hi,iiitd_sms_spam_v1,ham,NEEDS_REVIEW,manual,4278f82831f7,latin-script-hinglish-or-en-IN;not-devanagari,询问位置，闲聊
iiitd_00242,"If TIME dznt wait fo u,dun wori!.. Jus remove d batery frm d clock n njy life",hi,iiitd_sms_spam_v1,ham,NEEDS_REVIEW,manual,d6a5e745562d,latin-script-hinglish-or-en-IN;not-devanagari,等待/让等，闲聊
iiitd_00243,"If time doesnt wait for u,dont worry..!Just remove d battery 4m d clock n njoy life..!. ..Great ppl Great thought..",hi,iiitd_sms_spam_v1,ham,NEEDS_REVIEW,manual,99b1b3fee5c0,latin-script-hinglish-or-en-IN;not-devanagari,等待/让等，闲聊
iiitd_00244,If the whole world is agnst U & u r alone on 1 side den wat wil u do? It's simple Jst turn back & u wil becom leader of d whole world. Dats d attitude,hi,iiitd_sms_spam_v1,ham,NEEDS_REVIEW,manual,598582471b24,latin-script-hinglish-or-en-IN;not-devanagari,私人对话片段，非目标域
iiitd_00245,"If the path is beautiful, let us not ask where it leads.. But if the destination is beautiful.. let us not ask how hard the path is.. Just Keep Walking.",hi,iiitd_sms_spam_v1,ham,NEEDS_REVIEW,manual,515567eed9f1,latin-script-hinglish-or-en-IN;not-devanagari,私人对话片段，非目标域
iiitd_00246,ipz To Beat Summer 1-Drink Lot Of Fresh Water 2-Cover Ur Head Wen Outside 3-Eat Vgetables But Most Important 4-Msg Me Daily Bcz I'm so cool,hi,iiitd_sms_spam_v1,ham,NEEDS_REVIEW,manual,7ec7faaf65ea,latin-script-hinglish-or-en-IN;not-devanagari,无关短信，非目标域
iiitd_00247,"If the path is beautiful, first confirm where it leads But if the destination is beautiful don't bother how the path is.... Keep walking....:)",hi,iiitd_sms_spam_v1,ham,NEEDS_REVIEW,manual,7bada93d22b0,latin-script-hinglish-or-en-IN;not-devanagari,私人对话片段，非目标域
iiitd_00248,"If the PATH is beautiful, 1st confirm WHERE it leads to..But,if the DESTINATION is beautiful, don't bother HOW the path is..Keep Walking...:-) Frm vishalakshgud mn... :-)",hi,iiitd_sms_spam_v1,ham,NEEDS_REVIEW,manual,42e23f6367cd,latin-script-hinglish-or-en-IN;not-devanagari,私人通信，非目标域
iiitd_00249,"If swimming s a gud xercise 2 stay fit,y whales r fat? Y is dat evry1 wants 2 go 2 heaven bt nobdy wantz 2 die? Shal i say dat der is racial discrimnatn in chess as white piece is movd 1st? In our cuntry,v hav freedom for speech,den y telephone bills? If mony dosn't grow as trees den y do banks hav branchs? Y does a round piza cum in a square bx? Y dsn't glu stik 2 its botle? Y do u stil cal it building wen its alredy built? If its tru dat v r here 2 help others, wat are othrs here 4? If u arn't supos 2 drink n driv y do bars hav parkin lotz?V r funny pple livin n a seriously funny world. Njoy ur lyf.",hi,iiitd_sms_spam_v1,ham,NEEDS_REVIEW,manual,ab57f42d382c,latin-script-hinglish-or-en-IN;not-devanagari,Why类冷笑话，私人娱乐
iiitd_00250,"If swiming is a gud xercise 2 stay fit, y r whales fat? Y is dat evry1 wants 2 go 2 heven bt nobdy wantz 2 die? Shal i say dat der is racial discrimnat4 sardaro ne mil ke petrol pump khola. 1 bhi customer nai aaya .. Kyun..?  petrol pump was on 1st floor.. Chal ek aur Fir charo ne usi floor pe restn in chess as white piece is movd 1st? In our cuntry, v hav fredom for speech,den y telefon bills? If mony dosn't grow as trees den y do banks hav branuarent khola. 1 bhi customer nahi..  Kyu..? petrol pump ka board nai hataya.. Chal ek aur Fir charo ne 1 taxi li. 1 bhi sawari nahi.  Kyu..? 2 schs? Y does a round piza cum in a square box? Y dsn't glu stik 2 its bottle? Y do u stil cal it building wen its already built? If its tru dat v r heardar aage and 2 piche baith ke sawari dhund rahe the.. Chal ek aur Taxi kharab ho gayi.  Charo ne khub dhakka lagaya. but taxi wahi ki wahi. Kyu..? re 2 help others, for wat r othrs here 4? If u arn't supos 2 drink n driv y do bars hav parkin lots? V r funny ppl livin in a seriously funny world!.. 2 aage se and 2 piche se dhakka de rahe the.. Chal ek aur Fir charo ne 1 bachhe ko kidnap kiya. Bachhe ko kaha ghar ja apne baap se 5 lac rs le ke aa.THINK HATKE;) warna tujhe maar denge. Bachha ghar gaya aur uske papa ne paise de bhi diye. Kyu..? bachhe ka bap bhi sardar tha...!",hi,iiitd_sms_spam_v1,ham,NEEDS_REVIEW,manual,5ccb070cc339,latin-script-hinglish-or-en-IN;not-devanagari,Sardar/Jatt笑话段子，私人娱乐
iiitd_00251,"If swiming is a gud xercise 2 stay fit, y r whales fat? Y is dat evry1 wants 2 go 2 heven bt nobdy wantz 2 die? Shal i say dat der is racial discrimnat4 sardaro ne mil ke petrol pump khola. 1 bhi customer nai aaya .. Kyun..?  petrol pump was on 1st floor.. Chal ek aur Fir charo ne usi floor pe restIf swiming is a gud xercise 2 stay fit, y r whales fat? Y is dat evry1 wants 2 go 2 heven bt nobdy wantz 2 die? Shal i say dat der is racial discrimnatTo all my dear friends, u must be aware of ongoing protest in our clg. I would like ur participation in it. And as per clsses r concerned, dere r no mass4 sardaro ne mil ke petrol pump khola. 1 bhi customer nai aaya .. Kyun..?  petrol pump was on 1st floor.. Chal ek aur Fir charo ne usi floor pe restTo all my dear friends, u must be aware of ongoing protest in our clg. I would like ur participation in it. As per clsses r concerned, dere r no mass bunTo all my dear friends, u must be aware of ongoing protest in our clg. I would like ur participation in it. And as per clsses r concerned, dere r no massTo all my dear friends, u must be aware of ongoing protest in our clg. I would like ur participation in it. And as per clsses r concerned, dere r no massTo all my dear friends, u must be aware of ongoing protest in our clg. I would like ur participation in it. As per clsses r concerned, dere r no mass bunn in chess as white piece is movd 1st? In our cuntry, v hav fredom for speech,den y telefon bills? If mony dosn't grow as trees den y do banks hav bran bunk, those who want 2 attend clsses r free 2 do so. If no 1 attends clsses then no attendence is counted. Its up 2 u people, hw u go abt dis situation.uarent khola. 1 bhi customer nahi..  Kyu..? petrol pump ka board nai hataya.. Chal ek aur Fir charo ne 1 taxi li. 1 bhi sawari nahi.  Kyu..? 2 sn in chess as white piece is movd 1st? In our cuntry, v hav fredom for speech,den y telefon bills? If mony dosn't grow as trees den y do banks hav branuarent khola. 1 bhi customer nahi..  Kyu..?",hi,iiitd_sms_spam_v1,ham,NEEDS_REVIEW,manual,5ccb070cc339,latin-script-hinglish-or-en-IN;not-devanagari,Sardar/Jatt笑话段子，私人娱乐
iiitd_00252,"If sumone u lov hurts u,set him free. if he comes back,Shoot the IDIOT! If he doesnt come back,Hunt him down & then shoot the IDIOT..!! Be a Brave Lovr..!",hi,iiitd_sms_spam_v1,ham,NEEDS_REVIEW,manual,9dd6f2c2bf90,latin-script-hinglish-or-en-IN;not-devanagari,朋友间调侃（idiot），闲聊
iiitd_00253,If sumone hurts u dont mind it Bcoz its law of nature that The tree which have the sweetest fruits gets the maximum number of stones...,hi,iiitd_sms_spam_v1,ham,NEEDS_REVIEW,manual,8e25462bd83e,latin-script-hinglish-or-en-IN;not-devanagari,无关短信，非目标域
iiitd_00254,"If sumbody rejects u, dont worry:- Bt live lyf in such a way dat they must say in future, oh i made a mistake by rejectng dat person...",hi,iiitd_sms_spam_v1,ham,NEEDS_REVIEW,manual,243cf30cd361,latin-script-hinglish-or-en-IN;not-devanagari,无关短信，非目标域
iiitd_00255,"If someone throws a stone at U, throw back flower at them -Gandhiji But, make sure u throw it with the pot... -Kalyug RULE !!",hi,iiitd_sms_spam_v1,ham,NEEDS_REVIEW,manual,a2f76f6f6641,latin-script-hinglish-or-en-IN;not-devanagari,日常沟通，非四类目标域
iiitd_00256,"If someone hurts u dont mind it,bcoz it is Law of Nature that- The tree that bears the sweetest fruits gets the maximum number of stones.Hv a gd lyf.b happy",hi,iiitd_sms_spam_v1,ham,NEEDS_REVIEW,manual,3fefd003fdf2,latin-script-hinglish-or-en-IN;not-devanagari,无关短信，非目标域
iiitd_00257,ip of d day:Kamyabi Ko Dimag Me Or Nakami ko DiLMe Jagah N Dena Qki Kamyabi DimagMe GHAMAND Or Nakami DiLMe Mayusi Paida Kr DetiH- HAVE A NICE DA,hi,iiitd_sms_spam_v1,ham,NEEDS_REVIEW,manual,19e65be7b963,latin-script-hinglish-or-en-IN;not-devanagari,日常沟通，非四类目标域
iiitd_00258,"If Smbody Rejcts U,DoNt Worry.But Liv A Lfy iN Sch A Way Tat Dey Must Say iN FutureOh I Made A Mistak By RjctiNg Tat Prsn2 ngt incdnt was mistake 4gt it...",hi,iiitd_sms_spam_v1,ham,NEEDS_REVIEW,manual,5ad55b8a9740,latin-script-hinglish-or-en-IN;not-devanagari,日常短信，非目标域
iiitd_00259,whr r u,hi,iiitd_sms_spam_v1,ham,NEEDS_REVIEW,manual,7c9c09762daf,latin-script-hinglish-or-en-IN;not-devanagari,询问位置，闲聊
iiitd_00260,If slpng den gn.sd luv u. Tc. Muaah.,hi,iiitd_sms_spam_v1,ham,NEEDS_REVIEW,manual,1bac4ab2e541,latin-script-hinglish-or-en-IN;not-devanagari,告知去睡觉，闲聊
iiitd_00261,If psble wk me up at 6 am.,hi,iiitd_sms_spam_v1,ham,NEEDS_REVIEW,manual,585a70069a44,latin-script-hinglish-or-en-IN;not-devanagari,请求叫醒，闲聊
iiitd_00262,If psbl wk me at 7.,hi,iiitd_sms_spam_v1,ham,NEEDS_REVIEW,manual,826cce5f1b1b,latin-script-hinglish-or-en-IN;not-devanagari,日常短信，非目标域
iiitd_00263,If ppl ask u y u dint cum 4 d presntatn jst say that u wernt prepard 4 d presntatn.v'll say v had no idea abt our proper methodology n goals.n say v realizd tis in d mrng b4 leaving 4 colg.v totaly suck man!!,hi,iiitd_sms_spam_v1,ham,NEEDS_REVIEW,manual,b3975571d5d3,latin-script-hinglish-or-en-IN;not-devanagari,闲聊大学生活，非目标域
iiitd_00264,"If power goes in America they call at power office. In Japan, they test the fuse But, In India, they check neighbour's house, sbki gyi hai na, tab thik hai:-)",hi,iiitd_sms_spam_v1,ham,NEEDS_REVIEW,manual,07c2cbcb99da,latin-script-hinglish-or-en-IN;not-devanagari,私人闲聊，非四类目标域
iiitd_00265,If possible please send it today itself :),hi,iiitd_sms_spam_v1,ham,NEEDS_REVIEW,manual,20479bafbafe,latin-script-hinglish-or-en-IN;not-devanagari,私人对话片段，非目标域
iiitd_00266,"If possible, pls get garimas sp copy tmrw. dont say tht i asked",hi,iiitd_sms_spam_v1,ham,NEEDS_REVIEW,manual,b800df523c40,latin-script-hinglish-or-en-IN;not-devanagari,私人对话片段，非目标域
iiitd_00267,"If possible, pls get garima's sp copy tmrw. dont say tht i asked",hi,iiitd_sms_spam_v1,ham,NEEDS_REVIEW,manual,5cdcd8e13b2e,latin-script-hinglish-or-en-IN;not-devanagari,私人短信，非目标域
iiitd_00268,Ip k exam me sir ne kha tha prgrm k code likhne ko ayenge....nd output b ayenge nikalne ko...,hi,iiitd_sms_spam_v1,ham,NEEDS_REVIEW,manual,4e18acdd7d64,latin-script-hinglish-or-en-IN;not-devanagari,闲聊学习/考试，非目标域
iiitd_00269,"If People Start Criticising U, Hurting U, Shouting At U, Dont Be Bothered! Bcoz In Any Game Spectators Make Noise, Not The Player. So Play..Nice msg.",hi,iiitd_sms_spam_v1,ham,NEEDS_REVIEW,manual,fd71c4a4d22d,latin-script-hinglish-or-en-IN;not-devanagari,闲聊消息，非目标域
iiitd_00270,"If People Criticise u, Hurt u, Or Shout at u, Dont be Bothered. Just Remembr one Thing, In Evry 'Game' Audience make the Noise,Not the Players.",hi,iiitd_sms_spam_v1,ham,NEEDS_REVIEW,manual,919ac3d3582f,latin-script-hinglish-or-en-IN;not-devanagari,私人通信，非目标域
iiitd_00271,Whoz roll no 9 in clas??,hi,iiitd_sms_spam_v1,ham,NEEDS_REVIEW,manual,e37a66995169,latin-script-hinglish-or-en-IN;not-devanagari,朋友间闲聊，非目标域
iiitd_00272,If PAPER is very tuff in examJUST close ur eyes 4 a momenttake a deep breath n say loudlyThis is vry interesting subject.I want  2 study for 1 more year,hi,iiitd_sms_spam_v1,ham,NEEDS_REVIEW,manual,6feceab73f85,latin-script-hinglish-or-en-IN;not-devanagari,闲聊学习/考试，非目标域
iiitd_00273,"If others fool away their time, you be lost in god. You will go ahead. Let your example change others lives. Reform yourself and you will reform thousands. Good morning. . Jai sri ram.",hi,iiitd_sms_spam_v1,ham,NEEDS_REVIEW,manual,dc45f10ebf70,latin-script-hinglish-or-en-IN;not-devanagari,闲聊学习/考试，非目标域
iiitd_00274,"IF ONLY YOU WOULD'VE TALKED TO ME, I WOULDN'T HAVE HAD TO WRITE THIS... that conversation lasted 00:00:26 seconds. i don't understand what requires so much of your attention that you can't even spare 2 minutes on the phone with me. especially when at the end of everyday, all you seem to have done is nothing much!!! and guess what, a guy who gets all excited and dressed up just because a girl will be working in the same lab is called a nerd, not awesome!!!",hi,iiitd_sms_spam_v1,ham,NEEDS_REVIEW,manual,f863eb8c8f92,latin-script-hinglish-or-en-IN;not-devanagari,表达兴奋，闲聊
iiitd_00275,"if only i hadn't given him water that afternoon, he could've still been with me today. i need him so much right now.",hi,iiitd_sms_spam_v1,ham,NEEDS_REVIEW,manual,b8c335a74345,latin-script-hinglish-or-en-IN;not-devanagari,私人需求表达，非目标域
iiitd_00276,If Nine Thousand Nine Hundred N Nine Is Written As 9909 then how Twelve Thousand Twelve Hundred N Twelve is written..????,hi,iiitd_sms_spam_v1,ham,NEEDS_REVIEW,manual,a76b61ad9098,latin-script-hinglish-or-en-IN;not-devanagari,闲聊消息，非目标域
iiitd_00277,if mutually feasible then fine...,hi,iiitd_sms_spam_v1,ham,NEEDS_REVIEW,manual,e07d38b777f5,latin-script-hinglish-or-en-IN;not-devanagari,朋友间闲聊，非目标域
iiitd_00278,"If money doesnt grow on trees then why do banks have branches?Why does a round pizza come in a square box? Why doesnt glue stick to its bottle ?Why do Life means:A winter evening, Four friends, Mild Rain, Four cups of tea..Life means:Hundred bucks of petrol, Two rusty old bikes, And an open road..you still call it building when its already built ?If its true that we are here to help others what are others here for .If u arnt supposed to drink anLife means:Maggi nodles, A hostel room, 3.25 a.m..Life means:1 Prep leave, 1 night, 1 book, 8 dufers..Life means:3 old friends, 3 separate cities,d drive why do bars have parking lots. We are funny bunch of people living in a seriously funny world......  3 cofe mugs, n 1 internet mesenger..Life means:1 girl, 1 number, 4 friends, n a fight..Life means:Friends...Nothing else..",hi,iiitd_sms_spam_v1,ham,NEEDS_REVIEW,manual,1bb90303ca3f,latin-script-hinglish-or-en-IN;not-devanagari,人生哲理短信链，非目标域
iiitd_00279,"Why does iron cry loud wen hit by a hammer of iron,BUT gold doesnt wen hit by d same iron hammer? bcoz, it hurts more wen v r hurt by d 1 whos our own..",hi,iiitd_sms_spam_v1,ham,NEEDS_REVIEW,manual,11c62605301e,latin-script-hinglish-or-en-IN;not-devanagari,私人情感表达，非目标域
iiitd_00280,"If Mallika Sherawat plays role of Draupadi, Duryodhan wil say:-dussashan, pehna do Bhabhi ko Saree. Hum v toh dekhe, kaisi lagti hai Vastro mein yeh nari..!.",hi,iiitd_sms_spam_v1,ham,NEEDS_REVIEW,manual,2ce378837661,latin-script-hinglish-or-en-IN;not-devanagari,朋友间闲聊，非目标域
iiitd_00281,If Love is your greatest weakness then you will be the strongest person in the world. - Rabindranath Tagore,hi,iiitd_sms_spam_v1,ham,NEEDS_REVIEW,manual,ad25d905e4b7,latin-script-hinglish-or-en-IN;not-devanagari,日常沟通，非四类目标域
iiitd_00282,"If love is like MOON den frnds r like STARS.Hav u noticed tht d sky can look beautiful witout moon, bt nt without stars! Take care my STAR! Hi dear.",hi,iiitd_sms_spam_v1,ham,NEEDS_REVIEW,manual,4424933a937e,latin-script-hinglish-or-en-IN;not-devanagari,私人对话片段，非目标域
iiitd_00283,Whoz dis?,hi,iiitd_sms_spam_v1,ham,NEEDS_REVIEW,manual,2dfa018418cd,latin-script-hinglish-or-en-IN;not-devanagari,极短回复/表情，非目标域
iiitd_00284,If its bcoz of her eyes or her Lips or her great luks its not LUV....Its LUST If bcoz of her intelligence or insight about Life its not LUV....Its ADMIRATION If its bcoz she cries everytime u try to leave its not LUV....Its PITY If its bcoz she makes u lose ur concentration and slip its not LUV....Its INFATUATION LUV is when u dont knw y u seem to be attracted to a person....LUV has its reason and that reason is unknown....,hi,iiitd_sms_spam_v1,ham,NEEDS_REVIEW,manual,42500115d081,latin-script-hinglish-or-en-IN;not-devanagari,日常短信，非目标域
iiitd_00285,"If it satisfies ur mind, body,soul. Do it on bed,on sofa,in car or bath tub.. PRAYERS can be done anywhere. God bless ur naughty mind;)",hi,iiitd_sms_spam_v1,ham,NEEDS_REVIEW,manual,ffac2ba99a20,latin-script-hinglish-or-en-IN;not-devanagari,告知位置，闲聊定位
iiitd_00286,"If IPL wil be in Patna as PPL (Patna Premier League) the team names will be:-DD-Digha Daredevils,MI-Mithapur Indians,CSK-ChiraiyatandSuper Kings,DC-DanapurChargers,KXIP-Kings XIPatnacity,RCB-RoyalChallenger Boring road,RR-Rajabazar royals,KKR-KankarbaghKnight Riders.",hi,iiitd_sms_spam_v1,ham,NEEDS_REVIEW,manual,a35e84609f31,latin-script-hinglish-or-en-IN;not-devanagari,闲聊饮品，非目标域
iiitd_00287,If i won't know u who else will:-D:-):-):-),hi,iiitd_sms_spam_v1,ham,NEEDS_REVIEW,manual,f176771f1124,latin-script-hinglish-or-en-IN;not-devanagari,无关短信，非目标域
iiitd_00288,"if i sound rude in the following lines, i'm sorry. but i can't keep quiet about something like this.  i'm really disappointed in the company your family keeps (santosh uncle). i was initially happy that tanmay was impressed by him. but what kind of responsible adult encourages/allows a 20-year old boy to smoke? tanmay already has poor will power. and he becomes even more gullible when he's drunk. you know he's a recovering smoking addict. how could you leave him with a man like that? i have always had a",hi,iiitd_sms_spam_v1,ham,NEEDS_REVIEW,audit_fixpass_iiitd,8d05edff02d5,latin-script-hinglish-or-en-IN;not-devanagari | [fix:NEEDS_REVIEW->HARASS] 成人/灰产兼职骚扰 | [fix:HARASS->NEEDS_REVIEW] ham闲聊/附带免费短信广告尾巴,成人/灰产兼职骚扰
iiitd_00289,If i m not wrong then this is jahnviu rote rahul dravid rox is he a tubelight too,hi,iiitd_sms_spam_v1,ham,NEEDS_REVIEW,manual,d5f453ba6a5c,latin-script-hinglish-or-en-IN;not-devanagari,朋友间闲聊，非目标域
iiitd_00290,iology mam:Gals can u tell me xctly wer is ur heart? All d gals shoutd loudly 'OJASVI' k pass! Mam smiled&said: mera bh,hi,iiitd_sms_spam_v1,ham,NEEDS_REVIEW,manual,6d9bcc581076,latin-script-hinglish-or-en-IN;not-devanagari,非正式对话，非目标域
iiitd_00291,"If i giv u a Tshirt & ask u 2 rite on it a TAG LINE 4 me as per my nature,wat wud u rite?Send dis 2 all ur frnds n colect tag lyns suitin u.But first rep..",hi,iiitd_sms_spam_v1,ham,NEEDS_REVIEW,manual,8df1ada8870d,latin-script-hinglish-or-en-IN;not-devanagari,私人对话片段，非目标域
iiitd_00292,If i giv u a t-shirt n ask u 2 write a tag on it as per my nature wat wud u write? Send dis 2 al ur frns n collect ur taglines..Bt reply me 1st.,hi,iiitd_sms_spam_v1,ham,NEEDS_REVIEW,manual,f7693db10594,latin-script-hinglish-or-en-IN;not-devanagari,要求回复，闲聊
iiitd_00293,If i could pull down the rainbow i would write u'r name with it &put it back in the sky to let everybody know how colorful my life is with a friend like U..Gn,hi,iiitd_sms_spam_v1,ham,NEEDS_REVIEW,manual,72ada5edd7d5,latin-script-hinglish-or-en-IN;not-devanagari,日常沟通，非四类目标域
iiitd_00294,"If I could gift u smthng in lyf, i'd gift u the ability 2 see urself thru my eyes...  Only den u would realize hw special u r 2 me...! Gdmrng hav a swt day:-)",hi,iiitd_sms_spam_v1,ham,NEEDS_REVIEW,manual,2b0553f4ad61,latin-script-hinglish-or-en-IN;not-devanagari,私人对话片段，非目标域
iiitd_00295,"If i can help u, tell me i will. Otherwise, i hope wotevr ur doing gets done as fast as posibl n as gud as posibl. Tc.",hi,iiitd_sms_spam_v1,ham,NEEDS_REVIEW,manual,8ad99a80c8e2,latin-script-hinglish-or-en-IN;not-devanagari,闲聊消息，非目标域
iiitd_00296,"If i am out of Time and I could Pick one day, one Moment and keep dat new of all of the days I have lived...  I would Pick the Day i Met U...  Gud nt. Sw8 drms. Tk cr.",hi,iiitd_sms_spam_v1,ham,NEEDS_REVIEW,manual,dd838379bb71,latin-script-hinglish-or-en-IN;not-devanagari,等待/让等，闲聊
iiitd_00297,"If Hollywood movies were made in Punjabwood :Jurassic Park- Dinosaur Jatt DaMr.Beans - Khappi JattSpiderman - Jaale Jatt DeSuperman II - Uddda JattTitanic - Kishti Jatt DiTerminator - Lohe Da Jatt, Kad Dau WattCharlie's Angels - Jattiyan Jatt DiyanBaby's Day Out - Jatt Da Kaka, Pave Syaapa:-D",hi,iiitd_sms_spam_v1,ham,NEEDS_REVIEW,manual,9b444a492e2f,latin-script-hinglish-or-en-IN;not-devanagari,Sardar/Jatt笑话段子，私人娱乐
iiitd_00298,"If hod dosent tk the atndnc,den pls gv my proxy,piyush",hi,iiitd_sms_spam_v1,ham,NEEDS_REVIEW,manual,8b75786e302e,latin-script-hinglish-or-en-IN;not-devanagari,私人闲聊，非四类目标域
iiitd_00299,Whose rt? And abstract theme.. Draw anything u want.,hi,iiitd_sms_spam_v1,ham,NEEDS_REVIEW,manual,be377f329e02,latin-script-hinglish-or-en-IN;not-devanagari,私人闲聊，非四类目标域
iiitd_00300,"If girl vomits, her parents asks:-kaun tha woh kamina? If boy vomits:- kamine, kahan pi ke aaya hai? MORAL: No matter whoevr vomits,Boys r alwys kamina.",hi,iiitd_sms_spam_v1,ham,NEEDS_REVIEW,manual,65c77a8d2344,latin-script-hinglish-or-en-IN;not-devanagari,无关短信，非目标域
iiitd_00301,???cHr?StMaS?????S?nEaR?? ??So ? I??? ?????????? ??w?$h?��oU??????M�RR��? CHRI$M?$??????H?pp��?? N�W????���?R??in Advanc...??,hi,iiitd_sms_spam_v1,ham,NEEDS_REVIEW,manual,ce7111f18e90,latin-script-hinglish-or-en-IN;not-devanagari,私人闲聊，非四类目标域
iiitd_00302,"If girl vomits, her parents ask: Kaun hai wo kamina? If boy vomits: Kamine, kahan se pee kar aaya hai? MORAL: No matter whoever vomits, boys are always kamine!",hi,iiitd_sms_spam_v1,ham,NEEDS_REVIEW,manual,3419f5298d4a,latin-script-hinglish-or-en-IN;not-devanagari,私人闲聊，非四类目标域
iiitd_00303,If Gandhiji w0uld have ever th0ught ab0ut d0ing BDS He w0uld have definitely added a f0urth m0nkey with hands pr0tecting its ASS..! ;p,hi,iiitd_sms_spam_v1,ham,NEEDS_REVIEW,manual,1737ee1f0454,latin-script-hinglish-or-en-IN;not-devanagari,日常沟通，非四类目标域
iiitd_00304,If forevers what it takes,hi,iiitd_sms_spam_v1,ham,NEEDS_REVIEW,manual,3a2383b5834a,latin-script-hinglish-or-en-IN;not-devanagari,无关短信，非目标域
iiitd_00305,"If fate favours u one day n u r asked what u want 2 b, dont wish 2 b some one else... B'coz u r wonderful the way u r... Stay precious!!!",hi,iiitd_sms_spam_v1,ham,NEEDS_REVIEW,manual,3bf523c8c68c,latin-script-hinglish-or-en-IN;not-devanagari,私人闲聊，非四类目标域
iiitd_00306,If Evry1 is Hapy wid UThen Surely U hv made Many Compromises in Ur Life;If U r Happy wid Evry1Surely U mst hv Ignored many Faults of Other!gd ni8..:-),hi,iiitd_sms_spam_v1,ham,NEEDS_REVIEW,manual,82ca03fbbab9,latin-script-hinglish-or-en-IN;not-devanagari,日常沟通，非四类目标域
iiitd_00307,If ever u start missng ur school days ur class ur frnd circle ur canten or anythng abt ur schooling den jst open ur report cards sara nasha utar jaega :-Dgm,hi,iiitd_sms_spam_v1,ham,NEEDS_REVIEW,manual,86b0eaec69ab,latin-script-hinglish-or-en-IN;not-devanagari,私人短信，非目标域
iiitd_00308,If ever i ws rude 2 u.If ever i ws angry wit u..If ever i misbeh@ved wit u.Den dnt hesitateJUST SLAP....URSELF..Galti tumhari hi hogi:...!,hi,iiitd_sms_spam_v1,ham,NEEDS_REVIEW,manual,4382dc6ef0aa,latin-script-hinglish-or-en-IN;not-devanagari,表达愤怒/不满，闲聊
iiitd_00309,Yr yahan lib m b ni h:(,hi,iiitd_sms_spam_v1,ham,NEEDS_REVIEW,manual,2b028cfe8708,latin-script-hinglish-or-en-IN;not-devanagari,日常短信，非目标域
iiitd_00310,"If engineers start making films the name will be:-Current ho na ho,Aa ab B.Tech karen, Kabhi  AC  Kabhi DC,Hamari  I.C. Apke pass hai,Engineering koi khel nahi .Fuse lagaya todarna kya,Had kar di NEWTON ne,INTERNAL EXTERNAL saath -saath,electronics........A confusion  story?Salaam-e-diode,  BEST OF LUCK",hi,iiitd_sms_spam_v1,ham,NEEDS_REVIEW,manual,9a90d0367173,latin-script-hinglish-or-en-IN;not-devanagari,闲聊面试/实习，非目标域
iiitd_00311,"If egg is broken by outside force,a life ends..If egg is broken by inside force,a life begins.. Great things always begin from inside.. Trust yourself..gdmrng",hi,iiitd_sms_spam_v1,ham,NEEDS_REVIEW,manual,30fee01e159d,latin-script-hinglish-or-en-IN;not-devanagari,私人通信，非目标域
iiitd_00312,"? . ??HI,?? . ??Happy DIWALI.?? . In advance ????. ?.....:-):-PB-)",hi,iiitd_sms_spam_v1,ham,NEEDS_REVIEW,manual,87e74298c469,latin-script-hinglish-or-en-IN;not-devanagari,排灯节祝福短信，非四类目标域
iiitd_00313,"If Egg is broken by outside force, life ends.! If broken by inside force, life begins.! Great things always begin from inside.Trust urself - And Be a Winer .",hi,iiitd_sms_spam_v1,ham,NEEDS_REVIEW,manual,8d1d72470632,latin-script-hinglish-or-en-IN;not-devanagari,私人短信，非目标域
iiitd_00314,"If destiny favours u 1 day n u r asked what u want  2 be, dont wish 2 be someone else because u r wonderful d way U r! Gud mrng ....",hi,iiitd_sms_spam_v1,ham,NEEDS_REVIEW,manual,bcc301cc053a,latin-script-hinglish-or-en-IN;not-devanagari,早安/晚安祝福，非目标域
iiitd_00315,"If dere is a power cut in US dey cal power office.. In Japan,dey test the fuse demselves.... But,In India,v check neighbour's house-sabki gayi hai na.",hi,iiitd_sms_spam_v1,ham,NEEDS_REVIEW,manual,f4445fca4a12,latin-script-hinglish-or-en-IN;not-devanagari,朋友间闲聊，非目标域
iiitd_00316,"If d loser smiles after losing d game,d winner wl lose d thrill of his victoryDats d power of Smile! Keep smiling even at worse situation",hi,iiitd_sms_spam_v1,ham,NEEDS_REVIEW,manual,b3af1e8337de,latin-script-hinglish-or-en-IN;not-devanagari,微笑力量短信链，非目标域
iiitd_00317,"If condoms were to use well advertiesed brand names: PEPSODENT CONDOM- Raat bhar Dhishum Dhishum Colgate Condom- Ye hai hamara suraksha chakra NOKIA condom- conecting people MRF condom- extra rubber extra mileage MOOV condom- ah se ahaa tak MIRINDA condom-jor ka jhatka dhire se lge Godrej hairdye condom- Kato, kholo aur lga lo SPRITE condom- Bujhaye only pyas baki all bakwas TATA SKY condom- isko lga daala to life jhingalala.",hi,iiitd_sms_spam_v1,ham,NEEDS_REVIEW,manual,d5a1b6d45c01,latin-script-hinglish-or-en-IN;not-devanagari,闲聊学习/考试，非目标域
iiitd_00318,"If Columbus hd WIFE, he may have nvr found America: Wife: Whr r u gng? Wth whm? How r u gng? To discover what? Y only u? Wht shud I do whn u r gone? Cn I cm wth u? Whn'll u be back? Whre'll u stay? U'll miss me na? Columbus: Le Meri Maa, Nahi jata! Ab Khush! Wife's last ques: U dont love me anymore na??",hi,iiitd_sms_spam_v1,ham,NEEDS_REVIEW,manual,6890473a32f5,latin-script-hinglish-or-en-IN;not-devanagari,表达开心，闲聊
iiitd_00319,"If Columbus had a GF, he might have never discovered America coz... GF: Where r u going? With whom? How r u going? To discover what? Why only u? What should I do wen u r gone? Can i cum wid u? Wen wil u b back? Whr wil u stay? U'll miss me na? COLUMBUS: Le meri maa, nahi jata! Khush....?",hi,iiitd_sms_spam_v1,ham,NEEDS_REVIEW,manual,6654a4f2e0a9,latin-script-hinglish-or-en-IN;not-devanagari,表达开心，闲聊
iiitd_00320,"If cheese is gr8 with pizza, sharukh with kajol, hrithik with dance, den diksha with.....? reply fast m w8in.....:-).",hi,iiitd_sms_spam_v1,ham,NEEDS_REVIEW,manual,7df34f9ae321,latin-script-hinglish-or-en-IN;not-devanagari,要求回复，闲聊
iiitd_00321,"WHOSE GUILTY? Wife Dreaming In d Middle of d nite Sudnly Shouts-Quick My Husbnd Is Back Man GetsUp & Jumps Out of Window & RealisesDamn, Im D HUSBAND!''",hi,iiitd_sms_spam_v1,ham,NEEDS_REVIEW,manual,9d64a99d4a85,latin-script-hinglish-or-en-IN;not-devanagari,梦想相关短信，非目标域
iiitd_00322,"If bill gates stops his business and starts spending his money at Rs. 1 crore per day, he can spend it for about 232 years.. Crazy fellow.. Still working...",hi,iiitd_sms_spam_v1,ham,NEEDS_REVIEW,manual,6680876e372d,latin-script-hinglish-or-en-IN;not-devanagari,闲聊学习/考试，非目标域
iiitd_00323,Invitatn acceptd.. Kindly report time n venue to meet..,hi,iiitd_sms_spam_v1,ham,NEEDS_REVIEW,manual,b9058ca050f1,latin-script-hinglish-or-en-IN;not-devanagari,私人闲聊，非四类目标域
iiitd_00324,If at any time u feel ur life is like a.. candle in wind then call me i'll put my hands around u... so that all burns r mine & all light is urs...:-)gn,hi,iiitd_sms_spam_v1,ham,NEEDS_REVIEW,manual,000b223607bf,latin-script-hinglish-or-en-IN;not-devanagari,让打电话，闲聊
iiitd_00325,"If anytime ur life is like a candle in the wind,then ill put my hands around u...... so dat all burns are mine & all light is yours...its a promise.",hi,iiitd_sms_spam_v1,ham,NEEDS_REVIEW,manual,fc4848d6afb9,latin-script-hinglish-or-en-IN;not-devanagari,私人对话片段，非目标域
iiitd_00326,"If anyone calls u saying he/she is from mobile co. & asks u 2 type #09 or #90 while the call is on,PLEASE DO NOT D0 S0 & SIMPLY DISCONNECT ., b'coz this is the new trick of pak jihadis 2 find out ur sim card no. Which they can  make use of. This thing is comfirmed by NOKIA & MOTOROLA. Also can b verified from CNN website. Pl . Inform 2 as many as u can. Thanks..",hi,iiitd_sms_spam_v1,ham,NEEDS_REVIEW,manual,28581f929724,latin-script-hinglish-or-en-IN;not-devanagari,朋友间闲聊，非目标域
iiitd_00327,If an Egg is brokn by an OUTSIDE force-a LIFE ENDs.?If n egg breaks 4m WITHIN?-A LIFE BEGINS.?  GREAT things always begn frm WITHIN.?So alwayz trust ur heart.,hi,iiitd_sms_spam_v1,ham,NEEDS_REVIEW,manual,1c7680ba1eb0,latin-script-hinglish-or-en-IN;not-devanagari,私人短信，非目标域
iiitd_00328,"If an egg breaks due to a force from the OUTSIDE, The life inside ends!  But if it breaks from the INSIDE, The life inside begins!  GREAT things always begin from within.  So try to make yourself GOOD from within!",hi,iiitd_sms_spam_v1,ham,NEEDS_REVIEW,manual,9ebd4dc0172d,latin-script-hinglish-or-en-IN;not-devanagari,私人对话片段，非目标域
iiitd_00329,"If all indians start studying den all get gud marks, But jobs r limited, more Unmploymnt, more youth suicides, more Crime SAVE INDIA. STOP STUDYING. JAI HIND...",hi,iiitd_sms_spam_v1,ham,NEEDS_REVIEW,manual,acd3a2b7613a,latin-script-hinglish-or-en-IN;not-devanagari,共和国日祝福，非目标域
iiitd_00330,"WHOS GUILTY??Wife dreamng in d night sudenly shouts Quick, my husband is back.Man gets up, jumps out of the window n realizes,Damn, im the husband ;-)",hi,iiitd_sms_spam_v1,ham,NEEDS_REVIEW,manual,ac2f223ad840,latin-script-hinglish-or-en-IN;not-devanagari,梦想相关短信，非目标域
iiitd_00331,"If alka Is A Word In d Dictionary Of ur Life.. Wat Wuld B Its Meaning??? Reply B4 u Edit n Forward it 2 Others...Reply fast, m waiting...gm:)",hi,iiitd_sms_spam_v1,ham,NEEDS_REVIEW,manual,4b470be062ae,latin-script-hinglish-or-en-IN;not-devanagari,等待/让等，闲聊
iiitd_00332,"If a woman is quiet,which day is it..?Ans:- Who cares,just enjoy the day yr...!!its very rare.. :p :D",hi,iiitd_sms_spam_v1,ham,NEEDS_REVIEW,manual,82cb35b17013,latin-script-hinglish-or-en-IN;not-devanagari,朋友间闲聊，非目标域
iiitd_00333,"If a man slaps a woman, he is called a ruscal, if he is slapped by woman, he is called coward. If he likes to spend more time outside he is called awara; if he likes to live home more time, he is called a homesick. If he rebukes his children, he is called a Ravaan or he do otherwise then he is called a weak personality. If he do not give his wife/gf to work, he is a narrow framed person, if he do otherwise he is called a person who earns livelihood after his wife/gf.Moral of story, what a pity, what a real man do!!!!",hi,iiitd_sms_spam_v1,ham,NEEDS_REVIEW,manual,82c8969972d8,latin-script-hinglish-or-en-IN;not-devanagari,儿童节祝福短信，非目标域
iiitd_00334,Why does santa study in front of mirror? Bcoz 1)revision b sath mai ho jata h. 2)vo apne upr nazar rkh skta h. 3)use combind stdy psand h.,hi,iiitd_sms_spam_v1,ham,NEEDS_REVIEW,audit_fixpass_iiitd,c1f0e11f9334,latin-script-hinglish-or-en-IN;not-devanagari | [fix:NEEDS_REVIEW->AD] 问答/竞猜增值短信，非诈骗 | [fix:AD->NEEDS_REVIEW] 私人闲聊误判问答,问答/竞猜增值短信，非诈骗
iiitd_00335,"INVITATION TO MY DEAR FRIENDS4 NEW Yr  PartyOn 31st Dec 2010At-Nahyan Hall167th FloorBurj-E-Khaleefa,DUBAIKoi Bahana Nhi ChalegaPls note-Lift band Hai.",hi,iiitd_sms_spam_v1,ham,NEEDS_REVIEW,manual,c22b8a6b21e6,latin-script-hinglish-or-en-IN;not-devanagari,日常沟通，非四类目标域
iiitd_00336,"If a girl gets 90% marks. HER RESPONSE kamina 2 marks aur de deta, to uska kya jataaa If a boy gets 65% he says check krne wala bhagwan thaa yaar.",hi,iiitd_sms_spam_v1,ham,NEEDS_REVIEW,manual,75602202b595,latin-script-hinglish-or-en-IN;not-devanagari,闲聊成绩，非目标域
iiitd_00337,"If a girl gets 89 marks.HER RSPONSE: kamina 1 mrk aur de deta,to uska kya ho jata If a boy gets 40 he sayscheck karne wala bhgwan tha yaar.;-)",hi,iiitd_sms_spam_v1,ham,NEEDS_REVIEW,manual,616136088b9e,latin-script-hinglish-or-en-IN;not-devanagari,闲聊成绩，非目标域
iiitd_00338,"If a drop of water falls in a lake,  ther is no identity. Bt if it falls on a leaf of lotus, it shines like a pearl.So choose d best place where u wud shine.",hi,iiitd_sms_spam_v1,ham,NEEDS_REVIEW,manual,100605676ca1,latin-script-hinglish-or-en-IN;not-devanagari,闲聊消息，非目标域
iiitd_00339,"If a drop of water falls in a lake, it has no identity but if falls on a leaf of lotus, it shines apart. So choose the correct place where u can shine.",hi,iiitd_sms_spam_v1,ham,NEEDS_REVIEW,manual,4d91bd9c11e3,latin-script-hinglish-or-en-IN;not-devanagari,私人对话片段，非目标域
iiitd_00340,"If a CAT crosses ur way,when u are going some where,then wat does itmean????????It means tht th Cat is also goin smewhre-via WAY2SMS.COM",hi,iiitd_sms_spam_v1,ham,NEEDS_REVIEW,manual,49824e6ab608,latin-script-hinglish-or-en-IN;not-devanagari,带WAY2SMS签名的短信，非目标域
iiitd_00341,"If 2day a big fat man cmes 2 u & puts u in a big red bag. Don't get afraid plz, actualy i asked santa 2 gift me a gud frnd 4 dis xmas.  Mery chirtmas",hi,iiitd_sms_spam_v1,ham,NEEDS_REVIEW,manual,dd62754666a6,latin-script-hinglish-or-en-IN;not-devanagari,表达害怕，闲聊
iiitd_00342,whos dis?i lst al my contacts,hi,iiitd_sms_spam_v1,ham,NEEDS_REVIEW,manual,60ea837fd1c5,latin-script-hinglish-or-en-IN;not-devanagari,私人短信，非目标域
iiitd_00343,If 1=5 2=25 3=125 4=625 5=? Think b4 scrolling down. Ans=1 How? See the 1st line. Conclusion: Dont Complicate Simple Problems in life.,hi,iiitd_sms_spam_v1,ham,NEEDS_REVIEW,manual,70ead22e7954,latin-script-hinglish-or-en-IN;not-devanagari,人生哲理短信链，非目标域
iiitd_00344,"If 007 is JaMesBond, what is 111? Try-Try Simple, Its JaMes Bond in Binary..!! Only engineers Think different....",hi,iiitd_sms_spam_v1,ham,NEEDS_REVIEW,manual,9310f5f069d1,latin-script-hinglish-or-en-IN;not-devanagari,私人对话片段，非目标域
iiitd_00345,"If P+J is knwn as poor joke. wht will u call P+iJ? Ans:Complex poor joke Ab aap sochoge is par hasi kyu nhi aayi? Arey,Joke waala part to imaginary hai..;-)",hi,iiitd_sms_spam_v1,ham,NEEDS_REVIEW,manual,1259a651fa21,latin-script-hinglish-or-en-IN;not-devanagari,政治笑话/段子，私人娱乐
iiitd_00346,"INVITATION TO MY DEAR FRIENDS 4 NEW Yr Party On 31st Dec 2010 At- Nahyan Hall 167th Floor Burj-E-Khaleefa, DUBAI Koi Bahana Nhi Chalega Pls note-Lift band Hai.",hi,iiitd_sms_spam_v1,ham,NEEDS_REVIEW,manual,c22b8a6b21e6,latin-script-hinglish-or-en-IN;not-devanagari,私人闲聊，非四类目标域
iiitd_00347,ie this on ur hand! . >>>(*Vaibhav*)<<< . Hope I m d 1st friend of urs 2 tie d FRIENDSHIP BAND.!! if u accept my frndshp send me dis msg editing ur name.,hi,iiitd_sms_spam_v1,ham,NEEDS_REVIEW,manual,44f08cb7e2f1,latin-script-hinglish-or-en-IN;not-devanagari,友谊日/友谊手链chain消息，非目标域
iiitd_00348,ie this on ur hand! . >>>(*OJASVI*)<<< . Hope I m d 1st friend of urs 2 tie d FRIENDSHIP BAND.!! if u accept my frndshp send me dis msg editing ur name.,hi,iiitd_sms_spam_v1,ham,NEEDS_REVIEW,manual,b198113c3302,latin-script-hinglish-or-en-IN;not-devanagari,友谊日/友谊手链chain消息，非目标域
iiitd_00349,ie this on ur hand ! >>(*'Deepanshu'*)<< Hope I m d 1st friend f u 2 tie d FRIENDSHIP BAND.! if u accept my frndshp send me ds msg editing ur name.,hi,iiitd_sms_spam_v1,ham,NEEDS_REVIEW,manual,b31a51510ef9,latin-script-hinglish-or-en-IN;not-devanagari,友谊日/友谊手链chain消息，非目标域
iiitd_00350,ie this on ur hand ! >>(*''ANUJ''*)<< Hope I m d 1st friend f u 2 tie d FRIENDSHIP BAND.! if u accept my frndshp send me ds msg editing ur name...,hi,iiitd_sms_spam_v1,ham,NEEDS_REVIEW,manual,534eaa96c4b5,latin-script-hinglish-or-en-IN;not-devanagari,友谊日/友谊手链chain消息，非目标域
iiitd_00351,ie this on ur hand ! =>>(*SANKET*)<<= Hope I m d 1st friend f u 2 tie d FRIENDSHIP BAND.! if u accept my frndshp send me ds msg editin ur name,hi,iiitd_sms_spam_v1,ham,NEEDS_REVIEW,manual,4dbd6f4aa5be,latin-script-hinglish-or-en-IN;not-devanagari,友谊日/友谊手链chain消息，非目标域
iiitd_00352,whole syllabus 4 coa quiz...pramod,hi,iiitd_sms_spam_v1,ham,NEEDS_REVIEW,manual,ac1ffc3c04f7,latin-script-hinglish-or-en-IN;not-devanagari,闲聊学业，非目标域
iiitd_00353,ie Dis on ur hand >>>>(VIPUL)<<<< Hope I m d 1st friend who tie d FRIENDSHIP BAND.!:-,hi,iiitd_sms_spam_v1,ham,NEEDS_REVIEW,manual,28671401510e,latin-script-hinglish-or-en-IN;not-devanagari,友谊日/友谊手链chain消息，非目标域
iiitd_00354,idk why i'm missing you little bit and/or craving for your company. or maybe i'm hungry and i haven't talked to you in some time (and that's mixed up in my head). :/,hi,iiitd_sms_spam_v1,ham,NEEDS_REVIEW,manual,31289d2c2ad1,latin-script-hinglish-or-en-IN;not-devanagari,闲聊饮食，非目标域
iiitd_00355,idiot...mood kharab ho gaya mera n i wasted so mch time. dono hw m gona get thru all this work...,hi,iiitd_sms_spam_v1,ham,NEEDS_REVIEW,manual,46d8cb19e9b2,latin-script-hinglish-or-en-IN;not-devanagari,朋友间调侃（idiot），闲聊
iiitd_00356,idiot...,hi,iiitd_sms_spam_v1,ham,NEEDS_REVIEW,manual,1d1e29407a9a,latin-script-hinglish-or-en-IN;not-devanagari,朋友间调侃（idiot），闲聊
iiitd_00357,"INVITATION To all my dear Frndz 4 D NEW YEAR  Party! On 31st Dec 2010 At- Nahyan Hall, 67th Floor, Burj-E-Khaleefa, DUBAI. Koi Bahana Nahi Chalega.",hi,iiitd_sms_spam_v1,ham,NEEDS_REVIEW,manual,f16caad58b81,latin-script-hinglish-or-en-IN;not-devanagari,非正式对话，非目标域
iiitd_00358,Idiot!!!! Next time kab??,hi,iiitd_sms_spam_v1,ham,NEEDS_REVIEW,manual,d26c56863286,latin-script-hinglish-or-en-IN;not-devanagari,朋友间调侃（idiot），闲聊
iiitd_00359,Idiot when are you coming?,hi,iiitd_sms_spam_v1,ham,NEEDS_REVIEW,manual,fa19053c9713,latin-script-hinglish-or-en-IN;not-devanagari,朋友间调侃（idiot），闲聊
iiitd_00360,Idiot when are you  coming?,hi,iiitd_sms_spam_v1,ham,NEEDS_REVIEW,manual,fa19053c9713,latin-script-hinglish-or-en-IN;not-devanagari,朋友间调侃（idiot），闲聊
iiitd_00361,"Identification of students.1.Books in hands-PUNE. 2.Roled books in jeans-MUMBAI.  3.Books in home,ladki in hand-DELHI4.Books in bag,chotha in hand-KOLKATA5.books in mind -BIHARI.1BIHARI sab pe BHARI.We Rock.......",hi,iiitd_sms_spam_v1,ham,NEEDS_REVIEW,manual,cc981be4abfb,latin-script-hinglish-or-en-IN;not-devanagari,非正式对话，非目标域
iiitd_00362,ID pj daya ke dar se khuni ne darwaza khula hi chodh diya par daya bhi chalak tha darwaza band kiya aur tod diy,hi,iiitd_sms_spam_v1,ham,NEEDS_REVIEW,manual,44142c95bfb6,latin-script-hinglish-or-en-IN;not-devanagari,玩笑式短信链（找CID），非目标域
iiitd_00363,ice sayin. . Its alwyz nt abt buzy... Its alwyz d priorities,hi,iiitd_sms_spam_v1,ham,NEEDS_REVIEW,manual,d818a9cfe504,latin-script-hinglish-or-en-IN;not-devanagari,私人通信，非目标域
iiitd_00364,"whoa awesome!!! yeah kinda njoyn! gt up late so missd brkfst,nw makn tea ;p",hi,iiitd_sms_spam_v1,ham,NEEDS_REVIEW,manual,7621ddcc1637,latin-script-hinglish-or-en-IN;not-devanagari,闲聊饮品，非目标域
iiitd_00365,Ibm ka mail kar de.,hi,iiitd_sms_spam_v1,ham,NEEDS_REVIEW,manual,0a186189a474,latin-script-hinglish-or-en-IN;not-devanagari,日常沟通，非四类目标域
iiitd_00366,"IBLONG2U Spirituality is for the rich as well as for the poor. For the rich, it opens their hearts. For the poor, it gives them self-confidence.",hi,iiitd_sms_spam_v1,ham,NEEDS_REVIEW,manual,8f5a9032a6a6,latin-script-hinglish-or-en-IN;not-devanagari,私人通信，非目标域
iiitd_00367,IBLONG2U A fantastic student makes a fabulous teacher! I am a fantastic student n thank u 4 making me a fantabulous teacher! Dinesh Ghodke,hi,iiitd_sms_spam_v1,ham,NEEDS_REVIEW,manual,860ca6aa85e1,latin-script-hinglish-or-en-IN;not-devanagari,闲聊饮品，非目标域
iiitd_00368,Intzaar na.,hi,iiitd_sms_spam_v1,ham,NEEDS_REVIEW,manual,9a67b34ad4f5,latin-script-hinglish-or-en-IN;not-devanagari,等待/让等，闲聊
iiitd_00369,ibility whatsoever 4any mistakes.Whatever I hv written is truly fictitious& any resemblance with d Subject Matter is purly Coincidental,hi,iiitd_sms_spam_v1,ham,NEEDS_REVIEW,manual,a8d1e07f22ad,latin-script-hinglish-or-en-IN;not-devanagari,玩笑式短信链（找CID），非目标域
iiitd_00370,"Ias , dad ka sapna try kr rha hun shyad kuch ho jaye",hi,iiitd_sms_spam_v1,ham,NEEDS_REVIEW,manual,779aff910d59,latin-script-hinglish-or-en-IN;not-devanagari,梦想相关短信，非目标域
iiitd_00371,Iam sick of parents imposing their lost punk youth on thr four year olds. Its 1 thing to mangle ur own hair-bt quite nother 2 try 2 mke ur kid too cool for preschool.......... -HELEN STAPINSKI author of five finger discount,hi,iiitd_sms_spam_v1,ham,NEEDS_REVIEW,manual,0e3753358d71,latin-script-hinglish-or-en-IN;not-devanagari,私人闲聊，非四类目标域
iiitd_00372,i==--..__..-=-._. !!==--..__..-=-._; !!==--..@..-=-._; !!==--..__..-=-._; !! !i !! Sare Jahan se accha'HINDUSTAN' hamara JAI HIND Happy 'REPUBLIC DAY'..,hi,iiitd_sms_spam_v1,ham,NEEDS_REVIEW,manual,47b87e99476d,latin-script-hinglish-or-en-IN;not-devanagari,共和国日祝福，非目标域
iiitd_00373,"i) will u go shopping with me? ii) u wer sleeping so deeply, ur mom picked up d fone. bt we didn tok mch. iii) if ur meeting me, den plz bring ur best n latest song collection on a pen drive so tht i cn save it on my laptop. iv) i need to discuss all oder bday stuff with u including hw wil anura b picked up. v) at any cost, i wana kno wot wer u being teased abt in colg. i don wana unecessarily jump to d wrong conclusions or take tension abt u having a girl assistant. vi) preferably wake me up by 9am.",hi,iiitd_sms_spam_v1,ham,NEEDS_REVIEW,manual,4c550b0eafc1,latin-script-hinglish-or-en-IN;not-devanagari,请求叫醒，闲聊
iiitd_00374,"I(priya) have added u as a contact on WAY2SMS.COM to send Free SMS.(to stop receiving SMS, email unsubA??way2sms.com)-Sent via WAY2SMS.COM",hi,iiitd_sms_spam_v1,ham,NEEDS_REVIEW,manual,d641a3e3c70b,latin-script-hinglish-or-en-IN;not-devanagari,带WAY2SMS签名的短信，非目标域
iiitd_00375,I?m just giving u time to miss me!,hi,iiitd_sms_spam_v1,ham,NEEDS_REVIEW,manual,c047fd3801f4,latin-script-hinglish-or-en-IN;not-devanagari,日常沟通，非四类目标域
iiitd_00376,Who was the 1st. iNDiAN WOMAN to fLy abroad without passport & visa...?Guess....Don't know ?SiTA with RAAVAN to SRiLANKA !!improve ur G.K.   good night.,hi,iiitd_sms_spam_v1,ham,NEEDS_REVIEW,manual,bf7e1fcb3d46,latin-script-hinglish-or-en-IN;not-devanagari,早安/晚安祝福，非目标域
iiitd_00377,I've walked many miles in my life.. i really don't care how many miles r left for me.. but am really Happy that i met U before my Journey Ended.:-),hi,iiitd_sms_spam_v1,ham,NEEDS_REVIEW,audit_fixpass_iiitd,cecb1a4325b0,latin-script-hinglish-or-en-IN;not-devanagari | [fix:NEEDS_REVIEW->AD] 问答/竞猜增值短信，非诈骗 | [fix:AD->NEEDS_REVIEW] 私人闲聊误判问答,问答/竞猜增值短信，非诈骗
iiitd_00378,"I've walked many miles in my life.. I really don't care how many miles are left for me, But i am happy that i met you before my journey ended..:-)Gud n8",hi,iiitd_sms_spam_v1,ham,NEEDS_REVIEW,audit_fixpass_iiitd,b339229eb17e,latin-script-hinglish-or-en-IN;not-devanagari | [fix:NEEDS_REVIEW->AD] 问答/竞猜增值短信，非诈骗 | [fix:AD->NEEDS_REVIEW] 私人闲聊误判问答,问答/竞猜增值短信，非诈骗
iiitd_00379,Intzaar,hi,iiitd_sms_spam_v1,ham,NEEDS_REVIEW,manual,eb20c979a904,latin-script-hinglish-or-en-IN;not-devanagari,等待/让等，闲聊
iiitd_00380,I've reached.. Kb tk aayega?,hi,iiitd_sms_spam_v1,ham,NEEDS_REVIEW,manual,63db3c597aa7,latin-script-hinglish-or-en-IN;not-devanagari,闲聊消息，非目标域
iiitd_00381,I've learnt many things from my frndz.. they gave me the tricks for stupid activities...they gave me money when i was empty in canteen...they rose their hands 2wards me for beating unsensibly...they love me..they care for me..and I love them too...!!???!!But still I have a complaint..dat they dint teach me one thing..and u knw wat?They dint teach meHow to live without them....? Dedicated to alli-dont-wanna-loose buddies...:-),hi,iiitd_sms_spam_v1,ham,NEEDS_REVIEW,manual,02a5fcfb6283,latin-script-hinglish-or-en-IN;not-devanagari,闲聊饮品，非目标域
iiitd_00382,Who was the 1st. iNDiAN WOMAN to fLy abroad without passport & visa...? Guess.... Dont know ? SiTA with RAAVAN to SRiLANKA !! improve ur G.K. good night.,hi,iiitd_sms_spam_v1,ham,NEEDS_REVIEW,manual,bf7e1fcb3d46,latin-script-hinglish-or-en-IN;not-devanagari,早安/晚安祝福，非目标域
iiitd_00383,I've got nothing smart to say except.........Happy New Year !!Live it up........- Ujjwal Gupta,hi,iiitd_sms_spam_v1,ham,NEEDS_REVIEW,manual,fe6fe45e8ae8,latin-script-hinglish-or-en-IN;not-devanagari,新年祝福短信，非四类目标域
iiitd_00384,"I've been trying to search how 2 return an array in java. If u cn come on skype chat n tell wot exactly ur luking 4,i myt b able 2 help u betr. I'm nt studying newyz. Myt as well atles help u. Hmm?",hi,iiitd_sms_spam_v1,ham,NEEDS_REVIEW,manual,6dd459fe49ba,latin-script-hinglish-or-en-IN;not-devanagari,私人短信，非目标域
iiitd_00385,"i've been slogging so hard, and this is the importance i get?",hi,iiitd_sms_spam_v1,ham,NEEDS_REVIEW,manual,379c89721cac,latin-script-hinglish-or-en-IN;not-devanagari,私人短信，非目标域
iiitd_00386,i'm very afraid of what you'll think and do once i tell you.,hi,iiitd_sms_spam_v1,ham,NEEDS_REVIEW,manual,3c7da0e21e3b,latin-script-hinglish-or-en-IN;not-devanagari,表达害怕，闲聊
iiitd_00387,I'm tkng lab nw....,hi,iiitd_sms_spam_v1,ham,NEEDS_REVIEW,manual,2f8c5acbe148,latin-script-hinglish-or-en-IN;not-devanagari,私人短信，非目标域
iiitd_00388,i'm sure you know different ways to say not right now.,hi,iiitd_sms_spam_v1,ham,NEEDS_REVIEW,manual,ef3d5884685f,latin-script-hinglish-or-en-IN;not-devanagari,无关短信，非目标域
iiitd_00389,"I'm so thrilled that u decided to run d marathon. Has given me inspiration to start practicing from next week. :) :P I evn cooked up an analogy 4 it while brushing in d morning. :P Its lyk being alone v/s a union. The former maybe easier, bt d latter is more enjoyable. :) :*",hi,iiitd_sms_spam_v1,ham,NEEDS_REVIEW,manual,a69ed3b3dde7,latin-script-hinglish-or-en-IN;not-devanagari,玩笑式短信链（找CID），非目标域
iiitd_00390,why do you loose your patience so quickly?,hi,iiitd_sms_spam_v1,ham,NEEDS_REVIEW,manual,1626d7438132,latin-script-hinglish-or-en-IN;not-devanagari,朋友间闲聊，非目标域
iiitd_00391,I'm so so sry. 1. Coz m texting wen u told me nt to. 2. Coz i din cal bck wen u called me after sending me tht msg. M texting coz i din wana 4get d reason y i din call u n nt b able 2 tell u in d morn. N i din cal bck coz my fone ws on silent coz i ws wid mom dad n by mistake i 4gt 2 un-silent it. Sry!,hi,iiitd_sms_spam_v1,ham,NEEDS_REVIEW,manual,a760b9cc68a3,latin-script-hinglish-or-en-IN;not-devanagari,私人愿望表达，非目标域
iiitd_00392,"I'm so addictd 2ur msgs,dat if u dnt sms me,i'l use noodles 2hang myself,Use sponge 2hit me,Ruber knife 2cut my vein &Water pistol 2 blow my head.So keep msgin. Gudnyt;-)",hi,iiitd_sms_spam_v1,ham,NEEDS_REVIEW,manual,59a3f7caba0e,latin-script-hinglish-or-en-IN;not-devanagari,私人对话片段，非目标域
iiitd_00393,"I'm sleeping|  ,o_,__,,|==========|Oh! I forgot    o>| ,/(,__,,|=========|To say you     o_,     G00D|   /(,__,  NIGHT;-) Sweet dream!!!...",hi,iiitd_sms_spam_v1,ham,NEEDS_REVIEW,manual,0fe71805916f,latin-script-hinglish-or-en-IN;not-devanagari,晚安美梦祝福，非目标域
iiitd_00394,Who was the 1st Indian women to fly ABROAD ????? ????????????????????? SEETA WITH RAWAN.,hi,iiitd_sms_spam_v1,ham,NEEDS_REVIEW,manual,dcb098313de3,latin-script-hinglish-or-en-IN;not-devanagari,日常短信，非目标域
iiitd_00395,"i'm selected for KBC for 31 Sept episode, for phone a friend i've given ur number as i have to give 3 numbers. Plz be prepared.
Thanks.",hi,iiitd_sms_spam_v1,ham,NEEDS_REVIEW,manual,ca1df8c32dd4,latin-script-hinglish-or-en-IN;not-devanagari,无关短信，非目标域
iiitd_00396,i'm pissed off...,hi,iiitd_sms_spam_v1,ham,NEEDS_REVIEW,manual,fdcd71262430,latin-script-hinglish-or-en-IN;not-devanagari,表达愤怒/不满，闲聊
iiitd_00397,i'm nt able to call u. it says ur out of coverage area.,hi,iiitd_sms_spam_v1,ham,NEEDS_REVIEW,manual,5ccb6159e5b3,latin-script-hinglish-or-en-IN;not-devanagari,日常短信，非目标域
iiitd_00398,i'm not able to call you! :( i've so many times. and your landline is busy. :(,hi,iiitd_sms_spam_v1,ham,NEEDS_REVIEW,manual,cbfeeed306de,latin-script-hinglish-or-en-IN;not-devanagari,闲聊消息，非目标域
iiitd_00399,I'm like a paper! U can write ur feelings! Use me 2 absorb ur tears! Dont throw me aftr use bcoz when u feel cold I'll burn myself 2 warm u. Gud night,hi,iiitd_sms_spam_v1,ham,NEEDS_REVIEW,manual,d79cadd34af4,latin-script-hinglish-or-en-IN;not-devanagari,私人情感表达，非目标域
iiitd_00400,i'm in class now!!!,hi,iiitd_sms_spam_v1,ham,NEEDS_REVIEW,manual,d7c41a8855fb,latin-script-hinglish-or-en-IN;not-devanagari,告知在课堂上，闲聊定位
iiitd_00401,Interview ke liye kya lana padta hai? Just resume and mark sheets na? Mark sheets original ya photocopy? Any suggestions?,hi,iiitd_sms_spam_v1,ham,NEEDS_REVIEW,manual,73729a02fec0,latin-script-hinglish-or-en-IN;not-devanagari,闲聊面试/实习，非目标域
iiitd_00402,"I'm home. U cannot imagine. 50 mtrs inside d gate, my mom dad wer der! N my tears wer stil wet. God, mujhe itni tension ho gai. Bt i managed.",hi,iiitd_sms_spam_v1,ham,NEEDS_REVIEW,manual,4783e4c42e8a,latin-script-hinglish-or-en-IN;not-devanagari,私人情感表达，非目标域
iiitd_00403,i'm home.,hi,iiitd_sms_spam_v1,ham,NEEDS_REVIEW,manual,6e2f29564056,latin-script-hinglish-or-en-IN;not-devanagari,极短回复/表情，非目标域
iiitd_00404,i'm going to take a bath. finish your assignments as soon as possible.,hi,iiitd_sms_spam_v1,ham,NEEDS_REVIEW,manual,f8cf16426169,latin-script-hinglish-or-en-IN;not-devanagari,告知去洗澡，闲聊
iiitd_00405,i'm going to sleep...i don't feel like studying any more thanks to you...you better pray that i do well in both my exams tomorrow... DON'T CALL ME.,hi,iiitd_sms_spam_v1,ham,NEEDS_REVIEW,manual,f9913f2f1902,latin-script-hinglish-or-en-IN;not-devanagari,告知去睡觉，闲聊
iiitd_00406,i'm going to sleep now. maybe i can sleep when you're doing your paper.,hi,iiitd_sms_spam_v1,ham,NEEDS_REVIEW,manual,28acff1f287a,latin-script-hinglish-or-en-IN;not-devanagari,告知去睡觉，闲聊
iiitd_00407,i'll just google it...,hi,iiitd_sms_spam_v1,ham,NEEDS_REVIEW,manual,d84519e62d39,latin-script-hinglish-or-en-IN;not-devanagari,私人通信，非目标域
iiitd_00408,"I yaad you very zada,You bhi yaad me bahut much,I m ur very achi friend,U r meri gud dost,I speak sach,So plz don't bhoolna me,I bhi nhi 4get u, I shapat.",hi,iiitd_sms_spam_v1,ham,NEEDS_REVIEW,manual,54ab8bc62db8,latin-script-hinglish-or-en-IN;not-devanagari,私人闲聊，非四类目标域
iiitd_00409,I WUD LUV TO... n ve bn tryn to cnvnce mum n sis a hel lot..rly wan to cm cuz its d last day n al..aur kya bolun ya?.. Finally aftr so lng our stupid fights ve ended! D farewels suposd to b rlyyy spcl! Jus 3 hrs ya..plzzz aaaajaaaaooo!! Rply..,hi,iiitd_sms_spam_v1,ham,NEEDS_REVIEW,manual,9116efe2a905,latin-script-hinglish-or-en-IN;not-devanagari,朋友间调侃（idiot），闲聊
iiitd_00410,"i ws thinking i shud attend atleast 1 evening of my fest coz u genraly attend urs n so tht i don hv to hear from anyone tht i din enjoy my colg life. bt then its honestly a burden to attend d damn thing. n id rather spend tht tym wid u whether u attend my fest with me or not. also i cud use the tym to attend to pending work n maybe evn study for T1 viz almost just after jive (my fest). we cud use fri for ourselves. if u wana attend ur class, i cn use tht tym to collect my skl's security deposit. oderwise w",hi,iiitd_sms_spam_v1,ham,NEEDS_REVIEW,manual,df0ee03e5c24,latin-script-hinglish-or-en-IN;not-devanagari,闲聊大学生活，非目标域
iiitd_00411,i ws saying tht i needed to tok to u wen u cut d fone on my face.,hi,iiitd_sms_spam_v1,ham,NEEDS_REVIEW,manual,e7212fb0cba4,latin-script-hinglish-or-en-IN;not-devanagari,朋友间闲聊，非目标域
iiitd_00412,Intern?,hi,iiitd_sms_spam_v1,ham,NEEDS_REVIEW,manual,fae1da15e5cf,latin-script-hinglish-or-en-IN;not-devanagari,闲聊面试/实习，非目标域
iiitd_00413,i ws saying gn wen u disconnected. atles convo toh finish hone diya karo!,hi,iiitd_sms_spam_v1,ham,NEEDS_REVIEW,manual,331ad545e706,latin-script-hinglish-or-en-IN;not-devanagari,朋友间闲聊，非目标域
iiitd_00414,I ws rdy at 9.15. Nw waiting for dem to get rdy. Abi 5 mins me nikalenge...,hi,iiitd_sms_spam_v1,ham,NEEDS_REVIEW,manual,07651e85b854,latin-script-hinglish-or-en-IN;not-devanagari,等待/让等，闲聊
iiitd_00415,I ws rdy at 7.5 nd ye log ab ghuse h tayar hone. Wat u dng?,hi,iiitd_sms_spam_v1,ham,NEEDS_REVIEW,manual,b127e235fb6d,latin-script-hinglish-or-en-IN;not-devanagari,日常沟通，非四类目标域
iiitd_00416,I ws on phn.abi rakha h. U say wat u dng dear?,hi,iiitd_sms_spam_v1,ham,NEEDS_REVIEW,manual,303359fe10c2,latin-script-hinglish-or-en-IN;not-devanagari,私人通信，非目标域
iiitd_00417,yr y u sayn so  i mean hv i ever given u ne such hint dt u feelin so! i mean i respect ur feelin bt u knw i cannot supprt u fr dz! so betr v dnt talk abt dese thngs!,hi,iiitd_sms_spam_v1,ham,NEEDS_REVIEW,manual,36a54ec18606,latin-script-hinglish-or-en-IN;not-devanagari,无关短信，非目标域
iiitd_00418,Who told u,hi,iiitd_sms_spam_v1,ham,NEEDS_REVIEW,manual,c830e3ee8f81,latin-script-hinglish-or-en-IN;not-devanagari,私人闲聊，非四类目标域
iiitd_00419,I ws on phn wid parool. Woh ghar par h nd she getin bore s koi frnd nhi h wahan...,hi,iiitd_sms_spam_v1,ham,NEEDS_REVIEW,manual,224fbd0b35dc,latin-script-hinglish-or-en-IN;not-devanagari,表达无聊，闲聊
iiitd_00420,I ws nt in rum. Take the assignment frm neeru or dolma or aditi or diksha or neha,hi,iiitd_sms_spam_v1,ham,NEEDS_REVIEW,manual,312db02826eb,latin-script-hinglish-or-en-IN;not-devanagari,告知在房间，闲聊定位
iiitd_00421,"i ws hoping fone abruptly na cut ho jae. khair newyz. nw fone battery is also gng down. luv u, tc, gn, swt drms, keep smiling :)",hi,iiitd_sms_spam_v1,ham,NEEDS_REVIEW,manual,41d1badf8da9,latin-script-hinglish-or-en-IN;not-devanagari,日常短信，非目标域
iiitd_00422,I wont cum 2 play 2day.m out in d market.luv u.how r jhanno ke baal,hi,iiitd_sms_spam_v1,ham,NEEDS_REVIEW,manual,86f4d15e512a,latin-script-hinglish-or-en-IN;not-devanagari,无关短信，非目标域
iiitd_00423,"INTERESTING MOMENTS: *Tryin hard to find d mob wen its in silent mode. *A random day dream & then realizin tat u were starin at someone by mistake. *Havin some txts on ur mob tat u nvr want to delete. *Restartin de song wen u miss ur most favrt line. *Staring into ur wardrobe of clothes & findin nothin Gud to wear. *Wen parents keep callin, pretendin to tel 'am coming' & moving only aftr dey shout. *Evrything else becomin most intrsting wen its exam time. *Before startin any chapter countin de no. of pgs. *Enjoyin d momnt wen sum1 interrupts de class for an imp announcement. *Shoutin 'sirrr' wen its 10 mins before brk. *D momnts wen v feel smilin is far btr than explainin y u r sad. Seriously, life is better wen u decide u dnt care watvr strange happns..",hi,iiitd_sms_spam_v1,ham,NEEDS_REVIEW,manual,0fcc7767af7e,latin-script-hinglish-or-en-IN;not-devanagari,玩笑式短信链（找CID），非目标域
iiitd_00424,"I wonder, .. Every next GIRL i meet is committed with sumone:-*:- & Every next BOY i talk to is single... .. Yeh ladkiyan aakhir ja kaha rahi hai..???? :",hi,iiitd_sms_spam_v1,ham,NEEDS_REVIEW,manual,7827bf1635ca,latin-script-hinglish-or-en-IN;not-devanagari,非正式对话，非目标域
iiitd_00425,i woke up so early only to find out its off for me today!,hi,iiitd_sms_spam_v1,ham,NEEDS_REVIEW,manual,60aabc052ac7,latin-script-hinglish-or-en-IN;not-devanagari,日常短信，非目标域
iiitd_00426,"I wnt 2 go bak 2 d tym,Wen dad ws d only 'hero'Wen Luv ws 'mom's hug'Wen dad's shoulder ws d 'highest place on earth'Wen ur worst 'enemies' were ur siblingsWen d only things dat cud 'hurt' were skinned kneesWen d only things 'broken' were ur toyzAndWen gudbye only meant til tomorrow...",hi,iiitd_sms_spam_v1,ham,NEEDS_REVIEW,manual,c425735f852f,latin-script-hinglish-or-en-IN;not-devanagari,闲聊消息，非目标域
iiitd_00427,Who told dis? Naam bta...,hi,iiitd_sms_spam_v1,ham,NEEDS_REVIEW,manual,5070fab566f9,latin-script-hinglish-or-en-IN;not-devanagari,非正式对话，非目标域
iiitd_00428,i wish your phone was switched on so that i could tell you the good news and bad news seperately.,hi,iiitd_sms_spam_v1,ham,NEEDS_REVIEW,manual,bc404ab554ac,latin-script-hinglish-or-en-IN;not-devanagari,非正式对话，非目标域
iiitd_00429,"i wish you would've told me sooner that you're not going home. i could've gone to sleep earlier. anyways, gn tc.",hi,iiitd_sms_spam_v1,ham,NEEDS_REVIEW,manual,6fc432502552,latin-script-hinglish-or-en-IN;not-devanagari,私人短信，非目标域
iiitd_00430,"i wish you would've picked up your phone. i get worried about you. anyways, take care. i hope you finish your assignment in time. and hope that you live upto your promise. goodnight. love you. i would like a reply.",hi,iiitd_sms_spam_v1,ham,NEEDS_REVIEW,manual,cb87e4305fbd,latin-script-hinglish-or-en-IN;not-devanagari,私人爱情表达，非目标域
iiitd_00431,i wish u wudv jus waited for me to wake up insted of waking me up. nw iv jus woken up nw. n m too late to go c my ppr which ws being shown from 3-4pm. :(,hi,iiitd_sms_spam_v1,ham,NEEDS_REVIEW,manual,597ae3745535,latin-script-hinglish-or-en-IN;not-devanagari,私人通信，非目标域
iiitd_00432,I wish u could/would play text-text now...,hi,iiitd_sms_spam_v1,ham,NEEDS_REVIEW,manual,03ce2e55fe8e,latin-script-hinglish-or-en-IN;not-devanagari,日常短信，非目标域
iiitd_00433,i wish u a sweetest sundy marvellous mondy tasty tuesdy wondrful wdnesdy thankful thursdy frndly fridy sucesful satdy hav a gr8 2010!! Hapy new year!!,hi,iiitd_sms_spam_v1,ham,NEEDS_REVIEW,manual,5659bdf563fd,latin-script-hinglish-or-en-IN;not-devanagari,朋友间闲聊，非目标域
iiitd_00434,"Instead of thinking about what u are missing,Try to think aboutwhat you have that everyone else is missing.Life will be So happy....:-)Gudngt",hi,iiitd_sms_spam_v1,ham,NEEDS_REVIEW,manual,5301b8018920,latin-script-hinglish-or-en-IN;not-devanagari,闲聊饮品，非目标域
iiitd_00435,I wish u a happy n prosperus diwali darpan,hi,iiitd_sms_spam_v1,ham,NEEDS_REVIEW,manual,b22a6775e663,latin-script-hinglish-or-en-IN;not-devanagari,排灯节祝福短信，非四类目标域
iiitd_00436,I wish u & ur family a very happy and prosperous new year 2011. May God be kind enough to bless you with joyous & blissful life.,hi,iiitd_sms_spam_v1,ham,NEEDS_REVIEW,manual,64222e9090ec,latin-script-hinglish-or-en-IN;not-devanagari,表达开心，闲聊
iiitd_00437,I wish TRUE LoVe is like a boy playing chess..Alwys afraid of losing his QUEEN.And a girl risking evrythng just 2 protect her KING...,hi,iiitd_sms_spam_v1,ham,NEEDS_REVIEW,manual,b45b8a649e9a,latin-script-hinglish-or-en-IN;not-devanagari,表达害怕，闲聊
iiitd_00438,Who says there's no difference between COMPLETE & FINISH?Choose the right person & u r COMPLETE.Choose the wrong one & u r FINISHED....,hi,iiitd_sms_spam_v1,ham,NEEDS_REVIEW,manual,d86630220b9f,latin-script-hinglish-or-en-IN;not-devanagari,日常沟通，非四类目标域
iiitd_00439,I Wish Our Friend Ship Comes To An End Only When U See An Apple In An Orange Tree Which Is Being Eaten By a Dinosar On The 30th Of Feb..Gud nyt..:),hi,iiitd_sms_spam_v1,ham,NEEDS_REVIEW,manual,ff61f494165a,latin-script-hinglish-or-en-IN;not-devanagari,早安/晚安祝福，非目标域
iiitd_00440,I wish in 2009 god gives u 12month of happiness  52weeks of fun  365days of success  8760hours good health  52600mint good luck 3153600secnd of JOY Happy new year 2009,hi,iiitd_sms_spam_v1,ham,NEEDS_REVIEW,manual,0d479976599c,latin-script-hinglish-or-en-IN;not-devanagari,新年祝福短信，非四类目标域
iiitd_00441,"I wish i didn't have 2 say dis. Plz don't call me at night once iv gone 2 sleep. M facing problems with my sleep, and ur waking me up is not helping. :(",hi,iiitd_sms_spam_v1,ham,NEEDS_REVIEW,manual,edd1b4613f4b,latin-script-hinglish-or-en-IN;not-devanagari,让打电话，闲聊
iiitd_00442,i wish i could talk to you more. i wish i could be with you more. the towel situation is like a satire. take care. :*,hi,iiitd_sms_spam_v1,ham,NEEDS_REVIEW,manual,63675b82b32d,latin-script-hinglish-or-en-IN;not-devanagari,非正式对话，非目标域
iiitd_00443,"I wish God made me a SMS, so that I can reach u in 5 sec, Cost u nothing, u'll read me & I cud C U smiling which is worth millions",hi,iiitd_sms_spam_v1,ham,NEEDS_REVIEW,manual,4e6b4a1812db,latin-script-hinglish-or-en-IN;not-devanagari,日常短信，非目标域
iiitd_00444,I wish a very happy and prosperous new year for you and your family...With Regards! K.B.SINGH.,hi,iiitd_sms_spam_v1,ham,NEEDS_REVIEW,manual,b5c6f2e47a07,latin-script-hinglish-or-en-IN;not-devanagari,表达开心，闲聊
iiitd_00445,"Is DIL ka ek ARMAAN hai, Ek CHAND sa DOST hmari JAAN hai, Jise MEHSUS karna to MUMKIN hai, Par MILNA kaha ASAN hai, KYUNKI hum ek ZAMEEN h aur wo AASMAAN hai.",hi,iiitd_sms_spam_v1,ham,NEEDS_REVIEW,manual,afcbd543b68e,latin-script-hinglish-or-en-IN;not-devanagari,闲聊消息，非目标域
iiitd_00446,"Instead of thinking about what u are missing, Try to think about what you have that everyone else is missing. Life will be So happy....:-) Gudngt",hi,iiitd_sms_spam_v1,ham,NEEDS_REVIEW,manual,5301b8018920,latin-script-hinglish-or-en-IN;not-devanagari,闲聊饮品，非目标域
iiitd_00447,"I will talk about this afterwards wen u ll be free.Oye dont use my name,do something else.He says u cant do anything. - Sent via WAY2SMS.COM",hi,iiitd_sms_spam_v1,ham,NEEDS_REVIEW,manual,74fa81b089d9,latin-script-hinglish-or-en-IN;not-devanagari,带WAY2SMS签名的短信，非目标域
iiitd_00448,"Who said water helps in putting off fire.... If so, Then why don't tears heal the burn in one's heart....! think abt it...",hi,iiitd_sms_spam_v1,ham,NEEDS_REVIEW,manual,d48254d57ba4,latin-script-hinglish-or-en-IN;not-devanagari,私人情感表达，非目标域
iiitd_00449,i will personally murder you. you can count your days.,hi,iiitd_sms_spam_v1,ham,NEEDS_REVIEW,manual,ece8a8ec8d39,latin-script-hinglish-or-en-IN;not-devanagari,私人短信，非目标域
iiitd_00450,I will give you your pen drive after some time.,hi,iiitd_sms_spam_v1,ham,NEEDS_REVIEW,manual,e37c894ff821,latin-script-hinglish-or-en-IN;not-devanagari,日常沟通，非四类目标域
iiitd_00451,I wil tak it aftrwrse.,hi,iiitd_sms_spam_v1,ham,NEEDS_REVIEW,manual,18d9dc610653,latin-script-hinglish-or-en-IN;not-devanagari,日常短信，非目标域
iiitd_00452,I wil put it 2marw,hi,iiitd_sms_spam_v1,ham,NEEDS_REVIEW,manual,e7dcbcfb7df2,latin-script-hinglish-or-en-IN;not-devanagari,朋友间闲聊，非目标域
iiitd_00453,"I wil leave Sumthng 4u wen i wil leave dis world,,,,Few memories in ur HEART,few tears in ur EYES,my Name on ur LIPS n my absence in ur Lyf..!!",hi,iiitd_sms_spam_v1,ham,NEEDS_REVIEW,manual,4b18fce4be38,latin-script-hinglish-or-en-IN;not-devanagari,私人情感表达，非目标域
iiitd_00454,I wil gve 2 alka aunty 2marw,hi,iiitd_sms_spam_v1,ham,NEEDS_REVIEW,manual,b162ccf0776e,latin-script-hinglish-or-en-IN;not-devanagari,非正式对话，非目标域
iiitd_00455,I wil bnk ip,hi,iiitd_sms_spam_v1,ham,NEEDS_REVIEW,manual,3ddebd650805,latin-script-hinglish-or-en-IN;not-devanagari,私人闲聊，非四类目标域
iiitd_00456,I wasn't sure,hi,iiitd_sms_spam_v1,ham,NEEDS_REVIEW,manual,622a5206a84e,latin-script-hinglish-or-en-IN;not-devanagari,私人闲聊，非四类目标域
iiitd_00457,"instead of studying, i jus feel lyk drawing arundhati n tanmay hearts on my register. :P",hi,iiitd_sms_spam_v1,ham,NEEDS_REVIEW,manual,f7fa8707a26e,latin-script-hinglish-or-en-IN;not-devanagari,闲聊饮品，非目标域
iiitd_00458,"I was sleeping |  ,o_,__,, |==========| Oh! I forgot      o> | ,/(,__,, |=========| To say you       o_,       G00D |   /(,__,  NIGHT..   SWEET DRMS.",hi,iiitd_sms_spam_v1,ham,NEEDS_REVIEW,manual,9ec24ae7aa25,latin-script-hinglish-or-en-IN;not-devanagari,非正式对话，非目标域
iiitd_00459,Who r u?,hi,iiitd_sms_spam_v1,ham,NEEDS_REVIEW,manual,81d84424df77,latin-script-hinglish-or-en-IN;not-devanagari,极短回复/表情，非目标域
iiitd_00460,"I was shockd Ystrday,in my room all my books wr singing a song..Guess which song?guess.....O Zra zra Touch Me Touch Me Touch me",hi,iiitd_sms_spam_v1,ham,NEEDS_REVIEW,manual,8d2c01fdc862,latin-script-hinglish-or-en-IN;not-devanagari,日常短信，非目标域
iiitd_00461,i was saying if ur free...maybe u cud plan my birthday lil bit. i wud like champagne wid my bday cake. think of wot n all we cn do. think abt ice breakers n stuff tht'l help ppl mix. think of d playlist of songs. find out if delivery guys wud b available. n plz don say ur more interestd in oder girls coming. it jus hurts me. i kno girls hv to come. n think if ders any way we cn b alone in d house. plz plz plz if u hv nothing to do right nw. be my angel like i am alwyz urs...,hi,iiitd_sms_spam_v1,ham,NEEDS_REVIEW,manual,be3a682af51b,latin-script-hinglish-or-en-IN;not-devanagari,私人对话片段，非目标域
iiitd_00462,"i was not expecting to be lucky today...first class got cancelled. i didn't miss anything. if you have free messages, reply.",hi,iiitd_sms_spam_v1,ham,NEEDS_REVIEW,manual,ce2776449dbe,latin-script-hinglish-or-en-IN;not-devanagari,要求回复，闲聊
iiitd_00463,"I was joking, dont take it to heart.",hi,iiitd_sms_spam_v1,ham,NEEDS_REVIEW,manual,3624595f6aa6,latin-script-hinglish-or-en-IN;not-devanagari,私人短信，非目标域
iiitd_00464,"I was joking, don't take it to heart.",hi,iiitd_sms_spam_v1,ham,NEEDS_REVIEW,manual,a416b31d1853,latin-script-hinglish-or-en-IN;not-devanagari,私人短信，非目标域
iiitd_00465,Who r d three mst hard workin ppl in MTV ROADIES? Raghu Ranvijay n think?   Its the man who presses the beep button to censor abuses !!!,hi,iiitd_sms_spam_v1,ham,NEEDS_REVIEW,manual,5c278d191d35,latin-script-hinglish-or-en-IN;not-devanagari,朋友间闲聊，非目标域
iiitd_00466,"i was hurt when you said you're JUST a girlfriend. if you blurted it out in anger and didn't mean it, that's another matter. but if you did, then if you dislike my telling your mom, don't want me to talk to your batchmates and don't listen to me, what do you expect me to do? 'coz if it's something related to you, i can't ignore it. and as far as your telling me everything is concerned, it's extremely important because that is part of the foundation of our relationship. if you don't like my saying this, d",hi,iiitd_sms_spam_v1,ham,NEEDS_REVIEW,manual,4dfae3eebb80,latin-script-hinglish-or-en-IN;not-devanagari,情侣笑话段子，私人娱乐
iiitd_00467,I was hoping we could skype-study again today. Bt ur nt evn home. N iv been wanting 2 tok 4 quite sum tym. :-/ I evn hd 2 tel u hw u wer right abt my angry look. :* ^_^ and i also wanted 2 kno exactly wot is sumit-stuti's situation. Also did u tell aman abt us. Wot r ur plans 4 tom. C v hv so mch 2 tok!,hi,iiitd_sms_spam_v1,ham,NEEDS_REVIEW,manual,83645026c4cc,latin-script-hinglish-or-en-IN;not-devanagari,表达愤怒/不满，闲聊
iiitd_00468,Insaan Kabhi 4Cheezo Se Khush Nhi Ho sakta Mobile . . Auto Mobile . . TV . . & . . . BIWI Qki aksr inke achche Model padosi k pas hote h.,hi,iiitd_sms_spam_v1,ham,NEEDS_REVIEW,manual,7c71b8c899d4,latin-script-hinglish-or-en-IN;not-devanagari,表达开心，闲聊
iiitd_00469,"i was hoping to wake up a little bit on time today. but couldn't because of all the calls i kept receiving all morning. anyways, tc.",hi,iiitd_sms_spam_v1,ham,NEEDS_REVIEW,manual,1cf57b86353d,latin-script-hinglish-or-en-IN;not-devanagari,私人对话片段，非目标域
iiitd_00470,"i wanted to tok abt my academic performance v/s urs. nw i dono y m day dreaming abt playing with u on next monday. n nw m wishing tht u get evrything done quickly n reach home evn quicker, so tht v cn tok. :)",hi,iiitd_sms_spam_v1,ham,NEEDS_REVIEW,manual,a694ce3d330a,latin-script-hinglish-or-en-IN;not-devanagari,梦想相关短信，非目标域
iiitd_00471,I wanted to tell u but u wasnt online. So only cant able to msg u . Well u hav to give a big treat wen u ll come here. 4 ur project. Well chotu bada ban gaya.,hi,iiitd_sms_spam_v1,ham,NEEDS_REVIEW,manual,a48d03220a92,latin-script-hinglish-or-en-IN;not-devanagari,闲聊作业/项目，非目标域
iiitd_00472,I wanted to tell u but u wasn't online. So only cant able to msg u . Well u hav to give a big treat wen u ll come here. 4 ur project. Well chotu bada ban gaya.,hi,iiitd_sms_spam_v1,ham,NEEDS_REVIEW,manual,2ed7ec9aae81,latin-script-hinglish-or-en-IN;not-devanagari,闲聊作业/项目，非目标域
iiitd_00473,"i wanted to hv juice sumtym bck, bt der wasnt any at home. so i ws considering opening one of d big soft drink bottles. i also told d maid abt ur idea to get it exchanged. she ws also interested in it. den dad came home. i started telling him hw i ws toking to u tht dez big bottles wer gng unused n wot u sed i cud do. first of all he cut me short three tyms wen i tried to tell him wot u sed. n on d third tym he sed sumthing tht pisd me off so mch tht i stop toking to him tht instant, poured myself sum spri",hi,iiitd_sms_spam_v1,ham,NEEDS_REVIEW,manual,5cc80d0e08c0,latin-script-hinglish-or-en-IN;not-devanagari,告知到家，闲聊定位
iiitd_00474,i wantd to tok. :( gn. tc. :/,hi,iiitd_sms_spam_v1,ham,NEEDS_REVIEW,manual,542d3fe232c4,latin-script-hinglish-or-en-IN;not-devanagari,私人闲聊，非四类目标域
iiitd_00475,i want you to call me and rectify things.,hi,iiitd_sms_spam_v1,ham,NEEDS_REVIEW,manual,502e0217e954,latin-script-hinglish-or-en-IN;not-devanagari,私人愿望表达，非目标域
iiitd_00476,I want u 2 take dadi n baba's review on me wen u go home. :),hi,iiitd_sms_spam_v1,ham,NEEDS_REVIEW,manual,cf00e1766c7a,latin-script-hinglish-or-en-IN;not-devanagari,私人愿望表达，非目标域
iiitd_00477,"i want to stop myself n think otherwise, but i cnt help it. ur having diner outside, n i fear the worst. plz plz control woteva u have to, in urself. plz. don't do anything wrong. plz don't ruin tonite. hoping, waiting n expecting to tok to the good u, tonite. n wud be at peace the sooner u call.",hi,iiitd_sms_spam_v1,ham,NEEDS_REVIEW,manual,f23be008f464,latin-script-hinglish-or-en-IN;not-devanagari,私人愿望表达，非目标域
iiitd_00478,i want to know when will your US internship be confirmed or rejected? have you applied in ABB as a back up?,hi,iiitd_sms_spam_v1,ham,NEEDS_REVIEW,audit_fixpass_iiitd,7f9e93de1b57,latin-script-hinglish-or-en-IN;not-devanagari | [fix:NEEDS_REVIEW->AD] 问答/竞猜增值短信，非诈骗 | [fix:AD->NEEDS_REVIEW] 私人闲聊误判问答,问答/竞猜增值短信，非诈骗
iiitd_00479,Insaan ka dil sabse zyada kab jalta hai? Jab aap BLACKBERRY ka original mobile lekar baithe ho aur koi aakar kahe.. China Hai Na..??,hi,iiitd_sms_spam_v1,ham,NEEDS_REVIEW,manual,428cb4517f48,latin-script-hinglish-or-en-IN;not-devanagari,政治笑话/段子，私人娱乐
iiitd_00480,I want this cycle of sorrow to end. Gn.,hi,iiitd_sms_spam_v1,ham,NEEDS_REVIEW,manual,0958f61589fc,latin-script-hinglish-or-en-IN;not-devanagari,私人愿望表达，非目标域
iiitd_00481,"I want a report like a basic article. Introduction one para, body of the issue for example global warming and then a small conclusion.",hi,iiitd_sms_spam_v1,ham,NEEDS_REVIEW,manual,12d5dfb4113a,latin-script-hinglish-or-en-IN;not-devanagari,闲聊学习/考试，非目标域
iiitd_00482,i want 'us' time... miss being with you...,hi,iiitd_sms_spam_v1,ham,NEEDS_REVIEW,manual,af80fa634bf6,latin-script-hinglish-or-en-IN;not-devanagari,私人愿望表达，非目标域
iiitd_00483,I wanna b tears so dat i can born in ur eyes live on ur cheeks n die on ur lips,hi,iiitd_sms_spam_v1,ham,NEEDS_REVIEW,manual,ebb278edf742,latin-script-hinglish-or-en-IN;not-devanagari,私人情感表达，非目标域
iiitd_00484,i wana w8 4 sumtym :*,hi,iiitd_sms_spam_v1,ham,NEEDS_REVIEW,manual,317e8a38f1e1,latin-script-hinglish-or-en-IN;not-devanagari,私人愿望表达，非目标域
iiitd_00485,who r d 3 most hard working ppl in MTV ROADIES? Raghu Ranvijay and think? Its d man who presses d *BEEEP* button to censor abuses!,hi,iiitd_sms_spam_v1,ham,NEEDS_REVIEW,manual,73967e8c194a,latin-script-hinglish-or-en-IN;not-devanagari,私人短信，非目标域
iiitd_00486,i wana tok to u. I Wana Tok To U! I WANA TOK TO U!!! n i hv a tiny problem also. vich u hv to help me out wid. plus i wana tok to u. n i wana b wid u. sit next to u. hug u. eat wid u. watch movies wid u. fall asleep wid u. u kno i thot il go mad by d end of dis msg. bt i didnt! :) wana b wid u n tok to u!! :P :),hi,iiitd_sms_spam_v1,ham,NEEDS_REVIEW,manual,e4bbdcc90b78,latin-script-hinglish-or-en-IN;not-devanagari,想成为你的...，情感表达，非目标域
iiitd_00487,I wana cry too..There are jus so many diversionz...!!,hi,iiitd_sms_spam_v1,ham,NEEDS_REVIEW,manual,949c5093027f,latin-script-hinglish-or-en-IN;not-devanagari,私人情感表达，非目标域
iiitd_00488,I wan to download nfs most wanted konse site se karu,hi,iiitd_sms_spam_v1,ham,NEEDS_REVIEW,manual,bfceecdc682f,latin-script-hinglish-or-en-IN;not-devanagari,日常短信，非目标域
iiitd_00489,I waitd for ur col . Nw im sleeping . As it is im upset . I fought wid ankur . He yelld at me for no reason :-( Gn .,hi,iiitd_sms_spam_v1,ham,NEEDS_REVIEW,manual,adafc9243d50,latin-script-hinglish-or-en-IN;not-devanagari,告知去睡觉，闲聊
iiitd_00490,Innocent reply.Kid- Teacher can i go to the bathroom ?Teacher- (Correcting him) May i go to the bathroom ?Kid- (Sadly replies) But i asked first...:-),hi,iiitd_sms_spam_v1,ham,NEEDS_REVIEW,manual,7a46aa64adce,latin-script-hinglish-or-en-IN;not-devanagari,告知去洗澡，闲聊
iiitd_00491,I vl b cntnung mah intrnshp nly so vl pair wid aastha...hv to tlk to pk abt it abhi...,hi,iiitd_sms_spam_v1,ham,NEEDS_REVIEW,manual,42fdadd85857,latin-script-hinglish-or-en-IN;not-devanagari,日常沟通，非四类目标域
iiitd_00492,"I ve announcd in class.. tum bhi aaj hi kar dena. notice aata rahega. n this week kya karna hai, socha hai? see u ltr.",hi,iiitd_sms_spam_v1,ham,NEEDS_REVIEW,manual,17c4b45b50d4,latin-script-hinglish-or-en-IN;not-devanagari,告知在课堂上，闲聊定位
iiitd_00493,i used to consider myself patient... but i think i am short on that when it comes to people :/,hi,iiitd_sms_spam_v1,ham,NEEDS_REVIEW,manual,5e690e45a0d3,latin-script-hinglish-or-en-IN;not-devanagari,朋友间闲聊，非目标域
iiitd_00494,i try to be nice and this is what i get. you can forget about me helping you out for a really long time now.,hi,iiitd_sms_spam_v1,ham,NEEDS_REVIEW,manual,f385329a76d0,latin-script-hinglish-or-en-IN;not-devanagari,私人短信，非目标域
iiitd_00495,"I tried resisting a lot. Evr since u told me nt 2 msg,iv been wanting 2 tok 2 u vry badly. Nth specific. Jus a strong craving. N i dono if ur angry or busy or why u told me nt 2 msg u. Nt tht dis msg of myn will help me a lot. Coz i dono if ul evn reply. Newyz. Tc.",hi,iiitd_sms_spam_v1,ham,NEEDS_REVIEW,manual,0fc03604cc0d,latin-script-hinglish-or-en-IN;not-devanagari,表达愤怒/不满，闲聊
iiitd_00496,Who r BOYS?Jo marne k badNARAK me b kehte haiYAMRAJ KI BETI DEKH PATAKHA HAI YAAR&Who r GIRLSWho go 2 Heavn n sayAPASRA KI NAILPOLISH DEKHI :-x,hi,iiitd_sms_spam_v1,ham,NEEDS_REVIEW,manual,bcbe16e18b30,latin-script-hinglish-or-en-IN;not-devanagari,日常短信，非目标域
iiitd_00497,i totaly forgot abt my last nyt's dream in vich ur secretly living wid me n den my mom finds out ur here!,hi,iiitd_sms_spam_v1,ham,NEEDS_REVIEW,manual,16b258ed53e6,latin-script-hinglish-or-en-IN;not-devanagari,关于昨晚的梦，闲聊
iiitd_00498,"I took u as my frnd, I locked U in my Heart. But now that  key has missed. So I m very hppy bcoz UR safe in my Heart till my Heartbeat stops.G'd ev'g!",hi,iiitd_sms_spam_v1,ham,NEEDS_REVIEW,manual,e31404e00e62,latin-script-hinglish-or-en-IN;not-devanagari,私人对话片段，非目标域
iiitd_00499,I told ya it decrz ur efficiency..lol...Push sux! Big tym...,hi,iiitd_sms_spam_v1,ham,NEEDS_REVIEW,manual,5aee208db839,latin-script-hinglish-or-en-IN;not-devanagari,闲聊消息，非目标域
iiitd_00500,"I told u 1 lie dat i didnt remembr d drm.I do remembr it bt its nt d 1 to tel.bcz it can't true,i knw dat.so puchna mat ki kya tha.gn.luv u dr.i m sleping nw.tc",hi,iiitd_sms_spam_v1,ham,NEEDS_REVIEW,manual,5e8f7c78dcb0,latin-script-hinglish-or-en-IN;not-devanagari,私人对话/闲聊/笑话/励志链/节日祝福，非四类目标域
iiitd_00501,"Why do we all marry?.....Because romance is not the only d element of life. We should also knw horror, terror, suspense, stupidity & tragedy of life.",hi,iiitd_sms_spam_v1,ham,NEEDS_REVIEW,manual,b6654a0b4690,latin-script-hinglish-or-en-IN;not-devanagari,私人对话/闲聊/笑话/励志链/节日祝福，非四类目标域
iiitd_00502,"I told Mr.Smile to shower some smiles on You.. He laughed & said, have you ever seen a retailer supplying something to a wholeseller ! Gud Mrng, hav a gr8 day..",hi,iiitd_sms_spam_v1,ham,NEEDS_REVIEW,manual,61324c73085b,latin-script-hinglish-or-en-IN;not-devanagari,私人对话/闲聊/笑话/励志链/节日祝福，非四类目标域
iiitd_00503,I told him my prob he knows everythin bout me . And i cant do anythin 4 it . I never saw a geek like him tats wy i like his company de most . Even he knows de things better but cant do anythin .,hi,iiitd_sms_spam_v1,ham,NEEDS_REVIEW,manual,140fc3eccf4d,latin-script-hinglish-or-en-IN;not-devanagari,私人对话/闲聊/笑话/励志链/节日祝福，非四类目标域
iiitd_00504,I thought since we met a week be4 and i scold u so u became angry . Its k if u r not .,hi,iiitd_sms_spam_v1,ham,NEEDS_REVIEW,manual,311321181606,latin-script-hinglish-or-en-IN;not-devanagari,私人对话/闲聊/笑话/励志链/节日祝福，非四类目标域
iiitd_00505,I thought since we met a week be4 and i scold u so u became angry . Its k if u r not .,hi,iiitd_sms_spam_v1,ham,NEEDS_REVIEW,manual,311321181606,latin-script-hinglish-or-en-IN;not-devanagari,私人对话/闲聊/笑话/励志链/节日祝福，非四类目标域
iiitd_00506,"I thought i m in love, My nites going sleepless My days going useless So i asked GOD Is dis LUV? God replied No Dear Sylabus zyada h aur tujhe kuch nhi aAbhi na mujhe dafnao yaaro, Mere dosto ko zara der se aane ki aadat hai, aur Abhi na daalo mere chehre par kafan, Unhe ye chehra dekh kar muskurane ki aata hai. dat hai.:-):-):-(",hi,iiitd_sms_spam_v1,ham,NEEDS_REVIEW,manual,fda0b57dd2fa,latin-script-hinglish-or-en-IN;not-devanagari,私人对话/闲聊/笑话/励志链/节日祝福，非四类目标域
iiitd_00507,Who r BOYS? jo mrne k bad NARK me B khte h.YAMRAJ KI BETI DEKH.PATAKA H YAR.. nWho r GIRLS? who gos 2 heavn n says APSRA KI NAILPOLISH DEKHI HW CHEAP.,hi,iiitd_sms_spam_v1,ham,NEEDS_REVIEW,manual,f8627c52e543,latin-script-hinglish-or-en-IN;not-devanagari,私人对话/闲聊/笑话/励志链/节日祝福，非四类目标域
iiitd_00508,i thot u wudnt cum 2day!,hi,iiitd_sms_spam_v1,ham,NEEDS_REVIEW,manual,7ff04fe6c3f6,latin-script-hinglish-or-en-IN;not-devanagari,私人对话/闲聊/笑话/励志链/节日祝福，非四类目标域
iiitd_00509,"I thot u wer busy,so didnt wanna distrb u. Dis is d main reason behind most broken relations. So keep distrbing all thos whom u never wanna loose in life..",hi,iiitd_sms_spam_v1,ham,NEEDS_REVIEW,manual,4420fca00b89,latin-script-hinglish-or-en-IN;not-devanagari,私人对话/闲聊/笑话/励志链/节日祝福，非四类目标域
iiitd_00510,I thot d date tl nw would hve been a bit more precise..,hi,iiitd_sms_spam_v1,ham,NEEDS_REVIEW,manual,21430af86b5a,latin-script-hinglish-or-en-IN;not-devanagari,私人对话/闲聊/笑话/励志链/节日祝福，非四类目标域
iiitd_00511,i thot cuz u were late 2day! i thot u wudnt cum! nd du u watch a lot of fbi serials? u r talkin lyk a fbi agent!,hi,iiitd_sms_spam_v1,ham,NEEDS_REVIEW,manual,8e2e373d65aa,latin-script-hinglish-or-en-IN;not-devanagari,私人对话/闲聊/笑话/励志链/节日祝福，非四类目标域
iiitd_00512,"Innocent Kid: Mummy,mujhe bhai chahiye. Mummy:Beta,dad abroad mey hai, jaise wo ayenge, hum baat karenge unse. Kid: Aap unhe SURPRISE Q nahi dete..? ;->",hi,iiitd_sms_spam_v1,ham,NEEDS_REVIEW,manual,85038ee7e350,latin-script-hinglish-or-en-IN;not-devanagari,私人对话/闲聊/笑话/励志链/节日祝福，非四类目标域
iiitd_00513,I thnk u sent d msg to wrng prsn...n i'm nt cmng tmrw so kal baithk pura kar lungi...evn 7 ques....,hi,iiitd_sms_spam_v1,ham,NEEDS_REVIEW,manual,7d441b074ac8,latin-script-hinglish-or-en-IN;not-devanagari,私人对话/闲聊/笑话/励志链/节日祝福，非四类目标域
iiitd_00514,I thnk mere mei hoga..mine r on 9 10 12,hi,iiitd_sms_spam_v1,ham,NEEDS_REVIEW,manual,1f2ada5c60e2,latin-script-hinglish-or-en-IN;not-devanagari,私人对话/闲聊/笑话/励志链/节日祝福，非四类目标域
iiitd_00515,i This is a Group message..... We are planning a group meeting tomorrow....so that we can combine things and have working model by monday.....So evryone is requested to be there in meeting tomorrow....I have mailed on google groups also regarding the same....This message is to ensure that everyone knows about the meeting......Please read the mail as thr is some more information!! @Lakshay please convey the message to your other group members as I am not having their phone numbers...,hi,iiitd_sms_spam_v1,ham,NEEDS_REVIEW,manual,861ac7164d7d,latin-script-hinglish-or-en-IN;not-devanagari,私人对话/闲聊/笑话/励志链/节日祝福，非四类目标域
iiitd_00516,I think u r vry careless! U cum n leave things behind! See nw wat u ve left? U just came in my mind n left a smile on my face.,hi,iiitd_sms_spam_v1,ham,NEEDS_REVIEW,manual,1a92a9d53a10,latin-script-hinglish-or-en-IN;not-devanagari,私人对话/闲聊/笑话/励志链/节日祝福，非四类目标域
iiitd_00517,"i think der is a way for permanent permanent hair removal...electrolysis...its kind of costly...n i rely dono if i shud b doing it or nt. i mean i dono if ders a way to undo it or get my hair bck. n thts kind of scary. apart from tht it seems to advise to get spl waxing done vich is performed by professionals. n maybe jus maybe wot i do is nt vry safe. anyways, i dont think i am ready for anything of this sort till d tym ur living wid me.",hi,iiitd_sms_spam_v1,ham,NEEDS_REVIEW,manual,1a8a30cf1553,latin-script-hinglish-or-en-IN;not-devanagari,私人对话/闲聊/笑话/励志链/节日祝福，非四类目标域
iiitd_00518,Yr wo msg mere aircel wale no pr karde plz,hi,iiitd_sms_spam_v1,ham,NEEDS_REVIEW,manual,68a4cae83b18,latin-script-hinglish-or-en-IN;not-devanagari,私人对话/闲聊/笑话/励志链/节日祝福，非四类目标域
iiitd_00519,"Who Is The Most HARDWORKING Guy in MTV Roadies Except Raghu, Rajeev & Rannvijay..?? . . . . The One Who Operates The BEEP  BUTTON.;-)",hi,iiitd_sms_spam_v1,ham,NEEDS_REVIEW,audit_fixpass_iiitd,32cb799e27b5,latin-script-hinglish-or-en-IN;not-devanagari | [fix:NEEDS_REVIEW->AD] 问答/竞猜增值短信，非诈骗 | [fix:AD->NEEDS_REVIEW] 私人闲聊误判问答,问答/竞猜增值短信，非诈骗
iiitd_00520,I think 5-10 more mints,hi,iiitd_sms_spam_v1,ham,NEEDS_REVIEW,manual,d5bc878f0a48,latin-script-hinglish-or-en-IN;not-devanagari,私人对话/闲聊/笑话/励志链/节日祝福，非四类目标域
iiitd_00521,"i talked to aniket sir. he's ready to participate in the imagine cup with us. plus he's already participated earlier, so that should be a plus apart from his being a MSP.",hi,iiitd_sms_spam_v1,ham,NEEDS_REVIEW,manual,59d73dae6de0,latin-script-hinglish-or-en-IN;not-devanagari,私人对话/闲聊/笑话/励志链/节日祝福，非四类目标域
iiitd_00522,I studied evrythngbut never topped.Today the toppers ofthe best universitiesare my employees.-Bill GatesATTITUDE with PASSION IS EVERYTHING !!,hi,iiitd_sms_spam_v1,ham,NEEDS_REVIEW,manual,3f993f316829,latin-script-hinglish-or-en-IN;not-devanagari,私人对话/闲聊/笑话/励志链/节日祝福，非四类目标域
iiitd_00523,"Innocent confession by Shiney Ahuja: Aasmaan me kaali ghata chhai hai, aaj fir gharwali se maar khai hai. Dil to karta hai ki sudhar jaaun, magar kaamwali aaj fir bheeg kar aayi hai.. ;)",hi,iiitd_sms_spam_v1,ham,NEEDS_REVIEW,manual,3bde7be5075e,latin-script-hinglish-or-en-IN;not-devanagari,私人对话/闲聊/笑话/励志链/节日祝福，非四类目标域
iiitd_00524,"I studied but never topped,Today toppers of best Universities r my Employees. -Bill Gates . Bas.. . Yahi statement mujhe top karne se rok deti hai...! ;)",hi,iiitd_sms_spam_v1,ham,NEEDS_REVIEW,manual,0822a108d2b8,latin-script-hinglish-or-en-IN;not-devanagari,私人对话/闲聊/笑话/励志链/节日祝福，非四类目标域
iiitd_00525,i still wanna know your dream (obviously) whenever you get free.,hi,iiitd_sms_spam_v1,ham,NEEDS_REVIEW,manual,2dd2fea14be4,latin-script-hinglish-or-en-IN;not-devanagari,私人对话/闲聊/笑话/励志链/节日祝福，非四类目标域
iiitd_00526,i still have a Rs.40 air hockey receipt from dlf saket dated 13.07.10. Remember?,hi,iiitd_sms_spam_v1,ham,NEEDS_REVIEW,manual,443ab4c88857,latin-script-hinglish-or-en-IN;not-devanagari,私人对话/闲聊/笑话/励志链/节日祝福，非四类目标域
iiitd_00527,"I Stepped oN Cowdung and suddenly I remembrd U..!! But Y?. . . Hmmm . . . BCoz, Life Is SHIT Without U!!! . :) :p",hi,iiitd_sms_spam_v1,ham,NEEDS_REVIEW,manual,7e59dc8718cc,latin-script-hinglish-or-en-IN;not-devanagari,私人对话/闲聊/笑话/励志链/节日祝福，非四类目标域
iiitd_00528,I started callin him. But he is not carin,hi,iiitd_sms_spam_v1,ham,NEEDS_REVIEW,manual,dadeab3835bd,latin-script-hinglish-or-en-IN;not-devanagari,私人对话/闲聊/笑话/励志链/节日祝福，非四类目标域
iiitd_00529,I started callin him. But he is not carin,hi,iiitd_sms_spam_v1,ham,NEEDS_REVIEW,manual,dadeab3835bd,latin-script-hinglish-or-en-IN;not-devanagari,私人对话/闲聊/笑话/励志链/节日祝福，非四类目标域
iiitd_00530,I spent 500,hi,iiitd_sms_spam_v1,ham,NEEDS_REVIEW,manual,250562a5e594,latin-script-hinglish-or-en-IN;not-devanagari,私人对话/闲聊/笑话/励志链/节日祝福，非四类目标域
iiitd_00531,"I smile at whom i like, i cry 4 whom i care,i share wid whom i luv,i laugh wid whom i enjoy.,i msg only 2 those whom i nvr want 2 lose.",hi,iiitd_sms_spam_v1,ham,NEEDS_REVIEW,manual,309e85d0ca79,latin-script-hinglish-or-en-IN;not-devanagari,私人对话/闲聊/笑话/励志链/节日祝福，非四类目标域
iiitd_00532,I slit the sheet - the sheet I slit - and on the slitted sheet I sit.-160by2.com {Ad: Why spend money when U can sms for FREE-160by2.com. Register NOW!},hi,iiitd_sms_spam_v1,ham,NEEDS_REVIEW,audit_fixpass_iiitd,8bbf778031aa,latin-script-hinglish-or-en-IN;not-devanagari | [fix:AD->NEEDS_REVIEW] ham闲聊/附带免费短信广告尾巴,160by2.com免费短信服务推广广告
iiitd_00533,I slit the sheet - the sheet I slit - and on the slitted sheet I sit.,hi,iiitd_sms_spam_v1,ham,NEEDS_REVIEW,manual,8bbf778031aa,latin-script-hinglish-or-en-IN;not-devanagari,私人对话/闲聊/笑话/励志链/节日祝福，非四类目标域
iiitd_00534,"Innocence at its best- A smal boy askd his preg mom, wats der in it? Mom - Thers a lovely baby in it- Child - If its so lovely, y did u eat it? gn",hi,iiitd_sms_spam_v1,ham,NEEDS_REVIEW,manual,ed38c891711d,latin-script-hinglish-or-en-IN;not-devanagari,私人对话/闲聊/笑话/励志链/节日祝福，非四类目标域
iiitd_00535,I slept hehe,hi,iiitd_sms_spam_v1,ham,NEEDS_REVIEW,manual,3be7531b89cf,latin-script-hinglish-or-en-IN;not-devanagari,私人对话/闲聊/笑话/励志链/节日祝福，非四类目标域
iiitd_00536,i sent u mail on dipesh.tech,hi,iiitd_sms_spam_v1,ham,NEEDS_REVIEW,manual,a6bbd82774a6,latin-script-hinglish-or-en-IN;not-devanagari,私人对话/闲聊/笑话/励志链/节日祝福，非四类目标域
iiitd_00537,I sent my cares 2 d wind n asked it 2 pass them 2 u.So when u feel d Wind Blowing against ur Face.. That's Me saying Take Care...,hi,iiitd_sms_spam_v1,ham,NEEDS_REVIEW,manual,ad88f2c97005,latin-script-hinglish-or-en-IN;not-devanagari,私人对话/闲聊/笑话/励志链/节日祝福，非四类目标域
iiitd_00538,I see u Aankhon say I feel u sanson say I remember u chahat say I belive u jaan say I care u dil say & .**.*** I MISs * *. U .*Kasam se',hi,iiitd_sms_spam_v1,ham,NEEDS_REVIEW,manual,4d69e47fbfac,latin-script-hinglish-or-en-IN;not-devanagari,私人对话/闲聊/笑话/励志链/节日祝福，非四类目标域
iiitd_00539,"I Searched many gardens  to select a flower 2 give  U as gift,  But,  I did'nt find any flower beautiful than ur Smile..    .      .    Next joke tommorrow:-)",hi,iiitd_sms_spam_v1,ham,NEEDS_REVIEW,manual,de97df10a427,latin-script-hinglish-or-en-IN;not-devanagari,私人对话/闲聊/笑话/励志链/节日祝福，非四类目标域
iiitd_00540,"I say Crazy Things When m Hyper but dont do them...I say Stupid Things Wen m Angry bt dont mean them...I say Hurtful Things Wen m Hurt bt dont mean to Q. Write an assy on SARDAR.ANS. Sardar ek vichitra prani hai,Yeh punjab K talhati mei paya jata hai,Guruparv K din yeh bhaari sankhya me dekhne ko milt38%doc in USA r INDIANS12%scntist in US r INDIANS36%NASA scintists r INDIANS34%Micrsoft emplyes r INDIANS            17%INTEL emplyes r INDIANShurt uI say Silly Things without thinking but laugh at myself later...To all my Friends who Ignore my crazy talk, Laugh at my Silliness...Forgive me hain,Langar hi inka paustik aahar hai,Yeh chutkule banane K kaam aate hain,Janam lene K 16 saal tak nar-mada me koi antar nahi paya jata hai,16 saal K                   28%IBM emplyes r INDIANS            INDIANS r Gr8...Bt INDIA is NT..!If al dese brainful fools hd wrkd 4 India,v wud hav raced USe if i had ever hurt you...ThankZzZ for Accepting Me as I am....  baad mada apsara aur nar ek bhayankar rup dharan kar lete hain,12 baje K karib inke nikat nahi jana chahiyeYe hanikarak sidh ho sakte h... So tak care",hi,iiitd_sms_spam_v1,ham,NEEDS_REVIEW,manual,a4f56ee25ef9,latin-script-hinglish-or-en-IN;not-devanagari,私人对话/闲聊/笑话/励志链/节日祝福，非四类目标域
iiitd_00541,"Who is the Most Hardworking Guy in MTV Roadies except Raghu, Rajeev & Rannvijay..?.....The One who operates the BEEP **** Button..;)",hi,iiitd_sms_spam_v1,ham,NEEDS_REVIEW,audit_fixpass_iiitd,c8fc80f4c85f,latin-script-hinglish-or-en-IN;not-devanagari | [fix:NEEDS_REVIEW->AD] 问答/竞猜增值短信，非诈骗 | [fix:AD->NEEDS_REVIEW] 私人闲聊误判问答,问答/竞猜增值短信，非诈骗
iiitd_00542,I saw u on d road 2day... U wer lookin so fine ur face so devine ur wak so perfct my heart startd 2 sing a lovly song who let d dogs out who who who...,hi,iiitd_sms_spam_v1,ham,NEEDS_REVIEW,manual,ef5797f69743,latin-script-hinglish-or-en-IN;not-devanagari,私人对话/闲聊/笑话/励志链/节日祝福，非四类目标域
iiitd_00543,i saw that sprite ad also. the one in which other girls don't wear matching clothes. wicket!!! kallis out! :) good wicket keeping BY DHONI. ;),hi,iiitd_sms_spam_v1,ham,NEEDS_REVIEW,manual,efe086f36d94,latin-script-hinglish-or-en-IN;not-devanagari,私人对话/闲聊/笑话/励志链/节日祝福，非四类目标域
iiitd_00544,I saw paran0rmal activity on theatre and me ek scene me uchal pada:-D,hi,iiitd_sms_spam_v1,ham,NEEDS_REVIEW,manual,cfb6b20817f3,latin-script-hinglish-or-en-IN;not-devanagari,私人对话/闲聊/笑话/励志链/节日祝福，非四类目标域
iiitd_00545,Innocence at its best-,hi,iiitd_sms_spam_v1,ham,NEEDS_REVIEW,manual,28589bd2eef9,latin-script-hinglish-or-en-IN;not-devanagari,私人对话/闲聊/笑话/励志链/节日祝福，非四类目标域
iiitd_00546,I saw de videos in de Pallabs lap itself. I need to know how u implemented de speech processin in de robo .,hi,iiitd_sms_spam_v1,ham,NEEDS_REVIEW,manual,28de3affdc7f,latin-script-hinglish-or-en-IN;not-devanagari,私人对话/闲聊/笑话/励志链/节日祝福，非四类目标域
iiitd_00547,I saw de videos in de Pallab's lap itself. I need to know how u implemented de speech processin in de robo .,hi,iiitd_sms_spam_v1,ham,NEEDS_REVIEW,manual,ed50efb27ed9,latin-script-hinglish-or-en-IN;not-devanagari,私人对话/闲聊/笑话/励志链/节日祝福，非四类目标域
iiitd_00548,I said nah if i do then 6..,hi,iiitd_sms_spam_v1,ham,NEEDS_REVIEW,manual,385c7cc48700,latin-script-hinglish-or-en-IN;not-devanagari,私人对话/闲聊/笑话/励志链/节日祝福，非四类目标域
iiitd_00549,"i said love you, when you disconnected.",hi,iiitd_sms_spam_v1,ham,NEEDS_REVIEW,manual,1050c634c447,latin-script-hinglish-or-en-IN;not-devanagari,私人对话/闲聊/笑话/励志链/节日祝福，非四类目标域
iiitd_00550,"I said, I'm d sweetest in d world. God laughed & said,wait, u have not met d person reading dis sms... ... Moral- Even God lies.",hi,iiitd_sms_spam_v1,ham,NEEDS_REVIEW,manual,2b337d52326d,latin-script-hinglish-or-en-IN;not-devanagari,私人对话/闲聊/笑话/励志链/节日祝福，非四类目标域
iiitd_00551,Who is teaching?,hi,iiitd_sms_spam_v1,ham,NEEDS_REVIEW,audit_fixpass_iiitd,aaa1167b698e,latin-script-hinglish-or-en-IN;not-devanagari | [fix:NEEDS_REVIEW->AD] 问答/竞猜增值短信，非诈骗 | [fix:AD->NEEDS_REVIEW] 私人闲聊误判问答,问答/竞猜增值短信，非诈骗
iiitd_00552,"I requested to God-Let my friend be happy & healthy forever..God said-for 4 days only..I said ok-Springday,Summerday,Autumnday n Winterday..He said no-only 3 days..I said ok-Yesterday,Today n Tomorrow..He said no-only 2 days..I said ok-Good day & Bad day..He said no-only 1 day..I said-Everyday..God laughed & said-ok, u win..ur frnd wil Be happy n healthy forever my dear.....GooD NighT. Tk care....swt drmz....",hi,iiitd_sms_spam_v1,ham,NEEDS_REVIEW,manual,b8d70070b65f,latin-script-hinglish-or-en-IN;not-devanagari,私人对话/闲聊/笑话/励志链/节日祝福，非四类目标域
iiitd_00553,i remembered the gmail password.,hi,iiitd_sms_spam_v1,ham,NEEDS_REVIEW,manual,a30cc8c36949,latin-script-hinglish-or-en-IN;not-devanagari,私人对话/闲聊/笑话/励志链/节日祝福，非四类目标域
iiitd_00554,i rely rely hope ur able to go shopping wid me today or tom. tc.,hi,iiitd_sms_spam_v1,ham,NEEDS_REVIEW,manual,4f457c488c92,latin-script-hinglish-or-en-IN;not-devanagari,私人对话/闲聊/笑话/励志链/节日祝福，非四类目标域
iiitd_00555,I realised that somethings in life hurt more than words can ever express.. When the people you hold so high suddenly make you feel so small.. When the best of your friends laugh at you when you had expected them to support you.. When the most special person in your life makes you feel so unwanted.. When the people you cant live without tell you they dont need you anymore.. When the people who have always been a part of your prayers dont even want to hear your name.. When people who had once listened to everything you say suddenly declare that they dont understand you anymore.. It is rightly said 'only the wearer knows where the shoe bites'.,hi,iiitd_sms_spam_v1,ham,NEEDS_REVIEW,manual,e24a4e86c512,latin-script-hinglish-or-en-IN;not-devanagari,私人对话/闲聊/笑话/励志链/节日祝福，非四类目标域
iiitd_00556,Is dere ny bag of urs in hstl rum which is spare?,hi,iiitd_sms_spam_v1,ham,NEEDS_REVIEW,manual,c075780e591b,latin-script-hinglish-or-en-IN;not-devanagari,私人对话/闲聊/笑话/励志链/节日祝福，非四类目标域
iiitd_00557,Inner peace;-),hi,iiitd_sms_spam_v1,ham,NEEDS_REVIEW,manual,0707441b14d3,latin-script-hinglish-or-en-IN;not-devanagari,私人对话/闲聊/笑话/励志链/节日祝福，非四类目标域
iiitd_00558,"I put my heart and my soul into my work, and have lost my mind in the process.",hi,iiitd_sms_spam_v1,ham,NEEDS_REVIEW,manual,86b919443fcd,latin-script-hinglish-or-en-IN;not-devanagari,私人对话/闲聊/笑话/励志链/节日祝福，非四类目标域
iiitd_00559,"I propose u 4 a lyftym frndsip.Wid full dedication.No complaints, no Demandss..Wt say..?Hapy frndsip day in adv..do reply if u accept my frndsip.?Gn",hi,iiitd_sms_spam_v1,ham,NEEDS_REVIEW,manual,e607e0be7da6,latin-script-hinglish-or-en-IN;not-devanagari,私人对话/闲聊/笑话/励志链/节日祝福，非四类目标域
iiitd_00560,"I promise to tease u wen u r happy,n tease u even more wen u r sad.. :-) i promise to take money from u n never return it back;-) & i promise to kill u if u dont wanna b frnds wid me anymore :-@ i promise to b ur frnd for da rest of my lyf!! And do al silly thngs to irritate u.. Just 2 see u smile..",hi,iiitd_sms_spam_v1,ham,NEEDS_REVIEW,manual,57ed8af875a1,latin-script-hinglish-or-en-IN;not-devanagari,私人对话/闲聊/笑话/励志链/节日祝福，非四类目标域
iiitd_00561,I promise to be by your side always..whenever u need me..in your happy times and your sad times..coz u r someone i never wanna lose..i love you..n i ll be your friend forever..i promise..Happy promise day..,hi,iiitd_sms_spam_v1,ham,NEEDS_REVIEW,manual,fb5bb9d1c3eb,latin-script-hinglish-or-en-IN;not-devanagari,私人对话/闲聊/笑话/励志链/节日祝福，非四类目标域
iiitd_00562,I promise to be by your side always..whenever u need me..in your happy times and your sad times..coz u r someone i never wanna lose..i love you..n i ll be your friend forever..i promise.. Happy promise day..,hi,iiitd_sms_spam_v1,ham,NEEDS_REVIEW,manual,fb5bb9d1c3eb,latin-script-hinglish-or-en-IN;not-devanagari,私人对话/闲聊/笑话/励志链/节日祝福，非四类目标域
iiitd_00563,I promise ki humesha ki tarah ab bhi tumahara dimaag khana kayam rakhungy .....hehehahahahaha happy promise day gud morning,hi,iiitd_sms_spam_v1,ham,NEEDS_REVIEW,manual,329dbede4125,latin-script-hinglish-or-en-IN;not-devanagari,私人对话/闲聊/笑话/励志链/节日祝福，非四类目标域
iiitd_00564,Who is moe cnfsd?Sardarji o Gorkhali?Sardarji ws comn to Darjln at bend he saw a baner readn:WELCOME TO GORKHALANDAt d vry nxt bend he saw a bgr baner readn:WE WANT GORKHALAND,hi,iiitd_sms_spam_v1,ham,NEEDS_REVIEW,audit_fixpass_iiitd,eea99a0bc070,latin-script-hinglish-or-en-IN;not-devanagari | [fix:NEEDS_REVIEW->AD] 问答/竞猜增值短信，非诈骗 | [fix:AD->NEEDS_REVIEW] 私人闲聊误判问答,问答/竞猜增值短信，非诈骗
iiitd_00565,"I PROMISE 2 MAKE U HAPPY WEN U R SAD, I PROMISE 2 MAKE U LAUGH WEN U CRY, I PROMISE 2 B WID U WEN U R ALONE, I PROMISE 2 SUPPORT U WENEVER U NEED ME, I PROMISE DAT U WL ALWAYS HAV A SPCL PLACE IN MY HEART:-)HAPPY PROMISE DAY:-)",hi,iiitd_sms_spam_v1,ham,NEEDS_REVIEW,manual,67396bd65053,latin-script-hinglish-or-en-IN;not-devanagari,私人对话/闲聊/笑话/励志链/节日祝福，非四类目标域
iiitd_00566,"I pray to god to give u Shanti, Shakti, Sampati, Swarup, Saiyam, Sanskar, Swaasth, Sanmaan, Saraswati, Aur sneh. Shubh Diwali",hi,iiitd_sms_spam_v1,ham,NEEDS_REVIEW,manual,c9851a1c0b2d,latin-script-hinglish-or-en-IN;not-devanagari,私人对话/闲聊/笑话/励志链/节日祝福，非四类目标域
iiitd_00567,"I performd with strings.... today in nsit moksha.... yipeeee,!!!....:-):-):-):-):-):-):-):-)......the lukiest  gurl out f the lack crowd...:-):-):-)",hi,iiitd_sms_spam_v1,ham,NEEDS_REVIEW,manual,5efe65702afa,latin-script-hinglish-or-en-IN;not-devanagari,私人对话/闲聊/笑话/励志链/节日祝福，非四类目标域
iiitd_00568,"Inkar ko ikrar kehte hai,khamoshi ko izhar kehte hai,kya dastur hai is duniya ka,ek khubsurat sa dhokha hai, jise log PYAR kehte hai...",hi,iiitd_sms_spam_v1,ham,NEEDS_REVIEW,manual,deda296a02b8,latin-script-hinglish-or-en-IN;not-devanagari,私人对话/闲聊/笑话/励志链/节日祝福，非四类目标域
iiitd_00569,I no:-P,hi,iiitd_sms_spam_v1,ham,NEEDS_REVIEW,manual,434052023ecd,latin-script-hinglish-or-en-IN;not-devanagari,私人对话/闲聊/笑话/励志链/节日祝福，非四类目标域
iiitd_00570,I never found out why u walked awayand never said goodbyebut now that i see youi'm torn inside but i still guard my pride...,hi,iiitd_sms_spam_v1,ham,NEEDS_REVIEW,manual,48eaa8ac4ada,latin-script-hinglish-or-en-IN;not-devanagari,私人对话/闲聊/笑话/励志链/节日祝福，非四类目标域
iiitd_00571,I never forget my friends . And u and me hav de same passion so defi it cant be possible 4 me to forget u . At least sm day call me not to scold jus 4 a chat .,hi,iiitd_sms_spam_v1,ham,NEEDS_REVIEW,manual,f184eaf0fb54,latin-script-hinglish-or-en-IN;not-devanagari,私人对话/闲聊/笑话/励志链/节日祝福，非四类目标域
iiitd_00572,I never forget my friends . And u and me hav de same passion so defi it cant be possible 4 me to forget u . At least sm day call me not to scold jus 4 a chat .,hi,iiitd_sms_spam_v1,ham,NEEDS_REVIEW,manual,f184eaf0fb54,latin-script-hinglish-or-en-IN;not-devanagari,私人对话/闲聊/笑话/励志链/节日祝福，非四类目标域
iiitd_00573,I never expect other to remember me..!  But i always drop my messag into their inbox to say i love to remember them... :-) ..nd dat my msgs r FREE ;-):-D,hi,iiitd_sms_spam_v1,ham,NEEDS_REVIEW,manual,ded899bc7e90,latin-script-hinglish-or-en-IN;not-devanagari,私人对话/闲聊/笑话/励志链/节日祝福，非四类目标域
iiitd_00574,I needed those sensors today. Could u plz ask sandeep bhaiyan. I dont hav his number. Sorry to disturb u.,hi,iiitd_sms_spam_v1,ham,NEEDS_REVIEW,manual,7989ee4459ed,latin-script-hinglish-or-en-IN;not-devanagari,私人对话/闲聊/笑话/励志链/节日祝福，非四类目标域
iiitd_00575,I need your last year's dbms b tree assignment...,hi,iiitd_sms_spam_v1,ham,NEEDS_REVIEW,manual,b72f25804450,latin-script-hinglish-or-en-IN;not-devanagari,私人对话/闲聊/笑话/励志链/节日祝福，非四类目标域
iiitd_00576,Who is gssh? N y hav u reinforced dis person 4m my a/c?,hi,iiitd_sms_spam_v1,ham,NEEDS_REVIEW,audit_fixpass_iiitd,c3ff95f964a2,latin-script-hinglish-or-en-IN;not-devanagari | [fix:NEEDS_REVIEW->AD] 问答/竞猜增值短信，非诈骗 | [fix:AD->NEEDS_REVIEW] 私人闲聊误判问答,问答/竞猜增值短信，非诈骗
iiitd_00577,i need ur help .. i want fp database of urs .. dr.mayank is asking ...,hi,iiitd_sms_spam_v1,ham,NEEDS_REVIEW,manual,97d41b90c125,latin-script-hinglish-or-en-IN;not-devanagari,私人对话/闲聊/笑话/励志链/节日祝福，非四类目标域
iiitd_00578,"i need u to tell me wot hapnd in colg, whether i shud order my cake or u will manage, wot n all wil v hv to drink n hw will u get all of it including champagne. n if ur coming wid me in d morning or nt? AND ALL OF THIS IS URGENT AND IMPORTANT, SO CALL ME ASAP!!!",hi,iiitd_sms_spam_v1,ham,NEEDS_REVIEW,manual,11dfbb6ddf93,latin-script-hinglish-or-en-IN;not-devanagari,私人对话/闲聊/笑话/励志链/节日祝福，非四类目标域
iiitd_00579,Inhand kitna?,hi,iiitd_sms_spam_v1,ham,NEEDS_REVIEW,manual,6946f3975339,latin-script-hinglish-or-en-IN;not-devanagari,私人对话/闲聊/笑话/励志链/节日祝福，非四类目标域
iiitd_00580,I need U,hi,iiitd_sms_spam_v1,ham,NEEDS_REVIEW,manual,3c58047ec0b4,latin-script-hinglish-or-en-IN;not-devanagari,私人对话/闲聊/笑话/励志链/节日祝福，非四类目标域
iiitd_00581,I need 2 tok 2 u. Its a lil bit important. Call me wen ur free. N best of luck 4 ur test n assignments.,hi,iiitd_sms_spam_v1,ham,NEEDS_REVIEW,manual,abe0e5e488b9,latin-script-hinglish-or-en-IN;not-devanagari,私人对话/闲聊/笑话/励志链/节日祝福，非四类目标域
iiitd_00582,I nd to talk to u.plz wake up.,hi,iiitd_sms_spam_v1,ham,NEEDS_REVIEW,manual,a910c1ab71db,latin-script-hinglish-or-en-IN;not-devanagari,私人对话/闲聊/笑话/励志链/节日祝福，非四类目标域
iiitd_00583,I msng u a lot.so gvng u msd cals. Bt abi yaad aya ki tu ghar par h...sry 4 dat....,hi,iiitd_sms_spam_v1,ham,NEEDS_REVIEW,manual,0157fe767fea,latin-script-hinglish-or-en-IN;not-devanagari,私人对话/闲聊/笑话/励志链/节日祝福，非四类目标域
iiitd_00584,I MISS U.. Lekin pta hai miss to school mei hoti hai. School mei to bache hote hai. Bache to chote hote hai. Choti to chiriya hoti hai. Chidiya to udti hai. Udta to kawwa bhi hai. Kawwa to kaala hota hai. Kaali to billi bi hoti hai. Billi to sher ki khala hai. Sher to jungle mei rehta hai. Jungle mei to haathi bhi rehta hai. Hathi to bahut bda hota hai. Bda to samandar bhi hai. Samandar to neela hota hai. Neela to asmaan bhi hota hai. Asmaan par to taare hote hai. Taare to chmakte bhi hai. Chmakta to heera bhi hai. Heera to mehnga hota hai. Mehnga to sona hota hai. Sona to raat ko hota hai. Raat ke baad toh subah hoti hai. Subah to naashta krte hai. Nashte mei to bread hota hai. bread 2 rang ka hota hai. 2 rang ka toh zebra bhi hota hai. Zebra to ghode jaisa hota hai. Ghoda toh tanga chlata hai. Taange par bache school jate hai. School me to miss hoti he. Miss se yaad aaya.. ''I MISS U''...;-P,hi,iiitd_sms_spam_v1,ham,NEEDS_REVIEW,manual,bebf07a9cafc,latin-script-hinglish-or-en-IN;not-devanagari,私人对话/闲聊/笑话/励志链/节日祝福，非四类目标域
iiitd_00585,"I MISS U-3 words but take 3 secs to read,3 mins to think,3 hrs to understand,3days to demonstrate,3 weeks to explain & whole life to prove",hi,iiitd_sms_spam_v1,ham,NEEDS_REVIEW,manual,f1cb2bb12bce,latin-script-hinglish-or-en-IN;not-devanagari,私人对话/闲聊/笑话/励志链/节日祝福，非四类目标域
iiitd_00586,i MIGHT have a chance in TCS for internship. dad just called. he's just landed at the airport and now directly going to jaipur.,hi,iiitd_sms_spam_v1,ham,NEEDS_REVIEW,manual,c84e53dbf3f9,latin-script-hinglish-or-en-IN;not-devanagari,私人对话/闲聊/笑话/励志链/节日祝福，非四类目标域
iiitd_00587,i meant meri side se bi wen u meet him . tune to kar hi diya hoga im sure . pagal :-P teri wall pe pagalpanti.kar rhi hu me ;-),hi,iiitd_sms_spam_v1,ham,NEEDS_REVIEW,manual,fde8bfc232b4,latin-script-hinglish-or-en-IN;not-devanagari,私人对话/闲聊/笑话/励志链/节日祝福，非四类目标域
iiitd_00588,Who is d luckiest luver in dis world.?  1 guy who loved a girl madly but cud not propose her...gets d same girl as her wife in arrange marriage.!:-),hi,iiitd_sms_spam_v1,ham,NEEDS_REVIEW,audit_fixpass_iiitd,57990bfa5911,latin-script-hinglish-or-en-IN;not-devanagari | [fix:NEEDS_REVIEW->AD] 问答/竞猜增值短信，非诈骗 | [fix:AD->NEEDS_REVIEW] 私人闲聊误判问答,问答/竞猜增值短信，非诈骗
iiitd_00589,I mean phone pe gussa nikal de yar. Frustration khatam kar and stop being annoyed.,hi,iiitd_sms_spam_v1,ham,NEEDS_REVIEW,manual,7ced6d68914a,latin-script-hinglish-or-en-IN;not-devanagari,私人对话/闲聊/笑话/励志链/节日祝福，非四类目标域
iiitd_00590,"INGLISH SHAYRI The janaza of mehboob nikla from the gali of mehbooba, with lots of zor shor, the mehbooba jhanki from the door,or boli 'Mar gaya hramkhor':-)",hi,iiitd_sms_spam_v1,ham,NEEDS_REVIEW,manual,90ce0d294745,latin-script-hinglish-or-en-IN;not-devanagari,私人对话/闲聊/笑话/励志链/节日祝福，非四类目标域
iiitd_00591,"I may be inocent 2 know what friendship is, I may not carry it the way you all deserve it. But i always promise to maintain friendship d way i understnd it..",hi,iiitd_sms_spam_v1,ham,NEEDS_REVIEW,manual,32d8e10faab9,latin-script-hinglish-or-en-IN;not-devanagari,私人对话/闲聊/笑话/励志链/节日祝福，非四类目标域
iiitd_00592,"I may be a person not of much importance to you . . . I may not be the person who can make you happy the way others make you . . . I may not have a place for myself in your scroll . . . But I know that I am something better than nothing . . . Friend is my common name . . . Its your wish to prefix me with close, best, good, bad, fake or worst . . . Whatever it may be- I'm happy that you call me a 'FRIEND' -a word that throws light in my life...!!",hi,iiitd_sms_spam_v1,ham,NEEDS_REVIEW,manual,952458f655d3,latin-script-hinglish-or-en-IN;not-devanagari,私人对话/闲聊/笑话/励志链/节日祝福，非四类目标域
iiitd_00593,"I may b gone 4 a min,4an hr,4a day,4a mnth,bt i'l always b der 4u.I may nt b able 2 alwys say gdmrng,gd evng, gdni8,bt i prmise will nvr say gud bye.:)",hi,iiitd_sms_spam_v1,ham,NEEDS_REVIEW,manual,ec7f12ac5d4a,latin-script-hinglish-or-en-IN;not-devanagari,私人对话/闲聊/笑话/励志链/节日祝福，非四类目标域
iiitd_00594,I m wid u nly most probably...... And i guess 3 ppl instead f 2 v can chooz a bettr project n ace it...,hi,iiitd_sms_spam_v1,ham,NEEDS_REVIEW,manual,b6fe4e504128,latin-script-hinglish-or-en-IN;not-devanagari,私人对话/闲聊/笑话/励志链/节日祝福，非四类目标域
iiitd_00595,I m watchng serendipity nd yar clas aane ka man bilkul ni h....,hi,iiitd_sms_spam_v1,ham,NEEDS_REVIEW,manual,4b9024283a4f,latin-script-hinglish-or-en-IN;not-devanagari,私人对话/闲聊/笑话/励志链/节日祝福，非四类目标域
iiitd_00596,I m watchng gud lck chuk.its nice.,hi,iiitd_sms_spam_v1,ham,NEEDS_REVIEW,manual,d23abc7a94fd,latin-script-hinglish-or-en-IN;not-devanagari,私人对话/闲聊/笑话/励志链/节日祝福，非四类目标域
iiitd_00597,I m washng ma face.,hi,iiitd_sms_spam_v1,ham,NEEDS_REVIEW,manual,c6a70fc1f23b,latin-script-hinglish-or-en-IN;not-devanagari,私人对话/闲聊/笑话/励志链/节日祝福，非四类目标域
iiitd_00598,Who Is d Laziest Person In d World? . A.Who Invented The 'SNOOZE' Option In Alarm! Gd nyt!!:-),hi,iiitd_sms_spam_v1,ham,NEEDS_REVIEW,audit_fixpass_iiitd,dcc358263ce0,latin-script-hinglish-or-en-IN;not-devanagari | [fix:NEEDS_REVIEW->AD] 问答/竞猜增值短信，非诈骗 | [fix:AD->NEEDS_REVIEW] 私人闲聊误判问答,问答/竞猜增值短信，非诈骗
iiitd_00599,I m waiting!How long!,hi,iiitd_sms_spam_v1,ham,NEEDS_REVIEW,manual,eda43420d5d7,latin-script-hinglish-or-en-IN;not-devanagari,私人对话/闲聊/笑话/励志链/节日祝福，非四类目标域
iiitd_00600,I m trying ur number continuously but it z always coming unavailable ...,hi,iiitd_sms_spam_v1,ham,NEEDS_REVIEW,manual,293401a15359,latin-script-hinglish-or-en-IN;not-devanagari,私人对话/闲聊/笑话/励志链/节日祝福，非四类目标域
iiitd_00601,ing tong Yes koun? Main sms Kya chaiye? Aapke chehre par pyari si smile! Haan yehi wali. Good mornin,hi,iiitd_sms_spam_v1,ham,NEEDS_REVIEW,manual,3113ce663d36,latin-script-hinglish-or-en-IN;not-devanagari,私人对话/闲聊/笑话/励志链/节日祝福，非四类目标域
iiitd_00602,"I m thnkng ki subh subh kahin jaun jisse ki mood lyt ho sake..., 6 bje akshardham chalega?",hi,iiitd_sms_spam_v1,ham,NEEDS_REVIEW,manual,4610bd834adb,latin-script-hinglish-or-en-IN;not-devanagari,私人对话/闲聊/笑话/励志链/节日祝福，非四类目标域
iiitd_00603,"I m the Best i can prove it!!! I can put coffee in coffee cup.Can u put world in world cup? Ok 1 more I can send my no, on ur cell. Can u send ur cell on my no? Ha Ha Ha.. Ok Ok 1 MOrE, I can send my address on ur mob.Can u send ur mob. on my address? Nahi na..Kaha na only I m the Best",hi,iiitd_sms_spam_v1,ham,NEEDS_REVIEW,manual,b9c751e1593c,latin-script-hinglish-or-en-IN;not-devanagari,私人对话/闲聊/笑话/励志链/节日祝福，非四类目标域
iiitd_00604,I m swtchng of d cel nd chrgng par laga ri hun. Dnt wry nd tc...,hi,iiitd_sms_spam_v1,ham,NEEDS_REVIEW,manual,a44455cc1f52,latin-script-hinglish-or-en-IN;not-devanagari,私人对话/闲聊/笑话/励志链/节日祝福，非四类目标域
iiitd_00605,"I m sure dat Dis day v r the masters of r fate, dat the task set b4 us is not abve my strngth, dat its pangs & toils r not beyond my endurnceAs long as v hve faith in r own cause & unconquerable will 2 win, victry wil not b denied 2 us",hi,iiitd_sms_spam_v1,ham,NEEDS_REVIEW,manual,549744204464,latin-script-hinglish-or-en-IN;not-devanagari,私人对话/闲聊/笑话/励志链/节日祝福，非四类目标域
iiitd_00606,I m stdng python. Warna kal tuts me bhi vikram sir meri lenge...kk.wat u dng? Mein abi padhne bethi hun nd listning to songs also.,hi,iiitd_sms_spam_v1,ham,NEEDS_REVIEW,manual,8cd4fa0e0888,latin-script-hinglish-or-en-IN;not-devanagari,私人对话/闲聊/笑话/励志链/节日祝福，非四类目标域
iiitd_00607,I m sry for wat i did with u...i m always hurting ppl...sry...,hi,iiitd_sms_spam_v1,ham,NEEDS_REVIEW,manual,36f435c84b93,latin-script-hinglish-or-en-IN;not-devanagari,私人对话/闲聊/笑话/励志链/节日祝福，非四类目标域
iiitd_00608,I m rdy.so nice na subah subah...othrs r sleeping...nd mein thande pani se nhali toh khanse ja ri hun...,hi,iiitd_sms_spam_v1,ham,NEEDS_REVIEW,manual,cb7a24042664,latin-script-hinglish-or-en-IN;not-devanagari,私人对话/闲聊/笑话/励志链/节日祝福，非四类目标域
iiitd_00609,I m playng wid d gm jo tune mujhe diya tha boost wala. Divya k sath...,hi,iiitd_sms_spam_v1,ham,NEEDS_REVIEW,manual,0d09657fa86e,latin-script-hinglish-or-en-IN;not-devanagari,私人对话/闲聊/笑话/励志链/节日祝福，非四类目标域
iiitd_00610,"Who is a close frnd? Woh jo pehla aasu tham le, phir aansu poch de, or phir chehre ko haanthon me tham kar kahe chal drame band kar....!! :-D",hi,iiitd_sms_spam_v1,ham,NEEDS_REVIEW,audit_fixpass_iiitd,986eccccfdc6,latin-script-hinglish-or-en-IN;not-devanagari | [fix:NEEDS_REVIEW->AD] 问答/竞猜增值短信，非诈骗 | [fix:AD->NEEDS_REVIEW] 私人闲聊误判问答,问答/竞猜增值短信，非诈骗
iiitd_00611,I m nt sleeping.....nd wat u dng?...,hi,iiitd_sms_spam_v1,ham,NEEDS_REVIEW,manual,da46761192a0,latin-script-hinglish-or-en-IN;not-devanagari,私人对话/闲聊/笑话/励志链/节日祝福，非四类目标域
iiitd_00612,Indraprastha...you??,hi,iiitd_sms_spam_v1,ham,NEEDS_REVIEW,manual,cb1433c0aa15,latin-script-hinglish-or-en-IN;not-devanagari,私人对话/闲聊/笑话/励志链/节日祝福，非四类目标域
iiitd_00613,I m nt njoyng. Kuch karne ka man hi ni h. Tu bta yar...mujhe kpde b dhone ka man nhi h...wat to do...bs aise hi bhot lazipana chadh rha h.,hi,iiitd_sms_spam_v1,ham,NEEDS_REVIEW,manual,32c41405410b,latin-script-hinglish-or-en-IN;not-devanagari,私人对话/闲聊/笑话/励志链/节日祝福，非四类目标域
iiitd_00614,I m nt mad for ny1...gn...,hi,iiitd_sms_spam_v1,ham,NEEDS_REVIEW,manual,5b433632da18,latin-script-hinglish-or-en-IN;not-devanagari,私人对话/闲聊/笑话/励志链/节日祝福，非四类目标域
iiitd_00615,"I m nt in mood to say nythng. I m flng helples nd hopeles. U betr go to slp. A jayegi, try karlo.",hi,iiitd_sms_spam_v1,ham,NEEDS_REVIEW,manual,62ca0a23955d,latin-script-hinglish-or-en-IN;not-devanagari,私人对话/闲聊/笑话/励志链/节日祝福，非四类目标域
iiitd_00616,I m nt getng anythng. We wil talk 2mrw abt dat.,hi,iiitd_sms_spam_v1,ham,NEEDS_REVIEW,manual,a5006a55acc6,latin-script-hinglish-or-en-IN;not-devanagari,私人对话/闲聊/笑话/励志链/节日祝福，非四类目标域
iiitd_00617,I m nt doing anythn,hi,iiitd_sms_spam_v1,ham,NEEDS_REVIEW,manual,c31bcb59b504,latin-script-hinglish-or-en-IN;not-devanagari,私人对话/闲聊/笑话/励志链/节日祝福，非四类目标域
iiitd_00618,I m nt d best person in ur life... . . . Bt... . . . I jus hope dat 1 day wen u hear ma name u wud jus smile n say... . . . Tha to Ajeeb... Bt I miss him...:),hi,iiitd_sms_spam_v1,ham,NEEDS_REVIEW,manual,84e55ae8bc3e,latin-script-hinglish-or-en-IN;not-devanagari,私人对话/闲聊/笑话/励志链/节日祝福，非四类目标域
iiitd_00619,Who can stop 500 cars with one hand..??      . . . . . . . . . Its the Traffic Police..!! Beta sab kuch RAJNIKANTH nhi krega! :D,hi,iiitd_sms_spam_v1,ham,NEEDS_REVIEW,manual,9870834b8e32,latin-script-hinglish-or-en-IN;not-devanagari,私人对话/闲聊/笑话/励志链/节日祝福，非四类目标域
iiitd_00620,I m not well.. :-(   . . . . . . . . . . .     Neither am I a handpump!!   :) He he he. :-) Worldz mst idiotic pj..,hi,iiitd_sms_spam_v1,ham,NEEDS_REVIEW,manual,71e014dd38ba,latin-script-hinglish-or-en-IN;not-devanagari,私人对话/闲聊/笑话/励志链/节日祝福，非四类目标域
iiitd_00621,I m near canteen. Gng to hostel. Wil stdy aftr lunch kk.bye.,hi,iiitd_sms_spam_v1,ham,NEEDS_REVIEW,manual,18329855e9d4,latin-script-hinglish-or-en-IN;not-devanagari,私人对话/闲聊/笑话/励志链/节日祝福，非四类目标域
iiitd_00622,I m msng u a lot...muaah:-* :-*....aaj miley ni na. Mein addicted sun ri toh aur jada aa ri h...,hi,iiitd_sms_spam_v1,ham,NEEDS_REVIEW,manual,d4e7e885ae45,latin-script-hinglish-or-en-IN;not-devanagari,私人对话/闲聊/笑话/励志链/节日祝福，非四类目标域
iiitd_00623,"Why do v Indians eagerly wish Frndshp day, Valentine day, Rose day, etc., b4 a week or few days, n feel proud dat v hav done a very great job. But y do things change wen it comes 2 our nations Independance Day. Do v hav d same eagerness? Ans is NO So come lets change our view 2wrds our nation n stop giving priority 2 the western culture. Lets be INDIANs first. HAPPY INDEPENDANCE DAY.",hi,iiitd_sms_spam_v1,ham,NEEDS_REVIEW,manual,1fa201959edd,latin-script-hinglish-or-en-IN;not-devanagari,私人对话/闲聊/笑话/励志链/节日祝福，非四类目标域
iiitd_00624,I m mailin to furr furr!!,hi,iiitd_sms_spam_v1,ham,NEEDS_REVIEW,manual,4f2789d2fd67,latin-script-hinglish-or-en-IN;not-devanagari,私人对话/闲聊/笑话/励志链/节日祝福，非四类目标域
iiitd_00625,I m lyng on bed.mene lunch kar liya h. Tune kr liya kya?...,hi,iiitd_sms_spam_v1,ham,NEEDS_REVIEW,manual,805814392bed,latin-script-hinglish-or-en-IN;not-devanagari,私人对话/闲聊/笑话/励志链/节日祝福，非四类目标域
iiitd_00626,I m leavin home....,hi,iiitd_sms_spam_v1,ham,NEEDS_REVIEW,manual,4241baddfe5d,latin-script-hinglish-or-en-IN;not-devanagari,私人对话/闲聊/笑话/励志链/节日祝福，非四类目标域
iiitd_00627,I m in me$$,hi,iiitd_sms_spam_v1,ham,NEEDS_REVIEW,manual,5a988432a0e7,latin-script-hinglish-or-en-IN;not-devanagari,私人对话/闲聊/笑话/励志链/节日祝福，非四类目标域
iiitd_00628,"Yr wat d hel. I trstd u a lot cz u r clse 2 me, bt y do u talk behind my bck? Y didn't u tel me frnkly? Y r u telng othrs? Dat Im soo, sweett..",hi,iiitd_sms_spam_v1,ham,NEEDS_REVIEW,manual,d8f415cba65c,latin-script-hinglish-or-en-IN;not-devanagari,私人对话/闲聊/笑话/励志链/节日祝福，非四类目标域
iiitd_00629,I m in ma rum. I cm bk bcz i wana ;-(,hi,iiitd_sms_spam_v1,ham,NEEDS_REVIEW,manual,8f952794d419,latin-script-hinglish-or-en-IN;not-devanagari,私人对话/闲聊/笑话/励志链/节日祝福，非四类目标域
iiitd_00630,"I m in library right now.. Whenever u need the keys, take it 4m me..",hi,iiitd_sms_spam_v1,ham,NEEDS_REVIEW,manual,217045641305,latin-script-hinglish-or-en-IN;not-devanagari,私人对话/闲聊/笑话/励志链/节日祝福，非四类目标域
iiitd_00631,I m in lab1.bt yahan padhai ni hogi.to library chalte h.,hi,iiitd_sms_spam_v1,ham,NEEDS_REVIEW,manual,5245f0d90635,latin-script-hinglish-or-en-IN;not-devanagari,私人对话/闲聊/笑话/励志链/节日祝福，非四类目标域
iiitd_00632,I m in kd room.....,hi,iiitd_sms_spam_v1,ham,NEEDS_REVIEW,manual,a265e114f2e6,latin-script-hinglish-or-en-IN;not-devanagari,私人对话/闲聊/笑话/励志链/节日祝福，非四类目标域
iiitd_00633,I m in garima rum nd we r talking.,hi,iiitd_sms_spam_v1,ham,NEEDS_REVIEW,manual,50521e3de36e,latin-script-hinglish-or-en-IN;not-devanagari,私人对话/闲聊/笑话/励志链/节日祝福，非四类目标域
iiitd_00634,Indira nagar,hi,iiitd_sms_spam_v1,ham,NEEDS_REVIEW,manual,cfd482e8836a,latin-script-hinglish-or-en-IN;not-devanagari,私人对话/闲聊/笑话/励志链/节日祝福，非四类目标域
iiitd_00635,"I m in colg abhi,vaise ask subhanshu he might get it submitted,vaise shayad mushkil ho.",hi,iiitd_sms_spam_v1,ham,NEEDS_REVIEW,manual,a231ace0befe,latin-script-hinglish-or-en-IN;not-devanagari,私人对话/闲聊/笑话/励志链/节日祝福，非四类目标域
iiitd_00636,"I m in class, where r u? plz take a rikshaw from dwarka mor to iiit delhi, nsit campus. Iiit delhi is in 3rd floor of library building",hi,iiitd_sms_spam_v1,ham,NEEDS_REVIEW,manual,11841676ba28,latin-script-hinglish-or-en-IN;not-devanagari,私人对话/闲聊/笑话/励志链/节日祝福，非四类目标域
iiitd_00637,I m in a meeting,hi,iiitd_sms_spam_v1,ham,NEEDS_REVIEW,manual,8ea625290933,latin-script-hinglish-or-en-IN;not-devanagari,私人对话/闲聊/笑话/励志链/节日祝福，非四类目标域
iiitd_00638,I m i dnt knw in d way...bt faridabad gye hue 20 mins ho gyi...i thnk i m in delhi only.,hi,iiitd_sms_spam_v1,ham,NEEDS_REVIEW,manual,587108d2dadd,latin-script-hinglish-or-en-IN;not-devanagari,私人对话/闲聊/笑话/励志链/节日祝福，非四类目标域
iiitd_00639,I m here.,hi,iiitd_sms_spam_v1,ham,NEEDS_REVIEW,manual,95b76d1d683c,latin-script-hinglish-or-en-IN;not-devanagari,私人对话/闲聊/笑话/励志链/节日祝福，非四类目标域
iiitd_00640,Who am i?A STEP wn u stop. . A HAND wn u r lost. . A WORD wn u r quite. A SMYL wn u r sad. . A SHOLDER wn u cry.Far frm u bt a FRND under the SAME SKY!,hi,iiitd_sms_spam_v1,ham,NEEDS_REVIEW,manual,a718dfde979c,latin-script-hinglish-or-en-IN;not-devanagari,私人对话/闲聊/笑话/励志链/节日祝福，非四类目标域
iiitd_00641,"I m here @ reception,Waiting!",hi,iiitd_sms_spam_v1,ham,NEEDS_REVIEW,manual,0cd1d3051a0a,latin-script-hinglish-or-en-IN;not-devanagari,私人对话/闲聊/笑话/励志链/节日祝福，非四类目标域
iiitd_00642,I m going to my rum in obh. Ankush se data cable le lena. Wo apne rum me hoga ya hostel k bahar railing pe baitha hoga.,hi,iiitd_sms_spam_v1,ham,NEEDS_REVIEW,manual,1fc748ca76c0,latin-script-hinglish-or-en-IN;not-devanagari,私人对话/闲聊/笑话/励志链/节日祝福，非四类目标域
iiitd_00643,I m gng to tak d lunch wid garima in 15 mins.,hi,iiitd_sms_spam_v1,ham,NEEDS_REVIEW,manual,b9cb982ece08,latin-script-hinglish-or-en-IN;not-devanagari,私人对话/闲聊/笑话/励志链/节日祝福，非四类目标域
iiitd_00644,I m gng to tak bath...,hi,iiitd_sms_spam_v1,ham,NEEDS_REVIEW,manual,37ffa5ea59b0,latin-script-hinglish-or-en-IN;not-devanagari,私人对话/闲聊/笑话/励志链/节日祝福，非四类目标域
iiitd_00645,"INDIANEWSLINE Woman dead,3injured during RathYatra inPuri CBI refuses2reveal info on MEA's extradition letter aboutAnderson diabetics-new insulin discovered",hi,iiitd_sms_spam_v1,ham,NEEDS_REVIEW,manual,58058701cedb,latin-script-hinglish-or-en-IN;not-devanagari,私人对话/闲聊/笑话/励志链/节日祝福，非四类目标域
iiitd_00646,I m gng to sleep nw...wat abt u?,hi,iiitd_sms_spam_v1,ham,NEEDS_REVIEW,manual,e55c753d7a0c,latin-script-hinglish-or-en-IN;not-devanagari,私人对话/闲聊/笑话/励志链/节日祝福，非四类目标域
iiitd_00647,I m gng to hostl.dm ni ayi.i ws tryng bt kuch ni hua.,hi,iiitd_sms_spam_v1,ham,NEEDS_REVIEW,manual,62aee2853da9,latin-script-hinglish-or-en-IN;not-devanagari,私人对话/闲聊/笑话/励志链/节日祝福，非四类目标域
iiitd_00648,I m gng to hostel kuch kam h mujhe...wil cm at 2.nd den we cud stdy ip. Baki jo tu kahey...kb aana h bata dena.,hi,iiitd_sms_spam_v1,ham,NEEDS_REVIEW,manual,ad86a78e832b,latin-script-hinglish-or-en-IN;not-devanagari,私人对话/闲聊/笑话/励志链/节日祝福，非四类目标域
iiitd_00649,I M FROM MTS PLZ SEND UR EMAIL ID.AND UR OTHER COMTECT NO.KHUSHIAnees khan.,hi,iiitd_sms_spam_v1,ham,HARASS,audit_fixpass_iiitd,268dad6da35e,latin-script-hinglish-or-en-IN;not-devanagari | [fix:FRAUD->HARASS] 要邮箱/联系方式，偏骚扰索取,冒充MTS人员索要邮箱和其他联系方式，疑似诈骗
iiitd_00650,I m free.,hi,iiitd_sms_spam_v1,ham,NEEDS_REVIEW,manual,8f6a0f56f742,latin-script-hinglish-or-en-IN;not-devanagari,私人对话/闲聊/笑话/励志链/节日祝福，非四类目标域
iiitd_00651,I m fine but suffering from typhoid.my stream is .net and locatn is lucknow as it is close to my home vanaras.i have to join there on 18 april.where r u and how is traning going on,hi,iiitd_sms_spam_v1,ham,NEEDS_REVIEW,manual,dfe878fdd518,latin-script-hinglish-or-en-IN;not-devanagari,私人对话/闲聊/笑话/励志链/节日祝福，非四类目标域
iiitd_00652,"Whnevr u feel sad,think of me n say akanksha is so swt,inteligent lovable,caring.U'll smile automaticaly.Know Y?Kyunki SACH BOLNE SE MANN KO HUMESHA SHANTI MILTI HAI... :P",hi,iiitd_sms_spam_v1,ham,NEEDS_REVIEW,manual,52947d8772fa,latin-script-hinglish-or-en-IN;not-devanagari,私人对话/闲聊/笑话/励志链/节日祝福，非四类目标域
iiitd_00653,I m extrmly sory bt plz i requst al of u to leave me alone 4 sum days. I knw u al just want me to help bt plz kal se kuch din tk ye mat puchna k ky hua h.. I l b fyn in sum days...,hi,iiitd_sms_spam_v1,ham,NEEDS_REVIEW,manual,1c7d55456448,latin-script-hinglish-or-en-IN;not-devanagari,私人对话/闲聊/笑话/励志链/节日祝福，非四类目标域
iiitd_00654,I m duin brkfast. U too do dat.,hi,iiitd_sms_spam_v1,ham,NEEDS_REVIEW,manual,5d836d3fb006,latin-script-hinglish-or-en-IN;not-devanagari,私人对话/闲聊/笑话/励志链/节日祝福，非四类目标域
iiitd_00655,I m doin the first one....so kanika u can do 2nd waala ......,hi,iiitd_sms_spam_v1,ham,NEEDS_REVIEW,manual,928dbcf0fa96,latin-script-hinglish-or-en-IN;not-devanagari,私人对话/闲聊/笑话/励志链/节日祝福，非四类目标域
iiitd_00656,"INDIANEWSLINE AP High Court grants bail 2Rama Raju,4 others Uttarbanga driver violated red signal-Signal in-charge Syria bans Islamic veil at universities",hi,iiitd_sms_spam_v1,ham,NEEDS_REVIEW,manual,34b92cb2ec28,latin-script-hinglish-or-en-IN;not-devanagari,私人对话/闲聊/笑话/励志链/节日祝福，非四类目标域
iiitd_00657,I m cming.,hi,iiitd_sms_spam_v1,ham,NEEDS_REVIEW,manual,18f89e6da40e,latin-script-hinglish-or-en-IN;not-devanagari,私人对话/闲聊/笑话/励志链/节日祝福，非四类目标域
iiitd_00658,I m bunking dm.,hi,iiitd_sms_spam_v1,ham,NEEDS_REVIEW,manual,234669935512,latin-script-hinglish-or-en-IN;not-devanagari,私人对话/闲聊/笑话/励志链/节日祝福，非四类目标域
iiitd_00659,I m behind u:-D,hi,iiitd_sms_spam_v1,ham,NEEDS_REVIEW,manual,cf0ab5de0068,latin-script-hinglish-or-en-IN;not-devanagari,私人对话/闲聊/笑话/励志链/节日祝福，非四类目标域
iiitd_00660,I m attndng d clas as pri ne kaha h ki ma'am se bat krni h toh phr clas attnd karni padhegi.,hi,iiitd_sms_spam_v1,ham,NEEDS_REVIEW,manual,df1f55f22199,latin-script-hinglish-or-en-IN;not-devanagari,私人对话/闲聊/笑话/励志链/节日祝福，非四类目标域
iiitd_00661,I m at jeeto.takin iccrms.,hi,iiitd_sms_spam_v1,ham,NEEDS_REVIEW,manual,2ad69454a728,latin-script-hinglish-or-en-IN;not-devanagari,私人对话/闲聊/笑话/励志链/节日祝福，非四类目标域
iiitd_00662,I m asking something about me.1-What is best in me?2-What is bad in me?3-what u hav saved my name in ur cell?4-I m ur?5-I m just like a?6-What u wish for,hi,iiitd_sms_spam_v1,ham,NEEDS_REVIEW,manual,4d74b697b1ce,latin-script-hinglish-or-en-IN;not-devanagari,私人对话/闲聊/笑话/励志链/节日祝福，非四类目标域
iiitd_00663,I m also dng brkfst wid garima...chole bhature.,hi,iiitd_sms_spam_v1,ham,NEEDS_REVIEW,manual,1be166dd5285,latin-script-hinglish-or-en-IN;not-devanagari,私人对话/闲聊/笑话/励志链/节日祝福，非四类目标域
iiitd_00664,"Whnevr anyone do bad wid u, dnt cry. Remembr, it tks 49 muscles to cry & 12 mscls to smyl Bt only 6 mscls to giv a slap Ghuma k do ek saale ko....:-D;-)....",hi,iiitd_sms_spam_v1,ham,NEEDS_REVIEW,manual,74904080ff10,latin-script-hinglish-or-en-IN;not-devanagari,私人对话/闲聊/笑话/励志链/节日祝福，非四类目标域
iiitd_00665,I m @ bh3 entrance!,hi,iiitd_sms_spam_v1,ham,NEEDS_REVIEW,manual,a54bb62df113,latin-script-hinglish-or-en-IN;not-devanagari,私人对话/闲聊/笑话/励志链/节日祝福，非四类目标域
iiitd_00666,I lyk u wen u r hot. I luv u wen u r at bed. U make me feel gud wen my  lips touchs u. I luv u. I luv u..I luv u. I luv u i realy luv Nescafe khush,hi,iiitd_sms_spam_v1,ham,NEEDS_REVIEW,manual,71598fb5b6de,latin-script-hinglish-or-en-IN;not-devanagari,私人对话/闲聊/笑话/励志链/节日祝福，非四类目标域
iiitd_00667,Is da buk done,hi,iiitd_sms_spam_v1,ham,NEEDS_REVIEW,manual,c08b48a54ea5,latin-script-hinglish-or-en-IN;not-devanagari,私人对话/闲聊/笑话/励志链/节日祝福，非四类目标域
iiitd_00668,"INDIAN-GIRL:Mere4 Bhai & 6Behne Hai Aap K Kitne Hai? AMERICAN-GIRL: Mere Bhai,Behen Nahi Par Pehli Mom Se 3 Papa Aur Pehle Papa Se 4 Mom Hai.",hi,iiitd_sms_spam_v1,ham,NEEDS_REVIEW,manual,add6c17593d4,latin-script-hinglish-or-en-IN;not-devanagari,私人对话/闲聊/笑话/励志链/节日祝福，非四类目标域
iiitd_00669,I luv u!,hi,iiitd_sms_spam_v1,ham,NEEDS_REVIEW,manual,a7d922073301,latin-script-hinglish-or-en-IN;not-devanagari,私人对话/闲聊/笑话/励志链/节日祝福，非四类目标域
iiitd_00670,"I LUV MY INDIA !) !!(*)) !!) !! !! !! !! Ai mere watan ke logo jara aankh me bharlo pani. Jo sahid hue hai unki jara yaad From dirt emerges the beautiful lotus, from the scorching heat comes the shower of relief and from the depth of pain springs joy. Always remember that pkaro kurbani. HAPPY REPUBLIC DAY roblems are your driving force, it makes your mind tough n experienced. . . Good morning. . Jai sri ram. :-)",hi,iiitd_sms_spam_v1,ham,NEEDS_REVIEW,manual,350cb17dde77,latin-script-hinglish-or-en-IN;not-devanagari,私人对话/闲聊/笑话/励志链/节日祝福，非四类目标域
iiitd_00671,"I LOVED sum1, but he broke my heart into pieces, now every piece of my heart loves sum1, and people call me a FLIRT!!! Strange World!!!",hi,iiitd_sms_spam_v1,ham,NEEDS_REVIEW,manual,f1f6f09265d8,latin-script-hinglish-or-en-IN;not-devanagari,私人对话/闲聊/笑话/励志链/节日祝福，非四类目标域
iiitd_00672,I love you.,hi,iiitd_sms_spam_v1,ham,NEEDS_REVIEW,manual,ba2275e966dc,latin-script-hinglish-or-en-IN;not-devanagari,私人对话/闲聊/笑话/励志链/节日祝福，非四类目标域
iiitd_00673,I LOVE YOU   Ye Sms 11 Ladkiyo Ko Bhejo Or Pao   Apne Najdiki Police Station Me 3 Rat Or 4 Din Bitane Ka Moka Sath Me Khana Pina Or Badan Ki Malish Free.  DJ,hi,iiitd_sms_spam_v1,ham,NEEDS_REVIEW,manual,766e475c3475,latin-script-hinglish-or-en-IN;not-devanagari,私人对话/闲聊/笑话/励志链/节日祝福，非四类目标域
iiitd_00674,"I love work... Unfortunately, if i do work it gets finished.. But how can i finish something i love..? So i do not work.. Enjoy laziness with attitude... ;)",hi,iiitd_sms_spam_v1,ham,NEEDS_REVIEW,manual,869192b75c2e,latin-script-hinglish-or-en-IN;not-devanagari,私人对话/闲聊/笑话/励志链/节日祝福，非四类目标域
iiitd_00675,"Whnevr an unexpected joy passes thru ur heart n suddenly u smile 4 no reason. Remembr sm1, smwhere is remembring & appreciating ur good DEEDS. Help people:-)",hi,iiitd_sms_spam_v1,ham,NEEDS_REVIEW,manual,eacc5ae59bfd,latin-script-hinglish-or-en-IN;not-devanagari,私人对话/闲聊/笑话/励志链/节日祝福，非四类目标域
iiitd_00676,I love kids wen Dey travel alone.,hi,iiitd_sms_spam_v1,ham,NEEDS_REVIEW,manual,3a2407b6e00f,latin-script-hinglish-or-en-IN;not-devanagari,私人对话/闲聊/笑话/励志链/节日祝福，非四类目标域
iiitd_00677,"I love D way u r, plz dont chnge! Send dis 2 evry1 u lyk, evn me if u lyk me. If u get bak,3=u r a gud frnd, 4=sum1 luvs u 5+= sum1 is prayin God 2 marry u.",hi,iiitd_sms_spam_v1,ham,NEEDS_REVIEW,manual,172f7f1170f2,latin-script-hinglish-or-en-IN;not-devanagari,私人对话/闲聊/笑话/励志链/节日祝福，非四类目标域
iiitd_00678,I LOOOVVEE YOUU SOOO MUCH  MY FRND!=)WHOEVER STOPS THIS CHAIN WILL B UNHAPPY FOR 3 MNTHS.TEL UR 9 FRIENDS U LUV DEM.GET SET GO. REPLY BCK IF U LOVE ME,hi,iiitd_sms_spam_v1,ham,NEEDS_REVIEW,manual,df15cebaf500,latin-script-hinglish-or-en-IN;not-devanagari,私人对话/闲聊/笑话/励志链/节日祝福，非四类目标域
iiitd_00679,"Indian wife sanskaro wali hoti hai.., Wo sabke samne apne pati ko Abe Gadhe nhi kehti.. Isliye short me kehti hai.. . . . . . . . . A.G. sunte ho..!",hi,iiitd_sms_spam_v1,ham,NEEDS_REVIEW,manual,b79309d10f31,latin-script-hinglish-or-en-IN;not-devanagari,私人对话/闲聊/笑话/励志链/节日祝福，非四类目标域
iiitd_00680,I ll give him a pen he likes it very much .,hi,iiitd_sms_spam_v1,ham,NEEDS_REVIEW,manual,b21d1dfb515c,latin-script-hinglish-or-en-IN;not-devanagari,私人对话/闲聊/笑话/励志链/节日祝福，非四类目标域
iiitd_00681,I ll defi give me there type of ideas. I thought he ll do some other cut. But he said to look professional he did tat.,hi,iiitd_sms_spam_v1,ham,NEEDS_REVIEW,manual,e892d8f37e06,latin-script-hinglish-or-en-IN;not-devanagari,私人对话/闲聊/笑话/励志链/节日祝福，非四类目标域
iiitd_00682,I ll defi give me there type of ideas. I thought he ll do some other cut. But he said to look professional  he did tat.,hi,iiitd_sms_spam_v1,ham,NEEDS_REVIEW,manual,e892d8f37e06,latin-script-hinglish-or-en-IN;not-devanagari,私人对话/闲聊/笑话/励志链/节日祝福，非四类目标域
iiitd_00683,I ll add tat in items. But wy he is so geeky. Cant he change a little.,hi,iiitd_sms_spam_v1,ham,NEEDS_REVIEW,manual,3d7fabfc8a00,latin-script-hinglish-or-en-IN;not-devanagari,私人对话/闲聊/笑话/励志链/节日祝福，非四类目标域
iiitd_00684,"I Live By Faith & Not By Sight .. So Whether I See U Or Not, Talk To U Or Not I Know That U R Still The Same, A Friend Worth Keeping Till The End.... :-)",hi,iiitd_sms_spam_v1,ham,NEEDS_REVIEW,manual,eab1956b6a98,latin-script-hinglish-or-en-IN;not-devanagari,私人对话/闲聊/笑话/励志链/节日祝福，非四类目标域
iiitd_00685,i like your new dp on fb. :*,hi,iiitd_sms_spam_v1,ham,NEEDS_REVIEW,manual,9a296443f492,latin-script-hinglish-or-en-IN;not-devanagari,私人对话/闲聊/笑话/励志链/节日祝福，非四类目标域
iiitd_00686,"I Like the simplicity Of this Line: ''Friends are like Blood, Though They are not Seen over skin, They come out when we are wounded''!!:-)",hi,iiitd_sms_spam_v1,ham,NEEDS_REVIEW,manual,17a7028db4aa,latin-script-hinglish-or-en-IN;not-devanagari,私人对话/闲聊/笑话/励志链/节日祝福，非四类目标域
iiitd_00687,"Whn love is unknown to u, u will know wat is Happiness.! Whn u know love, u will know wat is Pain.! Whn u lose it u will know wht is Life.!:-)",hi,iiitd_sms_spam_v1,ham,NEEDS_REVIEW,manual,56470a099638,latin-script-hinglish-or-en-IN;not-devanagari,私人对话/闲聊/笑话/励志链/节日祝福，非四类目标域
iiitd_00688,i like the fact that you're going home. :) take care.,hi,iiitd_sms_spam_v1,ham,NEEDS_REVIEW,manual,437f99dc0fa7,latin-script-hinglish-or-en-IN;not-devanagari,私人对话/闲聊/笑话/励志链/节日祝福，非四类目标域
iiitd_00689,"I like Grapes bcoz They r Boneless & I Like U Bcoz . . . . . U r Brainless Ha ha ha, BURA LAGA? Cum'on yaar, Its jst a . . . . . . Fact.",hi,iiitd_sms_spam_v1,ham,NEEDS_REVIEW,manual,75ef7e1c6445,latin-script-hinglish-or-en-IN;not-devanagari,私人对话/闲聊/笑话/励志链/节日祝福，非四类目标域
iiitd_00690,Indian Team Penalized by Animal Activists for Hunting 11 Kangaroos on thursday...Team To Pay Penalty by Hunting 11 terrorist 2dy ...mission begins.,hi,iiitd_sms_spam_v1,ham,NEEDS_REVIEW,manual,ffadc7ba0404,latin-script-hinglish-or-en-IN;not-devanagari,私人对话/闲聊/笑话/励志链/节日祝福，非四类目标域
iiitd_00691,I l cal u later,hi,iiitd_sms_spam_v1,ham,NEEDS_REVIEW,manual,f7c04b52054e,latin-script-hinglish-or-en-IN;not-devanagari,私人对话/闲聊/笑话/励志链/节日祝福，非四类目标域
iiitd_00692,I knw..its bettr wid jus us!! Ll cal u kal din mei to cnfrm..lez c wts d scene at home..,hi,iiitd_sms_spam_v1,ham,NEEDS_REVIEW,manual,41ab6370085d,latin-script-hinglish-or-en-IN;not-devanagari,私人对话/闲聊/笑话/励志链/节日祝福，非四类目标域
iiitd_00693,I knw.. U just b hapy,hi,iiitd_sms_spam_v1,ham,NEEDS_REVIEW,manual,ab47dbe80ad5,latin-script-hinglish-or-en-IN;not-devanagari,私人对话/闲聊/笑话/励志链/节日祝福，非四类目标域
iiitd_00694,I knw.,hi,iiitd_sms_spam_v1,ham,NEEDS_REVIEW,manual,59e486cfd7c5,latin-script-hinglish-or-en-IN;not-devanagari,私人对话/闲聊/笑话/励志链/节日祝福，非四类目标域
iiitd_00695,I knw wat i hv to do,hi,iiitd_sms_spam_v1,ham,NEEDS_REVIEW,manual,ca05e43b2d90,latin-script-hinglish-or-en-IN;not-devanagari,私人对话/闲聊/笑话/励志链/节日祝福，非四类目标域
iiitd_00696,"I knw u would b angry wid me dis time 4 cmplaining so much,being nt at all undrstandng n a vry bad partnr. I am vry sholly jaanu.. :-(",hi,iiitd_sms_spam_v1,ham,NEEDS_REVIEW,manual,1ec321aceaf3,latin-script-hinglish-or-en-IN;not-devanagari,私人对话/闲聊/笑话/励志链/节日祝福，非四类目标域
iiitd_00697,I knw u r nt hapy. I cn just ask u to talk to me abt it wnevr u lyk,hi,iiitd_sms_spam_v1,ham,NEEDS_REVIEW,manual,820f8ee89e3e,latin-script-hinglish-or-en-IN;not-devanagari,私人对话/闲聊/笑话/励志链/节日祝福，非四类目标域
iiitd_00698,"I knw u cnt msg. Bt it jst to say gn,luv u. Muaah. Sd. Tc.nd i wil b fyn so no need to wry.....",hi,iiitd_sms_spam_v1,ham,NEEDS_REVIEW,manual,8da7ed9e6ac1,latin-script-hinglish-or-en-IN;not-devanagari,私人对话/闲聊/笑话/励志链/节日祝福，非四类目标域
iiitd_00699,I knw u at home toh baat karna mushkil h. Bt aaj i m happy ki hmne phr b baat ki kafi der tak. So agar mom dad sath me hon to no need to cal kk.,hi,iiitd_sms_spam_v1,ham,NEEDS_REVIEW,manual,9c16a02fa9eb,latin-script-hinglish-or-en-IN;not-devanagari,私人对话/闲聊/笑话/励志链/节日祝福，非四类目标域
iiitd_00700,i knw meine bhi yahin galti ki thi..thoda schange krna padega.. 100 100 100 ans 21 10 10 10 ans 12 20 20 20 ans 15 :-),hi,iiitd_sms_spam_v1,ham,NEEDS_REVIEW,manual,cf2e19eae8a3,latin-script-hinglish-or-en-IN;not-devanagari,私人对话/闲聊/笑话/励志链/节日祝福，非四类目标域
iiitd_00701,Indian Team Penalized by Animal Activists for Hunting 11 Kangaroos ...Team To Pay Penalty by Hunting 11 terrorist today.. Mission begins.,hi,iiitd_sms_spam_v1,ham,NEEDS_REVIEW,manual,ffadc7ba0404,latin-script-hinglish-or-en-IN;not-devanagari,私人对话/闲聊/笑话/励志链/节日祝福，非四类目标域
iiitd_00702,I knw m?ntu frwded me t?o,hi,iiitd_sms_spam_v1,ham,NEEDS_REVIEW,manual,77e6e4414b3a,latin-script-hinglish-or-en-IN;not-devanagari,私人对话/闲聊/笑话/励志链/节日祝福，非四类目标域
iiitd_00703,"I knw i shudnt hv talkd to u atlst lyk dis,bt plz yar i smtyms msbehave ,i dnt knw y i do dis.",hi,iiitd_sms_spam_v1,ham,NEEDS_REVIEW,manual,84b90d830871,latin-script-hinglish-or-en-IN;not-devanagari,私人对话/闲聊/笑话/励志链/节日祝福，非四类目标域
iiitd_00704,I knw i m sho shweet... Bt 1 mr thng i knw dat u r most shweetoo persn... Muaah...,hi,iiitd_sms_spam_v1,ham,NEEDS_REVIEW,manual,f7b9e2232e75,latin-script-hinglish-or-en-IN;not-devanagari,私人对话/闲聊/笑话/励志链/节日祝福，非四类目标域
iiitd_00705,I knw i m distrbng u again n again stil i wud say plz dnt spoil ur lyf... Plz...,hi,iiitd_sms_spam_v1,ham,NEEDS_REVIEW,manual,ee7a62590daf,latin-script-hinglish-or-en-IN;not-devanagari,私人对话/闲聊/笑话/励志链/节日祝福，非四类目标域
iiitd_00706,I know..radio pe suna tha! I M SCREWED BIG TYM..magnetism is HUGE !! Shit man!,hi,iiitd_sms_spam_v1,ham,NEEDS_REVIEW,manual,950e85abe1c2,latin-script-hinglish-or-en-IN;not-devanagari,私人对话/闲聊/笑话/励志链/节日祝福，非四类目标域
iiitd_00707,I know friendship is hard to keep. But even if it gets harder I wont give up coz if its hard to keep you. Itll be lot harder to find you again!,hi,iiitd_sms_spam_v1,ham,NEEDS_REVIEW,manual,9175d225e977,latin-script-hinglish-or-en-IN;not-devanagari,私人对话/闲聊/笑话/励志链/节日祝福，非四类目标域
iiitd_00708,I know chotu wat de see means and wat u meant . But i thought chotu can not use phrases so tats wy asked .,hi,iiitd_sms_spam_v1,ham,NEEDS_REVIEW,manual,76693b195e9a,latin-script-hinglish-or-en-IN;not-devanagari,私人对话/闲聊/笑话/励志链/节日祝福，非四类目标域
iiitd_00709,I know chotu wat de see means and wat u meant . But i thought chotu can not use phrases so tats wy asked .,hi,iiitd_sms_spam_v1,ham,NEEDS_REVIEW,manual,76693b195e9a,latin-script-hinglish-or-en-IN;not-devanagari,私人对话/闲聊/笑话/励志链/节日祝福，非四类目标域
iiitd_00710,I know . Wen i opened face book now. It showed 9 msg but wen i clicked u were offline.,hi,iiitd_sms_spam_v1,ham,NEEDS_REVIEW,manual,3fc68ee91d25,latin-script-hinglish-or-en-IN;not-devanagari,私人对话/闲聊/笑话/励志链/节日祝福，非四类目标域
iiitd_00711,I kno. Is it ok if all of us watch d 4.40 mumbai movie in vk? N v'l all meet tab only. Wotsay?,hi,iiitd_sms_spam_v1,ham,NEEDS_REVIEW,manual,3750b05e3197,latin-script-hinglish-or-en-IN;not-devanagari,私人对话/闲聊/笑话/励志链/节日祝福，非四类目标域
iiitd_00712,Indian Team Penalised by Animal Activists for Hunting 11 Kangaroos yday.. Team To Pay Penalty by Hunting 11 terrorist Next Wednesday...mission begins. Jai Hind,hi,iiitd_sms_spam_v1,ham,NEEDS_REVIEW,manual,d30629b9cbf9,latin-script-hinglish-or-en-IN;not-devanagari,私人对话/闲聊/笑话/励志链/节日祝福，非四类目标域
iiitd_00713,I kno. I chose 2 tell u tht.,hi,iiitd_sms_spam_v1,ham,NEEDS_REVIEW,manual,0674b1ad4e47,latin-script-hinglish-or-en-IN;not-devanagari,私人对话/闲聊/笑话/励志链/节日祝福，非四类目标域
iiitd_00714,i kno ur tired...i jus wana kno wot d ppl in ur colg wer saying abt u n astha. i wont bother u after tht. plz...plz...plz...,hi,iiitd_sms_spam_v1,ham,NEEDS_REVIEW,manual,35915f896615,latin-script-hinglish-or-en-IN;not-devanagari,私人对话/闲聊/笑话/励志链/节日祝福，非四类目标域
iiitd_00715,I kno ur busy wid crucial matters. Bt plz do tell me wot hapnd weneva u get d chance. Been controlling myself all day. Tc.,hi,iiitd_sms_spam_v1,ham,NEEDS_REVIEW,manual,d46606b1a4b0,latin-script-hinglish-or-en-IN;not-devanagari,私人对话/闲聊/笑话/励志链/节日祝福，非四类目标域
iiitd_00716,I kno my increasing obsession nevr helps. Bt m nt able 2 control myself 2day. Y r u nt tokin 2 me? Wots rong? :( cmon!! M only texting coz u don pick up ur fone,hi,iiitd_sms_spam_v1,ham,NEEDS_REVIEW,manual,14aff0eeff81,latin-script-hinglish-or-en-IN;not-devanagari,私人对话/闲聊/笑话/励志链/节日祝福，非四类目标域
iiitd_00717,"I kno i genraly say tht i need 2 sleep, bt u cn call me if u want to tonight. I cnt mak u coffee at 1am, i cnt kiss u n mak u smile wen ur tense, i cnt put d laptop away n put a sheet over u wen u fall asleep in front of it, bt d least i cn do is be with u in spirit. Hope tht u manage 2 finish off ur work soon. Gn. I love u a lot. Call me anytime u want. <3",hi,iiitd_sms_spam_v1,ham,NEEDS_REVIEW,manual,586891b4a4ff,latin-script-hinglish-or-en-IN;not-devanagari,私人对话/闲聊/笑话/励志链/节日祝福，非四类目标域
iiitd_00718,I knew many new things bout my uncles character .and found out he is such worst kind of guy .,hi,iiitd_sms_spam_v1,ham,NEEDS_REVIEW,manual,0a08b0f1d65e,latin-script-hinglish-or-en-IN;not-devanagari,私人对话/闲聊/笑话/励志链/节日祝福，非四类目标域
iiitd_00719,I just wntd to say wn u wnt me i m always dre 4 u. Wnevr u wnt to talk or sumthng feel fre to... N plz stop spoilng ur lyf,hi,iiitd_sms_spam_v1,ham,NEEDS_REVIEW,manual,4e03ac6c0768,latin-script-hinglish-or-en-IN;not-devanagari,私人对话/闲聊/笑话/励志链/节日祝福，非四类目标域
iiitd_00720,i just remembered that i used to like zaheer also. but today he's not looking good.,hi,iiitd_sms_spam_v1,ham,NEEDS_REVIEW,manual,d62096f8ca69,latin-script-hinglish-or-en-IN;not-devanagari,私人对话/闲聊/笑话/励志链/节日祝福，非四类目标域
iiitd_00721,"I just luv when morning gets here, bcz i can say Great Big Gd Morning 2 my frien Ur 160by2 details,username:9716503623 passwd: asdfghjkl",hi,iiitd_sms_spam_v1,ham,NEEDS_REVIEW,manual,b090249f5bc1,latin-script-hinglish-or-en-IN;not-devanagari,私人分享160by2账号密码，非四类目标域
iiitd_00722,i just keep waiting and waiting... and you just show NO INTEREST!!,hi,iiitd_sms_spam_v1,ham,NEEDS_REVIEW,manual,6281b4faa3f3,latin-script-hinglish-or-en-IN;not-devanagari,私人对话/闲聊/笑话/励志链/节日祝福，非四类目标域
iiitd_00723,"Why do v Indians eagerly wish Frndshp day, Valentine day, Rose day, etc., b4 a week or few days, n feel proud dat v hav done a very great job.But y do things change wen it comes 2 our nation's Independance Day. Do v hav d same eagerness?Ans is ''NO'' So come lets change our view 2wrds our nation n stop giving priority 2 the western culture. Lets be INDIANs first. HAPPY INDEPENDANCE DAY.",hi,iiitd_sms_spam_v1,ham,NEEDS_REVIEW,manual,1fa201959edd,latin-script-hinglish-or-en-IN;not-devanagari,私人对话/闲聊/笑话/励志链/节日祝福，非四类目标域
iiitd_00724,"i just have 87 minutes left. i'll see if i can recharge today or tomorrow, 'coz i don't have a lot of balance.",hi,iiitd_sms_spam_v1,ham,NEEDS_REVIEW,manual,d1a506924b92,latin-script-hinglish-or-en-IN;not-devanagari,私人对话/闲聊/笑话/励志链/节日祝福，非四类目标域
iiitd_00725,i just have 19/- left. sorry i forgot to give the driver money to get recharge. i'll get the minutes tom. call kar lena if i can't. i hope your studies is going good.,hi,iiitd_sms_spam_v1,ham,NEEDS_REVIEW,manual,09037756dc2d,latin-script-hinglish-or-en-IN;not-devanagari,私人对话/闲聊/笑话/励志链/节日祝福，非四类目标域
iiitd_00726,I jus wantd 2 keep toking. But it ws at d cost of becoming ur slave again. I wish things cudv been betr. I want today to end on a gud note. Call me once ur thru,hi,iiitd_sms_spam_v1,ham,NEEDS_REVIEW,manual,217ba4acb369,latin-script-hinglish-or-en-IN;not-devanagari,私人对话/闲聊/笑话/励志链/节日祝福，非四类目标域
iiitd_00727,i jus wana kno wen cn i tok to u?!?!? :(,hi,iiitd_sms_spam_v1,ham,NEEDS_REVIEW,manual,0d396cde3895,latin-script-hinglish-or-en-IN;not-devanagari,私人对话/闲聊/笑话/励志链/节日祝福，非四类目标域
iiitd_00728,I jus startd grooving 2 a song in ur hand motion style! Haha!! Wiped out all my miseries 4 a moment. Felt refreshing.,hi,iiitd_sms_spam_v1,ham,NEEDS_REVIEW,manual,a9bfca098a73,latin-script-hinglish-or-en-IN;not-devanagari,私人对话/闲聊/笑话/励志链/节日祝福，非四类目标域
iiitd_00729,"Whn I ws a child,I usd 2 say,Mai bada ho ke engineer banunga....At dat tme,I ws proud n my parents wer laughin. & now dey r proud n I am laughin..!",hi,iiitd_sms_spam_v1,ham,NEEDS_REVIEW,manual,d7fe014a73b0,latin-script-hinglish-or-en-IN;not-devanagari,私人对话/闲聊/笑话/励志链/节日祝福，非四类目标域
iiitd_00730,"I jus saw a mini tanker wid 'commen wealth tractors' painted across its back. Ask ur dad 2 consider doing something 4 commonwealth. Givn hw behind v'r running in preparations, m sure dey won't mind d extra help. I think ders a lot of scope in dis. N mayb if woteva company likes his work, he cn continue wid dem evn after commonwealth is ovr. Plz plz plz tok 2 him abt dis. PLZ!!! Oderwise i will!",hi,iiitd_sms_spam_v1,ham,NEEDS_REVIEW,manual,80c1beaf58e6,latin-script-hinglish-or-en-IN;not-devanagari,私人对话/闲聊/笑话/励志链/节日祝福，非四类目标域
iiitd_00731,i jus hv 195 mins left...i dono hw...m hopin ul get d next recharge nw...,hi,iiitd_sms_spam_v1,ham,NEEDS_REVIEW,manual,bdbcfcf21311,latin-script-hinglish-or-en-IN;not-devanagari,私人对话/闲聊/笑话/励志链/节日祝福，非四类目标域
iiitd_00732,i jus hav 4 mins left. plz get d mins tom. plz!!!,hi,iiitd_sms_spam_v1,ham,NEEDS_REVIEW,manual,fdbbd8da6cb1,latin-script-hinglish-or-en-IN;not-devanagari,私人对话/闲聊/笑话/励志链/节日祝福，非四类目标域
iiitd_00733,"i jus disconnected!!! hw cud ur fone be busy? u wanted to tok na, so lets tok now!!!",hi,iiitd_sms_spam_v1,ham,NEEDS_REVIEW,manual,c343a8d12a00,latin-script-hinglish-or-en-IN;not-devanagari,私人对话/闲聊/笑话/励志链/节日祝福，非四类目标域
iiitd_00734,"Indian Railways:PNR: 6220297622Current status:Confirmed 27 S6 RLGNNumber of Tickets: 1Class: SLTrain: 2505 NORTH EAST EXPJourney Date: 12-12-2008Finally, here comes d last sessionals of this long lasting war. Will b missing evry moment f d college days n thnx for being its part.Give ur best n From: New Jalpaiguri To: Allahabad JnBoarding point: New JalpaiguriReserved upto: Allahabad JnChart Status: CHART PREPAREDGod will take care of rest.Happy Sessionals!",hi,iiitd_sms_spam_v1,ham,TRANSACTION,manual,120c1d6fb778,latin-script-hinglish-or-en-IN;not-devanagari,印度铁路PNR订票状态确认通知
iiitd_00735,"I hve alrdy told Santa Claus wat I wan 4 Xmas :  A GUD FREN !!   So if a big fat man cums n tries 2 wrap u up,  plz cooperate k... MERRY CHRISTMAS",hi,iiitd_sms_spam_v1,ham,NEEDS_REVIEW,manual,be59322de130,latin-script-hinglish-or-en-IN;not-devanagari,私人对话/闲聊/笑话/励志链/节日祝福，非四类目标域
iiitd_00736,I hve alrdy leftsalil informed me earlier,hi,iiitd_sms_spam_v1,ham,NEEDS_REVIEW,manual,eaff3f7af02c,latin-script-hinglish-or-en-IN;not-devanagari,私人对话/闲聊/笑话/励志链/节日祝福，非四类目标域
iiitd_00737,I hv told u stil.. I was vry much worid listng to u always. I thot u l dstroy ur lyf if i gt marid to sum1 else. So thot of leavng so dat u gt stable in ur lyf wid tym.. Bt by drnkn n smkng u made al my eforts go in vain,hi,iiitd_sms_spam_v1,ham,NEEDS_REVIEW,manual,f49dbd09be1d,latin-script-hinglish-or-en-IN;not-devanagari,私人对话/闲聊/笑话/励志链/节日祝福，非四类目标域
iiitd_00738,I hv tkn ma brkfst....,hi,iiitd_sms_spam_v1,ham,NEEDS_REVIEW,manual,1722d4e0d9bb,latin-script-hinglish-or-en-IN;not-devanagari,私人对话/闲聊/笑话/励志链/节日祝福，非四类目标域
iiitd_00739,I hv tkn d dinr wat abt u?,hi,iiitd_sms_spam_v1,ham,NEEDS_REVIEW,manual,774825671073,latin-script-hinglish-or-en-IN;not-devanagari,私人对话/闲聊/笑话/励志链/节日祝福，非四类目标域
iiitd_00740,I hv nt dne anythng grt,hi,iiitd_sms_spam_v1,ham,NEEDS_REVIEW,manual,54347b906275,latin-script-hinglish-or-en-IN;not-devanagari,私人对话/闲聊/笑话/励志链/节日祝福，非四类目标域
iiitd_00741,"whn god pusheS u 2 the edge of difficulty Trust him fully...., Bcoz only two thingS can happn.. Eithr he'l catch u wen u fall or he'l teach u hw 2 fly..:-) Gn..",hi,iiitd_sms_spam_v1,ham,NEEDS_REVIEW,manual,1af7e8d23d9b,latin-script-hinglish-or-en-IN;not-devanagari,私人对话/闲聊/笑话/励志链/节日祝福，非四类目标域
iiitd_00742,I hv learnt k jaruri nh kisi kam ko acha smjh kr kro to vo acha hi hta h,hi,iiitd_sms_spam_v1,ham,NEEDS_REVIEW,manual,f0794df2bd07,latin-script-hinglish-or-en-IN;not-devanagari,私人对话/闲聊/笑话/励志链/节日祝福，非四类目标域
iiitd_00743,I hv boarded metro frm wlcm..,hi,iiitd_sms_spam_v1,ham,NEEDS_REVIEW,manual,8924934e56c4,latin-script-hinglish-or-en-IN;not-devanagari,私人对话/闲聊/笑话/励志链/节日祝福，非四类目标域
iiitd_00744,"i hv attended d mpa class only fr d class hd ditched me dat day,n hd mrkd dere attendance chup chap,widout informin me,wnt attend ne othr class4today..sorry",hi,iiitd_sms_spam_v1,ham,NEEDS_REVIEW,manual,e146ed74f8da,latin-script-hinglish-or-en-IN;not-devanagari,私人对话/闲聊/笑话/励志链/节日祝福，非四类目标域
iiitd_00745,Indian Railways:PNR: 6220297622Current status:Confirmed 11  RLGNNumber of Tickets: 1Class: SLTrain: 2505 NORTH EAST EXPJourney Date: 12-12-2008From: New Jalpaiguri To: Allahabad JnBoarding point: New JalpaiguriReserved upto: Allahabad JnChart Status: CHART NOT PREPARED,hi,iiitd_sms_spam_v1,ham,TRANSACTION,manual,120c1d6fb778,latin-script-hinglish-or-en-IN;not-devanagari,印度铁路PNR订票状态确认通知
iiitd_00746,I hv a doubt.wen u r fre den cl me,hi,iiitd_sms_spam_v1,ham,NEEDS_REVIEW,manual,bf714f7c55a4,latin-script-hinglish-or-en-IN;not-devanagari,私人对话/闲聊/笑话/励志链/节日祝福，非四类目标域
iiitd_00747,"I hv 1 xtra copy of sanjay sharma. If u want, u cn take it frm me on our nxt meet.",hi,iiitd_sms_spam_v1,ham,NEEDS_REVIEW,manual,ef0de1439e0f,latin-script-hinglish-or-en-IN;not-devanagari,私人对话/闲聊/笑话/励志链/节日祝福，非四类目标域
iiitd_00748,"i hope your mom isn't angry with me for any reason. if she is, please tell her i'm sorry. (she sounded displeased when i had called on the landline, that's why)",hi,iiitd_sms_spam_v1,ham,NEEDS_REVIEW,manual,92eb264fc5a0,latin-script-hinglish-or-en-IN;not-devanagari,私人对话/闲聊/笑话/励志链/节日祝福，非四类目标域
iiitd_00749,i hope you've woken up now. take care. :*,hi,iiitd_sms_spam_v1,ham,NEEDS_REVIEW,manual,077ddbcc00c2,latin-script-hinglish-or-en-IN;not-devanagari,私人对话/闲聊/笑话/励志链/节日祝福，非四类目标域
iiitd_00750,i hope you're not doing anything wrong.,hi,iiitd_sms_spam_v1,ham,NEEDS_REVIEW,manual,233de0493ddd,latin-script-hinglish-or-en-IN;not-devanagari,私人对话/闲聊/笑话/励志链/节日祝福，非四类目标域
iiitd_00751,i hope work is going good.,hi,iiitd_sms_spam_v1,ham,NEEDS_REVIEW,manual,e003e00ac550,latin-script-hinglish-or-en-IN;not-devanagari,私人对话/闲聊/笑话/励志链/节日祝福，非四类目标域
iiitd_00752,i hope u reach home quick. cant wait to tok to you. :*,hi,iiitd_sms_spam_v1,ham,NEEDS_REVIEW,manual,b3755419fa44,latin-script-hinglish-or-en-IN;not-devanagari,私人对话/闲聊/笑话/励志链/节日祝福，非四类目标域
iiitd_00753,I hope u gave d exam!! Call me ASAP.,hi,iiitd_sms_spam_v1,ham,NEEDS_REVIEW,manual,32ea8069ef55,latin-script-hinglish-or-en-IN;not-devanagari,私人对话/闲聊/笑话/励志链/节日祝福，非四类目标域
iiitd_00754,I hope nw u bth met n talk. So thngs r clear btwn u bth,hi,iiitd_sms_spam_v1,ham,NEEDS_REVIEW,manual,7d6435b4c412,latin-script-hinglish-or-en-IN;not-devanagari,私人对话/闲聊/笑话/励志链/节日祝福，非四类目标域
iiitd_00755,"I hope maybe someday in future, when its raining outside and you are sitting near a window, deep in thought,a memory about the time we shared together drifts through your mind and a beautiful tear falls down from your eyes, you smile thinking about me. And believe me, that day i will be the happiest person on earth not because i made you smile but because i was worth your tears.Pass dis 2ur friends whom u nvr wanna lose...",hi,iiitd_sms_spam_v1,ham,NEEDS_REVIEW,manual,111a2857a33e,latin-script-hinglish-or-en-IN;not-devanagari,私人对话/闲聊/笑话/励志链/节日祝福，非四类目标域
iiitd_00756,Indian railways servers are very busy. Please try after some time.Tip: get weather forecast; send HELP WEATHER to learn more.,hi,iiitd_sms_spam_v1,ham,TRANSACTION,manual,40c3e0602155,latin-script-hinglish-or-en-IN;not-devanagari,印度铁路服务通知（服务器繁忙）
iiitd_00757,I hope i didn't sound too cross. :-/ Wasn't exactly my intention. Newyz. Keep me posted thru text if possible. Tc. Hoping things will get rosier. :),hi,iiitd_sms_spam_v1,ham,NEEDS_REVIEW,manual,2b841ab9a945,latin-script-hinglish-or-en-IN;not-devanagari,私人对话/闲聊/笑话/励志链/节日祝福，非四类目标域
iiitd_00758,I highlightd it a lil.,hi,iiitd_sms_spam_v1,ham,NEEDS_REVIEW,manual,e05ed6ba34f7,latin-script-hinglish-or-en-IN;not-devanagari,私人对话/闲聊/笑话/励志链/节日祝福，非四类目标域
iiitd_00759,I havta ask smbdy..doubts list mei hei!,hi,iiitd_sms_spam_v1,ham,NEEDS_REVIEW,manual,1835d1c33f3d,latin-script-hinglish-or-en-IN;not-devanagari,私人对话/闲聊/笑话/励志链/节日祝福，非四类目标域
iiitd_00760,"I havn't seen a lazy person like U, in winter days u stand in front of d mirror with 1 mug of water & throw it on d mirror & say, LO NAHA LIYA....",hi,iiitd_sms_spam_v1,ham,NEEDS_REVIEW,manual,7fc752337c3d,latin-script-hinglish-or-en-IN;not-devanagari,私人对话/闲聊/笑话/励志链/节日祝福，非四类目标域
iiitd_00761,"I havent even started! Give me email, ph no and other stuff about them.",hi,iiitd_sms_spam_v1,ham,NEEDS_REVIEW,manual,debefa686410,latin-script-hinglish-or-en-IN;not-devanagari,私人对话/闲聊/笑话/励志链/节日祝福，非四类目标域
iiitd_00762,"I haven't even started! Give me email, ph no and other stuff about them.",hi,iiitd_sms_spam_v1,ham,NEEDS_REVIEW,manual,05c456ce869a,latin-script-hinglish-or-en-IN;not-devanagari,私人对话/闲聊/笑话/励志链/节日祝福，非四类目标域
iiitd_00763,I have sent d ppt.,hi,iiitd_sms_spam_v1,ham,NEEDS_REVIEW,manual,f40d8ec41011,latin-script-hinglish-or-en-IN;not-devanagari,私人对话/闲聊/笑话/励志链/节日祝福，非四类目标域
iiitd_00764,i have one business plan alredy! my minor project! :) wil tell u abt it wen m free.,hi,iiitd_sms_spam_v1,ham,NEEDS_REVIEW,manual,f05008561cba,latin-script-hinglish-or-en-IN;not-devanagari,私人对话/闲聊/笑话/励志链/节日祝福，非四类目标域
iiitd_00765,i have nothing to say to you.....yet i still feel like talking.....i wish i could make this feeling go away.....,hi,iiitd_sms_spam_v1,ham,NEEDS_REVIEW,manual,e6c2df0d09e9,latin-script-hinglish-or-en-IN;not-devanagari,私人对话/闲聊/笑话/励志链/节日祝福，非四类目标域
iiitd_00766,I have gven food 2 noni.just take her out b4 leave,hi,iiitd_sms_spam_v1,ham,NEEDS_REVIEW,manual,519868f2cb2b,latin-script-hinglish-or-en-IN;not-devanagari,私人对话/闲聊/笑话/励志链/节日祝福，非四类目标域
iiitd_00767,Indian railways servers are very busy. Please try after some time.Tip: get sports scores; send HELP SPORTS to learn more.,hi,iiitd_sms_spam_v1,ham,TRANSACTION,manual,40c3e0602155,latin-script-hinglish-or-en-IN;not-devanagari,印度铁路服务通知（服务器繁忙）
iiitd_00768,"I have done my work, it is working fine on DTC list bcz most of the station names are same bt it is nt working for metro stations bcz there z this appendind metro station thing at the end of every metro station.... Plz fix this thing n give me new modified file of the database of every station name.... Get it done asap bcz it won't take much time ...",hi,iiitd_sms_spam_v1,ham,NEEDS_REVIEW,manual,ecabd105a0a1,latin-script-hinglish-or-en-IN;not-devanagari,私人对话/闲聊/笑话/励志链/节日祝福，非四类目标域
iiitd_00769,I have always been very afraid of losing people i cherish so much.. But at times i keep on asking myself is dere ne1 who'll b afraid of losing me also??,hi,iiitd_sms_spam_v1,ham,NEEDS_REVIEW,manual,8e4998ca834f,latin-script-hinglish-or-en-IN;not-devanagari,私人对话/闲聊/笑话/励志链/节日祝福，非四类目标域
iiitd_00770,I have also got same info from my tg thanks.,hi,iiitd_sms_spam_v1,ham,NEEDS_REVIEW,manual,9fb283853a0c,latin-script-hinglish-or-en-IN;not-devanagari,私人对话/闲聊/笑话/励志链/节日祝福，非四类目标域
iiitd_00771,"I have already told Santa Claus what I want 4 Chrismas - GOOD FRIENDs.  So if a big old  man comes n tries to wrap u up, please cooperate..! *MERRY CHRISTMAS *",hi,iiitd_sms_spam_v1,ham,NEEDS_REVIEW,manual,28b8b8bf9bd7,latin-script-hinglish-or-en-IN;not-devanagari,私人对话/闲聊/笑话/励志链/节日祝福，非四类目标域
iiitd_00772,"I have added u as a contact on WAY2SMS.COM to send Free SMS.(to stop receiving SMS, email unsub@way2sms.com)-Sent via WAY2SMS.COM",hi,iiitd_sms_spam_v1,ham,NEEDS_REVIEW,audit_fixpass_iiitd,48f4ab7bfe8d,latin-script-hinglish-or-en-IN;not-devanagari | [fix:AD->NEEDS_REVIEW] ham闲聊/附带免费短信广告尾巴,WAY2SMS.COM免费短信服务推广
iiitd_00773,I have a TBC class with you guys from 4 to 5. If you have a free class between 12 to 1 then let me know so that i can take the class earlier or not i will come at 4 to your class. Sms me as soon as possible. Sowdha TBC Lecturer.,hi,iiitd_sms_spam_v1,ham,NEEDS_REVIEW,manual,0f92dea866fa,latin-script-hinglish-or-en-IN;not-devanagari,私人对话/闲聊/笑话/励志链/节日祝福，非四类目标域
iiitd_00774,I have a class with you guys from 2 to 3. Will you guys be in the class at that time i do not to come all the way just to see you guys run away.,hi,iiitd_sms_spam_v1,ham,NEEDS_REVIEW,manual,d9cc03d51e0e,latin-script-hinglish-or-en-IN;not-devanagari,私人对话/闲聊/笑话/励志链/节日祝福，非四类目标域
iiitd_00775,"i have 46 vodafone minutes left. if you think you can get the recharge, let me know. otherwise inform me if you want me to get the recharge.",hi,iiitd_sms_spam_v1,ham,NEEDS_REVIEW,manual,6d500a518b7c,latin-script-hinglish-or-en-IN;not-devanagari,私人对话/闲聊/笑话/励志链/节日祝福，非四类目标域
iiitd_00776,I hav to get up at 5.30. My room mates ll come to wake me,hi,iiitd_sms_spam_v1,ham,NEEDS_REVIEW,manual,7fff12853f55,latin-script-hinglish-or-en-IN;not-devanagari,私人对话/闲聊/笑话/励志链/节日祝福，非四类目标域
iiitd_00777,I hav to get up at 5.30. My room mates ll come to wake me,hi,iiitd_sms_spam_v1,ham,NEEDS_REVIEW,manual,7fff12853f55,latin-script-hinglish-or-en-IN;not-devanagari,私人对话/闲聊/笑话/励志链/节日祝福，非四类目标域
iiitd_00778,Is br karva chawth ka fast rkha th ayushi k ly,hi,iiitd_sms_spam_v1,ham,NEEDS_REVIEW,manual,0349e3eebc75,latin-script-hinglish-or-en-IN;not-devanagari,私人对话/闲聊/笑话/励志链/节日祝福，非四类目标域
iiitd_00779,Indian railways servers are very busy. Please try after some time.Tip: get mcx spot commodity prices; send HELP MCX to learn more.,hi,iiitd_sms_spam_v1,ham,TRANSACTION,manual,40c3e0602155,latin-script-hinglish-or-en-IN;not-devanagari,印度铁路服务通知（服务器繁忙）
iiitd_00780,I hav maild hm.jaisi he replies i'l 4wd u d mail. Wo bi US mein hai!,hi,iiitd_sms_spam_v1,ham,NEEDS_REVIEW,manual,ef654a0f850c,latin-script-hinglish-or-en-IN;not-devanagari,私人对话/闲聊/笑话/励志链/节日祝福，非四类目标域
iiitd_00781,"i hav decided my condition. if u fulfill it, i will not tell ur mom. will explain the rest later. low battery.",hi,iiitd_sms_spam_v1,ham,NEEDS_REVIEW,manual,3ae7a2154d17,latin-script-hinglish-or-en-IN;not-devanagari,私人对话/闲聊/笑话/励志链/节日祝福，非四类目标域
iiitd_00782,I hav a class at 9.So i wld b in clg.I just tokd 2 sumit n he said dat he wld b dere by 10 n so wld aman n stuti.,hi,iiitd_sms_spam_v1,ham,NEEDS_REVIEW,manual,645bd5097347,latin-script-hinglish-or-en-IN;not-devanagari,私人对话/闲聊/笑话/励志链/节日祝福，非四类目标域
iiitd_00783,I hav 1 u hav 1 ur mom uses ur dad's 1 n ur aunty uses ur uncle's 1 a married lady wud aquire one buh a divorced lady wud lose 1 arnold schwarzenegger has a longer one madonna duznt hav 1 the chinese usualy hav shorter 1s sumtyms indians hav long 1s wat is it? ur surname! Buh i lyk the way u fink ;-),hi,iiitd_sms_spam_v1,ham,NEEDS_REVIEW,manual,0796d05cf1de,latin-script-hinglish-or-en-IN;not-devanagari,私人对话/闲聊/笑话/励志链/节日祝福，非四类目标域
iiitd_00784,I HATE YOUR FILTHY PERSONALITY!!!,hi,iiitd_sms_spam_v1,ham,NEEDS_REVIEW,manual,d5e209ff2c29,latin-script-hinglish-or-en-IN;not-devanagari,私人对话/闲聊/笑话/励志链/节日祝福，非四类目标域
iiitd_00785,Whn do we hv MR 2mrw?,hi,iiitd_sms_spam_v1,ham,NEEDS_REVIEW,manual,17cf69671271,latin-script-hinglish-or-en-IN;not-devanagari,私人对话/闲聊/笑话/励志链/节日祝福，非四类目标域
iiitd_00786,I HATE THAT PART OF YOU!!!,hi,iiitd_sms_spam_v1,ham,NEEDS_REVIEW,manual,bb736ed8e48e,latin-script-hinglish-or-en-IN;not-devanagari,私人对话/闲聊/笑话/励志链/节日祝福，非四类目标域
iiitd_00787,I hate life somebody said to God.. God replied Who asked u to love life? Just love a person who loves u and life will be beautiful on its own.,hi,iiitd_sms_spam_v1,ham,NEEDS_REVIEW,manual,8564a451cb62,latin-script-hinglish-or-en-IN;not-devanagari,私人对话/闲聊/笑话/励志链/节日祝福，非四类目标域
iiitd_00788,"I hate it whn sm1 hurt my frenzNt bcoz i feel for Dembt bcoz whn thy r hurt, dey bcum SADn wen they bcum SAdnalayak philosopher ban jate hai:-D",hi,iiitd_sms_spam_v1,ham,NEEDS_REVIEW,manual,9298a9e7ae16,latin-script-hinglish-or-en-IN;not-devanagari,私人对话/闲聊/笑话/励志链/节日祝福，非四类目标域
iiitd_00789,I had very bad valentines day. I expected more from this company and city. Nothin was there . We had as usual day .,hi,iiitd_sms_spam_v1,ham,NEEDS_REVIEW,manual,4e0adf722393,latin-script-hinglish-or-en-IN;not-devanagari,私人对话/闲聊/笑话/励志链/节日祝福，非四类目标域
iiitd_00790,"INDIAN MEDICAL ASS0CIATI0N suggests DRINKING 0F warm WATER in empty stomach in early Morning which cures:-1.Headache,2.?ody pain,3.Diabetes,4.Constipation,5.All eye diseases, 6.Womb cancer &7.Ear, Nose, Throat disorders.   To kya irada he?",hi,iiitd_sms_spam_v1,ham,NEEDS_REVIEW,manual,5ea0b6b0a180,latin-script-hinglish-or-en-IN;not-devanagari,私人对话/闲聊/笑话/励志链/节日祝福，非四类目标域
iiitd_00791,I had very bad valentine's day. I expected more from this company and city. Nothin was there . We had as usual day .,hi,iiitd_sms_spam_v1,ham,NEEDS_REVIEW,manual,ff5a69b8f62e,latin-script-hinglish-or-en-IN;not-devanagari,私人对话/闲聊/笑话/励志链/节日祝福，非四类目标域
iiitd_00792,I had some prob. Financial crisis 4 me since im goin to chennai on 23. And Pallab havin de plan to go to meet his friend.,hi,iiitd_sms_spam_v1,ham,NEEDS_REVIEW,manual,18c808d5094e,latin-script-hinglish-or-en-IN;not-devanagari,私人对话/闲聊/笑话/励志链/节日祝福，非四类目标域
iiitd_00793,"I had many options..Having poison, hanging frm th ceiling,jumping frm th buildn & cutting my nerves...But I chose EDUCATION how brave i m..Hats off to me..",hi,iiitd_sms_spam_v1,ham,NEEDS_REVIEW,manual,f4717480e75c,latin-script-hinglish-or-en-IN;not-devanagari,私人对话/闲聊/笑话/励志链/节日祝福，非四类目标域
iiitd_00794,I had joggin . Ll sleep .,hi,iiitd_sms_spam_v1,ham,NEEDS_REVIEW,manual,a54eab40a120,latin-script-hinglish-or-en-IN;not-devanagari,私人对话/闲聊/笑话/励志链/节日祝福，非四类目标域
iiitd_00795,I had get up. Bt pehle padhle.den chalenge....kk.,hi,iiitd_sms_spam_v1,ham,NEEDS_REVIEW,manual,53778cc0661c,latin-script-hinglish-or-en-IN;not-devanagari,私人对话/闲聊/笑话/励志链/节日祝福，非四类目标域
iiitd_00796,I had calld,hi,iiitd_sms_spam_v1,ham,NEEDS_REVIEW,manual,40f72fc0666d,latin-script-hinglish-or-en-IN;not-devanagari,私人对话/闲聊/笑话/励志链/节日祝福，非四类目标域
iiitd_00797,"Whisky, Beer andCigarettes r a man's worst enemies...Aren't they...?But,the man who runs away from his enemies is a Coward............So....Cheers..!.!.!",hi,iiitd_sms_spam_v1,ham,NEEDS_REVIEW,manual,f6a1d74c053c,latin-script-hinglish-or-en-IN;not-devanagari,私人对话/闲聊/笑话/励志链/节日祝福，非四类目标域
iiitd_00798,"I guess lil bit my fault, i started toking abt things u don like toking abt, for lack of betr conversation piece. Sry. :) n yea u don need 2 call bck 4 dis msg. I undrstnd. :)",hi,iiitd_sms_spam_v1,ham,NEEDS_REVIEW,manual,75feb12135ae,latin-script-hinglish-or-en-IN;not-devanagari,私人对话/闲聊/笑话/励志链/节日祝福，非四类目标域
iiitd_00799,I guess everything.. And ab mittal ko padha raha hai:-p,hi,iiitd_sms_spam_v1,ham,NEEDS_REVIEW,manual,f1e33a46392c,latin-script-hinglish-or-en-IN;not-devanagari,私人对话/闲聊/笑话/励志链/节日祝福，非四类目标域
iiitd_00800,"I got ur msg nw abt rdbms sylb. Bt i dont know coz i dont hv nething wid me right nw, everything in hstl",hi,iiitd_sms_spam_v1,ham,NEEDS_REVIEW,manual,4beb8e711654,latin-script-hinglish-or-en-IN;not-devanagari,私人对话/闲聊/笑话/励志链/节日祝福，非四类目标域
iiitd_00801,"INDIAN GIRLS THROUGH THE YEARS: 1980=Love Me But don't touch Me. 1990=Touch Me But don't kiss Me. 2000=Kiss Me But or kuch Mat Karna. 2005:sab kuch Kar lo par kisi ko Batana nahi. 2010:sub kuch Karo Warna, Mai sub ko Bata Dungi ki Tum Kuch nahi kar Saktay . . . .;-). . .:-P",hi,iiitd_sms_spam_v1,ham,NEEDS_REVIEW,manual,20a3e78f6446,latin-script-hinglish-or-en-IN;not-devanagari,私人对话/闲聊/笑话/励志链/节日祝福，非四类目标域
iiitd_00802,I got job in Ocwen financial.,hi,iiitd_sms_spam_v1,ham,NEEDS_REVIEW,manual,5a4a67dc7b45,latin-script-hinglish-or-en-IN;not-devanagari,私人告知找到工作，非四类目标域
iiitd_00803,I got it yaar . I accepted,hi,iiitd_sms_spam_v1,ham,NEEDS_REVIEW,manual,90ef97655ca2,latin-script-hinglish-or-en-IN;not-devanagari,私人对话/闲聊/笑话/励志链/节日祝福，非四类目标域
iiitd_00804,I got it yaar . I accepted,hi,iiitd_sms_spam_v1,ham,NEEDS_REVIEW,manual,90ef97655ca2,latin-script-hinglish-or-en-IN;not-devanagari,私人对话/闲聊/笑话/励志链/节日祝福，非四类目标域
iiitd_00805,"I got an email yesterday. You also probably received it. They are starting their recruitment process. The question is, did they select smit? Find out.",hi,iiitd_sms_spam_v1,ham,NEEDS_REVIEW,manual,c5a1dcd49c4d,latin-script-hinglish-or-en-IN;not-devanagari,私人对话/闲聊/笑话/励志链/节日祝福，非四类目标域
iiitd_00806,"I got an email yesterday. You also probably received it. They are starting their recruitment process. The question is, did they select smit? Find out.",hi,iiitd_sms_spam_v1,ham,NEEDS_REVIEW,manual,c5a1dcd49c4d,latin-script-hinglish-or-en-IN;not-devanagari,私人对话/闲聊/笑话/励志链/节日祝福，非四类目标域
iiitd_00807,"I Got a gift 4 u! No cost! No batteries required! Tax free, Performs silently, extremely personal! Fully returnable n transferable ! Its a HUG xclusively for U!!''",hi,iiitd_sms_spam_v1,ham,NEEDS_REVIEW,manual,09a236d8cdfb,latin-script-hinglish-or-en-IN;not-devanagari,私人对话/闲聊/笑话/励志链/节日祝福，非四类目标域
iiitd_00808,"I gave my room key to tejas, take from him. U shift inside..",hi,iiitd_sms_spam_v1,ham,NEEDS_REVIEW,manual,04a06f35411a,latin-script-hinglish-or-en-IN;not-devanagari,私人对话/闲聊/笑话/励志链/节日祝福，非四类目标域
iiitd_00809,Which's The MOST DANGEROUS Alphabet Of All?W.!Coz ALL WORRIES Start With WWHO?WHY?WHAT?WHEN?WHICH?WHOM?WHERE?WAR!WINEWOMAN &FINALYWIFE YaaR,hi,iiitd_sms_spam_v1,ham,NEEDS_REVIEW,manual,f7d82998db8e,latin-script-hinglish-or-en-IN;not-devanagari,私人对话/闲聊/笑话/励志链/节日祝福，非四类目标域
iiitd_00810,i found natasha on facebook.,hi,iiitd_sms_spam_v1,ham,NEEDS_REVIEW,manual,6135cfce7960,latin-script-hinglish-or-en-IN;not-devanagari,私人对话/闲聊/笑话/励志链/节日祝福，非四类目标域
iiitd_00811,i found d security device bt i don remem d password...coz it didn accept d one i entered. sent a password change request. will hv to call customer care to activate tht nw. so left it.,hi,iiitd_sms_spam_v1,ham,NEEDS_REVIEW,manual,406d1560b4cc,latin-script-hinglish-or-en-IN;not-devanagari,私人对话/闲聊/笑话/励志链/节日祝福，非四类目标域
iiitd_00812,"Indian cricket team has been penalized by animal activists for hunting 11 kangaroos yesterday, Further Team 2 pay penalty 4 hunting 11 street dogs nxt wednesday",hi,iiitd_sms_spam_v1,ham,NEEDS_REVIEW,manual,e6d1f58175ec,latin-script-hinglish-or-en-IN;not-devanagari,私人对话/闲聊/笑话/励志链/节日祝福，非四类目标域
iiitd_00813,"I find television very educating. Every time somebody turns on the set, I go into the other room and read a book.",hi,iiitd_sms_spam_v1,ham,NEEDS_REVIEW,manual,99d86893d11f,latin-script-hinglish-or-en-IN;not-devanagari,私人对话/闲聊/笑话/励志链/节日祝福，非四类目标域
iiitd_00814,"I feel lucky as i m part of ur life. Keep me always in ur memories. Be my frnd forever. Happy friendship day. TY, Avi",hi,iiitd_sms_spam_v1,ham,NEEDS_REVIEW,manual,34825ed928c1,latin-script-hinglish-or-en-IN;not-devanagari,私人对话/闲聊/笑话/励志链/节日祝福，非四类目标域
iiitd_00815,I duno..any bttr mvie!?? N pl ask saum or mansi to cal sanam bt d swtshrts..he dint rply to my msg so..,hi,iiitd_sms_spam_v1,ham,NEEDS_REVIEW,manual,051aeda9bb0d,latin-script-hinglish-or-en-IN;not-devanagari,私人对话/闲聊/笑话/励志链/节日祝福，非四类目标域
iiitd_00816,I duno ya...kuch samajh nai aa rahatension itni zyada ho rai hai..bad halattry doin stacks n queues or file handln??,hi,iiitd_sms_spam_v1,ham,NEEDS_REVIEW,manual,4b4ae35df48a,latin-script-hinglish-or-en-IN;not-devanagari,私人对话/闲聊/笑话/励志链/节日祝福，非四类目标域
iiitd_00817,I dropped a coin in the wishing well n prayed 4 a smart n intelligent friend. Then God gifted me u n said:ITNE PAISE MEIN ITNA HI MILENGA...Gn  n rlp.,hi,iiitd_sms_spam_v1,ham,NEEDS_REVIEW,manual,de9055ec3468,latin-script-hinglish-or-en-IN;not-devanagari,私人对话/闲聊/笑话/励志链/节日祝福，非四类目标域
iiitd_00818,i dont want to form silly ideas in my head as to why u guys threw out tht maid. i kno its ur parents' stuff. bt v share so mch wid each oder abt ourselves n our families n friends n others. i rely want to kno. thts all i cn say for nw...,hi,iiitd_sms_spam_v1,ham,NEEDS_REVIEW,manual,fa4927144978,latin-script-hinglish-or-en-IN;not-devanagari,私人对话/闲聊/笑话/励志链/节日祝福，非四类目标域
iiitd_00819,I dont remember anythin . U r very late to give reply . Its k .i ll ask u from de first . Dis time reply fast .,hi,iiitd_sms_spam_v1,ham,NEEDS_REVIEW,manual,de0cee74993c,latin-script-hinglish-or-en-IN;not-devanagari,私人对话/闲聊/笑话/励志链/节日祝福，非四类目标域
iiitd_00820,I dont remember anythin . U r very late to give reply . Its k .i ll ask u from de first . Dis time reply fast .,hi,iiitd_sms_spam_v1,ham,NEEDS_REVIEW,manual,de0cee74993c,latin-script-hinglish-or-en-IN;not-devanagari,私人对话/闲聊/笑话/励志链/节日祝福，非四类目标域
iiitd_00821,Which unreplied msg . And this week end we may go out . Pallab and piyush r makin some plans it seems,hi,iiitd_sms_spam_v1,ham,NEEDS_REVIEW,manual,6bab6fae8b15,latin-script-hinglish-or-en-IN;not-devanagari,私人对话/闲聊/笑话/励志链/节日祝福，非四类目标域
iiitd_00822,I dont know. While buyin didn't think anythin but i think i made mistake.,hi,iiitd_sms_spam_v1,ham,NEEDS_REVIEW,manual,706da66fa721,latin-script-hinglish-or-en-IN;not-devanagari,私人对话/闲聊/笑话/励志链/节日祝福，非四类目标域
iiitd_00823,Why do sardar study in front of mirror?Bcoz1)revision b saath me ho jata hai..2)wo apne upar nazar rakh sakta hai..3)usse combined study pasand hai.,hi,iiitd_sms_spam_v1,ham,NEEDS_REVIEW,audit_fixpass_iiitd,ef8fe8a9aba0,latin-script-hinglish-or-en-IN;not-devanagari | [fix:NEEDS_REVIEW->AD] 问答/竞猜增值短信，非诈骗 | [fix:AD->NEEDS_REVIEW] 私人闲聊误判问答,问答/竞猜增值短信，非诈骗
iiitd_00824,I dont know wy he offer tat. I think want to show himself as trendy .,hi,iiitd_sms_spam_v1,ham,NEEDS_REVIEW,manual,afd2dcf6e88c,latin-script-hinglish-or-en-IN;not-devanagari,私人对话/闲聊/笑话/励志链/节日祝福，非四类目标域
iiitd_00825,I dont know wy he offer tat. I think want to show himself as trendy .,hi,iiitd_sms_spam_v1,ham,NEEDS_REVIEW,manual,afd2dcf6e88c,latin-script-hinglish-or-en-IN;not-devanagari,私人对话/闲聊/笑话/励志链/节日祝福，非四类目标域
iiitd_00826,I dont know bout it. But we wont be in same company . No training in same de same city.,hi,iiitd_sms_spam_v1,ham,NEEDS_REVIEW,manual,468bfeb4cc36,latin-script-hinglish-or-en-IN;not-devanagari,私人对话/闲聊/笑话/励志链/节日祝福，非四类目标域
iiitd_00827,I dont know bout it. But we wont be in same company . No training in same de same city.,hi,iiitd_sms_spam_v1,ham,NEEDS_REVIEW,manual,468bfeb4cc36,latin-script-hinglish-or-en-IN;not-devanagari,私人对话/闲聊/笑话/励志链/节日祝福，非四类目标域
iiitd_00828,I dont know anythin bout him but i heard a lot. Tats great u ll hav de chance to meet him,hi,iiitd_sms_spam_v1,ham,NEEDS_REVIEW,manual,078d7cba2742,latin-script-hinglish-or-en-IN;not-devanagari,私人对话/闲聊/笑话/励志链/节日祝福，非四类目标域
iiitd_00829,I dont have balance so ll take two days to recharge it-Sent via WAY2SMS.COM,hi,iiitd_sms_spam_v1,ham,NEEDS_REVIEW,manual,9b3836b95389,latin-script-hinglish-or-en-IN;not-devanagari,私人对话/闲聊/笑话/励志链/节日祝福，非四类目标域
iiitd_00830,I dont have balance so ll take two days to recharge it - Sent via WAY2SMS.COM,hi,iiitd_sms_spam_v1,ham,NEEDS_REVIEW,manual,9b3836b95389,latin-script-hinglish-or-en-IN;not-devanagari,私人对话/闲聊/笑话/励志链/节日祝福，非四类目标域
iiitd_00831,I dont hav keys...can u plz come fast!!!,hi,iiitd_sms_spam_v1,ham,NEEDS_REVIEW,manual,82d33729e12f,latin-script-hinglish-or-en-IN;not-devanagari,私人对话/闲聊/笑话/励志链/节日祝福，非四类目标域
iiitd_00832,I dont care if he puts it in dust bin or some where .,hi,iiitd_sms_spam_v1,ham,NEEDS_REVIEW,manual,dc9f2d6b46f0,latin-script-hinglish-or-en-IN;not-devanagari,私人对话/闲聊/笑话/励志链/节日祝福，非四类目标域
iiitd_00833,Which unreplied msg . And this week end we may go out . Pallab and piyush r makin some plans it seems,hi,iiitd_sms_spam_v1,ham,NEEDS_REVIEW,manual,6bab6fae8b15,latin-script-hinglish-or-en-IN;not-devanagari,私人对话/闲聊/笑话/励志链/节日祝福，非四类目标域
iiitd_00834,"Indian boy: Mere 3 bhai aur 3 behen he. Tere kitne hai? American  boy: Mere bhai bahen nahi, par meri  pehli mummy se  4 papa  aur pehle papa se  5 mummy hai",hi,iiitd_sms_spam_v1,ham,NEEDS_REVIEW,manual,ec8ec642fb3e,latin-script-hinglish-or-en-IN;not-devanagari,私人对话/闲聊/笑话/励志链/节日祝福，非四类目标域
iiitd_00835,I dono y m nt feeling gud abt netin. My colg thing. Ur hostel thing. M evn taking akhil n aliza's news as something bad/wrong. Mayb my mind's jus twisted coz f my colg thing. M sry. I kno dis is crappy msg 2 send. Tc n best of luck. Wish i cud fix myself.,hi,iiitd_sms_spam_v1,ham,NEEDS_REVIEW,manual,83503db2a1e8,latin-script-hinglish-or-en-IN;not-devanagari,私人对话/闲聊/笑话/励志链/节日祝福，非四类目标域
iiitd_00836,"i dono if its bcoz of d medicine or wot. m practicaly falling off my seat, m so sleepy! ws pleasantly surprised to c ur text tho i din undrstnd it. waiting n seeing if u reply nw.",hi,iiitd_sms_spam_v1,ham,NEEDS_REVIEW,manual,61a5325d7e46,latin-script-hinglish-or-en-IN;not-devanagari,私人对话/闲聊/笑话/励志链/节日祝福，非四类目标域
iiitd_00837,i dono if it evr hapns to u or nt. sumhw i ws/am feeling prety rattled. like m unsure abt so mny things n evn a lil scared. newyz. wud be nice to wake up to a reply from u. tc.,hi,iiitd_sms_spam_v1,ham,NEEDS_REVIEW,manual,65dd341ede46,latin-script-hinglish-or-en-IN;not-devanagari,私人对话/闲聊/笑话/励志链/节日祝福，非四类目标域
iiitd_00838,i dono hw u cn make me smile evn after pissing me off...paagal...decent comeback...,hi,iiitd_sms_spam_v1,ham,NEEDS_REVIEW,manual,b104a36da5db,latin-script-hinglish-or-en-IN;not-devanagari,私人对话/闲聊/笑话/励志链/节日祝福，非四类目标域
iiitd_00839,I dono hw annoying it is wen i don reply. Bt m having a tough tym controlling my paranoia. Plz reply.,hi,iiitd_sms_spam_v1,ham,NEEDS_REVIEW,manual,422e46ceb0cc,latin-script-hinglish-or-en-IN;not-devanagari,私人对话/闲聊/笑话/励志链/节日祝福，非四类目标域
iiitd_00840,i don't like not being able to reach you :(,hi,iiitd_sms_spam_v1,ham,NEEDS_REVIEW,manual,ce49df4d8402,latin-script-hinglish-or-en-IN;not-devanagari,私人对话/闲聊/笑话/励志链/节日祝福，非四类目标域
iiitd_00841,I don't know! Bhejna hai bhej nai toh mt bhej! I have conveyed the msg to u!,hi,iiitd_sms_spam_v1,ham,NEEDS_REVIEW,manual,dd323eedc3d3,latin-script-hinglish-or-en-IN;not-devanagari,私人对话/闲聊/笑话/励志链/节日祝福，非四类目标域
iiitd_00842,I don't know d actual meaning of maturity. bt 4 me maturity is wn  a peRson hurts u n u try 2 undeRstnd thr situation n dn't hurt dem back.. TK CR.,hi,iiitd_sms_spam_v1,ham,NEEDS_REVIEW,manual,cd1cbf96f513,latin-script-hinglish-or-en-IN;not-devanagari,私人对话/闲聊/笑话/励志链/节日祝福，非四类目标域
iiitd_00843,Which sentence,hi,iiitd_sms_spam_v1,ham,NEEDS_REVIEW,manual,d00effcd869a,latin-script-hinglish-or-en-IN;not-devanagari,私人对话/闲聊/笑话/励志链/节日祝福，非四类目标域
iiitd_00844,I don't know any bhoopinder.. Sry wrong number,hi,iiitd_sms_spam_v1,ham,NEEDS_REVIEW,manual,987f2b519de0,latin-script-hinglish-or-en-IN;not-devanagari,私人对话/闲聊/笑话/励志链/节日祝福，非四类目标域
iiitd_00845,"INDIAN :- sir PAKISTAN se 16 inch k Condom ka order mila hai. MANAGER:-Ye kamine hume jaleel krna chahte hai, Order tayar kro aur likh doSMALL SIZE",hi,iiitd_sms_spam_v1,ham,NEEDS_REVIEW,manual,cc1829424390,latin-script-hinglish-or-en-IN;not-devanagari,私人对话/闲聊/笑话/励志链/节日祝福，非四类目标域
iiitd_00846,"I don wana pester u or netin. Bt jus kind of wish u wud tok 2 me nicely once. Tho if i think logicaly,mayb der is nth 2 tok. Bt i don wana accept tht. It seemed lyk sth ws bothering u. N i wana ease off tht burden on u. In woteva way possible. Sumhw m nt hapy tht mum dad r bck either. Id rather stay alone ryt nw. Or be wid u is wot i wan. Der is sum sort of uneasiness/restlessness inside me,vich i'm nt able 2 identify. I din wana disturb u by calling. Thts y i msgd. I hope dis din bother u. Luv u. Tc. :*",hi,iiitd_sms_spam_v1,ham,NEEDS_REVIEW,manual,e3c0a52dc04a,latin-script-hinglish-or-en-IN;not-devanagari,私人对话/闲聊/笑话/励志链/节日祝福，非四类目标域
iiitd_00847,"I don like us fighting. It messes me up. :( abhi i lost my temper in traffic, n evn tht gt directed at u in d form of nasty thots coz of last nyt... N honestly, i knew helping u ws kind of  due last nyt, bt u jus ruined it so mch. I don get it. Y aren't u telling me all about it? If u don't trust me wid dis info, who else will u trust wid netin else? N plz, stop threatening me! :( stop hurting d ppl who care abt u...weder its me or ur parents. I jus hope things will be betr 2day...waiting...",hi,iiitd_sms_spam_v1,ham,NEEDS_REVIEW,manual,00503878efdd,latin-script-hinglish-or-en-IN;not-devanagari,私人对话/闲聊/笑话/励志链/节日祝福，非四类目标域
iiitd_00848,I dnt thnk it did harm to any1,hi,iiitd_sms_spam_v1,ham,NEEDS_REVIEW,manual,2f67ee82b098,latin-script-hinglish-or-en-IN;not-devanagari,私人对话/闲聊/笑话/励志链/节日祝福，非四类目标域
iiitd_00849,"I dnt say dat u shud smile wen m hpy n cry wen m sad.I knw no1 cn do datI dnt wish dat u shud spnd tym vid me.I knw itz impsbl 4 uI dnt wish 2take any spcl plce in ur heart.I knw its 2much 2ask frAl i wish smday,smplace long aftr m gone 4 evr,u hear ma name,smile n saythee 1 pagal ...N i miss her karti thi roz sms se pareshan  :-):-):-)",hi,iiitd_sms_spam_v1,ham,NEEDS_REVIEW,manual,bc426705314e,latin-script-hinglish-or-en-IN;not-devanagari,私人对话/闲聊/笑话/励志链/节日祝福，非四类目标域
iiitd_00850,I dnt mnd!,hi,iiitd_sms_spam_v1,ham,NEEDS_REVIEW,manual,0e4eed7905ee,latin-script-hinglish-or-en-IN;not-devanagari,私人对话/闲聊/笑话/励志链/节日祝福，非四类目标域
iiitd_00851,I dnt luv u more dan d world. U can go back to sonam n i am nt angry sach mein.. I dnt hv her no. Convey her. Saikat z all her's. Gud bye.,hi,iiitd_sms_spam_v1,ham,NEEDS_REVIEW,manual,70df89727620,latin-script-hinglish-or-en-IN;not-devanagari,私人对话/闲聊/笑话/励志链/节日祝福，非四类目标域
iiitd_00852,i dnt knw wen u told! half of ur msgs wnt cum only :-/ yeah dts true hostl lyf rocks n teaches alott :),hi,iiitd_sms_spam_v1,ham,NEEDS_REVIEW,manual,49ab5e468038,latin-script-hinglish-or-en-IN;not-devanagari,私人对话/闲聊/笑话/励志链/节日祝福，非四类目标域
iiitd_00853,Yr tune to craze paida kr dia kal milne ka..:-P,hi,iiitd_sms_spam_v1,ham,NEEDS_REVIEW,manual,beec3777552a,latin-script-hinglish-or-en-IN;not-devanagari,私人对话/闲聊/笑话/励志链/节日祝福，非四类目标域
iiitd_00854,Which sentence,hi,iiitd_sms_spam_v1,ham,NEEDS_REVIEW,manual,d00effcd869a,latin-script-hinglish-or-en-IN;not-devanagari,私人对话/闲聊/笑话/励志链/节日祝福，非四类目标域
iiitd_00855,"I dnt knw wat to do nw. Its dificlt for me to retain this felng. I dnt hv ny hope nw. Getng b or above is like impsbl. And jst for the sily asgnmnt i m submitng. I m getng ths grade redctn. No need for ny sympathy as it wil nt help me. Hw to tel mom nd dad, i dnt knw. Its so harsh. I hate myslf for doing ths. Hate ths flng, i nvr had such guiltines.",hi,iiitd_sms_spam_v1,ham,NEEDS_REVIEW,manual,1b17aa0cc697,latin-script-hinglish-or-en-IN;not-devanagari,私人对话/闲聊/笑话/励志链/节日祝福，非四类目标域
iiitd_00856,"India(Ram) married World Cup(Sita) in 1983 & in 1996 Srilanka(Raavan) took away Sita(World Cup).Now after 14 yrs of Vanvaas,they meet again,you know the result.",hi,iiitd_sms_spam_v1,ham,NEEDS_REVIEW,manual,701649551526,latin-script-hinglish-or-en-IN;not-devanagari,私人对话/闲聊/笑话/励志链/节日祝福，非四类目标域
iiitd_00857,I dnt knw jab tayaar houngi tab bta dungi. Nd jana kahan h pehle...,hi,iiitd_sms_spam_v1,ham,NEEDS_REVIEW,manual,56f363d8a891,latin-script-hinglish-or-en-IN;not-devanagari,私人对话/闲聊/笑话/励志链/节日祝福，非四类目标域
iiitd_00858,"I dnt knw if i am imprtnt in ur lyf or nt Bt yes,i jst hope wen i'll b dead,u wil cum little nearer 2 my coffin,wid tears in eyes n say slowly.UTH JAA NA YAAR hai na?",hi,iiitd_sms_spam_v1,ham,NEEDS_REVIEW,manual,ab5ea5a1b5ea,latin-script-hinglish-or-en-IN;not-devanagari,私人对话/闲聊/笑话/励志链/节日祝福，非四类目标域
iiitd_00859,I dnt knw abt else ppl. Bt i hv no hope.,hi,iiitd_sms_spam_v1,ham,NEEDS_REVIEW,manual,6cc51614ad03,latin-script-hinglish-or-en-IN;not-devanagari,私人对话/闲聊/笑话/励志链/节日祝福，非四类目标域
iiitd_00860,I dnt knw . . Mujhe kaise pata . . Hogi tumari koi special dost. . N tumara pjct start ho gaya?,hi,iiitd_sms_spam_v1,ham,NEEDS_REVIEW,manual,4f16a895c35e,latin-script-hinglish-or-en-IN;not-devanagari,私人对话/闲聊/笑话/励志链/节日祝福，非四类目标域
iiitd_00861,"I dnt know d art of showing love, concern and respect for d buddies i care for...There may be many who wud impres u better than i can do... Some may even know how to cary on frndship in a far better way than i can... But one thing i can do is i will be a true friend just try 2 make u feel gud and joyful ,help you where i can and will be with you whenever u want...Dis is me and i am not at all unique...:-)jst a fnd of urz,frevr nd evr.",hi,iiitd_sms_spam_v1,ham,NEEDS_REVIEW,manual,90f7377732bf,latin-script-hinglish-or-en-IN;not-devanagari,私人对话/闲聊/笑话/励志链/节日祝福，非四类目标域
iiitd_00862,I dnt hv it..,hi,iiitd_sms_spam_v1,ham,NEEDS_REVIEW,manual,74a645931e82,latin-script-hinglish-or-en-IN;not-devanagari,私人对话/闲聊/笑话/励志链/节日祝福，非四类目标域
iiitd_00863,I dnt hav d final srs. I have mailed u d use case diagram in a word doc,hi,iiitd_sms_spam_v1,ham,NEEDS_REVIEW,manual,5249be12bf0c,latin-script-hinglish-or-en-IN;not-devanagari,私人对话/闲聊/笑话/励志链/节日祝福，非四类目标域
iiitd_00864,I dn't hv ny odr option n so jao nikammo kbhi....it's 5:30 nw....,hi,iiitd_sms_spam_v1,ham,NEEDS_REVIEW,manual,27ecbb7f9174,latin-script-hinglish-or-en-IN;not-devanagari,私人对话/闲聊/笑话/励志链/节日祝福，非四类目标域
iiitd_00865,I dn't hv blnc...:-(,hi,iiitd_sms_spam_v1,ham,NEEDS_REVIEW,manual,8d4499416f2f,latin-script-hinglish-or-en-IN;not-devanagari,私人对话/闲聊/笑话/励志链/节日祝福，非四类目标域
iiitd_00866,Which one?,hi,iiitd_sms_spam_v1,ham,NEEDS_REVIEW,manual,aa0634a648ae,latin-script-hinglish-or-en-IN;not-devanagari,私人对话/闲聊/笑话/励志链/节日祝福，非四类目标域
iiitd_00867,India's most versatile sound.. Bhenchod in 7 different moods: ANGER Bhag bhenchod.. FRUSTRATION Sab chutiye hai bhenchod. ACCEPTANCE Sahi hai bhenchod.. REJECTION Gaand mara bhenchod.. FEAR Aab kya hoga bhenchod..?? SORROW Bhenchod maa bhen ek ho gayi.. SHOCK Bhen..chod..!!,hi,iiitd_sms_spam_v1,ham,NEEDS_REVIEW,manual,a3230664ca46,latin-script-hinglish-or-en-IN;not-devanagari,私人对话/闲聊/笑话/励志链/节日祝福，非四类目标域
iiitd_00868,I dint tell u earlier.....par ab its tym to tell u evrythng......plz promise kar tht ths will stay between both of us only,hi,iiitd_sms_spam_v1,ham,NEEDS_REVIEW,manual,142ab0dacbe7,latin-script-hinglish-or-en-IN;not-devanagari,私人对话/闲聊/笑话/励志链/节日祝福，非四类目标域
iiitd_00869,i dint cut my relnshp wid u........mujhe mat bhej ye sms........alrdy bored,hi,iiitd_sms_spam_v1,ham,NEEDS_REVIEW,manual,692d1ebeefbc,latin-script-hinglish-or-en-IN;not-devanagari,私人对话/闲聊/笑话/励志链/节日祝福，非四类目标域
iiitd_00870,"I din get it. U decided 2 disconnect bcoz of speaker? Khair newyz, as u wish.",hi,iiitd_sms_spam_v1,ham,NEEDS_REVIEW,manual,58c7fb49a1a1,latin-script-hinglish-or-en-IN;not-devanagari,私人对话/闲聊/笑话/励志链/节日祝福，非四类目标域
iiitd_00871,I didnt.,hi,iiitd_sms_spam_v1,ham,NEEDS_REVIEW,manual,4731eaa8b311,latin-script-hinglish-or-en-IN;not-devanagari,私人对话/闲聊/笑话/励志链/节日祝福，非四类目标域
iiitd_00872,I didnt send u anythin now.,hi,iiitd_sms_spam_v1,ham,NEEDS_REVIEW,manual,9bed8c4be69f,latin-script-hinglish-or-en-IN;not-devanagari,私人对话/闲聊/笑话/励志链/节日祝福，非四类目标域
iiitd_00873,I didnt hav balance yesterday tats wy cant able to msg,hi,iiitd_sms_spam_v1,ham,NEEDS_REVIEW,manual,b79a789b579d,latin-script-hinglish-or-en-IN;not-devanagari,私人对话/闲聊/笑话/励志链/节日祝福，非四类目标域
iiitd_00874,I didn't.,hi,iiitd_sms_spam_v1,ham,NEEDS_REVIEW,manual,cafd422cf80c,latin-script-hinglish-or-en-IN;not-devanagari,私人对话/闲聊/笑话/励志链/节日祝福，非四类目标域
iiitd_00875,I didn't send u anythin now.,hi,iiitd_sms_spam_v1,ham,NEEDS_REVIEW,manual,099ef0c98903,latin-script-hinglish-or-en-IN;not-devanagari,私人对话/闲聊/笑话/励志链/节日祝福，非四类目标域
iiitd_00876,i didn't like the sound you of right now. please get back inside the hostel asap. and please don't do anything wrong. please.,hi,iiitd_sms_spam_v1,ham,NEEDS_REVIEW,manual,1284a5d43fbd,latin-script-hinglish-or-en-IN;not-devanagari,私人对话/闲聊/笑话/励志链/节日祝福，非四类目标域
iiitd_00877,i didn't like getting cut mid convo and not being able to talk to you.,hi,iiitd_sms_spam_v1,ham,NEEDS_REVIEW,manual,da5be792beb9,latin-script-hinglish-or-en-IN;not-devanagari,私人对话/闲聊/笑话/励志链/节日祝福，非四类目标域
iiitd_00878,InDia will WIN....World cuP aaagaya...,hi,iiitd_sms_spam_v1,ham,NEEDS_REVIEW,manual,e56c5cf1bd2c,latin-script-hinglish-or-en-IN;not-devanagari,私人对话/闲聊/笑话/励志链/节日祝福，非四类目标域
iiitd_00879,I didn't hav balance yesterday tats wy cant able to msg,hi,iiitd_sms_spam_v1,ham,NEEDS_REVIEW,manual,5af793a24bf2,latin-script-hinglish-or-en-IN;not-devanagari,私人对话/闲聊/笑话/励志链/节日祝福，非四类目标域
iiitd_00880,"I ddnt want to msg u.. I knw u wont reply bt today,i dnt knw y,i am unable to cntrl myslf.. I am msng u like hell.. Msng u a lot. Waitd lng 4 u to cum on9 bt dnt thnk u wil cum nw. I jst hope u r fyn n hvng fun. Gud nite n tk care.",hi,iiitd_sms_spam_v1,ham,NEEDS_REVIEW,manual,f5a77cf3eda4,latin-script-hinglish-or-en-IN;not-devanagari,私人对话/闲聊/笑话/励志链/节日祝福，非四类目标域
iiitd_00881,"i cud write u a ltter : if d sky is my paper, if d ocean is my ink & d stars r my words it wud still not b enough 2 describe how dear u are 2 me..",hi,iiitd_sms_spam_v1,ham,NEEDS_REVIEW,manual,d4b2ebf5df3e,latin-script-hinglish-or-en-IN;not-devanagari,私人对话/闲聊/笑话/励志链/节日祝福，非四类目标域
iiitd_00882,"I cried ma emotins in evry tear, 4 whom i cried ws nvr dere,4 whom i ws rdy 2 die nvr tuk care, 4 me he ws d nly 1,4 him i ws nly fun ...Gd mrng",hi,iiitd_sms_spam_v1,ham,NEEDS_REVIEW,manual,0991e614eddf,latin-script-hinglish-or-en-IN;not-devanagari,私人对话/闲聊/笑话/励志链/节日祝福，非四类目标域
iiitd_00883,I cnt find out idone compiler:-(,hi,iiitd_sms_spam_v1,ham,NEEDS_REVIEW,manual,52532b4931ee,latin-script-hinglish-or-en-IN;not-devanagari,私人对话/闲聊/笑话/励志链/节日祝福，非四类目标域
iiitd_00884,I cn see u:-P,hi,iiitd_sms_spam_v1,ham,NEEDS_REVIEW,manual,d4275f62b1b0,latin-script-hinglish-or-en-IN;not-devanagari,私人对话/闲聊/笑话/励志链/节日祝福，非四类目标域
iiitd_00885,I cn see u again:-P,hi,iiitd_sms_spam_v1,ham,NEEDS_REVIEW,manual,2fd6d56fc38c,latin-script-hinglish-or-en-IN;not-devanagari,私人对话/闲聊/笑话/励志链/节日祝福，非四类目标域
iiitd_00886,I cn see u,hi,iiitd_sms_spam_v1,ham,NEEDS_REVIEW,manual,285095d8431a,latin-script-hinglish-or-en-IN;not-devanagari,私人对话/闲聊/笑话/励志链/节日祝福，非四类目标域
iiitd_00887,I chkd thrice the lab it was closd. Didnt fnd mam too,hi,iiitd_sms_spam_v1,ham,NEEDS_REVIEW,manual,6e8bdc250043,latin-script-hinglish-or-en-IN;not-devanagari,私人对话/闲聊/笑话/励志链/节日祝福，非四类目标域
iiitd_00888,I cant go... pls undrstnd,hi,iiitd_sms_spam_v1,ham,NEEDS_REVIEW,manual,041ede1ddeae,latin-script-hinglish-or-en-IN;not-devanagari,私人对话/闲聊/笑话/励志链/节日祝福，非四类目标域
iiitd_00889,"Is bangalore, delhi, kolkata ok with you?",hi,iiitd_sms_spam_v1,ham,NEEDS_REVIEW,manual,e167450001bf,latin-script-hinglish-or-en-IN;not-devanagari,私人对话/闲聊/笑话/励志链/节日祝福，非四类目标域
iiitd_00890,India Virende(R) 10dulk(A)r  Yuvra(J) Gaut(A)m   Rai(N)a Dhon(I)        (K)ohli HBh(A)jn ZKha(N)     Pa(T)el     As(H)win RAJANIKANTH jisme ho wo haregi kya?,hi,iiitd_sms_spam_v1,ham,NEEDS_REVIEW,manual,97bc6b123565,latin-script-hinglish-or-en-IN;not-devanagari,私人对话/闲聊/笑话/励志链/节日祝福，非四类目标域
iiitd_00891,Which line will you take? And by what time will you leave?,hi,iiitd_sms_spam_v1,ham,NEEDS_REVIEW,manual,e2545c7a2435,latin-script-hinglish-or-en-IN;not-devanagari,私人对话/闲聊/笑话/励志链/节日祝福，非四类目标域
iiitd_00892,I cant do it alone. No 1s here.,hi,iiitd_sms_spam_v1,ham,NEEDS_REVIEW,manual,7942e818b6ec,latin-script-hinglish-or-en-IN;not-devanagari,私人对话/闲聊/笑话/励志链/节日祝福，非四类目标域
iiitd_00893,I cant able to . Cos of me he drunk today. Im really stupid . I shouldnt hurt him.,hi,iiitd_sms_spam_v1,ham,NEEDS_REVIEW,manual,06b0a8d6f300,latin-script-hinglish-or-en-IN;not-devanagari,私人对话/闲聊/笑话/励志链/节日祝福，非四类目标域
iiitd_00894,i cannot believ i gt dc wen i announced d crux of d whole thing. god!,hi,iiitd_sms_spam_v1,ham,NEEDS_REVIEW,manual,bb17ac542980,latin-script-hinglish-or-en-IN;not-devanagari,私人对话/闲聊/笑话/励志链/节日祝福，非四类目标域
iiitd_00895,i can't wait for your msg card to get activated. for all those situations when you can't talk. waise is this the same abhishek with whom you had a minor fight last week? tell me when you call me.,hi,iiitd_sms_spam_v1,ham,NEEDS_REVIEW,manual,da20714be85c,latin-script-hinglish-or-en-IN;not-devanagari,私人对话/闲聊/笑话/励志链/节日祝福，非四类目标域
iiitd_00896,"I can't find d ryt wrds 4 dis day,so i m giving a hug,bcoz wrds hav d potential 2 confuse,but HUGS never LIE.happy friendshipday n gud morning.",hi,iiitd_sms_spam_v1,ham,NEEDS_REVIEW,manual,b3aca23cd212,latin-script-hinglish-or-en-IN;not-devanagari,私人对话/闲聊/笑话/励志链/节日祝福，非四类目标域
iiitd_00897,"i can't believ uv left ur cell fone switchd off in such a situation aka my labtests tom. cmon!!! n btw, did u actualy hit stuti so hard tht she started bleeding from her forehead? oh god tanmay, u kno ur nt suposd to hit girls. hope ur taking care. my lab exams r b/w 11-12 and 3-5. be good. :*",hi,iiitd_sms_spam_v1,ham,NEEDS_REVIEW,manual,8ff5fdba7cc4,latin-script-hinglish-or-en-IN;not-devanagari,私人对话/闲聊/笑话/励志链/节日祝福，非四类目标域
iiitd_00898,i can't believ ur watching it widout me. m rely disappointed. n u wer suposd to call me once u wer thru. rely disappointed.,hi,iiitd_sms_spam_v1,ham,NEEDS_REVIEW,manual,a706bb5d455d,latin-script-hinglish-or-en-IN;not-devanagari,私人对话/闲聊/笑话/励志链/节日祝福，非四类目标域
iiitd_00899,"I CAN READ IT! CAN YOU fi yuo cna raed tihs, yuo hvae a sgtrane mnid too. Cna yuo raed tihs? Olny 55 plepoe can. i cdnuolt blveiee taht I cluod aulaclty uesdnatnrd waht I was rdanieg. The phaonmneal pweor of the hmuan mnid, aoccdrnig to a rscheearch at Cmabrigde Uinervtisy, it dsenot mtaetr in waht oerdr the ltteres in a wrod are, the olny iproamtnt tihng is taht the frsit and lsat ltteer be in the rghit pclae. The rset can be a taotl mses and you can sitll raed it whotuit a pboerlm. Tihs is bcuseae the huamn mnid deos not raed ervey lteter by istlef, but the wrod as a wlohe. Azanmig huh? yaeh and I",hi,iiitd_sms_spam_v1,ham,NEEDS_REVIEW,manual,c50eff9a922d,latin-script-hinglish-or-en-IN;not-devanagari,私人对话/闲聊/笑话/励志链/节日祝福，非四类目标域
iiitd_00900,I can confirm my plan by tomorro only,hi,iiitd_sms_spam_v1,ham,NEEDS_REVIEW,manual,50d8121761a8,latin-script-hinglish-or-en-IN;not-devanagari,私人对话/闲聊/笑话/励志链/节日祝福，非四类目标域
iiitd_00901,Why do Muslims hate Pigs !!?becz-Pigs produce more babies than muslims..EGO PROBLEM.!,hi,iiitd_sms_spam_v1,ham,NEEDS_REVIEW,manual,d06da07cd054,latin-script-hinglish-or-en-IN;not-devanagari,私人对话/闲聊/笑话/励志链/节日祝福，非四类目标域
iiitd_00902,i came back to delhi,hi,iiitd_sms_spam_v1,ham,NEEDS_REVIEW,manual,6c8e4f758e86,latin-script-hinglish-or-en-IN;not-devanagari,私人对话/闲聊/笑话/励志链/节日祝福，非四类目标域
iiitd_00903,"Which line is used very often when we are wid frnds?..................Oye sab chup ho jao, koi b Gaali nhi dega, ghar se phone hai. ;)",hi,iiitd_sms_spam_v1,ham,NEEDS_REVIEW,manual,225e41816568,latin-script-hinglish-or-en-IN;not-devanagari,私人对话/闲聊/笑话/励志链/节日祝福，非四类目标域
iiitd_00904,I called u .but i too didnt hear anythin . So i but it. If u already guessed den wy u msged me .,hi,iiitd_sms_spam_v1,ham,NEEDS_REVIEW,manual,122514f41f1b,latin-script-hinglish-or-en-IN;not-devanagari,私人对话/闲聊/笑话/励志链/节日祝福，非四类目标域
iiitd_00905,i called again jus nw. he din pick up. nw wot? :S,hi,iiitd_sms_spam_v1,ham,NEEDS_REVIEW,manual,d6752b05d4ee,latin-script-hinglish-or-en-IN;not-devanagari,私人对话/闲聊/笑话/励志链/节日祝福，非四类目标域
iiitd_00906,i called again coz i got dc the first time. :/,hi,iiitd_sms_spam_v1,ham,NEEDS_REVIEW,manual,b8451c8caa15,latin-script-hinglish-or-en-IN;not-devanagari,私人对话/闲聊/笑话/励志链/节日祝福，非四类目标域
iiitd_00907,i called 10 more times including 1 call in which i was on hold for 10 minutes.,hi,iiitd_sms_spam_v1,ham,NEEDS_REVIEW,manual,03011486daa7,latin-script-hinglish-or-en-IN;not-devanagari,私人对话/闲聊/笑话/励志链/节日祝福，非四类目标域
iiitd_00908,I brought a cool t shirt and a belt . I dont know he ll like belt or not.,hi,iiitd_sms_spam_v1,ham,NEEDS_REVIEW,manual,8a79b024a814,latin-script-hinglish-or-en-IN;not-devanagari,私人对话/闲聊/笑话/励志链/节日祝福，非四类目标域
iiitd_00909,I BRO. . . Tera cell recharge nhe ho paya so mom two 25-25 wale cards lae hai . . No. Next msg mai hai. . . Bie.,hi,iiitd_sms_spam_v1,ham,NEEDS_REVIEW,manual,fbcf9cca23e1,latin-script-hinglish-or-en-IN;not-devanagari,私人对话/闲聊/笑话/励志链/节日祝福，非四类目标域
iiitd_00910,i bro. . . Khaha ho.? Padae kesi ho rhe hai. . . . .? Kesi tayari ho rhe hai...? Mom puch rhe hai ki is bar A grade aega ki nhe. . ? Hav a gud day. . . .,hi,iiitd_sms_spam_v1,ham,NEEDS_REVIEW,manual,2458c8ff77b1,latin-script-hinglish-or-en-IN;not-devanagari,私人对话/闲聊/笑话/励志链/节日祝福，非四类目标域
iiitd_00911,"I bought a packet of air, I was surprised to see that, . . . . There were few chips in it....!:O:D . . . . Dedicated to Lays!:P",hi,iiitd_sms_spam_v1,ham,NEEDS_REVIEW,manual,dd189ff585da,latin-script-hinglish-or-en-IN;not-devanagari,私人对话/闲聊/笑话/励志链/节日祝福，非四类目标域
iiitd_00912,INDIA TODAY ke survey ke hisab se 42% ladkiyon ko shadi se pehle sex me koi aitraz nhi. Mera sawal ye hai ki ? Bhenchod ye 42% ladkiyan hain kahan?,hi,iiitd_sms_spam_v1,ham,NEEDS_REVIEW,manual,cc988c363fb3,latin-script-hinglish-or-en-IN;not-devanagari,私人对话/闲聊/笑话/励志链/节日祝福，非四类目标域
iiitd_00913,"I bought 2 dogs named 'ASS'& 'FACE'...!! I kept ASS with me & gifted FACE 2 u.Once FACE died,i felt so sad bcoz...whenever i see my ASS i remember ur FACE..",hi,iiitd_sms_spam_v1,ham,NEEDS_REVIEW,manual,2a21eed9003c,latin-script-hinglish-or-en-IN;not-devanagari,私人对话/闲聊/笑话/励志链/节日祝福，非四类目标域
iiitd_00914,"Which is the longest n most joyful word in English?SMILESBecause,there is a mile gap between 2 s.(sadness n sorrow) so keep smiling..!!:-)Gudmorng",hi,iiitd_sms_spam_v1,ham,NEEDS_REVIEW,manual,f10dcb17911b,latin-script-hinglish-or-en-IN;not-devanagari,私人对话/闲聊/笑话/励志链/节日祝福，非四类目标域
iiitd_00915,"I blow a wish of gentle morning , a successful day 2 a peace ful evening. I wish nothing but the best 4 u & pray GOD guides u in all u do...",hi,iiitd_sms_spam_v1,ham,NEEDS_REVIEW,manual,527594d17a51,latin-script-hinglish-or-en-IN;not-devanagari,私人对话/闲聊/笑话/励志链/节日祝福，非四类目标域
iiitd_00916,I Bet U Can't Get This Quote @ First Glance;-) You love to hate the one who loves the one you hate to love.. . .,hi,iiitd_sms_spam_v1,ham,NEEDS_REVIEW,manual,487dd61238c4,latin-script-hinglish-or-en-IN;not-devanagari,私人对话/闲聊/笑话/励志链/节日祝福，非四类目标域
iiitd_00917,"I BET,ull read this sms twice! This Man is Man nice Man to Man see Man some Man one Man losing Man a Man bet Man with Man me Man {Now Read without Man).",hi,iiitd_sms_spam_v1,ham,NEEDS_REVIEW,manual,08a68e5722f4,latin-script-hinglish-or-en-IN;not-devanagari,私人对话/闲聊/笑话/励志链/节日祝福，非四类目标域
iiitd_00918,I believe there are more urgent and honorable occupations than the incomparable waste of time we call suffering.,hi,iiitd_sms_spam_v1,ham,NEEDS_REVIEW,manual,4b37771d2293,latin-script-hinglish-or-en-IN;not-devanagari,私人对话/闲聊/笑话/励志链/节日祝福，非四类目标域
iiitd_00919,I believe in all de things which exist in de world.,hi,iiitd_sms_spam_v1,ham,NEEDS_REVIEW,manual,ee59222fc61b,latin-script-hinglish-or-en-IN;not-devanagari,私人对话/闲聊/笑话/励志链/节日祝福，非四类目标域
iiitd_00920,I asked my heart: Why cant I sleep at night? . . . . . . . My Heart told me Because you already slept in the afternoon.. Dont act like Ure in love;),hi,iiitd_sms_spam_v1,ham,NEEDS_REVIEW,manual,c7dd5c28dfb7,latin-script-hinglish-or-en-IN;not-devanagari,私人对话/闲聊/笑话/励志链/节日祝福，非四类目标域
iiitd_00921,"i ask dad d plan u proposed for d evening. didn tell him tht i wud be picking u up. n evn sed he cn pick me up wenevr he deems fit. n he ws being all funy abt it (aka nt agreeing aaram se). told him oder option ws i go alone n tht u din wan tht. he ws lyk i go wid him, bt i sed i didn wana go wid him. sed he also wants to tok to me abt d latest things. he expects u to move mountains to prove ur worthiness to hav me (figuratively) :/ den he hd to go, so disconnected without giving me any ans.",hi,iiitd_sms_spam_v1,ham,NEEDS_REVIEW,manual,26286e31938c,latin-script-hinglish-or-en-IN;not-devanagari,私人对话/闲聊/笑话/励志链/节日祝福，非四类目标域
iiitd_00922,"Which is the funniest moment in our life? When we hav no idea wat to rite in d Xam paper n d inviglatr cums n says, Sidhe baitho, piche wala dekh raha hai''",hi,iiitd_sms_spam_v1,ham,NEEDS_REVIEW,manual,c4864b6b1847,latin-script-hinglish-or-en-IN;not-devanagari,私人对话/闲聊/笑话/励志链/节日祝福，非四类目标域
iiitd_00923,"India is a nation, Dadar is a station....India is a nation, Dadar is a station.....Dont fall in love, 1st complete your education :P",hi,iiitd_sms_spam_v1,ham,NEEDS_REVIEW,manual,2def5dd25615,latin-script-hinglish-or-en-IN;not-devanagari,私人对话/闲聊/笑话/励志链/节日祝福，非四类目标域
iiitd_00924,i am... that's why i asked you... now just study.,hi,iiitd_sms_spam_v1,ham,NEEDS_REVIEW,manual,794aa19dd8c4,latin-script-hinglish-or-en-IN;not-devanagari,私人对话/闲聊/笑话/励志链/节日祝福，非四类目标域
iiitd_00925,I am writing this since I am not getting connection to ur mobile. I am sending the complete form for the migration certificate. I have enclosed two DDs 200/- and 1000/- Use 200 to get me migration and transfer certificate and the other is mostly for expenses incurred for various things you helped me in. I am sending two blank papers signed with my name. They will send migration certificate directly to my institute but plz try for my transfer certificate.,hi,iiitd_sms_spam_v1,ham,NEEDS_REVIEW,manual,e1845b59c264,latin-script-hinglish-or-en-IN;not-devanagari,私人对话关于迁移证书办理，非四类目标域
iiitd_00926,I am throwing my placement party tomorrow. All will leave fom hostl gate at 12 noon sharp.,hi,iiitd_sms_spam_v1,ham,NEEDS_REVIEW,manual,9b3814272b79,latin-script-hinglish-or-en-IN;not-devanagari,私人对话/闲聊/笑话/励志链/节日祝福，非四类目标域
iiitd_00927,I am stayn bk til 4.let me knw,hi,iiitd_sms_spam_v1,ham,NEEDS_REVIEW,manual,0e5dc5573507,latin-script-hinglish-or-en-IN;not-devanagari,私人对话/闲聊/笑话/励志链/节日祝福，非四类目标域
iiitd_00928,I am sorry saikat..,hi,iiitd_sms_spam_v1,ham,NEEDS_REVIEW,manual,f5a48d517d62,latin-script-hinglish-or-en-IN;not-devanagari,私人对话/闲聊/笑话/励志链/节日祝福，非四类目标域
iiitd_00929,I am sitn in appartments opp.pvr.u knw w 2 get dn,hi,iiitd_sms_spam_v1,ham,NEEDS_REVIEW,manual,7c699a75a694,latin-script-hinglish-or-en-IN;not-devanagari,私人对话/闲聊/笑话/励志链/节日祝福，非四类目标域
iiitd_00930,I am not in obh now5 baje aunga,hi,iiitd_sms_spam_v1,ham,NEEDS_REVIEW,manual,b99149ec35bc,latin-script-hinglish-or-en-IN;not-devanagari,私人对话/闲聊/笑话/励志链/节日祝福，非四类目标域
iiitd_00931,I am not in obh now 5 baje aunga,hi,iiitd_sms_spam_v1,ham,NEEDS_REVIEW,manual,b99149ec35bc,latin-script-hinglish-or-en-IN;not-devanagari,私人对话/闲聊/笑话/励志链/节日祝福，非四类目标域
iiitd_00932,I am msng u.:-(,hi,iiitd_sms_spam_v1,ham,NEEDS_REVIEW,manual,8644f2464d2b,latin-script-hinglish-or-en-IN;not-devanagari,私人对话/闲聊/笑话/励志链/节日祝福，非四类目标域
iiitd_00933,I am msng u. My each de is incmplt widout u.. Msng u a lot.. Wish i could hear from u. Gn..,hi,iiitd_sms_spam_v1,ham,NEEDS_REVIEW,manual,3f7e5f6c2ba6,latin-script-hinglish-or-en-IN;not-devanagari,私人对话/闲聊/笑话/励志链/节日祝福，非四类目标域
iiitd_00934,India has won . Cheers :),hi,iiitd_sms_spam_v1,ham,NEEDS_REVIEW,manual,b38c75bd7365,latin-script-hinglish-or-en-IN;not-devanagari,私人对话/闲聊/笑话/励志链/节日祝福，非四类目标域
iiitd_00935,Which is d 27th letter of English alphabets?!! . . . . . . . . . . . . . . R u luking for answer? . *Very gud* . Which school beta?,hi,iiitd_sms_spam_v1,ham,NEEDS_REVIEW,manual,c37cd6d68e84,latin-script-hinglish-or-en-IN;not-devanagari,私人对话/闲聊/笑话/励志链/节日祝福，非四类目标域
iiitd_00936,I am msng u n i luv u a lot...,hi,iiitd_sms_spam_v1,ham,NEEDS_REVIEW,manual,6c45e5c6f650,latin-script-hinglish-or-en-IN;not-devanagari,私人对话/闲聊/笑话/励志链/节日祝福，非四类目标域
iiitd_00937,i am msng u a lot.. Msng teddy too.,hi,iiitd_sms_spam_v1,ham,NEEDS_REVIEW,manual,9894e1839811,latin-script-hinglish-or-en-IN;not-devanagari,私人对话/闲聊/笑话/励志链/节日祝福，非四类目标域
iiitd_00938,I am msng u a lot. Dher saari baatein batani h.. Gn jaanu.luv u.,hi,iiitd_sms_spam_v1,ham,NEEDS_REVIEW,manual,b43df3b61b6c,latin-script-hinglish-or-en-IN;not-devanagari,私人对话/闲聊/笑话/励志链/节日祝福，非四类目标域
iiitd_00939,I am manoj.My new no. 9802414624,hi,iiitd_sms_spam_v1,ham,NEEDS_REVIEW,manual,f939869881fa,latin-script-hinglish-or-en-IN;not-devanagari,私人告知新号码，非四类目标域
iiitd_00940,I am leaving it.,hi,iiitd_sms_spam_v1,ham,NEEDS_REVIEW,manual,513828aa7ae5,latin-script-hinglish-or-en-IN;not-devanagari,私人对话/闲聊/笑话/励志链/节日祝福，非四类目标域
iiitd_00941,I am leaving India. Actually Katrina is pregnant and media knwz itz me. Tu bhi nikal le saale Uski kaamwali bhi pregnant hai.,hi,iiitd_sms_spam_v1,ham,NEEDS_REVIEW,manual,c521a06fd0bd,latin-script-hinglish-or-en-IN;not-devanagari,私人对话/闲聊/笑话/励志链/节日祝福，非四类目标域
iiitd_00942,I am leavin dadi baba r alone.u cum 2 malviya magar n take 764 frm panchshel,hi,iiitd_sms_spam_v1,ham,NEEDS_REVIEW,manual,92e676170000,latin-script-hinglish-or-en-IN;not-devanagari,私人对话/闲聊/笑话/励志链/节日祝福，非四类目标域
iiitd_00943,I am in room.,hi,iiitd_sms_spam_v1,ham,NEEDS_REVIEW,manual,116973c76aca,latin-script-hinglish-or-en-IN;not-devanagari,私人对话/闲聊/笑话/励志链/节日祝福，非四类目标域
iiitd_00944,I am goin 2 slep.u can open d do6r with yr key.gn v tired,hi,iiitd_sms_spam_v1,ham,NEEDS_REVIEW,manual,0ea189d3dbb1,latin-script-hinglish-or-en-IN;not-devanagari,私人对话/闲聊/笑话/励志链/节日祝福，非四类目标域
iiitd_00945,indi teacher: Kaal kitne prakaar ke hote hain? Sardar: 7 prakaar ke Local kaal STD kaal ISD kaal Missed kaal Receivd kaal Dialled kaal & Sasria kaal !,hi,iiitd_sms_spam_v1,ham,NEEDS_REVIEW,manual,e42e0e5966c8,latin-script-hinglish-or-en-IN;not-devanagari,私人对话/闲聊/笑话/励志链/节日祝福，非四类目标域
iiitd_00946,I am giving u 900 million angels to take care of u. Give them to 9 friends except me. U wl hv good news in 10mins.Seems it wrks.check it out.ur10min starts nw.,hi,iiitd_sms_spam_v1,ham,NEEDS_REVIEW,manual,54c060261e0a,latin-script-hinglish-or-en-IN;not-devanagari,链式转发祝福消息，非四类目标域
iiitd_00947,I am eating Avalekki bath.,hi,iiitd_sms_spam_v1,ham,NEEDS_REVIEW,manual,e5bc04173fff,latin-script-hinglish-or-en-IN;not-devanagari,私人对话/闲聊/笑话/励志链/节日祝福，非四类目标域
iiitd_00948,I am driving,hi,iiitd_sms_spam_v1,ham,NEEDS_REVIEW,manual,334dbe705da2,latin-script-hinglish-or-en-IN;not-devanagari,私人对话/闲聊/笑话/励志链/节日祝福，非四类目标域
iiitd_00949,I am at the gate,hi,iiitd_sms_spam_v1,ham,NEEDS_REVIEW,manual,80ad950c0b53,latin-script-hinglish-or-en-IN;not-devanagari,私人对话/闲聊/笑话/励志链/节日祝福，非四类目标域
iiitd_00950,"I am 10 letter word, My 1234 has power to rule, U eat my 5678. My 89 and 10 means of a lady, I can fly what am i ?????",hi,iiitd_sms_spam_v1,ham,NEEDS_REVIEW,manual,fe5ee3976b8b,latin-script-hinglish-or-en-IN;not-devanagari,私人对话/闲聊/笑话/励志链/节日祝福，非四类目标域
iiitd_00951,"I always thot that everythin happens 4 a reason... Bt later on i realized,that sumtimes reasons r not enough 2 explain why anything happned..! Gud mrng. Hw r u?",hi,iiitd_sms_spam_v1,ham,NEEDS_REVIEW,manual,a0ccb6d430ed,latin-script-hinglish-or-en-IN;not-devanagari,私人对话/闲聊/笑话/励志链/节日祝福，非四类目标域
iiitd_00952,i always feel uncomfortable not ending our conversation nicely. call me or send me a message so that i know when you woke up and starting studying. tc.,hi,iiitd_sms_spam_v1,ham,NEEDS_REVIEW,manual,a872c99df544,latin-script-hinglish-or-en-IN;not-devanagari,私人对话/闲聊/笑话/励志链/节日祝福，非四类目标域
iiitd_00953,i already said that i won't ping you any more on fb (for now). you still had to go offline? :/,hi,iiitd_sms_spam_v1,ham,NEEDS_REVIEW,manual,74e462c1a9c7,latin-script-hinglish-or-en-IN;not-devanagari,私人对话/闲聊/笑话/励志链/节日祝福，非四类目标域
iiitd_00954,I (shubham) Have Added u as a Contact on Site2Sms.Com To Send Free Sms Upto 200 Characters Long.-Via Site2Sms.Com,hi,iiitd_sms_spam_v1,ham,NEEDS_REVIEW,audit_fixpass_iiitd,f2227f0c8f18,latin-script-hinglish-or-en-IN;not-devanagari | [fix:AD->NEEDS_REVIEW] ham闲聊/附带免费短信广告尾巴,Site2Sms.Com免费短信服务推广
iiitd_00955,I (Sandeep Gattani) have added u as a contact on INDYAROCKS.COM to send FREE SMS.To remove from phonebook - sms NO to 09773270001,hi,iiitd_sms_spam_v1,ham,NEEDS_REVIEW,audit_fixpass_iiitd,057daa7c8966,latin-script-hinglish-or-en-IN;not-devanagari | [fix:AD->NEEDS_REVIEW] ham闲聊/附带免费短信广告尾巴,INDYAROCKS.COM免费短信服务推广
iiitd_00956,indgi me kabi aisa bhi nazara ho. Dil ko mere kisi ne hasrat se pukara ho. chandni raat ho nadi ka kinara ho. Namkeen aapki ho aur quatar humara ho cher,hi,iiitd_sms_spam_v1,ham,NEEDS_REVIEW,manual,6b628c2d836e,latin-script-hinglish-or-en-IN;not-devanagari,私人对话/闲聊/笑话/励志链/节日祝福，非四类目标域
iiitd_00957,I (Sandeep Gattani) have added u as a contact on INDYAROCKS.COM to send FREE SMS. To remove from phonebook - sms NO to 09773270001,hi,iiitd_sms_spam_v1,ham,NEEDS_REVIEW,audit_fixpass_iiitd,057daa7c8966,latin-script-hinglish-or-en-IN;not-devanagari | [fix:AD->NEEDS_REVIEW] ham闲聊/附带免费短信广告尾巴,INDYAROCKS.COM免费短信服务推广
iiitd_00958,I (Sahil Jain) have added u as a contact on INDYAROCKS.COM to send FREE SMS.To stop receiving SMS visit dnd.indyarocks.com,hi,iiitd_sms_spam_v1,ham,NEEDS_REVIEW,audit_fixpass_iiitd,6738e5498910,latin-script-hinglish-or-en-IN;not-devanagari | [fix:AD->NEEDS_REVIEW] ham闲聊/附带免费短信广告尾巴,INDYAROCKS.COM免费短信服务推广
iiitd_00959,I (Rishi Singhal) have added u as a contact on INDYAROCKS.COM to send FREE SMS.To remove from phonebook - sms NO to 09773270001,hi,iiitd_sms_spam_v1,ham,NEEDS_REVIEW,audit_fixpass_iiitd,506360c23063,latin-script-hinglish-or-en-IN;not-devanagari | [fix:AD->NEEDS_REVIEW] ham闲聊/附带免费短信广告尾巴,INDYAROCKS.COM免费短信服务推广
iiitd_00960,I (Rishi Singhal) have added u as a contact on INDYAROCKS.COM to send FREE SMS. To remove from phonebook - sms NO to 09773270001,hi,iiitd_sms_spam_v1,ham,NEEDS_REVIEW,audit_fixpass_iiitd,506360c23063,latin-script-hinglish-or-en-IN;not-devanagari | [fix:AD->NEEDS_REVIEW] ham闲聊/附带免费短信广告尾巴,INDYAROCKS.COM免费短信服务推广
iiitd_00961,"i   |\    /9| i3 (3  3(9 i   9i39i   |3  \/9  |3 ? ,9,3) 9,,3) 9i,3,,9iselect Edit msgdelete 3 n 9 and see!*_*",hi,iiitd_sms_spam_v1,ham,NEEDS_REVIEW,audit_fixpass_iiitd,cdfbf58438ed,latin-script-hinglish-or-en-IN;not-devanagari | [fix:NEEDS_REVIEW->AD] 问答/竞猜增值短信，非诈骗 | [fix:AD->NEEDS_REVIEW] 私人闲聊误判问答,问答/竞猜增值短信，非诈骗
iiitd_00962,I,hi,iiitd_sms_spam_v1,ham,NEEDS_REVIEW,manual,ca73ab65568c,latin-script-hinglish-or-en-IN;not-devanagari,私人对话/闲聊/笑话/励志链/节日祝福，非四类目标域
iiitd_00963,"I,kshitij propose u 4 a lyftym frndsip.Wid full dedication.No complaints, no Demandss..Wt say..?Hapy frndsip day in adv..do reply if u accept my frndsip.?Gn",hi,iiitd_sms_spam_v1,ham,NEEDS_REVIEW,manual,1fe81c4d8b26,latin-script-hinglish-or-en-IN;not-devanagari,私人对话/闲聊/笑话/励志链/节日祝福，非四类目标域
iiitd_00964,hysical education teacher to Santa - J kise da sah band ho jave ta tusi ki karoge ? Santa - Os de nak ch cotton pa k sanskar di tyari karage,hi,iiitd_sms_spam_v1,ham,NEEDS_REVIEW,manual,d4f3eb027d50,latin-script-hinglish-or-en-IN;not-devanagari,私人对话/闲聊/笑话/励志链/节日祝福，非四类目标域
iiitd_00965,hy were engg students happy after watching 3 idiots?? Ans: Ab delivery doctors nahi engineers karayenge!! One more source of placement after engineering!!,hi,iiitd_sms_spam_v1,ham,NEEDS_REVIEW,manual,4f4a947730a7,latin-script-hinglish-or-en-IN;not-devanagari,私人对话/闲聊/笑话/励志链/节日祝福，非四类目标域
iiitd_00966,Zindgi Me Sada Haste RahoHasna Zindgi Ki Zarurat Hai Zindgi Jiyo To Is Andaz MeKi apko Dekh Kar Sabko Lage Zindgi Kitni Khoobsurat hai.kya ho raha hai.,hi,iiitd_sms_spam_v1,ham,NEEDS_REVIEW,manual,4a6dc5ebcbb3,latin-script-hinglish-or-en-IN;not-devanagari,私人对话/闲聊/笑话/励志链/节日祝福，非四类目标域
iiitd_00967,indgi me jab tumhe koi rasta dikhai na de koi manzil koi dost koi apna dikhai na de then call me mai tumhe EYE SPECIALIST K pas le jaunga,hi,iiitd_sms_spam_v1,ham,NEEDS_REVIEW,manual,31506018332a,latin-script-hinglish-or-en-IN;not-devanagari,私人对话/闲聊/笑话/励志链/节日祝福，非四类目标域
iiitd_00968,Yr tune controller kisko diya tha?,hi,iiitd_sms_spam_v1,ham,NEEDS_REVIEW,manual,08834985e08b,latin-script-hinglish-or-en-IN;not-devanagari,私人对话/闲聊/笑话/励志链/节日祝福，非四类目标域
iiitd_00969,Whew..u scared me! Cmpltly! Dun do dat!,hi,iiitd_sms_spam_v1,ham,NEEDS_REVIEW,manual,5f6d25304c1c,latin-script-hinglish-or-en-IN;not-devanagari,私人对话/闲聊/笑话/励志链/节日祝福，非四类目标域
iiitd_00970,Hy hpy nw yr. .god bls ya ! Luv ya lots ! :-),hi,iiitd_sms_spam_v1,ham,NEEDS_REVIEW,manual,639b62b69a2a,latin-script-hinglish-or-en-IN;not-devanagari,私人对话/闲聊/笑话/励志链/节日祝福，非四类目标域
iiitd_00971,hy do v fal in luv? Experience ki kami.. Why do v breakof 4m luv? Patience ki kami.. Then y do v want 2 fal in luv again? Obviously! Dimag ki kami..,hi,iiitd_sms_spam_v1,ham,NEEDS_REVIEW,manual,d42ff4d7addb,latin-script-hinglish-or-en-IN;not-devanagari,私人对话/闲聊/笑话/励志链/节日祝福，非四类目标域
iiitd_00972,Hw ws ur viva?,hi,iiitd_sms_spam_v1,ham,NEEDS_REVIEW,manual,e8397dc85aff,latin-script-hinglish-or-en-IN;not-devanagari,私人对话/闲聊/笑话/励志链/节日祝福，非四类目标域
iiitd_00973,Hw ws d video?,hi,iiitd_sms_spam_v1,ham,NEEDS_REVIEW,manual,d9b284342c0b,latin-script-hinglish-or-en-IN;not-devanagari,私人对话/闲聊/笑话/励志链/节日祝福，非四类目标域
iiitd_00974,hw u doin? xams ovr?,hi,iiitd_sms_spam_v1,ham,NEEDS_REVIEW,manual,5e2f23e0915d,latin-script-hinglish-or-en-IN;not-devanagari,私人对话/闲聊/笑话/励志链/节日祝福，非四类目标域
iiitd_00975,Hw thotful!:-Dm impresd.:-P,hi,iiitd_sms_spam_v1,ham,NEEDS_REVIEW,manual,9066547e7737,latin-script-hinglish-or-en-IN;not-devanagari,私人对话/闲聊/笑话/励志链/节日祝福，非四类目标域
iiitd_00976,"Hw shud i presume sum tym is defined? Days? If u knew ur gona b busy wid ur coll ppl, y did u bother saying ul talk in sum tym?",hi,iiitd_sms_spam_v1,ham,NEEDS_REVIEW,manual,1d4cb1027ed5,latin-script-hinglish-or-en-IN;not-devanagari,私人对话/闲聊/笑话/励志链/节日祝福，非四类目标域
iiitd_00977,Hw r u? I m misng u a lot;-(,hi,iiitd_sms_spam_v1,ham,NEEDS_REVIEW,manual,7bdd5ce86ee7,latin-script-hinglish-or-en-IN;not-devanagari,私人对话/闲聊/笑话/励志链/节日祝福，非四类目标域
iiitd_00978,indgi me Hmesha1 Baat YAAD Rakho. Kbhi kisi ka Dil nhi todna chahye. Qk DiL1hi hota hai . . . . . . . . . .. Todna hi h to uski HADDIYA todo 206 hoti h;-,hi,iiitd_sms_spam_v1,ham,NEEDS_REVIEW,manual,0818a6786ff5,latin-script-hinglish-or-en-IN;not-devanagari,私人对话/闲聊/笑话/励志链/节日祝福，非四类目标域
iiitd_00979,Hw r u comin? Raf ka kya scene hai?,hi,iiitd_sms_spam_v1,ham,NEEDS_REVIEW,manual,78da28b38892,latin-script-hinglish-or-en-IN;not-devanagari,私人对话/闲聊/笑话/励志链/节日祝福，非四类目标域
iiitd_00980,Hw r u comin?,hi,iiitd_sms_spam_v1,ham,NEEDS_REVIEW,manual,51551372147a,latin-script-hinglish-or-en-IN;not-devanagari,私人对话/闲聊/笑话/励志链/节日祝福，非四类目标域
iiitd_00981,Where?,hi,iiitd_sms_spam_v1,ham,NEEDS_REVIEW,manual,3764ad9301c4,latin-script-hinglish-or-en-IN;not-devanagari,私人对话/闲聊/笑话/励志链/节日祝福，非四类目标域
iiitd_00982,Hw mch cn sm1 love? A man suffrin frm brain tumour died. His wyf opnd his cupboard n found sm tablets wd a lettr take thm dear.U catch cold easily when u cry,hi,iiitd_sms_spam_v1,ham,NEEDS_REVIEW,manual,7557415fb402,latin-script-hinglish-or-en-IN;not-devanagari,私人对话/闲聊/笑话/励志链/节日祝福，非四类目标域
iiitd_00983,Hw lng?,hi,iiitd_sms_spam_v1,ham,NEEDS_REVIEW,manual,80910409a2a1,latin-script-hinglish-or-en-IN;not-devanagari,私人对话/闲聊/笑话/励志链/节日祝福，非四类目标域
iiitd_00984,hw is robotcs n teasng goin on?,hi,iiitd_sms_spam_v1,ham,NEEDS_REVIEW,manual,df1005c886c5,latin-script-hinglish-or-en-IN;not-devanagari,私人对话/闲聊/笑话/励志链/节日祝福，非四类目标域
iiitd_00985,Hw cn d protest be over!! It ws decided 2 boycott midsems nd no cls to take place. Nxt cls nd paper 2 be given in DCE.,hi,iiitd_sms_spam_v1,ham,NEEDS_REVIEW,manual,b35b872348dd,latin-script-hinglish-or-en-IN;not-devanagari,私人对话/闲聊/笑话/励志链/节日祝福，非四类目标域
iiitd_00986,Hw,hi,iiitd_sms_spam_v1,ham,NEEDS_REVIEW,manual,f55978fccba4,latin-script-hinglish-or-en-IN;not-devanagari,私人对话/闲聊/笑话/励志链/节日祝福，非四类目标域
iiitd_00987,Hve u atended phy workshop,hi,iiitd_sms_spam_v1,ham,NEEDS_REVIEW,manual,8427976c121e,latin-script-hinglish-or-en-IN;not-devanagari,私人对话/闲聊/笑话/励志链/节日祝福，非四类目标域
iiitd_00988,Hv a safe journey:-) enjoy urslf.. Tk cr.,hi,iiitd_sms_spam_v1,ham,NEEDS_REVIEW,manual,a4cfec0b56da,latin-script-hinglish-or-en-IN;not-devanagari,私人对话/闲聊/笑话/励志链/节日祝福，非四类目标域
iiitd_00989,indgi Me 2Logo Ka Bahut Khyal Rakhna: 1) Jisne Tumhari JEET Ke Liye Sab Kuch Haara Ho... 2) Jisne Khud Ko Haar Kar TUMHE Jeeta Ho...,hi,iiitd_sms_spam_v1,ham,NEEDS_REVIEW,audit_fixpass_iiitd,da5e12f2de9a,latin-script-hinglish-or-en-IN;not-devanagari | [fix:NEEDS_REVIEW->AD] 问答/竞猜增值短信，非诈骗 | [fix:AD->NEEDS_REVIEW] 私人闲聊误判问答,问答/竞猜增值短信，非诈骗
iiitd_00990,hv a nice clas. n plz dont do anything wrong. tc :*,hi,iiitd_sms_spam_v1,ham,NEEDS_REVIEW,manual,c1eb8fbcdf36,latin-script-hinglish-or-en-IN;not-devanagari,私人对话/闲聊/笑话/励志链/节日祝福，非四类目标域
iiitd_00991,Hv a lvly morning....!!,hi,iiitd_sms_spam_v1,ham,NEEDS_REVIEW,manual,d0e5075c9fd3,latin-script-hinglish-or-en-IN;not-devanagari,私人对话/闲聊/笑话/励志链/节日祝福，非四类目标域
iiitd_00992,Huz in clas? Regular stdiez on or smthn?!?,hi,iiitd_sms_spam_v1,ham,NEEDS_REVIEW,manual,8dda5a6b727e,latin-script-hinglish-or-en-IN;not-devanagari,私人对话/闲聊/笑话/励志链/节日祝福，非四类目标域
iiitd_00993,HUTCH k CEO ne mujse chalenge kr k kaha agr tum mere beti ko ptalo to apna naam badal dunga . . phir kya hua? . Hona kya tha . Hutch is now Vodafone! Hmse Pnga,hi,iiitd_sms_spam_v1,ham,NEEDS_REVIEW,manual,312fdac93ff3,latin-script-hinglish-or-en-IN;not-devanagari,私人对话/闲聊/笑话/励志链/节日祝福，非四类目标域
iiitd_00994,HUSBAND's CUTE LOVE QUOTE ABT HIS WIFE: . . . My child too startd 2 walk wthout my support bt my wife stil wants 2 hold my hand while walking...n i luv it..gn,hi,iiitd_sms_spam_v1,ham,NEEDS_REVIEW,manual,bce0755320d4,latin-script-hinglish-or-en-IN;not-devanagari,私人对话/闲聊/笑话/励志链/节日祝福，非四类目标域
iiitd_00995,"HUSBAND:Sir meri wife kho gai hai, POSTMAN:Ye post office hai, police station nahi HUSBAND: oh sorry.! Sala khushi k mare kaha jau, kuch samajh me nahi aata",hi,iiitd_sms_spam_v1,ham,NEEDS_REVIEW,manual,b26abc3d1844,latin-script-hinglish-or-en-IN;not-devanagari,私人对话/闲聊/笑话/励志链/节日祝福，非四类目标域
iiitd_00996,"Husband: Mai tumhari roz ki farmaishon se tang aakar suicide kar raha hu. Wife: acha 1 white sari to dila do, 13vi pe kya pehnungi..",hi,iiitd_sms_spam_v1,ham,NEEDS_REVIEW,manual,39c893d24c25,latin-script-hinglish-or-en-IN;not-devanagari,私人对话/闲聊/笑话/励志链/节日祝福，非四类目标域
iiitd_00997,HUSBAND WIFE se bola HATA Lo Apne Chehre Se Ye Zulfe A Jane-E-Tamanna KHUDA Kasam Agli Baar Khane Me Baal AAYA to Sajni se Ghajni bana Dunga...,hi,iiitd_sms_spam_v1,ham,NEEDS_REVIEW,manual,31bfdd2c5e20,latin-script-hinglish-or-en-IN;not-devanagari,私人对话/闲聊/笑话/励志链/节日祝福，非四类目标域
iiitd_00998,Husband To Wife-Tum Meri Zindagi HoOrWIFE-Or KyaTell Me Or KyaWife Shouted-Tell Me Or Kya?Husband-Aur Laanat Hai Aisi Zindagi Pe....,hi,iiitd_sms_spam_v1,ham,NEEDS_REVIEW,manual,4cf53808ee57,latin-script-hinglish-or-en-IN;not-devanagari,私人对话/闲聊/笑话/励志链/节日祝福，非四类目标域
iiitd_00999,HUSBAND to WIFE HATA Lo Apne Chehre Se Ye Zulfe A Jane-E-Tamanna KHUDA Kasam Agli Baar Khane Me Baal AAYA to Sajni se Gajni bana Dunga,hi,iiitd_sms_spam_v1,ham,NEEDS_REVIEW,manual,9a9249ba661e,latin-script-hinglish-or-en-IN;not-devanagari,私人对话/闲聊/笑话/励志链/节日祝福，非四类目标域
iiitd_01000,"Life is Art is Life,?Chivas Studio? is back! Do you know what it is? Is it a?
1) Fashion Show
2) Chat Show
3) Music Fest.
4) Art Exhibition
^1/2/3/4
Reply Within 24hrs to know about this amazing collaborative concept.",hi,iiitd_sms_spam_v1,spam,AD,audit_fixpass_iiitd,bff363498eea,latin-script-hinglish-or-en-IN;not-devanagari | [fix:HARASS->AD] 问答/竞猜增值短信，非诈骗,问答/竞猜增值短信，非诈骗
iiitd_01001,"Hangover Animals,Who do you think are more wild in the film 'Hangover'?
1) The animals
2) The boys
^1/2
Reply within 24 hours to get a trailer of the new film 'Hangover2'.",hi,iiitd_sms_spam_v1,spam,AD,audit_fixpass_iiitd,2ab677ef2cf0,latin-script-hinglish-or-en-IN;not-devanagari | [fix:HARASS->AD] 问答/竞猜增值短信，非诈骗,问答/竞猜增值短信，非诈骗
iiitd_01002,"Guinness Record!,World?s most pierced women! Can you guess how many piercings she has?
1)	3950
2)	5920
3)	6725
^1/2/3
Reply within 24 hrs to know the right answer.",hi,iiitd_sms_spam_v1,spam,AD,audit_fixpass_iiitd,5cbaeb0ab7f1,latin-script-hinglish-or-en-IN;not-devanagari | [fix:HARASS->AD] 问答/竞猜增值短信，非诈骗,问答/竞猜增值短信，非诈骗
iiitd_01003,"Luxurious 2/3 BHK lifestyle Apts at sec 137 Noida.Primelocation on Ex-Way 5 min from Metro, with all amenties, Possn in 30 mths-26 lac onwards. Sms bop to 53030",hi,iiitd_sms_spam_v1,spam,AD,manual,332d3dbc4804,latin-script-hinglish-or-en-IN;not-devanagari,房产广告
iiitd_01004,"Jalebee or DK Bose?,Help break this tie. We have two contenders for Blyk top song. Vote for your favourite..
1) Jalebee Bai
2) Bhag DK Bose
^ 1/ 2
Reply within 24 hours to get a free video clip of the song!",hi,iiitd_sms_spam_v1,spam,AD,audit_fixpass_iiitd,ce401dc374c2,latin-script-hinglish-or-en-IN;not-devanagari | [fix:HARASS->AD] 问答/竞猜增值短信，非诈骗,问答/竞猜增值短信，非诈骗
iiitd_01005,"Test for Yuvraj,How many Test centuries has Yuvraj Singh scored against England?
1) 1
2) 0
3) 3
4) Not yet off the mark
^1/2/3/4
Reply within 24 hrs to get a video clip.",hi,iiitd_sms_spam_v1,spam,AD,audit_fixpass_iiitd,cc4e275e99a4,latin-script-hinglish-or-en-IN;not-devanagari | [fix:HARASS->AD] 问答/竞猜增值短信，非诈骗,问答/竞猜增值短信，非诈骗
iiitd_01006,"Harry Potter...,How is Harry Potter & the Prisoner of Azkaban, the 3rd part in the Harry Potter series, different from all other Harry Potter movies?
1) Dragons die
2) Prisoners escape
3) No one gets killed
^1/ 2/ 3
Reply for FREE within 24 hours to get a fun fact you can use in party conversation!",hi,iiitd_sms_spam_v1,spam,AD,audit_fixpass_iiitd,78df023fd8cb,latin-script-hinglish-or-en-IN;not-devanagari | [fix:HARASS->AD] 问答/竞猜增值短信，非诈骗,问答/竞猜增值短信，非诈骗
iiitd_01007,"IEEE PROJECT 2011,  INPLANT TRAINING WWW.JIFFY.IN  P@JIFFYSOLUTIONS.COM MBA MCA Msc BE IT CS ECE EE CHENNAI 27 BRINDAVAN STRET T-NAGAR CALL 9884972020 PONDICHERY",hi,iiitd_sms_spam_v1,spam,AD,manual,e607c58583bb,latin-script-hinglish-or-en-IN;not-devanagari,教育/课程招生广告
iiitd_01008,"If styling is ur passion then why not make it a profession?Style Quotient Grooming School offers executive MBA in beauty & styling.Know more,  SMS WOW to 5616111",hi,iiitd_sms_spam_v1,spam,AD,manual,1d7edbebdef0,latin-script-hinglish-or-en-IN;not-devanagari,促销/优惠活动广告
iiitd_01009,"Video: Center Fresh,What is the name of the bank robber in the attached Center Fresh video?  
1) Jai
2) Bajrangi
3) Veeru
^1/2/3
Choose your option and win mobile phones. *T&C Apply.",hi,iiitd_sms_spam_v1,spam,AD,manual,323f2ac7b0fa,latin-script-hinglish-or-en-IN;not-devanagari,银行/信用卡广告
iiitd_01010,"Bhooooooot!!,Wanna be spooked? Pick a haunted place...
1) Bhangarh, Rajasthan
2) Dumas Beach, Gujarat
3) Ramoji Film City, Hyderabad
4) Dow-Hill, West Bengal
^1/ 2/ 3/ 4
Reply for FREE to get details on each destination.",hi,iiitd_sms_spam_v1,spam,AD,manual,0bc608d07e24,latin-script-hinglish-or-en-IN;not-devanagari,免费/赠品促销
iiitd_01011,LetMeKnowUpdate Marketing Interns required @ Innovative Media Comp Multiple Internships at Vrixx Market Research Internship at SCORG Visio,hi,iiitd_sms_spam_v1,spam,AD,manual,7bb84d074e28,latin-script-hinglish-or-en-IN;not-devanagari,商业促销广告
iiitd_01012,"Woolen Accessories,Heavy knit accessories- In or Out?
1) IN
2) OUT
3) Too Warm for Me
^1/2/3
Reply within 24hrs to look stylish this winter.",hi,iiitd_sms_spam_v1,spam,AD,audit_fixpass_iiitd,ceabfff00021,latin-script-hinglish-or-en-IN;not-devanagari | [fix:HARASS->AD] 问答/竞猜增值短信，非诈骗,问答/竞猜增值短信，非诈骗
iiitd_01013,"Temple Of Orchids!,Want to know more about this unexplored destination?
^Yes/No
All your interactions with Blyk on Aircel are free.",hi,iiitd_sms_spam_v1,spam,AD,audit_fixpass_iiitd,230e332ec15f,latin-script-hinglish-or-en-IN;not-devanagari | [fix:HARASS->AD] 问答/竞猜增值短信，非诈骗,问答/竞猜增值短信，非诈骗
iiitd_01014,"Escapade,Love Adventure Sports?
^Yes/No
Answer within 24 hours to get a career tip in adventure sports.",hi,iiitd_sms_spam_v1,spam,AD,manual,3aaa585c415f,latin-script-hinglish-or-en-IN;not-devanagari,商业促销广告
iiitd_01015,"Super IN!,70% of you say that Converse shoes are IN & only 30% of you say it is OUT
In or Out, but they sure do look great & are comfy to wear.
Missed it for the first time around? Vote again! What do you think, are converse shoes IN or OUT?
^In/Out",hi,iiitd_sms_spam_v1,spam,AD,manual,e64410a591b6,latin-script-hinglish-or-en-IN;not-devanagari,商业促销广告
iiitd_01016,"End Of An Era!,Is Roger Federer?s reign over?
^Yes/No
Reply within 24 hrs to get a video clip.",hi,iiitd_sms_spam_v1,spam,AD,audit_fixpass_iiitd,87db8a9b9690,latin-script-hinglish-or-en-IN;not-devanagari | [fix:HARASS->AD] 问答/竞猜增值短信，非诈骗,问答/竞猜增值短信，非诈骗
iiitd_01017,"Broken Hearted?,Want to break up with your boyfriend/girlfriend, but can't talk about it? Choose a song to convey your emotions!
1) Bhaag DK Bose
2) Jaa Chudail
3) No girlfriend/boyfriend
^1/2
Reply with your option number within 24 hours to get a video.",hi,iiitd_sms_spam_v1,spam,AD,audit_fixpass_iiitd,bc48f6f8cd9a,latin-script-hinglish-or-en-IN;not-devanagari | [fix:HARASS->AD] 问答/竞猜增值短信，非诈骗,问答/竞猜增值短信，非诈骗
iiitd_01018,"Weekend Getaways...,Weekend getaways! Choose your destination by choosing the part of India you live in? 
1)	North 
2)	South 
3)	East 
4)	West
5)	Center
^1/2/3/4/5
All your replies to Blyk on Aircel are free.",hi,iiitd_sms_spam_v1,spam,AD,audit_fixpass_iiitd,9cc0c2722368,latin-script-hinglish-or-en-IN;not-devanagari | [fix:HARASS->AD] 问答/竞猜增值短信，非诈骗,问答/竞猜增值短信，非诈骗
iiitd_01019,"Most Acclaimed!,There are many talented Indian artists who have won national and international acclaim! Choose one to know more:
1) S.H Raza
2) Tyeb Mehta
3) Vasudev S Gaitonde
4) Anjolie Ela Menon
5) Ram Kumar
^1/2/3/4/5",hi,iiitd_sms_spam_v1,spam,AD,audit_fixpass_iiitd,ed3709b13644,latin-script-hinglish-or-en-IN;not-devanagari | [fix:FRAUD->AD] 问答/竞猜增值短信，非诈骗,问答/竞猜增值短信，非诈骗
iiitd_01020,"Who Are They?,Test your comic knowledge: Snowy, Captain Haddock, and Professor Calculus are characters in which famous comic series?
1) Tintin
2) Tinkle
3) Nagraj
^1/2/3
Replies to Blyk on Aircel are always free.",hi,iiitd_sms_spam_v1,spam,AD,audit_fixpass_iiitd,64976d06027e,latin-script-hinglish-or-en-IN;not-devanagari | [fix:HARASS->AD] 问答/竞猜增值短信，非诈骗,问答/竞猜增值短信，非诈骗
iiitd_01021,"Guess?,What is iCloud?
1) Intelligent Monsoon Clouds
2) Inflight Entertainment Device
3) Virtual Hard Disk 
^1/2/3
Reply within 24 hrs to get the answer.",hi,iiitd_sms_spam_v1,spam,AD,audit_fixpass_iiitd,7fca0d26896b,latin-script-hinglish-or-en-IN;not-devanagari | [fix:HARASS->AD] 问答/竞猜增值短信，非诈骗,问答/竞猜增值短信，非诈骗
iiitd_01022,"Medicinal Plants - 2,There are certain plants that can enrich your life... Choose to know more about them:
1) Aloe Vera
2) Eucalyptus
3) Fenugreek
^1/2/3
All your replies to Blyk on AIrcel are free.",hi,iiitd_sms_spam_v1,spam,AD,audit_fixpass_iiitd,869aa97acf99,latin-script-hinglish-or-en-IN;not-devanagari | [fix:HARASS->AD] 问答/竞猜增值短信，非诈骗,问答/竞猜增值短信，非诈骗
iiitd_01023,"Home Workout,No time for gym? Get fitter with home cardio exercises.
1) Cross Country Skiers
2) Mountain Climbers
3) Hopscotch Drill
^1/2/3
All your replies to Blyk on Aircel are free.",hi,iiitd_sms_spam_v1,spam,AD,audit_fixpass_iiitd,6b25e348861c,latin-script-hinglish-or-en-IN;not-devanagari | [fix:HARASS->AD] 问答/竞猜增值短信，非诈骗,问答/竞猜增值短信，非诈骗
iiitd_01024,"How Many Shades?,See the attached video and tell us how many Fastrack sunglasses does the model change? Guess & win a pair. ^Your answer",hi,iiitd_sms_spam_v1,spam,AD,manual,1ebdbd5d990b,latin-script-hinglish-or-en-IN;not-devanagari,商业促销广告
iiitd_01025,"New Shows!,Two big entertainment shows to hit your TV screens this week! Choose the option you are more interested in:
1) Music
2) Dance
^1/2
Reply to get telecast details and show info.",hi,iiitd_sms_spam_v1,spam,AD,manual,9a10bed1dd9a,latin-script-hinglish-or-en-IN;not-devanagari,娱乐/内容服务广告
iiitd_01026,"Riders On The Storm,Can Jenson Button catch up with Sebastian Vettel this season?
^Yes/No
Reply within 24 hrs to get a video clip.",hi,iiitd_sms_spam_v1,spam,AD,audit_fixpass_iiitd,b0cb55296e81,latin-script-hinglish-or-en-IN;not-devanagari | [fix:HARASS->AD] 问答/竞猜增值短信，非诈骗,问答/竞猜增值短信，非诈骗
iiitd_01027,"Career Tip,Do you often have the urge to cut or style yours or someone else?s hair?
^Yes/No
All your replies to Blyk on Aircel are free.",hi,iiitd_sms_spam_v1,spam,AD,audit_fixpass_iiitd,71ff9bb57020,latin-script-hinglish-or-en-IN;not-devanagari | [fix:HARASS->AD] 问答/竞猜增值短信，非诈骗,问答/竞猜增值短信，非诈骗
iiitd_01028,"Live Concert!,Them Clones, one of India's most promising rock music bands, are coming to play in your city, live! Want a clip of their brand new video and concert details?
^YES
Reply within 24 hours to get a video",hi,iiitd_sms_spam_v1,spam,AD,audit_fixpass_iiitd,858cf714f333,latin-script-hinglish-or-en-IN;not-devanagari | [fix:HARASS->AD] 问答/竞猜增值短信，非诈骗,问答/竞猜增值短信，非诈骗
iiitd_01029,"New Game,A classic game you used to play in your school notebooks is now on your mobile phone! Want more details? ^YES Reply to get a download link from Blyk on Aircel.",hi,iiitd_sms_spam_v1,spam,AD,audit_fixpass_iiitd,283f32d0ee5b,latin-script-hinglish-or-en-IN;not-devanagari | [fix:HARASS->AD] 问答/竞猜增值短信，非诈骗,问答/竞猜增值短信，非诈骗
iiitd_01030,"Hot or Not?,What do you think, are drop crotch pants hot or not?
^H/N
All your interactions with Blyk on Aircel are free",hi,iiitd_sms_spam_v1,spam,HARASS,manual,f46443064bf5,latin-script-hinglish-or-en-IN;not-devanagari,Blyk互动问答/骚扰式推销
iiitd_01031,"Deadly Widow!,Which female spider eats it's mate? Choose from the option:
1) Slater-eating
2) Black Widow
3) Tarantula
^1/2/3
All your replies to Blyk on Aircel are free.",hi,iiitd_sms_spam_v1,spam,AD,audit_fixpass_iiitd,4882c4facfb9,latin-script-hinglish-or-en-IN;not-devanagari | [fix:HARASS->AD] 问答/竞猜增值短信，非诈骗,问答/竞猜增值短信，非诈骗
iiitd_01032,"Who's Hotter?,Which actor from the forthcoming film 'Zindagi Na Milegi Dobara' do you think is the hottest?
1) Farhan Akhtar
2) Hrithik Roshan
3) Abhay Deol
^1/2/3
Reply to this Blyk-O-Poll to find out who gets the most votes!",hi,iiitd_sms_spam_v1,spam,AD,audit_fixpass_iiitd,ce3d97c4ae2b,latin-script-hinglish-or-en-IN;not-devanagari | [fix:HARASS->AD] 问答/竞猜增值短信，非诈骗,问答/竞猜增值短信，非诈骗
iiitd_01033,"Nail Talk,Want to know the secret of healthy, strong & shiny nails?
^Yes/No
Reply within 24 hrs to get nail care tips.",hi,iiitd_sms_spam_v1,spam,AD,audit_fixpass_iiitd,b3fe4997e445,latin-script-hinglish-or-en-IN;not-devanagari | [fix:HARASS->AD] 问答/竞猜增值短信，非诈骗,问答/竞猜增值短信，非诈骗
iiitd_01034,"New Music!,The latest, hottest dance music album, 'Ultimate Dance 2011', has released! Want a sample?
^YES
Reply to get a music clip. Replies to Blyk on Aircel are always free.",hi,iiitd_sms_spam_v1,spam,AD,audit_fixpass_iiitd,b3c6d9320794,latin-script-hinglish-or-en-IN;not-devanagari | [fix:HARASS->AD] 问答/竞猜增值短信，非诈骗,问答/竞猜增值短信，非诈骗
iiitd_01035,"Chikni Chameli,Who?s the item girl in the song ?Chikni Chameli? from Agneepath?
1) Kareena
2) Katrina
3) Malaika
^1/ 2/ 3
Reply within 24 hrs to know who Chikni Chameli is.",hi,iiitd_sms_spam_v1,spam,AD,audit_fixpass_iiitd,3d6036c81564,latin-script-hinglish-or-en-IN;not-devanagari | [fix:HARASS->AD] 问答/竞猜增值短信，非诈骗,问答/竞猜增值短信，非诈骗
iiitd_01036,"Eco-Protectors,Want to play a part in saving the environment?
^Yes/No
Reply within 24hrs to learn how to save energy while using computers.",hi,iiitd_sms_spam_v1,spam,AD,audit_fixpass_iiitd,f1c17a8588e6,latin-script-hinglish-or-en-IN;not-devanagari | [fix:HARASS->AD] 问答/竞猜增值短信，非诈骗,问答/竞猜增值短信，非诈骗
iiitd_01037,"Crisp Or Chilled?,Refresh your taste buds with healthy and delicious fruit recipes! Choose the one you want to try:
1) Strawberry Crisp
2) Chilled Oranges
^1/2",hi,iiitd_sms_spam_v1,spam,AD,manual,eac3738004ba,latin-script-hinglish-or-en-IN;not-devanagari,医疗/健康服务广告
iiitd_01038,"Window-Pains For Prior?,Matt Prior smashed a window because he was run-out! Want to know more? ^Yes/No
All your replies to Blyk on Aircel are free.",hi,iiitd_sms_spam_v1,spam,AD,audit_fixpass_iiitd,acd091fa6fab,latin-script-hinglish-or-en-IN;not-devanagari | [fix:HARASS->AD] 问答/竞猜增值短信，非诈骗,问答/竞猜增值短信，非诈骗
iiitd_01039,"X-Effects!,Cool special effects and make-up in the new film, 'XMen: First Class'! Choose a mutant character to see what they look like, after they transform:
1) Mystique
2) Beast
3) Azazel
4) Emma Frost
^1/2/3/4
Reply within 24 hours to get a photo.",hi,iiitd_sms_spam_v1,spam,AD,audit_fixpass_iiitd,099ed70969cc,latin-script-hinglish-or-en-IN;not-devanagari | [fix:HARASS->AD] 问答/竞猜增值短信，非诈骗,问答/竞猜增值短信，非诈骗
iiitd_01040,"Fair Play?,Should Shahid Afridi be allowed to play in county cricket?
^Yes/No
Reply within 24 hrs to get a video.",hi,iiitd_sms_spam_v1,spam,AD,audit_fixpass_iiitd,82d79320f774,latin-script-hinglish-or-en-IN;not-devanagari | [fix:HARASS->AD] 问答/竞猜增值短信，非诈骗,问答/竞猜增值短信，非诈骗
iiitd_01041,"Event Alert!,Harley Rock Riders comes to Delhi, tonight! Want to know more?
^Yes
Reply within 24 hrs for more info.",hi,iiitd_sms_spam_v1,spam,AD,audit_fixpass_iiitd,3b61cfdd2acf,latin-script-hinglish-or-en-IN;not-devanagari | [fix:HARASS->AD] 问答/竞猜增值短信，非诈骗,问答/竞猜增值短信，非诈骗
iiitd_01042,"Medicinal Plants - 1,There are certain plants that can enrich your life...
Choose to know more about them:
1) Tulsi
2) Neem
^1/2
All your replies to Blyk on AIrcel are free.",hi,iiitd_sms_spam_v1,spam,AD,audit_fixpass_iiitd,869aa97acf99,latin-script-hinglish-or-en-IN;not-devanagari | [fix:HARASS->AD] 问答/竞猜增值短信，非诈骗,问答/竞猜增值短信，非诈骗
iiitd_01043,"H-D Musical Event,Can you guess the name of Harley-Davidson's Mega Music event in India?
1) Rock Riders
2) Roadies
3) Indian Idol
^1/2/3
Reply within 24 hrs to get a video.",hi,iiitd_sms_spam_v1,spam,AD,audit_fixpass_iiitd,06d225341c5e,latin-script-hinglish-or-en-IN;not-devanagari | [fix:HARASS->AD] 问答/竞猜增值短信，非诈骗,问答/竞猜增值短信，非诈骗
iiitd_01044,"The Rockstar!,Which Salman do you like the most? Choose from the options:
1) Tere Naam
2) Veer
3) Dabangg
^1/2/3
All your interactions with Blyk on Aircel are free.",hi,iiitd_sms_spam_v1,spam,AD,audit_fixpass_iiitd,6a7ca0d0a3b3,latin-script-hinglish-or-en-IN;not-devanagari | [fix:HARASS->AD] 问答/竞猜增值短信，非诈骗,问答/竞猜增值短信，非诈骗
iiitd_01045,"King Of Clay,Is Rafael Nadal the greatest clay court player?
^Yes/No
Reply within 24 hrs to get a video.",hi,iiitd_sms_spam_v1,spam,AD,audit_fixpass_iiitd,9c2199e3e250,latin-script-hinglish-or-en-IN;not-devanagari | [fix:HARASS->AD] 问答/竞猜增值短信，非诈骗,问答/竞猜增值短信，非诈骗
iiitd_01046,"Video - Spanish GP,Sebastian Vettel won the Spanish GP on Sunday. How many wins does he have this F1 season?
1) Three
2) Four
3) Five
^1/2/3
Reply within 24 hrs to get a video of his win.",hi,iiitd_sms_spam_v1,spam,AD,audit_fixpass_iiitd,85845ef551e0,latin-script-hinglish-or-en-IN;not-devanagari | [fix:FRAUD->AD] 问答/竞猜增值短信，非诈骗,问答/竞猜增值短信，非诈骗
iiitd_01047,"ZIG TECH & other new Shoes for men and women.New Range of Track suits,  Sweaters & sweatshirts @ Reebok Store , The Arcade,  Kazi road.",hi,iiitd_sms_spam_v1,spam,AD,manual,d0d83c11dcd3,latin-script-hinglish-or-en-IN;not-devanagari,新品/新款广告
iiitd_01048,Your wait is over! Releasing limited Golf Plots on X-way Noida by reputed developer. 150Sq yd onward. For priority booking.  sms WA to 56677.,hi,iiitd_sms_spam_v1,spam,AD,manual,50361bd05f14,latin-script-hinglish-or-en-IN;not-devanagari,房产广告
iiitd_01049,www.FullOnSms.com is here!- Save ur mobile BILLS- Send & Schedule UNLIMITED sms for FREE- Also Send DIWALI greetings & watch VIDEOS.All this for FREE,hi,iiitd_sms_spam_v1,spam,AD,manual,d8c769341adc,latin-script-hinglish-or-en-IN;not-devanagari,免费/赠品促销
iiitd_01050,"Rs444 ka Full talktime Rs444 ke recharge pe! Talktime validity-30din,  sabhi calls ke liye manya. Balance ke liye call keejiye *123*5#(muft). Offer 07-Feb-10 tak",hi,iiitd_sms_spam_v1,spam,AD,audit_fixpass_iiitd,8cb7886aa879,latin-script-hinglish-or-en-IN;not-devanagari | [fix:TRANSACTION->AD] 充值套餐/增值服务促销,充值套餐/增值服务促销
iiitd_01051,"Rs444 ka Full talktime Rs444 ke recharge pe! Talktime validity-30din,  sabhi calls ke liye manya. Balance ke liye call keejiye *123*5#(muft). Offer 15-Jan-10 tak",hi,iiitd_sms_spam_v1,spam,AD,audit_fixpass_iiitd,8cb7886aa879,latin-script-hinglish-or-en-IN;not-devanagari | [fix:TRANSACTION->AD] 充值套餐/增值服务促销,充值套餐/增值服务促销
iiitd_01052,Rs350 mein Rs350 ka talktime! Rs317.32 ka talktime aseemit samay aur Rs32.68 ka STD talktime 30 din ke liye manya. STD balance jaaniye *123*2#(toll-free) par.,hi,iiitd_sms_spam_v1,spam,AD,manual,2a7d9634d38a,latin-script-hinglish-or-en-IN;not-devanagari,充值/话费优惠促销
iiitd_01053,"Rs34 ka talktime Rs17 mein. Paayein Rs13.41 recharge karte hi aur baki Rs20.59 recharge ke  48 ghante mein. Offer ek  recharge ke liye,  sirf aaj ke liye manya.",hi,iiitd_sms_spam_v1,spam,AD,manual,41e6605b11ad,latin-script-hinglish-or-en-IN;not-devanagari,充值/话费优惠促销
iiitd_01054,"Rs33 ke EasyCharge par paayein Rs27.92 turant+Rs38.08 ka talktime 48 ghante mein+100 local airtel mins 30din ke liye. Offer ek recharge pe, aaj ke liye manya.",hi,iiitd_sms_spam_v1,spam,AD,manual,365f166259b2,latin-script-hinglish-or-en-IN;not-devanagari,充值/话费优惠促销
iiitd_01055,"Rs33 ke EasyCharge par paayein Rs27.92 turant+Rs38.08 ka talktime 48 ghante mein+100 local airtel mins 30din ke liye. Offer ek recharge pe,  aaj ke liye manya.",hi,iiitd_sms_spam_v1,spam,AD,manual,365f166259b2,latin-script-hinglish-or-en-IN;not-devanagari,充值/话费优惠促销
iiitd_01056,"Rs3000 off on treatment for Hairloss, Skin diseases, Asthma, Allergies, Obesity etc.Homeopathy @ Dr.Batras assures Safe cure. sms CURE to 58888 fr an appointment",hi,iiitd_sms_spam_v1,spam,AD,manual,09081409ac32,latin-script-hinglish-or-en-IN;not-devanagari,医疗/健康服务广告
iiitd_01057,"Mobile Gaming,This football game needs fast fingers, not feet to play! Are you ready?
^Yes/No
Replies to Blyk on Aircel are always free.",hi,iiitd_sms_spam_v1,spam,AD,audit_fixpass_iiitd,1307723b94d3,latin-script-hinglish-or-en-IN;not-devanagari | [fix:HARASS->AD] 问答/竞猜增值短信，非诈骗,问答/竞猜增值短信，非诈骗
iiitd_01058,Rs299ke recharge par full talktime! Recharge par Rs271.07 aur Rs 27.93 ka talktime 48 ghante mein. Talktime 20 din ke liye calls par manya. Offer 23-Feb-11 tak.,hi,iiitd_sms_spam_v1,spam,AD,manual,a3e4e85f9038,latin-script-hinglish-or-en-IN;not-devanagari,充值/话费优惠促销
iiitd_01059,"Rs275 ka Full Talktime Rs275 ke recharge pe! Talktime ki validity 21din,  sabhi calls ke liye manya. Balance ke liye dial karein *123*5#(muft). Offer 31-Jan tak.",hi,iiitd_sms_spam_v1,spam,AD,audit_fixpass_iiitd,6537ae85f36e,latin-script-hinglish-or-en-IN;not-devanagari | [fix:TRANSACTION->AD] 充值套餐/增值服务促销,充值套餐/增值服务促销
iiitd_01060,"Last year some Frankfinnians started with a salary of Rs 1.26 lacs pm. This year it could be U. For details,  SMS FFN to 5616111",hi,iiitd_sms_spam_v1,spam,AD,manual,3947311835b0,latin-script-hinglish-or-en-IN;not-devanagari,商业促销广告
iiitd_01061,"Rs250 ke recharge par Rs250 ka Full Talktime! Yeh talktime 30 din ke liye valid hai. Talktime sabhi Local,  STD,  ISD call ke liye manya.",hi,iiitd_sms_spam_v1,spam,AD,manual,ba67293b7247,latin-script-hinglish-or-en-IN;not-devanagari,充值/话费优惠促销
iiitd_01062,Rs25 mein Rs25 ka full talktime! Recharge karte hi paayein Rs19.67 aur baki Rs5.33 ka talktime 48 ghante mein. Offer 28-Feb-11 tak manya.,hi,iiitd_sms_spam_v1,spam,AD,manual,cbc7dc38ce69,latin-script-hinglish-or-en-IN;not-devanagari,充值/话费优惠促销
iiitd_01063,Rs25 mein Rs25 ka full talktime! Recharge karte hi paayein Rs19.67 aur baki Rs5.33 ka talktime 48 ghante mein. Offer 22-Feb-11 tak manya.,hi,iiitd_sms_spam_v1,spam,AD,manual,cbc7dc38ce69,latin-script-hinglish-or-en-IN;not-devanagari,充值/话费优惠促销
iiitd_01064,Rs224 ke recharge par full talktime! Recharge par Rs203.08 aur Rs 20.92 ka talktime 48 ghante mein. Talktime 30 din ke liye calls par manya. Offer 5-Jan-11 tak,hi,iiitd_sms_spam_v1,spam,AD,manual,a3e4e85f9038,latin-script-hinglish-or-en-IN;not-devanagari,充值/话费优惠促销
iiitd_01065,Rs224 ke recharge par full talktime! Recharge par Rs203.08 aur Rs 20.92 ka talktime 48 ghante mein. Talktime 30 din ke liye calls par manya. Offer 12-Jan-11 tak,hi,iiitd_sms_spam_v1,spam,AD,manual,a3e4e85f9038,latin-script-hinglish-or-en-IN;not-devanagari,充值/话费优惠促销
iiitd_01066,"Rs20 ke paper recharge mein full talktime. Talktime sabhi ISD,  Local aur STD calls ke liye 2 din tak manya. Balance talktime jaanne ke liye dial karein *123*5#.",hi,iiitd_sms_spam_v1,spam,AD,audit_fixpass_iiitd,3f9498264cb5,latin-script-hinglish-or-en-IN;not-devanagari | [fix:TRANSACTION->AD] 充值套餐/增值服务促销,充值套餐/增值服务促销
iiitd_01067,Rs153 ke recharge par full talktime! Recharge par Rs136.71 aur Rs 16.29 ka talktime 48 ghante mein. Talktime 30 din ke liye calls par manya. Offer 30-Nov-10 tak,hi,iiitd_sms_spam_v1,spam,AD,manual,a3e4e85f9038,latin-script-hinglish-or-en-IN;not-devanagari,充值/话费优惠促销
iiitd_01068,"Blackberry's New Launch,Blackberry?s new talk of the town! Want to know what's buzzing the gadget world?
^Yes/No
All your replies to Blyk on Aircel are free.",hi,iiitd_sms_spam_v1,spam,AD,audit_fixpass_iiitd,25f07a333ade,latin-script-hinglish-or-en-IN;not-devanagari | [fix:HARASS->AD] 问答/竞猜增值短信，非诈骗,问答/竞猜增值短信，非诈骗
iiitd_01069,Rs153 ke recharge par full talktime! Recharge par Rs136.71 aur Rs 16.29 ka talktime 48 ghante mein. Talktime 30 din ke liye calls par manya. Offer 15-Dec-10 tak,hi,iiitd_sms_spam_v1,spam,AD,manual,a3e4e85f9038,latin-script-hinglish-or-en-IN;not-devanagari,充值/话费优惠促销
iiitd_01070,Rs153 ke recharge par full talktime! Recharge par Rs136.71 aur Rs 16.29 ka talktime 48 ghante mein. Talktime 30 din ke liye calls par manya. Offer 10-Nov-10 tak,hi,iiitd_sms_spam_v1,spam,AD,manual,a3e4e85f9038,latin-script-hinglish-or-en-IN;not-devanagari,充值/话费优惠促销
iiitd_01071,"Rs111 ka Full talktime Rs111 ke recharge par! Yeh talktime Local, STD aur ISD calls ke liye 11 din tak manya hai. Balance ke liye call *123*5# (toll-free)",hi,iiitd_sms_spam_v1,spam,AD,audit_fixpass_iiitd,885a932167ca,latin-script-hinglish-or-en-IN;not-devanagari | [fix:TRANSACTION->AD] 充值套餐/增值服务促销,充值套餐/增值服务促销
iiitd_01072,www.EaseMyTrip.in Lowest Fare Challenge Book Ticket 7 Days Advance and get upto 65% OFF USE PROMO CODE AIR345 TO SAVE UPTO Rs.1000/- on Air Ticket E,hi,iiitd_sms_spam_v1,spam,AD,manual,d3793b233ba8,latin-script-hinglish-or-en-IN;not-devanagari,电商/旅游促销
iiitd_01073,"Rs1000/- off on Treatment for Hairloss, Skin disease, Asthma, Allergies, obesity etc.Homeopathy assures fast, safe cure.sms MEDI to 58888 NOW.",hi,iiitd_sms_spam_v1,spam,AD,manual,74420bdd4664,latin-script-hinglish-or-en-IN;not-devanagari,医疗/健康服务广告
iiitd_01074,Rs. 15000/ se Rs. 30000/ income kar sakte hain har Mahine Aap HI-TECH se MOBILE/LAPTOP Repairing ka Course Karke. Puri Jankari ke Liye Call kare 9311-970-970,hi,iiitd_sms_spam_v1,spam,HARASS,manual,b63733ec01b8,latin-script-hinglish-or-en-IN;not-devanagari,高薪课程/工作诱惑
iiitd_01075,Rs. 15000/ se Rs. 30000/ income kar sakte hain har Mahine Aap HI-TECH se MOBILE/LAPTOP Repairing ka Course Karke. Puri Jankari ke Liye Call kare 9311-960-960,hi,iiitd_sms_spam_v1,spam,HARASS,manual,b63733ec01b8,latin-script-hinglish-or-en-IN;not-devanagari,高薪课程/工作诱惑
iiitd_01076,Rs. 15000/ se Rs. 30000/ income kar sakte hain har Mahine Aap HI-TECH se MOBILE/LAPTOP Repairing ka Course Karke. Puri Jankari ke Liye Call kare 9310-920-920,hi,iiitd_sms_spam_v1,spam,HARASS,manual,b63733ec01b8,latin-script-hinglish-or-en-IN;not-devanagari,高薪课程/工作诱惑
iiitd_01077,Rs. 15000/ se Rs. 30000/ income kar sakte hain har Mahine Aap HI-TECH se MOBILE/LAPTOP Repairing ka Course Karke. Puri Jankari ke Liye Call kare 9310-255-556,hi,iiitd_sms_spam_v1,spam,HARASS,manual,b63733ec01b8,latin-script-hinglish-or-en-IN;not-devanagari,高薪课程/工作诱惑
iiitd_01078,Rs. 15000/ se Rs. 30000/ income kar sakte hain har Mahine Aap HI-TECH se MOBILE/LAPTOP Repairing ka Course Karke. Puri Jankari ke Liye Call kare 9310-130-729,hi,iiitd_sms_spam_v1,spam,HARASS,manual,b63733ec01b8,latin-script-hinglish-or-en-IN;not-devanagari,高薪课程/工作诱惑
iiitd_01079,"French Miss!,Who won the French Open women?s singles crown in 2008?
1) Maria Sharapova
2) Ana Ivanovic
3) Serena Williams
^1/2/3
Reply to get a video clip.",hi,iiitd_sms_spam_v1,spam,AD,audit_fixpass_iiitd,9e0b790d1324,latin-script-hinglish-or-en-IN;not-devanagari | [fix:FRAUD->AD] 问答/竞猜增值短信，非诈骗,问答/竞猜增值短信，非诈骗
iiitd_01080,Rs. 15000/ se Rs. 30000/ income kar sakte hain har Mahine Aap HI-TECH se MOBILE/LAPTOP Repairing ka Course Karke. Puri Jankari ke Liye Call kare 9212-744-744,hi,iiitd_sms_spam_v1,spam,HARASS,manual,b63733ec01b8,latin-script-hinglish-or-en-IN;not-devanagari,高薪课程/工作诱惑
iiitd_01081,Rs. 15000/ se Rs. 30000/ income kar sakte hain har Mahine Aap HI-TECH se MOBILE/LAPTOP Repairing ka Course Karke. Puri Jankari ke Liye Call kare 9212-677-677,hi,iiitd_sms_spam_v1,spam,HARASS,manual,b63733ec01b8,latin-script-hinglish-or-en-IN;not-devanagari,高薪课程/工作诱惑
iiitd_01082,Rs. 15000/ se Rs. 30000/ income kar sakte hain har Mahine Aap HI-TECH se MOBILE/LAPTOP Repairing ka Course Karke. Puri Jankari ke Liye Call kare 9212-522-522,hi,iiitd_sms_spam_v1,spam,HARASS,manual,b63733ec01b8,latin-script-hinglish-or-en-IN;not-devanagari,高薪课程/工作诱惑
iiitd_01083,Rs. 15000/ se Rs. 30000/ income kar sakte hain har Mahine Aap HI-TECH se MOBILE/LAPTOP Repairing ka Course Karke. Puri Jankari ke Liye Call kare 9212-471-471,hi,iiitd_sms_spam_v1,spam,HARASS,manual,b63733ec01b8,latin-script-hinglish-or-en-IN;not-devanagari,高薪课程/工作诱惑
iiitd_01084,www.EaseMyTrip.in,hi,iiitd_sms_spam_v1,spam,AD,manual,547be9ff02e4,latin-script-hinglish-or-en-IN;not-devanagari,电商/旅游促销
iiitd_01085,Rs. 15000/ se Rs. 30000/ income kar sakte hain har Mahine Aap HI-TECH se MOBILE/LAPTOP Repairing ka Course Karke. Puri Jankari ke Liye Call kare 9212-433-433,hi,iiitd_sms_spam_v1,spam,HARASS,manual,b63733ec01b8,latin-script-hinglish-or-en-IN;not-devanagari,高薪课程/工作诱惑
iiitd_01086,Rs 99 for 1 mth Aerobics Classes worth Rs 2000 @ Talents Dance Academy / Rs 50 for Gift Voucher worth Rs 500 at IamMyDesigner.com. Visit www.snapdeal.com,hi,iiitd_sms_spam_v1,spam,AD,manual,7c1b7cd59127,latin-script-hinglish-or-en-IN;not-devanagari,电商/旅游促销
iiitd_01087,Rs 88 SMS pack ke recharge par paiyen poore 21000 Local & National  SMS (Max 700/day). Validity 30 days.,hi,iiitd_sms_spam_v1,spam,AD,manual,a878f470ee74,latin-script-hinglish-or-en-IN;not-devanagari,充值/话费优惠促销
iiitd_01088,"Rs 3101 off on latest 12.2 MP Kodak Digital Camera with 3X optical zoom. Sleek n Compact design,  available in 3 attractive colours-Red,  Black n White. Also get assured MYSTERY GIFTworth Rs5000.Offer open only to respondents of this message. For details sms SCAD to 52424.TnC apply",hi,iiitd_sms_spam_v1,spam,AD,manual,b7ad253e37ed,latin-script-hinglish-or-en-IN;not-devanagari,促销/优惠活动广告
iiitd_01089,Rs 2999 for Unlimited IMFL & Food on Christmas for Couples @ RubyTuesday / Salon Care @ Rs 175 (Noida) / 94% on Alternative Therapies. Visit www.snapdeal.com,hi,iiitd_sms_spam_v1,spam,AD,manual,dbceee9f7c8f,latin-script-hinglish-or-en-IN;not-devanagari,电商/旅游促销
iiitd_01090,"Eat Good, Feel Good!,Don?t feel like wasting your Sunday in the kitchen? Choose one of these tasty healthy salads:
1) Apple Chicken Salad
2) Corn Salad
^1/2
Reply to get the recipe.",hi,iiitd_sms_spam_v1,spam,AD,manual,2c5f9bf30d62,latin-script-hinglish-or-en-IN;not-devanagari,医疗/健康服务广告
iiitd_01091,"Rs 299 for dark chocolates worth Rs 690 from Kanny Chocolates / Rs 349 for Massage,  Facial & more worth Rs 4250 @ Looks Essencia. Visit www.snapdeal.com",hi,iiitd_sms_spam_v1,spam,AD,manual,fbe40d445ef8,latin-script-hinglish-or-en-IN;not-devanagari,电商/旅游促销
iiitd_01092,Rs 250 for Dental Services worth Rs 2150 @ Dental Spa / 86% off Facials @ Eleganza/ Rs 165 for MoneySaverPrime Card worth Rs 2999. Visit www.snapdeal.com,hi,iiitd_sms_spam_v1,spam,AD,manual,2a87b7c18199,latin-script-hinglish-or-en-IN;not-devanagari,电商/旅游促销
iiitd_01093,Rs 165 for Unlimited Biryani @ Pure Punjabi / 83% off Strength Gym & Spa/ Rs 50 for 2 gift vouchers worth Rs 500 on Tradus.in. Visit www.snapdeal.com,hi,iiitd_sms_spam_v1,spam,AD,manual,93e98a817aff,latin-script-hinglish-or-en-IN;not-devanagari,电商/旅游促销
iiitd_01094,Rs 165 for salon services @ Hair Craft / 97% off for 15 days @ Elemention Gym / Rs 1149 for Rafting Trip with Wanderlust worth Rs 2400. www.snapdeal.com,hi,iiitd_sms_spam_v1,spam,AD,manual,43d7574d2702,latin-script-hinglish-or-en-IN;not-devanagari,电商/旅游促销
iiitd_01095,"Rozana Gold jeetne ka mauka! Kismat aazmane ke liye bhejein WIN,  58888 par (Rs3/SMS) aur aap jeet sakte hain Rs125000 tak ka Gold. Contest 20-Nov-09 tak manya.",hi,iiitd_sms_spam_v1,spam,AD,manual,4555912b94cd,latin-script-hinglish-or-en-IN;not-devanagari,竞赛/活动广告
iiitd_01096,Would you like to get free navigation forever and maps for 75 countries to your Nokia phone? Learn more and install now from www.nokia.mobi/maps/mn,hi,iiitd_sms_spam_v1,spam,AD,manual,43274d510f5b,latin-script-hinglish-or-en-IN;not-devanagari,免费/赠品促销
iiitd_01097,row your Height 1- 4 inches. World Famous (JAPANI OKA Technology). 3 Months Money Back. Price only Rs.799/- Home Delivery. Call 9818543208 www.heighter.co,hi,iiitd_sms_spam_v1,spam,AD,manual,56ce93697dc6,latin-script-hinglish-or-en-IN;not-devanagari,商业促销广告
iiitd_01098,We are specialist in placing people in BPOs & hv al the major client.Hiring 4 collection/cce/tse 4 top 10 Bpos with good sal+inc.DAYSHIFT av.Tanvi/9953921288,hi,iiitd_sms_spam_v1,spam,AD,manual,a5526dca0c53,latin-script-hinglish-or-en-IN;not-devanagari,招聘广告
iiitd_01099,"Roti/Kapda/Ecovillage aur Car *Free Car wid flat in Ecovillage I, II&amp",hi,iiitd_sms_spam_v1,spam,AD,audit_fixpass_iiitd,d4a9ab8f3f97,latin-script-hinglish-or-en-IN;not-devanagari | [fix:FRAUD->AD] 房产促销话术,房产促销话术
iiitd_01100,Roti Kapda aur Eco Village Noida Extn*1BHK10.4Lacs al inclusve*2BHK14.5Lacs al inclusve*8min 4m Fortis/metro statn*Possesn20mths*Max disc Sms SHOME To 567670,hi,iiitd_sms_spam_v1,spam,AD,manual,3b89accab801,latin-script-hinglish-or-en-IN;not-devanagari,房产广告
iiitd_01101,"Blyk Picks!,They're funky, funny, and naughty! Here are some current Hindi tracks from Blyk's Top 'Tapori' song list...pick the one you want to listen to:
1) Chicken Fry Remix
2) Dhinka Chika
3) Bhaag D.K.Bose
^1/2/3
Reply with your option number to get a video clip.",hi,iiitd_sms_spam_v1,spam,AD,audit_fixpass_iiitd,034b2c1dd9e9,latin-script-hinglish-or-en-IN;not-devanagari | [fix:HARASS->AD] 问答/竞猜增值短信，非诈骗,问答/竞猜增值短信，非诈骗
iiitd_01102,Roti Kapda aur Eco Village Noida Extn *1BHK9.8Lacs al inclusve *2BHK14.5Lacs al inclusve *8min 4m Fortis/metro statn *Possesn15mths *Max disc Call:981867881,hi,iiitd_sms_spam_v1,spam,AD,manual,3b89accab801,latin-script-hinglish-or-en-IN;not-devanagari,房产广告
iiitd_01103,"Roti,  Kapda aur Eco Village-2 by Supertech Noida Extn. 1/2/3/4 BHK Appts Best Location,  Best Price,  Nimbus Realtors,  sms (NIMBUS to 54545)",hi,iiitd_sms_spam_v1,spam,AD,manual,ffa2fa25052f,latin-script-hinglish-or-en-IN;not-devanagari,房产广告
iiitd_01104,"Roti,  Kapda aur Eco Village-2 by Supertech Noida Extn. 1/2/3/4 BHK Appts Best Location,  Best Price,  Nimbus Realtors,7838359609, sms (NIMBUS to 54545)",hi,iiitd_sms_spam_v1,spam,AD,manual,ffa2fa25052f,latin-script-hinglish-or-en-IN;not-devanagari,房产广告
iiitd_01105,ros Group presents New Residential Project *2/3 BHK @ Noida Ext from 16.34 lac onwards For Pre Booking Call N.S.Associates @931396069,hi,iiitd_sms_spam_v1,spam,AD,manual,7a15885a2cd1,latin-script-hinglish-or-en-IN;not-devanagari,房产广告
iiitd_01106,ROPERTIES SELL & PURCHES PLOT FLAT KOTHIS Ansal A P I GOLF CITY LUCKNOW ANSAL U P S I D C TRONICA CITY LONI GRETAR NOIDA YAMUNA EXPRESSWY BEST INVESTMENT [ Please Contact Abhishek Kumar 9871025744 Future Properties,hi,iiitd_sms_spam_v1,spam,AD,manual,12acf1e2c772,latin-script-hinglish-or-en-IN;not-devanagari,房产广告
iiitd_01107,roperties In Gurgaon IREO Victory Valley/2400-6000sqft/1.7-4Cr Unitech Exquisite/2400sqft/1.45Cr Unitech Harmony/1795sqft/1.1Cr Show Flat Ready 987378190,hi,iiitd_sms_spam_v1,spam,AD,manual,6164dfef79c2,latin-script-hinglish-or-en-IN;not-devanagari,房产广告
iiitd_01108,"Worried about where to study?  US, UK, Canada, Germany or Singapore? SMS  EGE to 56161 for guidance by experts based in India and abroad.",hi,iiitd_sms_spam_v1,spam,AD,manual,711d3e18d2c5,latin-script-hinglish-or-en-IN;not-devanagari,商业促销广告
iiitd_01109,"rohini delhi-85.01147621151/52/53/54/58/60/61/,9911103333,9911493333,9891063333,9990973333,9911523333,9911853333,9911573333",hi,iiitd_sms_spam_v1,spam,AD,manual,bf6b67fe2fc6,latin-script-hinglish-or-en-IN;not-devanagari,商业促销广告
iiitd_01110,"Rocking Offer.. Launching Soon. Get Inaugural discount of Rs.250/-on Premium Resi Project@Sec-112, Gurgaon Dwarka Xprsway. sms RH to 54999. www.rexhome.in",hi,iiitd_sms_spam_v1,spam,AD,manual,0956b9f7e35b,latin-script-hinglish-or-en-IN;not-devanagari,折扣促销广告
iiitd_01111,"Roaming pe incoming 60p/min par,  outgoing par 60% ki bachat sirf Rs99 mein. Aur Delhi se ki gayi local/STD 1p/sec par. Jaankari ke liye bhejiye ROAMING 121 pe.",hi,iiitd_sms_spam_v1,spam,AD,manual,8919da71f7f6,latin-script-hinglish-or-en-IN;not-devanagari,商业促销广告
iiitd_01112,"Milestone Man!,Which player holds the record of winning the most number of ATP World Tour Finals?
1) Pete Sampras
2) Roger Federer
3) Ivan Lendl
^1/ 2/ 3
Reply within 24 hrs to get a video FREE from Blyk on Aircel.",hi,iiitd_sms_spam_v1,spam,AD,audit_fixpass_iiitd,f87195882ce9,latin-script-hinglish-or-en-IN;not-devanagari | [fix:HARASS->AD] 问答/竞猜增值短信，非诈骗,问答/竞猜增值短信，非诈骗
iiitd_01113,"Shinning Stars,Who shines brighter?
1)	Sonam Kapoor
2)	Aishwarya Rai
^1/2
All your interactions with Blyk on Aircel are free.",hi,iiitd_sms_spam_v1,spam,AD,audit_fixpass_iiitd,02a42ec5dc3a,latin-script-hinglish-or-en-IN;not-devanagari | [fix:HARASS->AD] 问答/竞猜增值短信，非诈骗,问答/竞猜增值短信，非诈骗
iiitd_01114,"ROAMING AT LOCAL RATES! Pay Enrollment Fee Rs98 to Retailer-Get OG Roaming rates A2A-60p, A2O-80p & IC-60p for 1Yr.Rates in Home network:all A2A 50p & A2O 60p",hi,iiitd_sms_spam_v1,spam,AD,manual,3762baf74100,latin-script-hinglish-or-en-IN;not-devanagari,商业促销广告
iiitd_01115,rn. for more detail call me now.9910250794 and get wonderful kit and gift.,hi,iiitd_sms_spam_v1,spam,HARASS,audit_fixpass_iiitd,6cf08ccba8ee,latin-script-hinglish-or-en-IN;not-devanagari | [fix:FRAUD->HARASS] 残缺推销要电话，偏骚扰,假中奖诈骗，声称用户已中奖
iiitd_01116,"RMS Group presents Luxury Living & Quality Lifestyle,  from Rs.21L SIGNATURE RESIDENCY Tronica City, 12km from DU Metro, 2/3/4 BHK with Club, Swim &Gym, M-7838222305",hi,iiitd_sms_spam_v1,spam,AD,manual,5a89d649621b,latin-script-hinglish-or-en-IN;not-devanagari,房产广告
iiitd_01117,RK Singh from Agra had won Mobile Phone in last match. U could also be the one winning an iPod today. Dial 544333 (49Rs/Mnt),hi,iiitd_sms_spam_v1,spam,AD,audit_fixpass_iiitd,74595f32bd3e,latin-script-hinglish-or-en-IN;not-devanagari | [fix:FRAUD->AD] 增值抽奖拨号促销(非经典转账诈骗),增值抽奖拨号促销(非经典转账诈骗)
iiitd_01118,RIVER VIEW VILLAS&LUXURIOUS 1/2/3 BHK APPRTMNTS WID WORLD CLASS AMMENITIES IN HERITAGE AREA OF NORTH GOA.READY TO MOVE IN. Sms BIL to 54545 WWW.BULLIONLTD.COM,hi,iiitd_sms_spam_v1,spam,AD,manual,5b3b11520339,latin-script-hinglish-or-en-IN;not-devanagari,房产广告
iiitd_01119,RIVER VIEW VILLAS & LUXURIUS 1/2/3 BHK APPARTTS WID WORLD CLASS AMMENITIES IN HERITAGE AREA OF NORTH GOA.READY TO MOVE IN. SMS BIL TO 54545 WWW.BULLIONLTD.COM,hi,iiitd_sms_spam_v1,spam,AD,manual,a22546c20f12,latin-script-hinglish-or-en-IN;not-devanagari,房产广告
iiitd_01120,"RituWears brings Rakhi Special Offers,  flat 50% off on Home section and many Apparels,  DINNER SET 28 pcs Rs.999/- only,  Offers valid till 24/8/10. T&C apply.",hi,iiitd_sms_spam_v1,spam,AD,manual,d560131cc19a,latin-script-hinglish-or-en-IN;not-devanagari,房产广告
iiitd_01121,"Worried about Aptitude Test and GD/PI for Campus Placement? Register for Campus Express. New Batch starting soon. CAREER LAUNCHER. Ph.:0281-2585573,99983180005",hi,iiitd_sms_spam_v1,spam,AD,manual,7fe7b5640b82,latin-script-hinglish-or-en-IN;not-devanagari,新品/新款广告
iiitd_01122,"Rising Star: Rohit Ferro (NSE/BSE) CMP 50 TRGT 80+, EPS 8, PE 6, Dividend 5%. Stock ready to soar. We recommend BUY with a SL 46",hi,iiitd_sms_spam_v1,spam,AD,manual,fca9b6152f65,latin-script-hinglish-or-en-IN;not-devanagari,购物/预订广告
iiitd_01123,"Rishte hote hai khass,  janne in rishto k piche ka razz .Sms FLAMES <ur name> <ur frnds name> to 53536.Chrgs Rs 3/sms. Reliance",hi,iiitd_sms_spam_v1,spam,AD,manual,fe40bc220c5e,latin-script-hinglish-or-en-IN;not-devanagari,商业促销广告
iiitd_01124,"Europe?s Best,Which team has won the Europa League (previously called the UEFA Cup) this season?
1) FC Porto
2) Tottenham Hotspur
3) Ajax, Amsterdam
^1/2/3
All your replies to Blyk on Aircel are always free.",hi,iiitd_sms_spam_v1,spam,AD,audit_fixpass_iiitd,14a765f5b8b9,latin-script-hinglish-or-en-IN;not-devanagari | [fix:FRAUD->AD] 问答/竞猜增值短信，非诈骗,问答/竞猜增值短信，非诈骗
iiitd_01125,ring home the funny and action filled Disney DVD of G-Force. Available in stores now. For a 20% discount and free home delivery call up 022-6799-679,hi,iiitd_sms_spam_v1,spam,AD,manual,756829086a2b,latin-script-hinglish-or-en-IN;not-devanagari,折扣促销广告
iiitd_01126,rime residence plots on Yamuna x-way in world class township.153/207sqyd fm 23.5lac on DP.Bkng 2lac. Near intl racing track. Ltd available. SMS IA to 5616,hi,iiitd_sms_spam_v1,spam,AD,manual,e39590ad0bce,latin-script-hinglish-or-en-IN;not-devanagari,房产广告
iiitd_01127,riginal Booking - AFFORDABLE Apartments in GURGAON.Budget Rs. 60 Lacs to Rs 1 CR.Various Options Available.Reputed Builders.3 Yrs Possession.Call 8800418896,hi,iiitd_sms_spam_v1,spam,AD,manual,01364c6cb131,latin-script-hinglish-or-en-IN;not-devanagari,房产广告
iiitd_01128,RICKET&CRICKET. Dial *567*877# and get updates for all INDIA & international matches. Pay only for match days. Rs5/day for oneday&T20 and Rs3/Test match da,hi,iiitd_sms_spam_v1,spam,AD,manual,2c42e6cc8c6c,latin-script-hinglish-or-en-IN;not-devanagari,商业促销广告
iiitd_01129,Revise your income tax return the easy way Vidya Balan avoids sleeveless tops for The Dirty Picture For more news visit www.oneindia.in,hi,iiitd_sms_spam_v1,spam,AD,manual,b75821af061a,latin-script-hinglish-or-en-IN;not-devanagari,新品/新款广告
iiitd_01130,Retail Shop& Off Space Available On Golf Course Extn Rd Sec70A GURGAON 2Km from NH8 Metro Connectivity Extensive Landscaping wd Water Bodies SMS GMR TO 56161,hi,iiitd_sms_spam_v1,spam,AD,manual,c4d65129dcd5,latin-script-hinglish-or-en-IN;not-devanagari,教育/课程招生广告
iiitd_01131,Retail Shop& Off Space Available On Golf Course Extn Rd Sec70A GGN 2 Km From NH8 Metro Connectivity Extensive Landscaping wd Water Bodies. sms AC to 53456,hi,iiitd_sms_spam_v1,spam,AD,manual,c4d65129dcd5,latin-script-hinglish-or-en-IN;not-devanagari,教育/课程招生广告
iiitd_01132,Retail shop Rs 21.5Lac,hi,iiitd_sms_spam_v1,spam,AD,manual,ce19811b5f24,latin-script-hinglish-or-en-IN;not-devanagari,购物/预订广告
iiitd_01133,WORLD-CUP BONANZA! Get Airtel digitalTV with FREE Home Delivery & Installation +4 Month Subscription +Rs250 Cashback @ONLY Rs1590! Reply DTH for more info,hi,iiitd_sms_spam_v1,spam,AD,manual,2547569c21b0,latin-script-hinglish-or-en-IN;not-devanagari,免费/赠品促销
iiitd_01134,Residential plots in DADRI ROAD  near Exp way @ Only Rs.18000/sq.yd.Sizes 100 sq.yd onwards. Ltd plots available. For query. Call@:- 9582969635,hi,iiitd_sms_spam_v1,spam,AD,manual,077bcd28a32a,latin-script-hinglish-or-en-IN;not-devanagari,房产广告
iiitd_01135,"Re-Style,Bored of your old shoes? Choose how you want to re-style them:
1) Paint Art
2) Funky Laces
3) Buckles
^1/2/3 
Reply to get some re-styling tips.",hi,iiitd_sms_spam_v1,spam,AD,manual,cbe313ffbed5,latin-script-hinglish-or-en-IN;not-devanagari,商业促销广告
iiitd_01136,RESIDENTIAL PLOTS @ 15 LACS onwards -on Yamuna X-Way NOIDA -Near Formula 1 Racing Track & Night Safari -Interst Free Instalmnts SMS INV to 56677,hi,iiitd_sms_spam_v1,spam,AD,manual,8edb75d4ec6b,latin-script-hinglish-or-en-IN;not-devanagari,房产广告
iiitd_01137,"Residential plot allotment in New Moradabad Nearby Holiday Regency 5* Hotal, plots size 90,112,162,200,300,351,400sq.mtr, rate 5000@sq.mtr call on 9540953305",hi,iiitd_sms_spam_v1,spam,AD,manual,8ba7b27e4548,latin-script-hinglish-or-en-IN;not-devanagari,房产广告
iiitd_01138,"Residential plot allotment in New Moradabad Nearby Holiday Regency 5* Hotal, plots size 90,112,162,200,300,351,400sq.mtr, rate 5000@sq.mtr call on 9540953304",hi,iiitd_sms_spam_v1,spam,AD,manual,8ba7b27e4548,latin-script-hinglish-or-en-IN;not-devanagari,房产广告
iiitd_01139,"Residential Plot @ Rs.330/sqft,  Villa @ Rs.12lac,  Flats @ Rs.18lac. Gated Amenities. Contact:080 40593333,  9620873563 and 9035353999. www.nbrdevelopers.com",hi,iiitd_sms_spam_v1,spam,AD,manual,3022ec2762ac,latin-script-hinglish-or-en-IN;not-devanagari,房产广告
iiitd_01140,Required:Confident & Skilled TELECALLERS-40 for AVIS INFOTECH in West Patel Nagar Opp metro pillar 229 Sal:Rs7000-12000 +Incentives Call 4 Job: 9654984987,hi,iiitd_sms_spam_v1,spam,AD,manual,1a71ad034bc5,latin-script-hinglish-or-en-IN;not-devanagari,商业促销广告
iiitd_01141,"Required CALLERS PROCESS: 1.Inbound: Good Comp Skills-40 2.Sales: Min 6mth Exp-90 in Kirti Ngr,  Nr Metro Station SALARY: 5-6K +Incentive Call: 9899212515",hi,iiitd_sms_spam_v1,spam,AD,manual,c95a99d247a4,latin-script-hinglish-or-en-IN;not-devanagari,促销/优惠活动广告
iiitd_01142,"Requested service has been activated on your number. Since your phone does not support download of settings,  pls call 12118 for help on manual configuration of settings",hi,iiitd_sms_spam_v1,spam,TRANSACTION,manual,11609a293beb,latin-script-hinglish-or-en-IN;not-devanagari,移动办公设置激活通知
iiitd_01143,Request timed out. Code=934 Tid=020003436559,hi,iiitd_sms_spam_v1,spam,TRANSACTION,manual,b62d58d59bd7,latin-script-hinglish-or-en-IN;not-devanagari,服务请求超时/系统通知
iiitd_01144,Request timed out. Code=934 Tid=020003436080,hi,iiitd_sms_spam_v1,spam,TRANSACTION,manual,b62d58d59bd7,latin-script-hinglish-or-en-IN;not-devanagari,服务请求超时/系统通知
iiitd_01145,World cup Special !!! Listen to latest cricket score of ongoing match when U call someone. Dial *646*444# and activate Cricket Mytunes now!!! Charges apply.,hi,iiitd_sms_spam_v1,spam,AD,manual,03575b11e66d,latin-script-hinglish-or-en-IN;not-devanagari,新品/新款广告
iiitd_01146,"It?s Never Too Late!,Want to know the age of the world?s oldest newlyweds? ^Yes/No
Your replies to Blyk on Aircel are always free.",hi,iiitd_sms_spam_v1,spam,AD,audit_fixpass_iiitd,644b04313e13,latin-script-hinglish-or-en-IN;not-devanagari | [fix:HARASS->AD] 问答/竞猜增值短信，非诈骗,问答/竞猜增值短信，非诈骗
iiitd_01147,"Req.CCE/Sr CCE 10+2/Grad/Fresher/Intl.Exp UK Survey with good Eng & Comm Skills 11-20k+ upto 20k Cash Inctv Walk-in@D-67, Okhla Phase-I #40523080,9958677109",hi,iiitd_sms_spam_v1,spam,AD,manual,c2f3d04ad653,latin-script-hinglish-or-en-IN;not-devanagari,招聘广告
iiitd_01148,"Reputed Vehicle Security Company requires 100+ marketing agents in Delhi/NCR. 10k/mth +Incentives,  apply now send your updated resume at hr@phoenixsecure.in",hi,iiitd_sms_spam_v1,spam,AD,manual,2a7cf865ea3f,latin-script-hinglish-or-en-IN;not-devanagari,商业促销广告
iiitd_01149,Reply with your year of birth to know your Chinese horoscope. e.g. 1980 ^Your Year of Birth All your replies to Blyk on Aircel are free.,hi,iiitd_sms_spam_v1,spam,HARASS,manual,ec614f029ad2,latin-script-hinglish-or-en-IN;not-devanagari,Blyk互动问答/骚扰式推销
iiitd_01150,Repairs Car Scratches Like Magic for any color car!Make your car shine again. As Seen on TV.MRP 2400/- Offer price 990/- only. sms ANAND 53 to 5757576,hi,iiitd_sms_spam_v1,spam,AD,manual,998ea0da42dd,latin-script-hinglish-or-en-IN;not-devanagari,促销/优惠活动广告
iiitd_01151,Repairs Car Scratches Like Magic for any color car! Make your car shine again. As Seen on TV. MRP 2400/- Offer price 990/- sms ANAND 64 to 5757576,hi,iiitd_sms_spam_v1,spam,AD,manual,998ea0da42dd,latin-script-hinglish-or-en-IN;not-devanagari,促销/优惠活动广告
iiitd_01152,"Rental  Helpline  9999991155 1000-100, 000 sq.ft. In Noida & Gr.Noida  OFFICE & INDUSTRIAL Use Goldenberg estates pvt.ltd. sandeep@goldenberg.in 999 999 1155",hi,iiitd_sms_spam_v1,spam,AD,manual,3c7af4656d34,latin-script-hinglish-or-en-IN;not-devanagari,商业促销广告
iiitd_01153,Remove Ur Car Scratches Within Minute! With MAGIC CAR SCRATCH REMOVER PEN (Any Car/Any Colour) As Seen on TV Rs.2400 Offer Price 599 Booking Sms: MAGIC to 56767,hi,iiitd_sms_spam_v1,spam,AD,manual,a81e230859ba,latin-script-hinglish-or-en-IN;not-devanagari,促销/优惠活动广告
iiitd_01154,"Reliance Laya Hai Apke Liye Special Callertune Chunne Ka Mauka ,  Bas Dial Karein 9312000123  Bilkul Free.Reliance",hi,iiitd_sms_spam_v1,spam,AD,manual,e7dfdd5a13c6,latin-script-hinglish-or-en-IN;not-devanagari,免费/赠品促销
iiitd_01155,RELIANCE HI-SPEED DATACARD Rs.1599 UNLIMITED PLAN @750 PAY Rs.149 & GET LAPTOP BAG + 6GIFT CALL - 9381760004 www.netclubindia.com,hi,iiitd_sms_spam_v1,spam,AD,manual,b6b2746636d6,latin-script-hinglish-or-en-IN;not-devanagari,免费/赠品促销
iiitd_01156,Reliance Datacard @1599 UNLIMITED PLAN@750 PAY RS.149 & GET LAPTOP BAG + 6GIFT CALL-9382222111 www.netclubindia.com,hi,iiitd_sms_spam_v1,spam,AD,manual,bd03c56f2f79,latin-script-hinglish-or-en-IN;not-devanagari,免费/赠品促销
iiitd_01157,"Christmas Destinations,Want to celebrate Christmas at one of the best destinations in the world? Choose a location that suits your budget.
1) Europe
2) India
3) Asia
^1/2/3
All your replies to Blyk on Aircel are free.",hi,iiitd_sms_spam_v1,spam,AD,audit_fixpass_iiitd,f08962f898d9,latin-script-hinglish-or-en-IN;not-devanagari | [fix:HARASS->AD] 问答/竞猜增值短信，非诈骗,问答/竞猜增值短信，非诈骗
iiitd_01158,"World Cup Promo only for U!E-Rech Rs305 &Get FULL TT Rs305 Also FREE LocR-R min equal to next days Highest Batsman Score(Credit in 72 Hrs, valid 5day).Reliance",hi,iiitd_sms_spam_v1,spam,AD,manual,a6cc4160ea15,latin-script-hinglish-or-en-IN;not-devanagari,免费/赠品促销
iiitd_01159,"Reliance 2G datacard in 1500/-speed upto   3.1mbps, Unlimited downloading plan   available & 3G datacard in 2500/-speed upto   7.2 mbps pls call-8826000951",hi,iiitd_sms_spam_v1,spam,AD,manual,39c56340331e,latin-script-hinglish-or-en-IN;not-devanagari,数据卡/网络服务广告
iiitd_01160,"Relax & Rejuvenate with fish therapy at HAPPY FEET,  Rs 199 for Rs 400 worth of Pedicure & Manicure. To get the deal,  visit www.snapdeal.com",hi,iiitd_sms_spam_v1,spam,AD,manual,afd250def2c8,latin-script-hinglish-or-en-IN;not-devanagari,电商/旅游促销
iiitd_01161,"Relatives Visiting? Take them sight seeing in a comfortable cab.  Call Meru on 44224422 or log on to www.merucabs.com - Meru Cabs,  Delhi",hi,iiitd_sms_spam_v1,spam,AD,manual,9e2419f544c1,latin-script-hinglish-or-en-IN;not-devanagari,商业促销广告
iiitd_01162,Registration open for CA-CPT classes for June attempt at M.K.GUPTA CA CLASSES. Classes at RaniBagh & LaxmiNagar. Book ur seat before u r late. Call 9811429230,hi,iiitd_sms_spam_v1,spam,AD,manual,d6025b647e6f,latin-script-hinglish-or-en-IN;not-devanagari,购物/预订广告
iiitd_01163,Register for Tata Indicom Extra account to avoid buying Wi-Fi card every time you travel. To register logon to www.tataindicomwifi.in now.,hi,iiitd_sms_spam_v1,spam,AD,manual,999b255e8341,latin-script-hinglish-or-en-IN;not-devanagari,旅游/度假套餐广告
iiitd_01164,"Refer to Pg 2 of todays Hindustan Times UNIVERSAL GROUP launches shops in MARKET SQUARE at Golf Course Extn Road, Gurgaon Vishal Batra Investments 9810193057",hi,iiitd_sms_spam_v1,spam,AD,manual,5d92d9373a33,latin-script-hinglish-or-en-IN;not-devanagari,教育/课程招生广告
iiitd_01165,REE Reebok Classic White formal Men Shirt MRP Rs 1599 for members.Just pay Rs 499 as delivery charges.To Order SMS TRMS to 567678. TnC appl,hi,iiitd_sms_spam_v1,spam,AD,manual,c969423eb04e,latin-script-hinglish-or-en-IN;not-devanagari,商业促销广告
iiitd_01166,REE PoloClub watch for 500 earlybirds spending Rs 2000+ on HDFCBank DebitCard in a week.Week starts every Thu.Win every week till 30Sep.T&,hi,iiitd_sms_spam_v1,spam,AD,manual,7a5564563b12,latin-script-hinglish-or-en-IN;not-devanagari,银行/信用卡广告
iiitd_01167,REE opening & Lower brokerage on Sharekhan's Trading & Demat a/c. Valid on all AMC plans. sms SK to 56070 for more T&C Appl,hi,iiitd_sms_spam_v1,spam,AD,manual,26640725c0dc,latin-script-hinglish-or-en-IN;not-devanagari,商业促销广告
iiitd_01168,"A British Landmark,What is the name of the Formula One circuit that hosts the British Grand Prix?
1) Silverstone
2) Monza
3) Interlagos
^1/2/3
Reply to get a video clip.",hi,iiitd_sms_spam_v1,spam,AD,manual,d29c6b5a1b2a,latin-script-hinglish-or-en-IN;not-devanagari,商业促销广告
iiitd_01169,ree offer on m.facebook.com is only till 31-Aug-10. With effect from 1-Sep-10 you will be charged at 30paise/20KB for browsing m.facebook.com,hi,iiitd_sms_spam_v1,spam,AD,manual,2ba64725175c,latin-script-hinglish-or-en-IN;not-devanagari,促销/优惠活动广告
iiitd_01170,Your wait is over! Releasing limited Golf Plots on X-way by reputed developer. 150sqyd onward. For priority booking sms WA to 56677,hi,iiitd_sms_spam_v1,spam,AD,manual,50361bd05f14,latin-script-hinglish-or-en-IN;not-devanagari,房产广告
iiitd_01171,World Cup OFFER!Aaj Rechg karein Rs305 aur payein Rs305 ka TT(Core TT:274.52) + kal sbse adhik balebaz k score jitna free Loc R-R  min jiski Vldty5din.Relianc,hi,iiitd_sms_spam_v1,spam,AD,manual,509e5a3c8f0d,latin-script-hinglish-or-en-IN;not-devanagari,促销/优惠活动广告
iiitd_01172,ree gifts wrth Rs 9929 on Whirlpool Purefresh Water RO Purifier.Buy at Rs13999only.Certified by Water Quality Association of USA.SMS PEBC to 52424.TnC appl,hi,iiitd_sms_spam_v1,spam,AD,manual,b58b9965342b,latin-script-hinglish-or-en-IN;not-devanagari,免费/赠品促销
iiitd_01173,REE GIFT worth Rs.440 waiting for you! SAVE the Free internet settings you receive and download content of Rs.440 TOTALLY FREE.Only for new Idea Fresh users,hi,iiitd_sms_spam_v1,spam,AD,manual,b4379ba3fb34,latin-script-hinglish-or-en-IN;not-devanagari,数据卡/网络服务广告
iiitd_01174,REE Gift this festive season fr members.Get FREE BENETTON WRIST WATCH MRP2600.Only pay Rs499 handling charges on delivery.To claim sms TWCH to 567678.TnC appl,hi,iiitd_sms_spam_v1,spam,AD,manual,6c282a863b33,latin-script-hinglish-or-en-IN;not-devanagari,免费/赠品促销
iiitd_01175,REE Gift this festive season fr members.Get FREE BENETTON WRIST WATCH MRP2600.Only pay Rs499 handling charges on delivery.To claim sms TWCH to 53636.TnC appl,hi,iiitd_sms_spam_v1,spam,AD,manual,6c282a863b33,latin-script-hinglish-or-en-IN;not-devanagari,免费/赠品促销
iiitd_01176,REE Gift for members only! Get FREE BENETTON WRIST WATCH MRP2600.Only pay Rs499 handling charges on delivery.To claim sms TWCH to 53636.TnC appl,hi,iiitd_sms_spam_v1,spam,AD,manual,77c4d262041b,latin-script-hinglish-or-en-IN;not-devanagari,免费/赠品促销
iiitd_01177,REE Drinks of Rs 2000 & 1Yr Membership of top 14 Resto-Bar of Delhi NCR & Get Discount 50%Drink+20% on Food Just 1999 to get Detail sms DNDC to 5303,hi,iiitd_sms_spam_v1,spam,AD,manual,45b0b176c107,latin-script-hinglish-or-en-IN;not-devanagari,折扣促销广告
iiitd_01178,REE Designer SATYA PAUL Mens leather Wallet MRP Rs 1295 for members. Just pay Rs 399 as delivery charges. To Claim ur gift sms TSM to 567678. TnC appl,hi,iiitd_sms_spam_v1,spam,AD,manual,a631fe62d83d,latin-script-hinglish-or-en-IN;not-devanagari,免费/赠品促销
iiitd_01179,"Which Superhero?,Check out the attached pic- can you guess which popular DC Comic superhero wears this symbol?
1) Superman
2) Batman
3) Green Lantern
^1/2/3
All your interactions to Blyk on Aircel are free.",hi,iiitd_sms_spam_v1,spam,AD,audit_fixpass_iiitd,1e04f6dae83c,latin-script-hinglish-or-en-IN;not-devanagari | [fix:HARASS->AD] 问答/竞猜增值短信，非诈骗,问答/竞猜增值短信，非诈骗
iiitd_01180,REE 3 Encyclopedia Britannica CD-ROMs set MRP Rs 1197. Just pay Rs 399 as handling charges on Gift Delivery.To Claim ur gift sms EBC to 53636.TnC appl,hi,iiitd_sms_spam_v1,spam,AD,manual,51066a3c56ac,latin-script-hinglish-or-en-IN;not-devanagari,免费/赠品促销
iiitd_01181,Reduce Upto 6 Kgs in 30 Days with *ORIGINAL SAUNA SLIM BELT* MRP 1499 Com Direct Price 750 Book today & Get Acupressure Mat Free! For Booking Sms: SLIM to 57333,hi,iiitd_sms_spam_v1,spam,AD,manual,93f5f1f18108,latin-script-hinglish-or-en-IN;not-devanagari,免费/赠品促销
iiitd_01182,Reduce Upto 5Kgsin Just 4 Weeks!with New 3 in 1SUANA SLIM BELTMRP.2499Com Direct Price 999+ 300 worthPocket GYM Rope FREEFor Booking Sms:SLIM  to 57333,hi,iiitd_sms_spam_v1,spam,AD,manual,9217cac5a6a9,latin-script-hinglish-or-en-IN;not-devanagari,免费/赠品促销
iiitd_01183,World Cup me baki bas 12 din! Har Matche ka Romanch Boundary ho ya Six payen score alerts aapke mobile par sirf Rs5/day me! Dial Karen *567*877# (Toll Free),hi,iiitd_sms_spam_v1,spam,AD,manual,f7f53e63485a,latin-script-hinglish-or-en-IN;not-devanagari,免费/赠品促销
iiitd_01184,Reduce Fat(8 inch)use*VIBRATION BELT(Rs.999) SAUNA SLIM BELT(Rs.650) NCR(Rs.50 More)+Free Yoko For Delivery Ph;9717268132/9311311973,hi,iiitd_sms_spam_v1,spam,AD,manual,41b677354245,latin-script-hinglish-or-en-IN;not-devanagari,免费/赠品促销
iiitd_01185,Rediscover the deeper meaning of life and the means to attain true peace. Understand the essence of being a true Sikh. Sms JOIN GURUBANI to 09219592195,hi,iiitd_sms_spam_v1,spam,AD,manual,07044511714b,latin-script-hinglish-or-en-IN;not-devanagari,商业促销广告
iiitd_01186,"Recruitment open in LIC. Earn Full time part time Service class,  business man,  house wife,  student,  retired person may earn 5000 to 50000/month.Call-9211235600",hi,iiitd_sms_spam_v1,spam,AD,manual,860091d1d0c3,latin-script-hinglish-or-en-IN;not-devanagari,维修服务广告
iiitd_01187,Recharge your MTS Data card connection at the convenience of your doorstep! To order call 9143900014/15/16 or Recharge online www.mtsindia.in/recharge.html,hi,iiitd_sms_spam_v1,spam,AD,manual,6a4d86bfd068,latin-script-hinglish-or-en-IN;not-devanagari,充值/话费优惠促销
iiitd_01188,Recharge with Rs47 and get 500 Local/National SMS/day for 30 days,hi,iiitd_sms_spam_v1,spam,AD,manual,8775b8e2188f,latin-script-hinglish-or-en-IN;not-devanagari,充值/话费优惠促销
iiitd_01189,"Recharge with Rs12, get Rs8.9 TALKTIME instantly PLUS make All Local calls at only 30p/min for 30 days between 11pm and 6pm! Tariff benefit in 48hrs of Recharge!",hi,iiitd_sms_spam_v1,spam,AD,manual,7b15567873d5,latin-script-hinglish-or-en-IN;not-devanagari,充值/话费优惠促销
iiitd_01190,"Friday Releases,Some fun movies releasing this Friday in cinemas...pick an option:
1) Pyaar Ka Punchnama
2) 404
3) Pirates Of The Caribbean
^1/2/3
Reply to get a photo/video clip and synopsis.",hi,iiitd_sms_spam_v1,spam,AD,manual,82b4420821fc,latin-script-hinglish-or-en-IN;not-devanagari,娱乐/内容服务广告
iiitd_01191,Recharge Rs75 & get Full Talk Time of Rs75 with Unlimited validity .Recharge Now & Stay Connected with AIRCEL.T&C Apply.,hi,iiitd_sms_spam_v1,spam,AD,manual,6f24b82c98ca,latin-script-hinglish-or-en-IN;not-devanagari,充值/话费优惠促销
iiitd_01192,World Cup ke liye India tyaar hai aur ab aap bhi ho jaiye. subscribe kariye cricket alert by dialing *234*100# (Rs.30/mth) ya dial 5800032 (toll free).,hi,iiitd_sms_spam_v1,spam,AD,manual,86d249858aeb,latin-script-hinglish-or-en-IN;not-devanagari,免费/赠品促销
iiitd_01193,Recharge Rs75 & get Full Talk Time of Rs75 with Unlimited validity .Recharge Now & Stay Connected with AIRCEL.T&C Apply,hi,iiitd_sms_spam_v1,spam,AD,manual,6f24b82c98ca,latin-script-hinglish-or-en-IN;not-devanagari,充值/话费优惠促销
iiitd_01194,WORLD CUP DHAMAKA - now get your new Airtel DTH connection + free installation @ Rs.999 & avail special benefits. To order SMS DTH to 575758. T&C apply,hi,iiitd_sms_spam_v1,spam,AD,manual,56a70db86f73,latin-script-hinglish-or-en-IN;not-devanagari,免费/赠品促销
iiitd_01195,Recharge Rs255 from your mobile using mChek on Airtel & get Rs 355 talktime.Click on www.mchek.com/mchekonairtel for FREE download.Offer ends 5 Sept.,hi,iiitd_sms_spam_v1,spam,AD,manual,c4c44a1a612c,latin-script-hinglish-or-en-IN;not-devanagari,充值/话费优惠促销
iiitd_01196,Recharge Rs111 & get Full Talk Time of Rs111 with Unlimited validity .Recharge Now & Stay Connected with AIRCEL.T&C Apply.,hi,iiitd_sms_spam_v1,spam,AD,manual,6f24b82c98ca,latin-script-hinglish-or-en-IN;not-devanagari,充值/话费优惠促销
iiitd_01197,Recharge Rs111 & get Full Talk Time of Rs111 with Unlimited validity .Recharge Now & Stay Connected with AIRCEL.T&C Apply,hi,iiitd_sms_spam_v1,spam,AD,manual,6f24b82c98ca,latin-script-hinglish-or-en-IN;not-devanagari,充值/话费优惠促销
iiitd_01198,WORLD CUP DHAMAKA - now get your new Airtel DTH connection + free installation @ Rs.999 & avail special benefits. To buy SMS ADTH to 56070. T&C Apply,hi,iiitd_sms_spam_v1,spam,AD,manual,56a70db86f73,latin-script-hinglish-or-en-IN;not-devanagari,免费/赠品促销
iiitd_01199,"World Class E-Housing by top Builder at unbeatable price&location in Sec.137 Noida expway A?2640* PSF Unparallel amenities, Finance frm all banks cal 95822229#",hi,iiitd_sms_spam_v1,spam,AD,manual,1a10cb6884ef,latin-script-hinglish-or-en-IN;not-devanagari,银行/信用卡广告
iiitd_01200,Recharge Alert from MTS: Validity of expiry on your MTS Data Card has already EXPIRED. Recharge with monthly STVs to continue usage - MTS,hi,iiitd_sms_spam_v1,spam,AD,audit_fixpass_iiitd,7be480a32762,latin-script-hinglish-or-en-IN;not-devanagari | [fix:TRANSACTION->AD] 充值套餐/增值服务促销,充值套餐/增值服务促销
iiitd_01201,"Feeling Low?,Do you feel you lack confidence in yourself? ^Yes/No
Reply to get tips on how to build your self-esteem.",hi,iiitd_sms_spam_v1,spam,AD,manual,ada8016641fc,latin-script-hinglish-or-en-IN;not-devanagari,商业促销广告
iiitd_01202,Recharge Alert from MTS : Validity of expiry on your MTS Data Card has already EXPIRED. Recharge with monthly STVs to continue usage - MTS,hi,iiitd_sms_spam_v1,spam,AD,audit_fixpass_iiitd,7be480a32762,latin-script-hinglish-or-en-IN;not-devanagari | [fix:TRANSACTION->AD] 充值套餐/增值服务促销,充值套餐/增值服务促销
iiitd_01203,Receive money through mobile banking. Provide mobile no+MMID (9002158) for your a/c XXXXXXX9424 to remitter. For info call 1800-11-2211/visit www.sbi.co.in,hi,iiitd_sms_spam_v1,spam,HARASS,audit_fixpass_iiitd,4aba8a03c36d,latin-script-hinglish-or-en-IN;not-devanagari | [fix:AD->HARASS] 成人/灰产兼职骚扰,成人/灰产兼职骚扰
iiitd_01204,reat News! TICKET TO THAILAND -Extended till 27-2-10 with 6.50Lac Alredy qualfiars will get 3moere gift if they do 3Lac b/w 22th-28thFeb'10-Sent 4rm 160by2.co,hi,iiitd_sms_spam_v1,spam,FRAUD,manual,9537fae7eaea,latin-script-hinglish-or-en-IN;not-devanagari,虚假旅游奖品诱导
iiitd_01205,WORK on MOBILE.  Earn 5000+ Per day.  Easy and simple advertising activities CALL Ajit-9004545490 - Vertex Services.,hi,iiitd_sms_spam_v1,spam,HARASS,manual,3bdebb4fad30,latin-script-hinglish-or-en-IN;not-devanagari,高薪诱惑/在家工作诈骗
iiitd_01206,reat Investment with assured return *Commercial space by AIMS Sanya *0km frm Delhi *Nr Metro Station *Sec-15 Noida @ 9500/sqft Call 995309696,hi,iiitd_sms_spam_v1,spam,AD,manual,65062c1bd1d5,latin-script-hinglish-or-en-IN;not-devanagari,商业促销广告
iiitd_01207,reat Deals at The MobileStore. Get Rs 100 Off on mobile purchases above Rs 5000. Rush offer valid till 21st Feb. Show MCoupon RPD897348602131 . T & C,hi,iiitd_sms_spam_v1,spam,AD,manual,86a69bd9b249,latin-script-hinglish-or-en-IN;not-devanagari,促销/优惠活动广告
iiitd_01208,reakng Price Barrier *Supertech presnts Xpandabl Villa's at Yamuna Xprsway *Near Ngt Safari/Racing Track *@26.9 lac onwrds *80% Bank Loan sms IT to 5499,hi,iiitd_sms_spam_v1,spam,AD,manual,89a56a96e239,latin-script-hinglish-or-en-IN;not-devanagari,贷款/保险广告
iiitd_01209,"Ready, Dum MaroDum aur nayi movies ke songs sune apne mobile pe MTNL MUSIC STATION par.Dial karen 55000(TOLL FREE). Subcribe kare sirf Rs30/Month.",hi,iiitd_sms_spam_v1,spam,AD,manual,17ad2ee6c06d,latin-script-hinglish-or-en-IN;not-devanagari,娱乐/内容服务广告
iiitd_01210,"RC44=Rs40 Talktime!Recharge with RC44, get Rs40 Talktime and for 6months get FULL TALKTIME on all recharge of  Rs10 and above!All Local, STD at 50p/min.Call 14167",hi,iiitd_sms_spam_v1,spam,AD,manual,9a3dcd0c9498,latin-script-hinglish-or-en-IN;not-devanagari,充值/话费优惠促销
iiitd_01211,"RC31 STD Pack now comes with all STD calls@ 40p per min with Rs 11 Talktime. Tariff Validity 30days,  Talktime Validty 3days.",hi,iiitd_sms_spam_v1,spam,AD,manual,198dea61d02c,latin-script-hinglish-or-en-IN;not-devanagari,充值/话费优惠促销
iiitd_01212,"Meet The Characters,Meet the mutants of 'X-Men: First Class'! Choose a character to find out what powers they possess:
1) Havoc
2) Mystique
3) Beast
4) Banshee
^1/2/3/4
Reply to get a video clip.",hi,iiitd_sms_spam_v1,spam,AD,manual,559b859a9d6b,latin-script-hinglish-or-en-IN;not-devanagari,商业促销广告
iiitd_01213,"RC130-te Puro TT!Paan Rs130 main account TT totkhonat!Offr 04-06-11 porjonto.WB Class12 result jante sms korun WB12 space Roll No, pathan 543212222.Rs6/sms",hi,iiitd_sms_spam_v1,spam,AD,manual,1794d0453793,latin-script-hinglish-or-en-IN;not-devanagari,商业促销广告
iiitd_01214,RC120 Fullest-Get Fullest Talktime of Rs120 on Easycharge of Rs.120 Today.Get Rs 106.79 instantly and the remaining Rs 13.21 within 48 hours. Recharge Today,hi,iiitd_sms_spam_v1,spam,AD,manual,11bf0a5d7887,latin-script-hinglish-or-en-IN;not-devanagari,充值/话费优惠促销
iiitd_01215,"RC10=10, RC30=30!Recharge with RC44, get Rs40 Talktime and for 6months enjoy FULL TALKTIME on all recharges of  Rs10 and above!All Local, STD at 50p/min.Call 14167",hi,iiitd_sms_spam_v1,spam,AD,manual,d8da77ea7f37,latin-script-hinglish-or-en-IN;not-devanagari,充值/话费优惠促销
iiitd_01216,"RC 58 with Extra Benefits! Recharge with Rs.58 & Get 12000 local secs free to any network, Valid for 15 Days.Hurry,Recharge Now. Limited Period Offer.",hi,iiitd_sms_spam_v1,spam,AD,manual,fbfdcb21edc3,latin-script-hinglish-or-en-IN;not-devanagari,充值/话费优惠促销
iiitd_01217,Work from home&Earn Rs.7000/-m. Send Co.?s SMS from PC to mobile users. Call-9333075338/9333075332 www.cyberjob.in-Sent 4rm 160by2.com,hi,iiitd_sms_spam_v1,spam,HARASS,manual,48cba18974f8,latin-script-hinglish-or-en-IN;not-devanagari,高薪诱惑/在家工作诈骗
iiitd_01218,"RBI hikes Repo,  Reverse Repo rates by 25 bps each to 6.5% & 5.5%. Inflation forecast revised to 7% vs 5.5%. For more log on www.moneycontrol.com",hi,iiitd_sms_spam_v1,spam,AD,manual,4c9bb8c55c6f,latin-script-hinglish-or-en-IN;not-devanagari,房产广告
iiitd_01219,Rate Revsng soon.Xperience Beachside Living.Supertch Holiday Village.Xpandabl Villas at Yamuna XprswaySize 1575/2200 sf@27 lac onwrdsCall: 9999060692,hi,iiitd_sms_spam_v1,spam,AD,manual,96d459777e7b,latin-script-hinglish-or-en-IN;not-devanagari,旅游/度假套餐广告
iiitd_01220,Rate Revsng soon. Xperience Beachside Living. Supertch Holiday Village. Xpandabl Villas at Yamuna Xprsway Size 1575/2200 sf @27 lac onwrds Call-9711155919,hi,iiitd_sms_spam_v1,spam,AD,manual,96d459777e7b,latin-script-hinglish-or-en-IN;not-devanagari,旅游/度假套餐广告
iiitd_01221,Rate Revsng soon. Xperience Beachside Living. Supertch Holiday Village. Xpandabl Villas at Yamuna Xprsway Size 1575/2200 sf @27 lac onwrds Call-9560210003,hi,iiitd_sms_spam_v1,spam,AD,manual,96d459777e7b,latin-script-hinglish-or-en-IN;not-devanagari,旅游/度假套餐广告
iiitd_01222,Rate Revsng soon Xperience Beachside Livng Supertch Holiday Vilage Xpandabl Villas at Yamuna Xprsway Size 1575/2200 sq.ft. @27 lac onwrds Sms IP to 54999,hi,iiitd_sms_spam_v1,spam,AD,manual,bbda71188ceb,latin-script-hinglish-or-en-IN;not-devanagari,旅游/度假套餐广告
iiitd_01223,"Think Big!,Looking for a unique career path? Choose the relevant one for   
yourself.
1) Writer
2) Hair Stylist
3) Voice Artiste
4) Documentary Filmmaker
5) Flair Bartender
^1/2/3/4/5
All your replies to Blyk on Aircel are free.",hi,iiitd_sms_spam_v1,spam,AD,audit_fixpass_iiitd,69dea65daf6f,latin-script-hinglish-or-en-IN;not-devanagari | [fix:HARASS->AD] 问答/竞猜增值短信，非诈骗,问答/竞猜增值短信，非诈骗
iiitd_01224,"Dating Tips,Don?t be known as a date ?dhakkan?! Here are some simple tips to ensure your first date results in more dates :)
Choose an option:
1) Do?s
2) Don?ts
^1/2
Reply to get basic date rules to keep in mind.",hi,iiitd_sms_spam_v1,spam,AD,manual,5df996e48f4d,latin-script-hinglish-or-en-IN;not-devanagari,商业促销广告
iiitd_01225,Rate Revsng soon Xperience Beachside Livng Supertch Holiday Vilage Xpandabl Villas at Yamuna Xprsway Size 1575/2200 sq.ft. @27 lac onwrds Sms ICF to 54999,hi,iiitd_sms_spam_v1,spam,AD,manual,bbda71188ceb,latin-script-hinglish-or-en-IN;not-devanagari,旅游/度假套餐广告
iiitd_01226,"Rate revisng soon. Supertech presnts 2nd phase of CAPE TOWN at Sec74, Noida *2/3/4 bhk flat@29 lac onwrds *Adjoining 100 acres park Call-9560330007",hi,iiitd_sms_spam_v1,spam,AD,manual,3d830a6fe016,latin-script-hinglish-or-en-IN;not-devanagari,房产广告
iiitd_01227,"Rate revisng soon. Supertech presnts 2nd phase of CAPE TOWN at Sec74, Noida *2/3/4 bhk flat@29 lac onwrds *Adjoining 100 acres park Call-9999652149",hi,iiitd_sms_spam_v1,spam,AD,manual,3d830a6fe016,latin-script-hinglish-or-en-IN;not-devanagari,房产广告
iiitd_01228,Work from home&Earn Rs.7000/-m. Send Co.?s SMS from PC to mobile users. Call-9333075338/9333075332 www.cyberjob.in-Sent 4rm 160by2.com,hi,iiitd_sms_spam_v1,spam,HARASS,manual,e234da8db573,latin-script-hinglish-or-en-IN;not-devanagari,高薪诱惑/在家工作诈骗
iiitd_01229,"Rate revisng soon. Supertech presnts 2nd phase of *CAPE TOWN* at Sec74, Noida *2/3/4 bhk flat@29 lac onwrds *Adjoining 100 acres park Call-9891215530",hi,iiitd_sms_spam_v1,spam,AD,manual,3d830a6fe016,latin-script-hinglish-or-en-IN;not-devanagari,房产广告
iiitd_01230,Rate Revisng after 48 hours'Roti kapda aur Eco village'Noida Xtention*1Bhk 9.8 lac al inclusv*2Bhk 14.5 lac al incl.*Possesn 20 monthssms ICF to 5499,hi,iiitd_sms_spam_v1,spam,AD,manual,b0976e287ceb,latin-script-hinglish-or-en-IN;not-devanagari,房产广告
iiitd_01231,Rare Opportunity in Delhi!  Metroplex East. DDA Approved  Premium Retail/Office  Laxmi Nagar District Centre. Next 2 Metro. Possession 24Mths. Call.8826871425,hi,iiitd_sms_spam_v1,spam,AD,manual,06c87ff3c151,latin-script-hinglish-or-en-IN;not-devanagari,贷款/保险广告
iiitd_01232,L3 Level hiring in TOP Noida Bpo with 18k inhand sal+inc+US insurance C.service.Call us as limited seats available.Uk & Dayshift also available.Sonam/9871389382,hi,iiitd_sms_spam_v1,spam,AD,manual,64707853d561,latin-script-hinglish-or-en-IN;not-devanagari,招聘广告
iiitd_01233,"Ranja Rick ar Reshmi ki parbe school-e bhorti hote?1.Hya 2.Na TYPE:DMN<space>1/2 pathan 9246113355, Dekhun DADAMONI Mon-Fri7.30pm Rupashi Banglay ar jitun prize",hi,iiitd_sms_spam_v1,spam,AD,manual,af38ee79d271,latin-script-hinglish-or-en-IN;not-devanagari,商业促销广告
iiitd_01234,Rango Ka Tyohar Holi ka Hota Hai .Janiye Es Bar ki Holi Aapke liye kya sandesh Lekar Aayi hai dial 53300.Rs 6/m Reliance,hi,iiitd_sms_spam_v1,spam,AD,manual,52a1cd8aae27,latin-script-hinglish-or-en-IN;not-devanagari,商业促销广告
iiitd_01235,"Champions League,Manchester United will clash with which European team in the final of the Champions League?
1) Chelsea
2) Barcelona
3) Real Madrid
^1/2/3
All your replies to Blyk on Aircel are free.",hi,iiitd_sms_spam_v1,spam,AD,audit_fixpass_iiitd,7bf7e6dc5c37,latin-script-hinglish-or-en-IN;not-devanagari | [fix:HARASS->AD] 问答/竞猜增值短信，非诈骗,问答/竞猜增值短信，非诈骗
iiitd_01236,"Ramprastha SKyz Ultra Luxury Apts On Dwarka Xpresway @Reasonable rates,  3bhk Starting 56 lacs wid A.cs/ Modular kitchen, Wooden Flooring .Call 9999210532",hi,iiitd_sms_spam_v1,spam,AD,manual,4454702b921e,latin-script-hinglish-or-en-IN;not-devanagari,房产广告
iiitd_01237,RAMPRASTHA SKYZ PREMIUM CONDOMINIUMS IN SEC 37-D GGN *0KM FROM DWARKA EXP & METRO *450 ACRES TOWNSHIP *AC APPT AVAIL INAUGURAL DISCT SMS DH TO 5676706,hi,iiitd_sms_spam_v1,spam,AD,manual,493105b8b78e,latin-script-hinglish-or-en-IN;not-devanagari,贷款/保险广告
iiitd_01238,"Ramprastha launches THE EDGE 2/3/4BHK premium homes in sec 37D Gurgaon,  Adjacent to Dwarka exp way. NO EMI till possession.Call 9999311004 sms TSEED to 56070",hi,iiitd_sms_spam_v1,spam,AD,manual,a08a1ad71f51,latin-script-hinglish-or-en-IN;not-devanagari,房产广告
iiitd_01239,"Ramprastha has Launched The Edge Towers in Gurgaon, @2800/-*Home Loan @ 0*% Just Pay 15% Now & EMI Starts On Possession 2/3/4 BHK Luxurious Flats Cal- 9650988282",hi,iiitd_sms_spam_v1,spam,AD,manual,0d9cb76d618c,latin-script-hinglish-or-en-IN;not-devanagari,房产广告
iiitd_01240,"WORK FROM HOME, US BASED MNC, EARN EXTRA INCOME UP TO 30K TO 1LAK. FOR APPOINTMENT CALL Chetanya 9268192641.",hi,iiitd_sms_spam_v1,spam,HARASS,manual,933849a0fd66,latin-script-hinglish-or-en-IN;not-devanagari,高薪诱惑/在家工作诈骗
iiitd_01241,RAMPRASTHA *SKYZ* PRICE REVISING SOON *450 ACRES TOWNSHIP *PREMIUM APPTS SEC 37-D GURGAON *0KM FROM DWARKA EXP & METRO *AC APPARTMENTS sms SKYZ to 53456,hi,iiitd_sms_spam_v1,spam,AD,manual,054a5b5b4cde,latin-script-hinglish-or-en-IN;not-devanagari,贷款/保险广告
iiitd_01242,RAMPRASTHA 'SKYZ' PRICE REVISING SOON PREMIUM APPTS IN SEC 37-D GURGAON,hi,iiitd_sms_spam_v1,spam,AD,manual,d7c17004287b,latin-script-hinglish-or-en-IN;not-devanagari,贷款/保险广告
iiitd_01243,"Ramprastha  Launches SKYZ 3BHK FULLY AC APPARMENT 10 minutes from Honda Chowk NH-8,  Dwarka Exp Sec-37D Ggn,  Just Rs.3250/-sq ft .for best deal Call :-8800895405",hi,iiitd_sms_spam_v1,spam,AD,manual,2216e00a39eb,latin-script-hinglish-or-en-IN;not-devanagari,房产广告
iiitd_01244,Rakhte Hai Dil Me Jis Baat Ko!Janna Chahte Hai Woh Kya Kehna Chahte Hai Apko?Sms HEART (Apka Naam) to 53131.Eg HEART NITI.Rs 3/Sms.Reliance,hi,iiitd_sms_spam_v1,spam,AD,manual,cbeb5144e635,latin-script-hinglish-or-en-IN;not-devanagari,商业促销广告
iiitd_01245,"Rakhiye unlimited ganne,  jokes apne my zone mein bilkul FREE,  Kisi bhi song ko sunte hue 5 dabayen. Sirf Mitti Ke Rang mein,  Dial 543340 Toll Free.",hi,iiitd_sms_spam_v1,spam,AD,manual,e4735d64a320,latin-script-hinglish-or-en-IN;not-devanagari,免费/赠品促销
iiitd_01246,"Ideal Summer Fabric,Wrong fabrics make your skin itch in the summer? Here are some light, breathable cotton fabrics to sooth your skin in the summer.
^Yes
All your interactions with Blyk on Aircel are free.",hi,iiitd_sms_spam_v1,spam,AD,audit_fixpass_iiitd,75ee5e361a94,latin-script-hinglish-or-en-IN;not-devanagari | [fix:HARASS->AD] 问答/竞猜增值短信，非诈骗,问答/竞猜增值短信，非诈骗
iiitd_01247,Raheja Builders Presenting Raheja Shilas Fully A.C.independent floors@4175sqft@Dwrka Xprswy Wid mod kitchen@affordable price. For Best Deal. sms UN to 53456,hi,iiitd_sms_spam_v1,spam,AD,manual,31408750fb07,latin-script-hinglish-or-en-IN;not-devanagari,促销/优惠活动广告
iiitd_01248,"Raghu ki *#%+& ..... How the **** does he get away with this... Watch Roadies 8 tonight @ 7pm,  to catch the madness. Only on MTV.",hi,iiitd_sms_spam_v1,spam,AD,manual,6dc48deb29b9,latin-script-hinglish-or-en-IN;not-devanagari,商业促销广告
iiitd_01249,raffic Alert ab aapko batayega kahan hai traffic zyada. Dial karein *646*735# (toll-free) aur paayein Traffic Alert kewal Re1/Din mein,hi,iiitd_sms_spam_v1,spam,AD,manual,417c0271d197,latin-script-hinglish-or-en-IN;not-devanagari,免费/赠品促销
iiitd_01250,R/R recommends: LOGIX BLOSSOM GREENS.*2/3/4BHk Apts.*Sec143 on Noida X-way & FNG.*Possession in 18 mnths.*Starting BSP@23.52L on DP.For booking sms REN to 53456,hi,iiitd_sms_spam_v1,spam,AD,manual,69cb26cefeb0,latin-script-hinglish-or-en-IN;not-devanagari,房产广告
iiitd_01251,R/R recommends: LOGIX BLOSSOM GREENS.*2/3/4BHk Apts.*Sec143 on Noida X-way & FNG.*Possession in 18 mnths.*Starting BSP@22.21L on DP.For booking.sms REN to 53456,hi,iiitd_sms_spam_v1,spam,AD,manual,69cb26cefeb0,latin-script-hinglish-or-en-IN;not-devanagari,房产广告
iiitd_01252,Your wait is over!  Releasing limited Golf Plots on X-way by reputed developer. 150sqyd onward. For priority booking sms BOP to 56677,hi,iiitd_sms_spam_v1,spam,AD,manual,50361bd05f14,latin-script-hinglish-or-en-IN;not-devanagari,房产广告
iiitd_01253,"Word-a-DayDelineation- pictorial or verbal portrayal.Syn- depiction, representation.Find out what your name tells about you.SMS Name (Ur Name) to 51515.Rs3",hi,iiitd_sms_spam_v1,spam,AD,manual,726b7f713daa,latin-script-hinglish-or-en-IN;not-devanagari,商业促销广告
iiitd_01254,R/R recommends: LOGIX BLOSSOM GREENS.*2/3/4BHk Apts.*Sec143 on Noida X-way & FNG.*Possession in 18 mnths.*Starting BSP@22.21L on DP.For booking.sms CM to 53456,hi,iiitd_sms_spam_v1,spam,AD,manual,69cb26cefeb0,latin-script-hinglish-or-en-IN;not-devanagari,房产广告
iiitd_01255,R/R recommends: LOGIX BLOSSOM GREENS.*2/3/4BHk Apts.*Sec143 on Noida X-way & FNG.*Possession in 18 mnths.*Starting BSP@22.21L on DP.For booking sms REN to 53456,hi,iiitd_sms_spam_v1,spam,AD,manual,69cb26cefeb0,latin-script-hinglish-or-en-IN;not-devanagari,房产广告
iiitd_01256,r.NOIDA gets a new EDGE. Spire presnts SPIRETEC *12% Assured Return + 3 Yr Rental *Avail Special Inaugral Offer@11.4 Lacs Sms ICC to 5499,hi,iiitd_sms_spam_v1,spam,AD,manual,11b1129aba73,latin-script-hinglish-or-en-IN;not-devanagari,促销/优惠活动广告
iiitd_01257,"Swayamvara By David Hair,?Swayamvara? (The Return of Ravana Book 2) by David Hair is a story of reincarnation, two swayamvaras, 800 years apart, that sees four lives knotted forever & one rigid force, Ravana reborn. 
In Return of Ravana series, the action oscillates from the floodlit studios of Mumbai to the glittering Rajput courts, while Vikram-Chand & his friends battle an age-old rival whose power is growing like never before.
Publisher: Penguin Young Adult
To Buy: http://bit.ly/kmGTjD",hi,iiitd_sms_spam_v1,spam,HARASS,audit_fixpass_iiitd,41fdb270a656,latin-script-hinglish-or-en-IN;not-devanagari | [fix:AD->HARASS] 问答/竞猜增值短信，非诈骗,问答/竞猜增值短信，非诈骗
iiitd_01258,R U Looking Part-time Income! Welcome in Business Opportunity@100% Natural Aloe-Vera & Bee-Honey Products. Free Joining & Trainings. No Renewal. Call:9310010818,hi,iiitd_sms_spam_v1,spam,HARASS,manual,ca82596499c6,latin-script-hinglish-or-en-IN;not-devanagari,商业机会/加盟骚扰
iiitd_01259,"R U Looking Part-time Income! If Y,  Ur welcome in Business Opportunity @100% Natural Aloe-Vera & Honey Products. No Investment, Free Trainings. Call:9310010818",hi,iiitd_sms_spam_v1,spam,HARASS,manual,d93dfb329110,latin-script-hinglish-or-en-IN;not-devanagari,商业机会/加盟骚扰
iiitd_01260,"R U Looking Part-time Income & No Investment, Free Trainings If Y,  Ur welcome in Business Opportunity @100% Natural Aloe-Vera & Honey Products. Call:9310010818",hi,iiitd_sms_spam_v1,spam,HARASS,manual,93c80a053301,latin-script-hinglish-or-en-IN;not-devanagari,商业机会/加盟骚扰
iiitd_01261,Last Date for Admission 22 March MBA+PG diploma Pharma Mgmt 100%Placement.Register now!Call011-24649965/24649994 or visit www.apicworld.com,hi,iiitd_sms_spam_v1,spam,AD,manual,f33ea2749398,latin-script-hinglish-or-en-IN;not-devanagari,教育/课程招生广告
iiitd_01262,r favorite product Life stage pension & Elite pension is ending for sale from 1st July'10. Rush to ur all customers & collect their cases --160by2.com {Get all the action this weekend with A TEAM across theatres on 25th June in English & HIndi,hi,iiitd_sms_spam_v1,spam,HARASS,manual,fc5f20769d86,latin-script-hinglish-or-en-IN;not-devanagari,代发短信/网络兼职骚扰
iiitd_01263,r Dream Destination to BANKOK is just 5days away! Rush hard! To book ur TICKET to nearest branch or call ur manager for assistance #-Sent 4rm 160by2.co,hi,iiitd_sms_spam_v1,spam,HARASS,manual,f27c1c04184f,latin-script-hinglish-or-en-IN;not-devanagari,代发短信/网络兼职骚扰
iiitd_01264,"Word-a-Day Delineation- pictorial or verbal portrayal. Syn- depiction, representation. Find out what your name tells about you.SMS Name (Ur Name) to 51515.Rs3",hi,iiitd_sms_spam_v1,spam,AD,manual,726b7f713daa,latin-script-hinglish-or-en-IN;not-devanagari,商业促销广告
iiitd_01265,QUAPURE Advance RO Systems.CALL FOR FREE DEMO/EXCHANGE OFFER on Old RO/Water Purifier. Also Repair/AMC Call:999990333,hi,iiitd_sms_spam_v1,spam,AD,manual,799acccc30f2,latin-script-hinglish-or-en-IN;not-devanagari,促销/优惠活动广告
iiitd_01266,Pyar Me Takrar Ya Ho Shadi Ki Baat Pandit Ji Denge Saare Sawalon Ke Jawab Dial 53300 Aur Baat Kijiye Pandit Ji Se At Rs.6/Min.Reliance,hi,iiitd_sms_spam_v1,spam,AD,manual,e891b96d7778,latin-script-hinglish-or-en-IN;not-devanagari,商业促销广告
iiitd_01267,"Pyar Impossible, Bolo Raam, Dance Pe Chance, 3 Idiots, De Dana Dan Aur Kurbaan jasie latest movies ke gaane Suniye BSNL Music Station Par.Dial 126333, Re.1/m only",hi,iiitd_sms_spam_v1,spam,AD,manual,59d00dc938d2,latin-script-hinglish-or-en-IN;not-devanagari,娱乐/内容服务广告
iiitd_01268,"Career Tip,Do you like travelling & exploring new places? Reply to know about a perfect career for you?
^Yes/No
All your interactions with Blyk on Aircel are free.",hi,iiitd_sms_spam_v1,spam,AD,audit_fixpass_iiitd,b79601b1585e,latin-script-hinglish-or-en-IN;not-devanagari | [fix:HARASS->AD] 问答/竞猜增值短信，非诈骗,问答/竞猜增值短信，非诈骗
iiitd_01269,"Pvt Finance arranged on cheque basics 4 Business Peoples, Traders, Stockists, Industries & corporate comp, P.M turn over 20L. Cnt-9840139557",hi,iiitd_sms_spam_v1,spam,AD,manual,26260c7c6347,latin-script-hinglish-or-en-IN;not-devanagari,商业促销广告
iiitd_01270,"Put on the glasses of optimism and you will see a world of potential. With Best Regards  Times Business School,  New Delhi. 011-46574657,  www.times.ac.in.",hi,iiitd_sms_spam_v1,spam,AD,manual,5b3d9bbf3838,latin-script-hinglish-or-en-IN;not-devanagari,新品/新款广告
iiitd_01271,"Punjab n Haryana ki High Court kaha hai A)Chandigarh,B)Delhi Sahi jawab apko jeeta sakta hai Rs15000 tak Cash ya Nokia E63 mobile.Reply A to 57272,Rs2/sms",hi,iiitd_sms_spam_v1,spam,AD,manual,c439faff3ce7,latin-script-hinglish-or-en-IN;not-devanagari,商业促销广告
iiitd_01272,Pune Warriors aur Kochi Tuskers Kerela ke dumdaar match ka maza uthaye apne mobile pe. Abhi Video call karein 58888 pe?Rs2/min,hi,iiitd_sms_spam_v1,spam,AD,manual,08b6e0e533d9,latin-script-hinglish-or-en-IN;not-devanagari,商业促销广告
iiitd_01273,"Public Speaking, Presentation Skills Course startin in North, South Delhi/anuragaggarwal.com/9811591348 or sms ur name/ISO 9001 certfd",hi,iiitd_sms_spam_v1,spam,AD,manual,69368455238d,latin-script-hinglish-or-en-IN;not-devanagari,教育/课程招生广告
iiitd_01274,"Public Speaking, Presentation Skills Course startin in North, South Delhi/AnuragAggarwal.com/9311382003-004or sms ur name/ISO 9001Ctfd",hi,iiitd_sms_spam_v1,spam,AD,manual,69368455238d,latin-script-hinglish-or-en-IN;not-devanagari,教育/课程招生广告
iiitd_01275,PS LOW RISE FLOORS-SEC-88 FARIDABAD.3BHK/STORE/LAWN /TERRACE GF RS. 35.89 LACS FF RS. 31.89 LACS SF RS. 31.89 LACS(ALL INCLUSIVE). call:9310815100,hi,iiitd_sms_spam_v1,spam,AD,manual,4456a990faab,latin-script-hinglish-or-en-IN;not-devanagari,房产广告
iiitd_01276,wning a home in DELHI is no more a dream Uppal's presnts METRO PARK at Dwarka *2BHK-48.50Lac(Instl.plan) *3BHK-72.75Lac *Opp.Metro statn SMS ICF to 5499,hi,iiitd_sms_spam_v1,spam,AD,manual,e739e92bd3b6,latin-script-hinglish-or-en-IN;not-devanagari,房产广告
iiitd_01277,Provogue scheme ? BUY 2 GET 5 ?applicable on the Mens Shirts & Tshirts category only. West gate raja garden new Delhi ph 42227291  - via WAY2SMS.COM,hi,iiitd_sms_spam_v1,spam,AD,manual,b68d82525c6f,latin-script-hinglish-or-en-IN;not-devanagari,购物/预订广告
iiitd_01278,Provogue presents Happy Hours at all Provogue Studios!!  This weekend 8am-12noon & 9pm -11pm (12th to 14th). Get FLAT 50% off on your favourite merchandise. T&C,hi,iiitd_sms_spam_v1,spam,AD,manual,6b78fba26b36,latin-script-hinglish-or-en-IN;not-devanagari,房产广告
iiitd_01279,"Kitty Cat,Guess the name of the character. Hint: Its also the name of an upcoming movie starring this character 
Puss in ________
1) Hat
2) Belt
3) Boots
^1/2/3
Reply within 24hrs to get the movie trailer.",hi,iiitd_sms_spam_v1,spam,AD,audit_fixpass_iiitd,284fa3e5e4e9,latin-script-hinglish-or-en-IN;not-devanagari | [fix:HARASS->AD] 问答/竞猜增值短信，非诈骗,问答/竞猜增值短信，非诈骗
iiitd_01280,"Protect yourself from Internet Frauds. Never respond to any Emails that ask for your Bank Account details,  passwords,  PINs etc.",hi,iiitd_sms_spam_v1,spam,AD,manual,5f3a8636848f,latin-script-hinglish-or-en-IN;not-devanagari,数据卡/网络服务广告
iiitd_01281,"Protect yourself from Internet frauds. Never respond to any Emails that ask for your Bank Account details,  passwords,  PINS etc.",hi,iiitd_sms_spam_v1,spam,AD,manual,7bf1239454b6,latin-script-hinglish-or-en-IN;not-devanagari,数据卡/网络服务广告
iiitd_01282,"Protect Ur Family with*NAZAR  RAKSHA SHAKTI KAWACH* Locket,  Bracelet & Amulet! As seen on TV Rs.2499 Offer Price.Rs.749 Booking Sms: NAZAR to 56767 www.rcmkt.in",hi,iiitd_sms_spam_v1,spam,AD,manual,a49c34ced951,latin-script-hinglish-or-en-IN;not-devanagari,促销/优惠活动广告
iiitd_01283,"Protect ur Computers against data loss, breakdown, viruses, slow speed & other threats for full year.On-Site Service within 3-4 hrs.Call 9540028076: PelSoftlabs",hi,iiitd_sms_spam_v1,spam,AD,manual,b2cd9ac9b55f,latin-script-hinglish-or-en-IN;not-devanagari,维修服务广告
iiitd_01284,"Property Doctors Recommends 3Cs new project ZING/Sec-168/Noida Expreswy, 1/2/3/4BHK Flats? Rs17.5Lac onwards.Fr BEST DEAL & DOORSTEP DEMO:9811591348",hi,iiitd_sms_spam_v1,spam,AD,manual,fb017acedbbd,latin-script-hinglish-or-en-IN;not-devanagari,房产广告
iiitd_01285,"Property Buyer/Seller Agents/Dealers Advertise Free,  New Launch & More on Landkhoj.com",hi,iiitd_sms_spam_v1,spam,AD,manual,dbae0efe08af,latin-script-hinglish-or-en-IN;not-devanagari,促销/优惠活动广告
iiitd_01286,"Property Bhi Aapki Rent Bhi Aapka, Invest Rs 17k Lacs in Fully Furnished Office Spaces & Earn Rs 17k per Month Wid Bank Guarantee, Noida Cont.9990584817",hi,iiitd_sms_spam_v1,spam,HARASS,manual,4e1918ff0ca3,latin-script-hinglish-or-en-IN;not-devanagari,高薪诱惑/在家工作诈骗
iiitd_01287,Promotional Scheme on HOLI occasion: Get usage value of Rs. 1200/3700/6700 on the RCV/TOP-up of Rs. 1100/3300/5500 respectively. Scheme up to 31-3-2011.,hi,iiitd_sms_spam_v1,spam,AD,manual,8d2ec727352a,latin-script-hinglish-or-en-IN;not-devanagari,商业促销广告
iiitd_01288,wn an ultra modern office space @ Rs 3750/-psf  in the heart of Noida.-Reputed Builder-12%Assured Retn.-Limited Inventory-For best deal call 956067610,hi,iiitd_sms_spam_v1,spam,AD,manual,ebbcd4500bff,latin-script-hinglish-or-en-IN;not-devanagari,促销/优惠活动广告
iiitd_01289,"Princely Estate C.L.P-2900 Flexi-2726 D.P-2552+ Othr Charges,  Same As Silicon Complete Wood Work And Modular Kitchen Til Navratras SMS REF TO 53456",hi,iiitd_sms_spam_v1,spam,AD,manual,b0779797ddec,latin-script-hinglish-or-en-IN;not-devanagari,商业促销广告
iiitd_01290,"Spanish Topper?,Who is the leading scorer in the Spanish football league?
1) Cristiano Ronaldo
2) Lionel Messi
3) David Villa
^1/2/3
All your replies to Blyk on Aircel are free.",hi,iiitd_sms_spam_v1,spam,AD,audit_fixpass_iiitd,a2b6a53f6916,latin-script-hinglish-or-en-IN;not-devanagari | [fix:HARASS->AD] 问答/竞猜增值短信，非诈骗,问答/竞猜增值短信，非诈骗
iiitd_01291,"Price revising soon!! Agni Property Recommends Spaze Privy The Address in Sec-93, Gurgaon@28 Lac onwards. 2/3/4 BHK Apts available.To Book Call 9212255555 Now!",hi,iiitd_sms_spam_v1,spam,AD,manual,5dd4dc617bcb,latin-script-hinglish-or-en-IN;not-devanagari,房产广告
iiitd_01292,price revising soon for urbtech xaviers fully loaded tallest tower in noida few units left for more details call 9891205199,hi,iiitd_sms_spam_v1,spam,AD,manual,917eada584a2,latin-script-hinglish-or-en-IN;not-devanagari,商业促销广告
iiitd_01293,"Presenting the Youngest Self Made Multimillionaire Mr.Priyesh Jain with The New Age Entrepreneurship at ADA RANGAMANDIRA,  JC ROAD, banglore 29th aug, 10 am.sunday",hi,iiitd_sms_spam_v1,spam,AD,manual,6297add5c987,latin-script-hinglish-or-en-IN;not-devanagari,新品/新款广告
iiitd_01294,"Presenting SHARANAM(2/3/4 BHK) by Eldeco @sec-107, Noida.Two New Towers launched.Exclusively @SUMANGALAM.BSP@Rs.3290 psf.More Details Call: 9560396006",hi,iiitd_sms_spam_v1,spam,AD,manual,791adc9288f3,latin-script-hinglish-or-en-IN;not-devanagari,房产广告
iiitd_01295,Presenting a wide range of applications just for your phone. SMS APPSTORE to 111 and download your fav. application. Surfing charges @10p/10kb apply,hi,iiitd_sms_spam_v1,spam,AD,manual,88e402a5abaa,latin-script-hinglish-or-en-IN;not-devanagari,商业促销广告
iiitd_01296,Presenting a wide range of applications just for your phone. SMS APPSTORE to 111 and download your fav. application. Surfing charges @10p/10k,hi,iiitd_sms_spam_v1,spam,AD,manual,88e402a5abaa,latin-script-hinglish-or-en-IN;not-devanagari,商业促销广告
iiitd_01297,Presenting a wide range of applications just for your phone. SMS APPSTORE to 111 and download your fav. application. Surfing charges @ 10p/10kb,hi,iiitd_sms_spam_v1,spam,AD,manual,88e402a5abaa,latin-script-hinglish-or-en-IN;not-devanagari,商业促销广告
iiitd_01298,Presenting a wide range of applications just for your phone. SMS APPSTORE to 111 and download your fav. application. Surfing charges @ 0p/10kb apply.,hi,iiitd_sms_spam_v1,spam,AD,manual,88e402a5abaa,latin-script-hinglish-or-en-IN;not-devanagari,商业促销广告
iiitd_01299,"Present your child the enjoyment of Kids' Paradise at Rs 60 only (70% off). To get the deal,  visit www.snapdeal.com",hi,iiitd_sms_spam_v1,spam,AD,manual,a9c278e2d870,latin-script-hinglish-or-en-IN;not-devanagari,电商/旅游促销
iiitd_01300,"With placement tie-up with top companies: Safenet, E&Y, Religare. Appin invites you to join 1 year Master program in Information Security. Call @ 9717470558",hi,iiitd_sms_spam_v1,spam,AD,manual,b4cb6d796b84,latin-script-hinglish-or-en-IN;not-devanagari,商业促销广告
iiitd_01301,"Tablet Madness!,Another launch in the booming world of tablets! Want to know about LG?s new tablet?
^Yes/No
All your interactions with Blyk on Aircel are free.",hi,iiitd_sms_spam_v1,spam,AD,audit_fixpass_iiitd,6cb597118163,latin-script-hinglish-or-en-IN;not-devanagari | [fix:HARASS->AD] 问答/竞猜增值短信，非诈骗,问答/竞猜增值短信，非诈骗
iiitd_01302,"PRERNA-TUTORS Provides / Requires HOMETUTORS for all class,  subject & area in DELHI (All Boards). For details,  call: 9999809222 9999809333 www.prernatutors.com",hi,iiitd_sms_spam_v1,spam,AD,manual,c6003e698685,latin-script-hinglish-or-en-IN;not-devanagari,商业促销广告
iiitd_01303,Prepare for IIT-JEE/AIEEE with HCL-Win Upto 100% Coaching Fee*Appear 4 Scholarship Exam 14Nov.SMS HCLEXL to 53030/Visit HCL CDC or www.hclcdc.in/xcelerate *T&C,hi,iiitd_sms_spam_v1,spam,AD,manual,31daf4a0f173,latin-script-hinglish-or-en-IN;not-devanagari,短信抽奖促销
iiitd_01304,"Prepare for a successful future with Appin Technology Lab.Join certification courses in Information Technology,  Robotics, Java/J2EE, .net, C++.Call/SMS:9717470567",hi,iiitd_sms_spam_v1,spam,AD,manual,c9903f1939e8,latin-script-hinglish-or-en-IN;not-devanagari,教育/课程招生广告
iiitd_01305,Prepare for a successful future with Appin Technology Lab.Join,hi,iiitd_sms_spam_v1,spam,AD,manual,c9903f1939e8,latin-script-hinglish-or-en-IN;not-devanagari,商业促销广告
iiitd_01306,"Premium payment of Rs.98000 towards your life insurance policy(Policy#- 0000717414)  is due on 10/10/2009. Request you to make your premium payment by the due date. In case you have opted for standing instructions as the preferred mode of renewal premium payment,  request you to maintain sufficient balance in your bank account. Kindly ignore the message if you have already paid. For further assistance,  please call our Resolution Centre at 1800-10-30003 or SMS at 9779030003.Canara HSBC OBC Life Insurance",hi,iiitd_sms_spam_v1,spam,AD,manual,6f756cdbe4dc,latin-script-hinglish-or-en-IN;not-devanagari,贷款/保险广告
iiitd_01307,"Prem Jewellrs Vijaynagar Lucky draw scheme , monthly Rs 300 for 12 month, every month lucky member will be given Rs3600 gold or silver article.Call-9008097492",hi,iiitd_sms_spam_v1,spam,AD,manual,fe5d97ce96ab,latin-script-hinglish-or-en-IN;not-devanagari,商业促销广告
iiitd_01308,Pregnant? Preserve your babys precious Cord Blood Stem Cells. Bank with BABYCELL to get FREE disease screening for your newborn.Contact?09560097933/18002090309,hi,iiitd_sms_spam_v1,spam,AD,manual,88350b6fc358,latin-script-hinglish-or-en-IN;not-devanagari,免费/赠品促销
iiitd_01309,"PRATHAM invites you for Parent Counseling on Options After XII on 16-01-11@10.30AM at AVTE,37,DDA Commercial Cmplx, Kailash Colony, Zamrudpur.Register@ 9999975392",hi,iiitd_sms_spam_v1,spam,AD,manual,a6e45915d486,latin-script-hinglish-or-en-IN;not-devanagari,商业促销广告
iiitd_01310,"Prasha Constructions Co is doing Renovation works,  New buildings interior works, 100% labor strength with all categories for best quality",hi,iiitd_sms_spam_v1,spam,AD,manual,f9cd1d65af05,latin-script-hinglish-or-en-IN;not-devanagari,新品/新款广告
iiitd_01311,ppurtunity strikes again for 2 days only. JP Aman sec-151 Noida xpressway 2/3 BHK..appts available again @2250 psft.Don't miss it this time! Cal-965096828,hi,iiitd_sms_spam_v1,spam,AD,manual,840f9d558992,latin-script-hinglish-or-en-IN;not-devanagari,房产广告
iiitd_01312,"Real Name?,Can you guess which Bollywood star's real name is Amit Srivastava?
1) Amrish Puri
2) Amitabh Bachchan
3) Abhay Deol
^1/2/3
All interactions with Blyk on Aircel are always free.",hi,iiitd_sms_spam_v1,spam,AD,audit_fixpass_iiitd,a8b9b42ae7ac,latin-script-hinglish-or-en-IN;not-devanagari | [fix:HARASS->AD] 问答/竞猜增值短信，非诈骗,问答/竞猜增值短信，非诈骗
iiitd_01313,"With airtel 3G watch over 90 TV channels across Entertainment, Sports, Music, News on your phone- http://apalyaps15.com/tv/TV.jsp .To activate 3G, SMS 3G to 121",hi,iiitd_sms_spam_v1,spam,AD,audit_fixpass_iiitd,40925c7c2509,latin-script-hinglish-or-en-IN;not-devanagari | [fix:TRANSACTION->AD] 充值套餐/增值服务促销,充值套餐/增值服务促销
iiitd_01314,PPORTUNITY to Own flat on NOIDA Xprsway *2bhk-19.63 lac(Al Insv) *3bhk-25.46 lac(Al.Insv) *0km frm FNG/Metro statn *Valid for 6 dayz sms IN to 567670,hi,iiitd_sms_spam_v1,spam,AD,manual,30a9f89739c7,latin-script-hinglish-or-en-IN;not-devanagari,房产广告
iiitd_01315,"Power Pack With FREE TalkTime! Recharge with Rs150 & get Rs50 TT + call locA2A @ 10p/min, locA2O @ 30p/min & all STD calls @ 45p/min, valid for 6 months.Hurry.",hi,iiitd_sms_spam_v1,spam,AD,manual,f4568d3d1d4a,latin-script-hinglish-or-en-IN;not-devanagari,充值/话费优惠促销
iiitd_01316,"Power Pack With FREE TalkTime! Recharge with Rs150 & get Rs50 TT + call locA2A @ 10p/min, locA2O @ 30p/min & all STD calls @ 45p/min, valid for 6 months.Hurry",hi,iiitd_sms_spam_v1,spam,AD,manual,f4568d3d1d4a,latin-script-hinglish-or-en-IN;not-devanagari,充值/话费优惠促销
iiitd_01317,"Power Failure? Stylish Bajaj LED glow rechargeable lamp worth Rs895 at just Rs699. Rs50 xtra COD. To order,  sms LED to +919686446386 or http://mGinger.com/d/34",hi,iiitd_sms_spam_v1,spam,AD,manual,ed91b0008f8a,latin-script-hinglish-or-en-IN;not-devanagari,充值/话费优惠促销
iiitd_01318,"Popular ganno ke liye dial karein 550550 (toll-free) aur star (*)  dabaa kar gaana copy karein. Charges - Rs15/Song,  Rs30/Month.",hi,iiitd_sms_spam_v1,spam,AD,manual,7bebf8860f32,latin-script-hinglish-or-en-IN;not-devanagari,免费/赠品促销
iiitd_01319,"looking for for the best jobs.....admired companies are waiting to access your resume...get handsome salary packages, Hurry :Visit-www.jobsdhamaka.com",hi,iiitd_sms_spam_v1,spam,AD,manual,9a678929b3bc,latin-script-hinglish-or-en-IN;not-devanagari,限时促销广告
iiitd_01320,PO Company is giving U the SMS Processing Job. Work from home & Earn Rs.7000/-m. Call-9609791352 or 9933042936.www.cyberjob.in-Sent 4rm 160by2.co,hi,iiitd_sms_spam_v1,spam,HARASS,manual,d0839f9715ea,latin-script-hinglish-or-en-IN;not-devanagari,高薪诱惑/在家工作诈骗
iiitd_01321,"With airtel 3G, play exciting multi-player games and compete with your friends- http://203.115.122.82/?src=mgames&route=games. To activate 3G, SMS 3G to 121.",hi,iiitd_sms_spam_v1,spam,AD,audit_fixpass_iiitd,7a7850f5b40d,latin-script-hinglish-or-en-IN;not-devanagari | [fix:TRANSACTION->AD] 充值套餐/增值服务促销,充值套餐/增值服务促销
iiitd_01322,pni pasand ke joke paane ke liye dial karein *321*453# (toll-free) aur payiye rozana mazedaar joke kewal Re1/Din mein,hi,iiitd_sms_spam_v1,spam,AD,manual,f756e9efc66c,latin-script-hinglish-or-en-IN;not-devanagari,免费/赠品促销
iiitd_01323,"Chocolate Treat!,",hi,iiitd_sms_spam_v1,spam,AD,manual,f5ef5704c170,latin-script-hinglish-or-en-IN;not-devanagari,商业促销广告
iiitd_01324,pne maujooda call rate ke saath payein ISD offer! Rs41 ke recharge par USA aur Canada call karein Rs2.5/min mein 30din ke liye. ISD tariff 24 ghante baad lago,hi,iiitd_sms_spam_v1,spam,AD,manual,c04e519c45ac,latin-script-hinglish-or-en-IN;not-devanagari,充值/话费优惠促销
iiitd_01325,pne Balance aur Validity ki jaankari ke liye dial karein *121*2# (toll-free). Apne account ki jaankari ke liye dial karein *121# (toll-free),hi,iiitd_sms_spam_v1,spam,AD,audit_fixpass_iiitd,110d81c4a4d1,latin-script-hinglish-or-en-IN;not-devanagari | [fix:TRANSACTION->AD] 充值套餐/增值服务促销,充值套餐/增值服务促销
iiitd_01326,pne Balance aur Validity ki jaankari ke liye dial karein *121*2# (Toll Free). Apne account ki jaankari ke liye dial karein *121# (Toll Free),hi,iiitd_sms_spam_v1,spam,AD,audit_fixpass_iiitd,110d81c4a4d1,latin-script-hinglish-or-en-IN;not-devanagari | [fix:TRANSACTION->AD] 充值套餐/增值服务促销,充值套餐/增值服务促销
iiitd_01327,pna Airtel Best Offer janiye! Dial karein *121*1# (toll free) aur paiye jaankari apni screen pe. Apne account ki jaankari ke liye dial karein *121# (toll free,hi,iiitd_sms_spam_v1,spam,AD,audit_fixpass_iiitd,9becac6e6adf,latin-script-hinglish-or-en-IN;not-devanagari | [fix:TRANSACTION->AD] 充值套餐/增值服务促销,充值套餐/增值服务促销
iiitd_01328,"Plz vote 4 SACHIN atwww.noblesports.com2010 Noble prize 4 sports.voting startd , fwd 2 al.Make our mstr blstr 2 get 1st sports-noble prize.PONTING is in lead.",hi,iiitd_sms_spam_v1,spam,AD,manual,56a73cfc3524,latin-script-hinglish-or-en-IN;not-devanagari,商业促销广告
iiitd_01329,"Plots in Gurgaon on Golf Course Extn Road & on NH-8,  200-500 sq.yds by reputed builders. For details sms SIL RE 57333",hi,iiitd_sms_spam_v1,spam,AD,manual,f58527ef92cb,latin-script-hinglish-or-en-IN;not-devanagari,房产广告
iiitd_01330,"Plots available at greater noida near pari chowk, regn ok. @ 2600/-per gauge.booking  starts with 30000/-onwards or full down.instalments also.call 9213241451.",hi,iiitd_sms_spam_v1,spam,AD,manual,1f6b612f8774,latin-script-hinglish-or-en-IN;not-devanagari,房产广告
iiitd_01331,"PLOTS AT JAIPUR Highway, 111 SqYd Plot In Rs. 1.99 LACS. B.Amnt 40, 000. Balance-24 Interest Free Installments.Rate Revising Soon.Orginal Booking Open-9999251675",hi,iiitd_sms_spam_v1,spam,AD,manual,c7bc6dfd90e7,latin-script-hinglish-or-en-IN;not-devanagari,房产广告
iiitd_01332,"PLOTS AT DELHI-JAIPUR NH-8.NEEMRANA-BEHROR, 50 SQ-YARD IN RS.85200/-. BOOKING AMT RS.20000/- & 40 INST.OF RS 1630/-, 110 KM FROM DHOLA KUAN. 9654300753,9654300754",hi,iiitd_sms_spam_v1,spam,AD,manual,02b1e9ec9355,latin-script-hinglish-or-en-IN;not-devanagari,房产广告
iiitd_01333,"With 3G enjoy fast internet, video calling & video entertainment! Send 3G to 121 or recharge with Rs99 & get 100MB data free, thereafter charges-30p/20Kb apply.",hi,iiitd_sms_spam_v1,spam,AD,manual,7ed676315519,latin-script-hinglish-or-en-IN;not-devanagari,充值/话费优惠促销
iiitd_01334,"Finally A Final!,Who is the only Indian woman to reach the final of a Grand Slam?
1) Sania Mirza
2) Nirupama Vasant
3) Sunitha Rao
^1/2/3
Reply within 24 hrs to get a video.",hi,iiitd_sms_spam_v1,spam,AD,audit_fixpass_iiitd,6b2d258093e2,latin-script-hinglish-or-en-IN;not-devanagari | [fix:HARASS->AD] 问答/竞猜增值短信，非诈骗,问答/竞猜增值短信，非诈骗
iiitd_01335,"Pierced Men-Results,",hi,iiitd_sms_spam_v1,spam,AD,manual,a9cc592dc0b5,latin-script-hinglish-or-en-IN;not-devanagari,商业促销广告
iiitd_01336,PLOTS @ 15LAC on 9Hole Golf Course SUPERTECH prsnts UP COUNTRY II Yamuna X-Way NOIDA Limited Plots 100/150/200sqyd offer till 18Mar SMS SK to 56677,hi,iiitd_sms_spam_v1,spam,AD,manual,9baaab051c2f,latin-script-hinglish-or-en-IN;not-devanagari,房产广告
iiitd_01337,"Plot for Sale in Haridwar At The Bank of Ganga (Ready Possession & Registry) Rs-5000/-P.m Installment Call Y.N.BUILDTECH 9311085505,  OR SMS YND 53030",hi,iiitd_sms_spam_v1,spam,AD,manual,43d46c5cb467,latin-script-hinglish-or-en-IN;not-devanagari,房产广告
iiitd_01338,Please pay attentionDue to some problem board meeting of 19 sep  by Mr. Deepesh ji at multinational business academy has been reschedule at 11:00 hrs,hi,iiitd_sms_spam_v1,spam,AD,manual,af3927e3235a,latin-script-hinglish-or-en-IN;not-devanagari,商业促销广告
iiitd_01339,Please complete registration process before using any service. Code=943 Tid=020001951238,hi,iiitd_sms_spam_v1,spam,TRANSACTION,manual,1450004f911c,latin-script-hinglish-or-en-IN;not-devanagari,服务请求超时/系统通知
iiitd_01340,Please complete registration process before using any service. Code=943 Tid=020001947246,hi,iiitd_sms_spam_v1,spam,TRANSACTION,manual,1450004f911c,latin-script-hinglish-or-en-IN;not-devanagari,服务请求超时/系统通知
iiitd_01341,Play UNLIMITED GAMES on your mobile for Rs5 ONLY! Click now!! http://203.115.112.5/vodafonegc/?source=wp_all Surfing Charges @10p/10kb,hi,iiitd_sms_spam_v1,spam,AD,manual,d10ab2cd7b02,latin-script-hinglish-or-en-IN;not-devanagari,娱乐/内容服务广告
iiitd_01342,"Play it cool with all-new Spring Summer collection from John Players. Rush to stores now,  grab the hottest stuff & make a style statement this season!",hi,iiitd_sms_spam_v1,spam,AD,manual,47bf6acb153f,latin-script-hinglish-or-en-IN;not-devanagari,限时促销广告
iiitd_01343,"Play CricEx LIVE during India vs. Netherlands match - WIN iPad,  Blackberry & Team India Jerseys at the end of the match. Logon to http://m.ibibo.com/c/10",hi,iiitd_sms_spam_v1,spam,AD,manual,433505d7c477,latin-script-hinglish-or-en-IN;not-devanagari,商业促销广告
iiitd_01344,"Play CricEx LIVE during Canada vs Kenya match & WIN ipad,  Blackberry,  Laptops,  LCDs and Team India Jerseys. Log on to cricex.ibibo.com",hi,iiitd_sms_spam_v1,spam,AD,manual,d8983e9e3597,latin-script-hinglish-or-en-IN;not-devanagari,有奖活动促销
iiitd_01345,"Planning to upgrade your mobile? Checkout the new Nokia N8 - 12MP camera,  HD video,  Ovi music unlimited & more. Visit http://ct.nokia.com?VT0T7-17730",hi,iiitd_sms_spam_v1,spam,AD,manual,c6e3a491d0ae,latin-script-hinglish-or-en-IN;not-devanagari,娱乐/内容服务广告
iiitd_01346,"Seen Tintin Yet?,Have u seen ?Tintin: The Secret of the Unicorn? yet? ^Yes/ No
All your replies to Blyk on Aircel are free.",hi,iiitd_sms_spam_v1,spam,AD,audit_fixpass_iiitd,8b3456219fac,latin-script-hinglish-or-en-IN;not-devanagari | [fix:HARASS->AD] 问答/竞猜增值短信，非诈骗,问答/竞猜增值短信，非诈骗
iiitd_01347,Wishing for the Lowest Fares? Find them only on jetairways.com for Jet Airways Domestic and select International Flights. Valid till June 15.Book Now.TnC Apply.,hi,iiitd_sms_spam_v1,spam,AD,manual,55f08022a982,latin-script-hinglish-or-en-IN;not-devanagari,购物/预订广告
iiitd_01348,"PLANET BLOOMINGDALE-A unique pre-school with 12 hrs.day care. Admission open 4 Playgroup, Pre-Nursery, LKG, UKG, SummerCamp. Call-9243101700. planetbloomingdale.com",hi,iiitd_sms_spam_v1,spam,AD,manual,4bd08eaf36be,latin-script-hinglish-or-en-IN;not-devanagari,教育/课程招生广告
iiitd_01349,Plan Sanction as per MPD2021 X-Tra Floor X-Tra Area DDA MCD DSIDC HUDA:Gurgaon Faridabad Noida HI-TECH ARCHITECTS 9212012222 65657777  hi_tech@in.com,hi,iiitd_sms_spam_v1,spam,AD,manual,71783a11cb9d,latin-script-hinglish-or-en-IN;not-devanagari,商业促销广告
iiitd_01350,"Placewell Retail,  invites you to witness launch of new range of Laptops from Dell,  Compaq,  HP,  Sony Vaio,  MSI. at HillCart Rd,  Besides Hotel Vinayak,  Slg",hi,iiitd_sms_spam_v1,spam,AD,manual,4ea0b0ab5709,latin-script-hinglish-or-en-IN;not-devanagari,新品/新款广告
iiitd_01351,PL: Battle Royale! Gilchrist Vs Warne today at 8PM. Click http://ipl.onmix.mobi/?src=504 for IPL on mobile. To stop MIX alerts click http://onmix.mobi/alert,hi,iiitd_sms_spam_v1,spam,AD,manual,880b22e6dbb1,latin-script-hinglish-or-en-IN;not-devanagari,商业促销广告
iiitd_01352,PL UPDATE: Liverpool 1 Arsenal 0. David Ngog strikes past goalie Manuel Almunia into the roof of the net in 46th minute to give lead to 10-man Liverpool,hi,iiitd_sms_spam_v1,spam,AD,manual,19f4a1f5ceeb,latin-script-hinglish-or-en-IN;not-devanagari,商业促销广告
iiitd_01353,PL UPDATE: AT HALF-TIME: Aston Villa 2 West Ham 0; Blackburn 1 Everton 0; Bolton 0 Fulham 0; Sunderland 1 Birmingham 0; Blackpool 3 Wigan 0; Wolves 2 Stoke 0,hi,iiitd_sms_spam_v1,spam,AD,manual,725da8b38c90,latin-script-hinglish-or-en-IN;not-devanagari,商业促销广告
iiitd_01354,PL UPDATE: AT FULL-TIME: Aston Villa 3 West Ham 0; Blackburn 1 Everton 0; Bolton 0 Fulham 0; Sunderland 2 Birmingham 2; Blackpool 4 Wigan 0; Wolves 2 Stoke 1,hi,iiitd_sms_spam_v1,spam,AD,manual,5d752b40babd,latin-script-hinglish-or-en-IN;not-devanagari,商业促销广告
iiitd_01355,PL TIES: Liverpool v Arsenal (8:25 PM IST). This fixture has seen more hat-tricks (5) than any other in EPL history including an Arshavin special in 2009,hi,iiitd_sms_spam_v1,spam,AD,manual,f6af6be26ffe,latin-script-hinglish-or-en-IN;not-devanagari,商业促销广告
iiitd_01356,pl check s s c for CISF SI ON WWW SSCONLINE NIC IN,hi,iiitd_sms_spam_v1,spam,NEEDS_REVIEW,manual,c4c3e8501074,latin-script-hinglish-or-en-IN;not-devanagari,内容不确定，需人工审核
iiitd_01357,"Anxiety??,Do you find yourself stressed out too often?
^Yes/No
Reply within 24hrs to get some easy stress relieving exercises.",hi,iiitd_sms_spam_v1,spam,AD,audit_fixpass_iiitd,bdc24f93e827,latin-script-hinglish-or-en-IN;not-devanagari | [fix:HARASS->AD] 问答/竞猜增值短信，非诈骗,问答/竞猜增值短信，非诈骗
iiitd_01358,"Pizzas,  Sandwiches & more for Rs 149 @ Grillz (Del)/ 84% off @ Shahanaz Husain (Noida)/ 70% off on Meditation & Music Therapy (Ggn). Visit www.snapdeal.com",hi,iiitd_sms_spam_v1,spam,AD,manual,8be621086a5f,latin-script-hinglish-or-en-IN;not-devanagari,电商/旅游促销
iiitd_01359,Winters & Weddings. Enjoy the season with glittering garments. Wardrobe Drycleaning Best Quality @ Affordable rates. Over 60 outlets in NCR. Call 9654726000,hi,iiitd_sms_spam_v1,spam,AD,manual,4ede55cf5361,latin-script-hinglish-or-en-IN;not-devanagari,商业促销广告
iiitd_01360,"Piyush Group Launches PIYUSH HORIZON at Gurgaon Extn,  Dharuhera,  NCR, NH-8,  2&3 BHK apts@1700/sqft. High Appreciation,  Good Living. For Best Deal:09354305812",hi,iiitd_sms_spam_v1,spam,AD,manual,bfa189680cf8,latin-script-hinglish-or-en-IN;not-devanagari,房产广告
iiitd_01361,Looking for a job? Give us a chance to provide the way! Submit ur RESUME as candidate on Jobsagar.com and get your DREAM JOB at your DOOR STEP. - TEAM JOBSAGA,hi,iiitd_sms_spam_v1,spam,AD,manual,1f8eb94a972c,latin-script-hinglish-or-en-IN;not-devanagari,商业促销广告
iiitd_01362,Photo sharing and Matrimonial services available on mZone. Subscribe to mZone from mobile. Visit http://wap.mzone.in or www.mzone.i,hi,iiitd_sms_spam_v1,spam,AD,manual,97afaeed2dd9,latin-script-hinglish-or-en-IN;not-devanagari,维修服务广告
iiitd_01363,"Phone band hone par bhi aap pa sakte hai apne Missed Calls ke Alerts,  sirf Airtel ke saath! Dial karein *321*882# (muft). Rent - Rs5/week.",hi,iiitd_sms_spam_v1,spam,AD,manual,d5bf12e66b32,latin-script-hinglish-or-en-IN;not-devanagari,商业促销广告
iiitd_01364,"Phn no.-9229151516, acct no-936601835, plan name-v data retention unlimited@399 plan., bill no-1020678597, bil date.-5 may 11.inform yes or no before 4 clock n tell them to resume services so?n.",hi,iiitd_sms_spam_v1,spam,AD,manual,4e26017f286b,latin-script-hinglish-or-en-IN;not-devanagari,限时促销广告
iiitd_01365,Phenomenal Response to Tashee Group New Launch Sec 111 Gurgaon - Limited Apartments of 2/3/4 BHK left at 2990/sft. sms GGN to 560705,hi,iiitd_sms_spam_v1,spam,AD,manual,51a950133bf2,latin-script-hinglish-or-en-IN;not-devanagari,房产广告
iiitd_01366,pgrade ur Grand Perks Membership & take full advantages- Visiting Cards Letter Heads Free Insurance Extra Commission Pay Direct Card & more-Sent 4rm 160by2.co,hi,iiitd_sms_spam_v1,spam,HARASS,manual,c8f37b7c9bd5,latin-script-hinglish-or-en-IN;not-devanagari,代发短信/网络兼职骚扰
iiitd_01367,Perfect solution to pack your shoes. Nike shoe bag for Rs 399 @1pm Enchanting getaways awaiting you. Arpenaz Backpack for 299 @3. Login www.soldinsixty.com,hi,iiitd_sms_spam_v1,spam,AD,manual,8c535e55645e,latin-script-hinglish-or-en-IN;not-devanagari,商业促销广告
iiitd_01368,"Blyk Turns 1,Blyk on Aircel completes a year today. We thank you for your support in making us a success!
Do tell us how you like the Blyk experience so far. Rate us on a scale of 1-5, 5 being the best.
^ 1- 5",hi,iiitd_sms_spam_v1,spam,HARASS,manual,8418261e7fb2,latin-script-hinglish-or-en-IN;not-devanagari,Blyk互动问答/骚扰式推销
iiitd_01369,"Per Couple *MANALI 3N/4D@14, 999 *SHIMLA 2N3D@12, 700 *NAINITAL 2N/3D@14, 000 Brkfst+Dinner+VOLVO Get details on email now send sms INBOX  EMAILID to 56161",hi,iiitd_sms_spam_v1,spam,AD,manual,7ab5b7e955e4,latin-script-hinglish-or-en-IN;not-devanagari,商业促销广告
iiitd_01370,"PEOPLE-The Fashion Store announces its End of Season Sale. Discounts Upto 40% & other attractive offers. PEOPLE Store@Karol Bagh,  Ajmal Khan Rd. Ph - 45097543",hi,iiitd_sms_spam_v1,spam,AD,manual,02efb41325a3,latin-script-hinglish-or-en-IN;not-devanagari,折扣促销广告
iiitd_01371,"YOUR WAIT IS OVER TO OWN A DREAM HOME!!Today Homes CALLIDORA , 2/3BHK appt at Sohna Road @4150/sqft.90mts wide road & proposed metro.Call Agni 1800-102-2224 NOW",hi,iiitd_sms_spam_v1,spam,AD,manual,75645e63a287,latin-script-hinglish-or-en-IN;not-devanagari,房产广告
iiitd_01372,"Winter stocks Just Arrived @ The Arcade, Kazi road . Get a Scarf Free on purchase of Rs.1795 or more .",hi,iiitd_sms_spam_v1,spam,AD,manual,2955c020a384,latin-script-hinglish-or-en-IN;not-devanagari,免费/赠品促销
iiitd_01373,"PEOPLE-Fashion 4 family celebrates 1st year.Participate & Win LCDTV, Diamonds etc.30Mayto14June.Fun 4 family on weekends.5/45, Ajmalkhan Rd, Karolbagh.Ph-45097569",hi,iiitd_sms_spam_v1,spam,AD,manual,80a7aedcc33d,latin-script-hinglish-or-en-IN;not-devanagari,时尚/服装广告
iiitd_01374,People with TB infection should always cover their mouth n nose when they cough or sneeze.Prevent Infection Stop TB.Public service message by Eli Lilly & Co.,hi,iiitd_sms_spam_v1,spam,AD,manual,81c062176522,latin-script-hinglish-or-en-IN;not-devanagari,维修服务广告
iiitd_01375,People with TB infection should always cover their mouth n nose when they cough or sneeze.Prevent Infection Stop TB. Public service message by Eli Lilly & Co.,hi,iiitd_sms_spam_v1,spam,AD,manual,81c062176522,latin-script-hinglish-or-en-IN;not-devanagari,维修服务广告
iiitd_01376,"People who rech with World Cup Top Up got FREE LocR-R min basis highest Batsman score, To know World Cup offer only for U sms WC to 56789(Toll FREE).Reliance",hi,iiitd_sms_spam_v1,spam,AD,manual,3d65610551a4,latin-script-hinglish-or-en-IN;not-devanagari,促销/优惠活动广告
iiitd_01377,"PEOPLE STORE LAUNCHES ITS SPRING SUMMER COLLECTION OF MEN, WOMEN, YOUTH, KIDSWEAR & ACCESSORIES.REFRESH YOURSELF THIS SUMMER@PEOPLE STORE KAROLBAGH,  PH.45097542/69",hi,iiitd_sms_spam_v1,spam,AD,manual,0a803b965497,latin-script-hinglish-or-en-IN;not-devanagari,时尚/服装广告
iiitd_01378,"PEOPLE presents fashion 4 the street, not the ramp.Get awarded 4 voting.Show ur finger-mark & get 10% off @PEOPLE store on Ajmal Khan Road Karolbagh 01145097543",hi,iiitd_sms_spam_v1,spam,AD,manual,75c71ee2634b,latin-script-hinglish-or-en-IN;not-devanagari,折扣促销广告
iiitd_01379,"The Name Game,Three of the existing Formula 1 teams will compete with new names in the 2012 season? ^True/ False",hi,iiitd_sms_spam_v1,spam,AD,manual,d49d01ca3084,latin-script-hinglish-or-en-IN;not-devanagari,娱乐/内容服务广告
iiitd_01380,"PEOPLE Family Store-Fashion for the street announces Monsoon Bonanza. Buy 3 Get 2 FREE,  Buy 4 Get 4 FREE. PEOPLE 5/45, AjmalKhanRoad Karolbagh. PH-45097543,69",hi,iiitd_sms_spam_v1,spam,AD,manual,8e12b586723c,latin-script-hinglish-or-en-IN;not-devanagari,免费/赠品促销
iiitd_01381,"PEOPLE Family Store-Fashion for the street announces Monsoon Bonanza. Buy 3 Get 2 FREE,  Buy 4 Get 4 FREE. PEOPLE  5/45, AjmalKhanRoad Karolbagh. PH-45097543,69",hi,iiitd_sms_spam_v1,spam,AD,manual,8e12b586723c,latin-script-hinglish-or-en-IN;not-devanagari,免费/赠品促销
iiitd_01382,pecial STD Offer! Apne Airtel ko Rs109 se recharge karein aur paayein 125 STD minute kissi bhi mobile ya landline number par 7 din ke liye. Offer 30-Sep-09 ta,hi,iiitd_sms_spam_v1,spam,AD,manual,65965d11be4a,latin-script-hinglish-or-en-IN;not-devanagari,充值/话费优惠促销
iiitd_01383,Special offr for HDFCBank customers! Flat 10% Cashback on booking travel or movie tickets or shopping on ngpay using HDFC Bank A/c. Offr till 30 Jun.T&C appl,hi,iiitd_sms_spam_v1,spam,AD,manual,9ae1bdf260cc,latin-script-hinglish-or-en-IN;not-devanagari,房产广告
iiitd_01384,Winter Dhamaka!!Enjoy 2GB Internet for 30 days with Rs98 recharge!Dial *321*69# for Hot model wallpapers & *321*555# for latest bollywood gossip!,hi,iiitd_sms_spam_v1,spam,AD,manual,a2cda507835c,latin-script-hinglish-or-en-IN;not-devanagari,充值/话费优惠促销
iiitd_01385,pecial Offer for Delhi customers. Recharge with Rs75 while on Roaming any where across India & get Talktime of Rs70. Talktime valid for 7 days,hi,iiitd_sms_spam_v1,spam,AD,manual,0ca96543fdc1,latin-script-hinglish-or-en-IN;not-devanagari,充值/话费优惠促销
iiitd_01386,pecial Offer for Delhi customers. Recharge with Rs75 while on Roaming any where across India & get Full Talktime of Rs75. Talktime valid for 7 days,hi,iiitd_sms_spam_v1,spam,AD,manual,0ca96543fdc1,latin-script-hinglish-or-en-IN;not-devanagari,充值/话费优惠促销
iiitd_01387,Peaceful home or concentration in studies. Tension of JOB or whole day laziness. Only one answer to all the problems is VASTU.Get VASTU tips.sms VASTU to 54000,hi,iiitd_sms_spam_v1,spam,AD,manual,1d0c202de2d9,latin-script-hinglish-or-en-IN;not-devanagari,商业促销广告
iiitd_01388,Looking for the Telecounselors for distance learning programs - Location Mayapuri - Pick & Drop Provided Salary 12k + Incentive Call 9871997066,hi,iiitd_sms_spam_v1,spam,AD,manual,186bf14e0fbd,latin-script-hinglish-or-en-IN;not-devanagari,商业促销广告
iiitd_01389,Payein har din 1 LOVE TIP aur 1 PYAAR bhari SHAYARI-Dial *567*397# .Payein 3 mast chutkule har dina apne mobile par-Dial *777*77# .ChrgRs30/Mth-each,hi,iiitd_sms_spam_v1,spam,AD,manual,1a46fb1c31c4,latin-script-hinglish-or-en-IN;not-devanagari,商业促销广告
iiitd_01390,"The Saga Continues,If you had to be a part of the Twilight series, which group would you want to be in?
1) Werewolves
2) Vampires
Reply within 24hrs to get a sneak peek of ?The Twilight Saga: Breaking Dawn- Part 1?",hi,iiitd_sms_spam_v1,spam,AD,audit_fixpass_iiitd,c5359c0d489d,latin-script-hinglish-or-en-IN;not-devanagari | [fix:HARASS->AD] 问答/竞猜增值短信，非诈骗,问答/竞猜增值短信，非诈骗
iiitd_01391,"Payein 2GB ka data download raat (12am-8am) mein,  100MB baki samay mein aur uske baad ki usage 30p/50KB mein 30 din tak. Dial karein *567*14# (Muft). Rate-Rs95.",hi,iiitd_sms_spam_v1,spam,AD,manual,118b0d2329a2,latin-script-hinglish-or-en-IN;not-devanagari,商业促销广告
iiitd_01392,Payein 25000 Vodafone to Vodafone SMS free (local & national) 30 Din ki validity ke saath. Recharge karein Rs59 ke saath aur uthayein labh.,hi,iiitd_sms_spam_v1,spam,AD,manual,095e2ea374aa,latin-script-hinglish-or-en-IN;not-devanagari,充值/话费优惠促销
iiitd_01393,Pay tax with Union Bank?s Internet Banking. Keep with the times. Keep it simple.,hi,iiitd_sms_spam_v1,spam,AD,manual,1836e37cb0c3,latin-script-hinglish-or-en-IN;not-devanagari,数据卡/网络服务广告
iiitd_01394,Pay SBIcard dues thru MBS. BILLPAY > ADDBILLER>OPTIONS> ADD> CompanyID = SBICARD >nick name. Consumer detail= card no. Pay in round rupees. Leave BILLID- blank.,hi,iiitd_sms_spam_v1,spam,AD,manual,1e990e8e0151,latin-script-hinglish-or-en-IN;not-devanagari,商业促销广告
iiitd_01395,"Pay Rs3400 for 1TB Seagate Expansion External Drive worth Rs7490. USB2.0 connect,  3 Yrs warranty. Rs50 xtra COD.  Sms EHD to +919686446386 or mGinger.com/d/24",hi,iiitd_sms_spam_v1,spam,AD,manual,0ebc79850cda,latin-script-hinglish-or-en-IN;not-devanagari,商业促销广告
iiitd_01396,"WINTER COLLECTION !!! swetaer & coats just arrived @ The Arcade, Kazi road .",hi,iiitd_sms_spam_v1,spam,AD,manual,266e8088f330,latin-script-hinglish-or-en-IN;not-devanagari,时尚/服装广告
iiitd_01397,Pay Rs.2042 pm & get 11 lacs+ after 20yrs +riskcover 5lacs + accidental 10lacs + tax benefits.Part/full money back after 3yrs. For details sms SIL LI  to 54545,hi,iiitd_sms_spam_v1,spam,AD,manual,687664efcbf8,latin-script-hinglish-or-en-IN;not-devanagari,商业促销广告
iiitd_01398,Pay Rs.1849/- for Tata Photon+ and get Reebok watch + Synergy discount card woth Rs.750/- + mouse absolutly free.  For delivery call - 011-64636152,hi,iiitd_sms_spam_v1,spam,AD,manual,ac279ff16abb,latin-script-hinglish-or-en-IN;not-devanagari,折扣促销广告
iiitd_01399,"Pay Rs 160 to enjoy Biryanis,  Kebabs,  Curries and more worth Rs 350 at Deez Biryani (5 outlets across Delhi/NCR). To get this deal,  visit www.snapdeal.com",hi,iiitd_sms_spam_v1,spam,AD,manual,fdd9e0e3c9b6,latin-script-hinglish-or-en-IN;not-devanagari,电商/旅游促销
iiitd_01400,"Pay premiums for a limited period and get covered till your entire life to receive 200% life cover and tax benefit. For more details,  sms PD to 56070.",hi,iiitd_sms_spam_v1,spam,AD,manual,d098d3f37536,latin-script-hinglish-or-en-IN;not-devanagari,贷款/保险广告
iiitd_01401,"OMG!,Mosquitoes love stinky feet!
1) True
2) False
^1/2
Reply within 24hrs to know an interesting mosquito fact.",hi,iiitd_sms_spam_v1,spam,AD,audit_fixpass_iiitd,dd747234ed14,latin-script-hinglish-or-en-IN;not-devanagari | [fix:HARASS->AD] 问答/竞猜增值短信，非诈骗,问答/竞猜增值短信，非诈骗
iiitd_01402,"Pay Premiums for 10/15 yrs. Get guaranteed tax-free Money Back at regular intervals & life cover,  upto 100 years!! To know more,  sms RN to 56070. T&C Apply",hi,iiitd_sms_spam_v1,spam,AD,manual,37f76928357d,latin-script-hinglish-or-en-IN;not-devanagari,贷款/保险广告
iiitd_01403,"Pay Premiums for 10/15 yrs. Get guaranteed tax-free Money Back at regular intervals & Life Cover,  upto 100 years!! To know more,  sms RN to 56070. T&C Apply",hi,iiitd_sms_spam_v1,spam,AD,manual,37f76928357d,latin-script-hinglish-or-en-IN;not-devanagari,贷款/保险广告
iiitd_01404,"Pay now,  get MORE for SURE Offer on your broadband acc. Pay 2/6/12/36 Months Adv Rent and get 7days/1Mn/3Mn/ Laptop free. Call 01166082711. Conditions Apply",hi,iiitd_sms_spam_v1,spam,AD,manual,f12b7e409c99,latin-script-hinglish-or-en-IN;not-devanagari,促销/优惠活动广告
iiitd_01405,Pay just Rs. 1999/- & Take Home LCD/LED/PLASMA + HIT A SIX & TAKE HOME GIFT WORTH RS. 5000/- Balance in Interest free EMI.No Hidden Charges CA.Call: 8095092626,hi,iiitd_sms_spam_v1,spam,AD,manual,cf1fffb077f0,latin-script-hinglish-or-en-IN;not-devanagari,贷款/保险广告
iiitd_01406,"Pay just 20%, rest 80%  pay after possesion.loan byDHFL,  2/3/4 BHK APPTS@2772p.sq.ft. in sec37D, GGN.  township on DWARKA EXPRESSWAY.100% profit @ 8800322199",hi,iiitd_sms_spam_v1,spam,AD,manual,1d8c60310085,latin-script-hinglish-or-en-IN;not-devanagari,房产广告
iiitd_01407,"Pay Income Tax any time,  anywhere through ATM of: Axis Bank Bank of Maharastra Corporation Bank Union Bank of India One time Registration at nearest bank branch",hi,iiitd_sms_spam_v1,spam,AD,manual,c70313b1b61c,latin-script-hinglish-or-en-IN;not-devanagari,银行/信用卡广告
iiitd_01408,"WINNING EDGE-for Advisors on PINNACLE CASE, Logins 1 to 28 FEB, Login 50,000 win 20GMS Silver, 1Lakh- Win .5Gms Gold+15GMS Silver, 1.7Lakh, 1.5GMS Gold. Much More",hi,iiitd_sms_spam_v1,spam,AD,manual,98867c061de2,latin-script-hinglish-or-en-IN;not-devanagari,有奖活动促销
iiitd_01409,"Join Appin Job Oriented Program in hitech areas of Hacking, Robotics, Java, .Net and get placed in top MNCS.Reg.now.Call/SMS:9717470565",hi,iiitd_sms_spam_v1,spam,AD,manual,0779c04218fb,latin-script-hinglish-or-en-IN;not-devanagari,商业促销广告
iiitd_01410,"Partying tonight? Drink but don't drive. Book a Meru to enjoy a comfortable ride home. Call Meru on 44224422 or log on to www.merucabs.com - Meru Cabs,  Delhi",hi,iiitd_sms_spam_v1,spam,AD,manual,8407b35f0b0d,latin-script-hinglish-or-en-IN;not-devanagari,购物/预订广告
iiitd_01411,Party hard with buddies! Catch pals on their Birthdays & turn the world upside down.For Bday alerts SMS BD <Your Name><Bdate> to 5676755.Ex: BD Ria 12-Apr-1983,hi,iiitd_sms_spam_v1,spam,AD,manual,47ade771c25e,latin-script-hinglish-or-en-IN;not-devanagari,商业促销广告
iiitd_01412,"UnHate,Benetton has launched the 'UnHate' campaign with sworn enemies in lip-lock. Here's one with Barack Obama & Chinese president Hu Jintao.  What do you think?
^ Cool / Uncool
All replies to Blyk on Aircel are FREE",hi,iiitd_sms_spam_v1,spam,HARASS,manual,c669170bcb99,latin-script-hinglish-or-en-IN;not-devanagari,Blyk互动问答/骚扰式推销
iiitd_01413,"Participate in the Citizen Connect Initiative on www.lavasafuturecities.indiatimes.com and stand a chance to win a free trip to Zurich,  Switzerland and Lavasa.",hi,iiitd_sms_spam_v1,spam,AD,manual,70fc0dd36ea4,latin-script-hinglish-or-en-IN;not-devanagari,旅游/度假套餐广告
iiitd_01414,"Part 1 Course at Gyan manch & Shankari Bhawan from 7-12 June,  Morning/Evening Sessions. Call 9832034247/9434046331/9434494836",hi,iiitd_sms_spam_v1,spam,AD,manual,83d0e9a2c132,latin-script-hinglish-or-en-IN;not-devanagari,教育/课程招生广告
iiitd_01415,"Paras Tierea' Fully furnshd Service apprtmnt*Sec137, Noida Xprsway @15.75 lac al Inc.*On spot allotmntsms IP to 54999To Unsubscribe,  sms STOP to 5676706",hi,iiitd_sms_spam_v1,spam,AD,manual,2cd66581d12d,latin-script-hinglish-or-en-IN;not-devanagari,维修服务广告
iiitd_01416,"Paras Tierea' Fully furnshd Service apprtmnt*at Sec137, Noida Xprsway @15.75 lac al InclusiveLimitd Editionsms IP to 54999",hi,iiitd_sms_spam_v1,spam,AD,manual,2cd66581d12d,latin-script-hinglish-or-en-IN;not-devanagari,维修服务广告
iiitd_01417,"Paras Tierea' Fully furnshd Service apprtmnt *Sec137, Noida Xprsway @15.75 lac al Inc. *On spot allotmnt Sms IP to 54999 www.investors-clinic.com",hi,iiitd_sms_spam_v1,spam,AD,manual,2cd66581d12d,latin-script-hinglish-or-en-IN;not-devanagari,维修服务广告
iiitd_01418,"Paras Tierea' Fully furnshd Service apprtmnt *Sec137, Noida Xprsway @15.75 lac al Inc. *On spot allotmnt sms IP to 54999 To Unsubscribe,  sms STOP to 5676706",hi,iiitd_sms_spam_v1,spam,AD,manual,2cd66581d12d,latin-script-hinglish-or-en-IN;not-devanagari,维修服务广告
iiitd_01419,"Paras Tierea' Fully furnshd Service apprtmnt *Sec137, Noida Xprsway @15.75 lac al Inc. *On spot allotmnt Sms IP to 54999 To Unsubscribe,  sms STOP to 5676706",hi,iiitd_sms_spam_v1,spam,AD,manual,2cd66581d12d,latin-script-hinglish-or-en-IN;not-devanagari,维修服务广告
iiitd_01420,"WINNING EDGE-for Advisors on PINNACLE CASE, Logins 1 to 28 FEB, Login 50,000 win 20GMS Silver, 1Lakh-Win .5Gms Gold+15GMS Silver, 1.7Lakh, 1.5GMS Gold.Much More.",hi,iiitd_sms_spam_v1,spam,AD,manual,98867c061de2,latin-script-hinglish-or-en-IN;not-devanagari,有奖活动促销
iiitd_01421,"Paras Tierea' Fully furnshd Service apprtmnt *at Sec137, Noida Xprsway @15.75 lac al Inclusive Limitd Edition sms IP to 54999",hi,iiitd_sms_spam_v1,spam,AD,manual,2cd66581d12d,latin-script-hinglish-or-en-IN;not-devanagari,维修服务广告
iiitd_01422,"Paras Tierea presnts 2/3/4 Bhk flat/duplex/lowrise at sec-137, Noida *@30 lac onwrds Sms IR to 53536 www.investors-clinic.com",hi,iiitd_sms_spam_v1,spam,AD,manual,c51936f8265f,latin-script-hinglish-or-en-IN;not-devanagari,房产广告
iiitd_01423,"Singles Champion!,How many singles title has Roger Federer won so far?
1) 80
2) 69
3) 75
^1/ 2/ 3
Reply within 24 hrs to get a video FREE from Blyk on Aircel.",hi,iiitd_sms_spam_v1,spam,AD,audit_fixpass_iiitd,5787d9bfea5d,latin-script-hinglish-or-en-IN;not-devanagari | [fix:FRAUD->AD] 问答/竞猜增值短信，非诈骗,问答/竞猜增值短信，非诈骗
iiitd_01424,Paras Tierea City at Yamuna Xpresway.. Residential Plots@11 lac onwrds. Near Racing Track/night safari.. Sms ICR to 54999 www.investorsclinic.in,hi,iiitd_sms_spam_v1,spam,AD,manual,6ee56eb64a0e,latin-script-hinglish-or-en-IN;not-devanagari,房产广告
iiitd_01425,"PARAS presnt *PARAS SEASON* at Sec168, Noida Xpresway *2/3/4 BHK High rise apprt. & Duplex@ 2700/-sq.ft.(al inclsv) *Al amenities til 31st Mar. Cal 9999370217",hi,iiitd_sms_spam_v1,spam,AD,manual,c5b64a053b59,latin-script-hinglish-or-en-IN;not-devanagari,房产广告
iiitd_01426,"PARAS presnt PARAS SEASON at Sec168, Noida Xpresway",hi,iiitd_sms_spam_v1,spam,AD,manual,0092eea6c2ec,latin-script-hinglish-or-en-IN;not-devanagari,商业促销广告
iiitd_01427,Paras *Tierea City* at Yamuna Xpressway.. Residential Plots 13.5 lacs onwrds.. Near Racing Track/night safari.. Sms IT to 54999 www.investrsclinc.in,hi,iiitd_sms_spam_v1,spam,AD,manual,265c01d6c43b,latin-script-hinglish-or-en-IN;not-devanagari,房产广告
iiitd_01428,Paras *Tierea City* at Yamuna Xpressway.. Residential Plots @13.5 lacs onwrds.. Near Racing Track/night safari.. Sms IT to 54999 www.investrsclinc.in,hi,iiitd_sms_spam_v1,spam,AD,manual,265c01d6c43b,latin-script-hinglish-or-en-IN;not-devanagari,房产广告
iiitd_01429,PARAMOUNT presnt FLORAVILLE ab payen apne sapno ka ghr at X-WAY Noida Sec-137Near Metro St.Booking  of 2/3BHK only atRs2975/-sq.ft sms/mailid/call-8800298965,hi,iiitd_sms_spam_v1,spam,AD,manual,4e11e4f8f906,latin-script-hinglish-or-en-IN;not-devanagari,房产广告
iiitd_01430,"PARAMOUNT PRESENTS FLORAVILLE*2/3 BHK FLATS @ 28.47Lacs*E-Homes Facility*Paymnt options Availble.Sector 137, Expressway,  NoidaForEnquiry:9268572028,9212359576",hi,iiitd_sms_spam_v1,spam,AD,manual,556dda82844b,latin-script-hinglish-or-en-IN;not-devanagari,房产广告
iiitd_01431,"PARAMOUNT PRESENTS FLORAVILLE*2/3 BHK E-Homes@ 28.47Lacs. Sector 137, Expressway,  Noida.For Enquiry:9268572028,9212359576",hi,iiitd_sms_spam_v1,spam,AD,manual,ae96eb7d3e02,latin-script-hinglish-or-en-IN;not-devanagari,房产广告
iiitd_01432,"WINNER!9933779179 is chosen for $2500 CASH prize, call +38977148613 now",hi,iiitd_sms_spam_v1,spam,FRAUD,manual,934637411ce0,latin-script-hinglish-or-en-IN;not-devanagari,假中奖诈骗，声称用户已中奖
iiitd_01433,"PARAMOUNT PRESENTS EMOTIONS*2/3 BHK FLAT @ 19.30 Lac*Semi Modular Kitchn*Cupboard*R.O. System@ Noida ExtnFor Enquiry: 9212414825,9268572022",hi,iiitd_sms_spam_v1,spam,AD,manual,2f5dc0dcd6cf,latin-script-hinglish-or-en-IN;not-devanagari,房产广告
iiitd_01434,"Winter Hair Trends,Hey guys, get a new look with Fall/Winter 2011-2012 hairstyle trends. 
1) Fringe
2) Slick Back
3) Classic Part
4) I?m a Girl
1/2/3/4
All your replies to Blyk on Aircel are free.",hi,iiitd_sms_spam_v1,spam,AD,audit_fixpass_iiitd,293cffe14e6f,latin-script-hinglish-or-en-IN;not-devanagari | [fix:HARASS->AD] 问答/竞猜增值短信，非诈骗,问答/竞猜增值短信，非诈骗
iiitd_01435,PARAMOUNT FLORAVILLE 2/3 BR DESIGNER APPARTMENTS @ Rs.31 Lac Onwards*ON NOIDA EXPRESSWAY*10 MINS DRIVE FROM ATTA MARKET*FOR BEST DEALS send YES @9990304016,hi,iiitd_sms_spam_v1,spam,AD,manual,00d2c17776f1,latin-script-hinglish-or-en-IN;not-devanagari,促销/优惠活动广告
iiitd_01436,PARAMOUNT *5star Fuly Furnshd Studio Apartments* NoidaEx @10.9Lac on 9hole Golf Course *Book befor 24Apr-Save 1.3Lac *Phase1 sold out SMS SP to 56677,hi,iiitd_sms_spam_v1,spam,AD,manual,bc49603d64f8,latin-script-hinglish-or-en-IN;not-devanagari,房产广告
iiitd_01437,Pantaloons greencard wishes you and your family all the happiness and best wishes for the year ahead. Happy New Year 2011!,hi,iiitd_sms_spam_v1,spam,AD,manual,b92cb9769778,latin-script-hinglish-or-en-IN;not-devanagari,新品/新款广告
iiitd_01438,"Pantaloons announces- The LAST of the BEST OFFER -get 15% OFF on Ajile,  Bare,  Rig,  UMM and many more. Offer applicable on select merchandise. TC",hi,iiitd_sms_spam_v1,spam,AD,manual,db75eb3ecebc,latin-script-hinglish-or-en-IN;not-devanagari,折扣促销广告
iiitd_01439,Panchsheel Launches Greens II in Noida Extn. 2/3/4 BHK from Rs.16.64 lacs. Best Location. Close to FNG Expressway. For Best deal SMS ACD PG to 56070,hi,iiitd_sms_spam_v1,spam,AD,manual,5ccd952699d7,latin-script-hinglish-or-en-IN;not-devanagari,房产广告
iiitd_01440,Panchsheel  Hynish brings you the most affordable homz in noida extn @ Rs 13.62 all inclv with covrd prkng.Offer till 24th august. For queries call 913677517,hi,iiitd_sms_spam_v1,spam,AD,manual,51657e0ad5cd,latin-script-hinglish-or-en-IN;not-devanagari,促销/优惠活动广告
iiitd_01441,"Painting your Dream Home? Get Professional Colour Advice,  Latest Trends & Painting Services from Dulux Decorator Center near you. SMS Dulux to 56263",hi,iiitd_sms_spam_v1,spam,AD,manual,1d8bbdd1eb88,latin-script-hinglish-or-en-IN;not-devanagari,新品/新款广告
iiitd_01442,"Pai International Electronics World Cup Offer. Win 5 Chevrolet Spark Cars, LCDs, Digital Cameras,  MicroOvens & many more, Lucky Draw coupon on Rs2000 & above T&C",hi,iiitd_sms_spam_v1,spam,AD,manual,861ef6d013ad,latin-script-hinglish-or-en-IN;not-devanagari,促销/优惠活动广告
iiitd_01443,Padam Shree Cricketer Harbhajan Singh Endorses GTM Greens by GTM DHFL at Sonepat-Unbelievable Price-For Details Call-8860606502/8860606505 SMS GTM to 56161,hi,iiitd_sms_spam_v1,spam,AD,manual,9cae9c7e8b71,latin-script-hinglish-or-en-IN;not-devanagari,商业促销广告
iiitd_01444,"WINNER!7827156256 is chosen for $2500 CASH prize, call+38977148576 now",hi,iiitd_sms_spam_v1,spam,FRAUD,manual,934637411ce0,latin-script-hinglish-or-en-IN;not-devanagari,假中奖诈骗，声称用户已中奖
iiitd_01445,"An Innings Defeat,How many times have Sri Lanka suffered an innings defeat playing England ?
1) Two
2) Three
3) Four
^1/2/3
Reply within 24 hrs to get a video.",hi,iiitd_sms_spam_v1,spam,AD,audit_fixpass_iiitd,b4b20e50e0d6,latin-script-hinglish-or-en-IN;not-devanagari | [fix:HARASS->AD] 问答/竞猜增值短信，非诈骗,问答/竞猜增值短信，非诈骗
iiitd_01446,"Style Me!,Who do you think is the most stylish one in the ?Twilight? Saga?
1) Edward Cullen
2) Bella Swan
3) Jacob Black
4) Alice Cullen
^1/2/3/4
Reply within 24hrs to get celeb style tip.",hi,iiitd_sms_spam_v1,spam,AD,audit_fixpass_iiitd,7754a5fdcc8e,latin-script-hinglish-or-en-IN;not-devanagari | [fix:HARASS->AD] 问答/竞猜增值短信，非诈骗,问答/竞猜增值短信，非诈骗
iiitd_01447,Pack ur Bag- Be ready to travell to BANKOK. Get TRIP TO THAILAND by doing just Rs.600000/-WFP b/w 1st-20th Feb'09. Call ur UM 4 details--Sent 4rm 160by2.com,hi,iiitd_sms_spam_v1,spam,FRAUD,manual,abd4006bfbe6,latin-script-hinglish-or-en-IN;not-devanagari,虚假旅游奖品诱导
iiitd_01448,"PACE HYD,  trng updates of May & June 2011 - Basic & Adv EXCEL",hi,iiitd_sms_spam_v1,spam,AD,manual,cc2924f3cb0f,latin-script-hinglish-or-en-IN;not-devanagari,商业促销广告
iiitd_01449,p/sec call Airtel par aur anya call 1.2 p/sec poore 1 saal ke liye! Saath hi Rs25 ka talktime Rs28 ke recharge par. Aaj hi apna mobile Rs28 se recharge karein,hi,iiitd_sms_spam_v1,spam,AD,manual,2cc9f09f4eb3,latin-script-hinglish-or-en-IN;not-devanagari,充值/话费优惠促销
iiitd_01450,P presnts Kensington Blvrd@sec-131 Noida xway.Combo of world class amnenties.1/2/3/4 BHKApts starting 16.20 Lac on DP. Easily loan avlble. SMS bop to 5667,hi,iiitd_sms_spam_v1,spam,AD,manual,9e10dc809b26,latin-script-hinglish-or-en-IN;not-devanagari,房产广告
iiitd_01451,P Kensington Blvrd@sec-131 Noida xway.Combo of worldclass amnties&exclnt connectivity.1/2/3/4 BHKApts startin 16.20 Lac on DP.Easy loan avlble.Call-956079603,hi,iiitd_sms_spam_v1,spam,AD,manual,243af7a2fd1e,latin-script-hinglish-or-en-IN;not-devanagari,房产广告
iiitd_01452,P just made your holidays more fun. Buy any HP pavilion notebook & get a Kodak camera. Shoot it. Share it. T&C apply. HP World: WOC Rd 9986686555 / 991697439,hi,iiitd_sms_spam_v1,spam,AD,manual,3666e3b7aaf0,latin-script-hinglish-or-en-IN;not-devanagari,旅游/度假套餐广告
iiitd_01453,P Greens Prsnts KnightCourtSuperLuxry Golfview apts in Wishtown Sec128 Noida2/3/4bhk Apts &4/5bhk Penthouse @4790sqft(dp)LMITED EDITIONSMS ISP to 5607,hi,iiitd_sms_spam_v1,spam,AD,manual,9ef1f4ffc95c,latin-script-hinglish-or-en-IN;not-devanagari,房产广告
iiitd_01454,P GREENS Prsnts KASA ISLES Best Located Facing Noida X-Way Adj5*Hotel 10mins frm Ashram 85% Green Area 1/2/3/4BR@2881(DP) Start@15.41L SMS OMR to 5667,hi,iiitd_sms_spam_v1,spam,AD,manual,f975922792a8,latin-script-hinglish-or-en-IN;not-devanagari,商业促销广告
iiitd_01455,Own your dream home at RG Residency 1/2/3/4BHK 15 lakh onwards.Best Location at Sec120 NOIDA. Unmatched Payment plan.SMS Home to 53536,hi,iiitd_sms_spam_v1,spam,AD,manual,c920d486a994,latin-script-hinglish-or-en-IN;not-devanagari,房产广告
iiitd_01456,"OWN YOUR DREAM HOME at a special DISCOUNTED RATE!2/3 bhk in sector 103, gurgaon available at special rates only till 6th march.Call Team Agni now 9212255555",hi,iiitd_sms_spam_v1,spam,AD,manual,f49bcda7e8fa,latin-script-hinglish-or-en-IN;not-devanagari,房产广告
iiitd_01457,"The Final Hurrah!,Who won the final race of the 2011 F1 season?
1) Mark Webber
2) Sebastian Vettel
3) Lewis Hamilton
^1/ 2/ 3
Reply within 24 hrs to get a video FREE from Blyk on Aircel.",hi,iiitd_sms_spam_v1,spam,AD,audit_fixpass_iiitd,30741d31f8da,latin-script-hinglish-or-en-IN;not-devanagari | [fix:FRAUD->AD] 问答/竞猜增值短信，非诈骗,问答/竞猜增值短信，非诈骗
iiitd_01458,"WIN Wrist Watch! Credit your HDFC Bank A/c with Rs.10,000 or more before 15th March, 2010 and the first 15,000 customers can win a watch.T&C",hi,iiitd_sms_spam_v1,spam,AD,manual,bd8d22888752,latin-script-hinglish-or-en-IN;not-devanagari,银行/信用卡广告
iiitd_01459,"OWN YOUR DREAM HOME at a special DISCOUNTED RATE!2/3 bhk in sector 103, gurgaon available at special rates only till 28th feb.Call Team Agni now 9212255555.hurry",hi,iiitd_sms_spam_v1,spam,AD,manual,f49bcda7e8fa,latin-script-hinglish-or-en-IN;not-devanagari,房产广告
iiitd_01460,Own your 300sq.mt & above Authority Industrialland just 65 km from Faridabad & Gurgaon on main Mathura road only in Rs 5.8lac.Divine Realtors:9811627875,hi,iiitd_sms_spam_v1,spam,AD,manual,67c80c426974,latin-script-hinglish-or-en-IN;not-devanagari,商业促销广告
iiitd_01461,Own property in Posh colony of NCR @12 lac onwards.Pay only 1.2 lac now and rest in easy installment of  rs. 11000 per month appx.project of all reputed,hi,iiitd_sms_spam_v1,spam,HARASS,manual,f5a70b2e8e96,latin-script-hinglish-or-en-IN;not-devanagari,高薪诱惑
iiitd_01462,"OWN HOME IN DELHI,  5.4 Acre Uppal's METRO PARK Dwarka 2/3BHK-48/72Lac appox, Luxury Specs-Metro Stn/Pool/Club/Modular Kitchen/Power Bkp,  Call 39881010 or SMS MP",hi,iiitd_sms_spam_v1,spam,AD,manual,6a8c39daa7ca,latin-script-hinglish-or-en-IN;not-devanagari,房产广告
iiitd_01463,"OWN A PLOT IN NOIDA Y.EXP LAST 2 DAY, PRICE REVISING *JUST INVEST RS.1.5 LAC *REST IN INSTALMENT 18 MNTHS. *LOAN AVAILABLE HURRY CALL-9650198151,9650198251",hi,iiitd_sms_spam_v1,spam,AD,manual,92a84c8b838e,latin-script-hinglish-or-en-IN;not-devanagari,房产广告
iiitd_01464,"Own a Plot in Mysore! MUDA Apprvd,  Corptn Limits,  ready for regn. Just 10kms from city,  6.66 Lacs Onwadrs. Call:08214001100 or logon www.propertiesinmysore.com",hi,iiitd_sms_spam_v1,spam,AD,manual,9fb35f054a12,latin-script-hinglish-or-en-IN;not-devanagari,房产广告
iiitd_01465,owest ever interest rate on cars @ 8% p.a.*from SBI Festive offer from HYUNDAI for limited period. SMS <SBI Hyundai Model Name> to 56677.* T&C appl,hi,iiitd_sms_spam_v1,spam,AD,manual,02b20f6ed776,latin-script-hinglish-or-en-IN;not-devanagari,促销/优惠活动广告
iiitd_01466,ow use Internet on your Airtel mobile! You will be receiving Free Internet settings shortly. Save the settings and enjoy internet,hi,iiitd_sms_spam_v1,spam,AD,manual,1013bda51326,latin-script-hinglish-or-en-IN;not-devanagari,数据卡/网络服务广告
iiitd_01467,Now get Instant CASH against ur Gold jewellery is safe & secure @ lowest Interest rates.SMS 'GL' to 5676712. T&C Aply. HDFC Bank,hi,iiitd_sms_spam_v1,spam,AD,manual,f2306ea42664,latin-script-hinglish-or-en-IN;not-devanagari,银行/信用卡广告
iiitd_01468,"Dating Online?,Ever dated anyone online? ^Yes/ No
Reply within 24 hrs to get tips for making online dating a great experience.",hi,iiitd_sms_spam_v1,spam,AD,audit_fixpass_iiitd,e5901bf35bb8,latin-script-hinglish-or-en-IN;not-devanagari | [fix:HARASS->AD] 问答/竞猜增值短信，非诈骗,问答/竞猜增值短信，非诈骗
iiitd_01469,ow 50% off on most items at CnM (CHUNMUN).T&C apply,hi,iiitd_sms_spam_v1,spam,AD,manual,8e080c047425,latin-script-hinglish-or-en-IN;not-devanagari,折扣促销广告
iiitd_01470,"Win ticket worth Rs.100 on www.bookmyshow.com by activating iMobile on your handset anytime between 18-Oct to 30-Nov. To download, SMS IMOBILE to 5676766.",hi,iiitd_sms_spam_v1,spam,AD,manual,f42c5144de4e,latin-script-hinglish-or-en-IN;not-devanagari,购物/预订广告
iiitd_01471,Overcome programming challenges for multicore and learn the techniques to scale reliability. Attend Intel session at 3.45 PM at Microsoft Community TechDays,hi,iiitd_sms_spam_v1,spam,AD,manual,e4f8c167516e,latin-script-hinglish-or-en-IN;not-devanagari,商业促销广告
iiitd_01472,"Over 3,0,000 songs on the www, music. nokia.com. Download 5 free tracks from the Nokia Music Store. Download now at http://music.nokia.co.in/myn5free",hi,iiitd_sms_spam_v1,spam,AD,manual,4957044b3eb3,latin-script-hinglish-or-en-IN;not-devanagari,娱乐/内容服务广告
iiitd_01473,ous/Airy Room,hi,iiitd_sms_spam_v1,spam,NEEDS_REVIEW,manual,6e8a33f89d5a,latin-script-hinglish-or-en-IN;not-devanagari,内容不确定，需人工审核
iiitd_01474,"Our Stock In News Call : Mcleod Russel Earns Intraday Profit of Rs 32, 780. To Subscribe Our Equity Or F&O Advisory Service visit www.StockInNews.com",hi,iiitd_sms_spam_v1,spam,AD,manual,d3146cb7788d,latin-script-hinglish-or-en-IN;not-devanagari,新品/新款广告
iiitd_01475,Our National Anthem is Nominated for 2010 oscar.Cast ur vote at oscar10.comAs an Indian its our duty.Do 4wrd it Now...,hi,iiitd_sms_spam_v1,spam,AD,manual,a1c965f9d896,latin-script-hinglish-or-en-IN;not-devanagari,商业促销广告
iiitd_01476,our Mobile Number has been registered for ICICI Bank Mobile Banking Alerts. We thank you and look forward to be of service to you,hi,iiitd_sms_spam_v1,spam,AD,manual,72dc2ddb3f18,latin-script-hinglish-or-en-IN;not-devanagari,维修服务广告
iiitd_01477,our Member ID for www.natursanhealth.com is NH2413 and New Password is 110001. Please Login at http://www.natursanhealth.com and change your password,hi,iiitd_sms_spam_v1,spam,AD,manual,26b3198ccb4b,latin-script-hinglish-or-en-IN;not-devanagari,医疗/健康服务广告
iiitd_01478,our lifetime of holidays now at EMIs which cost less than a weekend movie and dinner.Only with Club Mahindra!To know more SMS HOLIDAYS MOB to 57007.T&C appl,hi,iiitd_sms_spam_v1,spam,AD,manual,284e69862ddb,latin-script-hinglish-or-en-IN;not-devanagari,贷款/保险广告
iiitd_01479,"Dating Online?,",hi,iiitd_sms_spam_v1,spam,HARASS,manual,52f007b0e34c,latin-script-hinglish-or-en-IN;not-devanagari,骚扰式推销/灰产
iiitd_01480,"Our daughter saloni is celebrating her birthday on 16th January(sunday) from 11:30 a.m - 2:30 p.m at Rockland Hotel B - 207,  Chitranjan park,  Outer ring road near Pomposh EnclaveYour presence would certainly make this event enjoyable !!       Neelu Varma - 09650522599       K.M Varma - 0997173440",hi,iiitd_sms_spam_v1,spam,AD,manual,af699c7c7241,latin-script-hinglish-or-en-IN;not-devanagari,商业促销广告
iiitd_01481,our customer Anjili Nigam is interested in buying LIFESTAGE PENSION ADVANTAGE product. Contact the customer on 931203843,hi,iiitd_sms_spam_v1,spam,AD,manual,eb1873fa2cda,latin-script-hinglish-or-en-IN;not-devanagari,购物/预订广告
iiitd_01482,Win ONIDA Washing Machine tdy worth Rs 6500. Play Kambola and win wid lowest unique amt. Min bid Re 1. To start winning Call 58888084 TOLLFREE,hi,iiitd_sms_spam_v1,spam,AD,manual,d23a61496ad8,latin-script-hinglish-or-en-IN;not-devanagari,免费/赠品促销
iiitd_01483,ou are enjoying Local calls to mobile at 50p/min and your pack expires after 3 days. Hurry! Recharge with Rs 49 now and carry forward your remaining validit,hi,iiitd_sms_spam_v1,spam,AD,audit_fixpass_iiitd,8164bbbfaa57,latin-script-hinglish-or-en-IN;not-devanagari | [fix:TRANSACTION->AD] 充值套餐/增值服务促销,充值套餐/增值服务促销
iiitd_01484,oti Kapda aur Eco Village Noida Extn *1BHK9.8Lacs al inclusve *2BHK14.5Lacs al inclusve *8min 4m Fortis/metro statn *Possesn15mths *Max disc 956033631,hi,iiitd_sms_spam_v1,spam,AD,manual,bba683f693f4,latin-script-hinglish-or-en-IN;not-devanagari,房产广告
iiitd_01485,OTE NOW in the Avaya GlobalConnect Customer Responsiveness Award poll. Log onto www.avayaglobalconnect.com/readerspoll2010.asp to vote for ICICI Pru Life,hi,iiitd_sms_spam_v1,spam,AD,manual,06f02389a3d3,latin-script-hinglish-or-en-IN;not-devanagari,商业促销广告
iiitd_01486,"ORRIS presnts 'Aster Court' Sec-85,  Gurgaon *2/3/4 Bhk flat@2450/p.s.ft *Rush n Avail da best location sms IL to 54999 Xclusvly marktd by Invstrs Clnc",hi,iiitd_sms_spam_v1,spam,AD,manual,0118463047be,latin-script-hinglish-or-en-IN;not-devanagari,房产广告
iiitd_01487,"Orris Aster Court Sec-85, Gurgaon Rate-Rs.2450/sq.ft *3, 3+S, 4 BHK Project Approved by Banks 9999662422,  9711004454 Genesis Real Estate Consultant Pvt. Ltd",hi,iiitd_sms_spam_v1,spam,AD,manual,2193f80ab786,latin-script-hinglish-or-en-IN;not-devanagari,房产广告
iiitd_01488,ork with the Live Project of MNC.Earn Rs.7000/-m.SMS sending Job from Home. Call? 9609791352 or 9933042936.www.cyberjob.in-Sent 4rm 160by2.co,hi,iiitd_sms_spam_v1,spam,HARASS,manual,c86558b2a100,latin-script-hinglish-or-en-IN;not-devanagari,高薪诱惑/在家工作诈骗
iiitd_01489,ORIGINAL SAUNA SLIM BELT FAT & BELLY REDUCING & PAIN RELIFER MPR RS.2499/ JUST OFFER PRICE RS.1299/ONLY 2 DAYS OFFER FREE GYM ROPE FREE DELIVERY CT.9176073780.,hi,iiitd_sms_spam_v1,spam,AD,manual,766709015c3a,latin-script-hinglish-or-en-IN;not-devanagari,促销/优惠活动广告
iiitd_01490,"Make your career recession proof with 1 year Executive Master program in Information Security,  Get qualified for 1,88,000* Jobs. SMS or Call MS @9717470558",hi,iiitd_sms_spam_v1,spam,AD,manual,416ac5e81dbc,latin-script-hinglish-or-en-IN;not-devanagari,商业促销广告
iiitd_01491,"ORIGINAL EK MUKHI RUDRAX Offer !! Just Rs.1500/-, +Parad Shivling+Maha Yantra+ADO-VDO CD+Navratna Ring Gift !! Order US.09560393611.",hi,iiitd_sms_spam_v1,spam,AD,manual,9a5ba20bcfc3,latin-script-hinglish-or-en-IN;not-devanagari,促销/优惠活动广告
iiitd_01492,"ORIGINAL BOOKING:DLF TOWNHOUSES in Manesar on NH-8.Four Bed Room +Svnt, 3200 sqfts, Rs.77lacs to Rs.93 lacs.Possession-3yrs.Booking Amt Rs.10 Lacs.Call 9650525371",hi,iiitd_sms_spam_v1,spam,AD,manual,3420bb2a341d,latin-script-hinglish-or-en-IN;not-devanagari,购物/预订广告
iiitd_01493,Original Booking sec 68 Ggn Near Golf Course Extn Road AC aptt 2/3 BHK at 3750/sqft New price 4000+/sqft Dont miss Best for invest/end use Cont@9910069836,hi,iiitd_sms_spam_v1,spam,AD,manual,33fc8273f3e6,latin-script-hinglish-or-en-IN;not-devanagari,房产广告
iiitd_01494,"YOUR NUMBER IS SELECTED FOR 650, 000GBP IN THE CHEVRONOIL INTL DRAW. TO CLAIM YOUR PRIZE CONTACT DR WILLIAMS:- chevronoil74@hotmail.com",hi,iiitd_sms_spam_v1,spam,FRAUD,manual,e0c5c1db759a,latin-script-hinglish-or-en-IN;not-devanagari,虚假抽奖/奖品诈骗
iiitd_01495,"WIN IPRU BRANDED EXECUTIVE BAG on just 1case of Rs10000 ON MONDAY & 2.5Grms Gold+MUSSORIE TRIP FOR 2D/1N ON 1Lakh WFP B/W 13th-26th APRIL --160by2.com {COP OUT a rib tickling comedy starring Bruce Willis as a cop, in cinemas 16 April}",hi,iiitd_sms_spam_v1,spam,AD,audit_fixpass_iiitd,4e399b658d1d,latin-script-hinglish-or-en-IN;not-devanagari | [fix:FRAUD->AD] 销售竞赛奖品促销，非假中奖认领,虚假中奖/奖品诈骗
iiitd_01496,"Original booking open for small sized Plots (100 Sq Yds) at yamuna Expressway for 3c and greenbay options,  Best deals assured,  Property Corporates 9711131802 /3",hi,iiitd_sms_spam_v1,spam,AD,manual,9fef82eb7f00,latin-script-hinglish-or-en-IN;not-devanagari,房产广告
iiitd_01497,"Original booking open for Plots (Golf Course) at yamuna Xway (reputed builder) size-150 sqyd & also resale option available,  Estate Promoters 9711131803 /4",hi,iiitd_sms_spam_v1,spam,AD,manual,fa03aa0f3040,latin-script-hinglish-or-en-IN;not-devanagari,房产广告
iiitd_01498,"Original Booking On 150 Mtr Wide Dwarka Expway By best builders, Ramprastha, Satya, Landmark, Rahejas PLOTS In Prime Sectors, Gurgaon.Call for Best deal:9999506020",hi,iiitd_sms_spam_v1,spam,AD,manual,50081942ce7b,latin-script-hinglish-or-en-IN;not-devanagari,房产广告
iiitd_01499,Original Booking of Shops in Dharuhera within a Reputed Residential Project.Only 14 shops to cater 1500 flats.Price Just Rs.25 lacs.Call 9873856608.,hi,iiitd_sms_spam_v1,spam,AD,manual,c210b54d2342,latin-script-hinglish-or-en-IN;not-devanagari,房产广告
iiitd_01500,"Original Booking of Shops and Offices in M3M COSMOPOLITAN on Golf Course Road Extension,  Gurgaon.2 Yrs possession.Installment plan. Call 9873856608.",hi,iiitd_sms_spam_v1,spam,AD,manual,02e3ea1bf02d,latin-script-hinglish-or-en-IN;not-devanagari,教育/课程招生广告
iiitd_01501,"Back to front!,Tiger Woods? victory at the Chevron World Challenge was his first title win after how many months?
1) 26
2) 24
3) 16
^ 1/ 2/ 3
All replies to Blyk on Aircel are FREE",hi,iiitd_sms_spam_v1,spam,AD,audit_fixpass_iiitd,5f495689f986,latin-script-hinglish-or-en-IN;not-devanagari | [fix:FRAUD->AD] 问答/竞猜增值短信，非诈骗,问答/竞猜增值短信，非诈骗
iiitd_01502,Original Booking Gurgaon Commercial Space at Prime location ANSAL-Sec-83 84m wide Road Rate- Rs4545 PSF onwards Golden Investment SMS GENREC to 53030,hi,iiitd_sms_spam_v1,spam,AD,manual,1103257d5baf,latin-script-hinglish-or-en-IN;not-devanagari,购物/预订广告
iiitd_01503,ORIGINAL BOOKING 12% ASSURED RETURN IN SPIREEDGE- OFFICE SPACE IN IMT MANESAR.RATE 6000/SQFT.NEW FACILITIES.BEST INVESTMENT.CONTACT 9810597314/991141110,hi,iiitd_sms_spam_v1,spam,AD,manual,e92cc971d3ff,latin-script-hinglish-or-en-IN;not-devanagari,购物/预订广告
iiitd_01504,Orientation in BBD-Lucknow is on 8-Jun-10.Kindly send ur final payment by 5th June 2010.Ignore if already paid.In case of query call Ms Sharmeen 09312889010.,hi,iiitd_sms_spam_v1,spam,AD,manual,4b2426e7f640,latin-script-hinglish-or-en-IN;not-devanagari,商业促销广告
iiitd_01505,Orgnizd by PURNAM Volunteers of AKSHAY PRATISHTHAN GR8 Shopping xtrvagnza at Ashok hotel 22Apr only 10-9pm Xslusive Range Of Products frm across Indi,hi,iiitd_sms_spam_v1,spam,AD,manual,4f275f27a656,latin-script-hinglish-or-en-IN;not-devanagari,购物/预订广告
iiitd_01506,orge on ur favorite Dominos Pizza while screaming GOAL this soccer season.Order Online @ www.dominos.co.in Get Garlic Brd & Dip Free on bill of Rs300.Cpn:Net0,hi,iiitd_sms_spam_v1,spam,AD,manual,1fb4ca20f01d,latin-script-hinglish-or-en-IN;not-devanagari,餐饮/食品促销
iiitd_01507,Win a Mercedes-Benz & assured gifts by subscribing to the Forbes India special offer. SMS Forbes to 51818 NOW. T&C Apply,hi,iiitd_sms_spam_v1,spam,AD,manual,c35f0cead4a1,latin-script-hinglish-or-en-IN;not-devanagari,促销/优惠活动广告
iiitd_01508,Ordinary Facial gives ordinary results. Clinic Dermatechs Advanced Facial is simply incredible. For details sms CD to 53456/ visit www.clinicdermatech.co,hi,iiitd_sms_spam_v1,spam,AD,manual,dec0e2786091,latin-script-hinglish-or-en-IN;not-devanagari,商业促销广告
iiitd_01509,"Oracle Partner offers FREE .NET, J2EE, Testing with Oracle OCA, OCP, DBA, 9i, 10g FREE Project 100%Placement.TimesTech, 80/7, Jayanagar, 3rd Blk, Above ICICI Bank, Blr",hi,iiitd_sms_spam_v1,spam,AD,manual,db30195c78ce,latin-script-hinglish-or-en-IN;not-devanagari,促销/优惠活动广告
iiitd_01510,"Or.Booking *Mapsko Royale Ville* Sec82, NH8 GGN-1790/2300 sqft 3/4BHK+Servant@2990/sqft Avail inaugural disc Booking amt-4/5 lac SMS KR to 56767 9911116942",hi,iiitd_sms_spam_v1,spam,AD,manual,5fc7ede5753f,latin-script-hinglish-or-en-IN;not-devanagari,房产广告
iiitd_01511,"Or. Booking *Mapsko Royale Ville* Sec82, NH8 GGN-1790/2300 sqft 3/4BHK+Servant@2990/sqft Avail inaugral disc Booking amt-4/5lac SMS KR to 56767 9911116942",hi,iiitd_sms_spam_v1,spam,AD,manual,5fc7ede5753f,latin-script-hinglish-or-en-IN;not-devanagari,房产广告
iiitd_01512,"Tech Overhaul!,What is Ice Cream Sandwich?
1) Mobile Brand
2) Android Code-name
3) Phone Covers
^1/2/3
Reply within 24hrs to get a tech update.",hi,iiitd_sms_spam_v1,spam,AD,audit_fixpass_iiitd,6a08bfdae296,latin-script-hinglish-or-en-IN;not-devanagari | [fix:HARASS->AD] 问答/竞猜增值短信，非诈骗,问答/竞猜增值短信，非诈骗
iiitd_01513,or Safety Always SMS your Taxi/Auto/Bus/Lift taken Vehicle Number to 08010NEECIA (08010633242) before riding. Local SMS. Visit save.neecia.com for details,hi,iiitd_sms_spam_v1,spam,AD,manual,0e368b3d09fc,latin-script-hinglish-or-en-IN;not-devanagari,商业促销广告
iiitd_01514,or Safe & Secured House or Office Shifting Packers Movers Car Transport Courier Service Any Info with Best Rates 0116222222,hi,iiitd_sms_spam_v1,spam,AD,manual,a1f9b0955cc1,latin-script-hinglish-or-en-IN;not-devanagari,维修服务广告
iiitd_01515,or Safe & Secure Packer & Movers or Courier Services Domestic/Intrnational or ANY INFO DNAinfoline 011-62222222 Delhi Helplin,hi,iiitd_sms_spam_v1,spam,AD,manual,0b0d48a50141,latin-script-hinglish-or-en-IN;not-devanagari,维修服务广告
iiitd_01516,or Any Repair&Services AC/FRIDGE/MicroOven Plasma/TV/WaterPurifier WashingMachine Projector/Computer DNA Infoline 011-6222222,hi,iiitd_sms_spam_v1,spam,AD,manual,bda63ec064f4,latin-script-hinglish-or-en-IN;not-devanagari,维修服务广告
iiitd_01517,"Options to invest for future in GURGAON.Original bookings in Vatika(Sec.82),  Universal Aura(Sec.82),  Spaze Privy(Sec.84),  Ansal Hub(Sec.83) SMS GENREC to 53030",hi,iiitd_sms_spam_v1,spam,AD,manual,64618fea56d9,latin-script-hinglish-or-en-IN;not-devanagari,购物/预订广告
iiitd_01518,"Options to invest for future in GURGAON Original bookings in Vatika(Sec.82), Universal Aura(Sec.82), Spaze Privy(Sec.84), Ansal Hub(Sec.83) SMS GENREC to 53030",hi,iiitd_sms_spam_v1,spam,AD,manual,eabef5f32e8d,latin-script-hinglish-or-en-IN;not-devanagari,购物/预订广告
iiitd_01519,Win a HONG KONG TRIP only at Blue Hyundai during Free Car Care Clinic Campaign. Watch India vs South Africa match on big screen while your car gets servi,hi,iiitd_sms_spam_v1,spam,AD,audit_fixpass_iiitd,deb9ccc650ac,latin-script-hinglish-or-en-IN;not-devanagari | [fix:FRAUD->AD] 车商活动抽奖促销,车商活动抽奖促销
iiitd_01520,"Opportunity to receive upto 63 lakhs on investing Rs.30,000 yearly for 30 years with Capital Multiplier plan of Kotak Life Insurance. sms KI to 56070 T&C apply!",hi,iiitd_sms_spam_v1,spam,AD,manual,7a79a6e52e2a,latin-script-hinglish-or-en-IN;not-devanagari,贷款/保险广告
iiitd_01521,"OPPORTUNITY to Own flat in sec137, Xpresway,  NOIDA *2bhk-20.7 lac(Al inclusive) *3bhk-26.6 lac(Al.Insv) *0km frm FNG/Metro statn sms ICC to 54999",hi,iiitd_sms_spam_v1,spam,AD,manual,6225ef58865c,latin-script-hinglish-or-en-IN;not-devanagari,房产广告
iiitd_01522,"Opportunity to Own a flat next to golf course for just Rs.15 lakhs. AMRAPALI launches 'GOLF HOMES' at Smart City,  Noida xtn. *2/3 bhk flat Sms IL to 54999",hi,iiitd_sms_spam_v1,spam,AD,manual,8575e6996fd3,latin-script-hinglish-or-en-IN;not-devanagari,房产广告
iiitd_01523,"Bravo to Lara,Is Darren Bravo the new Brian Lara? ^Yes/ No
Reply within 24 hrs to get a
video FREE from Blyk on Aircel.",hi,iiitd_sms_spam_v1,spam,AD,audit_fixpass_iiitd,cbc7c11b4458,latin-script-hinglish-or-en-IN;not-devanagari | [fix:HARASS->AD] 问答/竞猜增值短信，非诈骗,问答/竞猜增值短信，非诈骗
iiitd_01524,Oportunty to gt Asurd Rturn n Rsdntal Flat Pay Now 25% & Start geting 13% Asurd Return by Bokg 3 BHK Luxury Flat in FBD Sec 78 at 43 Lac Fr Bokg sms MR to 5616,hi,iiitd_sms_spam_v1,spam,AD,manual,277fff96e04f,latin-script-hinglish-or-en-IN;not-devanagari,房产广告
iiitd_01525,Openings in International Call Centres. Candidates should have fluent ENGLISH & must be OK with NIGHT SHIFTS. Salary 10k- 25k. Call me between 10am-6pm. RUCHI,hi,iiitd_sms_spam_v1,spam,AD,manual,7932dca3cf23,latin-script-hinglish-or-en-IN;not-devanagari,商业促销广告
iiitd_01526,"Opening dENiZEN from levis on Monday, june 20th,2011, opposite STAR cinema hall, M.G. Marg, Gangtok",hi,iiitd_sms_spam_v1,spam,AD,manual,3dca717b1e17,latin-script-hinglish-or-en-IN;not-devanagari,商业促销广告
iiitd_01527,"Will India beat WestIndies to enter the QF? Get score alerts, trivia, Commentary n much more. Dial 543212601 (TOLL FREE).Chrgs 5rs/match.",hi,iiitd_sms_spam_v1,spam,AD,manual,ddbb71eca7a3,latin-script-hinglish-or-en-IN;not-devanagari,免费/赠品促销
iiitd_01528,Open this link to download Nokia Messaging software: http://em1x-59.lhr.messaging.nokia.com/ota?u=ym4leajobpqcw,hi,iiitd_sms_spam_v1,spam,AD,manual,62403fc596b7,latin-script-hinglish-or-en-IN;not-devanagari,商业促销广告
iiitd_01529,"Open MDA Residential<Govt>plot schame NH-24 on delhi highway plot area 112-300sqm @Rs-5000/sqm(4 year instolment) call for all inq-09899830880,9711993099",hi,iiitd_sms_spam_v1,spam,AD,manual,b069f944f18a,latin-script-hinglish-or-en-IN;not-devanagari,房产广告
iiitd_01530,Open an Account with Federal Bank for FREE unlimited transactions on any Banks ATM. Have a wonderful banking experience. Call 18004251199 for more details,hi,iiitd_sms_spam_v1,spam,AD,audit_fixpass_iiitd,6bd354465e99,latin-script-hinglish-or-en-IN;not-devanagari | [fix:FRAUD->AD] 银行开户促销,银行开户促销
iiitd_01531,OP Subscription will be renewed in next 72Hrs.Pls maintain a bal of Rs. 99/30days or Prorata Rental of Rs.30/7days.To deact dial *567#,hi,iiitd_sms_spam_v1,spam,AD,manual,9bf137bb8063,latin-script-hinglish-or-en-IN;not-devanagari,新品/新款广告
iiitd_01532,ootball-Barclays Premier League: Liverpool v Arsenal. Venue- Anfield. Time-08:30 PM IST,hi,iiitd_sms_spam_v1,spam,AD,manual,91ed208d81ef,latin-script-hinglish-or-en-IN;not-devanagari,贷款/保险广告
iiitd_01533,ootball-Barclays Premier League: Chelsea v West Bromwich Albion. Venue- Stamford Bridge. Time-10:00 PM IST. You have been charged Rs.3 for todays match,hi,iiitd_sms_spam_v1,spam,AD,audit_fixpass_iiitd,9a2564417a92,latin-script-hinglish-or-en-IN;not-devanagari | [fix:TRANSACTION->AD] 赛事比分提示促销，非交易通知,扣费通知
iiitd_01534,"Bossy Babes,Who is the hottest ?Big Boss? female contestant?
1) Shonali Nagrani
2) Mahek Chahal
3) Sunny Leone
^1/2/3
Reply within 24hrs to know some of their girlie secrets.",hi,iiitd_sms_spam_v1,spam,AD,audit_fixpass_iiitd,eaf8b7454310,latin-script-hinglish-or-en-IN;not-devanagari | [fix:HARASS->AD] 问答/竞猜增值短信，非诈骗,问答/竞猜增值短信，非诈骗
iiitd_01535,oor Step Service for Passport Assistance/PAN Card/Income Tax Return/VAT Return/Service Tax Return Contact M/s ONS 9650669988 Jwala Heri Mkt Paschim Viha,hi,iiitd_sms_spam_v1,spam,AD,manual,41c2cc4f61bd,latin-script-hinglish-or-en-IN;not-devanagari,维修服务广告
iiitd_01536,"ooking for for the best jobs.....admired companies are waiting to access your resume...get handsome salary packages, Hurry :Visit-www.jobsdhamaka.com",hi,iiitd_sms_spam_v1,spam,AD,manual,9c149f8b9c63,latin-script-hinglish-or-en-IN;not-devanagari,限时促销广告
iiitd_01537,ooking for a job? Give us a chance to provide the way! Submit ur RESUME as candidate on Jobsagar.com and get your DREAM JOB at your DOOR STEP. TEAM JOBSAGA,hi,iiitd_sms_spam_v1,spam,AD,manual,0c58e670801a,latin-script-hinglish-or-en-IN;not-devanagari,商业促销广告
iiitd_01538,Book tickets on bookmyshow.com with HDFC Bank Visa Debit Card! 1st 200 to book get 2nd tkt for Re.1 & next 2000 get 20% off on 2nd tkt. T&,hi,iiitd_sms_spam_v1,spam,AD,manual,6a6d4e3be246,latin-script-hinglish-or-en-IN;not-devanagari,折扣促销广告
iiitd_01539,Why to wait 3 years get possesion in 2012 Excellent Layouts Main Road Facing Project Exotica Eastern Court Crossing Republik Ghaziabad Best Deals SMS EXO 56767,hi,iiitd_sms_spam_v1,spam,AD,manual,bf6847586ef0,latin-script-hinglish-or-en-IN;not-devanagari,促销/优惠活动广告
iiitd_01540,ook Comercial Office on Expressway Noida.0 km from Delhi-Parking/Elevators/Wifi- Area:500/750/1000sqft &Rs10000 psft-Call:Bajaj Capital 01139881010 or Reply B,hi,iiitd_sms_spam_v1,spam,AD,manual,bf7dffa3ceca,latin-script-hinglish-or-en-IN;not-devanagari,商业促销广告
iiitd_01541,ook Cheapest Air tickets Book Hotels in India All India Holiday Packages For Best Deals visit : www.MantraTravels.co,hi,iiitd_sms_spam_v1,spam,AD,manual,8d4244f864db,latin-script-hinglish-or-en-IN;not-devanagari,旅游/度假套餐广告
iiitd_01542,oogleNews Govt convenes meeting of CMs of Naxal-hit sta - thehindu.com PoK 'PM' asks Pak govt 2 put Kashmir issue on - www.hindustantimes.co,hi,iiitd_sms_spam_v1,spam,AD,manual,cfbb3da609ab,latin-script-hinglish-or-en-IN;not-devanagari,新品/新款广告
iiitd_01543,OOD NEWS FOR YOU:- NOW U WOULD ALSO GET CREDIT OF PINNACLE PLAN PREMIUM IN HUMSE AAGE HUM CONTEST WHERE EARLIER ONLY L.S.P WAS CONSIDERED - via WAY2SMS.CO,hi,iiitd_sms_spam_v1,spam,AD,manual,3b0e179a06bb,latin-script-hinglish-or-en-IN;not-devanagari,贷款/保险广告
iiitd_01544,only Rs 699 incl. of shipping. Offer valid for today only. To claim voucher sms DBLT to 567678.TnC apply,hi,iiitd_sms_spam_v1,spam,AD,manual,a25073db9c3d,latin-script-hinglish-or-en-IN;not-devanagari,促销/优惠活动广告
iiitd_01545,"Quick Party Recipes,Having a party and are absolutely clueless what to serve? Here're some quick party recipes:
1) Jacket Potatoes
2) Chicken Wings
^1/ 2
All your replies to Blyk on Aircel are free.",hi,iiitd_sms_spam_v1,spam,AD,audit_fixpass_iiitd,a9b36c376725,latin-script-hinglish-or-en-IN;not-devanagari | [fix:HARASS->AD] 问答/竞猜增值短信，非诈骗,问答/竞猜增值短信，非诈骗
iiitd_01546,"ONLY JIA,  offers franchisee opportunity to start ladies Ethnic wear Showroom. Investment 3 to 5 Lacs. Mr Arun 9591590400/ 080 32969990. S.U. Apparels",hi,iiitd_sms_spam_v1,spam,AD,manual,bd3455651d8e,latin-script-hinglish-or-en-IN;not-devanagari,促销/优惠活动广告
iiitd_01547,ONLY FOR GIRLS BBA/MBA/EXECUTIVE MBA/B.SC.IT/BIO TECH/B.TECH FLEXIBLE TIMINGS GOVT.RECOGNIZED(www.bsaitm.in) JOIN BSAITM VIKASPURI 9873000679/9650354070,hi,iiitd_sms_spam_v1,spam,AD,manual,5066075b673f,latin-script-hinglish-or-en-IN;not-devanagari,商业促销广告
iiitd_01548,Only 3 days left for SAWAN KI BAHAR COMPT. FOR AGENTS/DOs/CLIAs.QUALIFY THE COMPT. AND WIN MAXIMUM PRIZES...SDM,hi,iiitd_sms_spam_v1,spam,AD,manual,d9207610383c,latin-script-hinglish-or-en-IN;not-devanagari,商业促销广告
iiitd_01549,"Only 2 days left to get fit. SMS FIT 575758 for details. Join Talwalkars and get gifts worth 6, 000 absolutely free!!!",hi,iiitd_sms_spam_v1,spam,AD,manual,d7bf853c0161,latin-script-hinglish-or-en-IN;not-devanagari,招聘广告
iiitd_01550,Only 1 Week left upto 40% Off at JOHN PLAYERS Dwarka Sec-5. Unlimited Style....... Limited Time.    - 011 45700997,hi,iiitd_sms_spam_v1,spam,AD,manual,ded471b9e744,latin-script-hinglish-or-en-IN;not-devanagari,折扣促销广告
iiitd_01551,Why to wait 3 years get possesion in 2012 Excellent Layouts Main Road Facing Project Exotica Eastern Court Crossing Republik Ghaziabad Best Deals 9871996001,hi,iiitd_sms_spam_v1,spam,AD,manual,bf6847586ef0,latin-script-hinglish-or-en-IN;not-devanagari,促销/优惠活动广告
iiitd_01552,Only 1 day left for SAWAN KI BAHAR compt. for Agents/DOs/CLIAs. Qualify the competition and win maximum prizes...SDM,hi,iiitd_sms_spam_v1,spam,AD,manual,be680f6f4b42,latin-script-hinglish-or-en-IN;not-devanagari,竞赛/活动广告
iiitd_01553,ONLINE INTERNET JOBS ARE AVAILABLE. YOU CAN EARN UPTO 30000/-. WORK JUST 1-2 HOURS DAILY. SPECIAL OFFER IF YOU APPLY TODAY. PLEASE VISIT: www.NetJobsGuide.com,hi,iiitd_sms_spam_v1,spam,AD,manual,4439b542b6dd,latin-script-hinglish-or-en-IN;not-devanagari,数据卡/网络服务广告
iiitd_01554,ongratulations!U have won a discount voucher fr being a loyal member.Claim this voucher right now against our spl Numero Uno combo offer-Sunglasses+Watch (Total MRP:Rs5200).Just pay Rs 999.Also get a surprise gift wrth Rs 5000.Del charges Rs 199.To order sms TEAD to 52424.TnC appl,hi,iiitd_sms_spam_v1,spam,FRAUD,manual,d9179caf1f01,latin-script-hinglish-or-en-IN;not-devanagari,假中奖诈骗，声称用户已中奖
iiitd_01555,ongratulations! You are Lucky Winner who had Won Pearl Set Worth M.R.P. Rs.2500/. Absolutely Free. For Details & Redemption SMS LUCKY To 56263042 T&C Appl,hi,iiitd_sms_spam_v1,spam,FRAUD,manual,785445076297,latin-script-hinglish-or-en-IN;not-devanagari,假中奖诈骗，声称用户已中奖
iiitd_01556,"Big B's Films Remade!,Two of Amitabh Bachchan's famous old films - Satte Pe Satta & Agneepath - are being remade this year. Which of the two new versions would you see first?
1) Satte Pe Satta
2) Agneepath
^1/2
Reply within the next 24 hours.",hi,iiitd_sms_spam_v1,spam,AD,audit_fixpass_iiitd,290f0768561a,latin-script-hinglish-or-en-IN;not-devanagari | [fix:HARASS->AD] 问答/竞猜增值短信，非诈骗,问答/竞猜增值短信，非诈骗
iiitd_01557,"Costume Catch!,Who according to you takes the cake for the most inspired costume?
1) Lady Gaga
2) Jennifer Lopez
3) Nicki Minaj
^1/2/3
All your replies to Blyk on Aircel are free.",hi,iiitd_sms_spam_v1,spam,AD,audit_fixpass_iiitd,e789cb5dec17,latin-script-hinglish-or-en-IN;not-devanagari | [fix:HARASS->AD] 问答/竞猜增值短信，非诈骗,问答/竞猜增值短信，非诈骗
iiitd_01558,ongratulations! U have won a discount voucher worth Rs 3200 fr being a loyal member.Claim this voucher right now against our spl offer- Benetton Aviator-Style sunglasses (MRP:Rs3999).Pay Rs 799 only.Also get a SURPRISE gift wrth Rs 390.FREE SHIPPING. To order sms SDCB to 52424.TnC appl,hi,iiitd_sms_spam_v1,spam,FRAUD,manual,dd1f7e73d512,latin-script-hinglish-or-en-IN;not-devanagari,假中奖诈骗，声称用户已中奖
iiitd_01559,ongratulations! U have won a discount voucher fr being a loyal member.Claim this voucher right now against our spl Numero Uno combo offer-Sunglasses+Watch (Total MRP:Rs5200).Just pay Rs 999.Also get a surprise gift wrth Rs 5000.Del charges Rs 199.To order sms TEAD to 52424.TnC appl,hi,iiitd_sms_spam_v1,spam,FRAUD,manual,d9179caf1f01,latin-script-hinglish-or-en-IN;not-devanagari,假中奖诈骗，声称用户已中奖
iiitd_01560,ongratulation to Mr.Ram Prakash From Kaushambi Brnch has WIN 5Grams Gold in WHATS YOUR NUMBER contest with 15Grams SILVER+Titan WRIST WATCH-Sent 4rm 160by2.co,hi,iiitd_sms_spam_v1,spam,AD,audit_fixpass_iiitd,613c4ca3e0e6,latin-script-hinglish-or-en-IN;not-devanagari | [fix:FRAUD->AD] Whats Your Number 销售竞赛,虚假银币奖励诱导
iiitd_01561,ongrats HiteshGupta.. for 20 Gms Silver in Winning Edge on 50000 Pinnacle WFP on Logins.You may win 0.5 Gms Gold+15 Gms Silver on 50000 more Pinnacle WFP.Wish you achieve it by Mar 24.T&C Apply,hi,iiitd_sms_spam_v1,spam,AD,audit_fixpass_iiitd,314a25023091,latin-script-hinglish-or-en-IN;not-devanagari | [fix:FRAUD->AD] 销售竞赛获奖通知+继续WFP,虚假中奖/奖品诈骗
iiitd_01562,onfused with insurance schemes? Need health insurance or home loans? Visit www.FullOnInsurance.com & find the best plan for you & your family. T&C appl,hi,iiitd_sms_spam_v1,spam,AD,manual,a79ab9fa0428,latin-script-hinglish-or-en-IN;not-devanagari,贷款/保险广告
iiitd_01563,oney4every needz Business Loan OverDraft Construction Loan:Bawana/Narela Home Loan MONEY MATTERS 65656666 981174999,hi,iiitd_sms_spam_v1,spam,AD,manual,0056478810e8,latin-script-hinglish-or-en-IN;not-devanagari,贷款/保险广告
iiitd_01564,WHY spend your hard earned money on hospital bills? Buy health insurance for your entire family. Visit icicilombard.com or call TOLLFREE 18002098888 T&C appl,hi,iiitd_sms_spam_v1,spam,AD,manual,3f604098a921,latin-script-hinglish-or-en-IN;not-devanagari,贷款/保险广告
iiitd_01565,OneStopRecharge.com Wishes you and your family Happy Diwali and Prosperous New Year Ahead,hi,iiitd_sms_spam_v1,spam,AD,manual,d95ca7305f68,latin-script-hinglish-or-en-IN;not-devanagari,充值/话费优惠促销
iiitd_01566,"One Door Step Service for PAN Card Passport Assistance and Income Tax Return Contact ONS 9911730199, 9718887671 Krishna Complex Jwala Heri Mkt Paschim Vihar",hi,iiitd_sms_spam_v1,spam,AD,manual,7f82a90e78a2,latin-script-hinglish-or-en-IN;not-devanagari,维修服务广告
iiitd_01567,"One Door Step Service for PAN Card Passport Assistance and Income Tax Return Contact ONS 9818242876, 9871486310 Krishna Complex Jwala Heri Mkt Paschim Vihar",hi,iiitd_sms_spam_v1,spam,AD,manual,7f82a90e78a2,latin-script-hinglish-or-en-IN;not-devanagari,维修服务广告
iiitd_01568,"Ishq Sufiyana,'Ishq Sufiyana' from Dirty Picture. Will you make it your love anthem?
^ Yes / No
Reply within 24 hrs to get a video FREE from Blyk on Aircel",hi,iiitd_sms_spam_v1,spam,AD,audit_fixpass_iiitd,b1545dbd3c09,latin-script-hinglish-or-en-IN;not-devanagari | [fix:HARASS->AD] 问答/竞猜增值短信，非诈骗,问答/竞猜增值短信，非诈骗
iiitd_01569,"One call can change your life.Weight loss&gain 5to 25 Kg, No side effects, 100% ayurvedic product with complete MONEY BACK GUARANTEE call-9716677539,9716712665",hi,iiitd_sms_spam_v1,spam,AD,manual,3086ba603c11,latin-script-hinglish-or-en-IN;not-devanagari,商业促销广告
iiitd_01570,"One call can change your life.Weight loss & gain 5 to 25 kg no side effect, 100% ayurvedic product with money back guarantee.CALL-9871993238,9871965149",hi,iiitd_sms_spam_v1,spam,AD,manual,3086ba603c11,latin-script-hinglish-or-en-IN;not-devanagari,商业促销广告
iiitd_01571,"One Call Can Change Your Life,  Weight Loss & Gain 5 To 25kg,  No Side Effect 100% Ayurvedic Product With Money Back Guarantee,  Call>8802179122,8802181240",hi,iiitd_sms_spam_v1,spam,AD,manual,a4b6f2662c97,latin-script-hinglish-or-en-IN;not-devanagari,商业促销广告
iiitd_01572,"One Call Can Change Your Life,  Weight Loss & Gain 5 To 25kg,  No Side Effect 100% Ayurvedic Product With Money Back Guarantee,  Call>8802181240",hi,iiitd_sms_spam_v1,spam,AD,manual,a4b6f2662c97,latin-script-hinglish-or-en-IN;not-devanagari,商业促销广告
iiitd_01573,"ONE CALL, GET ALL BEST DEAL PACKERS & MOVERS COURIERS AIR TICKETS CAR HIRE PEST CONTROL etc ALL INFO DNA INFOLINE 011-62222222",hi,iiitd_sms_spam_v1,spam,AD,manual,1c146e5a9ebe,latin-script-hinglish-or-en-IN;not-devanagari,促销/优惠活动广告
iiitd_01574,on't miss the Fantastic Offers at The MobileStore this month. 2 ASSURED GIFTS & Rs 100 OFF on Mobiles. Hurry! Rush Today! Show mcoupon RPD897348602131 T's&C',hi,iiitd_sms_spam_v1,spam,AD,manual,c36d637f3965,latin-script-hinglish-or-en-IN;not-devanagari,促销/优惠活动广告
iiitd_01575,Don't Miss !! Jaypee Prsnts 'KENSINGTON BOULEVARD' Appt Sec131 Noida1BR=16.2L2BR=21.2L3BR=37.3L4BR=54.6LGreat Homes -few units left SMS HD to 5667,hi,iiitd_sms_spam_v1,spam,AD,manual,6301c34299ba,latin-script-hinglish-or-en-IN;not-devanagari,商业促销广告
iiitd_01576,"WHY GO FOR NORMAL WHEN YOU CAN GET GOLF PLOTS ON X-WAY! Last few Golf Plots 150sqyd onwards @ONLY 24.3LAC. 9hole Golf Course, reputed developer. sms WA to 56677",hi,iiitd_sms_spam_v1,spam,AD,manual,91f12d39ceea,latin-script-hinglish-or-en-IN;not-devanagari,房产广告
iiitd_01577,on't Miss !! Jaypee Prsnts 'KENSINGTON BOULEVARD' Appt Sec131 Noida1BR=16.2L2BR=21.2L3BR=37.3L4BR=54.6LGreat Homes -few units left  SMS HD to 5667,hi,iiitd_sms_spam_v1,spam,AD,manual,6a5e81cbc0af,latin-script-hinglish-or-en-IN;not-devanagari,商业促销广告
iiitd_01578,On this Valentines day speak to ur Hearts Content!On E-Rech 17 get FULL TT of Rs17 to be used in same day.Rush now offer till 16 Feb.Reliance,hi,iiitd_sms_spam_v1,spam,AD,manual,0a0470185707,latin-script-hinglish-or-en-IN;not-devanagari,促销/优惠活动广告
iiitd_01579,"Dehydrated?,Worried about winter dryness? Pick a moisturizing facemask & get that glow:
1) Honey & Egg
2) Papaya & Watermelon
3) Multani Mitti & cream
4) Turmeric & Milk Cream
^1/2/3/4
All your replies to Blyk on Aircel are free.",hi,iiitd_sms_spam_v1,spam,AD,audit_fixpass_iiitd,f09389f4c76c,latin-script-hinglish-or-en-IN;not-devanagari | [fix:HARASS->AD] 问答/竞猜增值短信，非诈骗,问答/竞猜增值短信，非诈骗
iiitd_01580,On this Valentine do something different. Sms Valentine to 54000. Dont have any VALENTINE?sms DOSTF for girls. DOSTM for males to 54000.,hi,iiitd_sms_spam_v1,spam,AD,manual,bc6d4c18363a,latin-script-hinglish-or-en-IN;not-devanagari,商业促销广告
iiitd_01581,"On this Fathers Day,  Know the  Depth of love between you and your Father. SMS DAD (your Name)(Father Name) to 53131. Eg DAD ANIL AMIT Rs3/Sms",hi,iiitd_sms_spam_v1,spam,AD,manual,bc513fbec8ad,latin-script-hinglish-or-en-IN;not-devanagari,商业促销广告
iiitd_01582,On Procuring every Two Policies on 23.09.2011 .Get One Gents Leather Purse . No-Upper Limit & DO Maximum ..SDM,hi,iiitd_sms_spam_v1,spam,AD,manual,102eb0247a6c,latin-script-hinglish-or-en-IN;not-devanagari,商业促销广告
iiitd_01583,JOINING BONUS 6000 SAL UPTO 18K+INC INSURANCE/US PROCESS NOIDA TOP BPO UG/DROP OUT WELCOME EASY & MASSIVE HIRING PLUS DAYSHIFY AVAILABLE SHYNA/9540096662,hi,iiitd_sms_spam_v1,spam,AD,manual,579a85c30a83,latin-script-hinglish-or-en-IN;not-devanagari,招聘广告
iiitd_01584,omedy Special! Suniye superhit filmein Airtel talkies par. Dial keejiye 5101099 (toll-free) aur paayein sirf Rs30/30 din mein 4 filmein,hi,iiitd_sms_spam_v1,spam,AD,manual,8f3554ad7734,latin-script-hinglish-or-en-IN;not-devanagari,免费/赠品促销
iiitd_01585,"omaxe launched commercial plot in sec 79, FBD NR 60mtr  SECTOR RD,  sizes 200,300,500yds @ unbeliable price Rs27500/-DONT MISS LIMITED AVAILABLTY#8860656871",hi,iiitd_sms_spam_v1,spam,AD,manual,7aab978abdbf,latin-script-hinglish-or-en-IN;not-devanagari,房产广告
iiitd_01586,"Omaxe FOREST-SURAJKUND Ultra luxury apartments-2520 sqft onwards,  BSP @Rs.5500/sq. ft,  114 flats only.Licences obtained .Pl call Rajesh 09810238760",hi,iiitd_sms_spam_v1,spam,AD,manual,2631282f10ce,latin-script-hinglish-or-en-IN;not-devanagari,房产广告
iiitd_01587,ollowing additional requirements have been triggered for app#LL36501489. PREMIUM. Pl contact branch for additional details and clear the discrepancies ASAP,hi,iiitd_sms_spam_v1,spam,AD,manual,1062e7d5b5a3,latin-script-hinglish-or-en-IN;not-devanagari,贷款/保险广告
iiitd_01588,Who wrote the National Anthem of India? Choose one: 1) Sarojini Naidu 2) Rabindranath Tagore 3) Mahatma Gandhi ^1/ 2/ 3,hi,iiitd_sms_spam_v1,spam,AD,manual,2680ba26f599,latin-script-hinglish-or-en-IN;not-devanagari,商业促销广告
iiitd_01589,oin PGP+MBA @ the most affordable fee. For MBA Information and spot PLACEMENT OFFER LETTER visit ILI-Indore. call us on 9300320320 www.ilieducation.co,hi,iiitd_sms_spam_v1,spam,AD,manual,326032d3c6bd,latin-script-hinglish-or-en-IN;not-devanagari,促销/优惠活动广告
iiitd_01590,"Dirty Picture,Blyk on Aircel thanks you for being a valued member. Here's an exclusive animated trailer for the Dirty Picture. The insider scoop says
Vidya Balan's sexy avatar, itsy bitsy clothes, cleavage-showing blouses and raunchy dance numbers in ''The Dirty Picture'' are receiving jaw-dropping reactions. Fans and trade pundits say the masala movie is expected to beat the musical treat 'Rockstar', the fun-filled 'Desi Boyz' and the action thriller 'Don 2'. 
Don't miss it!",hi,iiitd_sms_spam_v1,spam,HARASS,manual,33a0e97cdc55,latin-script-hinglish-or-en-IN;not-devanagari,Blyk互动问答/骚扰式推销
iiitd_01591,OIDA BEST PROPERTY ON SALEBuy ur DREAM HOME at Noida FNG Expressway Earth Town @ 17.45 lacs.BEST LOCATION at BEST PRICE. Send YES or CALL at 995898448,hi,iiitd_sms_spam_v1,spam,AD,manual,61c9c7dc3bf4,latin-script-hinglish-or-en-IN;not-devanagari,促销/优惠活动广告
iiitd_01592,OGIX the Best builder in NOIDA launch 2/3/4 BHK *18 MONTH Possesn guaranted *100%green facing appartments *NXT 2 Xprsway $ Metro call@801000271,hi,iiitd_sms_spam_v1,spam,AD,manual,a98f91f72484,latin-script-hinglish-or-en-IN;not-devanagari,房产广告
iiitd_01593,og on to www.MySmsIndia.com to send Unlimited Free SMS.Also offers bulk sms services to promote your business by sending sms from your company/brand name,hi,iiitd_sms_spam_v1,spam,AD,manual,b0ea2ed77cf8,latin-script-hinglish-or-en-IN;not-devanagari,促销/优惠活动广告
iiitd_01594,Office space with Personal terrace @12 lac onwrds.. Regal emporia..The 1st mall of Noida Xtn. 12% Assured Return with Bank Guarantee. Sms IN to 54999,hi,iiitd_sms_spam_v1,spam,AD,manual,c754f3fc992a,latin-script-hinglish-or-en-IN;not-devanagari,银行/信用卡广告
iiitd_01595,"Office ke jhamelon se pareshan?Ab mobile par naukari dhoondo,  Dial *234*993# aur Paaiye anginat job vacancies apne mobile par. For Jeevansaathi Dial *234*367#",hi,iiitd_sms_spam_v1,spam,AD,manual,0bdf698c3a28,latin-script-hinglish-or-en-IN;not-devanagari,商业促销广告
iiitd_01596,"Office & Showroom Interior, Modular Kitchen, Wooden Flooring, Window Blinds, Furniture Work Etc.For More Query Call Us Now: 9910022988 Or Email Us:- info@luxein.com",hi,iiitd_sms_spam_v1,spam,AD,manual,f787a7fe589e,latin-script-hinglish-or-en-IN;not-devanagari,商业促销广告
iiitd_01597,"Offer: 5 Lac Bulk SMS 2.5 Paisa/SMS,  10 Lac Bulk SMS 2 Paisa/SMS. Database FREE,  Limited Offer,  Visit Website & Register: www.nimbusitsolutions.com",hi,iiitd_sms_spam_v1,spam,AD,manual,e53892b14c70,latin-script-hinglish-or-en-IN;not-devanagari,促销/优惠活动广告
iiitd_01598,"Offer: 5 Lac Bulk SMS 2.5 Paisa/SMS,  10 Lac Bulk SMS 2 Paisa/SMS. Database FREE,  Web Design @ 3995 INR for 7 Pages. Visit : www.nimbusitsolutions.com",hi,iiitd_sms_spam_v1,spam,AD,manual,e53892b14c70,latin-script-hinglish-or-en-IN;not-devanagari,促销/优惠活动广告
iiitd_01599,"Offer only for 1st 51 customer Earn 50, 000 in One Shot in Stock&commodity..FOR MORE DETAIL SMS ACCURATE TO 9243000111.",hi,iiitd_sms_spam_v1,spam,AD,manual,d8eb5c31e97a,latin-script-hinglish-or-en-IN;not-devanagari,促销/优惠活动广告
iiitd_01600,Who started the First Freedom Movement in India? 1) Subhash Chandra Bose 2) Mangal Pandey 3) Bhagat Singh ^1/ 2/ 3 All your replies to Blyk on Aircel are free.,hi,iiitd_sms_spam_v1,spam,AD,audit_fixpass_iiitd,1c4820eca331,latin-script-hinglish-or-en-IN;not-devanagari | [fix:HARASS->AD] 问答/竞猜增值短信，非诈骗,问答/竞猜增值短信，非诈骗
iiitd_01601,"Tallest Waterfall,Can you guess the name of the tallest waterfall in India as well as Asia?
1) Pawa Waterfall
2) Jog Waterfall
3) Sultan Garh Waterfall
^1/ 2/ 3
Reply within 24 hrs to know the answer.",hi,iiitd_sms_spam_v1,spam,AD,audit_fixpass_iiitd,0a79e4a37421,latin-script-hinglish-or-en-IN;not-devanagari | [fix:HARASS->AD] 问答/竞猜增值短信，非诈骗,问答/竞猜增值短信，非诈骗
iiitd_01602,"Offer on NatureFresh Oliante, olive oil frm Spain, b/w1-10April.Buy 500ml-Get Rs75 off+250ml Free.Buy1L-Get Rs 250 off.Rs 750 off on5L.T&C Apply.sms NFO to 56677",hi,iiitd_sms_spam_v1,spam,AD,manual,a281a1a947e2,latin-script-hinglish-or-en-IN;not-devanagari,促销/优惠活动广告
iiitd_01603,Offer Of the day only for you! Recharge with 999 for your Mblaze and get unlimited upload and download free for 30 days.T&C Apply,hi,iiitd_sms_spam_v1,spam,AD,manual,3843909ccd31,latin-script-hinglish-or-en-IN;not-devanagari,充值/话费优惠促销
iiitd_01604,oday is your Due Date for your Tata Indicom Broadband bill for APR. Kindly pay 881.3 to avoid interruption in services.Please ignore if paid,hi,iiitd_sms_spam_v1,spam,AD,manual,e7ec89dd819f,latin-script-hinglish-or-en-IN;not-devanagari,维修服务广告
iiitd_01605,JUSTDIAL is looking for  Business Associates  from Noida area. You can earn over Rs. 50000 pm. To know more call 22222222 or visit reseller.justdial.com,hi,iiitd_sms_spam_v1,spam,AD,manual,139d953a9b7b,latin-script-hinglish-or-en-IN;not-devanagari,商业促销广告
iiitd_01606,ocal SMS sirf 10paise/SMS mein! Recharge karein Rs34 se aur paayein 340 Local SMS. Validity - 30 din,hi,iiitd_sms_spam_v1,spam,AD,manual,e83453860cb7,latin-script-hinglish-or-en-IN;not-devanagari,充值/话费优惠促销
iiitd_01607,ocal calls sabhi mobile par 60p/min poore 90 din ke liye kewal Rs57 ke Easy Recharge se. Apne Khaas Airtel offer ke liye dial karein 12131(muft),hi,iiitd_sms_spam_v1,spam,AD,manual,1d283a084583,latin-script-hinglish-or-en-IN;not-devanagari,充值/话费优惠促销
iiitd_01608,obile kharidne ya bechne ke liye dial karein *321*669# (toll-free) aur subscribe karein Mobile Bazaar kewal Rs10/10 Din mein,hi,iiitd_sms_spam_v1,spam,AD,manual,d8496234b3d9,latin-script-hinglish-or-en-IN;not-devanagari,免费/赠品促销
iiitd_01609,ob alerts pack! Ab payein manpasand Jobs alerts ke saath 10 din ke liye Career tips bhi sirf Rs10/10 din mein. Airtel mobile se dial karein *321*663# (muft),hi,iiitd_sms_spam_v1,spam,AD,manual,acd420f4d31e,latin-script-hinglish-or-en-IN;not-devanagari,商业促销广告
iiitd_01610,o to http://m.google.co.in?dc=gnt on your device's browse,hi,iiitd_sms_spam_v1,spam,NEEDS_REVIEW,audit_fixpass_iiitd,e598b91d51f4,latin-script-hinglish-or-en-IN;not-devanagari | [fix:TRANSACTION->NEEDS_REVIEW] 残缺链接无法判断,残缺链接无法判断
iiitd_01611,o solve All your Credit Card&Loan Problems-IMMEDIATE RELIEF-FREE CONSULTING LEGAL HELP CENTRE-CALL-9591217593/741112356,hi,iiitd_sms_spam_v1,spam,AD,manual,9afc043bf4fd,latin-script-hinglish-or-en-IN;not-devanagari,贷款/保险广告
iiitd_01612,"Love Triangle,Who would you like to see Bella end-up with in the ?Twilight Saga??
1) Edward Cullen
2) Jacob Black
^1/2
Reply within 24hrs to get a video clip.",hi,iiitd_sms_spam_v1,spam,AD,audit_fixpass_iiitd,5a56bdffbdce,latin-script-hinglish-or-en-IN;not-devanagari | [fix:HARASS->AD] 问答/竞猜增值短信，非诈骗,问答/竞猜增值短信，非诈骗
iiitd_01613,"Your number has won 700,000 in coca-cola 2011.To receive   your Award send your Name, Address and number to  Mr.Gordon on Email: cocacolaprize56@yahoo.com",hi,iiitd_sms_spam_v1,spam,FRAUD,manual,f2b5a3f0f46d,latin-script-hinglish-or-en-IN;not-devanagari,假中奖诈骗，声称用户已中奖
iiitd_01614,Who is your favorite author? ^Your Favorite Author Reply within 24 hrs to help us get to know you better.,hi,iiitd_sms_spam_v1,spam,AD,audit_fixpass_iiitd,5d4d21eb32ca,latin-script-hinglish-or-en-IN;not-devanagari | [fix:HARASS->AD] 问答/竞猜增值短信，非诈骗,问答/竞猜增值短信，非诈骗
iiitd_01615,o solve all your credit card & loan problems immediate relief - FREE Consulting legal help center -9871968068/914148391,hi,iiitd_sms_spam_v1,spam,AD,manual,0aad8d0de734,latin-script-hinglish-or-en-IN;not-devanagari,贷款/保险广告
iiitd_01616,o Remember 45454545 (Hello 45) for any kind of product/service information for Delhi & NCR. Every 100th caller will be gifted Bentley tie,hi,iiitd_sms_spam_v1,spam,AD,manual,b8086084cf19,latin-script-hinglish-or-en-IN;not-devanagari,免费/赠品促销
iiitd_01617,o Regular/Part- Time MBA/MS from Stratford University (USA) in India. Hurry!!! Last Date for Admission 23-Aug. For Details Contact MAII: 991059544,hi,iiitd_sms_spam_v1,spam,AD,manual,175802942a39,latin-script-hinglish-or-en-IN;not-devanagari,教育/课程招生广告
iiitd_01618,o More Hair Fall & Dandruff ! Get New Hair ! Buy Ayurvedic Nisargalaya Hair oil Rs999/-FREE HEAD MASSAGER!Guaranteed Result.No side Effects.Cal 931272233,hi,iiitd_sms_spam_v1,spam,AD,manual,2f78fdbcc8b8,latin-script-hinglish-or-en-IN;not-devanagari,免费/赠品促销
iiitd_01619,O filter every Three month service karwaye aur paani se utpan bimari se bache for SERVICE / AMC ke liye Call karey- 931122024,hi,iiitd_sms_spam_v1,spam,AD,manual,8fe4526409fb,latin-script-hinglish-or-en-IN;not-devanagari,维修服务广告
iiitd_01620,JUSTDIAL is looking for Business Associates  from Bangalore area. You can earn over Rs. 50000 pm. To know more call 28888888 or visit reseller.justdial.com,hi,iiitd_sms_spam_v1,spam,AD,manual,139d953a9b7b,latin-script-hinglish-or-en-IN;not-devanagari,商业促销广告
iiitd_01621,o 1 chip level repair/training center for laptop & desktops with 15 years reliable service. Microworld computer lab ph:9945071823. www.microworldrepairs.co,hi,iiitd_sms_spam_v1,spam,AD,manual,41778b5c41ce,latin-script-hinglish-or-en-IN;not-devanagari,教育/课程招生广告
iiitd_01622,nx4ur entry.U cud win a Suzuki GS150R bike hourly.Mega prize-1 Suzuki Hayabusa bike!V'l revert if u r shortlisted.Pls keep this cap/label4validation.T&Cs Appl,hi,iiitd_sms_spam_v1,spam,AD,manual,6586674492cc,latin-script-hinglish-or-en-IN;not-devanagari,有奖活动促销
iiitd_01623,"Blyk Facemash!,One half of this facemash is Asin of the Ghajini fame. Who is the other one?
1) Freida Pinto
2) Genelia D'Souza
3) Anushka Sharma
^1/ 2/ 3
Reply within 24 hrs to get the buzz on her next release.",hi,iiitd_sms_spam_v1,spam,AD,audit_fixpass_iiitd,7ff59af02646,latin-script-hinglish-or-en-IN;not-devanagari | [fix:HARASS->AD] 问答/竞猜增值短信，非诈骗,问答/竞猜增值短信，非诈骗
iiitd_01624,nvst Rs16lac in fuly furnshd office space&amp; Earn Rs16K P.M wid bank gaurantee.NoidaExt.Hurry booking open avail best location &amp; inaugural disc. Sms IFI S?5303,hi,iiitd_sms_spam_v1,spam,AD,manual,5d92837e04f1,latin-script-hinglish-or-en-IN;not-devanagari,购物/预订广告
iiitd_01625,nterested to keep your Nokia secure from theft? You can with F-Secure Mobile Security. Download free trial: http://store.ovi.com/publisher/F-Secure/?cid=f,hi,iiitd_sms_spam_v1,spam,AD,manual,f8faf2948c86,latin-script-hinglish-or-en-IN;not-devanagari,免费/赠品促销
iiitd_01626,Who do you want to be like? Your role model: 1) Sports Person 2) Actor 3) Politician ^ 1/ 2/ 3 Send the name of your role model if the above does not apply,hi,iiitd_sms_spam_v1,spam,AD,manual,2420a0227ffd,latin-script-hinglish-or-en-IN;not-devanagari,商业促销广告
iiitd_01627,nstall German Based SVS POWER SAVER & save upto 50% electric bill(100% result) Govt. Apprvd.+3months Money Back)free fitting. Only Rs-1250. Call-9717954806,hi,iiitd_sms_spam_v1,spam,AD,manual,22b7d5a876fe,latin-script-hinglish-or-en-IN;not-devanagari,免费/赠品促销
iiitd_01628,NSE Buy JIKINDS(511618) at 16.60 sl 15 target 25 & 29 BUY IN BUNCH COMPANY TAKE OVER NEW 5 finance company buy and Make SURE Profit.www.focusinvestment.i,hi,iiitd_sms_spam_v1,spam,AD,manual,e659a25bf3ee,latin-script-hinglish-or-en-IN;not-devanagari,购物/预订广告
iiitd_01629,NR Switch N Radio are looking for fresh engg grads in EC and EE. 8 weeks Training in GSM and CDMA. Registration and Test on 11 Apr For Details Call 0969021234,hi,iiitd_sms_spam_v1,spam,AD,manual,ac4b05012c86,latin-script-hinglish-or-en-IN;not-devanagari,教育/课程招生广告
iiitd_01630,Now you can transfer your account balance to your dear one when in need just dial *122*166# starting Rs5 to Rs100 in a day.T&Capply.Hurry,hi,iiitd_sms_spam_v1,spam,AD,audit_fixpass_iiitd,ecbe81227c39,latin-script-hinglish-or-en-IN;not-devanagari | [fix:TRANSACTION->AD] 余额转赠业务推广,账户余额/信息查询指引
iiitd_01631,Now with Hungama Pack RC 6 enjoy STD @40p/min and Local calls @60p/min with 15 days validity !,hi,iiitd_sms_spam_v1,spam,AD,manual,b1973b98553d,latin-script-hinglish-or-en-IN;not-devanagari,商业促销广告
iiitd_01632,Now watch live coverage of the ICC CRICKET WORLD CUP 2011 from ESPN STAR Sports on WWW.ESPNSTAR.COM/CWCLIVE Coverage starts from 2 pm 19th February,hi,iiitd_sms_spam_v1,spam,AD,manual,93ae42e8f024,latin-script-hinglish-or-en-IN;not-devanagari,商业促销广告
iiitd_01633,"Now u can enjoy Love tips, picture messages, Ringtones, Shivratri special, Jokes, Horoscope, Cricket, News, Suvichar, Shayari aur bahut kuchh Dial *56300# free.",hi,iiitd_sms_spam_v1,spam,AD,manual,be3419695be1,latin-script-hinglish-or-en-IN;not-devanagari,彩铃/音乐服务广告
iiitd_01634,"Blooper or Brilliant?,Socks with Sandals - A fashion blunder?
^ Yes / No
Reply within 24hrs to know some tricks to avoid fashion faux pas.",hi,iiitd_sms_spam_v1,spam,AD,audit_fixpass_iiitd,153500d41a17,latin-script-hinglish-or-en-IN;not-devanagari | [fix:HARASS->AD] 问答/竞猜增值短信，非诈骗,问答/竞猜增值短信，非诈骗
iiitd_01635,"Now SMS at affordable rate! Get 10 Local/National SMS per day (valid till midnight) at a charge of Re1/day for 30 days. To subscribe,  dial *777*1# (toll free).",hi,iiitd_sms_spam_v1,spam,HARASS,manual,cf61db5ca3bc,latin-script-hinglish-or-en-IN;not-devanagari,高薪诱惑
iiitd_01636,Now Send Messages on DND Number Tension Free. Services at very attractive prices. For Booking Contact @ 09350073232,hi,iiitd_sms_spam_v1,spam,AD,manual,03645b41588c,latin-script-hinglish-or-en-IN;not-devanagari,免费/赠品促销
iiitd_01637,Now Rchg 40pack available for Pay Per Call & Pay per secnd customers.Get 200 Local R-R min free on E-Rech of Rs40. Validity 30 dys.Reliance,hi,iiitd_sms_spam_v1,spam,AD,manual,3d737cb61f88,latin-script-hinglish-or-en-IN;not-devanagari,免费/赠品促销
iiitd_01638,"White , coffee , Khakhi , Red , Aqua in Crocband + Much awaited New DESIGNS Just Arrived @The Arcade , Kazi road , gangtok",hi,iiitd_sms_spam_v1,spam,AD,manual,909d97c8ab04,latin-script-hinglish-or-en-IN;not-devanagari,新品/新款广告
iiitd_01639,"NOW PROMOTE YOUR BRAND BY SENDING SMS BY YOUR OWN BRAND NAME. MOST GENUINE DELIVERY,  DASHING RATES,  24X7 CUSTOMER SUPPORT. VISIT WWW.ALLCOM.CO.IN.",hi,iiitd_sms_spam_v1,spam,AD,manual,8932ea850a88,latin-script-hinglish-or-en-IN;not-devanagari,商业促销广告
iiitd_01640,"Now Order & Pay for Dominos Pizza using Mobile App. Goto www.ngpay.com/dominoswap to download app. & Get 25% Off,  Min bill Rs.300.Coupon:AL25A.Vld:30Apr.T&C",hi,iiitd_sms_spam_v1,spam,AD,manual,38c29d8ff620,latin-script-hinglish-or-en-IN;not-devanagari,折扣促销广告
iiitd_01641,"Now manage stress easily at work and home! For simple ways to de-stress,  SMS STR to 54444 (toll-free).",hi,iiitd_sms_spam_v1,spam,AD,manual,5fde961efe02,latin-script-hinglish-or-en-IN;not-devanagari,免费/赠品促销
iiitd_01642,Now know the Creepy & Shocking Secrets of ur Friends & make ur friends astonished by their own top secrets!!SMS TOP <ur frnd name> to 57777 at 3MT eg TOP AMIT,hi,iiitd_sms_spam_v1,spam,AD,manual,99cd4ecb3dd1,latin-script-hinglish-or-en-IN;not-devanagari,商业促销广告
iiitd_01643,Now it is time to give yourself or the women in your life the gift of Good Health. Manipal Hospitals offers Well Women screening package. Pl call 9741080000,hi,iiitd_sms_spam_v1,spam,AD,manual,8fdff2f10e4e,latin-script-hinglish-or-en-IN;not-devanagari,医疗/健康服务广告
iiitd_01644,Now Idea customers can recharge even while roaming in Punjab. So when you run out of balance while roaming just visit any idea retail counter & recharge,hi,iiitd_sms_spam_v1,spam,AD,manual,59e82d531fd0,latin-script-hinglish-or-en-IN;not-devanagari,充值/话费优惠促销
iiitd_01645,"Jobless!,If you loose your job suddenly, what would you do?
1) Beg
2) Borrow
3) Steal
^1/2/3
Reply Within 24 hrs to know what ?Jerry? & ?Nick? did when they lost their job.",hi,iiitd_sms_spam_v1,spam,AD,audit_fixpass_iiitd,d6fcd274fd67,latin-script-hinglish-or-en-IN;not-devanagari | [fix:HARASS->AD] 问答/竞猜增值短信，非诈骗,问答/竞猜增值短信，非诈骗
iiitd_01646,Now Get*SAUNA SLIM BELT(Rs650)&VIBRATION+SAUNA BELT(Rs999)NCR(Rs50 Extra)LoseFAT(5 inch)+FreeSLIM.TEA PH:9311304872/9268250573,hi,iiitd_sms_spam_v1,spam,AD,manual,7ac8c86310fa,latin-script-hinglish-or-en-IN;not-devanagari,免费/赠品促销
iiitd_01647,Now Get*SAUNA SLIM BELT(Rs650)&VIBRATION+SAUNA BELT(Rs999)NCR(Rs50 Extra)LoseFAT(5 inch)+FreeSLIM.TEA PH:9311304872/9268250573,hi,iiitd_sms_spam_v1,spam,AD,manual,7ac8c86310fa,latin-script-hinglish-or-en-IN;not-devanagari,免费/赠品促销
iiitd_01648,Now Get*SAUNA SLIM BELT(Rs650)&*VIBRATION+SAUNA BELT(Rs999)NCR(Rs50 Extra)*Reduce FAT(5 inch)+Free SLIM.TEA PH:9311304872/9268250573,hi,iiitd_sms_spam_v1,spam,AD,manual,1163beb8ebf9,latin-script-hinglish-or-en-IN;not-devanagari,免费/赠品促销
iiitd_01649,Now Get*SAUNA SLIM BELT(Rs650)&*VIBRATION+SAUNA BELT(Rs999)NCR(Rs50 Extra)*Reduce FAT(5 inch)+Free SLIM.TEA PH:7827450410/9268250573,hi,iiitd_sms_spam_v1,spam,AD,manual,1163beb8ebf9,latin-script-hinglish-or-en-IN;not-devanagari,免费/赠品促销
iiitd_01650,Which book of Chetan Bhagat's did you like best? 1) Five Point Someone 2) 2 States 3) The 3 Mistakes Of My Life 4) One Night @ The Call Center ^1/ 2/ 3/ 4,hi,iiitd_sms_spam_v1,spam,AD,manual,5a2026020640,latin-script-hinglish-or-en-IN;not-devanagari,购物/预订广告
iiitd_01651,Now Get*SAUNA SLIM BELT(Rs650) &*VIBRATION+SAUNA BELT(Rs999)*NCR(Rs50 Extra)*Lose FAT(5 inch)+FreeSLIM.TEA *Ph:9311304872/9268250573,hi,iiitd_sms_spam_v1,spam,AD,manual,1163beb8ebf9,latin-script-hinglish-or-en-IN;not-devanagari,免费/赠品促销
iiitd_01652,Now get(2x1)*VIBRATIION BELT(Rs999)&SAUNA SLIM BELT(Rs650)*NCR(Rs50 Extra)ReduceFAT(8 inch)+FreeYOKO Call:9717268132/9311304872,hi,iiitd_sms_spam_v1,spam,AD,manual,dc9ca281e972,latin-script-hinglish-or-en-IN;not-devanagari,免费/赠品促销
iiitd_01653,"Now get SMS2.0 and send 2 FREE COLOUR SMS to ur friends everyday. Also get FREE FIFA, Jokes, Movies content.Click on http://125.21.241.77/d to get SMS2.0 for free.",hi,iiitd_sms_spam_v1,spam,AD,manual,1a68e92ec5ab,latin-script-hinglish-or-en-IN;not-devanagari,娱乐/内容服务广告
iiitd_01654,Now get Savings + Wealth Creation + Guaranteed Returns with no risk of Market fluctuations. All in one Wealth Plan. sms PD to 56070 to know more.,hi,iiitd_sms_spam_v1,spam,AD,manual,777d040e34bc,latin-script-hinglish-or-en-IN;not-devanagari,商业促销广告
iiitd_01655,Now get Savings + Wealth Creation + Guaranteed Returns with no risk of Market fluctuations. All in one Wealth Plan. SMS PD to 56070 to know more.,hi,iiitd_sms_spam_v1,spam,AD,manual,777d040e34bc,latin-script-hinglish-or-en-IN;not-devanagari,商业促销广告
iiitd_01656,"Federer Wins!,How many times has Roger Federer won the ATP Tour Finals?
1) 4
2) 5
3) 6
4) I'm not interested in Tennis
^1/ 2/ 3/ 4
Reply within 24 hrs to get a video FREE from Blyk on Aircel.",hi,iiitd_sms_spam_v1,spam,AD,audit_fixpass_iiitd,15a4119f7871,latin-script-hinglish-or-en-IN;not-devanagari | [fix:FRAUD->AD] 问答/竞猜增值短信，非诈骗,问答/竞猜增值短信，非诈骗
iiitd_01657,Now get Savings + Wealth Creation + Guaranteed Returns with no risk of Market fluctuations.  All in one Wealth Plan. sms PD to 56070 to know more,hi,iiitd_sms_spam_v1,spam,AD,manual,777d040e34bc,latin-script-hinglish-or-en-IN;not-devanagari,商业促销广告
iiitd_01658,"Now get Rs.1000 OFF on safe treatment of Hairfall,  Skin diseases,  poor immunity,  allergies. Call Dr.Batras at 18002096767 to book your appointment.Ltd Offer",hi,iiitd_sms_spam_v1,spam,AD,manual,2a6e1bc3dc48,latin-script-hinglish-or-en-IN;not-devanagari,医疗/健康服务广告
iiitd_01659,Now GET RID OFF-Cockroach-Termite-Bedbug-Rats-Any Pest4Best DEALS inPestControlServices/Chemical/Herbal/OdorlessDIAL-N-ASK011-62222222,hi,iiitd_sms_spam_v1,spam,AD,manual,4c881713354f,latin-script-hinglish-or-en-IN;not-devanagari,贷款/保险广告
iiitd_01660,Now GET RID OFF -Cockroach -Termite -Bedbug -Rats -Any Pest 4Best DEALS in PestControlServices/ Chemical/Herbal/Odorless DIAL-N-ASK 011-62222222,hi,iiitd_sms_spam_v1,spam,AD,manual,4c881713354f,latin-script-hinglish-or-en-IN;not-devanagari,贷款/保险广告
iiitd_01661,Now GET RID OF -Cockroach -Termite -Bedbug -Rats -Any Pest 4Best DEALS in PestControlServices/ Chemical/Herbal/Odorless DIAL-N-ASK 080-62222222,hi,iiitd_sms_spam_v1,spam,AD,manual,fde1c99ef641,latin-script-hinglish-or-en-IN;not-devanagari,贷款/保险广告
iiitd_01662,"Where to celebrate 31st night? Call ZatSe, Aap Ki Information helpline at 011-68006800 for details about parties in your area.",hi,iiitd_sms_spam_v1,spam,AD,manual,64ca6664b082,latin-script-hinglish-or-en-IN;not-devanagari,商业促销广告
iiitd_01663,Now GET RID OF -Cockroach -Termite -Bedbug -Rats -Any Pest 4Best DEALS in PestControlServices/ Chemical/Herbal/Odorless DIAL-N-ASK 011-62222222,hi,iiitd_sms_spam_v1,spam,AD,manual,fde1c99ef641,latin-script-hinglish-or-en-IN;not-devanagari,贷款/保险广告
iiitd_01664,Now get instant Rs 17 STD Talktime on recharge for Rs 14 STD Pack with 1days validity! Talk more Pay less on RC14. For other offers Dial 12131,hi,iiitd_sms_spam_v1,spam,AD,audit_fixpass_iiitd,e4ece2b1885b,latin-script-hinglish-or-en-IN;not-devanagari | [fix:TRANSACTION->AD] 充值套餐促销,充值/有效期到期提醒
iiitd_01665,NOW GET FULL TALKTIME ! Recharge Rs55 and get full talktime of Rs55 with 10 Days Validity. Hurry Recharge Now and stay connected with Aircel.,hi,iiitd_sms_spam_v1,spam,AD,manual,815c410a94ba,latin-script-hinglish-or-en-IN;not-devanagari,充值/话费优惠促销
iiitd_01666,Now Get Flat 20% off on Akkriti Mens Kurta -Pyjama Set. Truly a must have for every wardrobe- one does not know when the occasion arises. TC,hi,iiitd_sms_spam_v1,spam,AD,manual,68dc492c3abc,latin-script-hinglish-or-en-IN;not-devanagari,房产广告
iiitd_01667,"Long-Distance Love?,Is long distance affecting your relationship? ^Yes/No
All your replies to Blyk on Aircel are free.",hi,iiitd_sms_spam_v1,spam,AD,audit_fixpass_iiitd,84b8e83a1db8,latin-script-hinglish-or-en-IN;not-devanagari | [fix:HARASS->AD] 问答/竞猜增值短信，非诈骗,问答/竞猜增值短信，非诈骗
iiitd_01668,"Eco-Friendly,Would you like to save the environment?
^Yes / No
Reply within 24hrs to know how to buy wooden products, which do not affect the forest.",hi,iiitd_sms_spam_v1,spam,AD,audit_fixpass_iiitd,5d3fd4f40ecd,latin-script-hinglish-or-en-IN;not-devanagari | [fix:HARASS->AD] 问答/竞猜增值短信，非诈骗,问答/竞猜增值短信，非诈骗
iiitd_01669,"Now do not miss your favorite Tv serials, watch Sony, Zoom and lot More live only on your Aircel Popkorn. Click:",hi,iiitd_sms_spam_v1,spam,AD,manual,a635b7b3cd46,latin-script-hinglish-or-en-IN;not-devanagari,商业促销广告
iiitd_01670,NOW Displaying the NEW Summer Collection at JOHN PLAYERS Dwarka Sec-5 (near HDFC Bank),hi,iiitd_sms_spam_v1,spam,AD,manual,433727cca1d1,latin-script-hinglish-or-en-IN;not-devanagari,新品/新款广告
iiitd_01671,"Now consecutive 18 circuits left in Bhoruka Alum (506027) till Rs. 30, Buy strongly, visit bse web for bonus details, valuation stays at Rs. 30, Buy in bulk",hi,iiitd_sms_spam_v1,spam,AD,manual,e4b90a3988a1,latin-script-hinglish-or-en-IN;not-devanagari,购物/预订广告
iiitd_01672,Now Book Round Trip Air Tickets at www.EaseMytrip.in and Save Upto Rs.3000/-  Click on LCC RoundTrip Fares on Search Box For Best Price www.EaseMyTrip.in,hi,iiitd_sms_spam_v1,spam,AD,manual,534cc38568c6,latin-script-hinglish-or-en-IN;not-devanagari,电商/旅游促销
iiitd_01673,"Now Book 4 Star Hotel Kohinoor Continental-Near Mumbai Int. Airport On Mobile http://m.hotelkohinoorcontinental.com ,  Give Us Your Feedback",hi,iiitd_sms_spam_v1,spam,AD,manual,76192c120725,latin-script-hinglish-or-en-IN;not-devanagari,购物/预订广告
iiitd_01674,Now attain spiritual enlightenment through the revelations of the sacred word of Allah. Get Koran verses everday thru FREE sms. Sms JOIN KORAN to 09219592195,hi,iiitd_sms_spam_v1,spam,AD,manual,a7fc821941f9,latin-script-hinglish-or-en-IN;not-devanagari,免费/赠品促销
iiitd_01675,"When you're thirsty, what do you reach out for? 1) A cold drink 2) Tetra-packed Juice 3) A glass of water 4) Fresh juice ^1 2/ 3/ 4 All replies are FREE!",hi,iiitd_sms_spam_v1,spam,AD,manual,5c1d0e9ef301,latin-script-hinglish-or-en-IN;not-devanagari,免费/赠品促销
iiitd_01676,"now APPEALs winter SALE is upto 60%off on most of the garments only few days left. for MORE OFFERS visit at Shipra, Dlf, Rajouri, His-appeal&UTURN.",hi,iiitd_sms_spam_v1,spam,AD,manual,17e2bc061ec8,latin-script-hinglish-or-en-IN;not-devanagari,促销/优惠活动广告
iiitd_01677,Now a Saving plan that gives you Guaranteed Returns irrespective of market fluctuations. SMS PD to 56070 to know more.,hi,iiitd_sms_spam_v1,spam,AD,manual,f2566da6b4e1,latin-script-hinglish-or-en-IN;not-devanagari,商业促销广告
iiitd_01678,"NOW 50% off on AllReadymade Suits, open all 7 days, All STORES BOMBAY SELECTIONS",hi,iiitd_sms_spam_v1,spam,AD,manual,bee856ffa40a,latin-script-hinglish-or-en-IN;not-devanagari,折扣促销广告
iiitd_01679,"Lady Don 2,Who is Shahrukh Khan?s female gangster companion in Don 2?
1) Lara Dutta
2) Deepika Padukone
3) Kareena Kapoor
^1/2/3
Reply within 24hrs to get a song clip.",hi,iiitd_sms_spam_v1,spam,AD,audit_fixpass_iiitd,f312094ad7ae,latin-script-hinglish-or-en-IN;not-devanagari | [fix:HARASS->AD] 问答/竞猜增值短信，非诈骗,问答/竞猜增值短信，非诈骗
iiitd_01680,"Now,  Write Loooooong 140 character messages @ WAY2SMS.COM. Express more...Visit WAY2SMS.COM Now. - Enjoy SMSing WAY2SMS TEAM",hi,iiitd_sms_spam_v1,spam,AD,manual,1a475affd30b,latin-script-hinglish-or-en-IN;not-devanagari,商业促销广告
iiitd_01681,"Now,  Write Loooooong 140 character messages @ WAY2SMS.COM. Express more...Visit WAY2SMS.COM Now.-Enjoy SMSingWAY2SMS TEAM",hi,iiitd_sms_spam_v1,spam,AD,manual,1a475affd30b,latin-script-hinglish-or-en-IN;not-devanagari,商业促销广告
iiitd_01682,"Nova Medical Centers Sadashivanagar launches WellWomen package Rs.2100 now at Rs.799 on Occasion of Womens Day Consult our gynaecologist 9986228724,9902340957",hi,iiitd_sms_spam_v1,spam,AD,manual,2cee71940ff8,latin-script-hinglish-or-en-IN;not-devanagari,商业促销广告
iiitd_01683,"Nova Medical Centers, conducts a shoulder Pain clinic on Mar 5th.Consult our renowned shoulder specialists Dr.Mahesh Reddy & Dr.Jatty Call-9686578312,9980295914",hi,iiitd_sms_spam_v1,spam,AD,manual,6310e639d56a,latin-script-hinglish-or-en-IN;not-devanagari,商业促销广告
iiitd_01684,Not satisfied with ur existing bulk sms provider. Buy SMS service as low as 2 paisa/sms from SMSC visit www.SmscGateway.in - Resellers Invited.,hi,iiitd_sms_spam_v1,spam,AD,manual,a66480c43281,latin-script-hinglish-or-en-IN;not-devanagari,购物/预订广告
iiitd_01685,NON-STOP INTERNET. Enjoy UNLIMITED BROWSING with Pocket Internet. Dial *234*98# OR visit your retailer & recharge PI98 to enjoy unlimited High Speed Internet.,hi,iiitd_sms_spam_v1,spam,AD,manual,f8a9a6965882,latin-script-hinglish-or-en-IN;not-devanagari,充值/话费优惠促销
iiitd_01686,"WHATS YOUR NUMBER contest is bck, Now Get15Grams SiverCoin on 1case & Get Silver+Titan WristWatch on 2Cases, Also U hv chance 2 win GOLD COIN - via WAY2SMS.COM",hi,iiitd_sms_spam_v1,spam,AD,audit_fixpass_iiitd,50c28c7b68b1,latin-script-hinglish-or-en-IN;not-devanagari | [fix:FRAUD->AD] Whats Your Number 竞赛促销,虚假银币奖励诱导
iiitd_01687,NON-STOP INTERNET. Enjoy UNLIMITED BROWSING with Pocket Internet. Dial *234*2900# OR visit your retailer & recharge PI29 to enjoy unlimited High Speed Internet.,hi,iiitd_sms_spam_v1,spam,AD,manual,f8a9a6965882,latin-script-hinglish-or-en-IN;not-devanagari,充值/话费优惠促销
iiitd_01688,NON-STOP INTERNET and DOWNLOADING with Pocket Internet. Dial *234*98# and get Games at a special price of Rs.3 everyday. Click and play: http://goo.gl/iRrIJ,hi,iiitd_sms_spam_v1,spam,AD,manual,a788483f3097,latin-script-hinglish-or-en-IN;not-devanagari,娱乐/内容服务广告
iiitd_01689,NON-STOP INTERNET and DOWNLOADING with Pocket Internet. Dial *234*2900# and get Games at a special price of Rs.3 everyday. Click and play: http://goo.gl/iRrIJ,hi,iiitd_sms_spam_v1,spam,AD,manual,a788483f3097,latin-script-hinglish-or-en-IN;not-devanagari,娱乐/内容服务广告
iiitd_01690,"Bond Girl?,Which Indian actress you would like to see as Bond Girl?
1) Bipasha
2) Kareena
3) Katrina
^1/ 2/ 3
Reply within 24 hrs to know who's the next Bond Girl.",hi,iiitd_sms_spam_v1,spam,AD,audit_fixpass_iiitd,d2f348c78e0d,latin-script-hinglish-or-en-IN;not-devanagari | [fix:HARASS->AD] 问答/竞猜增值短信，非诈骗,问答/竞猜增值短信，非诈骗
iiitd_01691,"WHATS YOUR NUMBER CONTEST, Get15 Grams SilverCoin on 1case & Get15 Grams Silver + Titan WristWatch on 2cases subject to min prem.of 10K.....-160by2.com {Catch the legendry detective SHERLOCK HOLMES in an all new avatar. In cinemas 8 Jan'10}",hi,iiitd_sms_spam_v1,spam,HARASS,manual,de0acaf67c9d,latin-script-hinglish-or-en-IN;not-devanagari,代发短信/网络兼职骚扰
iiitd_01692,"Nokia E7 - the ultimate business smartphone. View & edit office documents,  sync to work emails and do lots more with Ovi apps. http://ct.nokia.com/?587335969",hi,iiitd_sms_spam_v1,spam,AD,manual,8d3b2be3137f,latin-script-hinglish-or-en-IN;not-devanagari,商业促销广告
iiitd_01693,"Nokia E7 - the ultimate business smartphone. View & edit office documents,  sync to work emails and do lots more with Ovi apps. http://ct.nokia.com/?543705272",hi,iiitd_sms_spam_v1,spam,AD,manual,8d3b2be3137f,latin-script-hinglish-or-en-IN;not-devanagari,商业促销广告
iiitd_01694,"NOKIA E5 ya Rs15000 tak CASH ho sakta hai aapka 1 sahi jawaab deker Q)Supreme Court kaha hai ? A)Delhi B)Hisar Reply A or B to 57272,Rs2/sms",hi,iiitd_sms_spam_v1,spam,AD,manual,3b65d1cd466e,latin-script-hinglish-or-en-IN;not-devanagari,商业促销广告
iiitd_01695,"NOIDA Hottest Property On Express Way * Today Homes Ridge Residency at Sec 135 with2,3,4 BHK available in 2370p/sq. fts *For Query call@9250230534",hi,iiitd_sms_spam_v1,spam,AD,manual,76a5787270e2,latin-script-hinglish-or-en-IN;not-devanagari,房产广告
iiitd_01696,"Noida Expressway option to book 2/3/4 BHK Flats at Logix Blossom Greens Sec-143,  Possession 18Mnts,  BSP @ 2700/- Psqft,  Estate Promoters 9911655750,9911571106",hi,iiitd_sms_spam_v1,spam,AD,manual,7be796b6b8f6,latin-script-hinglish-or-en-IN;not-devanagari,房产广告
iiitd_01697,"Noida Commercial Wave Sec-18  Silver @ 11500/- PSF  Gold @ 12500/- PSF,  Logix Sec-124 @ 8200/- PSF For Best Deal Call 9711131802 /3",hi,iiitd_sms_spam_v1,spam,AD,manual,2d0f0f05f374,latin-script-hinglish-or-en-IN;not-devanagari,促销/优惠活动广告
iiitd_01698,"NOIDA BEST PROPERTY ON SALE, Buy ur DREAM HOME at Noida Ext Earth Town, 2 BHK @ 17.45 lacs onwards.BEST LOCATION at BEST PRICE, Send YES or CALL at 9899315927",hi,iiitd_sms_spam_v1,spam,AD,manual,d28c73566869,latin-script-hinglish-or-en-IN;not-devanagari,房产广告
iiitd_01699,"No worries. Get TRAIN details like latest PNR status, Arrival/Departure timings,  Train Time Table,  Fare & Seat availability by SMS. Type RAIL and SMS it to 139",hi,iiitd_sms_spam_v1,spam,AD,audit_fixpass_iiitd,ebda1eeba8d5,latin-script-hinglish-or-en-IN;not-devanagari | [fix:TRANSACTION->AD] 充值套餐/增值服务促销,充值套餐/增值服务促销
iiitd_01700,"No network,  switched off ya low batt! Call miss ho gayi,  koi baat nahin! Ab Rs.15/mth mein chinta door. SMS MCA R to 58999 aur pao har missed call ke SMS alert!",hi,iiitd_sms_spam_v1,spam,AD,manual,9defece02a02,latin-script-hinglish-or-en-IN;not-devanagari,充值优惠：Missed Call Alert服务订阅促销
iiitd_01701,"Wild Ride,India?s first dirt bike makes its debut in 2012 Auto Expo!
What?s it called?
1) KTM Duke 125
2) KTM Duke 200
^1/2
All your replies to Blyk on Aircel are free.",hi,iiitd_sms_spam_v1,spam,AD,audit_fixpass_iiitd,984958af567e,latin-script-hinglish-or-en-IN;not-devanagari | [fix:HARASS->AD] 问答/竞猜增值短信，非诈骗,问答/竞猜增值短信，非诈骗
iiitd_01702,No more fear of market fluctuations. Secure your gains by investing in ICICI Pru life policy to get guaranteed returns on maturity and tax benefit. For m,hi,iiitd_sms_spam_v1,spam,AD,manual,7b8f102760eb,latin-script-hinglish-or-en-IN;not-devanagari,保险产品：ICICI Pru投资型保险推广
iiitd_01703,What were you in your past life? find out your inside past. SMS Past to 55352. ex: SMS as Past 15/08/1975 to 55352. Rs.3/SMS,hi,iiitd_sms_spam_v1,spam,HARASS,manual,83fdf31f11aa,latin-script-hinglish-or-en-IN;not-devanagari,追踪/窥探类：付费查看前世/内心秘密
iiitd_01704,"No holidays! No Sundays! Now Send and Receive money instantly, anytime from your mobile. Contact your bank to know more or visit www.npci.org.in/aboutIMPS.aspx",hi,iiitd_sms_spam_v1,spam,AD,audit_fixpass_iiitd,3e173c172c92,latin-script-hinglish-or-en-IN;not-devanagari | [fix:TRANSACTION->AD] 充值套餐/增值服务促销,充值套餐/增值服务促销
iiitd_01705,"NO EMI TILL POSSESSION. Today group on Noida Exprsway offer once upon life time offer 2BR-930sft-Rs15, 046pm Sample appt ready 5min from Amity 9999975317",hi,iiitd_sms_spam_v1,spam,AD,manual,8120e99fc1e1,latin-script-hinglish-or-en-IN;not-devanagari,房产广告：Noida公寓NO EMI促销
iiitd_01706,nlimited SMS! Recharge karein Rs98 se aur payein Unlimited Local aur National SMS (upto 700 SMS/Day) poore 30 din ke liye,hi,iiitd_sms_spam_v1,spam,AD,manual,9d16166cb500,latin-script-hinglish-or-en-IN;not-devanagari,短信套餐：无限本地/全国短信包促销
iiitd_01707,nlimited SMS! Recharge karein Rs88 se aur payein Unlimited Local aur National SMS (upto 700 SMS/Day) poore 30 din ke liye,hi,iiitd_sms_spam_v1,spam,AD,manual,9d16166cb500,latin-script-hinglish-or-en-IN;not-devanagari,短信套餐：无限本地/全国短信包促销
iiitd_01708,NLIMITED INTERNET WIMAX BROADBAND CONNECTION NOW AVAILABLE IN YOUR AREA.NO SD/INSTALLATION CHARGES.NO DIGGING/LANDLINE BILLS. T&C APPLY CALL/SMS Mb:9343133078,hi,iiitd_sms_spam_v1,spam,AD,manual,c62502a197ed,latin-script-hinglish-or-en-IN;not-devanagari,宽带服务：WiMAX宽带连接推广
iiitd_01709,nlimited Internet surfing/downloading(upto 2GB ) for 30 days! Just recharge your Airtel mobile with Rs98 to avail the benefit. Charges post free usage-30p/50K,hi,iiitd_sms_spam_v1,spam,AD,manual,2591d6417fb7,latin-script-hinglish-or-en-IN;not-devanagari,上网套餐：2GB/30天网络流量包促销
iiitd_01710,nlimited internet surfing (200 MB tak) poore 3 din ke liye sirf Rs18 mein! Dial karein *567*13# ya Rs18 se recharge karein. Free usage ke baad charge 30p/50KB,hi,iiitd_sms_spam_v1,spam,AD,manual,aea397178fcc,latin-script-hinglish-or-en-IN;not-devanagari,上网套餐：200MB/3天网络流量包促销
iiitd_01711,nlimited internet surfing (200 MB tak poore 3 din ke liye sirf Rs18 mein. Dial karein *567*13# ya Rs18 se recharge karein. Free usage ke baad charge 30p/50KB,hi,iiitd_sms_spam_v1,spam,AD,manual,3575b3ede950,latin-script-hinglish-or-en-IN;not-devanagari,上网套餐：200MB/3天网络流量包促销
iiitd_01712,"Soup Recipes,Warm up your winters with one of these nutritious soups! Choose to get the recipe:
1) Onion Potato Soup
2) Hot and Sour Soup
3) Hot Cheese Soup
^1/ 2/ 3
Reply within 24 hrs to get step by step instructions.",hi,iiitd_sms_spam_v1,spam,AD,audit_fixpass_iiitd,a44f4214be15,latin-script-hinglish-or-en-IN;not-devanagari | [fix:HARASS->AD] 问答/竞猜增值短信，非诈骗,问答/竞猜增值短信，非诈骗
iiitd_01713,nlimited internet surf karein (200 MB tak) poore 3 din ke liye sirf Rs18 mein! Dial karein *567# ya Rs18 se recharge karein. Free usage ke baad charge 30p/50K,hi,iiitd_sms_spam_v1,spam,AD,manual,6477725fa3e9,latin-script-hinglish-or-en-IN;not-devanagari,上网套餐：200MB/3天网络流量包促销
iiitd_01714,nlimited dream jobs only for you matching ur needs & salary interests only on JobsOnPhone.Dial 566942 right now to subscribe for only Rs30/month.Call ?Rs 3/mi,hi,iiitd_sms_spam_v1,spam,AD,manual,e02b8591b666,latin-script-hinglish-or-en-IN;not-devanagari,招聘广告：JobsOnPhone求职平台订阅
iiitd_01715,"What were you in your past life? Do you belive in past life ?,  find out your inside past. SMS Past <date of birth> to 55352. ex: SMS as Past 15/08/1975 to 55352. Rs.3/SMS",hi,iiitd_sms_spam_v1,spam,HARASS,manual,67e9a8a57d4f,latin-script-hinglish-or-en-IN;not-devanagari,追踪/窥探类：付费查看前世/内心秘密
iiitd_01716,njoy weekend with Domino's!Get Garlic Bread+Dip FREE on a minimum bill of Rs.350.Now order online at www.dominos.co.in/orderonline. Cpn:NET09.Vld:25july.T&,hi,iiitd_sms_spam_v1,spam,AD,manual,2961f1338c54,latin-script-hinglish-or-en-IN;not-devanagari,零售促销：Domino's披萨优惠
iiitd_01717,njoy Unlimited Trading for Rs. 699 p.m(T & C apply). SMS 'JTN to 56767' for details please visit: www.justtrade.i,hi,iiitd_sms_spam_v1,spam,AD,manual,27e122c37f9a,latin-script-hinglish-or-en-IN;not-devanagari,金融产品：JustTrade无限交易账户推广
iiitd_01718,njoy unlimited internet surfing at night (upto 2GB) and 100MB download from 8am-11.55pm for 30 days. Recharge with just Rs95! Charges post free usage 30p/50K,hi,iiitd_sms_spam_v1,spam,AD,manual,7f8cc41489db,latin-script-hinglish-or-en-IN;not-devanagari,上网套餐：夜间无限流量包促销
iiitd_01719,njoy Outgoing facility while roaming internationally on your Airtel prepaid! For country & tariff details send INTROAM to 170 (free),hi,iiitd_sms_spam_v1,spam,AD,manual,0fcb71687426,latin-script-hinglish-or-en-IN;not-devanagari,充值优惠：国际漫游呼出功能通知
iiitd_01720,njoy life to the maximum with ShivalikGold Capsules for Men made as per ancient healing secrets once restricted to Kings www.shivalikherbals.com M: 950128618,hi,iiitd_sms_spam_v1,spam,HARASS,manual,60aeda1a4e01,latin-script-hinglish-or-en-IN;not-devanagari,保健品骚扰推销：ShivalikGold男性保健品
iiitd_01721,njoy internet on MTNL 3G connection with speed upto 3.6 MBPS @1Paisa/10kb or less. Call 1503 for details,hi,iiitd_sms_spam_v1,spam,AD,manual,db06b7a829ec,latin-script-hinglish-or-en-IN;not-devanagari,宽带服务：MTNL 3G网络连接推广
iiitd_01722,njoy Happy Family Holidays with Club Mahindra! Sign up&amp; Get FREE 32 inch Panasonic LCD TV + 7 days internatnl holiday. Cal 9717902621 or sms HOLIDAY to 5454,hi,iiitd_sms_spam_v1,spam,AD,manual,36cdfcbfacc7,latin-script-hinglish-or-en-IN;not-devanagari,旅游推广：Club Mahindra家庭度假套餐
iiitd_01723,"Coffee Myth,Coffee drinkers are more prone to heart diseases.
1) True
2) False
^1/2
Reply within 24hrs to know a few facts about coffee.",hi,iiitd_sms_spam_v1,spam,AD,audit_fixpass_iiitd,2985d1a4ecb8,latin-script-hinglish-or-en-IN;not-devanagari | [fix:HARASS->AD] 问答/竞猜增值短信，非诈骗,问答/竞猜增值短信，非诈骗
iiitd_01724,njoy Happy Family Holidays with Club Mahindra! Sign up & Get FREE 32 inch Panasonic LCD TV + 7 days internatnl holiday. Call 9958141043 / sms HOLIDAY to 5454,hi,iiitd_sms_spam_v1,spam,AD,manual,36cdfcbfacc7,latin-script-hinglish-or-en-IN;not-devanagari,旅游推广：Club Mahindra家庭度假套餐
iiitd_01725,njoy great offers on McDonalds Home Delivery with McSmiley booklet. Just call 66000666 now and get your own booklet with every order of above Rs 250/-.T&C Ap,hi,iiitd_sms_spam_v1,spam,AD,manual,b41e84e092ea,latin-script-hinglish-or-en-IN;not-devanagari,零售促销：麦当劳McSmiley优惠册
iiitd_01726,njoy 7N/8D stay in Premium Resorts Anywhere in the World at a 70% Discounted Rate of Rs 7000. For Details SMS GOODLIFE to 58888 TnC appl,hi,iiitd_sms_spam_v1,spam,AD,manual,8b2074412a29,latin-script-hinglish-or-en-IN;not-devanagari,旅游推广：全球度假村折扣住宿推广
iiitd_01727,"Your Number has won 365,000 pounds and two mobile phones in the ongoing COCACOLA/UK PROMO. Contact MR. Billy: cocacolaclaimsoffice@yahoo.com +447014233755",hi,iiitd_sms_spam_v1,spam,FRAUD,manual,59d6b57f2d7b,latin-script-hinglish-or-en-IN;not-devanagari,假中奖诈骗：冒充可口可乐/英国促销中奖
iiitd_01728,"What were you in your past life? Do you belive in past life ?,  find out your inside past. SMS Past to 55352. ex: SMS as Past 15/08/1975 to 55352. Rs.3/SMS",hi,iiitd_sms_spam_v1,spam,HARASS,manual,67e9a8a57d4f,latin-script-hinglish-or-en-IN;not-devanagari,追踪/窥探类：付费查看前世/内心秘密
iiitd_01729,NITECH launching NEW Residential Project-Sector 69-Gurgaon.2 and 3 BR Aptts.Budget 45 to 65 Lacs.3 yrs Possession.4 Details Pl SMS your email Id on 880041889,hi,iiitd_sms_spam_v1,spam,AD,manual,632cf730e781,latin-script-hinglish-or-en-IN;not-devanagari,房产广告：Gurgaon住宅项目开盘
iiitd_01730,Nirala launches Aspire  - Noida extn 2/3/4 BHK  - No EMI for 30 mnths  - Corporate rates available  - Hurry for best locations Contact 9560090095,hi,iiitd_sms_spam_v1,spam,AD,manual,bba207b3b553,latin-script-hinglish-or-en-IN;not-devanagari,房产广告：Nirala Aspire公寓NO EMI推广
iiitd_01731,NIRALA launches **ASPIRE* homes *No EMI till possn *Loc-Noida EXTN *Price starting@15.3 lacs *For 100 units Book Now sms DN to 56161 OR Call 8860683241,hi,iiitd_sms_spam_v1,spam,AD,manual,4ba02e8973eb,latin-script-hinglish-or-en-IN;not-devanagari,房产广告：Nirala Aspire公寓开盘促销
iiitd_01732,Nimbus Present Express Park-view 2/3BHK LUXRS FLATS@15.51 onwds *prpsd Metro stn *F1 Racing*Opp 5 StarHotel TajExp way*Gr.Noida SMS EP to 57333/9560184440,hi,iiitd_sms_spam_v1,spam,AD,manual,d23fb539fd8e,latin-script-hinglish-or-en-IN;not-devanagari,房产广告：Nimbus Express Park-view公寓
iiitd_01733,Nimbus Present Express Park-view  2/3BHK LUXRS FLATS@15.51 onwds  *prpsd Metro stn  *F1 Racing*Opp 5 StarHotel TajExp way*Gr.Noida SMS EP to 57333,hi,iiitd_sms_spam_v1,spam,AD,manual,d23fb539fd8e,latin-script-hinglish-or-en-IN;not-devanagari,房产广告：Nimbus Express Park-view公寓
iiitd_01734,"A World Record!,Can you guess, how many songs the legendary singer Asha Bhosle has sung?
1) 11,000
2) 5000
3) 20,000
^1/ 2/ 3
Reply within 24 hrs to get an audio clip of her famous number.",hi,iiitd_sms_spam_v1,spam,AD,audit_fixpass_iiitd,dbb07045b89d,latin-script-hinglish-or-en-IN;not-devanagari | [fix:HARASS->AD] 问答/竞猜增值短信，非诈骗,问答/竞猜增值短信，非诈骗
iiitd_01735,NIMBUS FOOD (531598) CMP 6.50 TRGT 14 in Short Term. Company plans to enter into lucrative segment of Breweries n Distillery. Buy n hold for 1 month,hi,iiitd_sms_spam_v1,spam,AD,manual,04ba3511228f,latin-script-hinglish-or-en-IN;not-devanagari,股票投资建议：Nimbus Food个股推荐
iiitd_01736,NightStore:Discount only from 10PM-10AM:Offer :12MP WebCam with HP Refurbished PC 2.4GHz/512MB/NewTFT @Rs14000.Send TTT PC to 542425. To Unsubscribe TTT UN,hi,iiitd_sms_spam_v1,spam,AD,manual,dc0f8a002ab4,latin-script-hinglish-or-en-IN;not-devanagari,电子产品：夜间折扣电脑/摄像头促销
iiitd_01737,NIGHT DHAMAKA!Ab Aircel laya hai apke liye poore 50 Loc A2A Night Mins sirf Rs3 mein.To intezar kis bat ka?Turant Dial karein *122*552# or labh uthaen.Vdty 1Day,hi,iiitd_sms_spam_v1,spam,AD,manual,5f5d6df2d2ad,latin-script-hinglish-or-en-IN;not-devanagari,充值优惠：Aircel夜间通话分钟促销
iiitd_01738,"NIEC, New Delhi invites u to FNORD 11 annual technocultural fest Date 14,15,16 March Prizes worth Rs 1.5 lac For details www.fnord11.com",hi,iiitd_sms_spam_v1,spam,AD,manual,924c8a855764,latin-script-hinglish-or-en-IN;not-devanagari,活动推广：NIEC FNORD 11技术文化节
iiitd_01739,nglishvocabulary voluble: marked by a ready and continuous flow of words INVITE: Biggest reunion: Kindly visit to see ur invite http://bit.ly/bgstrunio,hi,iiitd_sms_spam_v1,spam,AD,manual,eb2fee510a0a,latin-script-hinglish-or-en-IN;not-devanagari,社交邀请：英语词汇+聚会邀请链接
iiitd_01740,"What were you in your past life?, find out your inside past. SMS Past to 55352. ex: SMS as Past 15/08/1975 to 55352. Rs.3/SMS",hi,iiitd_sms_spam_v1,spam,HARASS,manual,a631441a98d8,latin-script-hinglish-or-en-IN;not-devanagari,追踪/窥探类：付费查看前世/内心秘密
iiitd_01741,nglishvocabulary ululate: to mourn loudly and shrilly AD: Unlimited FREE calls to any mobile try out today http://bit.ly/unlmtdfreecall share wid frnd,hi,iiitd_sms_spam_v1,spam,AD,manual,0bd547ba54c1,latin-script-hinglish-or-en-IN;not-devanagari,上网套餐：免费通话服务推广
iiitd_01742,"NewU-The most happening beauty store now @Maya, 6/18 AJMAL KHAN ROAD, KAROLBAGH.Happy Women's Special-Shop for Rs.250 &get a free gift!!Super Deals, Exciting offers.Rush Now!",hi,iiitd_sms_spam_v1,spam,AD,manual,b577cff23da4,latin-script-hinglish-or-en-IN;not-devanagari,零售促销：NewU美容店女性特惠活动
iiitd_01743,"NEWSLINE4: 7.varshathe neenda bandham upeksichu congressum D.M.K. yum piriyumbol ad mudaledukkan anna d.m.k. *To leave this SMSGupShup grp,  SMS to 092195",hi,iiitd_sms_spam_v1,spam,NEEDS_REVIEW,manual,18d86d9f9ee3,latin-script-hinglish-or-en-IN;not-devanagari,马拉雅拉姆语新闻：内容不明无法判断
iiitd_01744,"NewOffer! Save upto 40\% electricity bill with Power Saver(GOVT. LAB TESTED) Rs.1050/-(free home delivery) 3Yrs. Guarantee Call 9911418813,9718201099",hi,iiitd_sms_spam_v1,spam,AD,manual,40a1e82752f5,latin-script-hinglish-or-en-IN;not-devanagari,电子产品：节电设备Power Saver促销
iiitd_01745,"Home Remedies,Want some home remedies to remove body scars?
^Yes/No
All your replies to Blyk on Aircel are free.",hi,iiitd_sms_spam_v1,spam,AD,audit_fixpass_iiitd,cce4a1eba4b1,latin-script-hinglish-or-en-IN;not-devanagari | [fix:HARASS->AD] 问答/竞猜增值短信，非诈骗,问答/竞猜增值短信，非诈骗
iiitd_01746,New/Old Hindi/Bengali Songs! Call 543213 (tollfree) for DOUBLE music minutes on Airtel Radio offer - Call 543213 now! Hurry - Offer closes today!.,hi,iiitd_sms_spam_v1,spam,AD,manual,ef35e618dcb3,latin-script-hinglish-or-en-IN;not-devanagari,音乐服务：Airtel Radio双倍音乐分钟
iiitd_01747,"New Year Special,  Full Talktime! Rs444 ke recharge par Rs444 ka Full Talktime. Talktime aseemit samay ke liye manya. Offer sirf 31-Dec-10 tak manya.",hi,iiitd_sms_spam_v1,spam,AD,manual,6b58e4f82b8a,latin-script-hinglish-or-en-IN;not-devanagari,充值优惠：新年全额话费充值促销
iiitd_01748,"New year FREE gift pack of 25 Aroma candles n Holders MRP Rs1500 fr members,  just pay Rs 499 as handling charges on delivery.To Order sms CDS to 53636.TnC apply",hi,iiitd_sms_spam_v1,spam,AD,manual,d1d9e5e50052,latin-script-hinglish-or-en-IN;not-devanagari,零售促销：新年免费礼品蜡烛促销
iiitd_01749,"New Year FREE Gift,  Get FREE Reebok White formal Men Shirt MRP Rs1599.Just pay Rs 499 as handling charges on gift delivery.To Order SMS SHRT to 53636. TnC apply",hi,iiitd_sms_spam_v1,spam,AD,manual,24481383ea00,latin-script-hinglish-or-en-IN;not-devanagari,零售促销：新年免费Reebok衬衫促销
iiitd_01750,"New Year Dhamaka! Kewal aapke liye 100 Local ya STD SMS bilkul muft,  26-Dec-10 se 30-Dec-10 tak. To Know Balance dial *123*7#",hi,iiitd_sms_spam_v1,spam,AD,manual,adeba569d621,latin-script-hinglish-or-en-IN;not-devanagari,充值优惠：新年100条免费短信促销
iiitd_01751,"New Winter Wear Added @ Thomas Scott,  BUY 1 & TAKE 3* + 1* Free OR FLAT 60% OFF @ M.G Marg ,  Above Pawan Mega mart , Gangtok",hi,iiitd_sms_spam_v1,spam,AD,manual,c2edf44a5851,latin-script-hinglish-or-en-IN;not-devanagari,零售促销：Thomas Scott冬季服装折扣
iiitd_01752,"What were you in your past life?, find out your inside past. SMS Past <date of birth> to 55352. ex: SMS as Past 15/08/1975 to 55352. Rs.2/SMS",hi,iiitd_sms_spam_v1,spam,HARASS,manual,a631441a98d8,latin-script-hinglish-or-en-IN;not-devanagari,追踪/窥探类：付费查看前世/内心秘密
iiitd_01753,"New Winter Wear Added @ Thomas Scott, BUY 1 & TAKE 3* + 1* Free            ORFLAT 60% OFF@ M.G Marg ,  Above Pawan Mega mart , Gangtok",hi,iiitd_sms_spam_v1,spam,AD,manual,c2edf44a5851,latin-script-hinglish-or-en-IN;not-devanagari,零售促销：Thomas Scott冬季服装折扣
iiitd_01754,New version of way2sms.com has been rolled out exclusively for you.Login to way2sms.com and experience the all new way2sms with exciting features.-Way2SMS Team,hi,iiitd_sms_spam_v1,spam,AD,manual,f90fbf320e8a,latin-script-hinglish-or-en-IN;not-devanagari,社交服务：way2sms.com新版本通知
iiitd_01755,"New Trousers,  corduroy,  sweatshirts & jackets just arrived.Buy 1 get 3 free + 1 t-shirt free above 2000/- MRP . Visit THOMAS SCOTT,  M.G.Marg .",hi,iiitd_sms_spam_v1,spam,AD,manual,f62d4289fc41,latin-script-hinglish-or-en-IN;not-devanagari,零售促销：Thomas Scott新品服装折扣
iiitd_01756,"What's In The Picture?,Guess what the museum in the attached picture is for:
1) Flower pots
2) Toilets
3) Handicrafts
^1/ 2/ 3
Reply within 24 hrs to know the buzz.",hi,iiitd_sms_spam_v1,spam,AD,audit_fixpass_iiitd,50af85c20eef,latin-script-hinglish-or-en-IN;not-devanagari | [fix:HARASS->AD] 问答/竞猜增值短信，非诈骗,问答/竞猜增值短信，非诈骗
iiitd_01757,New tower launch in PARAS TIEREA & SEASON at Noida Xpressway *1/2/3/4 BHK @22 lac* *Near to proposed METRO *Construction in full swing Call 9999370217,hi,iiitd_sms_spam_v1,spam,AD,manual,06f8db35bfb0,latin-script-hinglish-or-en-IN;not-devanagari,房产广告：Paras Tierea & Season新楼开盘
iiitd_01758,"New Stock Arrived of Designer Bridal Wear - Sarees,  Lahenga,  Choli Suit,  Designer Dresses,  Dress Materials & Ladies Western Outfit. at SAKSHI Amin Marg,  RAJKOT",hi,iiitd_sms_spam_v1,spam,AD,manual,9300684c8a68,latin-script-hinglish-or-en-IN;not-devanagari,零售促销：设计师婚纱新品到货
iiitd_01759,"New STD Pack 249. Rs249 se recharge karein aur payein 500 STD minutes,  validity 30 din. Check balance minutes at *123*8#.",hi,iiitd_sms_spam_v1,spam,AD,manual,2237050abea2,latin-script-hinglish-or-en-IN;not-devanagari,充值优惠：新STD长途套餐促销
iiitd_01760,New SMS Pack! Recharge with Rs26 & send 500 Local/National SMS/day for 15days! Recharge with Rs47& send 500 Local/National SMS/day for 30days!Instant help *121#,hi,iiitd_sms_spam_v1,spam,AD,manual,54244962dc3e,latin-script-hinglish-or-en-IN;not-devanagari,短信套餐：500条/天短信包促销
iiitd_01761,New SMS Pack! Recharge with Rs26 & send 500 Local/National SMS/day for 15days! Recharge with Rs47& send 500 Local/National SMS/day for 30days!,hi,iiitd_sms_spam_v1,spam,AD,manual,54244962dc3e,latin-script-hinglish-or-en-IN;not-devanagari,短信套餐：500条/天短信包促销
iiitd_01762,"New project G.T.M Greens luxury app- Sonepat(delhi NCR)ass-& supp-by DHFL  price:1529/-sq.ft, area 2bhk-1250, 3bhk-1650sq.ft,9958044450",hi,iiitd_sms_spam_v1,spam,AD,manual,038930166561,latin-script-hinglish-or-en-IN;not-devanagari,房产广告：GTM Greens豪华公寓推广
iiitd_01763,"New pepe shirts, tees and Denims just arrived @ STYLE The arcade, kazi road, Gangtok",hi,iiitd_sms_spam_v1,spam,AD,manual,95ef1d4b00a2,latin-script-hinglish-or-en-IN;not-devanagari,零售促销：Pepe服装新品到货
iiitd_01764,"What were you in your past life?, find out your inside past. SMS Past to 55352. ex: SMS as Past 15/08/1975 to 55352. Rs.2/SMS",hi,iiitd_sms_spam_v1,spam,HARASS,manual,a631441a98d8,latin-script-hinglish-or-en-IN;not-devanagari,追踪/窥探类：付费查看前世/内心秘密
iiitd_01765,NEW PASSPORT / RENEWAL/ TATKAL / ADDRESS CHANGE / NAME CHANGE / ADD.BOOKLET / ECNR / SPOUSE NAME ADD. ANY PASSPORT SERVICES. CONTACT- JHA-9555067555,hi,iiitd_sms_spam_v1,spam,HARASS,manual,6279245ffe8b,latin-script-hinglish-or-en-IN;not-devanagari,证件代办服务：护照新办/续签/加急代办
iiitd_01766,"New Offer! Save upto 40\% electricity bill with Power Saver(GOVT. LAB TESTED), Rs. 1050/-(free home delivery) 3 Yr. Guarantee Call 9891943780,9891943823",hi,iiitd_sms_spam_v1,spam,AD,manual,40a1e82752f5,latin-script-hinglish-or-en-IN;not-devanagari,电子产品：节电设备Power Saver促销
iiitd_01767,"A Taller You!,Want to be taller? Choose one of these exercises & grow 2-3 inches taller.
1) Standing Forward Bend
2) Downward Facing Dog
3) Head to Knee
^1/2/3
All your replies to Blyk on Aircel are free.",hi,iiitd_sms_spam_v1,spam,AD,audit_fixpass_iiitd,1e90119ce99c,latin-script-hinglish-or-en-IN;not-devanagari | [fix:HARASS->AD] 问答/竞猜增值短信，非诈骗,问答/竞猜增值短信，非诈骗
iiitd_01768,"New Offer! Save upto 40\% electricity bill with Power Saver(GOVT. LAB TESTED), Rs. 1050/-(free home delivery) 3 Yr. Guarantee Call 9891943823,9891943780",hi,iiitd_sms_spam_v1,spam,AD,manual,40a1e82752f5,latin-script-hinglish-or-en-IN;not-devanagari,电子产品：节电设备Power Saver促销
iiitd_01769,New Mobile Internet Value Packs! Spl RC65=2.5GB Free mobile internet for 30 days! Rush to nearest retailer now & experience or sms GPRS65 to 121 to activate now,hi,iiitd_sms_spam_v1,spam,AD,manual,e2f025dc9977,latin-script-hinglish-or-en-IN;not-devanagari,上网套餐：移动网络流量包促销
iiitd_01770,NEW LAUNCH UNITECH SOUTH PARK SECTOR 70 GURGAON ON GOLF COURSE EXT. ROAD .3BHK(1550 SQ.FT) APTS .FITTED WITH A.CS & IMPORTED FLOORING.BEST DEALS AT 9999210531,hi,iiitd_sms_spam_v1,spam,AD,manual,142562e85995,latin-script-hinglish-or-en-IN;not-devanagari,房产广告：Unitech South Park公寓推广
iiitd_01771,New Era of Online Shopping at your fingertips.Logon to www.bidboon.com & win brand new premium products at huge discounts.Hurry now:Apple MacBook Pro on demand!,hi,iiitd_sms_spam_v1,spam,AD,manual,a7999c3b274e,latin-script-hinglish-or-en-IN;not-devanagari,零售促销：Bidboon在线购物平台推广
iiitd_01772,"New Deals: -iPod Dock@1150,  Wireless head-phone@550 -Upto Rs 500 off on air-tickets More gadgets,  footwear & service deals on www.fullondeals.com",hi,iiitd_sms_spam_v1,spam,AD,manual,36d92b7c14de,latin-script-hinglish-or-en-IN;not-devanagari,零售促销：FullOnDeals优惠平台推广
iiitd_01773,"New color SILVER CROCBAND added @ The Arcade, Kazi road, Gangtok.",hi,iiitd_sms_spam_v1,spam,AD,manual,a1c456a0c59c,latin-script-hinglish-or-en-IN;not-devanagari,零售促销：Crocband新品颜色到货
iiitd_01774,"New batch Guaranteed Spoken ENGLISH Class with Grammar.FREE Course Book+CD! Mastermind,  Manorama Road,  Thampanoor,  Trivandrum. Call Now: 7736801024 Thank You!",hi,iiitd_sms_spam_v1,spam,AD,manual,49a1061ff4c0,latin-script-hinglish-or-en-IN;not-devanagari,教育推广：英语口语课程招生
iiitd_01775,"New Arrivals !!!Madame coats,  jackets,  sweaters and sweatshirts for women. Arrow Coats,  sweaters and jackets from Men @ Thar Acade,  Kazi Road.",hi,iiitd_sms_spam_v1,spam,AD,manual,86e04b24b877,latin-script-hinglish-or-en-IN;not-devanagari,零售促销：Madame/Arrow服装新品到货
iiitd_01776,What sports do you indulge in? 1) Court 2) Field 3) Running 4) All 5) None ^1/2/3/4/5 Reply to choose the right athletic shoe for you.,hi,iiitd_sms_spam_v1,spam,AD,audit_fixpass_iiitd,e9138d49456a,latin-script-hinglish-or-en-IN;not-devanagari | [fix:HARASS->AD] 问答/竞猜增值短信，非诈骗,问答/竞猜增值短信，非诈骗
iiitd_01777,"New Arrivals !!! Madame coats,  jackets,  sweaters and sweatshirts for women. Arrow Coats,  sweaters and jackets from Men @ Thar Acade,  Kazi Road.",hi,iiitd_sms_spam_v1,spam,AD,manual,86e04b24b877,latin-script-hinglish-or-en-IN;not-devanagari,零售促销：Madame/Arrow服装新品到货
iiitd_01778,"Vettel's Victory,How many Grand Prix's has Sebastian Vettel won this season?
1) Three
2) Four
3) Five
^1/2/3
Reply within 24 hrs to get a video from Monaco GP.",hi,iiitd_sms_spam_v1,spam,AD,audit_fixpass_iiitd,1b0ae3fd83db,latin-script-hinglish-or-en-IN;not-devanagari | [fix:HARASS->AD] 问答/竞猜增值短信，非诈骗,问答/竞猜增值短信，非诈骗
iiitd_01779,"Free Karaoke,Are you a bathroom singer? Pick a song to sing along:
1) Dhunki - MBKD
2) Summer of 69
3) Chammak Challo - Ra One 
^1/ 2/ 3
Reply within 24 hrs to get a karaoke track and lyrics.",hi,iiitd_sms_spam_v1,spam,AD,audit_fixpass_iiitd,09a59919b5fa,latin-script-hinglish-or-en-IN;not-devanagari | [fix:HARASS->AD] 问答/竞猜增值短信，非诈骗,问答/竞猜增值短信，非诈骗
iiitd_01780,Never Cum Back Comercial Investmnt Oportunity on Sohna Road. Avlb at Incredible Low Rate of 23.5 Lac Onwrds. Min Size 550 sq.ft. Rates Revising Soon. 991002086,hi,iiitd_sms_spam_v1,spam,AD,manual,bc36735c3974,latin-script-hinglish-or-en-IN;not-devanagari,房产广告：Sohna Road商业地产投资机会
iiitd_01781,Never Before Opportunity >Gurgaon Hottest Location >Diplomatic Enclave >IGI Airport >Golf Course >ISBT Terminal >Resi Flats 3/4/5 Bhk sms PUNJ to 54242,hi,iiitd_sms_spam_v1,spam,AD,manual,36fc9081963d,latin-script-hinglish-or-en-IN;not-devanagari,房产广告：Gurgaon外交公寓住宅推广
iiitd_01782,Never Before Offer BY ANSAL API!!Book 2 bhk + kids room in sec 91 gurg @ NEVER BEFORE PRICE OF Rs 42.8 lac only.To avail best offer Call Team Agni 9212255555,hi,iiitd_sms_spam_v1,spam,AD,manual,6a9b9c1eaceb,latin-script-hinglish-or-en-IN;not-devanagari,房产广告：Ansal API公寓特价促销
iiitd_01783,"Never Before Never Again, The Safest Assured Return @ 12%,  48 Months Bank GUARANTEE. Min Invest 16 Lac,  Get 16000/-PM Return. For more details sms INT to 56070",hi,iiitd_sms_spam_v1,spam,AD,manual,50969936fc41,latin-script-hinglish-or-en-IN;not-devanagari,投资产品：12%保本回报投资计划推广
iiitd_01784,Job is knocking @ Ur door. Don?t be late. Hurry up & don?t miss this great opportunity.  Call @ 9609791352   www.cyberjob.in-Sent 4rm 160by2.com,hi,iiitd_sms_spam_v1,spam,HARASS,manual,cd2397ddaa87,latin-script-hinglish-or-en-IN;not-devanagari,高薪诱惑招揽：虚假工作机会诱导
iiitd_01785,NEHRU PLACE EXTN NOIDA X-Way OFFICE SPACE - xclusv Deals  INVEST Rs16 Lac & EARN Rs16000pm for best deal Call: 9717115611 or SMS SF to 56677,hi,iiitd_sms_spam_v1,spam,HARASS,audit_fixpass_iiitd,1a91f144d7b9,latin-script-hinglish-or-en-IN;not-devanagari | [fix:AD->HARASS] 成人/灰产兼职骚扰,成人/灰产兼职骚扰
iiitd_01786,Neevu miss maadida avakaasha matte siguvudilla!Mobile nalliye padeyiri job alerts kevala Rs 2/dinakke. Dial madi *801*1#,hi,iiitd_sms_spam_v1,spam,AD,manual,399525690c07,latin-script-hinglish-or-en-IN;not-devanagari,招聘广告：手机求职提醒服务订阅
iiitd_01787,What kind of a person are you? 1) I love telling stories 2) I'm a perfectionist 3) I'd rather stay home with a good book than party ^1/ 2/ 3,hi,iiitd_sms_spam_v1,spam,AD,audit_fixpass_iiitd,c9744fd7ed41,latin-script-hinglish-or-en-IN;not-devanagari | [fix:HARASS->AD] 问答/竞猜增值短信，非诈骗,问答/竞猜增值短信，非诈骗
iiitd_01788,Need to clear doubts before exams? Experienced tutors help is just a click away- Free helpdesk round the clock. Just logon to eAgetutor.com or call 011-46592191,hi,iiitd_sms_spam_v1,spam,AD,manual,29596aa8dae2,latin-script-hinglish-or-en-IN;not-devanagari,教育推广：eAgetutor免费答疑服务
iiitd_01789,Need Tips to Grow ur Buisness? Need Gyan to retain Customers? No need to HIRE a MBA Get Smart Gyan for FREE frm our Marketing Guru sms JOIN MGURU to 09219592195,hi,iiitd_sms_spam_v1,spam,HARASS,manual,8aab7e38230d,latin-script-hinglish-or-en-IN;not-devanagari,商业建议诱导：免费营销大师建议订阅
iiitd_01790,"Centerfresh Actisport,Complete the sentence after viewing the attached advertisement. 
'Chahe koi mujhe ________ kahe, kehne do ji kehta rahe'
1) Junglee
2) Pagal 
3) Deewana
^ 1/ 2/ 3
All replies are FREE",hi,iiitd_sms_spam_v1,spam,AD,audit_fixpass_iiitd,bffb44ed9370,latin-script-hinglish-or-en-IN;not-devanagari | [fix:HARASS->AD] 问答/竞猜增值短信，非诈骗,问答/竞猜增值短信，非诈骗
iiitd_01791,Need some talktime? Just sms CREDIT to 144 (tollfree) and get Rs10 this amount along with service charge of Rs2 will be debited from your account in 48hrs,hi,iiitd_sms_spam_v1,spam,AD,audit_fixpass_iiitd,293ce63ab270,latin-script-hinglish-or-en-IN;not-devanagari | [fix:AD->TRANSACTION] 业务结果/系统激活/PNR等事务通知 | [fix:TRANSACTION->AD] 短信CREDIT借话费促销,业务结果/系统激活/PNR等事务通知
iiitd_01792,NEED FUNDS ? Take LOAN AGAINST PROPERTY@11%(Resi/Comm).OD LMT(40 Lkhs-40 Crs.) BALANCE TRANSFER/TOP UP.SMSLOAN to 57333 or call at 45595488.ICICI HOME LOANS.,hi,iiitd_sms_spam_v1,spam,AD,manual,6b14f43158b8,latin-script-hinglish-or-en-IN;not-devanagari,贷款广告：ICICI房产抵押贷款推广
iiitd_01793,NEED FUNDS ? Take LOAN AGAINST PROPERTY@11%(Resi/Comm).OD LMT(40 Lkhs-40 Crs.) BALANCE TRANSFER/TOP UP.SMS LOAN  to 57333 or call at 32222040.ICICI HOME LOANS.,hi,iiitd_sms_spam_v1,spam,AD,manual,6b14f43158b8,latin-script-hinglish-or-en-IN;not-devanagari,贷款广告：ICICI房产抵押贷款推广
iiitd_01794,NEED FUNDS ? Take LOAN AGAINST PROPERTY@11%(Resi/Comm).OD LMT(40 Lkhs-40 Crs.) BALANCE TRANSFER/TOP  UP.SMSLOAN to 57333 or call at 45595488.ICICI HOME LOANS.,hi,iiitd_sms_spam_v1,spam,AD,manual,6b14f43158b8,latin-script-hinglish-or-en-IN;not-devanagari,贷款广告：ICICI房产抵押贷款推广
iiitd_01795,NEED FUNDS ? Take LOAN AGAINST PROPERTY @11%(Resi/Comm).40 Lkhs-40 Crs. BALANCE TRANSFER/TOP UP.SMS LOAN to 57333 for reply or call 45595488.ICICI HOME LOANS.,hi,iiitd_sms_spam_v1,spam,AD,manual,6b14f43158b8,latin-script-hinglish-or-en-IN;not-devanagari,贷款广告：ICICI房产抵押贷款推广
iiitd_01796,"Need Bulk SMS @ 7 Paisa/SMS for 1 Lakh. Short Code @ 14000 INR, Business Website @ 5555 INR for 10 Pages, 50 Email Ids free,  Listing in GOOGLE.Sandeep 9911166363",hi,iiitd_sms_spam_v1,spam,AD,manual,a2548cf678b0,latin-script-hinglish-or-en-IN;not-devanagari,Bulk SMS服务：批量短信/网站/邮箱服务推广
iiitd_01797,ne SIMCAT test @ Rs. 100 only. Offer valid till 29th Aug only. To enroll visit your IMS centre or www.imsindia.co,hi,iiitd_sms_spam_v1,spam,AD,manual,a7d5f3d9da73,latin-script-hinglish-or-en-IN;not-devanagari,教育推广：SIMCAT考试培训招生
iiitd_01798,What is the name of the bank robber in the Center Fresh video? 1) Jai 2) Bajrangi 3) Veeru ^1/2/3 Choose your option and win mobile phones. *T&C Apply.,hi,iiitd_sms_spam_v1,spam,AD,audit_fixpass_iiitd,48df9467d8a6,latin-script-hinglish-or-en-IN;not-devanagari | [fix:HARASS->AD] 问答/竞猜增值短信，非诈骗,问答/竞猜增值短信，非诈骗
iiitd_01799,ne in those 53%. Your hair is an important part of your personality. Take care of it. For appointment sms MEDIC to 58888,hi,iiitd_sms_spam_v1,spam,AD,manual,f087c96d570b,latin-script-hinglish-or-en-IN;not-devanagari,医疗服务：Medic毛发护理预约
iiitd_01800,ne Door Step Service for PAN Card Passport Assistance and Income Tax Return Contact ONS 9911730199 Krishna Complex Jwala Heri Mkt Paschim Viha,hi,iiitd_sms_spam_v1,spam,HARASS,manual,4fccc7b791e9,latin-script-hinglish-or-en-IN;not-devanagari,证件代办服务：PAN卡/护照/税务代办
iiitd_01801,"New Releases,Which movie would you like to watch this Friday?
1) Hollywood
2) Bollywood
^1/2
Reply within 24 hrs to know about the movies released today.",hi,iiitd_sms_spam_v1,spam,AD,audit_fixpass_iiitd,a57642857cbe,latin-script-hinglish-or-en-IN;not-devanagari | [fix:HARASS->AD] 问答/竞猜增值短信，非诈骗,问答/竞猜增值短信，非诈骗
iiitd_01802,ne Door Step Service for PAN Card Income Tax Return Passport Assistance and any other Consultancy Contact Ms Neha 9810499280 Jawala Heri Mkt Paschim Viha,hi,iiitd_sms_spam_v1,spam,HARASS,manual,b1edded1bb25,latin-script-hinglish-or-en-IN;not-devanagari,证件代办服务：PAN卡/护照/税务代办
iiitd_01803,ndia would grow with growth in infrastructure. Invest in Reliance Infra NFO & make India grow.Investors & Distributors call 18002007777/022-66102612-INDIABULL,hi,iiitd_sms_spam_v1,spam,AD,manual,d07ac936c142,latin-script-hinglish-or-en-IN;not-devanagari,投资产品：Reliance Infra NFO基金推广
iiitd_01804,ndependent Floor from RPS-Sec 88 Greater Faridabad-1400to1800Sqft-Rs.27.45to34.45Lacs-Bkg Amt 3 Lacs-Gated Comunty/Free Parking/Pool/Club-Call39881010/Reply R,hi,iiitd_sms_spam_v1,spam,AD,manual,eb85f1b8fb43,latin-script-hinglish-or-en-IN;not-devanagari,房产广告：RPS独立楼层推广
iiitd_01805,nbelievable offer! 7-night Domestic/International Holiday stay in India or 34 international destinations at Rs 1000/night. Also get a FREE Premium Swiss watch worth Rs 6750. For details SMS NBBC to 52424.TnC appl,hi,iiitd_sms_spam_v1,spam,AD,manual,2fb2d6ca6f6c,latin-script-hinglish-or-en-IN;not-devanagari,旅游推广：7晚国内外度假住宿特惠
iiitd_01806,nbelievable 2&3 BHK LUXURIOUS apprtmnt in GrNoida *Near Ngt Safari n Racing track *On TAJ XPRESSWAY *@20lakh onwrds *Possesn in 20 months SMS ICC to 5499,hi,iiitd_sms_spam_v1,spam,AD,manual,11aa374cefea,latin-script-hinglish-or-en-IN;not-devanagari,房产广告：Greater Noida豪华公寓推广
iiitd_01807,"Nazar Suraksha Kawch Is Good For you & Your Family. Secure Your Office, Shop & Buisness.As Seen On TV Price Rs.2375/Our Today Price:Rs:995 only.CALL:9871991385",hi,iiitd_sms_spam_v1,spam,AD,manual,d1c2df2affda,latin-script-hinglish-or-en-IN;not-devanagari,安防产品：Nazar Suraksha监控摄像头促销
iiitd_01808,"Navratra Special Launching 9th oct. CHD presnts Phase-3 of Avenue71,  Shona Road,  Gurgaon *@Rs.4150/- Lease Rs.400/- as Inaugural discount Sms ICD to 54999",hi,iiitd_sms_spam_v1,spam,AD,manual,4bc4019bdbc4,latin-script-hinglish-or-en-IN;not-devanagari,房产广告：CHD Avenue71 Navratra特价
iiitd_01809,"Natyalaya Acdmy ofers varius courses SALSA, HIP-HOP, FRESTYLE, BOLYWOOD,  CLASICAL, KARATE, AEROBICS, YOGA&MEDITATION.Mus@GUITAR, KEYBOARD&DRUMS Ph:25532007,9900032007",hi,iiitd_sms_spam_v1,spam,AD,manual,1dc27bbafe63,latin-script-hinglish-or-en-IN;not-devanagari,教育推广：Natyalaya舞蹈/健身课程推广
iiitd_01810,"What do you think of Rakhi Sawant, is she Bindaas, or Bakwaas? 1) Bindaas 2) Bakwaas ^1/ 2 Reply free to Blyk on Aircel to express your opinion!",hi,iiitd_sms_spam_v1,spam,AD,audit_fixpass_iiitd,fd1b47e4965a,latin-script-hinglish-or-en-IN;not-devanagari | [fix:HARASS->AD] 问答/竞猜增值短信，非诈骗,问答/竞猜增值短信，非诈骗
iiitd_01811,"National School of Business,  Bangalore. Register yourself for telephonic interview before 15th Sep. Limited seats available for Sep batch. Contact 09900087759",hi,iiitd_sms_spam_v1,spam,AD,manual,793bf3ab1bbf,latin-script-hinglish-or-en-IN;not-devanagari,教育推广：National School of Business招生
iiitd_01812,"Equaling Senna!,Which record of Ayrton Senna did Sebastian Vettel equal at the inaugural Indian GP?
1) Race victories
2) Pole positions
3) Fastest laps
^1/ 2/ 3
Reply within 24 hrs to get a video FREE from Blyk on Aircel.",hi,iiitd_sms_spam_v1,spam,AD,audit_fixpass_iiitd,c9227f8af660,latin-script-hinglish-or-en-IN;not-devanagari | [fix:HARASS->AD] 问答/竞猜增值短信，非诈骗,问答/竞猜增值短信，非诈骗
iiitd_01813,"National Roaming par 60% ki bachat,  saath hee Rs40 ka muft talktime sirf Rs45 ke recharge pe. Roaming rate ki jaankari ke liye bhejiye ROAMING 121 par.",hi,iiitd_sms_spam_v1,spam,AD,manual,ee817689c067,latin-script-hinglish-or-en-IN;not-devanagari,充值优惠：全国漫游折扣+免费通话时长
iiitd_01814,National roaming bina kisi rent ke. Adhik jaankari ke liye ROAMING bhejein 121 (toll-free) par.,hi,iiitd_sms_spam_v1,spam,AD,manual,7d6c6e8ba0c7,latin-script-hinglish-or-en-IN;not-devanagari,充值优惠：全国漫游免租金服务通知
iiitd_01815,"Nakkalon Se Savdhan Asli SMSKi PehchanHamara Har SMSAnokha Naya Orapki Mang KMutabiq hota haiPurane,  Ghise, Pite,  Or BazariSMS Se Parhez Kijiye,  aap ZyadaBore Ho ToHamare No. Pe Rs.100 ka Recharge KarK 500 Asli SMS OrRs.1000 ka recharge Karwa K3 SaMONU;Dr. SahabMera Acident Ho Gaya Hai, KyaAapko Tanke Lagane Aate Hai_?DR.;Ji, BataiyeKaha Lagane HaiMONU;YeLo JiChappal Pe Laga Do.",hi,iiitd_sms_spam_v1,spam,HARASS,manual,bedddb7e1d94,latin-script-hinglish-or-en-IN;not-devanagari,虚假短信警告：诱导付费订阅短信服务
iiitd_01816,"Nakkalon Se Savdhan Asli SMSKi PehchanHamara Har SMSAnokha Naya Orapki Mang KMutabiq hota haiPurane,  Ghise, Pite,  Or BazariSMS Se Parhez Kijiye,  aap ZyadaBore Ho ToHamare No. Pe Rs.100 ka Recharge KarK 500 Asli SMS OrRs.1000 ka recharge Karwa K3 Saal Tak free SMS Receive Kare... Khushi, Gham,  Birthday, Bewafai,  Funny, har variety k liye booking ki jaati hai.. Note : Shadi vivah k liye SMS order per bhi taiyaar kiye jate hai....",hi,iiitd_sms_spam_v1,spam,HARASS,manual,bedddb7e1d94,latin-script-hinglish-or-en-IN;not-devanagari,虚假短信警告：诱导付费订阅短信服务
iiitd_01817,"Job is knocking @ Ur door.Hurry up & don?t miss this great opportunity. Call-8016590923or 8016590805.www.cyberjob.in-160by2.com {Send FREE SMS 2 any mobile in India,  Malaysia & Singapore. Register with 160by2.com}",hi,iiitd_sms_spam_v1,spam,HARASS,manual,d70e26dec6c2,latin-script-hinglish-or-en-IN;not-devanagari,高薪诱惑招揽：虚假工作机会诱导
iiitd_01818,Job is knocking @ Ur door.Hurry up & don?t miss this great opportunity. Call-8016590923or 8016590805.www.cyberjob.in-Sent 4rm 160by2.com,hi,iiitd_sms_spam_v1,spam,HARASS,manual,d70e26dec6c2,latin-script-hinglish-or-en-IN;not-devanagari,高薪诱惑招揽：虚假工作机会诱导
iiitd_01819,Job is knocking @ Ur door.Hurry up & don?t miss this great opportunity. Call-9333075338/9333075332 www.cyberjob.in-Sent 4rm 160by2.com,hi,iiitd_sms_spam_v1,spam,HARASS,manual,d70e26dec6c2,latin-script-hinglish-or-en-IN;not-devanagari,高薪诱惑招揽：虚假工作机会诱导
iiitd_01820,"Na CHEMSTRY hoti, Na mai iska stdnt hota, Na ye lab hoti, Na ye heart accidnt hota..Prctcl k din nazar ayi 1 ladki khubsurat si,  Uski nak bilkul TEST TUBE Ab paye 200 Local Aircel to Aircel mins . Aaj hi recharge kare keval Rs45 se. Ek RC mein itna kuch sirf Aircel ke sath hi mil sakta hai! Validity 60 days.",hi,iiitd_sms_spam_v1,spam,AD,manual,0f25fe183b37,latin-script-hinglish-or-en-IN;not-devanagari,充值优惠：Aircel通话分钟充值促销
iiitd_01821,N to 54999,hi,iiitd_sms_spam_v1,spam,NEEDS_REVIEW,manual,af6f31a575a4,latin-script-hinglish-or-en-IN;not-devanagari,内容不完整：仅含'N to 54999'无法判断
iiitd_01822,What do you listen to music on? 1) My phone 2) Personal music player (iPod etc.) ^ 1/ 2 All replies to Blyk on Aircel are FREE,hi,iiitd_sms_spam_v1,spam,AD,audit_fixpass_iiitd,8e961db48ebe,latin-script-hinglish-or-en-IN;not-devanagari | [fix:HARASS->AD] 问答/竞猜增值短信，非诈骗,问答/竞猜增值短信，非诈骗
iiitd_01823,"Music & Adventure Fest.,Wanna rock on the banks of Ganga?
^Yes
Reply within 24hrs to know more about the Woods Talk Festival for music  & adventure.",hi,iiitd_sms_spam_v1,spam,AD,audit_fixpass_iiitd,8156affe0ed4,latin-script-hinglish-or-en-IN;not-devanagari | [fix:HARASS->AD] 问答/竞猜增值短信，非诈骗,问答/竞猜增值短信，非诈骗
iiitd_01824,n 45days Reduce Fat(8 Inch)use*SAUNA SLIM BELT*(650) VIBRATION BELT(999) NCR(50Rs Extra)+Free YOKO Call Now:9268250573/931130487,hi,iiitd_sms_spam_v1,spam,HARASS,manual,a395a58ee6b7,latin-script-hinglish-or-en-IN;not-devanagari,减肥产品骚扰推销：瘦身腰带/振动带
iiitd_01825,n 45 days ReduceFat(8 inch)*SAUNA SLIM BELT(650)VIBRATION BELT(999)NCR(50 More)+FreeYoko For Delivery Ph:9871294240/931130487,hi,iiitd_sms_spam_v1,spam,HARASS,manual,fd3547fdb5f2,latin-script-hinglish-or-en-IN;not-devanagari,减肥产品骚扰推销：瘦身腰带/振动带
iiitd_01826,"MusstBuy-For Rs600 enjoy a Haircut,  Facial,  Bleach,  waxing etc worth Rs1200 @ Trends Salon,  Frazer Town Valid-7Mar-6Apr. T&C Reply A to get code NOW. Chrgs Rs10",hi,iiitd_sms_spam_v1,spam,AD,manual,f73940ea2537,latin-script-hinglish-or-en-IN;not-devanagari,零售促销：Trends Salon优惠券
iiitd_01827,"MusstBuy-For Rs500 get Rs1000 worth dental check-up including ultrasonic scaling @ RIDA Dental Care,  Jayanagar Valid-11Mar-10Apr. Reply A & get code Chrgs Rs10",hi,iiitd_sms_spam_v1,spam,AD,manual,a6e64e9405b4,latin-script-hinglish-or-en-IN;not-devanagari,零售促销：RIDA Dental Care优惠券
iiitd_01828,MusstBuy-For Rs300 get a stylish haircut & a mens shave worth Rs650 @ Scissors Enrich Spa Koramangala Valid-21Mar-20Apr T&C Reply A to get code NOW Chrgs Rs10,hi,iiitd_sms_spam_v1,spam,AD,manual,7139427c4803,latin-script-hinglish-or-en-IN;not-devanagari,零售促销：Scissors Enrich Spa优惠券
iiitd_01829,MusstBuy-For Rs250 enjoy a delicious Non-veg combo with Ice-cream worth Rs364 @ Ocean Servers Rajajinagar Valid-4Mar-3Apr T&C Reply A & get code NOW Chrgs Rs10,hi,iiitd_sms_spam_v1,spam,AD,manual,75811ae02adc,latin-script-hinglish-or-en-IN;not-devanagari,零售促销：Ocean Servers餐厅优惠券
iiitd_01830,MusstBuy nimage dina vasa vasa discount offer kodthaidivi. Coupon code hoskara A reply maadi OFFER SMS ge. Amele navu kalasudha coupon code na outlet ge thorsi,hi,iiitd_sms_spam_v1,spam,AD,manual,e367dff7f2db,latin-script-hinglish-or-en-IN;not-devanagari,零售促销：优惠券平台推广（卡纳达语）
iiitd_01831,"Music! 4 CallerTunes,  MobileRadio,  3 ringtones,  streaming music& a chance to attend live concerts at just Rs 25/mth. To subscribe dial 51234600 tollfree",hi,iiitd_sms_spam_v1,spam,AD,manual,66eef3e77934,latin-script-hinglish-or-en-IN;not-devanagari,音乐服务：CallerTunes/Radio/流媒体订阅
iiitd_01832,"Much awaited Sale Reebok FLAT 40 % OFF @ The Aracde, Kazi road , gangtok ,  03592 202959",hi,iiitd_sms_spam_v1,spam,AD,manual,cc5941950fcb,latin-script-hinglish-or-en-IN;not-devanagari,零售促销：Reebok 40%折扣促销
iiitd_01833,Mubarak ho! Aapko diya ja raha hai Mitti Ke Rang Service Ka FREE SUBSCRIPTION. For more details Dial 543340 Toll-Free,hi,iiitd_sms_spam_v1,spam,HARASS,manual,0cda7db0bc66,latin-script-hinglish-or-en-IN;not-devanagari,免费订阅诱导：Mitti Ke Rang服务免费订阅
iiitd_01834,"Center Fresh ActiSport,What is the name of the sport shown in new Center Fresh ActiSport TVC?
1. Cricket
2. Swimming
3. Malkhamb
^1/2/3",hi,iiitd_sms_spam_v1,spam,AD,audit_fixpass_iiitd,273832e54949,latin-script-hinglish-or-en-IN;not-devanagari | [fix:HARASS->AD] 问答/竞猜增值短信，非诈骗,问答/竞猜增值短信，非诈骗
iiitd_01835,"What better in this weather than to hear  *The Doors* tribute playing live for you @ Turquoise Cottage , Vasant Vihar TONIGHT 9pm onwards .. in memory of",hi,iiitd_sms_spam_v1,spam,AD,manual,273afba4cfcf,latin-script-hinglish-or-en-IN;not-devanagari,活动推广：Turquoise Cottage现场音乐活动
iiitd_01836,Mubarak ho! Aapko diya ja raha hai AnA Service Ka FREE SUBSCRIPTION. For more details Dial 5433402 Toll-Free,hi,iiitd_sms_spam_v1,spam,HARASS,manual,d8b370336cf2,latin-script-hinglish-or-en-IN;not-devanagari,免费订阅诱导：ANA服务免费订阅
iiitd_01837,Mubarak ho! Aapko diya ja raha hai ANA ka FREE SUBSCRIPTION agle char dino ke liye. For more details call 5433402 Toll-Free,hi,iiitd_sms_spam_v1,spam,HARASS,manual,fd155a33c916,latin-script-hinglish-or-en-IN;not-devanagari,免费订阅诱导：ANA服务免费订阅延期
iiitd_01838,Mubarak ho! Aapko diya ja raha hai 'AnA' Service Ka FREE SUBSCRIPTION. For more details Dial 5433402 Toll-Free,hi,iiitd_sms_spam_v1,spam,HARASS,manual,962a2f90ce47,latin-script-hinglish-or-en-IN;not-devanagari,免费订阅诱导：ANA服务免费订阅
iiitd_01839,"Mubarak ho On popular Demand your three days free subscription of ANA service has been extended till 3 Feb'11,  For more Dial 5433402 & subscribe @ Rs 30/30 Days",hi,iiitd_sms_spam_v1,spam,HARASS,manual,8a124e60b422,latin-script-hinglish-or-en-IN;not-devanagari,免费订阅诱导：ANA服务免费订阅延期
iiitd_01840,MTS values your feedback.If you are satisfied with the resolution of your complaint SMS Yes else No to the toll free number 1552.,hi,iiitd_sms_spam_v1,spam,TRANSACTION,manual,14cca4fb8f16,latin-script-hinglish-or-en-IN;not-devanagari,客服通知：MTS投诉处理满意度调查
iiitd_01841,MTS HighSpeed Internet DATA Card(Speed upto 3.1Mbps)Only @Rs 777/-Get limited & Unlimited Plans @Unbeliveable Price Call 9141032639,hi,iiitd_sms_spam_v1,spam,AD,manual,95611a1bbc83,latin-script-hinglish-or-en-IN;not-devanagari,上网套餐：MTS高速互联网数据卡推广
iiitd_01842,MTS HighSpeed Internet DATA Card Free with 3 Months Advance Rental and Also Very Attractive Monthly Plans Available with Assured Gifts Pls Call 8884572124,hi,iiitd_sms_spam_v1,spam,AD,manual,f3fe8e1e3a01,latin-script-hinglish-or-en-IN;not-devanagari,上网套餐：MTS数据卡免费+月付计划
iiitd_01843,MTS brings the convenience of Door step recharge for your Data Card Connection. To recharge from home just call a recharge at 9143900014/15/16 .T&C Apply-MTS,hi,iiitd_sms_spam_v1,spam,AD,manual,ebbf5297790a,latin-script-hinglish-or-en-IN;not-devanagari,充值优惠：MTS数据卡上门充值服务
iiitd_01844,MTS brings the convenience of Door step recharge for your Data Card Connection. To recharge from home just call 9143900014/15/16 .T&C Apply-MTS,hi,iiitd_sms_spam_v1,spam,AD,manual,ebbf5297790a,latin-script-hinglish-or-en-IN;not-devanagari,充值优惠：MTS数据卡上门充值服务
iiitd_01845,"Winter Colors,Want a peek at the Fall/Winter Color Trends 2011-2012? Tell us whether you are a?
1) Guy
2) Girl
^1/2
All your replies to Blyk on Aircel are free.",hi,iiitd_sms_spam_v1,spam,AD,audit_fixpass_iiitd,542e278e7bca,latin-script-hinglish-or-en-IN;not-devanagari | [fix:HARASS->AD] 问答/竞猜增值短信，非诈骗,问答/竞猜增值短信，非诈骗
iiitd_01846,"MTNL layein hai discount coupons on Food,  Travel,  Health and Beauty. sms karein SUB DISC to 53737 aur payein 15 discount coupons at Rs. 15 per month.",hi,iiitd_sms_spam_v1,spam,AD,manual,dc904a0edd07,latin-script-hinglish-or-en-IN;not-devanagari,充值优惠：MTNL折扣优惠券订阅
iiitd_01847,"YOUR NUMBER HAS BEEN AWARDED $500,000.00 IN HOT DIAMOND 2011 EXHIBITION DRAW HELD IN UK. FOR CLAIM CONTACT MR. CLARK COOK ON EMAIL:  britiandiamond@hotmail.com",hi,iiitd_sms_spam_v1,spam,FRAUD,manual,e37a67831242,latin-script-hinglish-or-en-IN;not-devanagari,假中奖诈骗：假钻石展览抽奖中奖
iiitd_01848,Wet n Wild models are here to dance to your tunes. Click to download international hits for Re.1 and get FREE Models. http://10.11.233.29/vodafone/72707,hi,iiitd_sms_spam_v1,spam,HARASS,manual,e2353eeb2e60,latin-script-hinglish-or-en-IN;not-devanagari,娱乐内容诱导：付费下载模特/音乐内容
iiitd_01849,mtd Edition!JP Kensington Blvrd@sec-131 Noida xway.Combo of world class amnties& exclnt connectivity.1/2/3/4 BHKApts starting 16.20 Lac on DP sms BOP to 5667,hi,iiitd_sms_spam_v1,spam,AD,manual,91ab07120b14,latin-script-hinglish-or-en-IN;not-devanagari,房产广告：JP Kensington Boulevard公寓
iiitd_01850,mtd Edition!JP Kensington Blvrd@sec-131 Noida xway.Combo of world class amnties& exclnt connectivity.1/2/3/4 BHKApts starting 16.20 Lac on DP Call-956079603,hi,iiitd_sms_spam_v1,spam,AD,manual,91ab07120b14,latin-script-hinglish-or-en-IN;not-devanagari,房产广告：JP Kensington Boulevard公寓
iiitd_01851,mtd Edition!JP Kensington Blvrd@sec-131 Noida Xway.Combo of world class amenities& exclnt connectivity.1/2/3/4 BHKApts starting 16.20 Lac on DP CALL 965087777,hi,iiitd_sms_spam_v1,spam,AD,manual,7091a2724408,latin-script-hinglish-or-en-IN;not-devanagari,房产广告：JP Kensington Boulevard公寓
iiitd_01852,mtd Edition for Duplex. Invest only 16.2 lacs & own JP Kensington Blvrd@sec-131 Noida Xway.Combo of wrld class amenities.1/2/3/4BHKApt. Call-956079603,hi,iiitd_sms_spam_v1,spam,AD,manual,2f09c2ba84a5,latin-script-hinglish-or-en-IN;not-devanagari,房产广告：JP Kensington Boulevard复式公寓
iiitd_01853,MSN CHAT NON-STOP with UNLIMITED Pocket Internet. Dial *234*98# OR visit your retailer & recharge PI98 to enjoy unlimited High Speed Internet on your Mobile.,hi,iiitd_sms_spam_v1,spam,AD,manual,70e87a9c142e,latin-script-hinglish-or-en-IN;not-devanagari,上网套餐：MSN聊天+无限网络套餐
iiitd_01854,MSN CHAT NON-STOP with UNLIMITED Pocket Internet. Dial *234*2900# OR visit your retailer & recharge PI29 to enjoy unlimited High Speed Internet on your Mobile.,hi,iiitd_sms_spam_v1,spam,AD,manual,70e87a9c142e,latin-script-hinglish-or-en-IN;not-devanagari,上网套餐：MSN聊天+无限网络套餐
iiitd_01855,MS par 80% ki bachat! SUB56 bhejein 170 (muft) par aur payein 175 Local aur National SMS kewal Rs56 mein. Validity - 30 din,hi,iiitd_sms_spam_v1,spam,AD,manual,908d1b0f3ca9,latin-script-hinglish-or-en-IN;not-devanagari,短信套餐：80%折扣短信包促销
iiitd_01856,"Bizarre!,What do you think this is? (Refer to the picture)
1)TV
2) Mobile Phone
3) Computer
^1/2/3
Reply within 24hrs to know more about this bizarre gadget.",hi,iiitd_sms_spam_v1,spam,AD,audit_fixpass_iiitd,956bf687e9a2,latin-script-hinglish-or-en-IN;not-devanagari | [fix:HARASS->AD] 问答/竞猜增值短信，非诈骗,问答/竞猜增值短信，非诈骗
iiitd_01857,MS par 80% ki bachat! Doston ko bhejein picture message Re1/MMS mein. Settings ke liye bhejein MMS aur free MMS ke liye MM 54321(Muft) pe. Offer 29-Jan-10 tak,hi,iiitd_sms_spam_v1,spam,AD,manual,5fda408082e2,latin-script-hinglish-or-en-IN;not-devanagari,短信套餐：MMS图片消息服务推广
iiitd_01858,ms IT to 54999And get your Dream home in Noida Extention for just Rs.13.99 lacs al inclusiv*Sanskriti 2/3 bhk premium flat  at sectr 1 noida extent,hi,iiitd_sms_spam_v1,spam,AD,manual,71ca9a7bed67,latin-script-hinglish-or-en-IN;not-devanagari,房产广告：Sanskriti公寓Noida推广
iiitd_01859,ms IT to 54999 And get your Dream home in Noida Extention for just Rs.13.99 lacs al inclusive *Sanskriti 2/3 bhk premium flat at Noida Xtention,hi,iiitd_sms_spam_v1,spam,AD,manual,71ca9a7bed67,latin-script-hinglish-or-en-IN;not-devanagari,房产广告：Sanskriti公寓Noida推广
iiitd_01860,"Wellness Profile -health checkup from Thyrocare: Covers heart, thyroid, kidney, liver, diabetes & more. 63 Wellness Tests @home service with 33% Disc. : 09222201004",hi,iiitd_sms_spam_v1,spam,AD,manual,d773966d4502,latin-script-hinglish-or-en-IN;not-devanagari,医疗服务：Thyrocare健康体检套餐推广
iiitd_01861,ms IT to 54999 And get your Dream home in Noida Extention for just Rs.13.99 lacs al inclusiv *Sanskriti 2/3 bhk premium flat at sectr 1 noida extent,hi,iiitd_sms_spam_v1,spam,AD,manual,71ca9a7bed67,latin-script-hinglish-or-en-IN;not-devanagari,房产广告：Sanskriti公寓Noida推广
iiitd_01862,MS HOM TO 56070 And get your Dream Home in NOIDA extn. Two Bedrooms at Rs.17.45 Lacs. Loan Available from leading banks. Located on 200 feet wide road,hi,iiitd_sms_spam_v1,spam,AD,manual,e43d154ece2c,latin-script-hinglish-or-en-IN;not-devanagari,房产广告：Noida两卧室公寓推广
iiitd_01863,"MRP : Rs. 65, SPL OFFER : LTV Validity & Tariff 1st 2 mins/day A2A @1 rest@ 40p ;Other Local 1st 2min/day @1 rest @60p; STD 1st 2min/day @1.5 rest at 75p. Tariff Validity 12mnths, TALKTIME : Rs. 0.00, VALIDITY : 0 days.",hi,iiitd_sms_spam_v1,spam,AD,manual,cbae08a496f6,latin-script-hinglish-or-en-IN;not-devanagari,充值优惠：LTV套餐资费详情通知
iiitd_01864,"MRP : Rs. 54, SPL OFFER : Wth 180 Days Tariff validity! Recharge with Rs 54-Call any Airtel No in India Local & STD at 50p/min & any other Phone anywhere 9002191843:Its neither an end nor a beginning but a going on,  with all the wisdom that experience can instill in us. May each day of the coming year in India at 60p, TALKTIME : Rs. 0.01, VALIDITY : 0 days.be vibrant and new bringing along many reasons for celebrations.Wishing you and your family a very Happy and prosperous New Year.Sandeep Gattani.",hi,iiitd_sms_spam_v1,spam,AD,manual,b67499b9099e,latin-script-hinglish-or-en-IN;not-devanagari,充值优惠：180天有效期套餐资费通知
iiitd_01865,mrapali Proprty Platter(Noida) *Princely sec76@21 lac *Zodiac sec120@23 lac *Castle G.NDA@16.6 lac *Platinum (possesn soon) sec119@25 lac sms ICF to 5499,hi,iiitd_sms_spam_v1,spam,AD,manual,bd63feb3eb3c,latin-script-hinglish-or-en-IN;not-devanagari,房产广告：Mrapali多楼盘项目推广
iiitd_01866,mrapali New Project Leisure Park in Noida Extn. 2BHK 13.85 Lac U 3BHK 18.61 Lac Last Chance to Own a flat low price. For Best Deal Send YES Or Call@991154102,hi,iiitd_sms_spam_v1,spam,AD,manual,42705c1868e5,latin-script-hinglish-or-en-IN;not-devanagari,房产广告：Mrapali Leisure Park公寓推广
iiitd_01867,"Silk,Want a peek behind the scenes of ?The Dirty Picture??
^Yes/No
Reply within 24hrs to the video of the making of ?The Dirty Picture?.",hi,iiitd_sms_spam_v1,spam,AD,audit_fixpass_iiitd,6b4b45e8c8f4,latin-script-hinglish-or-en-IN;not-devanagari | [fix:HARASS->AD] 问答/竞猜增值短信，非诈骗,问答/竞猜增值短信，非诈骗
iiitd_01868,mrapali New Project in Noida EXTN. 2B/R- 15Lacs 3B/R- 20Lacs Last chance 2 Own a flat in these PRICES Available CALL@ 965415303,hi,iiitd_sms_spam_v1,spam,AD,manual,086ef8297b7e,latin-script-hinglish-or-en-IN;not-devanagari,房产广告：Mrapali Noida新盘推广
iiitd_01869,mrapali New Project in Noida EXTN. *2B/R- 15Lacs *3B/R- 20Lacs *Last chance 2 Own a flat in these PRICES Available CALL@ 965415303,hi,iiitd_sms_spam_v1,spam,AD,manual,73adbe830393,latin-script-hinglish-or-en-IN;not-devanagari,房产广告：Mrapali Noida新盘推广
iiitd_01870,MRAPALI Launch SILICON CITY Sec-76 Noida(Opp.SEC-50)-Club/Power/SpanishElevations/Parking-2/3/4BHK Apartment @Rs.24Lac.Call Bajaj Capital:011-39881010/Reply A,hi,iiitd_sms_spam_v1,spam,AD,manual,cb4465d55431,latin-script-hinglish-or-en-IN;not-devanagari,房产广告：Mrapali Silicon City公寓推广
iiitd_01871,mrapali brings Independent VILLAS -Noida Ext107yd=57.3Lac2.5 StoryLIMITED EDITIONGet priority in Allotment& Prefered LocationSMS BWH to 5667,hi,iiitd_sms_spam_v1,spam,AD,manual,b4463db4793e,latin-script-hinglish-or-en-IN;not-devanagari,房产广告：Mrapali独立别墅推广
iiitd_01872,"Wellness Profile -health checkup from Thyrocare: Covers heart, thyroid, kidney, liver, diabetes & more. 63 Wellness Tests @33% off & home service Call: 09222201004",hi,iiitd_sms_spam_v1,spam,AD,manual,d773966d4502,latin-script-hinglish-or-en-IN;not-devanagari,医疗服务：Thyrocare健康体检套餐推广
iiitd_01873,"Movies: Varanasi,  Varanasi,  Uttar Pradesh 1 Dil Kabaddi 2 Dharam Veer 3 Dostana Send 1 to 3 for showtimes,  or NEXT for more movies.",hi,iiitd_sms_spam_v1,spam,AD,manual,e0bc41392e0e,latin-script-hinglish-or-en-IN;not-devanagari,娱乐服务：电影场次查询服务
iiitd_01874,"Movies,  Masti & More! MovieMania bhejta hai movie reviews,  movies on TV& movies se judi saari khabrein! Register karne ke liye,  sms karo JOIN MM to 09219592195",hi,iiitd_sms_spam_v1,spam,AD,manual,1b48a61a39d9,latin-script-hinglish-or-en-IN;not-devanagari,娱乐服务：MovieMania电影资讯订阅
iiitd_01875,"MotiNagar, New Delhi, India:Karampura, New Delhi, India:Rama Road, New Delhi, India:Zakira Flyover, New Delhi, India:INDRALOK, New Delhi, India:Dyabasti, New",hi,iiitd_sms_spam_v1,spam,NEEDS_REVIEW,manual,94a43baeaf2f,latin-script-hinglish-or-en-IN;not-devanagari,地址列表：仅含德里地址信息无法判断意图
iiitd_01876,"Mothers Pride announces the Grand Baby Show on 13th March, Sunday. Register children between 0-3yrs by 12th March, 4pm by visiting any of our branches or ONLINE.",hi,iiitd_sms_spam_v1,spam,AD,manual,39ec260999a3,latin-script-hinglish-or-en-IN;not-devanagari,活动推广：Mothers Pride宝宝秀活动
iiitd_01877,"Most trusted Builder 3C launches 180 acre residential project in sector-78 & 79, Noida with all morden amenties For details sms PG to 56161",hi,iiitd_sms_spam_v1,spam,AD,manual,1ab18c52ef5c,latin-script-hinglish-or-en-IN;not-devanagari,房产广告：3C住宅项目推广
iiitd_01878,"Bawarchi Deepika?,See the attached photo - why do you think Deepika is making rotis?
1) She is learning how to
2) She is teaching the guys
3) She is cooking for her crew
^1/2/3
Reply free to get a funny behind-the-scenes video that'll reveal the truth of this scene from Aarakshan!",hi,iiitd_sms_spam_v1,spam,AD,audit_fixpass_iiitd,1a58b32415f6,latin-script-hinglish-or-en-IN;not-devanagari | [fix:HARASS->AD] 问答/竞猜增值短信，非诈骗,问答/竞猜增值短信，非诈骗
iiitd_01879,"Most pristine luxurious prop coming up in 81 acres on golf course ext road in gurgaon with in city golfcourse resort living @7100.Tushar:- 9650339080,9958007426",hi,iiitd_sms_spam_v1,spam,AD,manual,e07949a78dfa,latin-script-hinglish-or-en-IN;not-devanagari,房产广告：Gurgaon高尔夫地产推广
iiitd_01880,Most prestigious project Sec 68 Ggn lowest price Sample flat 90% ready Good invest/use 1KM from Extn.Road Book@3750/sqft  revising 4000/sqft 9899626438,hi,iiitd_sms_spam_v1,spam,AD,manual,608c86ac91cb,latin-script-hinglish-or-en-IN;not-devanagari,房产广告：Gurgaon Sec 68公寓推广
iiitd_01881,Most awaited project of 2011 amrapali prsnts Luxurious 2/3/4BHK,hi,iiitd_sms_spam_v1,spam,AD,manual,8407e5d90513,latin-script-hinglish-or-en-IN;not-devanagari,房产广告：Amrapali豪华公寓推广
iiitd_01882,Most awaited booking open for super luxury AC Apartment in Delhi. Near Karol Bagh & C.P of the most renowned Builder. For Booking. sms VN P to 53456,hi,iiitd_sms_spam_v1,spam,AD,manual,91f5d5cb4b32,latin-script-hinglish-or-en-IN;not-devanagari,房产广告：德里豪华公寓开盘
iiitd_01883,"Most advanced MBA wid International Diploma, English Skills &Laptop from UEI. Common Entrance Test on Sep 4 in 9 cities.Avail Scholarships.SMS MBA to 09971928051",hi,iiitd_sms_spam_v1,spam,AD,manual,eb30fd36401f,latin-script-hinglish-or-en-IN;not-devanagari,教育推广：UEI MBA+国际文凭课程
iiitd_01884,"Welcome To SBI, AXIS & Other MNC Banks-home loan, car loan & LAP. Total 15 working days. Interested Call On....This no....LALIT, POOJA--7428124991 --9250121002",hi,iiitd_sms_spam_v1,spam,AD,manual,6de5d9fd1d66,latin-script-hinglish-or-en-IN;not-devanagari,贷款广告：SBI/AXIS银行房屋/汽车贷款推广
iiitd_01885,"MORE VALUE WITH EXTENDED VALIDITY ON RC55! Get Rs65 TT + all loc/Std calls @ 1p/Sec on Recharge of Rs55, Valid for 10 days.Stay connected with AIRCEL.",hi,iiitd_sms_spam_v1,spam,AD,manual,e18fb8072069,latin-script-hinglish-or-en-IN;not-devanagari,充值优惠：RC55延长有效期充值促销
iiitd_01886,"MORE VALUE WITH EXTENDED VALIDITY ON RC55! Get Rs65 TT + all loc/Std calls @ 1p/Sec on Recharge of Rs55, Valid for 10 days.Stay connected with AIRCEL",hi,iiitd_sms_spam_v1,spam,AD,manual,e18fb8072069,latin-script-hinglish-or-en-IN;not-devanagari,充值优惠：RC55延长有效期充值促销
iiitd_01887,More value for money with STD Pack Rs 14! Get Rs 17 STD Talktime and talk across India. Valid for 1 day.,hi,iiitd_sms_spam_v1,spam,AD,manual,aad768ac80af,latin-script-hinglish-or-en-IN;not-devanagari,充值优惠：STD Pack Rs14长途通话促销
iiitd_01888,More Than Full Talktime. Recharge Rs222 & get TalkTime of Rs230 with Unlimited validity.Recharge Now & Stay Connected with AIRCEL.Limited Period Offer.,hi,iiitd_sms_spam_v1,spam,AD,manual,1d8b213fe55e,latin-script-hinglish-or-en-IN;not-devanagari,充值优惠：Rs222超额话费充值促销
iiitd_01889,"In The Name of Fashion!,Want to know about a bizarre tradition Chinese followed in the name of fashion?
^Yes/No
All your interactions with Blyk on Aircel are free.",hi,iiitd_sms_spam_v1,spam,AD,audit_fixpass_iiitd,b5f87a3f1326,latin-script-hinglish-or-en-IN;not-devanagari | [fix:HARASS->AD] 问答/竞猜增值短信，非诈骗,问答/竞猜增值短信，非诈骗
iiitd_01890,"Cutest Teenstar!,American popstar and actress Selena Gomez gets the most votes from Blyk members for being the cutest teenstar! Didn't get to express your opinion? Try again - which of these teen sensations do you think is the cutest?
1) Miley Cyrus
2) Justin Bieber
3) Selena Gomez
^1/2/3
All replies are free, so vote now to be a part of this Blyk-O-Poll!",hi,iiitd_sms_spam_v1,spam,AD,audit_fixpass_iiitd,55880c508fee,latin-script-hinglish-or-en-IN;not-devanagari | [fix:HARASS->AD] 问答/竞猜增值短信，非诈骗,问答/竞猜增值短信，非诈骗
iiitd_01891,MORE THAN 60% UNITS SOLD in first 3 DAYS!Unitech offers 3 bhk in sec 70 gurgn@ 5250 psf!2 YRS INTEREST FREE SCHEME.Call Team Agni 9212255555 to avail discounts,hi,iiitd_sms_spam_v1,spam,AD,manual,b96eee1484a0,latin-script-hinglish-or-en-IN;not-devanagari,房产广告：Unitech公寓60%已售+特价
iiitd_01892,"Welcome this New Year by winning a 15 gms Silver coin in WYN Advantage contest by logging in your first WYN policy between Jan 01 & Jan 16, 2010. T&C apply.",hi,iiitd_sms_spam_v1,spam,AD,manual,6f203455eb42,latin-script-hinglish-or-en-IN;not-devanagari,保险产品：WYN Advantage竞赛赢银币
iiitd_01893,MORE THAN 60% UNITS SOLD in first 3 DAYS!Unitech offers 3 bhk in sec 70 grgn@ 5395 psf!2 YRS INTEREST FREE SCHEME.Call Agni 9212255555 to avail discounts.HURRY,hi,iiitd_sms_spam_v1,spam,AD,manual,b96eee1484a0,latin-script-hinglish-or-en-IN;not-devanagari,房产广告：Unitech公寓60%已售+特价
iiitd_01894,MORE THAN 60% UNITS SOLD in first 3 DAYS!!Unitech offers 2/3 bhk in sec 70 grgn@ 5250 psf!!1.5 YRS INTEREST FREE SCHEME.Call Agni 9212255555 to avail discounts.,hi,iiitd_sms_spam_v1,spam,AD,manual,298ed798438f,latin-script-hinglish-or-en-IN;not-devanagari,房产广告：Unitech公寓60%已售+特价
iiitd_01895,MORE THAN 60% UNITS SOLD in first 3 DAYS!!Unitech offers 2/3 bhk in sec 70 grgn@ 5250 psf!!1.5 YRS INTEREST FREE SCHEME.Call Agni 9212255555 to avail discounts,hi,iiitd_sms_spam_v1,spam,AD,manual,298ed798438f,latin-script-hinglish-or-en-IN;not-devanagari,房产广告：Unitech公寓60%已售+特价
iiitd_01896,"More than 4000 jobs in fields of IT, Sales, Finance, Media, Call Center, HR, Acc. & more.Submit your Resume on www.jobsansaar.com. Portal with maximum vacancies.",hi,iiitd_sms_spam_v1,spam,AD,manual,10c572d67f72,latin-script-hinglish-or-en-IN;not-devanagari,招聘广告：Jobsansaar求职平台推广
iiitd_01897,"More than 10000 jobs in fields of Sales, Finance, Media, HR, Acc, IT, ITES, BPO, KPO, Banking, Manufacturing, Civil. Submit your Resume on www.jobsansaar.com",hi,iiitd_sms_spam_v1,spam,AD,manual,52961285171a,latin-script-hinglish-or-en-IN;not-devanagari,招聘广告：Jobsansaar求职平台推广
iiitd_01898,"More than 10000 jobs in fields of Sales, Finance, Media, HR, Acc, IT, ITES, BPO, KPO, Banking, Manufacturing, Civil.Submit your Resume onwww.jobsansaar.com",hi,iiitd_sms_spam_v1,spam,AD,manual,52961285171a,latin-script-hinglish-or-en-IN;not-devanagari,招聘广告：Jobsansaar求职平台推广
iiitd_01899,Wanted Computer Operator Male/Female for Data Entry Work at Own Home(PART TIME/FULL TIME). Email Your Resume to  homejobsindya@gmail.com,hi,iiitd_sms_spam_v1,spam,AD,manual,d6b65ee81959,latin-script-hinglish-or-en-IN;not-devanagari,招聘广告：在家数据录入工作招聘
iiitd_01900,"moneycontrol.com now on your BlackBerry! Get stock quotes,  track your portfolio,  watch LIVE TV & more.Get the FREE app at http://m.moneycontrol.com/MoM",hi,iiitd_sms_spam_v1,spam,AD,manual,3da6433e0caf,latin-script-hinglish-or-en-IN;not-devanagari,金融服务：moneycontrol.com黑莓应用推广
iiitd_01901,"Fast And Furious!,How many Grand Prix has Lewis Hamilton won this season so far?
a) 2
b) 3
c) 4
^a/ b/ c
Reply within 24 hrs to get a video FREE from Blyk on Aircel.",hi,iiitd_sms_spam_v1,spam,AD,audit_fixpass_iiitd,90665f6653a2,latin-script-hinglish-or-en-IN;not-devanagari | [fix:HARASS->AD] 问答/竞猜增值短信，非诈骗,问答/竞猜增值短信，非诈骗
iiitd_01902,"MONAZ: -*A child is a person who cant understand why someone would give away a perfectly good kitten..* -Doug Larson . (Ad) Get naughty,  sms TJ to 56677",hi,iiitd_sms_spam_v1,spam,AD,manual,997fb409e8b1,latin-script-hinglish-or-en-IN;not-devanagari,娱乐服务：MONAZ儿童笑话+广告
iiitd_01903,Welcome back to Airtel! Call 121312 Toll Free to know your BEST FULL TALKTIME RECHARGE OFFER. Aaj BAARAH TERAH BAARAH lagaya kya? Call 121312 Toll Free now!!,hi,iiitd_sms_spam_v1,spam,AD,manual,e0a9197e45d5,latin-script-hinglish-or-en-IN;not-devanagari,充值优惠：Airtel全额话费充值促销通知
iiitd_01904,"Mobile pe ab dekhe hot videos, Spicy Bollywood Gossip, Latest News, IPL Match aur bhi bahut kuch.Abhi Video Call karein 58888 pe at Rs 2/min.",hi,iiitd_sms_spam_v1,spam,AD,manual,1c0d0eea5b53,latin-script-hinglish-or-en-IN;not-devanagari,娱乐服务：手机视频/宝莱坞八卦/新闻服务
iiitd_01905,"Mobile par ab bharpoor mazaa. Visit www.channel99.in Main Attraction: Glamour, Greetings, Cricket, News, GitaSaar, Wallpapers Free viewing. Sirf GPRS charges.",hi,iiitd_sms_spam_v1,spam,AD,manual,d68339c1ac7c,latin-script-hinglish-or-en-IN;not-devanagari,娱乐服务：Channel99手机内容平台推广
iiitd_01906,"Mobile Office is active on your number. To use these services,  pls save the settings you are about to receive. Visit Airtel Live for free Airtel Jingle. No activation charge or monthly rentals apply for Airtel Live and MMS. You only pay if you send an MMS or download content. For details call 121 (Toll free).",hi,iiitd_sms_spam_v1,spam,TRANSACTION,manual,5e0bede59cea,latin-script-hinglish-or-en-IN;not-devanagari,服务通知：Mobile Office激活设置指南
iiitd_01907,"Mobile Office is active on ur number. To use these services,  pls save the settings u are about to receive. Visit Airtel Live! for free AR Rehman RingtMobile Office settings have been sucessfully delivered on your phone.Access Airtel Live by long pressing '0' key Nokia or buy launching WAP/WEB  Browsone. No activation charge or monthly rentals are applicable for Airtel Live. You only pay if you download content. For details call 121er_any other phone) and visiting http://live.airtelworld.com.",hi,iiitd_sms_spam_v1,spam,TRANSACTION,manual,e5d99d3abcd9,latin-script-hinglish-or-en-IN;not-devanagari,服务通知：Mobile Office激活设置指南
iiitd_01908,"Mobile Office & MMS settings have been successfully delivered on your phone! Now you can access Airtel Live by long pressing '0' key on Nokia. On other Phones launch Internet Browser and select Airtel Live (or goto http://live.airtelworld.com),  You pay no activation,  rental or browsing charges for Airtel Live. You only pay if you Download Content,  or Send MMS.",hi,iiitd_sms_spam_v1,spam,TRANSACTION,manual,1f76e3d42d66,latin-script-hinglish-or-en-IN;not-devanagari,服务通知：Mobile Office/MMS设置成功通知
iiitd_01909,"Mobile Office & MMS is active on your number. To use these services,  pls save the settings you are about to receive. Visit Airtel Live for free Airtel Jingle. No activation charge or monthly rentals apply for Airtel Live and MMS. You only pay if you send an MMS or download content. For details call 121 (Toll free).",hi,iiitd_sms_spam_v1,spam,TRANSACTION,manual,c6b4cbc4e498,latin-script-hinglish-or-en-IN;not-devanagari,服务通知：Mobile Office/MMS激活设置指南
iiitd_01910,Mobile Office  AIRTEL LIVE & MMS settings have been successfully delivered on your phone! Now you can access Airtel Live by long pressing '0' key on Nokia. On other Phones launch Internet Browser and select Airtel Live (or goto http://live.airtelworld.com)  You pay no activation  rental or browsing charges for Airtel Live. You only pay if you Download Content  or Send MMS.,hi,iiitd_sms_spam_v1,spam,TRANSACTION,manual,dd8ff79e70b0,latin-script-hinglish-or-en-IN;not-devanagari,服务通知：Mobile Office/MMS设置成功通知
iiitd_01911,"Mobile Office,  AIRTEL LIVE & MMS settings have been successfully delivered on your phone! Now you can access Airtel Live by long pressing '0' key on Nokia. On other Phones launch Internet Browser and select Airtel Live (or goto http://live.airtelworld.com),  You pay no activation,  rental or browsing charges for Airtel Live. You only pay if you Download Content,  or Send MMS.",hi,iiitd_sms_spam_v1,spam,TRANSACTION,manual,09b375abf0c8,latin-script-hinglish-or-en-IN;not-devanagari,服务通知：Mobile Office/MMS设置成功通知
iiitd_01912,"Remember When...?,Blyk takes you down memory lane- What is most memorable about your teenage years?
1) First crush
2) First kiss
3) Being naughty in school
^1/2/3
Replies to Blyk on Aircel are free, so share your experience to get a video!",hi,iiitd_sms_spam_v1,spam,AD,audit_fixpass_iiitd,3495e9d8eae3,latin-script-hinglish-or-en-IN;not-devanagari | [fix:HARASS->AD] 问答/竞猜增值短信，非诈骗,问答/竞猜增值短信，非诈骗
iiitd_01913,Mobile kharidne ya bechne ke liye dial karein *321*669# (toll-free) aur subscribe karein Mobile Bazaar kewal Rs10/10 Din mein.,hi,iiitd_sms_spam_v1,spam,AD,manual,f0cadec3e473,latin-script-hinglish-or-en-IN;not-devanagari,零售促销：Mobile Bazaar手机买卖平台
iiitd_01914,"Mobile Internet ka full fayda. Ab karo download MP3, images, videos, games sirf Re1 mein. Click Now! http://10.11.233.29/vodafone/66826/index.php3 Surfing@10p/10kb",hi,iiitd_sms_spam_v1,spam,AD,manual,7d5add16db41,latin-script-hinglish-or-en-IN;not-devanagari,上网套餐：手机下载内容服务推广
iiitd_01915,Weight Loss 15 kg in 3 Months by NATURAL JUICE at your Home.Pure Herbal No Side effects.100% Result with Money Back.Just for Rs.1999/-Call 9873326844/9818543250,hi,iiitd_sms_spam_v1,spam,HARASS,manual,43f5bedf1e7a,latin-script-hinglish-or-en-IN;not-devanagari,减肥产品骚扰推销：天然果汁减肥套餐
iiitd_01916,"MJoy - a one stop shop for all the services that you need on your Airtel mobile - Hello Tunes,  Internet Service,  Missed Call Alert! Simply dial 55120 (Free).",hi,iiitd_sms_spam_v1,spam,AD,manual,5008a6498a4f,latin-script-hinglish-or-en-IN;not-devanagari,服务通知：MJoy Airtel一站式服务平台
iiitd_01917,"Missed out on DDA draw? Blessing in disguise! LOGIXNEO WORLD@Sec150, Noida brings stunning 2/3BHK Apts in Golftheme township fm28.7lac only on DP.sms LG to 56677",hi,iiitd_sms_spam_v1,spam,AD,manual,c1add820f89c,latin-script-hinglish-or-en-IN;not-devanagari,房产广告：Logix Neo World公寓推广
iiitd_01918,Missed out DDA Scheme! Chance to own a flat in Delhi NCR.SMS DNA 25 to 54545.,hi,iiitd_sms_spam_v1,spam,AD,manual,00fc40f4e6f6,latin-script-hinglish-or-en-IN;not-devanagari,房产广告：DDA计划替代方案公寓推广
iiitd_01919,"Miss-Call Pe Cricket Score 09004444444 Ek Bar, Bar Bar chahe Jitani bar Miss Call karke worldCup2011 ka score MUFT mein jansakte hai INDIA mein kahise bhi",hi,iiitd_sms_spam_v1,spam,AD,manual,ea7abae66bbe,latin-script-hinglish-or-en-IN;not-devanagari,娱乐服务：Miss-Call查板球比分服务
iiitd_01920,"Minimal documentation,  Quick approval,  Low rates. Home Loan @9.25%. Loan Against Properties@11.5%.Call on 011-43065228 visit www.mymoneymantra.com.T$C apply.",hi,iiitd_sms_spam_v1,spam,AD,manual,8f9e6270618a,latin-script-hinglish-or-en-IN;not-devanagari,贷款广告：MyMoneyMantra房屋/房产抵押贷款
iiitd_01921,"Minimal documentation,  Quick approval,  Low rates. Home Loan @9.25%.Loan Against Properties@11.5%. Call on 011-43065228 visit www.mymoneymantra.com.T$C apply.",hi,iiitd_sms_spam_v1,spam,AD,manual,8f9e6270618a,latin-script-hinglish-or-en-IN;not-devanagari,贷款广告：MyMoneyMantra房屋/房产抵押贷款
iiitd_01922,MI vs PW ka exclusive match dekhiye ab apne mobile pe. Abhi Video Call karein 58888 pe at Rs 2/min aur dekhiye exclusive DD vs DC ka mazedaar match.,hi,iiitd_sms_spam_v1,spam,AD,manual,0fd6d48d7c03,latin-script-hinglish-or-en-IN;not-devanagari,娱乐服务：手机视频直播板球比赛
iiitd_01923,"Your Astro Today,Tell us your sunsign to know your today's forecast! Reply with your sunsign. E.g. 'Aries', if you were born in the month of April.
^Your sunsign",hi,iiitd_sms_spam_v1,spam,HARASS,manual,61c63d4cfa8c,latin-script-hinglish-or-en-IN;not-devanagari,占星服务诱导：付费星座运势服务
iiitd_01924,"Mgt. and Cost A/C BY Colin Drury,  Thompson Learnings.",hi,iiitd_sms_spam_v1,spam,NEEDS_REVIEW,manual,0e84038792a8,latin-script-hinglish-or-en-IN;not-devanagari,图书信息：仅含书名/作者无法判断意图
iiitd_01925,"Mera naam hai Priya,  mujhe party me jana,  dance karna acha lagta hai. Kya aap mujhse dosti karoge? Dial 5512111.Rs2/min",hi,iiitd_sms_spam_v1,spam,HARASS,manual,3a8d92658aba,latin-script-hinglish-or-en-IN;not-devanagari,聊天交友诱导：付费电话交友服务
iiitd_01926,"Mera naam hai Payal,  mujhe party me jana,  dance karna acha lagta hai. Kya aap mujhse dosti karoge? Dial 5512111.Rs2/min",hi,iiitd_sms_spam_v1,spam,HARASS,manual,ccebc6bd9c86,latin-script-hinglish-or-en-IN;not-devanagari,聊天交友诱导：付费电话交友服务
iiitd_01927,Weight Loss 15 kg in 3 Months by NATURAL JUICE at your Home. Pure Herbal No Side effects. 100 % Result with Money Back. Call 9873326844/9953602430,hi,iiitd_sms_spam_v1,spam,HARASS,manual,43f5bedf1e7a,latin-script-hinglish-or-en-IN;not-devanagari,减肥产品骚扰推销：天然果汁减肥套餐
iiitd_01928,"Mera naam hai Nisha,  mujhe party me jana,  dance karna acha lagta hai. Kya aap mujhse dosti karoge? Dial 5512111.Rs2/min",hi,iiitd_sms_spam_v1,spam,HARASS,manual,95e181f3113d,latin-script-hinglish-or-en-IN;not-devanagari,聊天交友诱导：付费电话交友服务
iiitd_01929,"Mera naam hai Divya,  mujhe party me jana,  dance karna acha lagta hai. Kya aap mujhse dosti karoge? Dial 5512111.Rs2/min",hi,iiitd_sms_spam_v1,spam,HARASS,manual,3ada3975f62b,latin-script-hinglish-or-en-IN;not-devanagari,聊天交友诱导：付费电话交友服务
iiitd_01930,"Mera naam hai Deepika,  mujhe party me jana,  dance karna acha lagta hai. Kya aap mujhse dosti karoge? Dial 5512111.Rs2/min",hi,iiitd_sms_spam_v1,spam,HARASS,manual,3e43a03d0119,latin-script-hinglish-or-en-IN;not-devanagari,聊天交友诱导：付费电话交友服务
iiitd_01931,"Mera naam hai Chameli ,  mujhe party me jana,  dance karna acha lagta hai. Kya aap mujhse dosti karoge? Dial 5512111.Rs2/min",hi,iiitd_sms_spam_v1,spam,HARASS,manual,67f1e9fb4fd4,latin-script-hinglish-or-en-IN;not-devanagari,聊天交友诱导：付费电话交友服务
iiitd_01932,MEGA MINUTES OFFER! Now Recharge with Rs99 & get 375 local minutes FREE.Hurry recharge now.T&Capply.,hi,iiitd_sms_spam_v1,spam,AD,manual,9c030a10645d,latin-script-hinglish-or-en-IN;not-devanagari,充值优惠：Rs99/375分钟充值促销
iiitd_01933,MEGA MINUTES OFFER! Now Recharge with Rs99 & get 375 local minutes FREE for 15 days. Dial *122*099# to activate now!.,hi,iiitd_sms_spam_v1,spam,AD,manual,9c030a10645d,latin-script-hinglish-or-en-IN;not-devanagari,充值优惠：Rs99/375分钟充值促销
iiitd_01934,"New Game!,Hey gaming fans! Guess which group of robots the Transformer Optimus Prime belongs to:
1) Autobots
2) Decepticons
^1/2
Reply to get details of the brand new, free-to-download Transformers 3 game!",hi,iiitd_sms_spam_v1,spam,AD,audit_fixpass_iiitd,508a8f868a34,latin-script-hinglish-or-en-IN;not-devanagari | [fix:HARASS->AD] 问答/竞猜增值短信，非诈骗,问答/竞猜增值短信，非诈骗
iiitd_01935,MEGA MINUTES OFFER! Now Recharge with Rs99 & get 375 local minutes FREE for 15 days. Dial *122*099# to activate now!,hi,iiitd_sms_spam_v1,spam,AD,manual,9c030a10645d,latin-script-hinglish-or-en-IN;not-devanagari,充值优惠：Rs99/375分钟充值促销
iiitd_01936,Meet world famous Footwear designer Jimmy Choo in Mumbai/Delhi this month! Limited seats available. For registration visit www.edwiseinternational.com,hi,iiitd_sms_spam_v1,spam,AD,manual,e117f8ae30ac,latin-script-hinglish-or-en-IN;not-devanagari,活动推广：Jimmy Choo设计师见面会
iiitd_01937,"Meet Top 35 US universities in Delhi at India Habitat Centre Lodhi Road on Nov 8th, 2 to 6 pm for student admission.Entry Free,  details contact 9911489000",hi,iiitd_sms_spam_v1,spam,AD,manual,b19223071dc9,latin-script-hinglish-or-en-IN;not-devanagari,教育推广：美国大学印度招生展会
iiitd_01938,"Weekender Presents Kids, Mens & Womens Garment with Winter Collection at City Plaza, Opp Payel Cinema. Call 9933890310 Or 0353-2641247 for Details.",hi,iiitd_sms_spam_v1,spam,AD,manual,315ea969899e,latin-script-hinglish-or-en-IN;not-devanagari,零售促销：Weekender商场冬季服装促销
iiitd_01939,"MDA Moradabad(Govt.) Open Residential Plots Scheme on NH-24 in New Moradabad.Plot Area-90sqm to 500sqm as 5000/sqm, Last date 20.02.2011 cal for enq.9540056067",hi,iiitd_sms_spam_v1,spam,AD,manual,4aa9d7add589,latin-script-hinglish-or-en-IN;not-devanagari,房产广告：MDA Moradabad住宅地块计划
iiitd_01940,"MCSE,  CCNA,  CCNP,  Linux,  Lotus Domino,  Sun Solaris,  others Quality training available with moneyback guarantee*. Ph:011-41646262,  24641080 www.netlabsits.com",hi,iiitd_sms_spam_v1,spam,AD,manual,8df225e19703,latin-script-hinglish-or-en-IN;not-devanagari,教育推广：IT培训课程（MCSE/CCNA等）
iiitd_01941,"MBA+PGPM+SAP+PDP+LAPTOP. Fee 3.85 lacs. Register yourself for telephonic interview before 31st August. Limited Seats. Contact 08095370070 ,9886354542",hi,iiitd_sms_spam_v1,spam,AD,manual,5a1ac05d8125,latin-script-hinglish-or-en-IN;not-devanagari,教育推广：MBA+PGPM+SAP课程招生
iiitd_01942,"V.V.INPEX (P) LTD JOB OPPORTUNITY Full Time 16000 Part Time 12000 Sunday 8000. 8th to all Degree. Age 18 above. No Marketing, N0 Sales, No Insurance Inter",hi,iiitd_sms_spam_v1,spam,HARASS,manual,558e1faa9da1,latin-script-hinglish-or-en-IN;not-devanagari,高薪诱惑招揽：V.V.INPEX虚假高薪工作
iiitd_01943,"May this day bring to U all things that make U smile. Happy Bday ? 160by2 Team {Ad: Andhvishwas ? The Wicker Man,  29th Aug,  8:45pm only on UTV Action}",hi,iiitd_sms_spam_v1,spam,AD,manual,4cba803d79e3,latin-script-hinglish-or-en-IN;not-devanagari,社交服务：160by2生日祝福+广告
iiitd_01944,"JOIN:-Training+Certified+100%JOB-(Rs 3000 Off in group)SCJP-JAVA, Android, iPhone, Mainframe, MCTS.Net4, Oracle, SQT, Embedded.Miracle, B-12, Sec2, Noida, 9311305845/6/7",hi,iiitd_sms_spam_v1,spam,AD,manual,61edf063ba17,latin-script-hinglish-or-en-IN;not-devanagari,教育推广：IT培训+就业保障课程
iiitd_01945,"Spiderman. Spiderman!,Blyk on Aircel thanks you for being a valued member.
Here's an exclusive still from The Amazing Spider-Man, due to be released in 2012. Enjoy! 
Keep your phone on for more exclusives from Blyk on Aircel.",hi,iiitd_sms_spam_v1,spam,HARASS,manual,124fbcc586fc,latin-script-hinglish-or-en-IN;not-devanagari,Blyk互动问答：蜘蛛侠独家图片内容
iiitd_01946,JUSTDIAL is looking for Business Associates from Bangalore area. You can earn over Rs. 50000 pm. To know more call 28888888 or visit reseller.justdial.com,hi,iiitd_sms_spam_v1,spam,AD,manual,139d953a9b7b,latin-script-hinglish-or-en-IN;not-devanagari,招聘广告：JustDial业务合伙人招聘
iiitd_01947,Maxworth Realty presents premium residential sites @ rs 545/- in north Bangalore Pay 50% get your property Registered rest 50% in Easy Emis Call 9341442999,hi,iiitd_sms_spam_v1,spam,AD,manual,c6bb4e92293c,latin-script-hinglish-or-en-IN;not-devanagari,房产广告：Maxworth Realty住宅地块推广
iiitd_01948,"Maxworth Realty (I) Ltd Apprd Sites (BIAAPA,  BMRDA& Limits) forsale@ starts from Rs650-1700/sqft blore with EMI 0% call -9591985269-160by2.com {Send FRE",hi,iiitd_sms_spam_v1,spam,AD,manual,ac3bd3731a0e,latin-script-hinglish-or-en-IN;not-devanagari,房产广告：Maxworth Realty获批地块推广
iiitd_01949,MAX NEW YORK LIFE PRESENTS igenius India's first multi-faceted scholarship programme. For details refer to Times of India Or visit www.igenius.org,hi,iiitd_sms_spam_v1,spam,AD,manual,7eac1686ec43,latin-script-hinglish-or-en-IN;not-devanagari,教育推广：MAX NEW YORK LIFE奖学金计划
iiitd_01950,Weekend Treat! Pay Rs 200 for 1 Coffee/Tea & Veg/ Non Veg Club Sandwich worth Rs 368 @ Cafe Oz . Visit www.snapdeal.com now!,hi,iiitd_sms_spam_v1,spam,AD,manual,ad329d735a07,latin-script-hinglish-or-en-IN;not-devanagari,零售促销：Cafe Oz餐厅优惠券
iiitd_01951,"Matches are made in heaven we are the gate way for that visit www.ghmatrimony.com reg free  an ISO9001:2008 CO, GOLDENHANDS MATRIMONY",hi,iiitd_sms_spam_v1,spam,AD,manual,0b064b35b579,latin-script-hinglish-or-en-IN;not-devanagari,婚恋服务：GoldenHands Matrimony婚姻平台
iiitd_01952,Matcehs are made in heaven we are the gateway for that visit www.ghmatrimony.com reg free TOLL FREE 18001036336 ISO9001:2008 C29700,hi,iiitd_sms_spam_v1,spam,AD,manual,dfbc16c141bd,latin-script-hinglish-or-en-IN;not-devanagari,婚恋服务：GoldenHands Matrimony婚姻平台
iiitd_01953,"MasterCard Shopping League brings you Super Deals @ CCD,  Converse,  The Loot,  Crossword,  Airtel Digital TV,  etc. SMS: MCI<space>SHOPPING to 56070 & start saving.",hi,iiitd_sms_spam_v1,spam,AD,manual,13b9d36c42ca,latin-script-hinglish-or-en-IN;not-devanagari,零售促销：MasterCard购物联盟优惠
iiitd_01954,Master of Science Technology Programs from Manipal University for Working Professionals. Weekend Classes. Jan 2012 Batch. For Details sms MU to 56070.,hi,iiitd_sms_spam_v1,spam,AD,manual,4955e535b5e6,latin-script-hinglish-or-en-IN;not-devanagari,教育推广：Manipal大学IT硕士课程
iiitd_01955,Mast Kalandar wishes a colourful Holi ! Live THANDAI with SATRANGI FEAST and GUNJIYA. SMS GUNJIYA to 9886033322 to get one FREE. Happy Holi @Mast Kalandar,hi,iiitd_sms_spam_v1,spam,AD,manual,6a097ffeb69c,latin-script-hinglish-or-en-IN;not-devanagari,零售促销：Mast Kalandar Holi节日活动
iiitd_01956,"Wanna Jam?,?Fret-King? a guitar manufacturing company has introduced a guitar that tunes itself.
1) True
2) False
^1/2
All your replies to Blyk on Aircel are free.",hi,iiitd_sms_spam_v1,spam,AD,audit_fixpass_iiitd,39470c18ddec,latin-script-hinglish-or-en-IN;not-devanagari | [fix:HARASS->AD] 问答/竞猜增值短信，非诈骗,问答/竞猜增值短信，非诈骗
iiitd_01957,"Market ka taza haal apke mobile par,  Stock market alert@Rs30/mth, dial*777*41#. Superhit Ringtones download karein bilkul MUFT,  call 52345.Chrg@Rs7/min",hi,iiitd_sms_spam_v1,spam,AD,manual,756950d33f63,latin-script-hinglish-or-en-IN;not-devanagari,金融服务：股票行情提醒+铃声下载
iiitd_01958,Mare Sath Dosti karo gae Aap k sath RAAT bhar CHATTING karu gee Karo Send DOSTG to 55888 Send SLOV for ROMANTIC or LOVE SMS ROSE for ROSE to 55888.,hi,iiitd_sms_spam_v1,spam,HARASS,manual,567a215edea2,latin-script-hinglish-or-en-IN;not-devanagari,聊天交友诱导：付费聊天服务
iiitd_01959,"Mar 13 Sunday 7pm @ Narada Gana Sabha T.T.K. Rd,  Alwarpet.  S.Ve.Shekhers Superhit Comedy *Mahabharathathil Mangatha*.  For details &Ticket sms Drama to 56677",hi,iiitd_sms_spam_v1,spam,AD,manual,50876a129260,latin-script-hinglish-or-en-IN;not-devanagari,娱乐服务：Narada Gana Sabha戏剧演出
iiitd_01960,"Mapillai starring Dhanush,  Now open at www.ticketnew.com,  book tickets at Sangam,  Abirami, Devi, Kamala, Kasi, Rakki, Vettri and other theatres only in ticketnew.com",hi,iiitd_sms_spam_v1,spam,AD,manual,17969de7921f,latin-script-hinglish-or-en-IN;not-devanagari,娱乐服务：电影票务预订推广
iiitd_01961,"MANSOON DHAMAKA Upto:24/07, LOW EST GOLD RATE Rs1959/gm(22KT BIS HALMARKD)at GOLDMINE JWELRY, MARATHAHALLI SBH BUILDING/INDIRANAGR/VIJAYNAGR/9964615662/9738162679",hi,iiitd_sms_spam_v1,spam,AD,manual,48f4f8883f59,latin-script-hinglish-or-en-IN;not-devanagari,珠宝推广：Gold Mine珠宝低价促销
iiitd_01962,"Your Mobile number Won 1,0,000 Pounds from the On-Going Yahoo/Msn lottery held in Uk, for claims contact Dr Micheal Via Email (msndept22@hotmail.com)",hi,iiitd_sms_spam_v1,spam,FRAUD,manual,23e29c6cd6f9,latin-script-hinglish-or-en-IN;not-devanagari,假中奖诈骗：冒充Yahoo/MSN彩票中奖
iiitd_01963,"Weekend Offer-Use FCFF6000 for 10% disc. on all products except diapers. Use FC15NBH for 15% disc. on New Mom Essentials, Bath $ Skin Care, Health $ Safety.",hi,iiitd_sms_spam_v1,spam,AD,manual,2251f5d6ace8,latin-script-hinglish-or-en-IN;not-devanagari,零售促销：宝宝用品优惠券
iiitd_01964,Manipal University's Master of Science Technology Programs for IT Professionals. Weekend Classes. Admissions Open Jan 2012 Batch. For Details sms MU to 56070.,hi,iiitd_sms_spam_v1,spam,AD,manual,7389f643a6f1,latin-script-hinglish-or-en-IN;not-devanagari,教育推广：Manipal大学IT硕士课程
iiitd_01965,Mangal ka raashi parivartan! Kya shubh samachaar milega? Dial karein 5432146 aur janiye Pandit ji se apna bhavishya aur jyotish marg darshan sirf Rs9/min mein.,hi,iiitd_sms_spam_v1,spam,HARASS,manual,d3e8b98d9997,latin-script-hinglish-or-en-IN;not-devanagari,占星服务诱导：付费占星预测
iiitd_01966,"Manali: Hotel+Volvo package @Rs.5999/- 3 nights stay in Super Deluxe room+ sight seeing tour. For details,  call 0124-4986231 or visit www.fullontrip.com",hi,iiitd_sms_spam_v1,spam,AD,manual,7e15bec60542,latin-script-hinglish-or-en-IN;not-devanagari,旅游推广：Manali酒店+Volvo套餐
iiitd_01967,"Maggi With A Twist!,Choose your option to try Maggi with a twist...
1) Hot & Spicy
2) Veggie-Egg
^1/ 2
Reply within 24 hrs to get tasty slurpy recipes.",hi,iiitd_sms_spam_v1,spam,AD,audit_fixpass_iiitd,bb7b6ae841ec,latin-script-hinglish-or-en-IN;not-devanagari | [fix:HARASS->AD] 问答/竞猜增值短信，非诈骗,问答/竞猜增值短信，非诈骗
iiitd_01968,Manage kariye apni Hello Tune service - apni pasand ka gaana chunein ya apni Hello Tune deactivate karein *121*6# par.,hi,iiitd_sms_spam_v1,spam,AD,audit_fixpass_iiitd,a1e16e35db73,latin-script-hinglish-or-en-IN;not-devanagari | [fix:TRANSACTION->AD] 充值套餐/增值服务促销,充值套餐/增值服务促销
iiitd_01969,Make your wish come true at www.lotusbless.com and sms to 10 friends and get a good luck.Try once it really helps in I experienced it.,hi,iiitd_sms_spam_v1,spam,HARASS,manual,62b37e8cd887,latin-script-hinglish-or-en-IN;not-devanagari,迷信服务诱导：lotusbless.com转运服务
iiitd_01970,"Make your own color sensing robot and control by your own mobile,  Join Appin international summer industrial training program 2009. Call/sms @9958672404",hi,iiitd_sms_spam_v1,spam,AD,manual,082c2e514a81,latin-script-hinglish-or-en-IN;not-devanagari,教育推广：Appin暑期工业培训项目
iiitd_01971,"Make your friends dance when they call you. Dial 51000 at Re.1/min, select your favourite song as your DialerTune for only Rs. 30/month. FREE song Download.",hi,iiitd_sms_spam_v1,spam,AD,manual,991bbe64b8f9,latin-script-hinglish-or-en-IN;not-devanagari,音乐服务：DialerTune彩铃服务订阅
iiitd_01972,"Make your career recession proof with 1 year Executive Master program in Information Security,  Get qualified for 1,88,000* Jobs. SMS or Call MS @9717470558",hi,iiitd_sms_spam_v1,spam,AD,manual,416ac5e81dbc,latin-script-hinglish-or-en-IN;not-devanagari,教育推广：信息安全高管硕士课程
iiitd_01973,Make your career recession proof with 1 year Executive Master program in,hi,iiitd_sms_spam_v1,spam,AD,manual,416ac5e81dbc,latin-script-hinglish-or-en-IN;not-devanagari,教育推广：信息安全高管硕士课程
iiitd_01974,"Make this Diwali special with Free apps.,  Games,  Ringtones & more for your handset. Nokia Khareedo Now Ya Pachhtaao offer. Visit www.meranokia.com/diwali",hi,iiitd_sms_spam_v1,spam,AD,manual,da0d98bcfd6d,latin-script-hinglish-or-en-IN;not-devanagari,娱乐服务：Nokia Diwali免费应用/游戏促销
iiitd_01975,"Weekend Offer ! Show this sms and get 20 % off on Virsa and Bodygaurd Coats & Sweaters @ The Arcade, Kazi road & Naya bazar, near star cinema",hi,iiitd_sms_spam_v1,spam,AD,manual,5dd262efc8af,latin-script-hinglish-or-en-IN;not-devanagari,零售促销：Virsa/Bodygaurd服装折扣
iiitd_01976,Make Money Online www.Travelmoney.in Lowest Fares Portals Under One Website Check Once and GRAB best Deal For You ... JAGO GRAHAK JAGO ..... Als,hi,iiitd_sms_spam_v1,spam,HARASS,manual,550cf1989d3e,latin-script-hinglish-or-en-IN;not-devanagari,高薪诱惑招揽：Travelmoney在线赚钱推广
iiitd_01977,Make Investment in METLIFE Insurance,hi,iiitd_sms_spam_v1,spam,AD,manual,66f5924c68db,latin-script-hinglish-or-en-IN;not-devanagari,保险产品：MetLife保险投资推广
iiitd_01978,"Guess The Gaana,Guess the missing word from the latest love anthem from Rockstar Jo bhi main _______ chahoon.
Choose the right option:
1) Pehanna
2) Kehna
3) Sunna
^1/ 2/ 3
Reply within 24 hrs to get a FREE song clip from Blyk on Aircel.",hi,iiitd_sms_spam_v1,spam,AD,audit_fixpass_iiitd,b44667980013,latin-script-hinglish-or-en-IN;not-devanagari | [fix:HARASS->AD] 问答/竞猜增值短信，非诈骗,问答/竞猜增值短信，非诈骗
iiitd_01979,Majestic mountains to calm beaches. Adventure holidays to quiet getaways. Manali to Ooty. Puri to Munnar. Holiday for 25 years.EMIs frm Rs.2366. T&C. 9895930777,hi,iiitd_sms_spam_v1,spam,AD,manual,63aa60a5ebed,latin-script-hinglish-or-en-IN;not-devanagari,旅游推广：度假目的地EMI付款旅行
iiitd_01980,"Maintain Balance of Rs21 or more & Get 8% additional talktime instantly on recharge of 30,50,75,100,111,222,333.Hurry Limited Offer.T&C Apply.",hi,iiitd_sms_spam_v1,spam,AD,manual,61eddfb52972,latin-script-hinglish-or-en-IN;not-devanagari,充值优惠：余额维持额外8%通话时长
iiitd_01981,MahindraScooter kharidiye aur budgetpurva aarthik laabh paaye.28Feb tak har MahindraScooterki kharidari par hogi 0% Processing Fee. Sms POWER to 54545.T&C apply,hi,iiitd_sms_spam_v1,spam,AD,manual,5c497f5ea719,latin-script-hinglish-or-en-IN;not-devanagari,零售促销：Mahindra Scooter购车优惠
iiitd_01982,"MAHAVEER TRISHLA FOR SALE 2BHK 1070 TO 1180SFT AND 3BHK 1385 TO 1490 SFT FLATS WITH ALL AMENITIES AT BHEL LAYOUT, RAJARAJESHWARINAGAR. 7829385993/9448880644",hi,iiitd_sms_spam_v1,spam,AD,manual,48dabf385a2a,latin-script-hinglish-or-en-IN;not-devanagari,房产广告：Mahaveer Trishla公寓销售
iiitd_01983,MAHAN DAL KI APEEL JAN LOKPAL KO AGAR ITNI TAKAT DE DI TO WO TANSHAH RAJA BAN JAYEGA.2 MAY2011 JANTAR MANTAR AAYE. LOKTANTRA BACHAYE.www.mahandal.com.9013755344,hi,iiitd_sms_spam_v1,spam,NEEDS_REVIEW,manual,def856323945,latin-script-hinglish-or-en-IN;not-devanagari,政治内容：Mahan Dal政治呼吁无法判断
iiitd_01984,Maha Ganpati Properties Sale & Purchase of Properties in Bahadurgarh. (Specialized in HUDA Properties) Contact: Ashok Goyal +919215572467 +91921226546,hi,iiitd_sms_spam_v1,spam,AD,manual,eca508b4de80,latin-script-hinglish-or-en-IN;not-devanagari,房产广告：Maha Ganpati Properties房产买卖
iiitd_01985,"MAAC(leader in 3d animation, vfx, multimedia, gaming)announces free seminar NEXT IN BOLLYWOOD, on 28MAY by industry professionals.Call now 9239285278 for passes.",hi,iiitd_sms_spam_v1,spam,AD,manual,a7a54904d010,latin-script-hinglish-or-en-IN;not-devanagari,教育推广：MAAC动画免费研讨会
iiitd_01986,M3M has launched Cosmopolitan High Street retail & office space. Low maintenance & best location at sec-66 Gurgaon. FOR BOOKING SMS GMR TO 56161,hi,iiitd_sms_spam_v1,spam,AD,manual,55b56e17c167,latin-script-hinglish-or-en-IN;not-devanagari,房产广告：M3M Cosmopolitan商业地产
iiitd_01987,"Weekend Offer ! Show this sms and get 20 % off on Virsa and Bodygaurd Coats & Sweaters @ The Arcade, Kazi road            & Naya bazar, near star cinema",hi,iiitd_sms_spam_v1,spam,AD,manual,5dd262efc8af,latin-script-hinglish-or-en-IN;not-devanagari,零售促销：Virsa/Bodygaurd服装折扣
iiitd_01988,M/s WonderCool offer full Service  Repair  Installation & AMC for AC (W/S)  Refrigerators  Washing Machine. Lowest prices & quality service - 9910361701,hi,iiitd_sms_spam_v1,spam,AD,manual,f0b2a4d43c6f,latin-script-hinglish-or-en-IN;not-devanagari,维修服务：WonderCool家电维修服务
iiitd_01989,"Android World!,Which Android phone would you like to buy? Choose from the options?
1) Samsung Galaxy S2
2) Motorola Atrix
3) LG Optimus 2X
^1/2/3
Reply to know the comparison.",hi,iiitd_sms_spam_v1,spam,AD,audit_fixpass_iiitd,9cc75794e6a8,latin-script-hinglish-or-en-IN;not-devanagari | [fix:HARASS->AD] 问答/竞猜增值短信，非诈骗,问答/竞猜增值短信，非诈骗
iiitd_01990,M Packers and Movers (TM) an ISO 9001:2000 Co. For Tension Free Shifting House-Hold Goods & CAR Branch all Over India 011-23512345 Toll Free (24x7) 180011567,hi,iiitd_sms_spam_v1,spam,AD,manual,4d8c46064739,latin-script-hinglish-or-en-IN;not-devanagari,搬家服务：M Packers and Movers搬家服务
iiitd_01991,"Job is knocking @ Ur door.Hurry up & don?t miss this great opportunity.  Call-8016590923or 8016590805.www.cyberjob.in-160by2.com{Send FREE SMS 2 any mobile in India,  Malaysia & Singapore. Register with 160by2.com}",hi,iiitd_sms_spam_v1,spam,HARASS,manual,12ba0a8e5329,latin-script-hinglish-or-en-IN;not-devanagari,高薪诱惑招揽：虚假工作机会诱导
iiitd_01992,LVIDA TRIP TO THAILAND!! Last day Tomorrow!! Have Life Time Experience there in BEACHES GREAT NIGHT LIFE BEAUTIFUL CULTURE & ETC... --Sent 4rm 160by2.co,hi,iiitd_sms_spam_v1,spam,HARASS,manual,8e43d17baf92,latin-script-hinglish-or-en-IN;not-devanagari,旅游诱导：160by2泰国旅行奖励诱导
iiitd_01993,"LUXURY REDEFINED BY ESCORTS GROUP!!2 BHK apts in Akme Raaga in Sector 80,  Gurgn on NH 8 @ 52.61lac.Hurry!!limited units available!!Call Team Agni 9212255555 NOW",hi,iiitd_sms_spam_v1,spam,AD,manual,6154d22b423e,latin-script-hinglish-or-en-IN;not-devanagari,房产广告：Escorts Akme Raaga公寓推广
iiitd_01994,LUXURY REDEFINED by Emaar MGF!Emerald floors in the best location of gurgn @ 6150 p.s.f. Call AGNI-Indias No 1 Property Advisor @ 9212255555 to avail discount,hi,iiitd_sms_spam_v1,spam,AD,manual,ef7abcc357e2,latin-script-hinglish-or-en-IN;not-devanagari,房产广告：Emaar MGF Emerald公寓推广
iiitd_01995,LUXURY REDEFINED BY ABW!LIFESTYLE Apartment influenced by your DREAM in sect. 76 gurgn.Avail INAUGURAL DISCOUNT by booking immediately.Call Team Agni 9212255555,hi,iiitd_sms_spam_v1,spam,AD,manual,718076d86e02,latin-script-hinglish-or-en-IN;not-devanagari,房产广告：ABW生活方式公寓推广
iiitd_01996,Luxury expandable Villas by Supertech in GNoida!!2 floors furnished Apts On Yamuna Expressway@Rs.27L only!!limited units available!Call Team Agni 9212255555 NOW,hi,iiitd_sms_spam_v1,spam,AD,manual,c2ee9a5094d2,latin-script-hinglish-or-en-IN;not-devanagari,房产广告：Supertech豪华别墅推广
iiitd_01997,"LUXURY COTTAGES & VILLAS at Jim Corbett JUNGLE & Nainital, Starts from Rs16 lakh.BEST for Investment, Monthly Return & Life Style.Call Now 9899789023,9871048444",hi,iiitd_sms_spam_v1,spam,AD,manual,aa42aeb76684,latin-script-hinglish-or-en-IN;not-devanagari,房产广告：Jim Corbett/Nainital豪华别墅
iiitd_01998,"Luxurious 2/3BHK apartments in BANNERGHATTA ROAD, Close to Meenakshi temple @30 lakhs onwards with all amenities.Limited availability.Call Now Agni 1800102-2224",hi,iiitd_sms_spam_v1,spam,AD,manual,2fd861245000,latin-script-hinglish-or-en-IN;not-devanagari,房产广告：Bannerghatta Road公寓推广
iiitd_01999,"Weekend is almost here. Be it a movie, a party, shopping or family visit, book yourself a Meru Cab on 44224422 or at www.merucabs.com - Meru Cabs, Bangalore",hi,iiitd_sms_spam_v1,spam,AD,manual,d78e63541470,latin-script-hinglish-or-en-IN;not-devanagari,出租车服务广告：Meru Cabs叫车推广
