id,text,language,source,uci_binary,label,annotator,template_group,notes
uci_00000,"Go until jurong point, crazy.. Available only in bugis n great world la e buffet... Cine there got amore wat...",en,uci_sms_spam_collection_v1,ham,NEEDS_REVIEW,,e6ca314f0a65,私人闲聊/个人对话，无法归入TRANSACTION/AD/HARASS/FRAUD四类
uci_00001,Ok lar... Joking wif u oni...,en,uci_sms_spam_collection_v1,ham,NEEDS_REVIEW,,e49dc0571db3,私人闲聊/个人对话，无法归入TRANSACTION/AD/HARASS/FRAUD四类
uci_00002,Free entry in 2 a wkly comp to win FA Cup final tkts 21st May 2005. Text FA to 87121 to receive entry question(std txt rate)T&C's apply 08452810075over18's,en,uci_sms_spam_collection_v1,spam,AD,,e0774c76ad85,FA杯门票竞赛促销，让用户发短信参与竞赛付费，属于正规商业推广
uci_00003,U dun say so early hor... U c already then say...,en,uci_sms_spam_collection_v1,ham,NEEDS_REVIEW,,e973c8ff4614,私人闲聊/个人对话，无法归入TRANSACTION/AD/HARASS/FRAUD四类
uci_00004,"Nah I don't think he goes to usf, he lives around here though",en,uci_sms_spam_collection_v1,ham,NEEDS_REVIEW,,49039a7cc8fc,私人闲聊/个人对话，无法归入TRANSACTION/AD/HARASS/FRAUD四类
uci_00005,"FreeMsg Hey there darling it's been 3 week's now and no word back! I'd like some fun you up for it still? Tb ok! XxX std chgs to send, ¡ê1.50 to rcv",en,uci_sms_spam_collection_v1,spam,HARASS,qa_fix_v1,2ee960a1b7eb,[fix:adult-or-secret-admirer AD->HARASS] FreeMsg服务推广，让用户使用付费短信服务，属于商业广告
uci_00006,Even my brother is not like to speak with me. They treat me like aids patent.,en,uci_sms_spam_collection_v1,ham,NEEDS_REVIEW,,39c7bfa4a09f,私人闲聊/个人对话，无法归入TRANSACTION/AD/HARASS/FRAUD四类
uci_00007,As per your request 'Melle Melle (Oru Minnaminunginte Nurungu Vettam)' has been set as your callertune for all Callers. Press *9 to copy your friends Callertune,en,uci_sms_spam_collection_v1,ham,TRANSACTION,qa_fix_v1,9b1889bb7594,[fix:callertune-service-result AD->TRANSACTION] 彩铃设置通知，属于付费内容服务推广广告
uci_00008,WINNER!! As a valued network customer you have been selected to receivea ¡ê900 prize reward! To claim call 09061701461. Claim code KL341. Valid 12 hours only.,en,uci_sms_spam_collection_v1,spam,FRAUD,,c26743d0df31,假中奖通知，谎称获得900英镑奖金，要求拨打诈骗电话领取，典型诈骗手法
uci_00009,Had your mobile 11 months or more? U R entitled to Update to the latest colour mobiles with camera for Free! Call The Mobile Update Co FREE on 08002986030,en,uci_sms_spam_collection_v1,spam,AD,,2267205aa831,手机免费升级促销，让用户拨打客服电话更换手机，属于商业推广广告
uci_00010,"I'm gonna be home soon and i don't want to talk about this stuff anymore tonight, k? I've cried enough today.",en,uci_sms_spam_collection_v1,ham,NEEDS_REVIEW,,0164bd8a5447,私人闲聊/个人对话，无法归入TRANSACTION/AD/HARASS/FRAUD四类
uci_00011,"SIX chances to win CASH! From 100 to 20,000 pounds txt> CSH11 and send to 87575. Cost 150p/day, 6days, 16+ TsandCs apply Reply HL 4 info",en,uci_sms_spam_collection_v1,spam,AD,,1cb8480bbb9b,现金抽奖竞赛推广，让用户发短信参与付费竞赛，属于促销广告
uci_00012,"URGENT! You have won a 1 week FREE membership in our ¡ê100,000 Prize Jackpot! Txt the word: CLAIM to No: 81010 T&C www.dbuk.net LCCLTD POBOX 4403LDNW1A7RW18",en,uci_sms_spam_collection_v1,spam,FRAUD,,ba48639a2115,虚假10万英镑奖金通知，要求发短信领取，是典型钓鱼诈骗短信
uci_00013,I've been searching for the right words to thank you for this breather. I promise i wont take your help for granted and will fulfil my promise. You have been wonderful and a blessing at all times.,en,uci_sms_spam_collection_v1,ham,NEEDS_REVIEW,,4d50156ada4f,私人闲聊/个人对话，无法归入TRANSACTION/AD/HARASS/FRAUD四类
uci_00014,I HAVE A DATE ON SUNDAY WITH WILL!!,en,uci_sms_spam_collection_v1,ham,NEEDS_REVIEW,,942e18fe5bd0,私人闲聊/个人对话，无法归入TRANSACTION/AD/HARASS/FRAUD四类
uci_00015,"XXXMobileMovieClub: To use your credit, click the WAP link in the next txt message or click here>> http://wap. xxxmobilemovieclub.com?n=QJKGIGHJJGCBL",en,uci_sms_spam_collection_v1,spam,HARASS,qa_fix_v1,b9dc40bb1627,[fix:adult-brand AD->HARASS] 成人电影俱乐部推广，让用户付费点击WAP链接观看内容，属于商业促销广告
uci_00016,Oh k...i'm watching here:),en,uci_sms_spam_collection_v1,ham,NEEDS_REVIEW,,788d274b0eff,私人闲聊/个人对话，无法归入TRANSACTION/AD/HARASS/FRAUD四类
uci_00017,Eh u remember how 2 spell his name... Yes i did. He v naughty make until i v wet.,en,uci_sms_spam_collection_v1,ham,NEEDS_REVIEW,,baf370c9d2f8,私人闲聊/个人对话，无法归入TRANSACTION/AD/HARASS/FRAUD四类
uci_00018,Fine if that?s the way u feel. That?s the way its gota b,en,uci_sms_spam_collection_v1,ham,NEEDS_REVIEW,,666224299cf8,私人闲聊/个人对话，无法归入TRANSACTION/AD/HARASS/FRAUD四类
uci_00019,"England v Macedonia - dont miss the goals/team news. Txt ur national team to 87077 eg ENGLAND to 87077 Try:WALES, SCOTLAND 4txt/¨²1.20 POBOXox36504W45WQ 16+",en,uci_sms_spam_collection_v1,spam,AD,,3b8af00c5caa,足球赛事新闻订阅推广，让用户付费订阅赛事信息，属于商业广告
uci_00020,Is that seriously how you spell his name?,en,uci_sms_spam_collection_v1,ham,NEEDS_REVIEW,,0caecc4a0b53,私人闲聊/个人对话，无法归入TRANSACTION/AD/HARASS/FRAUD四类
uci_00021,I¡®m going to try for 2 months ha ha only joking,en,uci_sms_spam_collection_v1,ham,NEEDS_REVIEW,,9f8f1fc99016,私人闲聊/个人对话，无法归入TRANSACTION/AD/HARASS/FRAUD四类
uci_00022,So ¨¹ pay first lar... Then when is da stock comin...,en,uci_sms_spam_collection_v1,ham,NEEDS_REVIEW,,53b427079e84,私人闲聊/个人对话，无法归入TRANSACTION/AD/HARASS/FRAUD四类
uci_00023,Aft i finish my lunch then i go str down lor. Ard 3 smth lor. U finish ur lunch already?,en,uci_sms_spam_collection_v1,ham,NEEDS_REVIEW,,ad6448cd3e5d,私人闲聊/个人对话，无法归入TRANSACTION/AD/HARASS/FRAUD四类
uci_00024,Ffffffffff. Alright no way I can meet up with you sooner?,en,uci_sms_spam_collection_v1,ham,NEEDS_REVIEW,,e5961c31893a,私人闲聊/个人对话，无法归入TRANSACTION/AD/HARASS/FRAUD四类
uci_00025,Just forced myself to eat a slice. I'm really not hungry tho. This sucks. Mark is getting worried. He knows I'm sick when I turn down pizza. Lol,en,uci_sms_spam_collection_v1,ham,NEEDS_REVIEW,,e07e5b92a705,私人闲聊/个人对话，无法归入TRANSACTION/AD/HARASS/FRAUD四类
uci_00026,Lol your always so convincing.,en,uci_sms_spam_collection_v1,ham,NEEDS_REVIEW,,bacffaae5e25,私人闲聊/个人对话，无法归入TRANSACTION/AD/HARASS/FRAUD四类
uci_00027,Did you catch the bus ? Are you frying an egg ? Did you make a tea? Are you eating your mom's left over dinner ? Do you feel my Love ?,en,uci_sms_spam_collection_v1,ham,NEEDS_REVIEW,,613c0bcb0012,私人闲聊/个人对话，无法归入TRANSACTION/AD/HARASS/FRAUD四类
uci_00028,"I'm back &amp; we're packing the car now, I'll let you know if there's room",en,uci_sms_spam_collection_v1,ham,NEEDS_REVIEW,,5407e291dc6a,私人闲聊/个人对话，无法归入TRANSACTION/AD/HARASS/FRAUD四类
uci_00029,Ahhh. Work. I vaguely remember that! What does it feel like? Lol,en,uci_sms_spam_collection_v1,ham,NEEDS_REVIEW,,7db5550e37c3,私人闲聊/个人对话，无法归入TRANSACTION/AD/HARASS/FRAUD四类
uci_00030,"Wait that's still not all that clear, were you not sure about me being sarcastic or that that's why x doesn't want to live with us",en,uci_sms_spam_collection_v1,ham,NEEDS_REVIEW,,54753c86182b,私人闲聊/个人对话，无法归入TRANSACTION/AD/HARASS/FRAUD四类
uci_00031,Yeah he got in at 2 and was v apologetic. n had fallen out and she was actin like spoilt child and he got caught up in that. Till 2! But we won't go there! Not doing too badly cheers. You?,en,uci_sms_spam_collection_v1,ham,NEEDS_REVIEW,,ad73137b2a68,私人闲聊/个人对话，无法归入TRANSACTION/AD/HARASS/FRAUD四类
uci_00032,K tell me anything about you.,en,uci_sms_spam_collection_v1,ham,NEEDS_REVIEW,,60f460d15a7e,私人闲聊/个人对话，无法归入TRANSACTION/AD/HARASS/FRAUD四类
uci_00033,For fear of fainting with the of all that housework you just did? Quick have a cuppa,en,uci_sms_spam_collection_v1,ham,NEEDS_REVIEW,,96b2ad135e28,私人闲聊/个人对话，无法归入TRANSACTION/AD/HARASS/FRAUD四类
uci_00034,Thanks for your subscription to Ringtone UK your mobile will be charged ¡ê5/month Please confirm by replying YES or NO. If you reply NO you will not be charged,en,uci_sms_spam_collection_v1,spam,AD,,64eb90fa4da1,英国彩铃订阅推广，通知将每月扣费，属于付费服务营销广告
uci_00035,Yup... Ok i go home look at the timings then i msg ¨¹ again... Xuhui going to learn on 2nd may too but her lesson is at 8am,en,uci_sms_spam_collection_v1,ham,NEEDS_REVIEW,,ad2aba92bf55,私人闲聊/个人对话，无法归入TRANSACTION/AD/HARASS/FRAUD四类
uci_00036,"Oops, I'll let you know when my roommate's done",en,uci_sms_spam_collection_v1,ham,NEEDS_REVIEW,,f98cb5633a5e,私人闲聊/个人对话，无法归入TRANSACTION/AD/HARASS/FRAUD四类
uci_00037,I see the letter B on my car,en,uci_sms_spam_collection_v1,ham,NEEDS_REVIEW,,f1180410efe1,私人闲聊/个人对话，无法归入TRANSACTION/AD/HARASS/FRAUD四类
uci_00038,Anything lor... U decide...,en,uci_sms_spam_collection_v1,ham,NEEDS_REVIEW,,70f633d12106,私人闲聊/个人对话，无法归入TRANSACTION/AD/HARASS/FRAUD四类
uci_00039,Hello! How's you and how did saturday go? I was just texting to see if you'd decided to do anything tomo. Not that i'm trying to invite myself or anything!,en,uci_sms_spam_collection_v1,ham,NEEDS_REVIEW,,9b456f6131da,私人闲聊/个人对话，无法归入TRANSACTION/AD/HARASS/FRAUD四类
uci_00040,Pls go ahead with watts. I just wanted to be sure. Do have a great weekend. Abiola,en,uci_sms_spam_collection_v1,ham,NEEDS_REVIEW,,3d8adabdb9ae,私人闲聊/个人对话，无法归入TRANSACTION/AD/HARASS/FRAUD四类
uci_00041,"Did I forget to tell you ? I want you , I need you, I crave you ... But most of all ... I love you my sweet Arabian steed ... Mmmmmm ... Yummy",en,uci_sms_spam_collection_v1,ham,NEEDS_REVIEW,,5dacf8ccb3c6,私人闲聊/个人对话，无法归入TRANSACTION/AD/HARASS/FRAUD四类
uci_00042,07732584351 - Rodger Burns - MSG = We tried to call you re your reply to our sms for a free nokia mobile + free camcorder. Please call now 08000930705 for delivery tomorrow,en,uci_sms_spam_collection_v1,spam,AD,,71cf69ab3731,免费诺基亚手机促销，让用户拨打客服电话领取手机，属于商业推广广告
uci_00043,WHO ARE YOU SEEING?,en,uci_sms_spam_collection_v1,ham,NEEDS_REVIEW,,f0e56826edc8,私人闲聊/个人对话，无法归入TRANSACTION/AD/HARASS/FRAUD四类
uci_00044,Great! I hope you like your man well endowed. I am  &lt;#&gt;  inches...,en,uci_sms_spam_collection_v1,ham,NEEDS_REVIEW,,4dd0bfe6db86,私人闲聊/个人对话，无法归入TRANSACTION/AD/HARASS/FRAUD四类
uci_00045,No calls..messages..missed calls,en,uci_sms_spam_collection_v1,ham,NEEDS_REVIEW,,816670b22ffb,私人闲聊/个人对话，无法归入TRANSACTION/AD/HARASS/FRAUD四类
uci_00046,Didn't you get hep b immunisation in nigeria.,en,uci_sms_spam_collection_v1,ham,NEEDS_REVIEW,,214dd47c5334,私人闲聊/个人对话，无法归入TRANSACTION/AD/HARASS/FRAUD四类
uci_00047,"Fair enough, anything going on?",en,uci_sms_spam_collection_v1,ham,NEEDS_REVIEW,,1b3553df5f60,私人闲聊/个人对话，无法归入TRANSACTION/AD/HARASS/FRAUD四类
uci_00048,"Yeah hopefully, if tyler can't do it I could maybe ask around a bit",en,uci_sms_spam_collection_v1,ham,NEEDS_REVIEW,,363bc9a9da41,私人闲聊/个人对话，无法归入TRANSACTION/AD/HARASS/FRAUD四类
uci_00049,U don't know how stubborn I am. I didn't even want to go to the hospital. I kept telling Mark I'm not a weak sucker. Hospitals are for weak suckers.,en,uci_sms_spam_collection_v1,ham,NEEDS_REVIEW,,0fcf70331321,私人闲聊/个人对话，无法归入TRANSACTION/AD/HARASS/FRAUD四类
uci_00050,What you thinked about me. First time you saw me in class.,en,uci_sms_spam_collection_v1,ham,NEEDS_REVIEW,,9904de2d8f71,私人闲聊/个人对话，无法归入TRANSACTION/AD/HARASS/FRAUD四类
uci_00051,"A gram usually runs like  &lt;#&gt; , a half eighth is smarter though and gets you almost a whole second gram for  &lt;#&gt;",en,uci_sms_spam_collection_v1,ham,NEEDS_REVIEW,,727eadf3793b,私人闲聊/个人对话，无法归入TRANSACTION/AD/HARASS/FRAUD四类
uci_00052,K fyi x has a ride early tomorrow morning but he's crashing at our place tonight,en,uci_sms_spam_collection_v1,ham,NEEDS_REVIEW,,4a8f9db74f88,私人闲聊/个人对话，无法归入TRANSACTION/AD/HARASS/FRAUD四类
uci_00053,"Wow. I never realized that you were so embarassed by your accomodations. I thought you liked it, since i was doing the best i could and you always seemed so happy about ""the cave"". I'm sorry I didn't and don't have more to give. I'm sorry i offered. I'm sorry your room was so embarassing.",en,uci_sms_spam_collection_v1,ham,NEEDS_REVIEW,,616274921087,私人闲聊/个人对话，无法归入TRANSACTION/AD/HARASS/FRAUD四类
uci_00054,SMS. ac Sptv: The New Jersey Devils and the Detroit Red Wings play Ice Hockey. Correct or Incorrect? End? Reply END SPTV,en,uci_sms_spam_collection_v1,spam,AD,,8e1c0f8d02eb,体育知识问答推广，让用户参与付费问答服务，属于商业广告
uci_00055,Do you know what Mallika Sherawat did yesterday? Find out now @  &lt;URL&gt;,en,uci_sms_spam_collection_v1,ham,NEEDS_REVIEW,,51f4ada04389,私人闲聊/个人对话，无法归入TRANSACTION/AD/HARASS/FRAUD四类
uci_00056,"Congrats! 1 year special cinema pass for 2 is yours. call 09061209465 now! C Suprman V, Matrix3, StarWars3, etc all 4 FREE! bx420-ip4-5we. 150pm. Dont miss out!",en,uci_sms_spam_collection_v1,spam,FRAUD,,eedcb588d9de,假获奖通知，谎称获得一年影院通行证，要求拨打付费电话领取，典型诈骗
uci_00057,"Sorry, I'll call later in meeting.",en,uci_sms_spam_collection_v1,ham,NEEDS_REVIEW,,9a99f9884fc2,私人闲聊/个人对话，无法归入TRANSACTION/AD/HARASS/FRAUD四类
uci_00058,Tell where you reached,en,uci_sms_spam_collection_v1,ham,NEEDS_REVIEW,,87c002803e9d,私人闲聊/个人对话，无法归入TRANSACTION/AD/HARASS/FRAUD四类
uci_00059,Yes..gauti and sehwag out of odi series.,en,uci_sms_spam_collection_v1,ham,NEEDS_REVIEW,,6ae0ad48e984,私人闲聊/个人对话，无法归入TRANSACTION/AD/HARASS/FRAUD四类
uci_00060,Your gonna have to pick up a $1 burger for yourself on your way home. I can't even move. Pain is killing me.,en,uci_sms_spam_collection_v1,ham,NEEDS_REVIEW,,41e91b66c498,私人闲聊/个人对话，无法归入TRANSACTION/AD/HARASS/FRAUD四类
uci_00061,Ha ha ha good joke. Girls are situation seekers.,en,uci_sms_spam_collection_v1,ham,NEEDS_REVIEW,,b0adcd324add,私人闲聊/个人对话，无法归入TRANSACTION/AD/HARASS/FRAUD四类
uci_00062,Its a part of checking IQ,en,uci_sms_spam_collection_v1,ham,NEEDS_REVIEW,,8d1a367604e9,私人闲聊/个人对话，无法归入TRANSACTION/AD/HARASS/FRAUD四类
uci_00063,"Sorry my roommates took forever, it ok if I come by now?",en,uci_sms_spam_collection_v1,ham,NEEDS_REVIEW,,e1a2ee395801,私人闲聊/个人对话，无法归入TRANSACTION/AD/HARASS/FRAUD四类
uci_00064,Ok lar i double check wif da hair dresser already he said wun cut v short. He said will cut until i look nice.,en,uci_sms_spam_collection_v1,ham,NEEDS_REVIEW,,011d0f30d8b6,私人闲聊/个人对话，无法归入TRANSACTION/AD/HARASS/FRAUD四类
uci_00065,"As a valued customer, I am pleased to advise you that following recent review of your Mob No. you are awarded with a ¡ê1500 Bonus Prize, call 09066364589",en,uci_sms_spam_collection_v1,spam,FRAUD,,227a8e0fcbad,假获奖通知，谎称作为valued customer获得1500英镑奖金，典型诈骗手法
uci_00066,"Today is ""song dedicated day.."" Which song will u dedicate for me? Send this to all ur valuable frnds but first rply me...",en,uci_sms_spam_collection_v1,ham,NEEDS_REVIEW,,3f7fa9c8ea47,私人闲聊/个人对话，无法归入TRANSACTION/AD/HARASS/FRAUD四类
uci_00067,"Urgent UR awarded a complimentary trip to EuroDisinc Trav, Aco&Entry41 Or ¡ê1000. To claim txt DIS to 87121 18+6*¡ê1.50(moreFrmMob. ShrAcomOrSglSuplt)10, LS1 3AJ",en,uci_sms_spam_collection_v1,spam,FRAUD,,33de1040600c,虚假旅行奖励通知，谎称获得欧洲旅行机会，要求发短信领取，属于诈骗短信
uci_00068,"Did you hear about the new ""Divorce Barbie""? It comes with all of Ken's stuff!",en,uci_sms_spam_collection_v1,spam,NEEDS_REVIEW,,a4f7a02ad6c0,私人闲聊/个人对话，无法归入TRANSACTION/AD/HARASS/FRAUD四类
uci_00069,I plane to give on this month end.,en,uci_sms_spam_collection_v1,ham,NEEDS_REVIEW,,696837ef4117,私人闲聊/个人对话，无法归入TRANSACTION/AD/HARASS/FRAUD四类
uci_00070,Wah lucky man... Then can save money... Hee...,en,uci_sms_spam_collection_v1,ham,NEEDS_REVIEW,,149f671c7d49,私人闲聊/个人对话，无法归入TRANSACTION/AD/HARASS/FRAUD四类
uci_00071,Finished class where are you.,en,uci_sms_spam_collection_v1,ham,NEEDS_REVIEW,,3579e238d2c7,私人闲聊/个人对话，无法归入TRANSACTION/AD/HARASS/FRAUD四类
uci_00072,HI BABE IM AT HOME NOW WANNA DO SOMETHING? XX,en,uci_sms_spam_collection_v1,ham,NEEDS_REVIEW,,6ce09daa0625,私人闲聊/个人对话，无法归入TRANSACTION/AD/HARASS/FRAUD四类
uci_00073,K..k:)where are you?how did you performed?,en,uci_sms_spam_collection_v1,ham,NEEDS_REVIEW,,3ac0e2a060aa,私人闲聊/个人对话，无法归入TRANSACTION/AD/HARASS/FRAUD四类
uci_00074,U can call me now...,en,uci_sms_spam_collection_v1,ham,NEEDS_REVIEW,,0d03309b16b6,私人闲聊/个人对话，无法归入TRANSACTION/AD/HARASS/FRAUD四类
uci_00075,I am waiting machan. Call me once you free.,en,uci_sms_spam_collection_v1,ham,NEEDS_REVIEW,,610cde476889,私人闲聊/个人对话，无法归入TRANSACTION/AD/HARASS/FRAUD四类
uci_00076,Thats cool. i am a gentleman and will treat you with dignity and respect.,en,uci_sms_spam_collection_v1,ham,NEEDS_REVIEW,,e6737e73e12d,私人闲聊/个人对话，无法归入TRANSACTION/AD/HARASS/FRAUD四类
uci_00077,I like you peoples very much:) but am very shy pa.,en,uci_sms_spam_collection_v1,ham,NEEDS_REVIEW,,a81c7b957777,私人闲聊/个人对话，无法归入TRANSACTION/AD/HARASS/FRAUD四类
uci_00078,Does not operate after  &lt;#&gt;  or what,en,uci_sms_spam_collection_v1,ham,NEEDS_REVIEW,,da519fc8742b,私人闲聊/个人对话，无法归入TRANSACTION/AD/HARASS/FRAUD四类
uci_00079,Its not the same here. Still looking for a job. How much do Ta's earn there.,en,uci_sms_spam_collection_v1,ham,NEEDS_REVIEW,,33bee550f394,私人闲聊/个人对话，无法归入TRANSACTION/AD/HARASS/FRAUD四类
uci_00080,"Sorry, I'll call later",en,uci_sms_spam_collection_v1,ham,NEEDS_REVIEW,,d5081f7715ce,私人闲聊/个人对话，无法归入TRANSACTION/AD/HARASS/FRAUD四类
uci_00081,K. Did you call me just now ah?,en,uci_sms_spam_collection_v1,ham,NEEDS_REVIEW,,33f0163b4d89,私人闲聊/个人对话，无法归入TRANSACTION/AD/HARASS/FRAUD四类
uci_00082,Ok i am on the way to home hi hi,en,uci_sms_spam_collection_v1,ham,NEEDS_REVIEW,,c4742fa6ac87,私人闲聊/个人对话，无法归入TRANSACTION/AD/HARASS/FRAUD四类
uci_00083,You will be in the place of that man,en,uci_sms_spam_collection_v1,ham,NEEDS_REVIEW,,3778dd2ba51e,私人闲聊/个人对话，无法归入TRANSACTION/AD/HARASS/FRAUD四类
uci_00084,Yup next stop.,en,uci_sms_spam_collection_v1,ham,NEEDS_REVIEW,,2c4effd2f994,私人闲聊/个人对话，无法归入TRANSACTION/AD/HARASS/FRAUD四类
uci_00085,"I call you later, don't have network. If urgnt, sms me.",en,uci_sms_spam_collection_v1,ham,NEEDS_REVIEW,,e43ec8c8c26f,私人闲聊/个人对话，无法归入TRANSACTION/AD/HARASS/FRAUD四类
uci_00086,For real when u getting on yo? I only need 2 more tickets and one more jacket and I'm done. I already used all my multis.,en,uci_sms_spam_collection_v1,ham,NEEDS_REVIEW,,61e0a16e91fa,私人闲聊/个人对话，无法归入TRANSACTION/AD/HARASS/FRAUD四类
uci_00087,Yes I started to send requests to make it but pain came back so I'm back in bed. Double coins at the factory too. I gotta cash in all my nitros.,en,uci_sms_spam_collection_v1,ham,NEEDS_REVIEW,,f701a2df4155,私人闲聊/个人对话，无法归入TRANSACTION/AD/HARASS/FRAUD四类
uci_00088,I'm really not up to it still tonight babe,en,uci_sms_spam_collection_v1,ham,NEEDS_REVIEW,,933a67bd5ab6,私人闲聊/个人对话，无法归入TRANSACTION/AD/HARASS/FRAUD四类
uci_00089,"Ela kano.,il download, come wen ur free..",en,uci_sms_spam_collection_v1,ham,NEEDS_REVIEW,,d30dbe7260e5,私人闲聊/个人对话，无法归入TRANSACTION/AD/HARASS/FRAUD四类
uci_00090,Yeah do! Don¡®t stand to close tho- you¡®ll catch something!,en,uci_sms_spam_collection_v1,ham,NEEDS_REVIEW,,336994e977c7,私人闲聊/个人对话，无法归入TRANSACTION/AD/HARASS/FRAUD四类
uci_00091,Sorry to be a pain. Is it ok if we meet another night? I spent late afternoon in casualty and that means i haven't done any of y stuff42moro and that includes all my time sheets and that. Sorry.,en,uci_sms_spam_collection_v1,ham,NEEDS_REVIEW,,73ad66ce70ab,私人闲聊/个人对话，无法归入TRANSACTION/AD/HARASS/FRAUD四类
uci_00092,Smile in Pleasure Smile in Pain Smile when trouble pours like Rain Smile when sum1 Hurts U Smile becoz SOMEONE still Loves to see u Smiling!!,en,uci_sms_spam_collection_v1,ham,NEEDS_REVIEW,,0b06868cfa73,私人闲聊/个人对话，无法归入TRANSACTION/AD/HARASS/FRAUD四类
uci_00093,Please call our customer service representative on 0800 169 6031 between 10am-9pm as you have WON a guaranteed ¡ê1000 cash or ¡ê5000 prize!,en,uci_sms_spam_collection_v1,spam,FRAUD,,97c90bf3669f,假中奖通知，谎称获得1000英镑现金或5000英镑奖品，要求拨打诈骗电话领取
uci_00094,Havent planning to buy later. I check already lido only got 530 show in e afternoon. U finish work already?,en,uci_sms_spam_collection_v1,ham,NEEDS_REVIEW,,4a2896cbf7e5,私人闲聊/个人对话，无法归入TRANSACTION/AD/HARASS/FRAUD四类
uci_00095,"Your free ringtone is waiting to be collected. Simply text the password ""MIX"" to 85069 to verify. Get Usher and Britney. FML, PO Box 5249, MK17 92H. 450Ppw 16",en,uci_sms_spam_collection_v1,spam,AD,,3e6a98e908b9,免费彩铃收集推广，要求发送密码验证，属于付费铃声服务营销广告
uci_00096,Watching telugu movie..wat abt u?,en,uci_sms_spam_collection_v1,ham,NEEDS_REVIEW,,66b31fd5df52,私人闲聊/个人对话，无法归入TRANSACTION/AD/HARASS/FRAUD四类
uci_00097,i see. When we finish we have loads of loans to pay,en,uci_sms_spam_collection_v1,ham,NEEDS_REVIEW,,39e0d6bae5a1,私人闲聊/个人对话，无法归入TRANSACTION/AD/HARASS/FRAUD四类
uci_00098,"Hi. Wk been ok - on hols now! Yes on for a bit of a run. Forgot that i have hairdressers appointment at four so need to get home n shower beforehand. Does that cause prob for u?""",en,uci_sms_spam_collection_v1,ham,NEEDS_REVIEW,,feaefb14d296,私人闲聊/个人对话，无法归入TRANSACTION/AD/HARASS/FRAUD四类
uci_00099,I see a cup of coffee animation,en,uci_sms_spam_collection_v1,ham,NEEDS_REVIEW,,db94465bcd8a,私人闲聊/个人对话，无法归入TRANSACTION/AD/HARASS/FRAUD四类
uci_00100,Please don't text me anymore. I have nothing else to say.,en,uci_sms_spam_collection_v1,ham,NEEDS_REVIEW,,928d65214716,私人闲聊/个人对话，无法归入TRANSACTION/AD/HARASS/FRAUD四类
uci_00101,Okay name ur price as long as its legal! Wen can I pick them up? Y u ave x ams xx,en,uci_sms_spam_collection_v1,ham,NEEDS_REVIEW,,b42bc5bec853,私人闲聊/个人对话，无法归入TRANSACTION/AD/HARASS/FRAUD四类
uci_00102,I'm still looking for a car to buy. And have not gone 4the driving test yet.,en,uci_sms_spam_collection_v1,ham,NEEDS_REVIEW,,e50954727ff5,私人闲聊/个人对话，无法归入TRANSACTION/AD/HARASS/FRAUD四类
uci_00103,As per your request 'Melle Melle (Oru Minnaminunginte Nurungu Vettam)' has been set as your callertune for all Callers. Press *9 to copy your friends Callertune,en,uci_sms_spam_collection_v1,ham,TRANSACTION,qa_fix_v1,9b1889bb7594,[fix:callertune-service-result AD->TRANSACTION] 彩铃设置通知，属于付费内容服务推广广告（与uci_00007同模板）
uci_00104,"wow. You're right! I didn't mean to do that. I guess once i gave up on boston men and changed my search location to nyc, something changed. Cuz on my signin page it still says boston.",en,uci_sms_spam_collection_v1,ham,NEEDS_REVIEW,,4bac0d4a6450,私人闲聊/个人对话，无法归入TRANSACTION/AD/HARASS/FRAUD四类
uci_00105,Umma my life and vava umma love you lot dear,en,uci_sms_spam_collection_v1,ham,NEEDS_REVIEW,,d0df7698376b,私人闲聊/个人对话，无法归入TRANSACTION/AD/HARASS/FRAUD四类
uci_00106,Thanks a lot for your wishes on my birthday. Thanks you for making my birthday truly memorable.,en,uci_sms_spam_collection_v1,ham,NEEDS_REVIEW,,c53a9ff66e78,私人闲聊/个人对话，无法归入TRANSACTION/AD/HARASS/FRAUD四类
uci_00107,"Aight, I'll hit you up when I get some cash",en,uci_sms_spam_collection_v1,ham,NEEDS_REVIEW,,676253d0879e,私人闲聊/个人对话，无法归入TRANSACTION/AD/HARASS/FRAUD四类
uci_00108,How would my ip address test that considering my computer isn't a minecraft server,en,uci_sms_spam_collection_v1,ham,NEEDS_REVIEW,,e1b4cbd617c3,私人闲聊/个人对话，无法归入TRANSACTION/AD/HARASS/FRAUD四类
uci_00109,I know! Grumpy old people. My mom was like you better not be lying. Then again I am always the one to play jokes...,en,uci_sms_spam_collection_v1,ham,NEEDS_REVIEW,,5a787ff71749,私人闲聊/个人对话，无法归入TRANSACTION/AD/HARASS/FRAUD四类
uci_00110,Dont worry. I guess he's busy.,en,uci_sms_spam_collection_v1,ham,NEEDS_REVIEW,,e4087260b600,私人闲聊/个人对话，无法归入TRANSACTION/AD/HARASS/FRAUD四类
uci_00111,What is the plural of the noun research?,en,uci_sms_spam_collection_v1,ham,NEEDS_REVIEW,,2efb73f10f72,私人闲聊/个人对话，无法归入TRANSACTION/AD/HARASS/FRAUD四类
uci_00112,Going for dinner.msg you after.,en,uci_sms_spam_collection_v1,ham,NEEDS_REVIEW,,ae5b4cd3bc02,私人闲聊/个人对话，无法归入TRANSACTION/AD/HARASS/FRAUD四类
uci_00113,I'm ok wif it cos i like 2 try new things. But i scared u dun like mah. Cos u said not too loud.,en,uci_sms_spam_collection_v1,ham,NEEDS_REVIEW,,297f2b82b8b9,私人闲聊/个人对话，无法归入TRANSACTION/AD/HARASS/FRAUD四类
uci_00114,GENT! We are trying to contact you. Last weekends draw shows that you won a ¡ê1000 prize GUARANTEED. Call 09064012160. Claim Code K52. Valid 12hrs only. 150ppm,en,uci_sms_spam_collection_v1,spam,FRAUD,,e9ec92d192eb,假中奖通知，谎称获得1000英镑奖金，要求拨打诈骗电话领取，典型诈骗手法
uci_00115,"Wa, ur openin sentence very formal... Anyway, i'm fine too, juz tt i'm eatin too much n puttin on weight...Haha... So anythin special happened?",en,uci_sms_spam_collection_v1,ham,NEEDS_REVIEW,,2be10b2143c3,私人闲聊/个人对话，无法归入TRANSACTION/AD/HARASS/FRAUD四类
uci_00116,"As I entered my cabin my PA said, '' Happy B'day Boss !!''. I felt special. She askd me 4 lunch. After lunch she invited me to her apartment. We went there.",en,uci_sms_spam_collection_v1,ham,NEEDS_REVIEW,,3e4ea130fd02,私人闲聊/个人对话，无法归入TRANSACTION/AD/HARASS/FRAUD四类
uci_00117,You are a winner U have been specially selected 2 receive ¡ê1000 or a 4* holiday (flights inc) speak to a live operator 2 claim 0871277810910p/min (18+),en,uci_sms_spam_collection_v1,spam,FRAUD,,730240f0aa0b,假中奖通知，谎称获得1000英镑现金或4星假期，要求拨打诈骗电话领取
uci_00118,Goodo! Yes we must speak friday - egg-potato ratio for tortilla needed!,en,uci_sms_spam_collection_v1,ham,NEEDS_REVIEW,,25d1da9af5c2,私人闲聊/个人对话，无法归入TRANSACTION/AD/HARASS/FRAUD四类
uci_00119,Hmm...my uncle just informed me that he's paying the school directly. So pls buy food.,en,uci_sms_spam_collection_v1,ham,NEEDS_REVIEW,,686c93355c1a,私人闲聊/个人对话，无法归入TRANSACTION/AD/HARASS/FRAUD四类
uci_00120,PRIVATE! Your 2004 Account Statement for 07742676969 shows 786 unredeemed Bonus Points. To claim call 08719180248 Identifier Code: 45239 Expires,en,uci_sms_spam_collection_v1,spam,FRAUD,,5b389fcf109d,虚假账户积分兑换通知，谎称有786未兑积分，要求拨打诈骗电话领取，典型诈骗
uci_00121,"URGENT! Your Mobile No. was awarded ¡ê2000 Bonus Caller Prize on 5/9/03 This is our final try to contact U! Call from Landline 09064019788 BOX42WR29C, 150PPM",en,uci_sms_spam_collection_v1,spam,FRAUD,,870d9c1b93e5,假奖金通知，谎称获得2000英镑来电奖金，要求拨打诈骗电话领取
uci_00122,here is my new address -apples&pairs&all that malarky,en,uci_sms_spam_collection_v1,ham,NEEDS_REVIEW,,0a91dcdc4abc,私人闲聊/个人对话，无法归入TRANSACTION/AD/HARASS/FRAUD四类
uci_00123,Todays Voda numbers ending 7548 are selected to receive a $350 award. If you have a match please call 08712300220 quoting claim code 4041 standard rates app,en,uci_sms_spam_collection_v1,spam,FRAUD,,a9108aef8c30,假Vodafone中奖通知，谎称号码中350美元奖金，要求拨打诈骗电话领取
uci_00124,I am going to sao mu today. Will be done only at 12,en,uci_sms_spam_collection_v1,ham,NEEDS_REVIEW,,ca9b102cbbf9,私人闲聊/个人对话，无法归入TRANSACTION/AD/HARASS/FRAUD四类
uci_00125,¨¹ predict wat time ¨¹'ll finish buying?,en,uci_sms_spam_collection_v1,ham,NEEDS_REVIEW,,fb4d91cd336d,私人闲聊/个人对话，无法归入TRANSACTION/AD/HARASS/FRAUD四类
uci_00126,"Good stuff, will do.",en,uci_sms_spam_collection_v1,ham,NEEDS_REVIEW,,ce03cde03959,私人闲聊/个人对话，无法归入TRANSACTION/AD/HARASS/FRAUD四类
uci_00127,"Just so that you know,yetunde hasn't sent money yet. I just sent her a text not to bother sending. So its over, you dont have to involve yourself in anything. I shouldn't have imposed anything on you in the first place so for that, i apologise.",en,uci_sms_spam_collection_v1,ham,NEEDS_REVIEW,,28bd401fb101,私人闲聊/个人对话，无法归入TRANSACTION/AD/HARASS/FRAUD四类
uci_00128,Are you there in room.,en,uci_sms_spam_collection_v1,ham,NEEDS_REVIEW,,ceaa3965f939,私人闲聊/个人对话，无法归入TRANSACTION/AD/HARASS/FRAUD四类
uci_00129,HEY GIRL. HOW R U? HOPE U R WELL ME AN DEL R BAK! AGAIN LONG TIME NO C! GIVE ME A CALL SUM TIME FROM LUCYxx,en,uci_sms_spam_collection_v1,ham,NEEDS_REVIEW,,d3d98c3758d0,私人闲聊/个人对话，无法归入TRANSACTION/AD/HARASS/FRAUD四类
uci_00130,K..k:)how much does it cost?,en,uci_sms_spam_collection_v1,ham,NEEDS_REVIEW,,a3ea9d036d97,私人闲聊/个人对话，无法归入TRANSACTION/AD/HARASS/FRAUD四类
uci_00131,I'm home.,en,uci_sms_spam_collection_v1,ham,NEEDS_REVIEW,,d22f693929f9,私人闲聊/个人对话，无法归入TRANSACTION/AD/HARASS/FRAUD四类
uci_00132,"Dear, will call Tmorrow.pls accomodate.",en,uci_sms_spam_collection_v1,ham,NEEDS_REVIEW,,35320bc51a95,私人闲聊/个人对话，无法归入TRANSACTION/AD/HARASS/FRAUD四类
uci_00133,First answer my question.,en,uci_sms_spam_collection_v1,ham,NEEDS_REVIEW,,2d2bbf4f7ff7,私人闲聊/个人对话，无法归入TRANSACTION/AD/HARASS/FRAUD四类
uci_00134,Sunshine Quiz Wkly Q! Win a top Sony DVD player if u know which country the Algarve is in? Txt ansr to 82277. ¡ê1.50 SP:Tyrone,en,uci_sms_spam_collection_v1,spam,AD,,2ae50a43ee0b,阳光问答竞赛推广，让用户付费短信参与赢取DVD播放器，属于促销广告
uci_00135,Want 2 get laid tonight? Want real Dogging locations sent direct 2 ur mob? Join the UK's largest Dogging Network bt Txting GRAVEL to 69888! Nt. ec2a. 31p.msg@150p,en,uci_sms_spam_collection_v1,spam,HARASS,,29a6c0e35ef9,成人约炮短信，提供实时Dogging地点，属于性骚扰/灰色交友内容
uci_00136,I only haf msn. It's yijue@hotmail.com,en,uci_sms_spam_collection_v1,ham,NEEDS_REVIEW,,8fc21c514f58,私人闲聊/个人对话，无法归入TRANSACTION/AD/HARASS/FRAUD四类
uci_00137,He is there. You call and meet him,en,uci_sms_spam_collection_v1,ham,NEEDS_REVIEW,,dfc0680246e5,私人闲聊/个人对话，无法归入TRANSACTION/AD/HARASS/FRAUD四类
uci_00138,No no. I will check all rooms befor activities,en,uci_sms_spam_collection_v1,ham,NEEDS_REVIEW,,c989df5df119,私人闲聊/个人对话，无法归入TRANSACTION/AD/HARASS/FRAUD四类
uci_00139,You'll not rcv any more msgs from the chat svc. For FREE Hardcore services text GO to: 69988 If u get nothing u must Age Verify with yr network & try again,en,uci_sms_spam_collection_v1,spam,HARASS,,a7cb2c20dae0,成人硬核性服务推广，要求发短信获取免费成人内容，属于性骚扰内容
uci_00140,Got c... I lazy to type... I forgot ¨¹ in lect... I saw a pouch but like not v nice...,en,uci_sms_spam_collection_v1,ham,NEEDS_REVIEW,,b564f0d29788,私人闲聊/个人对话，无法归入TRANSACTION/AD/HARASS/FRAUD四类
uci_00141,"K, text me when you're on the way",en,uci_sms_spam_collection_v1,ham,NEEDS_REVIEW,,c6598aceb060,私人闲聊/个人对话，无法归入TRANSACTION/AD/HARASS/FRAUD四类
uci_00142,"Sir, Waiting for your mail.",en,uci_sms_spam_collection_v1,ham,NEEDS_REVIEW,,6c6a21899c9c,私人闲聊/个人对话，无法归入TRANSACTION/AD/HARASS/FRAUD四类
uci_00143,"A swt thought: ""Nver get tired of doing little things 4 lovable persons.."" Coz..somtimes those little things occupy d biggest part in their Hearts.. Gud ni8",en,uci_sms_spam_collection_v1,ham,NEEDS_REVIEW,,5410880eb417,私人闲聊/个人对话，无法归入TRANSACTION/AD/HARASS/FRAUD四类
uci_00144,I know you are. Can you pls open the back?,en,uci_sms_spam_collection_v1,ham,NEEDS_REVIEW,,c4de2ba80b85,私人闲聊/个人对话，无法归入TRANSACTION/AD/HARASS/FRAUD四类
uci_00145,Yes see ya not on the dot,en,uci_sms_spam_collection_v1,ham,NEEDS_REVIEW,,8db9403c8670,私人闲聊/个人对话，无法归入TRANSACTION/AD/HARASS/FRAUD四类
uci_00146,Whats the staff name who is taking class for us?,en,uci_sms_spam_collection_v1,ham,NEEDS_REVIEW,,6b9bfca97b25,私人闲聊/个人对话，无法归入TRANSACTION/AD/HARASS/FRAUD四类
uci_00147,"FreeMsg Why haven't you replied to my text? I'm Randy, sexy, female and live local. Luv to hear from u. Netcollex Ltd 08700621170150p per msg reply Stop to end",en,uci_sms_spam_collection_v1,spam,HARASS,,4b4e07cffb3b,成人个人广告，自称sexy female提供本地付费聊天服务，属于性骚扰内容
uci_00148,Ummma.will call after check in.our life will begin from qatar so pls pray very hard.,en,uci_sms_spam_collection_v1,ham,NEEDS_REVIEW,,b44610cc40da,私人闲聊/个人对话，无法归入TRANSACTION/AD/HARASS/FRAUD四类
uci_00149,K..i deleted my contact that why?,en,uci_sms_spam_collection_v1,ham,NEEDS_REVIEW,,fac68355e288,私人闲聊/个人对话，无法归入TRANSACTION/AD/HARASS/FRAUD四类
uci_00150,Sindu got job in birla soft ..,en,uci_sms_spam_collection_v1,ham,NEEDS_REVIEW,,e65f17344446,私人闲聊/个人对话，无法归入TRANSACTION/AD/HARASS/FRAUD四类
uci_00151,The wine is flowing and i'm i have nevering..,en,uci_sms_spam_collection_v1,ham,NEEDS_REVIEW,,1e11c00fdcab,私人闲聊/个人对话，无法归入TRANSACTION/AD/HARASS/FRAUD四类
uci_00152,Yup i thk cine is better cos no need 2 go down 2 plaza mah.,en,uci_sms_spam_collection_v1,ham,NEEDS_REVIEW,,9f056bf8b855,私人闲聊/个人对话，无法归入TRANSACTION/AD/HARASS/FRAUD四类
uci_00153,Ok... Ur typical reply...,en,uci_sms_spam_collection_v1,ham,NEEDS_REVIEW,,8cbc0513cf47,私人闲聊/个人对话，无法归入TRANSACTION/AD/HARASS/FRAUD四类
uci_00154,As per your request 'Melle Melle (Oru Minnaminunginte Nurungu Vettam)' has been set as your callertune for all Callers. Press *9 to copy your friends Callertune,en,uci_sms_spam_collection_v1,ham,TRANSACTION,qa_fix_v1,9b1889bb7594,[fix:callertune-service-result AD->TRANSACTION] 彩铃设置通知，属于付费内容服务推广广告（与uci_00007同模板）
uci_00155,"You are everywhere dirt, on the floor, the windows, even on my shirt. And sometimes when i open my mouth, you are all that comes flowing out. I dream of my world without you, then half my chores are out too. A time of joy for me, lots of tv shows i.ll see. But i guess like all things you just must exist, like rain, hail and mist, and when my time here is done, you and i become one.",en,uci_sms_spam_collection_v1,ham,NEEDS_REVIEW,,309d2da0fc90,私人闲聊/个人对话，无法归入TRANSACTION/AD/HARASS/FRAUD四类
uci_00156,Aaooooright are you at work?,en,uci_sms_spam_collection_v1,ham,NEEDS_REVIEW,,b4ff31f19c5c,私人闲聊/个人对话，无法归入TRANSACTION/AD/HARASS/FRAUD四类
uci_00157,I'm leaving my house now...,en,uci_sms_spam_collection_v1,ham,NEEDS_REVIEW,,40ae6808df48,私人闲聊/个人对话，无法归入TRANSACTION/AD/HARASS/FRAUD四类
uci_00158,"Hello, my love. What are you doing? Did you get to that interview today? Are you you happy? Are you being a good boy? Do you think of me?Are you missing me ?",en,uci_sms_spam_collection_v1,ham,NEEDS_REVIEW,,3dbc9693e785,私人闲聊/个人对话，无法归入TRANSACTION/AD/HARASS/FRAUD四类
uci_00159,Customer service annoncement. You have a New Years delivery waiting for you. Please call 07046744435 now to arrange delivery,en,uci_sms_spam_collection_v1,spam,FRAUD,,434c0f65d717,假新年快递通知，要求拨打诈骗电话安排送货，典型虚假快递诱骗手法
uci_00160,You are a winner U have been specially selected 2 receive ¡ê1000 cash or a 4* holiday (flights inc) speak to a live operator 2 claim 0871277810810,en,uci_sms_spam_collection_v1,spam,FRAUD,,730240f0aa0b,假中奖通知，谎称获得1000英镑现金或4星假期，要求拨打诈骗电话领取
uci_00161,Keep yourself safe for me because I need you and I miss you already and I envy everyone that see's you in real life,en,uci_sms_spam_collection_v1,ham,NEEDS_REVIEW,,a9c057648004,私人闲聊/个人对话，无法归入TRANSACTION/AD/HARASS/FRAUD四类
uci_00162,New car and house for my parents.:)i have only new job in hand:),en,uci_sms_spam_collection_v1,ham,NEEDS_REVIEW,,542cfc0c3978,私人闲聊/个人对话，无法归入TRANSACTION/AD/HARASS/FRAUD四类
uci_00163,I'm so in love with you. I'm excited each day i spend with you. You make me so happy.,en,uci_sms_spam_collection_v1,ham,NEEDS_REVIEW,,79f50b8ba7a0,私人闲聊/个人对话，无法归入TRANSACTION/AD/HARASS/FRAUD四类
uci_00164,-PLS STOP bootydelious (32/F) is inviting you to be her friend. Reply YES-434 or NO-434 See her: www.SMS.ac/u/bootydelious STOP? Send STOP FRND to 62468,en,uci_sms_spam_collection_v1,spam,HARASS,,2ef01a2419d6,成人交友邀请，自称女性邀请加好友并可免费停止，属于灰色交友骚扰内容
uci_00165,"BangBabes Ur order is on the way. U SHOULD receive a Service Msg 2 download UR content. If U do not, GoTo wap. bangb. tv on UR mobile internet/service menu",en,uci_sms_spam_collection_v1,spam,HARASS,,ef9b4884c3af,成人内容服务通知，通知BangBabes内容可下载，属于成人骚扰内容
uci_00166,I place all ur points on e cultures module already.,en,uci_sms_spam_collection_v1,ham,NEEDS_REVIEW,,d8dbaa9401fb,私人闲聊/个人对话，无法归入TRANSACTION/AD/HARASS/FRAUD四类
uci_00167,URGENT! We are trying to contact you. Last weekends draw shows that you have won a ¡ê900 prize GUARANTEED. Call 09061701939. Claim code S89. Valid 12hrs only,en,uci_sms_spam_collection_v1,spam,FRAUD,,b7acb67e30ce,假中奖通知，谎称获得900英镑奖金，要求拨打诈骗电话领取，典型诈骗短信
uci_00168,"Hi frnd, which is best way to avoid missunderstding wit our beloved one's?",en,uci_sms_spam_collection_v1,ham,NEEDS_REVIEW,,850af1e8edd2,私人闲聊/个人对话，无法归入TRANSACTION/AD/HARASS/FRAUD四类
uci_00169,Great escape. I fancy the bridge but needs her lager. See you tomo,en,uci_sms_spam_collection_v1,ham,NEEDS_REVIEW,,498107f60340,私人闲聊/个人对话，无法归入TRANSACTION/AD/HARASS/FRAUD四类
uci_00170,Yes :)it completely in out of form:)clark also utter waste.,en,uci_sms_spam_collection_v1,ham,NEEDS_REVIEW,,9fe00085ef9c,私人闲聊/个人对话，无法归入TRANSACTION/AD/HARASS/FRAUD四类
uci_00171,"Sir, I need AXIS BANK account no and bank address.",en,uci_sms_spam_collection_v1,ham,NEEDS_REVIEW,,4b787bcbe6f9,私人闲聊/个人对话，无法归入TRANSACTION/AD/HARASS/FRAUD四类
uci_00172,"Hmmm.. Thk sure got time to hop ard... Ya, can go 4 free abt... Muz call u to discuss liao...",en,uci_sms_spam_collection_v1,ham,NEEDS_REVIEW,,bb3625dea987,私人闲聊/个人对话，无法归入TRANSACTION/AD/HARASS/FRAUD四类
uci_00173,What time you coming down later?,en,uci_sms_spam_collection_v1,ham,NEEDS_REVIEW,,32c93739ab25,私人闲聊/个人对话，无法归入TRANSACTION/AD/HARASS/FRAUD四类
uci_00174,"Bloody hell, cant believe you forgot my surname Mr . Ill give u a clue, its spanish and begins with m...",en,uci_sms_spam_collection_v1,ham,NEEDS_REVIEW,,41679801032b,私人闲聊/个人对话，无法归入TRANSACTION/AD/HARASS/FRAUD四类
uci_00175,"Well, i'm gonna finish my bath now. Have a good...fine night.",en,uci_sms_spam_collection_v1,ham,NEEDS_REVIEW,,8f1670269d1f,私人闲聊/个人对话，无法归入TRANSACTION/AD/HARASS/FRAUD四类
uci_00176,Let me know when you've got the money so carlos can make the call,en,uci_sms_spam_collection_v1,ham,NEEDS_REVIEW,,fb4c791a6632,私人闲聊/个人对话，无法归入TRANSACTION/AD/HARASS/FRAUD四类
uci_00177,U still going to the mall?,en,uci_sms_spam_collection_v1,ham,NEEDS_REVIEW,,9fa618d06cee,私人闲聊/个人对话，无法归入TRANSACTION/AD/HARASS/FRAUD四类
uci_00178,"Turns out my friends are staying for the whole show and won't be back til ~ &lt;#&gt; , so feel free to go ahead and smoke that $ &lt;#&gt;  worth",en,uci_sms_spam_collection_v1,ham,NEEDS_REVIEW,,74a129e129c5,私人闲聊/个人对话，无法归入TRANSACTION/AD/HARASS/FRAUD四类
uci_00179,Text her. If she doesnt reply let me know so i can have her log in,en,uci_sms_spam_collection_v1,ham,NEEDS_REVIEW,,90a3c9ef0fa3,私人闲聊/个人对话，无法归入TRANSACTION/AD/HARASS/FRAUD四类
uci_00180,Hi! You just spoke to MANEESHA V. We'd like to know if you were satisfied with the experience. Reply Toll Free with Yes or No.,en,uci_sms_spam_collection_v1,ham,NEEDS_REVIEW,,3ec5b446c6a5,私人闲聊/个人对话，无法归入TRANSACTION/AD/HARASS/FRAUD四类
uci_00181,You lifted my hopes with the offer of money. I am in need. Especially when the end of the month approaches and it hurts my studying. Anyways have a gr8 weekend,en,uci_sms_spam_collection_v1,ham,NEEDS_REVIEW,,1cab2b9b62c4,私人闲聊/个人对话，无法归入TRANSACTION/AD/HARASS/FRAUD四类
uci_00182,Lol no. U can trust me.,en,uci_sms_spam_collection_v1,ham,NEEDS_REVIEW,,e779f9a051bc,私人闲聊/个人对话，无法归入TRANSACTION/AD/HARASS/FRAUD四类
uci_00183,ok. I am a gentleman and will treat you with dignity and respect.,en,uci_sms_spam_collection_v1,ham,NEEDS_REVIEW,,b7fc6ddb42c1,私人闲聊/个人对话，无法归入TRANSACTION/AD/HARASS/FRAUD四类
uci_00184,"He will, you guys close?",en,uci_sms_spam_collection_v1,ham,NEEDS_REVIEW,,66aa46edf44b,私人闲聊/个人对话，无法归入TRANSACTION/AD/HARASS/FRAUD四类
uci_00185,Going on nothing great.bye,en,uci_sms_spam_collection_v1,ham,NEEDS_REVIEW,,7705ec482e9e,私人闲聊/个人对话，无法归入TRANSACTION/AD/HARASS/FRAUD四类
uci_00186,Hello handsome ! Are you finding that job ? Not being lazy ? Working towards getting back that net for mummy ? Where's my boytoy now ? Does he miss me ?,en,uci_sms_spam_collection_v1,ham,NEEDS_REVIEW,,3d5ad2817e1e,私人闲聊/个人对话，无法归入TRANSACTION/AD/HARASS/FRAUD四类
uci_00187,"Haha awesome, be there in a minute",en,uci_sms_spam_collection_v1,ham,NEEDS_REVIEW,,5b129132c095,私人闲聊/个人对话，无法归入TRANSACTION/AD/HARASS/FRAUD四类
uci_00188,Please call our customer service representative on FREEPHONE 0808 145 4742 between 9am-11pm as you have WON a guaranteed ¡ê1000 cash or ¡ê5000 prize!,en,uci_sms_spam_collection_v1,spam,FRAUD,,80204a8f2287,假中毒通知，谎称获得1000英镑现金或5000英镑奖品，要求拨打诈骗电话领取
uci_00189,Have you got Xmas radio times. If not i will get it now,en,uci_sms_spam_collection_v1,ham,NEEDS_REVIEW,,947aee07356c,私人闲聊/个人对话，无法归入TRANSACTION/AD/HARASS/FRAUD四类
uci_00190,I jus reached home. I go bathe first. But my sis using net tell u when she finishes k...,en,uci_sms_spam_collection_v1,ham,NEEDS_REVIEW,,a97e260a0e33,私人闲聊/个人对话，无法归入TRANSACTION/AD/HARASS/FRAUD四类
uci_00191,Are you unique enough? Find out from 30th August. www.areyouunique.co.uk,en,uci_sms_spam_collection_v1,spam,AD,,c4153ae252e6,AreYouUnique网站推广，让用户访问网站获取内容，属于商业推广广告
uci_00192,I'm sorry. I've joined the league of people that dont keep in touch. You mean a great deal to me. You have been a friend at all times even at great personal cost. Do have a great week.|,en,uci_sms_spam_collection_v1,ham,NEEDS_REVIEW,,077e12afc21d,私人闲聊/个人对话，无法归入TRANSACTION/AD/HARASS/FRAUD四类
uci_00193,Hi :)finally i completed the course:),en,uci_sms_spam_collection_v1,ham,NEEDS_REVIEW,,8db7539551d1,私人闲聊/个人对话，无法归入TRANSACTION/AD/HARASS/FRAUD四类
uci_00194,It will stop on itself. I however suggest she stays with someone that will be able to give ors for every stool.,en,uci_sms_spam_collection_v1,ham,NEEDS_REVIEW,,4c3a2ed5bb64,私人闲聊/个人对话，无法归入TRANSACTION/AD/HARASS/FRAUD四类
uci_00195,How are you doing? Hope you've settled in for the new school year. Just wishin you a gr8 day,en,uci_sms_spam_collection_v1,ham,NEEDS_REVIEW,,4e500d5001dd,私人闲聊/个人对话，无法归入TRANSACTION/AD/HARASS/FRAUD四类
uci_00196,Gud mrng dear hav a nice day,en,uci_sms_spam_collection_v1,ham,NEEDS_REVIEW,,1fdab7ddc801,私人闲聊/个人对话，无法归入TRANSACTION/AD/HARASS/FRAUD四类
uci_00197,Did u got that persons story,en,uci_sms_spam_collection_v1,ham,NEEDS_REVIEW,,2935a9632d5f,私人闲聊/个人对话，无法归入TRANSACTION/AD/HARASS/FRAUD四类
uci_00198,is your hamster dead? Hey so tmr i meet you at 1pm orchard mrt?,en,uci_sms_spam_collection_v1,ham,NEEDS_REVIEW,,7dd5cd737893,私人闲聊/个人对话，无法归入TRANSACTION/AD/HARASS/FRAUD四类
uci_00199,Hi its Kate how is your evening? I hope i can see you tomorrow for a bit but i have to bloody babyjontet! Txt back if u can. :) xxx,en,uci_sms_spam_collection_v1,ham,NEEDS_REVIEW,qa_fix_v1,1e14fa1179d7,[fix:adult-or-secret-admirer NEEDS_REVIEW->HARASS] 私人闲聊/个人对话，无法归入TRANSACTION/AD/HARASS/FRAUD四类 [fix:revert-ham-kisses-xxx HARASS->NEEDS_REVIEW]
uci_00200,"Found it, ENC  &lt;#&gt; , where you at?",en,uci_sms_spam_collection_v1,ham,NEEDS_REVIEW,,1e2429ab9435,私人闲聊/个人对话，无法归入TRANSACTION/AD/HARASS/FRAUD四类
uci_00201,I sent you  &lt;#&gt;  bucks,en,uci_sms_spam_collection_v1,ham,NEEDS_REVIEW,,cffdb103e0f5,私人闲聊/个人对话，无法归入TRANSACTION/AD/HARASS/FRAUD四类
uci_00202,Hello darlin ive finished college now so txt me when u finish if u can love Kate xxx,en,uci_sms_spam_collection_v1,ham,NEEDS_REVIEW,qa_fix_v1,267028321885,[fix:adult-or-secret-admirer NEEDS_REVIEW->HARASS] 私人闲聊/个人对话，无法归入TRANSACTION/AD/HARASS/FRAUD四类 [fix:revert-ham-kisses-xxx HARASS->NEEDS_REVIEW]
uci_00203,Your account has been refilled successfully by INR  &lt;DECIMAL&gt; . Your KeralaCircle prepaid account balance is Rs  &lt;DECIMAL&gt; . Your Transaction ID is KR &lt;#&gt; .,en,uci_sms_spam_collection_v1,ham,TRANSACTION,,3098fabb0ed2,账户充值成功通知，包含充值金额、余额和Transaction ID，属于用户预期的业务结果
uci_00204,Goodmorning sleeping ga.,en,uci_sms_spam_collection_v1,ham,NEEDS_REVIEW,,58f304c9b041,私人闲聊/个人对话，无法归入TRANSACTION/AD/HARASS/FRAUD四类
uci_00205,U call me alter at 11 ok.,en,uci_sms_spam_collection_v1,ham,NEEDS_REVIEW,,c525a64d8078,私人闲聊/个人对话，无法归入TRANSACTION/AD/HARASS/FRAUD四类
uci_00206,¨¹ say until like dat i dun buy ericsson oso cannot oredi lar...,en,uci_sms_spam_collection_v1,ham,NEEDS_REVIEW,,0ff7f8179928,私人闲聊/个人对话，无法归入TRANSACTION/AD/HARASS/FRAUD四类
uci_00207,"As I entered my cabin my PA said, '' Happy B'day Boss !!''. I felt special. She askd me 4 lunch. After lunch she invited me to her apartment. We went there.",en,uci_sms_spam_collection_v1,ham,NEEDS_REVIEW,,3e4ea130fd02,私人闲聊/个人对话，无法归入TRANSACTION/AD/HARASS/FRAUD四类
uci_00208,"Aight yo, dats straight dogg",en,uci_sms_spam_collection_v1,ham,NEEDS_REVIEW,,ba3b833e6b2f,私人闲聊/个人对话，无法归入TRANSACTION/AD/HARASS/FRAUD四类
uci_00209,You please give us connection today itself before  &lt;DECIMAL&gt;  or refund the bill,en,uci_sms_spam_collection_v1,ham,NEEDS_REVIEW,,7046f0ea05d1,私人闲聊/个人对话，无法归入TRANSACTION/AD/HARASS/FRAUD四类
uci_00210,Both :) i shoot big loads so get ready!,en,uci_sms_spam_collection_v1,ham,NEEDS_REVIEW,,ca386ddb08a4,私人闲聊/个人对话，无法归入TRANSACTION/AD/HARASS/FRAUD四类
uci_00211,"What's up bruv, hope you had a great break. Do have a rewarding semester.",en,uci_sms_spam_collection_v1,ham,NEEDS_REVIEW,,d21dc8eae3e4,私人闲聊/个人对话，无法归入TRANSACTION/AD/HARASS/FRAUD四类
uci_00212,Home so we can always chat,en,uci_sms_spam_collection_v1,ham,NEEDS_REVIEW,,06ce82c2492c,私人闲聊/个人对话，无法归入TRANSACTION/AD/HARASS/FRAUD四类
uci_00213,K:)k:)good:)study well.,en,uci_sms_spam_collection_v1,ham,NEEDS_REVIEW,,2c3a826d94e8,私人闲聊/个人对话，无法归入TRANSACTION/AD/HARASS/FRAUD四类
uci_00214,Yup... How ¨¹ noe leh...,en,uci_sms_spam_collection_v1,ham,NEEDS_REVIEW,,d30351c1734a,私人闲聊/个人对话，无法归入TRANSACTION/AD/HARASS/FRAUD四类
uci_00215,Sounds great! Are you home now?,en,uci_sms_spam_collection_v1,ham,NEEDS_REVIEW,,6c0c1ada4118,私人闲聊/个人对话，无法归入TRANSACTION/AD/HARASS/FRAUD四类
uci_00216,Finally the match heading towards draw as your prediction.,en,uci_sms_spam_collection_v1,ham,NEEDS_REVIEW,,c1487cb9b3dd,私人闲聊/个人对话，无法归入TRANSACTION/AD/HARASS/FRAUD四类
uci_00217,Tired. I haven't slept well the past few nights.,en,uci_sms_spam_collection_v1,ham,NEEDS_REVIEW,,0f7ac458d2ca,私人闲聊/个人对话，无法归入TRANSACTION/AD/HARASS/FRAUD四类
uci_00218,Easy ah?sen got selected means its good..,en,uci_sms_spam_collection_v1,ham,NEEDS_REVIEW,,d368b2f7eb16,私人闲聊/个人对话，无法归入TRANSACTION/AD/HARASS/FRAUD四类
uci_00219,I have to take exam with march 3,en,uci_sms_spam_collection_v1,ham,NEEDS_REVIEW,,3ec357c504e0,私人闲聊/个人对话，无法归入TRANSACTION/AD/HARASS/FRAUD四类
uci_00220,Yeah you should. I think you can use your gt atm now to register. Not sure but if there's anyway i can help let me know. But when you do be sure you are ready.,en,uci_sms_spam_collection_v1,ham,NEEDS_REVIEW,,65776bea6273,私人闲聊/个人对话，无法归入TRANSACTION/AD/HARASS/FRAUD四类
uci_00221,Ok no prob. Take ur time.,en,uci_sms_spam_collection_v1,ham,NEEDS_REVIEW,,2e44e5d30e43,私人闲聊/个人对话，无法归入TRANSACTION/AD/HARASS/FRAUD四类
uci_00222,There is os called ubandu which will run without installing in hard disk...you can use that os to copy the important files in system and give it to repair shop..,en,uci_sms_spam_collection_v1,ham,NEEDS_REVIEW,,43145c6a4bf5,私人闲聊/个人对话，无法归入TRANSACTION/AD/HARASS/FRAUD四类
uci_00223,"Sorry, I'll call later",en,uci_sms_spam_collection_v1,ham,NEEDS_REVIEW,,d5081f7715ce,私人闲聊/个人对话，无法归入TRANSACTION/AD/HARASS/FRAUD四类
uci_00224,U say leh... Of course nothing happen lar. Not say v romantic jus a bit only lor. I thk e nite scenery not so nice leh.,en,uci_sms_spam_collection_v1,ham,NEEDS_REVIEW,,86c4a0a7b198,私人闲聊/个人对话，无法归入TRANSACTION/AD/HARASS/FRAUD四类
uci_00225,"500 New Mobiles from 2004, MUST GO! Txt: NOKIA to No: 89545 & collect yours today!From ONLY ¡ê1 www.4-tc.biz 2optout 087187262701.50gbp/mtmsg18",en,uci_sms_spam_collection_v1,spam,AD,,781a19b15e61,诺基亚手机促销，让用户发短信免费领取手机，属于商业推广广告
uci_00226,Would really appreciate if you call me. Just need someone to talk to.,en,uci_sms_spam_collection_v1,ham,NEEDS_REVIEW,,1155eaf727b2,私人闲聊/个人对话，无法归入TRANSACTION/AD/HARASS/FRAUD四类
uci_00227,"Will u meet ur dream partner soon? Is ur career off 2 a flyng start? 2 find out free, txt HORO followed by ur star sign, e. g. HORO ARIES",en,uci_sms_spam_collection_v1,spam,AD,,73bb50ebc152,星座运势服务推广，让用户发短信获取星座配对和事业预测，属于付费服务广告
uci_00228,Hey company elama po mudyadhu.,en,uci_sms_spam_collection_v1,ham,NEEDS_REVIEW,,6e1c9f1738e6,私人闲聊/个人对话，无法归入TRANSACTION/AD/HARASS/FRAUD四类
uci_00229,"Life is more strict than teacher... Bcoz Teacher teaches lesson &amp; then conducts exam, But Life first conducts Exam &amp; then teaches Lessons. Happy morning. . .",en,uci_sms_spam_collection_v1,ham,NEEDS_REVIEW,,31611b71a2be,私人闲聊/个人对话，无法归入TRANSACTION/AD/HARASS/FRAUD四类
uci_00230,Dear good morning now only i am up,en,uci_sms_spam_collection_v1,ham,NEEDS_REVIEW,,719bc023ff99,私人闲聊/个人对话，无法归入TRANSACTION/AD/HARASS/FRAUD四类
uci_00231,Get down in gandhipuram and walk to cross cut road. Right side &lt;#&gt; street road and turn at first right.,en,uci_sms_spam_collection_v1,ham,NEEDS_REVIEW,,9630ae0b958b,私人闲聊/个人对话，无法归入TRANSACTION/AD/HARASS/FRAUD四类
uci_00232,Dear we are going to our rubber place,en,uci_sms_spam_collection_v1,ham,NEEDS_REVIEW,,e0e6b001d538,私人闲聊/个人对话，无法归入TRANSACTION/AD/HARASS/FRAUD四类
uci_00233,"Sorry battery died, yeah I'm here",en,uci_sms_spam_collection_v1,ham,NEEDS_REVIEW,,6156ecdfb776,私人闲聊/个人对话，无法归入TRANSACTION/AD/HARASS/FRAUD四类
uci_00234,Yes:)here tv is always available in work place..,en,uci_sms_spam_collection_v1,ham,NEEDS_REVIEW,,28ee3941c581,私人闲聊/个人对话，无法归入TRANSACTION/AD/HARASS/FRAUD四类
uci_00235,Text & meet someone sexy today. U can find a date or even flirt its up to U. Join 4 just 10p. REPLY with NAME & AGE eg Sam 25. 18 -msg recd@thirtyeight pence,en,uci_sms_spam_collection_v1,spam,HARASS,,c17f45a1ebbb,成人约会服务推广，让用户付费短信加入寻找约会对象，属于灰色交友骚扰内容
uci_00236,I have printed it oh. So  &lt;#&gt;  come upstairs,en,uci_sms_spam_collection_v1,ham,NEEDS_REVIEW,,c134c20e32f7,私人闲聊/个人对话，无法归入TRANSACTION/AD/HARASS/FRAUD四类
uci_00237,Or ill be a little closer like at the bus stop on the same street,en,uci_sms_spam_collection_v1,ham,NEEDS_REVIEW,,4ffc4b7ba18b,私人闲聊/个人对话，无法归入TRANSACTION/AD/HARASS/FRAUD四类
uci_00238,Where are you?when wil you reach here?,en,uci_sms_spam_collection_v1,ham,NEEDS_REVIEW,,d4260e42cd58,私人闲聊/个人对话，无法归入TRANSACTION/AD/HARASS/FRAUD四类
uci_00239,"New Theory: Argument wins d SITUATION, but loses the PERSON. So dont argue with ur friends just.. . . . kick them &amp; say, I'm always correct.!",en,uci_sms_spam_collection_v1,ham,NEEDS_REVIEW,,cb5bd9f852ce,私人闲聊/个人对话，无法归入TRANSACTION/AD/HARASS/FRAUD四类
uci_00240,U 447801259231 have a secret admirer who is looking 2 make contact with U-find out who they R*reveal who thinks UR so special-call on 09058094597,en,uci_sms_spam_collection_v1,spam,HARASS,qa_fix_v1,6cf92b09077d,[fix:adult-or-secret-admirer FRAUD->HARASS] 假秘密崇拜者通知，要求拨打付费电话揭示对方身份，属于诱骗付费的诈骗短信
uci_00241,Tomarrow final hearing on my laptop case so i cant.,en,uci_sms_spam_collection_v1,ham,NEEDS_REVIEW,,163d839bf477,私人闲聊/个人对话，无法归入TRANSACTION/AD/HARASS/FRAUD四类
uci_00242,PLEASSSSSSSEEEEEE TEL ME V AVENT DONE SPORTSx,en,uci_sms_spam_collection_v1,ham,NEEDS_REVIEW,,a0ef90b29e4d,私人闲聊/个人对话，无法归入TRANSACTION/AD/HARASS/FRAUD四类
uci_00243,"Okay. No no, just shining on. That was meant to be signing, but that sounds better.",en,uci_sms_spam_collection_v1,ham,NEEDS_REVIEW,,29acef880ffe,私人闲聊/个人对话，无法归入TRANSACTION/AD/HARASS/FRAUD四类
uci_00244,"Although i told u dat i'm into baig face watches now but i really like e watch u gave cos it's fr u. Thanx 4 everything dat u've done today, i'm touched...",en,uci_sms_spam_collection_v1,ham,NEEDS_REVIEW,,5079d9bfda3e,私人闲聊/个人对话，无法归入TRANSACTION/AD/HARASS/FRAUD四类
uci_00245,U don't remember that old commercial?,en,uci_sms_spam_collection_v1,ham,NEEDS_REVIEW,,49fb6117adae,私人闲聊/个人对话，无法归入TRANSACTION/AD/HARASS/FRAUD四类
uci_00246,Too late. I said i have the website. I didn't i have or dont have the slippers,en,uci_sms_spam_collection_v1,ham,NEEDS_REVIEW,,5625a0656e6f,私人闲聊/个人对话，无法归入TRANSACTION/AD/HARASS/FRAUD四类
uci_00247,I asked you to call him now ok,en,uci_sms_spam_collection_v1,ham,NEEDS_REVIEW,,2bcc315f78cd,私人闲聊/个人对话，无法归入TRANSACTION/AD/HARASS/FRAUD四类
uci_00248,Kallis wont bat in 2nd innings.,en,uci_sms_spam_collection_v1,ham,NEEDS_REVIEW,,72e09e86e8a8,私人闲聊/个人对话，无法归入TRANSACTION/AD/HARASS/FRAUD四类
uci_00249,It didnt work again oh. Ok goodnight then. I.ll fix and have it ready by the time you wake up. You are very dearly missed have a good night sleep.,en,uci_sms_spam_collection_v1,ham,NEEDS_REVIEW,,3d0a846b82a7,私人闲聊/个人对话，无法归入TRANSACTION/AD/HARASS/FRAUD四类
uci_00250,Congratulations ur awarded 500 of CD vouchers or 125gift guaranteed & Free entry 2 100 wkly draw txt MUSIC to 87066 TnCs www.Ldew.com1win150ppmx3age16,en,uci_sms_spam_collection_v1,spam,FRAUD,,6094ceb44934,假获奖通知，谎称获得500张CD代金券或125英镑礼物，要求付费短信参与抽奖
uci_00251,Ranjith cal drpd Deeraj and deepak 5min hold,en,uci_sms_spam_collection_v1,ham,NEEDS_REVIEW,,e032fcfc5c97,私人闲聊/个人对话，无法归入TRANSACTION/AD/HARASS/FRAUD四类
uci_00252,"Wen ur lovable bcums angry wid u, dnt take it seriously.. Coz being angry is d most childish n true way of showing deep affection, care n luv!.. kettoda manda... Have nice day da.",en,uci_sms_spam_collection_v1,ham,NEEDS_REVIEW,,da7152aa1544,私人闲聊/个人对话，无法归入TRANSACTION/AD/HARASS/FRAUD四类
uci_00253,What you doing?how are you?,en,uci_sms_spam_collection_v1,ham,NEEDS_REVIEW,,7b4028dbcc85,私人闲聊/个人对话，无法归入TRANSACTION/AD/HARASS/FRAUD四类
uci_00254,"Ups which is 3days also, and the shipping company that takes 2wks. The other way is usps which takes a week but when it gets to lag you may have to bribe nipost to get your stuff.",en,uci_sms_spam_collection_v1,ham,NEEDS_REVIEW,,eea27060b414,私人闲聊/个人对话，无法归入TRANSACTION/AD/HARASS/FRAUD四类
uci_00255,"I'm back, lemme know when you're ready",en,uci_sms_spam_collection_v1,ham,NEEDS_REVIEW,,ad636a399c0e,私人闲聊/个人对话，无法归入TRANSACTION/AD/HARASS/FRAUD四类
uci_00256,Don't necessarily expect it to be done before you get back though because I'm just now headin out,en,uci_sms_spam_collection_v1,ham,NEEDS_REVIEW,,1d835e32eeb0,私人闲聊/个人对话，无法归入TRANSACTION/AD/HARASS/FRAUD四类
uci_00257,Mmm so yummy babe ... Nice jolt to the suzy,en,uci_sms_spam_collection_v1,ham,NEEDS_REVIEW,,efb3f47ea994,私人闲聊/个人对话，无法归入TRANSACTION/AD/HARASS/FRAUD四类
uci_00258,Where are you lover ? I need you ...,en,uci_sms_spam_collection_v1,ham,NEEDS_REVIEW,,cf86e81bf1c1,私人闲聊/个人对话，无法归入TRANSACTION/AD/HARASS/FRAUD四类
uci_00259,We tried to contact you re your reply to our offer of a Video Handset? 750 anytime networks mins? UNLIMITED TEXT? Camcorder? Reply or call 08000930705 NOW,en,uci_sms_spam_collection_v1,spam,AD,,c104221dccbe,视频手机服务推广，让用户回复或打电话接受优惠，属于通信产品促销广告
uci_00260,I¡®m parked next to a MINI!!!! When are you coming in today do you think?,en,uci_sms_spam_collection_v1,ham,NEEDS_REVIEW,,a66004e4edad,私人闲聊/个人对话，无法归入TRANSACTION/AD/HARASS/FRAUD四类
uci_00261,Yup,en,uci_sms_spam_collection_v1,ham,NEEDS_REVIEW,,4defd3fdb651,私人闲聊/个人对话，无法归入TRANSACTION/AD/HARASS/FRAUD四类
uci_00262,Anyway i'm going shopping on my own now. Cos my sis not done yet. Dun disturb u liao.,en,uci_sms_spam_collection_v1,ham,NEEDS_REVIEW,,36e9b2b1c39b,私人闲聊/个人对话，无法归入TRANSACTION/AD/HARASS/FRAUD四类
uci_00263,MY NO. IN LUTON 0125698789 RING ME IF UR AROUND! H*,en,uci_sms_spam_collection_v1,ham,NEEDS_REVIEW,,615d3722f676,私人闲聊/个人对话，无法归入TRANSACTION/AD/HARASS/FRAUD四类
uci_00264,Hey I am really horny want to chat or see me naked text hot to 69698 text charged at 150pm to unsubscribe text stop 69698,en,uci_sms_spam_collection_v1,spam,HARASS,,d1e8612f5f17,成人骚扰短信，自称发情并提供裸聊付费服务，属于性骚扰内容
uci_00265,Why you Dint come with us.,en,uci_sms_spam_collection_v1,ham,NEEDS_REVIEW,,c6f2af2faadf,私人闲聊/个人对话，无法归入TRANSACTION/AD/HARASS/FRAUD四类
uci_00266,Same. Wana plan a trip sometme then,en,uci_sms_spam_collection_v1,ham,NEEDS_REVIEW,,65c90b34db78,私人闲聊/个人对话，无法归入TRANSACTION/AD/HARASS/FRAUD四类
uci_00267,"Not sure yet, still trying to get a hold of him",en,uci_sms_spam_collection_v1,ham,NEEDS_REVIEW,,5a85d2ad1a5e,私人闲聊/个人对话，无法归入TRANSACTION/AD/HARASS/FRAUD四类
uci_00268,Ur ringtone service has changed! 25 Free credits! Go to club4mobiles.com to choose content now! Stop? txt CLUB STOP to 87070. 150p/wk Club4 PO Box1146 MK45 2WT,en,uci_sms_spam_collection_v1,spam,AD,,6ab485a9d1c9,彩铃服务变更通知，提供免费积分引导到付费铃声网站，属于服务推广广告
uci_00269,The evo. I just had to download flash. Jealous?,en,uci_sms_spam_collection_v1,ham,NEEDS_REVIEW,,2e1c8a65d85b,私人闲聊/个人对话，无法归入TRANSACTION/AD/HARASS/FRAUD四类
uci_00270,Ringtone Club: Get the UK singles chart on your mobile each week and choose any top quality ringtone! This message is free of charge.,en,uci_sms_spam_collection_v1,spam,AD,,594374457344,彩铃俱乐部推广，提供免费单曲榜和付费铃声订阅，属于服务推广广告
uci_00271,"Come to mu, we're sorting out our narcotics situation",en,uci_sms_spam_collection_v1,ham,NEEDS_REVIEW,,d46b672f869d,私人闲聊/个人对话，无法归入TRANSACTION/AD/HARASS/FRAUD四类
uci_00272,"Night has ended for another day, morning has come in a special way. May you smile like the sunny rays and leaves your worries at the blue blue bay.",en,uci_sms_spam_collection_v1,ham,NEEDS_REVIEW,,1a315246ee2b,私人闲聊/个人对话，无法归入TRANSACTION/AD/HARASS/FRAUD四类
uci_00273,HMV BONUS SPECIAL 500 pounds of genuine HMV vouchers to be won. Just answer 4 easy questions. Play Now! Send HMV to 86688 More info:www.100percent-real.com,en,uci_sms_spam_collection_v1,spam,FRAUD,,f4738b21547b,假HMV代金券中奖通知，谎称获得500英镑HMV代金券，要求回答付费问题领取
uci_00274,"Usf I guess, might as well take 1 car",en,uci_sms_spam_collection_v1,ham,NEEDS_REVIEW,,97b0754b2883,私人闲聊/个人对话，无法归入TRANSACTION/AD/HARASS/FRAUD四类
uci_00275,No objection. My bf not coming.,en,uci_sms_spam_collection_v1,ham,NEEDS_REVIEW,,53a0ace4e9ab,私人闲聊/个人对话，无法归入TRANSACTION/AD/HARASS/FRAUD四类
uci_00276,Thanx...,en,uci_sms_spam_collection_v1,ham,NEEDS_REVIEW,,10facac30b93,私人闲聊/个人对话，无法归入TRANSACTION/AD/HARASS/FRAUD四类
uci_00277,Tell rob to mack his gf in the theater,en,uci_sms_spam_collection_v1,ham,NEEDS_REVIEW,,5a0ad4a071bf,私人闲聊/个人对话，无法归入TRANSACTION/AD/HARASS/FRAUD四类
uci_00278,"Awesome, I'll see you in a bit",en,uci_sms_spam_collection_v1,ham,NEEDS_REVIEW,,225ae13b7b5e,私人闲聊/个人对话，无法归入TRANSACTION/AD/HARASS/FRAUD四类
uci_00279,Just sent it. So what type of food do you like?,en,uci_sms_spam_collection_v1,ham,NEEDS_REVIEW,,a631c6a3c839,私人闲聊/个人对话，无法归入TRANSACTION/AD/HARASS/FRAUD四类
uci_00280,All done? All handed in? Celebrations in full swing yet?,en,uci_sms_spam_collection_v1,ham,NEEDS_REVIEW,,fc09fc179594,私人闲聊/个人对话，无法归入TRANSACTION/AD/HARASS/FRAUD四类
uci_00281,You got called a tool?,en,uci_sms_spam_collection_v1,ham,NEEDS_REVIEW,,e5a957b4834e,私人闲聊/个人对话，无法归入TRANSACTION/AD/HARASS/FRAUD四类
uci_00282,"""Wen u miss someone, the person is definitely special for u..... But if the person is so special, why to miss them, just Keep-in-touch"" gdeve..",en,uci_sms_spam_collection_v1,ham,NEEDS_REVIEW,,5ae7b25907e3,私人闲聊/个人对话，无法归入TRANSACTION/AD/HARASS/FRAUD四类
uci_00283,Ok. I asked for money how far,en,uci_sms_spam_collection_v1,ham,NEEDS_REVIEW,,af5569ada9a0,私人闲聊/个人对话，无法归入TRANSACTION/AD/HARASS/FRAUD四类
uci_00284,Okie...,en,uci_sms_spam_collection_v1,ham,NEEDS_REVIEW,,a6e73a86ca9d,私人闲聊/个人对话，无法归入TRANSACTION/AD/HARASS/FRAUD四类
uci_00285,"Yeah I think my usual guy's still passed out from last night, if you get ahold of anybody let me know and I'll throw down",en,uci_sms_spam_collection_v1,ham,NEEDS_REVIEW,,eef753bf0085,私人闲聊/个人对话，无法归入TRANSACTION/AD/HARASS/FRAUD四类
uci_00286,"K, I might come by tonight then if my class lets out early",en,uci_sms_spam_collection_v1,ham,NEEDS_REVIEW,,9dfa210ac70b,私人闲聊/个人对话，无法归入TRANSACTION/AD/HARASS/FRAUD四类
uci_00287,Ok..,en,uci_sms_spam_collection_v1,ham,NEEDS_REVIEW,,7a85f4764bbd,私人闲聊/个人对话，无法归入TRANSACTION/AD/HARASS/FRAUD四类
uci_00288,hi baby im cruisin with my girl friend what r u up 2? give me a call in and hour at home if thats alright or fone me on this fone now love jenny xxx,en,uci_sms_spam_collection_v1,ham,NEEDS_REVIEW,qa_fix_v1,8e382b8b116c,[fix:adult-or-secret-admirer NEEDS_REVIEW->HARASS] 私人闲聊/个人对话，无法归入TRANSACTION/AD/HARASS/FRAUD四类 [fix:revert-ham-kisses-xxx HARASS->NEEDS_REVIEW]
uci_00289,"My life Means a lot to me, Not because I love my life, But because I love the people in my life, The world calls them friends, I call them my World:-).. Ge:-)..",en,uci_sms_spam_collection_v1,ham,NEEDS_REVIEW,,209a00ce1a1e,私人闲聊/个人对话，无法归入TRANSACTION/AD/HARASS/FRAUD四类
uci_00290,"Dear,shall mail tonite.busy in the street,shall update you tonite.things are looking ok.varunnathu edukkukayee raksha ollu.but a good one in real sense.",en,uci_sms_spam_collection_v1,ham,NEEDS_REVIEW,,8a11031c7345,私人闲聊/个人对话，无法归入TRANSACTION/AD/HARASS/FRAUD四类
uci_00291,Hey you told your name to gautham ah?,en,uci_sms_spam_collection_v1,ham,NEEDS_REVIEW,,33326861ba28,私人闲聊/个人对话，无法归入TRANSACTION/AD/HARASS/FRAUD四类
uci_00292,Haf u found him? I feel so stupid da v cam was working.,en,uci_sms_spam_collection_v1,ham,NEEDS_REVIEW,,99d6a462beb5,私人闲聊/个人对话，无法归入TRANSACTION/AD/HARASS/FRAUD四类
uci_00293,Oops. 4 got that bit.,en,uci_sms_spam_collection_v1,ham,NEEDS_REVIEW,,30a39a7ee4ff,私人闲聊/个人对话，无法归入TRANSACTION/AD/HARASS/FRAUD四类
uci_00294,Are you this much buzy,en,uci_sms_spam_collection_v1,ham,NEEDS_REVIEW,,98ea70b1a93e,私人闲聊/个人对话，无法归入TRANSACTION/AD/HARASS/FRAUD四类
uci_00295,I accidentally deleted the message. Resend please.,en,uci_sms_spam_collection_v1,ham,NEEDS_REVIEW,,69e1985d24f6,私人闲聊/个人对话，无法归入TRANSACTION/AD/HARASS/FRAUD四类
uci_00296,T-Mobile customer you may now claim your FREE CAMERA PHONE upgrade & a pay & go sim card for your loyalty. Call on 0845 021 3680.Offer ends 28thFeb.T&C's apply,en,uci_sms_spam_collection_v1,spam,FRAUD,,ca67fec103c5,假T-Mobile通知，谎称可免费升级摄像头手机，要求拨打诱骗电话领取
uci_00297,Unless it's a situation where YOU GO GURL would be more appropriate,en,uci_sms_spam_collection_v1,ham,NEEDS_REVIEW,,ece142b89c9c,私人闲聊/个人对话，无法归入TRANSACTION/AD/HARASS/FRAUD四类
uci_00298,Hurt me... Tease me... Make me cry... But in the end of my life when i die plz keep one rose on my grave and say STUPID I MISS U.. HAVE A NICE DAY BSLVYL,en,uci_sms_spam_collection_v1,ham,NEEDS_REVIEW,,16657df8f6a4,私人闲聊/个人对话，无法归入TRANSACTION/AD/HARASS/FRAUD四类
uci_00299,I cant pick the phone right now. Pls send a message,en,uci_sms_spam_collection_v1,ham,NEEDS_REVIEW,,ea4561f1db70,私人闲聊/个人对话，无法归入TRANSACTION/AD/HARASS/FRAUD四类
uci_00300,Need a coffee run tomo?Can't believe it's that time of week already,en,uci_sms_spam_collection_v1,ham,NEEDS_REVIEW,,dc7ff2e4dccb,无法明确归类，内容不确定或不属于以上四类
uci_00301,"Awesome, I remember the last time we got somebody high for the first time with diesel :V",en,uci_sms_spam_collection_v1,ham,NEEDS_REVIEW,,9216d7ace710,无法明确归类，内容不确定或不属于以上四类
uci_00302,"Shit that is really shocking and scary, cant imagine for a second. Def up for night out. Do u think there is somewhere i could crash for night, save on taxi?",en,uci_sms_spam_collection_v1,ham,NEEDS_REVIEW,,116828f2f9b5,无法明确归类，内容不确定或不属于以上四类
uci_00303,Oh and by the way you do have more food in your fridge! Want to go out for a meal tonight?,en,uci_sms_spam_collection_v1,ham,NEEDS_REVIEW,,b1e142e9cc56,私人闲聊/日常问候，无业务或欺诈内容，属于UCI ham类个人消息
uci_00304,He is a womdarfull actor,en,uci_sms_spam_collection_v1,ham,NEEDS_REVIEW,,77950a160ab1,无法明确归类，内容不确定或不属于以上四类
uci_00305,"SMS. ac Blind Date 4U!: Rodds1 is 21/m from Aberdeen, United Kingdom. Check Him out http://img. sms. ac/W/icmb3cktz8r7!-4 no Blind Dates send HIDE",en,uci_sms_spam_collection_v1,spam,NEEDS_REVIEW,,7d5d0e3cb160,私人闲聊/日常问候，无业务或欺诈内容，属于UCI ham类个人消息
uci_00306,Yup... From what i remb... I think should be can book...,en,uci_sms_spam_collection_v1,ham,NEEDS_REVIEW,,f773016fc8e6,私人闲聊/日常问候，无业务或欺诈内容，属于UCI ham类个人消息
uci_00307,Jos ask if u wana meet up?,en,uci_sms_spam_collection_v1,ham,NEEDS_REVIEW,,f11226c4508c,私人闲聊/日常问候，无业务或欺诈内容，属于UCI ham类个人消息
uci_00308,Lol yes. Our friendship is hanging on a thread cause u won't buy stuff.,en,uci_sms_spam_collection_v1,ham,NEEDS_REVIEW,,37ccb4ff2c2f,私人闲聊/日常问候，无业务或欺诈内容，属于UCI ham类个人消息
uci_00309,"TheMob> Check out our newest selection of content, Games, Tones, Gossip, babes and sport, Keep your mobile fit and funky text WAP to 82468",en,uci_sms_spam_collection_v1,spam,NEEDS_REVIEW,,d9919dcda919,无法明确归类，内容不确定或不属于以上四类
uci_00310,Where are the garage keys? They aren't on the bookshelf,en,uci_sms_spam_collection_v1,ham,NEEDS_REVIEW,,7855ff7ba28c,私人闲聊/日常问候，无业务或欺诈内容，属于UCI ham类个人消息
uci_00311,Today is ACCEPT DAY..U Accept me as? Brother Sister Lover Dear1 Best1 Clos1 Lvblefrnd Jstfrnd Cutefrnd Lifpartnr Belovd Swtheart Bstfrnd No rply means enemy,en,uci_sms_spam_collection_v1,ham,NEEDS_REVIEW,,43dcff411bd8,私人闲聊/日常问候，无业务或欺诈内容，属于UCI ham类个人消息
uci_00312,"Think ur smart ? Win ¡ê200 this week in our weekly quiz, text PLAY to 85222 now!T&Cs WinnersClub PO BOX 84, M26 3UZ. 16+. GBP1.50/week",en,uci_sms_spam_collection_v1,spam,NEEDS_REVIEW,,cfe969a81d01,私人闲聊/日常问候，无业务或欺诈内容，属于UCI ham类个人消息
uci_00313,He says he'll give me a call when his friend's got the money but that he's definitely buying before the end of the week,en,uci_sms_spam_collection_v1,ham,HARASS,,42f571b88ee2,骚扰类内容：包含成人/交友/催收/反复推销等扰民信息，无欺诈性质
uci_00314,"Hi the way I was with u 2day, is the normal way&this is the real me. UR unique&I hope I know u 4 the rest of mylife. Hope u find wot was lost.",en,uci_sms_spam_collection_v1,ham,NEEDS_REVIEW,,11ce8f20da29,私人闲聊/日常问候，无业务或欺诈内容，属于UCI ham类个人消息
uci_00315,You made my day. Do have a great day too.,en,uci_sms_spam_collection_v1,ham,NEEDS_REVIEW,,8306cba6af85,无法明确归类，内容不确定或不属于以上四类
uci_00316,K.k:)advance happy pongal.,en,uci_sms_spam_collection_v1,ham,AD,,be3ef819634a,正规商业促销/广告内容，目的是推广商品或服务，无欺诈性质
uci_00317,"Hmmm... Guess we can go 4 kb n power yoga... Haha, dunno we can tahan power yoga anot... Thk got lo oso, forgot liao...",en,uci_sms_spam_collection_v1,ham,NEEDS_REVIEW,,1b643e91dedf,私人闲聊/日常问候，无业务或欺诈内容，属于UCI ham类个人消息
uci_00318,"Not really dude, have no friends i'm afraid :(",en,uci_sms_spam_collection_v1,ham,NEEDS_REVIEW,,ed049fbf9a67,私人闲聊/日常问候，无业务或欺诈内容，属于UCI ham类个人消息
uci_00319,December only! Had your mobile 11mths+? You are entitled to update to the latest colour camera mobile for Free! Call The Mobile Update Co FREE on 08002986906,en,uci_sms_spam_collection_v1,spam,HARASS,,9a321c2fcc76,骚扰类内容：包含成人/交友/催收/反复推销等扰民信息，无欺诈性质
uci_00320,"Coffee cake, i guess...",en,uci_sms_spam_collection_v1,ham,NEEDS_REVIEW,,6b6bbbabe3c2,无法明确归类，内容不确定或不属于以上四类
uci_00321,"Merry Christmas to you too babe, i love ya *kisses*",en,uci_sms_spam_collection_v1,ham,NEEDS_REVIEW,,532612f5a17c,无法明确归类，内容不确定或不属于以上四类
uci_00322,Hey... Why dont we just go watch x men and have lunch... Haha,en,uci_sms_spam_collection_v1,ham,NEEDS_REVIEW,,310e73177e8e,私人闲聊/日常问候，无业务或欺诈内容，属于UCI ham类个人消息
uci_00323,cud u tell ppl im gona b a bit l8 cos 2 buses hav gon past cos they were full & im still waitin 4 1. Pete x,en,uci_sms_spam_collection_v1,ham,NEEDS_REVIEW,,0fecaf7b18f3,无法明确归类，内容不确定或不属于以上四类
uci_00324,That would be great. We'll be at the Guild. Could meet on Bristol road or somewhere - will get in touch over weekend. Our plans take flight! Have a good week,en,uci_sms_spam_collection_v1,ham,NEEDS_REVIEW,,9523b3db9019,私人闲聊/日常问候，无业务或欺诈内容，属于UCI ham类个人消息
uci_00325,No problem. How are you doing?,en,uci_sms_spam_collection_v1,ham,NEEDS_REVIEW,,0579ac95e090,私人闲聊/日常问候，无业务或欺诈内容，属于UCI ham类个人消息
uci_00326,No calls..messages..missed calls,en,uci_sms_spam_collection_v1,ham,NEEDS_REVIEW,,816670b22ffb,私人闲聊/日常问候，无业务或欺诈内容，属于UCI ham类个人消息
uci_00327,Hi da:)how is the todays class?,en,uci_sms_spam_collection_v1,ham,NEEDS_REVIEW,,c1d1609bc534,私人闲聊/日常问候，无业务或欺诈内容，属于UCI ham类个人消息
uci_00328,"I'd say that's a good sign but, well, you know my track record at reading women",en,uci_sms_spam_collection_v1,ham,NEEDS_REVIEW,,3c08f0a1eebe,私人闲聊/日常问候，无业务或欺诈内容，属于UCI ham类个人消息
uci_00329,"Cool, text me when you're parked",en,uci_sms_spam_collection_v1,ham,NEEDS_REVIEW,,b787407737e9,无法明确归类，内容不确定或不属于以上四类
uci_00330,I'm reading the text i just sent you. Its meant to be a joke. So read it in that light,en,uci_sms_spam_collection_v1,ham,NEEDS_REVIEW,,39215601f93e,私人闲聊/日常问候，无业务或欺诈内容，属于UCI ham类个人消息
uci_00331,K.k:)apo k.good movie.,en,uci_sms_spam_collection_v1,ham,NEEDS_REVIEW,,7b8bbe3d6c14,无法明确归类，内容不确定或不属于以上四类
uci_00332,Maybe i could get book out tomo then return it immediately ..? Or something.,en,uci_sms_spam_collection_v1,ham,NEEDS_REVIEW,,1117714b0ed0,私人闲聊/日常问候，无业务或欺诈内容，属于UCI ham类个人消息
uci_00333,Call Germany for only 1 pence per minute! Call from a fixed line via access number 0844 861 85 85. No prepayment. Direct access!,en,uci_sms_spam_collection_v1,spam,NEEDS_REVIEW,,ce11830da3db,私人闲聊/日常问候，无业务或欺诈内容，属于UCI ham类个人消息
uci_00334,Any chance you might have had with me evaporated as soon as you violated my privacy by stealing my phone number from your employer's paperwork. Not cool at all. Please do not contact me again or I will report you to your supervisor.,en,uci_sms_spam_collection_v1,ham,NEEDS_REVIEW,,5d27bc1f3738,私人闲聊/日常问候，无业务或欺诈内容，属于UCI ham类个人消息
uci_00335,Valentines Day Special! Win over ¡ê1000 in our quiz and take your partner on the trip of a lifetime! Send GO to 83600 now. 150p/msg rcvd. CustCare:08718720201.,en,uci_sms_spam_collection_v1,spam,NEEDS_REVIEW,,71595565c77a,私人闲聊/日常问候，无业务或欺诈内容，属于UCI ham类个人消息
uci_00336,"Ta-Daaaaa! I am home babe, are you still up ?",en,uci_sms_spam_collection_v1,ham,NEEDS_REVIEW,,9995b1cdd096,无法明确归类，内容不确定或不属于以上四类
uci_00337,Cool. So how come you havent been wined and dined before?,en,uci_sms_spam_collection_v1,ham,NEEDS_REVIEW,,4f844235a6cd,无法明确归类，内容不确定或不属于以上四类
uci_00338,Just sleeping..and surfing,en,uci_sms_spam_collection_v1,ham,NEEDS_REVIEW,,0d3c95a0235a,无法明确归类，内容不确定或不属于以上四类
uci_00339,"Sorry, I'll call later",en,uci_sms_spam_collection_v1,ham,NEEDS_REVIEW,,d5081f7715ce,私人闲聊/日常问候，无业务或欺诈内容，属于UCI ham类个人消息
uci_00340,U calling me right? Call my hand phone...,en,uci_sms_spam_collection_v1,ham,HARASS,,0ecd5fee3832,骚扰类内容：包含成人/交友/催收/反复推销等扰民信息，无欺诈性质
uci_00341,Ok that's great thanx a lot.,en,uci_sms_spam_collection_v1,ham,NEEDS_REVIEW,,fc06ce007dec,私人闲聊/日常问候，无业务或欺诈内容，属于UCI ham类个人消息
uci_00342,I take it the post has come then! You must have 1000s of texts now! Happy reading. My one from wiv hello caroline at the end is my favourite. Bless him,en,uci_sms_spam_collection_v1,ham,NEEDS_REVIEW,,a88db8348f52,私人闲聊/日常问候，无业务或欺诈内容，属于UCI ham类个人消息
uci_00343,Where u been hiding stranger?,en,uci_sms_spam_collection_v1,ham,NEEDS_REVIEW,,bdd9d81c973d,无法明确归类，内容不确定或不属于以上四类
uci_00344,Am not interested to do like that.,en,uci_sms_spam_collection_v1,ham,NEEDS_REVIEW,,d8d6e532caa7,私人闲聊/日常问候，无业务或欺诈内容，属于UCI ham类个人消息
uci_00345,My sister cleared two round in birla soft yesterday.,en,uci_sms_spam_collection_v1,ham,NEEDS_REVIEW,,3547c45870c6,私人闲聊/日常问候，无业务或欺诈内容，属于UCI ham类个人消息
uci_00346,Gudnite....tc...practice going on,en,uci_sms_spam_collection_v1,ham,NEEDS_REVIEW,,555aef7c613a,无法明确归类，内容不确定或不属于以上四类
uci_00347,Dis is yijue. I jus saw ur mail. In case huiming havent sent u my num. Dis is my num.,en,uci_sms_spam_collection_v1,ham,NEEDS_REVIEW,,ae7bcc91f7ac,无法明确归类，内容不确定或不属于以上四类
uci_00348,One small prestige problem now.,en,uci_sms_spam_collection_v1,ham,NEEDS_REVIEW,,f2f380b05812,私人闲聊/日常问候，无业务或欺诈内容，属于UCI ham类个人消息
uci_00349,Fancy a shag? I do.Interested? sextextuk.com txt XXUK SUZY to 69876. Txts cost 1.50 per msg. TnCs on website. X,en,uci_sms_spam_collection_v1,spam,HARASS,,170ae9b37fa9,骚扰类内容：包含成人/交友/催收/反复推销等扰民信息，无欺诈性质
uci_00350,Just checking in on you. Really do miss seeing Jeremiah. Do have a great month,en,uci_sms_spam_collection_v1,ham,NEEDS_REVIEW,,b2b24598e68c,无法明确归类，内容不确定或不属于以上四类
uci_00351,"Nah can't help you there, I've never had an iphone",en,uci_sms_spam_collection_v1,ham,NEEDS_REVIEW,,86f34fe98100,无法明确归类，内容不确定或不属于以上四类
uci_00352,If you're not in my car in an hour and a half I'm going apeshit,en,uci_sms_spam_collection_v1,ham,NEEDS_REVIEW,,c445cc866f8f,私人闲聊/日常问候，无业务或欺诈内容，属于UCI ham类个人消息
uci_00353,"TODAY is Sorry day.! If ever i was angry with you, if ever i misbehaved or hurt you? plz plz JUST SLAP URSELF Bcoz, Its ur fault, I'm basically GOOD",en,uci_sms_spam_collection_v1,ham,NEEDS_REVIEW,,ab9a08c8c51c,私人闲聊/日常问候，无业务或欺诈内容，属于UCI ham类个人消息
uci_00354,Yo you guys ever figure out how much we need for alcohol? Jay and I are trying to figure out how much we can safely spend on weed,en,uci_sms_spam_collection_v1,ham,NEEDS_REVIEW,,e0803565e654,无法明确归类，内容不确定或不属于以上四类
uci_00355,&lt;#&gt; ISH MINUTES WAS 5 MINUTES AGO. WTF.,en,uci_sms_spam_collection_v1,ham,NEEDS_REVIEW,,0e2d104edbf0,无法明确归类，内容不确定或不属于以上四类
uci_00356,"Thank You for calling.Forgot to say Happy Onam to you Sirji.I am fine here and remembered you when i met an insurance person.Meet You in Qatar Insha Allah.Rakhesh, ex Tata AIG who joined TISSCO,Tayseer.",en,uci_sms_spam_collection_v1,ham,NEEDS_REVIEW,,d518c8b93b37,私人闲聊/日常问候，无业务或欺诈内容，属于UCI ham类个人消息
uci_00357,Congratulations ur awarded 500 of CD vouchers or 125gift guaranteed & Free entry 2 100 wkly draw txt MUSIC to 87066 TnCs www.Ldew.com1win150ppmx3age16,en,uci_sms_spam_collection_v1,spam,FRAUD,,6094ceb44934,虚假中奖/获奖信息，属于诈骗
uci_00358,Ur cash-balance is currently 500 pounds - to maximize ur cash-in now send CASH to 86688 only 150p/msg. CC: 08708800282 HG/Suite342/2Lands Row/W1J6HL,en,uci_sms_spam_collection_v1,spam,NEEDS_REVIEW,,30216cebbdfb,私人闲聊/日常问候，无业务或欺诈内容，属于UCI ham类个人消息
uci_00359,"I'm an actor. When i work, i work in the evening and sleep late. Since i'm unemployed at the moment, i ALWAYS sleep late. When you're unemployed, every day is saturday.",en,uci_sms_spam_collection_v1,ham,NEEDS_REVIEW,,0150b25ec293,无法明确归类，内容不确定或不属于以上四类
uci_00360,"Hello! Just got here, st andrews-boy its a long way! Its cold. I will keep you posted",en,uci_sms_spam_collection_v1,ham,NEEDS_REVIEW,,851803787ab7,私人闲聊/日常问候，无业务或欺诈内容，属于UCI ham类个人消息
uci_00361,Ha ha cool cool chikku chikku:-):-DB-),en,uci_sms_spam_collection_v1,ham,NEEDS_REVIEW,,55c154ee14b1,无法明确归类，内容不确定或不属于以上四类
uci_00362,Oh ok no prob..,en,uci_sms_spam_collection_v1,ham,NEEDS_REVIEW,,20b177b835ff,私人闲聊/日常问候，无业务或欺诈内容，属于UCI ham类个人消息
uci_00363,Check audrey's status right now,en,uci_sms_spam_collection_v1,ham,NEEDS_REVIEW,,f58518f7d67d,私人闲聊/日常问候，无业务或欺诈内容，属于UCI ham类个人消息
uci_00364,Busy here. Trying to finish for new year. I am looking forward to finally meeting you...,en,uci_sms_spam_collection_v1,ham,NEEDS_REVIEW,,d61c36c92abe,私人闲聊/日常问候，无业务或欺诈内容，属于UCI ham类个人消息
uci_00365,"Good afternoon sunshine! How dawns that day ? Are we refreshed and happy to be alive? Do we breathe in the air and smile ? I think of you, my love ... As always",en,uci_sms_spam_collection_v1,ham,NEEDS_REVIEW,,4390d6674346,私人闲聊/日常问候，无业务或欺诈内容，属于UCI ham类个人消息
uci_00366,Well i know Z will take care of me. So no worries.,en,uci_sms_spam_collection_v1,ham,NEEDS_REVIEW,,f2698426a731,私人闲聊/日常问候，无业务或欺诈内容，属于UCI ham类个人消息
uci_00367,"Update_Now - Xmas Offer! Latest Motorola, SonyEricsson & Nokia & FREE Bluetooth! Double Mins & 1000 Txt on Orange. Call MobileUpd8 on 08000839402 or call2optout/F4Q=",en,uci_sms_spam_collection_v1,spam,NEEDS_REVIEW,,276e8068d1fa,私人闲聊/日常问候，无业务或欺诈内容，属于UCI ham类个人消息
uci_00368,Here is your discount code RP176781. To stop further messages reply stop. www.regalportfolio.co.uk. Customer Services 08717205546,en,uci_sms_spam_collection_v1,spam,AD,qa_fix_v1,5d286bc25e80,[fix:commercial-promo-not-fraud FRAUD->AD] 冒充客服/官方机构，属于诈骗
uci_00369,Wat uniform? In where get?,en,uci_sms_spam_collection_v1,ham,NEEDS_REVIEW,,521f90019c90,无法明确归类，内容不确定或不属于以上四类
uci_00370,"Cool, text me when you're ready",en,uci_sms_spam_collection_v1,ham,NEEDS_REVIEW,,505be239fc45,无法明确归类，内容不确定或不属于以上四类
uci_00371,"Hello my boytoy ... Geeee I miss you already and I just woke up. I wish you were here in bed with me, cuddling me. I love you ...",en,uci_sms_spam_collection_v1,ham,NEEDS_REVIEW,,eb72875de554,私人闲聊/日常问候，无业务或欺诈内容，属于UCI ham类个人消息
uci_00372,I will spoil you in bed as well :),en,uci_sms_spam_collection_v1,ham,NEEDS_REVIEW,,9bec91b1cb33,无法明确归类，内容不确定或不属于以上四类
uci_00373,I'm going for bath will msg you next  &lt;#&gt;  min..,en,uci_sms_spam_collection_v1,ham,NEEDS_REVIEW,,9828a3969471,无法明确归类，内容不确定或不属于以上四类
uci_00374,I cant keep talking to people if am not sure i can pay them if they agree to price. So pls tell me what you want to really buy and how much you are willing to pay,en,uci_sms_spam_collection_v1,ham,NEEDS_REVIEW,,9bfd7c88737b,私人闲聊/日常问候，无业务或欺诈内容，属于UCI ham类个人消息
uci_00375,"Thanks for your Ringtone Order, Reference T91. You will be charged GBP 4 per week. You can unsubscribe at anytime by calling customer services on 09057039994",en,uci_sms_spam_collection_v1,spam,NEEDS_REVIEW,,37f1ea74b925,私人闲聊/日常问候，无业务或欺诈内容，属于UCI ham类个人消息
uci_00376,Can you say what happen,en,uci_sms_spam_collection_v1,ham,AD,,30b12fff1ff3,正规商业促销/广告内容，目的是推广商品或服务，无欺诈性质
uci_00377,You could have seen me..i did't recognise you Face.:),en,uci_sms_spam_collection_v1,ham,NEEDS_REVIEW,,eb78d854d13a,无法明确归类，内容不确定或不属于以上四类
uci_00378,Well there's not a lot of things happening in Lindsay on New years *sighs* Some bars in Ptbo and the blue heron has something going,en,uci_sms_spam_collection_v1,ham,NEEDS_REVIEW,,379b91826a7b,私人闲聊/日常问候，无业务或欺诈内容，属于UCI ham类个人消息
uci_00379,Keep my payasam there if rinu brings,en,uci_sms_spam_collection_v1,ham,NEEDS_REVIEW,,7c9cd309c1e7,无法明确归类，内容不确定或不属于以上四类
uci_00380,I taught that Ranjith sir called me. So only i sms like that. Becaus hes verifying about project. Prabu told today so only pa dont mistake me..,en,uci_sms_spam_collection_v1,ham,NEEDS_REVIEW,,6ef30e9c8073,私人闲聊/日常问候，无业务或欺诈内容，属于UCI ham类个人消息
uci_00381,"I guess that's why you re worried. You must know that there's a way the body repairs itself. And i'm quite sure you shouldn't worry. We'll take it slow. First the tests, they will guide when your ovulation is then just relax. Nothing you've said is a reason to worry but i.ll keep on followin you up.",en,uci_sms_spam_collection_v1,ham,NEEDS_REVIEW,,127ebddab53f,私人闲聊/日常问候，无业务或欺诈内容，属于UCI ham类个人消息
uci_00382,"Yeah sure, give me a couple minutes to track down my wallet",en,uci_sms_spam_collection_v1,ham,NEEDS_REVIEW,,04ca51538cf1,无法明确归类，内容不确定或不属于以上四类
uci_00383,Hey leave it. not a big deal:-) take care.,en,uci_sms_spam_collection_v1,ham,NEEDS_REVIEW,,3349aa155db0,私人闲聊/日常问候，无业务或欺诈内容，属于UCI ham类个人消息
uci_00384,Hey i will be late ah... Meet you at 945+,en,uci_sms_spam_collection_v1,ham,NEEDS_REVIEW,,b6e78ad2790d,私人闲聊/日常问候，无业务或欺诈内容，属于UCI ham类个人消息
uci_00385,"Double mins and txts 4 6months FREE Bluetooth on Orange. Available on Sony, Nokia Motorola phones. Call MobileUpd8 on 08000839402 or call2optout/N9DX",en,uci_sms_spam_collection_v1,spam,NEEDS_REVIEW,,f3f38a15efff,私人闲聊/日常问候，无业务或欺诈内容，属于UCI ham类个人消息
uci_00386,It took Mr owl 3 licks,en,uci_sms_spam_collection_v1,ham,NEEDS_REVIEW,,3cde1ee28e91,私人闲聊/日常问候，无业务或欺诈内容，属于UCI ham类个人消息
uci_00387,Customer place i will call you.,en,uci_sms_spam_collection_v1,ham,HARASS,,72d9b87a057e,骚扰类内容：包含成人/交友/催收/反复推销等扰民信息，无欺诈性质
uci_00388,Mm that time you dont like fun,en,uci_sms_spam_collection_v1,ham,NEEDS_REVIEW,,52cd17a76ce0,无法明确归类，内容不确定或不属于以上四类
uci_00389,4mths half price Orange line rental & latest camera phones 4 FREE. Had your phone 11mths ? Call MobilesDirect free on 08000938767 to update now! or2stoptxt,en,uci_sms_spam_collection_v1,spam,NEEDS_REVIEW,,29d3faf35d22,私人闲聊/日常问候，无业务或欺诈内容，属于UCI ham类个人消息
uci_00390,Yup having my lunch buffet now.. U eat already?,en,uci_sms_spam_collection_v1,ham,NEEDS_REVIEW,,ceca8295c8bd,私人闲聊/日常问候，无业务或欺诈内容，属于UCI ham类个人消息
uci_00391,Huh so late... Fr dinner?,en,uci_sms_spam_collection_v1,ham,NEEDS_REVIEW,,a01828bb89c7,无法明确归类，内容不确定或不属于以上四类
uci_00392,Hey so this sat are we going for the intro pilates only? Or the kickboxing too?,en,uci_sms_spam_collection_v1,ham,NEEDS_REVIEW,,1445ea4b9ce1,无法明确归类，内容不确定或不属于以上四类
uci_00393,Morning only i can ok.,en,uci_sms_spam_collection_v1,ham,NEEDS_REVIEW,,2615701b28fa,私人闲聊/日常问候，无业务或欺诈内容，属于UCI ham类个人消息
uci_00394,Yes i think so. I am in office but my lap is in room i think thats on for the last few days. I didnt shut that down,en,uci_sms_spam_collection_v1,ham,NEEDS_REVIEW,,4d11bbfd4cc5,私人闲聊/日常问候，无业务或欺诈内容，属于UCI ham类个人消息
uci_00395,Pick you up bout 7.30ish? What time are  and that going?,en,uci_sms_spam_collection_v1,ham,NEEDS_REVIEW,,6d5ce72e13ca,无法明确归类，内容不确定或不属于以上四类
uci_00396,From here after The performance award is calculated every two month.not for current one month period..,en,uci_sms_spam_collection_v1,ham,NEEDS_REVIEW,,74f4bdb01f4c,私人闲聊/日常问候，无业务或欺诈内容，属于UCI ham类个人消息
uci_00397,Was actually sleeping and still might when u call back. So a text is gr8. You rock sis. Will send u a text wen i wake.,en,uci_sms_spam_collection_v1,ham,HARASS,,d7bc1246af29,骚扰类内容：包含成人/交友/催收/反复推销等扰民信息，无欺诈性质
uci_00398,"You are always putting your business out there. You put pictures of your ass on facebook. You are one of the most open people i've ever met. Why would i think a picture of your room would hurt you, make you feel violated.",en,uci_sms_spam_collection_v1,ham,NEEDS_REVIEW,,84a9289365d8,私人闲聊/日常问候，无业务或欺诈内容，属于UCI ham类个人消息
uci_00399,"Good evening Sir, Al Salam Wahleykkum.sharing a happy news.By the grace of God, i got an offer from Tayseer,TISSCO and i joined.Hope you are fine.Inshah Allah,meet you sometime.Rakhesh,visitor from India.",en,uci_sms_spam_collection_v1,ham,NEEDS_REVIEW,,27837728d58a,私人闲聊/日常问候，无业务或欺诈内容，属于UCI ham类个人消息
uci_00400,Hmmm...k...but i want to change the field quickly da:-)i wanna get system administrator or network administrator..,en,uci_sms_spam_collection_v1,ham,NEEDS_REVIEW,,c9bcf1089b9e,无法明确归类，内容不确定或不属于以上四类
uci_00401,"FREE RINGTONE text FIRST to 87131 for a poly or text GET to 87131 for a true tone! Help? 0845 2814032 16 after 1st free, tones are 3x¡ê150pw to e¡ênd txt stop",en,uci_sms_spam_collection_v1,spam,NEEDS_REVIEW,,7f4788889589,无法明确归类，内容不确定或不属于以上四类
uci_00402,Dear how is chechi. Did you talk to her,en,uci_sms_spam_collection_v1,ham,NEEDS_REVIEW,,da48a7f4f658,无法明确归类，内容不确定或不属于以上四类
uci_00403,The hair cream has not been shipped.,en,uci_sms_spam_collection_v1,ham,NEEDS_REVIEW,,8ef3297adb5f,私人闲聊/日常问候，无业务或欺诈内容，属于UCI ham类个人消息
uci_00404,None of that's happening til you get here though,en,uci_sms_spam_collection_v1,ham,NEEDS_REVIEW,,b89307b07e21,私人闲聊/日常问候，无业务或欺诈内容，属于UCI ham类个人消息
uci_00405,"Yep, the great loxahatchee xmas tree burning of  &lt;#&gt;  starts in an hour",en,uci_sms_spam_collection_v1,ham,NEEDS_REVIEW,,06e9a15167bb,无法明确归类，内容不确定或不属于以上四类
uci_00406,"Haha get used to driving to usf man, I know a lot of stoners",en,uci_sms_spam_collection_v1,ham,NEEDS_REVIEW,,88cb0e6647aa,私人闲聊/日常问候，无业务或欺诈内容，属于UCI ham类个人消息
uci_00407,All was well until slightly disastrous class this pm with my fav darlings! Hope day off ok. Coffee wld be good as can't stay late tomorrow. Same time + place as always?,en,uci_sms_spam_collection_v1,ham,NEEDS_REVIEW,,dab147f53afe,私人闲聊/日常问候，无业务或欺诈内容，属于UCI ham类个人消息
uci_00408,Hello! Good week? Fancy a drink or something later?,en,uci_sms_spam_collection_v1,ham,NEEDS_REVIEW,,7b9f977e1840,私人闲聊/日常问候，无业务或欺诈内容，属于UCI ham类个人消息
uci_00409,Headin towards busetop,en,uci_sms_spam_collection_v1,ham,NEEDS_REVIEW,,e1d3e98077c3,无法明确归类，内容不确定或不属于以上四类
uci_00410,Message:some text missing* Sender:Name Missing* *Number Missing *Sent:Date missing *Missing U a lot thats y everything is missing sent via fullonsms.com,en,uci_sms_spam_collection_v1,ham,HARASS,,2ecb9bbcdeb3,骚扰类内容：包含成人/交友/催收/反复推销等扰民信息，无欺诈性质
uci_00411,Come by our room at some point so we can iron out the plan for this weekend,en,uci_sms_spam_collection_v1,ham,AD,,3ce8f58cd154,正规商业促销/广告内容，目的是推广商品或服务，无欺诈性质
uci_00412,Cos i want it to be your thing,en,uci_sms_spam_collection_v1,ham,NEEDS_REVIEW,,c9fe2c411dca,无法明确归类，内容不确定或不属于以上四类
uci_00413,"Okies... I'll go yan jiu too... We can skip ard oso, go cine den go mrt one, blah blah blah...",en,uci_sms_spam_collection_v1,ham,NEEDS_REVIEW,,d1c9ee268530,私人闲聊/日常问候，无业务或欺诈内容，属于UCI ham类个人消息
uci_00414,Bring home some Wendy =D,en,uci_sms_spam_collection_v1,ham,NEEDS_REVIEW,,bd4c71c69106,无法明确归类，内容不确定或不属于以上四类
uci_00415,100 dating service cal;l 09064012103 box334sk38ch,en,uci_sms_spam_collection_v1,spam,AD,,8a9fd713378f,正规商业促销/广告内容，目的是推广商品或服务，无欺诈性质
uci_00416,Whatsup there. Dont u want to sleep,en,uci_sms_spam_collection_v1,ham,NEEDS_REVIEW,,d5df1c86fcc5,无法明确归类，内容不确定或不属于以上四类
uci_00417,Alright i have a new goal now,en,uci_sms_spam_collection_v1,ham,NEEDS_REVIEW,,756cfc087a51,私人闲聊/日常问候，无业务或欺诈内容，属于UCI ham类个人消息
uci_00418,FREE entry into our ¡ê250 weekly competition just text the word WIN to 80086 NOW. 18 T&C www.txttowin.co.uk,en,uci_sms_spam_collection_v1,spam,NEEDS_REVIEW,,4ed7037bc2c1,私人闲聊/日常问候，无业务或欺诈内容，属于UCI ham类个人消息
uci_00419,"Alright, I'll head out in a few minutes, text me where to meet you",en,uci_sms_spam_collection_v1,ham,NEEDS_REVIEW,,3407dfefb2db,私人闲聊/日常问候，无业务或欺诈内容，属于UCI ham类个人消息
uci_00420,Send a logo 2 ur lover - 2 names joined by a heart. Txt LOVE NAME1 NAME2 MOBNO eg LOVE ADAM EVE 07123456789 to 87077 Yahoo! POBox36504W45WQ TxtNO 4 no ads 150p,en,uci_sms_spam_collection_v1,spam,NEEDS_REVIEW,,a69268ca5044,私人闲聊/日常问候，无业务或欺诈内容，属于UCI ham类个人消息
uci_00421,Yes:)from last week itself i'm taking live call.,en,uci_sms_spam_collection_v1,ham,NEEDS_REVIEW,,6900be5edb51,私人闲聊/日常问候，无业务或欺诈内容，属于UCI ham类个人消息
uci_00422,Someone has contacted our dating service and entered your phone because they fancy you! To find out who it is call from a landline 09111032124 . PoBox12n146tf150p,en,uci_sms_spam_collection_v1,spam,AD,,2a3988af97e1,正规商业促销/广告内容，目的是推广商品或服务，无欺诈性质
uci_00423,Siva is in hostel aha:-.,en,uci_sms_spam_collection_v1,ham,NEEDS_REVIEW,,50dbbfa8e6d9,无法明确归类，内容不确定或不属于以上四类
uci_00424,URGENT! Your Mobile number has been awarded with a ¡ê2000 prize GUARANTEED. Call 09058094455 from land line. Claim 3030. Valid 12hrs only,en,uci_sms_spam_collection_v1,spam,FRAUD,,97d9641a0632,虚假中奖/获奖信息，属于诈骗
uci_00425,Send this to ur friends and receive something about ur voice..... How is my speaking expression? 1.childish 2.naughty 3.Sentiment 4.rowdy 5.ful of attitude 6.romantic 7.shy 8.Attractive 9.funny  &lt;#&gt; .irritating  &lt;#&gt; .lovable. reply me..,en,uci_sms_spam_collection_v1,ham,NEEDS_REVIEW,,6c707488995d,无法明确归类，内容不确定或不属于以上四类
uci_00426,Ok. She'll be ok. I guess,en,uci_sms_spam_collection_v1,ham,NEEDS_REVIEW,,014d1a0bece4,私人闲聊/日常问候，无业务或欺诈内容，属于UCI ham类个人消息
uci_00427,aathi..where are you dear..,en,uci_sms_spam_collection_v1,ham,NEEDS_REVIEW,,cf5db01a5669,无法明确归类，内容不确定或不属于以上四类
uci_00428,Any pain on urination any thing else?,en,uci_sms_spam_collection_v1,ham,NEEDS_REVIEW,,dfc8f6883652,无法明确归类，内容不确定或不属于以上四类
uci_00429,7 at esplanade.. Do ¨¹ mind giving me a lift cos i got no car today..,en,uci_sms_spam_collection_v1,ham,NEEDS_REVIEW,,be91c48809e6,私人闲聊/日常问候，无业务或欺诈内容，属于UCI ham类个人消息
uci_00430,I wnt to buy a BMW car urgently..its vry urgent.but hv a shortage of  &lt;#&gt; Lacs.there is no source to arng dis amt. &lt;#&gt; lacs..thats my prob,en,uci_sms_spam_collection_v1,ham,NEEDS_REVIEW,,91d2e9075b42,私人闲聊/日常问候，无业务或欺诈内容，属于UCI ham类个人消息
uci_00431,At home watching tv lor.,en,uci_sms_spam_collection_v1,ham,NEEDS_REVIEW,,93e1ccb211f0,无法明确归类，内容不确定或不属于以上四类
uci_00432,Does she usually take fifteen fucking minutes to respond to a yes or no question,en,uci_sms_spam_collection_v1,ham,NEEDS_REVIEW,,4b199d8bf5e5,私人闲聊/日常问候，无业务或欺诈内容，属于UCI ham类个人消息
uci_00433,Congrats! Nokia 3650 video camera phone is your Call 09066382422 Calls cost 150ppm Ave call 3mins vary from mobiles 16+ Close 300603 post BCM4284 Ldn WC1N3XX,en,uci_sms_spam_collection_v1,spam,NEEDS_REVIEW,,4bf59461f7a9,私人闲聊/日常问候，无业务或欺诈内容，属于UCI ham类个人消息
uci_00434,Booked ticket for pongal?,en,uci_sms_spam_collection_v1,ham,NEEDS_REVIEW,,30181ebab37f,私人闲聊/日常问候，无业务或欺诈内容，属于UCI ham类个人消息
uci_00435,You available now? I'm like right around hillsborough &amp;  &lt;#&gt; th,en,uci_sms_spam_collection_v1,ham,NEEDS_REVIEW,,d114806560f4,私人闲聊/日常问候，无业务或欺诈内容，属于UCI ham类个人消息
uci_00436,The message sent is askin for  &lt;#&gt; dollars. Shoul i pay  &lt;#&gt;  or  &lt;#&gt; ?,en,uci_sms_spam_collection_v1,ham,HARASS,,393ac9476c4a,骚扰类内容：包含成人/交友/催收/反复推销等扰民信息，无欺诈性质
uci_00437,"Ask g or iouri, I've told the story like ten times already",en,uci_sms_spam_collection_v1,ham,NEEDS_REVIEW,,91ea68ae57b8,无法明确归类，内容不确定或不属于以上四类
uci_00438,How long does applebees fucking take,en,uci_sms_spam_collection_v1,ham,AD,,c3b895f5b7c7,正规商业促销/广告内容，目的是推广商品或服务，无欺诈性质
uci_00439,"Hi hope u get this txt~journey hasnt been gd,now about 50 mins late I think.",en,uci_sms_spam_collection_v1,ham,NEEDS_REVIEW,,7a2bb3558c26,私人闲聊/日常问候，无业务或欺诈内容，属于UCI ham类个人消息
uci_00440,But i have to. I like to have love and arrange.,en,uci_sms_spam_collection_v1,ham,NEEDS_REVIEW,,b84544e360b2,无法明确归类，内容不确定或不属于以上四类
uci_00441,Yes..he is really great..bhaji told kallis best cricketer after sachin in world:).very tough to get out.,en,uci_sms_spam_collection_v1,ham,NEEDS_REVIEW,,0f5f3fcabd05,私人闲聊/日常问候，无业务或欺诈内容，属于UCI ham类个人消息
uci_00442,You were supposed to wake ME up &gt;:(,en,uci_sms_spam_collection_v1,ham,NEEDS_REVIEW,,88b34ebe0210,无法明确归类，内容不确定或不属于以上四类
uci_00443,Oic... I saw him too but i tot he din c me... I found a group liao...,en,uci_sms_spam_collection_v1,ham,NEEDS_REVIEW,,6872efe68cd8,无法明确归类，内容不确定或不属于以上四类
uci_00444,"Sorry, I'll call later",en,uci_sms_spam_collection_v1,ham,NEEDS_REVIEW,,d5081f7715ce,私人闲聊/日常问候，无业务或欺诈内容，属于UCI ham类个人消息
uci_00445,"""HEY HEY WERETHE MONKEESPEOPLE SAY WE MONKEYAROUND! HOWDY GORGEOUS, HOWU DOIN? FOUNDURSELF A JOBYET SAUSAGE?LOVE JEN XXX""",en,uci_sms_spam_collection_v1,ham,NEEDS_REVIEW,qa_fix_v1,061568a6bebb,[fix:adult-or-secret-admirer NEEDS_REVIEW->HARASS] 无法明确归类，内容不确定或不属于以上四类 [fix:revert-ham-kisses-xxx HARASS->NEEDS_REVIEW]
uci_00446,"Sorry, my battery died, I can come by but I'm only getting a gram for now, where's your place?",en,uci_sms_spam_collection_v1,ham,NEEDS_REVIEW,,ff78278debad,私人闲聊/日常问候，无业务或欺诈内容，属于UCI ham类个人消息
uci_00447,"Well done, blimey, exercise, yeah, i kinda remember wot that is, hmm.",en,uci_sms_spam_collection_v1,ham,NEEDS_REVIEW,,6719641c595a,无法明确归类，内容不确定或不属于以上四类
uci_00448,I wont get concentration dear you know you are my mind and everything :-),en,uci_sms_spam_collection_v1,ham,NEEDS_REVIEW,,55f37e76038d,私人闲聊/日常问候，无业务或欺诈内容，属于UCI ham类个人消息
uci_00449,LOL ... Have you made plans for new years?,en,uci_sms_spam_collection_v1,ham,NEEDS_REVIEW,,639a1a5fbedf,私人闲聊/日常问候，无业务或欺诈内容，属于UCI ham类个人消息
uci_00450,10 min later k...,en,uci_sms_spam_collection_v1,ham,NEEDS_REVIEW,,df0e908cf1cb,私人闲聊/日常问候，无业务或欺诈内容，属于UCI ham类个人消息
uci_00451,hanks lotsly!,en,uci_sms_spam_collection_v1,ham,NEEDS_REVIEW,,c5be5ed582ee,无法明确归类，内容不确定或不属于以上四类
uci_00452,Thanks for this hope you had a good day today,en,uci_sms_spam_collection_v1,ham,NEEDS_REVIEW,,df91b7d25d22,私人闲聊/日常问候，无业务或欺诈内容，属于UCI ham类个人消息
uci_00453,K:)k:)what are detail you want to transfer?acc no enough?,en,uci_sms_spam_collection_v1,ham,NEEDS_REVIEW,,a20c29b8cb7d,私人闲聊/日常问候，无业务或欺诈内容，属于UCI ham类个人消息
uci_00454,Ok i will tell her to stay out. Yeah its been tough but we are optimistic things will improve this month.,en,uci_sms_spam_collection_v1,ham,NEEDS_REVIEW,,0ed07ab548d7,私人闲聊/日常问候，无业务或欺诈内容，属于UCI ham类个人消息
uci_00455,"Loan for any purpose ¡ê500 - ¡ê75,000. Homeowners + Tenants welcome. Have you been previously refused? We can still help. Call Free 0800 1956669 or text back 'help'",en,uci_sms_spam_collection_v1,spam,HARASS,,5cb9262d83ee,骚扰类内容：包含成人/交友/催收/反复推销等扰民信息，无欺诈性质
uci_00456,Si si. I think ill go make those oreo truffles.,en,uci_sms_spam_collection_v1,ham,NEEDS_REVIEW,,15e9f337c70c,无法明确归类，内容不确定或不属于以上四类
uci_00457,"LOOK AT AMY URE A BEAUTIFUL, INTELLIGENT WOMAN AND I LIKE U A LOT. I KNOW U DON?T LIKE ME LIKE THAT SO DON?T WORRY.",en,uci_sms_spam_collection_v1,ham,NEEDS_REVIEW,,fde192d11f99,私人闲聊/日常问候，无业务或欺诈内容，属于UCI ham类个人消息
uci_00458,I hope you that's the result of being consistently intelligent and kind. Start asking him about practicum links and keep your ears open and all the best. ttyl,en,uci_sms_spam_collection_v1,ham,NEEDS_REVIEW,,6772aced56a3,无法明确归类，内容不确定或不属于以上四类
uci_00459,"1.20 that call cost. Which i guess isnt bad. Miss ya, need ya, want ya, love ya",en,uci_sms_spam_collection_v1,ham,HARASS,,66c303f598e8,骚扰类内容：包含成人/交友/催收/反复推销等扰民信息，无欺诈性质
uci_00460,Going thru a very different feeling.wavering decisions and coping up with the same is the same individual.time will heal everything i believe.,en,uci_sms_spam_collection_v1,ham,NEEDS_REVIEW,,071aea0ed0b4,无法明确归类，内容不确定或不属于以上四类
uci_00461,Where did u go? My phone is gonna die you have to stay in here,en,uci_sms_spam_collection_v1,ham,NEEDS_REVIEW,,cc69bf034ec1,无法明确归类，内容不确定或不属于以上四类
uci_00462,Great. Never been better. Each day gives even more reasons to thank God,en,uci_sms_spam_collection_v1,ham,NEEDS_REVIEW,,8a164d609f95,无法明确归类，内容不确定或不属于以上四类
uci_00463,"UpgrdCentre Orange customer, you may now claim your FREE CAMERA PHONE upgrade for your loyalty. Call now on 0207 153 9153. Offer ends 26th July. T&C's apply. Opt-out available",en,uci_sms_spam_collection_v1,spam,NEEDS_REVIEW,,c68a8c1e1313,私人闲聊/日常问候，无业务或欺诈内容，属于UCI ham类个人消息
uci_00464,"Sorry, I'll call later ok bye",en,uci_sms_spam_collection_v1,ham,NEEDS_REVIEW,,fb3c9b5fe223,私人闲聊/日常问候，无业务或欺诈内容，属于UCI ham类个人消息
uci_00465,Ok i am on the way to railway,en,uci_sms_spam_collection_v1,ham,NEEDS_REVIEW,,a3d5d2da97a3,私人闲聊/日常问候，无业务或欺诈内容，属于UCI ham类个人消息
uci_00466,great princess! I love giving and receiving oral. Doggy style is my fave position. How about you? I enjoy making love  &lt;#&gt;  times per night :),en,uci_sms_spam_collection_v1,ham,NEEDS_REVIEW,,3348035094a9,无法明确归类，内容不确定或不属于以上四类
uci_00467,They don't put that stuff on the roads to keep it from getting slippery over there?,en,uci_sms_spam_collection_v1,ham,NEEDS_REVIEW,,095f9a65c3b7,无法明确归类，内容不确定或不属于以上四类
uci_00468,When are you going to ride your bike?,en,uci_sms_spam_collection_v1,ham,NEEDS_REVIEW,,48f1cef4bee8,无法明确归类，内容不确定或不属于以上四类
uci_00469,"Yup, no need. I'll jus wait 4 e rain 2 stop.",en,uci_sms_spam_collection_v1,ham,NEEDS_REVIEW,,46e82c127e87,私人闲聊/日常问候，无业务或欺诈内容，属于UCI ham类个人消息
uci_00470,There are many company. Tell me the language.,en,uci_sms_spam_collection_v1,ham,NEEDS_REVIEW,,e2a1136c959d,无法明确归类，内容不确定或不属于以上四类
uci_00471,okmail: Dear Dave this is your final notice to collect your 4* Tenerife Holiday or #5000 CASH award! Call 09061743806 from landline. TCs SAE Box326 CW25WX 150ppm,en,uci_sms_spam_collection_v1,spam,NEEDS_REVIEW,,468624a1ca38,私人闲聊/日常问候，无业务或欺诈内容，属于UCI ham类个人消息
uci_00472,"How long has it been since you screamed, princess?",en,uci_sms_spam_collection_v1,ham,NEEDS_REVIEW,,74d3aaca0688,无法明确归类，内容不确定或不属于以上四类
uci_00473,"Nothing. I meant that once the money enters your account here, the bank will remove its flat rate. Someone transfered  &lt;#&gt;  to my account and  &lt;#&gt; dollars got removed. So the banks differ and charges also differ.be sure you trust the 9ja person you are sending account details to cos...",en,uci_sms_spam_collection_v1,ham,NEEDS_REVIEW,,0149deef3be6,私人闲聊/日常问候，无业务或欺诈内容，属于UCI ham类个人消息
uci_00474,Want 2 get laid tonight? Want real Dogging locations sent direct 2 ur Mob? Join the UK's largest Dogging Network by txting MOAN to 69888Nyt. ec2a. 31p.msg@150p,en,uci_sms_spam_collection_v1,spam,HARASS,qa_fix_v1,29a6c0e35ef9,[fix:adult-or-secret-admirer NEEDS_REVIEW->HARASS] 私人闲聊/日常问候，无业务或欺诈内容，属于UCI ham类个人消息
uci_00475,Nice line said by a broken heart- Plz don't cum 1 more times infront of me... Other wise once again I ll trust U... Good 9t:),en,uci_sms_spam_collection_v1,ham,NEEDS_REVIEW,,6a8baf27ec37,私人闲聊/日常问候，无业务或欺诈内容，属于UCI ham类个人消息
uci_00476,Ok I'm gonna head up to usf in like fifteen minutes,en,uci_sms_spam_collection_v1,ham,NEEDS_REVIEW,,a20045743230,私人闲聊/日常问候，无业务或欺诈内容，属于UCI ham类个人消息
uci_00477,Love you aathi..love u lot..,en,uci_sms_spam_collection_v1,ham,NEEDS_REVIEW,,2b5eb7b6cae1,私人闲聊/日常问候，无业务或欺诈内容，属于UCI ham类个人消息
uci_00478,Tension ah?what machi?any problem?,en,uci_sms_spam_collection_v1,ham,NEEDS_REVIEW,,1505c92429f2,无法明确归类，内容不确定或不属于以上四类
uci_00479,"K, can I pick up another 8th when you're done?",en,uci_sms_spam_collection_v1,ham,NEEDS_REVIEW,,e12634b3e35f,私人闲聊/日常问候，无业务或欺诈内容，属于UCI ham类个人消息
uci_00480,When're you guys getting back? G said you were thinking about not staying for mcr,en,uci_sms_spam_collection_v1,ham,NEEDS_REVIEW,,3e832b3401f3,私人闲聊/日常问候，无业务或欺诈内容，属于UCI ham类个人消息
uci_00481,"Almost there, see u in a sec",en,uci_sms_spam_collection_v1,ham,NEEDS_REVIEW,,5e0465c60d2a,无法明确归类，内容不确定或不属于以上四类
uci_00482,"Yo carlos, a few friends are already asking me about you, you working at all this weekend?",en,uci_sms_spam_collection_v1,ham,NEEDS_REVIEW,,ae69ec99aae5,无法明确归类，内容不确定或不属于以上四类
uci_00483,Watching tv lor...,en,uci_sms_spam_collection_v1,ham,NEEDS_REVIEW,,fff8ceb5f5fc,无法明确归类，内容不确定或不属于以上四类
uci_00484,Thank you baby! I cant wait to taste the real thing...,en,uci_sms_spam_collection_v1,ham,NEEDS_REVIEW,,86e438ab1ce1,私人闲聊/日常问候，无业务或欺诈内容，属于UCI ham类个人消息
uci_00485,You should change your fb to jaykwon thuglyfe falconerf,en,uci_sms_spam_collection_v1,ham,FRAUD,,42fbf5bdd372,虚假中奖/获奖信息，属于诈骗
uci_00486,If we win its really no 1 side for long time.,en,uci_sms_spam_collection_v1,ham,NEEDS_REVIEW,,6692967ccf8f,私人闲聊/日常问候，无业务或欺诈内容，属于UCI ham类个人消息
uci_00487,"FREE MESSAGE Activate your 500 FREE Text Messages by replying to this message with the word FREE For terms & conditions, visit www.07781482378.com",en,uci_sms_spam_collection_v1,spam,HARASS,,0ba0618a4615,骚扰类内容：包含成人/交友/催收/反复推销等扰民信息，无欺诈性质
uci_00488,Dear reached railway. What happen to you,en,uci_sms_spam_collection_v1,ham,AD,,b5a84f95db7e,正规商业促销/广告内容，目的是推广商品或服务，无欺诈性质
uci_00489,"Depends on quality. If you want the type i sent boye, faded glory, then about 6. If you want ralphs maybe 2",en,uci_sms_spam_collection_v1,ham,NEEDS_REVIEW,,592751c29318,私人闲聊/日常问候，无业务或欺诈内容，属于UCI ham类个人消息
uci_00490,I think i've fixed it can you send a test message?,en,uci_sms_spam_collection_v1,ham,HARASS,,bca228ca8522,骚扰类内容：包含成人/交友/催收/反复推销等扰民信息，无欺诈性质
uci_00491,"Sorry man my account's dry or I would, if you want we could trade back half or I could buy some shit with my credit card",en,uci_sms_spam_collection_v1,ham,NEEDS_REVIEW,,80c1b6914a7b,无法明确归类，内容不确定或不属于以上四类
uci_00492,"Congrats! 1 year special cinema pass for 2 is yours. call 09061209465 now! C Suprman V, Matrix3, StarWars3, etc all 4 FREE! bx420-ip4-5we. 150pm. Dont miss out!",en,uci_sms_spam_collection_v1,spam,NEEDS_REVIEW,,eedcb588d9de,私人闲聊/日常问候，无业务或欺诈内容，属于UCI ham类个人消息
uci_00493,"Sorry,in meeting I'll call later",en,uci_sms_spam_collection_v1,ham,NEEDS_REVIEW,,b8dada72c4b3,私人闲聊/日常问候，无业务或欺诈内容，属于UCI ham类个人消息
uci_00494,What class of  &lt;#&gt;  reunion?,en,uci_sms_spam_collection_v1,ham,NEEDS_REVIEW,,35f0066ecf57,无法明确归类，内容不确定或不属于以上四类
uci_00495,Are you free now?can i call now?,en,uci_sms_spam_collection_v1,ham,NEEDS_REVIEW,,dfa0124d72a2,私人闲聊/日常问候，无业务或欺诈内容，属于UCI ham类个人消息
uci_00496,Got meh... When?,en,uci_sms_spam_collection_v1,ham,NEEDS_REVIEW,,f5630aee1eec,无法明确归类，内容不确定或不属于以上四类
uci_00497,Nope... Think i will go for it on monday... Sorry i replied so late,en,uci_sms_spam_collection_v1,ham,NEEDS_REVIEW,,2f38f1d55435,私人闲聊/日常问候，无业务或欺诈内容，属于UCI ham类个人消息
uci_00498,Some of them told accenture is not confirm. Is it true.,en,uci_sms_spam_collection_v1,ham,NEEDS_REVIEW,,12304d7a8890,私人闲聊/日常问候，无业务或欺诈内容，属于UCI ham类个人消息
uci_00499,"Kate jackson rec center before 7ish, right?",en,uci_sms_spam_collection_v1,ham,NEEDS_REVIEW,,d8571a094435,无法明确归类，内容不确定或不属于以上四类
uci_00500,Dear i have reache room,en,uci_sms_spam_collection_v1,ham,NEEDS_REVIEW,,fce1fa4b8f66,无法明确归类，内容不确定或不属于以上四类
uci_00501,"Fighting with the world is easy, u either win or lose bt fightng with some1 who is close to u is dificult if u lose - u lose if u win - u still lose.",en,uci_sms_spam_collection_v1,ham,NEEDS_REVIEW,,19b0b3d007e1,无法明确归类，内容不确定或不属于以上四类
uci_00502,When can ¨¹ come out?,en,uci_sms_spam_collection_v1,ham,NEEDS_REVIEW,,631a4689d22b,无法明确归类，内容不确定或不属于以上四类
uci_00503,Check with nuerologist.,en,uci_sms_spam_collection_v1,ham,NEEDS_REVIEW,,477b334270ba,无法明确归类，内容不确定或不属于以上四类
uci_00504,Lolnice. I went from a fish to ..water.?,en,uci_sms_spam_collection_v1,ham,NEEDS_REVIEW,,5c2cee681dc0,私人闲聊/日常问候，无业务或欺诈内容，属于UCI ham类个人消息
uci_00505,+123 Congratulations - in this week's competition draw u have won the ¡ê1450 prize to claim just call 09050002311 b4280703. T&Cs/stop SMS 08718727868. Over 18 only 150ppm,en,uci_sms_spam_collection_v1,spam,FRAUD,,ffb7b9796e09,虚假中奖/获奖信息，属于诈骗
uci_00506,No it's waiting in e car dat's bored wat. Cos wait outside got nothing 2 do. At home can do my stuff or watch tv wat.,en,uci_sms_spam_collection_v1,ham,NEEDS_REVIEW,,b1b8e8e4570d,私人闲聊/日常问候，无业务或欺诈内容，属于UCI ham类个人消息
uci_00507,"Maybe westshore or hyde park village, the place near my house?",en,uci_sms_spam_collection_v1,ham,NEEDS_REVIEW,,745a6ebf6284,私人闲聊/日常问候，无业务或欺诈内容，属于UCI ham类个人消息
uci_00508,You should know now. So how's anthony. Are you bringing money. I've school fees to pay and rent and stuff like that. Thats why i need your help. A friend in need....|,en,uci_sms_spam_collection_v1,ham,NEEDS_REVIEW,,fc5413a3bfcc,私人闲聊/日常问候，无业务或欺诈内容，属于UCI ham类个人消息
uci_00509,What's the significance?,en,uci_sms_spam_collection_v1,ham,NEEDS_REVIEW,,660fbcec1439,无法明确归类，内容不确定或不属于以上四类
uci_00510,Your opinion about me? 1. Over 2. Jada 3. Kusruthi 4. Lovable 5. Silent 6. Spl character 7. Not matured 8. Stylish 9. Simple Pls reply..,en,uci_sms_spam_collection_v1,ham,NEEDS_REVIEW,,c12d6b402956,私人闲聊/日常问候，无业务或欺诈内容，属于UCI ham类个人消息
uci_00511,"8 at the latest, g's still there if you can scrounge up some ammo and want to give the new ak a try",en,uci_sms_spam_collection_v1,ham,NEEDS_REVIEW,,77365446fed6,无法明确归类，内容不确定或不属于以上四类
uci_00512,Prabha..i'm soryda..realy..frm heart i'm sory,en,uci_sms_spam_collection_v1,ham,NEEDS_REVIEW,,99e5a0efad24,无法明确归类，内容不确定或不属于以上四类
uci_00513,Lol ok your forgiven :),en,uci_sms_spam_collection_v1,ham,NEEDS_REVIEW,,f93944bef247,私人闲聊/日常问候，无业务或欺诈内容，属于UCI ham类个人消息
uci_00514,No..jst change tat only..,en,uci_sms_spam_collection_v1,ham,NEEDS_REVIEW,,84cb42baa4fb,私人闲聊/日常问候，无业务或欺诈内容，属于UCI ham类个人消息
uci_00515,"You are guaranteed the latest Nokia Phone, a 40GB iPod MP3 player or a ¡ê500 prize! Txt word: COLLECT to No: 83355! IBHltd LdnW15H 150p/Mtmsgrcvd18+",en,uci_sms_spam_collection_v1,spam,NEEDS_REVIEW,,b77dca8a9a14,私人闲聊/日常问候，无业务或欺诈内容，属于UCI ham类个人消息
uci_00516,S:)no competition for him.,en,uci_sms_spam_collection_v1,ham,NEEDS_REVIEW,,cc25f2af45c1,私人闲聊/日常问候，无业务或欺诈内容，属于UCI ham类个人消息
uci_00517,Boltblue tones for 150p Reply POLY# or MONO# eg POLY3 1. Cha Cha Slide 2. Yeah 3. Slow Jamz 6. Toxic 8. Come With Me or STOP 4 more tones txt MORE,en,uci_sms_spam_collection_v1,spam,NEEDS_REVIEW,,4988a6810f15,私人闲聊/日常问候，无业务或欺诈内容，属于UCI ham类个人消息
uci_00518,Your credits have been topped up for http://www.bubbletext.com Your renewal Pin is tgxxrz,en,uci_sms_spam_collection_v1,spam,NEEDS_REVIEW,,fa8dd2e2899b,无法明确归类，内容不确定或不属于以上四类
uci_00519,"That way transport is less problematic than on sat night. By the way, if u want to ask  n  to join my bday, feel free. But need to know definite nos as booking on fri.",en,uci_sms_spam_collection_v1,ham,NEEDS_REVIEW,,c3e6ee1ad8ea,私人闲聊/日常问候，无业务或欺诈内容，属于UCI ham类个人消息
uci_00520,Usually the person is unconscious that's in children but in adults they may just behave abnormally. I.ll call you now,en,uci_sms_spam_collection_v1,ham,NEEDS_REVIEW,,6b1d752b866a,私人闲聊/日常问候，无业务或欺诈内容，属于UCI ham类个人消息
uci_00521,But that's on ebay it might be less elsewhere.,en,uci_sms_spam_collection_v1,ham,NEEDS_REVIEW,,3679f0d7f2c8,无法明确归类，内容不确定或不属于以上四类
uci_00522,Shall i come to get pickle,en,uci_sms_spam_collection_v1,ham,NEEDS_REVIEW,,cdead4402a3d,无法明确归类，内容不确定或不属于以上四类
uci_00523,Were gonna go get some tacos,en,uci_sms_spam_collection_v1,ham,NEEDS_REVIEW,,00690d3d087d,无法明确归类，内容不确定或不属于以上四类
uci_00524,"That's very rude, you on campus?",en,uci_sms_spam_collection_v1,ham,NEEDS_REVIEW,,69d2e248e0c3,无法明确归类，内容不确定或不属于以上四类
uci_00525,"URGENT!: Your Mobile No. was awarded a ¡ê2,000 Bonus Caller Prize on 02/09/03! This is our 2nd attempt to contact YOU! Call 0871-872-9755 BOX95QU",en,uci_sms_spam_collection_v1,spam,FRAUD,qa_fix_v1,dfa141e2aaa6,[fix:prize-claim-fraud NEEDS_REVIEW->FRAUD] 私人闲聊/日常问候，无业务或欺诈内容，属于UCI ham类个人消息
uci_00526,Hi i won't b ard 4 christmas. But do enjoy n merry x'mas.,en,uci_sms_spam_collection_v1,ham,FRAUD,,417bea29a46a,虚假中奖/获奖信息，属于诈骗
uci_00527,"Today's Offer! Claim ur ¡ê150 worth of discount vouchers! Text YES to 85023 now! SavaMob, member offers mobile! T Cs 08717898035. ¡ê3.00 Sub. 16 . Unsub reply X",en,uci_sms_spam_collection_v1,spam,NEEDS_REVIEW,,a897a8152f5e,私人闲聊/日常问候，无业务或欺诈内容，属于UCI ham类个人消息
uci_00528,Yes! How is a pretty lady like you single?,en,uci_sms_spam_collection_v1,ham,NEEDS_REVIEW,,0617aefcb966,私人闲聊/日常问候，无业务或欺诈内容，属于UCI ham类个人消息
uci_00529,You will recieve your tone within the next 24hrs. For Terms and conditions please see Channel U Teletext Pg 750,en,uci_sms_spam_collection_v1,spam,NEEDS_REVIEW,,19b885d2acc2,无法明确归类，内容不确定或不属于以上四类
uci_00530,Jay says that you're a double-faggot,en,uci_sms_spam_collection_v1,ham,NEEDS_REVIEW,,45d7896532ad,无法明确归类，内容不确定或不属于以上四类
uci_00531,PRIVATE! Your 2003 Account Statement for 07815296484 shows 800 un-redeemed S.I.M. points. Call 08718738001 Identifier Code 41782 Expires 18/11/04,en,uci_sms_spam_collection_v1,spam,FRAUD,,fabe2760eace,虚假积分/奖励兑换，属于诈骗
uci_00532,What Today-sunday..sunday is holiday..so no work..,en,uci_sms_spam_collection_v1,ham,NEEDS_REVIEW,,3d953d6687d9,私人闲聊/日常问候，无业务或欺诈内容，属于UCI ham类个人消息
uci_00533,Gudnite....tc...practice going on,en,uci_sms_spam_collection_v1,ham,NEEDS_REVIEW,,555aef7c613a,无法明确归类，内容不确定或不属于以上四类
uci_00534,I'll be late...,en,uci_sms_spam_collection_v1,ham,NEEDS_REVIEW,,289022aad605,无法明确归类，内容不确定或不属于以上四类
uci_00535,"I've not called you in a while. This is hoping it was l8r malaria and that you know that we miss you guys. I miss Bani big, so pls give her my love especially. Have a great day.",en,uci_sms_spam_collection_v1,ham,NEEDS_REVIEW,,b395ff3cc79b,私人闲聊/日常问候，无业务或欺诈内容，属于UCI ham类个人消息
uci_00536,"Good afternoon, my love! How goes that day ? I hope maybe you got some leads on a job. I think of you, boytoy and send you a passionate kiss from across the sea",en,uci_sms_spam_collection_v1,ham,NEEDS_REVIEW,,f45f54f78b7a,私人闲聊/日常问候，无业务或欺诈内容，属于UCI ham类个人消息
uci_00537,"Probably gonna be here for a while, see you later tonight &lt;)",en,uci_sms_spam_collection_v1,ham,NEEDS_REVIEW,,07e37bdd7dfa,私人闲聊/日常问候，无业务或欺诈内容，属于UCI ham类个人消息
uci_00538,Or maybe my fat fingers just press all these buttons and it doesn't know what to do.,en,uci_sms_spam_collection_v1,ham,NEEDS_REVIEW,,22b29a99fee6,私人闲聊/日常问候，无业务或欺诈内容，属于UCI ham类个人消息
uci_00539,Ummmmmaah Many many happy returns of d day my dear sweet heart.. HAPPY BIRTHDAY dear,en,uci_sms_spam_collection_v1,ham,AD,,2d9852cfdff1,正规商业促销/广告内容，目的是推广商品或服务，无欺诈性质
uci_00540,"I am in tirupur da, once you started from office call me.",en,uci_sms_spam_collection_v1,ham,HARASS,,f112da4a4896,骚扰类内容：包含成人/交友/催收/反复推销等扰民信息，无欺诈性质
uci_00541,from www.Applausestore.com MonthlySubscription@50p/msg max6/month T&CsC web age16 2stop txt stop,en,uci_sms_spam_collection_v1,spam,AD,,43328771d12a,正规商业促销/广告内容，目的是推广商品或服务，无欺诈性质
uci_00542,"A famous quote : when you develop the ability to listen to 'anything' unconditionally without losing your temper or self confidence, it means you are ......... 'MARRIED'",en,uci_sms_spam_collection_v1,ham,NEEDS_REVIEW,,0f04fb8ab837,无法明确归类，内容不确定或不属于以上四类
uci_00543,But am going to college pa. What to do. are else ill come there it self. Pa.,en,uci_sms_spam_collection_v1,ham,NEEDS_REVIEW,,8536b18fa4e4,无法明确归类，内容不确定或不属于以上四类
uci_00544,4 oclock at mine. Just to bash out a flat plan.,en,uci_sms_spam_collection_v1,ham,AD,,80fa420ecdb5,正规商业促销/广告内容，目的是推广商品或服务，无欺诈性质
uci_00545,This girl does not stay in bed. This girl doesn't need recovery time. Id rather pass out while having fun then be cooped up in bed,en,uci_sms_spam_collection_v1,ham,NEEDS_REVIEW,,b2e556062a32,私人闲聊/日常问候，无业务或欺诈内容，属于UCI ham类个人消息
uci_00546,Then any special there?,en,uci_sms_spam_collection_v1,ham,NEEDS_REVIEW,,1743cfbd0af5,无法明确归类，内容不确定或不属于以上四类
uci_00547,I know but you need to get hotel now. I just got my invitation but i had to apologise. Cali is to sweet for me to come to some english bloke's weddin,en,uci_sms_spam_collection_v1,ham,NEEDS_REVIEW,,e86c095c7aac,私人闲聊/日常问候，无业务或欺诈内容，属于UCI ham类个人消息
uci_00548,"Sorry that took so long, omw now",en,uci_sms_spam_collection_v1,ham,NEEDS_REVIEW,,bd45446a4527,私人闲聊/日常问候，无业务或欺诈内容，属于UCI ham类个人消息
uci_00549,Wait  &lt;#&gt;  min..,en,uci_sms_spam_collection_v1,ham,NEEDS_REVIEW,,48a2abc88520,无法明确归类，内容不确定或不属于以上四类
uci_00550,Ok give me 5 minutes I think I see her. BTW you're my alibi. You were cutting my hair the whole time.,en,uci_sms_spam_collection_v1,ham,NEEDS_REVIEW,,67471262a101,私人闲聊/日常问候，无业务或欺诈内容，属于UCI ham类个人消息
uci_00551,"Imagine you finally get to sink into that bath after I have put you through your paces, maybe even having you eat me for a while before I left ... But also imagine the feel of that cage on your cock surrounded by the bath water, reminding you always who owns you ... Enjoy, my cuck",en,uci_sms_spam_collection_v1,ham,NEEDS_REVIEW,,bc4e5ab15807,私人闲聊/日常问候，无业务或欺诈内容，属于UCI ham类个人消息
uci_00552,"Hurry up, I've been weed-deficient for like three days",en,uci_sms_spam_collection_v1,ham,NEEDS_REVIEW,,ef8887c6ab8d,无法明确归类，内容不确定或不属于以上四类
uci_00553,"Sure, if I get an acknowledgement from you that it's astoundingly tactless and generally faggy to demand a blood oath fo",en,uci_sms_spam_collection_v1,ham,NEEDS_REVIEW,,3142385467be,私人闲聊/日常问候，无业务或欺诈内容，属于UCI ham类个人消息
uci_00554,Ok. Every night take a warm bath drink a cup of milk and you'll see a work of magic. You still need to loose weight. Just so that you know,en,uci_sms_spam_collection_v1,ham,NEEDS_REVIEW,,e6553c230d7f,私人闲聊/日常问候，无业务或欺诈内容，属于UCI ham类个人消息
uci_00555,I¡®ll have a look at the frying pan in case it¡®s cheap or a book perhaps. No that¡®s silly a frying pan isn¡®t likely to be a book,en,uci_sms_spam_collection_v1,ham,NEEDS_REVIEW,,20a261ec7a2c,私人闲聊/日常问候，无业务或欺诈内容，属于UCI ham类个人消息
uci_00556,O. Well uv causes mutations. Sunscreen is like essential thesedays,en,uci_sms_spam_collection_v1,ham,NEEDS_REVIEW,,647b351a694d,无法明确归类，内容不确定或不属于以上四类
uci_00557,Having lunch:)you are not in online?why?,en,uci_sms_spam_collection_v1,ham,NEEDS_REVIEW,,903d580783cc,私人闲聊/日常问候，无业务或欺诈内容，属于UCI ham类个人消息
uci_00558,I know that my friend already told that.,en,uci_sms_spam_collection_v1,ham,NEEDS_REVIEW,,77eb98f79a01,私人闲聊/日常问候，无业务或欺诈内容，属于UCI ham类个人消息
uci_00559,Hi Princess! Thank you for the pics. You are very pretty. How are you?,en,uci_sms_spam_collection_v1,ham,NEEDS_REVIEW,,6d81a6ed9900,私人闲聊/日常问候，无业务或欺诈内容，属于UCI ham类个人消息
uci_00560,"Aiyo... U always c our ex one... I dunno abt mei, she haven reply... First time u reply so fast... Y so lucky not workin huh, got bao by ur sugardad ah...gee..",en,uci_sms_spam_collection_v1,ham,NEEDS_REVIEW,,b7ffe0f8d1bb,私人闲聊/日常问候，无业务或欺诈内容，属于UCI ham类个人消息
uci_00561,Hi msg me:)i'm in office..,en,uci_sms_spam_collection_v1,ham,NEEDS_REVIEW,,3980c4af309f,无法明确归类，内容不确定或不属于以上四类
uci_00562,Thanx 4 e brownie it's v nice...,en,uci_sms_spam_collection_v1,ham,NEEDS_REVIEW,,f22af83c0bbe,无法明确归类，内容不确定或不属于以上四类
uci_00563,Geeeee ... I love you so much I can barely stand it,en,uci_sms_spam_collection_v1,ham,NEEDS_REVIEW,,8744b2f7633d,私人闲聊/日常问候，无业务或欺诈内容，属于UCI ham类个人消息
uci_00564,GENT! We are trying to contact you. Last weekends draw shows that you won a ¡ê1000 prize GUARANTEED. Call 09064012160. Claim Code K52. Valid 12hrs only. 150ppm,en,uci_sms_spam_collection_v1,spam,FRAUD,,e9ec92d192eb,虚假中奖/获奖信息，属于诈骗
uci_00565,"Fuck babe ... I miss you already, you know ? Can't you let me send you some money towards your net ? I need you ... I want you ... I crave you ...",en,uci_sms_spam_collection_v1,ham,NEEDS_REVIEW,,4bc050243d52,私人闲聊/日常问候，无业务或欺诈内容，属于UCI ham类个人消息
uci_00566,"Ill call u 2mrw at ninish, with my address that icky American freek wont stop callin me 2 bad Jen k eh?",en,uci_sms_spam_collection_v1,ham,FRAUD,,8b77b4853539,虚假中奖/获奖信息，属于诈骗
uci_00567,Oooh bed ridden ey? What are YOU thinking of?,en,uci_sms_spam_collection_v1,ham,NEEDS_REVIEW,,81c4a7807a61,无法明确归类，内容不确定或不属于以上四类
uci_00568,"So anyways, you can just go to your gym or whatever, my love *smiles* I hope your ok and having a good day babe ... I miss you so much already",en,uci_sms_spam_collection_v1,ham,NEEDS_REVIEW,,7a5046d002c1,私人闲聊/日常问候，无业务或欺诈内容，属于UCI ham类个人消息
uci_00569,Love it! Daddy will make you scream with pleasure! I am going to slap your ass with my dick!,en,uci_sms_spam_collection_v1,ham,NEEDS_REVIEW,,4f50e959389f,无法明确归类，内容不确定或不属于以上四类
uci_00570,WOT U WANNA DO THEN MISSY?,en,uci_sms_spam_collection_v1,ham,NEEDS_REVIEW,,2ca805a0334d,无法明确归类，内容不确定或不属于以上四类
uci_00571,Yar lor wait 4 my mum 2 finish sch then have lunch lor... I whole morning stay at home clean my room now my room quite clean... Hee...,en,uci_sms_spam_collection_v1,ham,NEEDS_REVIEW,,c094b8380453,私人闲聊/日常问候，无业务或欺诈内容，属于UCI ham类个人消息
uci_00572,Do you know where my lab goggles went,en,uci_sms_spam_collection_v1,ham,NEEDS_REVIEW,,5217b29407d6,私人闲聊/日常问候，无业务或欺诈内容，属于UCI ham类个人消息
uci_00573,Can you open the door?,en,uci_sms_spam_collection_v1,ham,NEEDS_REVIEW,,22774ec99bf0,无法明确归类，内容不确定或不属于以上四类
uci_00574,Waiting for your call.,en,uci_sms_spam_collection_v1,ham,HARASS,,548c65f18771,骚扰类内容：包含成人/交友/催收/反复推销等扰民信息，无欺诈性质
uci_00575,Nope i waiting in sch 4 daddy...,en,uci_sms_spam_collection_v1,ham,NEEDS_REVIEW,,95d9899c7ed6,私人闲聊/日常问候，无业务或欺诈内容，属于UCI ham类个人消息
uci_00576,"You have won ?1,000 cash or a ?2,000 prize! To claim, call09050000327",en,uci_sms_spam_collection_v1,spam,FRAUD,,5714ae640462,虚假中奖/获奖信息，属于诈骗
uci_00577,"I'm tired of arguing with you about this week after week. Do what you want and from now on, i'll do the same.",en,uci_sms_spam_collection_v1,ham,NEEDS_REVIEW,,d370e407d46a,私人闲聊/日常问候，无业务或欺诈内容，属于UCI ham类个人消息
uci_00578,¨¹ wait 4 me in sch i finish ard 5..,en,uci_sms_spam_collection_v1,ham,NEEDS_REVIEW,,c6c6ab0f0407,无法明确归类，内容不确定或不属于以上四类
uci_00579,"our mobile number has won ¡ê5000, to claim calls us back or ring the claims hot line on 09050005321.",en,uci_sms_spam_collection_v1,spam,FRAUD,,a6bf9cb06769,虚假中奖/获奖信息，属于诈骗
uci_00580,"Arngd marriage is while u r walkin unfortuntly a snake bites u. bt love marriage is dancing in frnt of d snake &amp; sayin Bite me, bite me.",en,uci_sms_spam_collection_v1,ham,NEEDS_REVIEW,,ae3ca3ce5426,无法明确归类，内容不确定或不属于以上四类
uci_00581,Huh so early.. Then ¨¹ having dinner outside izzit?,en,uci_sms_spam_collection_v1,ham,NEEDS_REVIEW,,df6d47efebb1,无法明确归类，内容不确定或不属于以上四类
uci_00582,Ok anyway no need to change with what you said,en,uci_sms_spam_collection_v1,ham,NEEDS_REVIEW,,ce8aa61e4174,私人闲聊/日常问候，无业务或欺诈内容，属于UCI ham类个人消息
uci_00583,We tried to contact you re your reply to our offer of 750 mins 150 textand a new video phone call 08002988890 now or reply for free delivery tomorrow,en,uci_sms_spam_collection_v1,spam,NEEDS_REVIEW,,c104221dccbe,私人闲聊/日常问候，无业务或欺诈内容，属于UCI ham类个人消息
uci_00584,my ex-wife was not able to have kids. Do you want kids one day?,en,uci_sms_spam_collection_v1,ham,NEEDS_REVIEW,,a6757ed8e5ad,私人闲聊/日常问候，无业务或欺诈内容，属于UCI ham类个人消息
uci_00585,So how's scotland. Hope you are not over showing your JJC tendencies. Take care. Live the dream,en,uci_sms_spam_collection_v1,ham,NEEDS_REVIEW,,bc6ee2316e78,私人闲聊/日常问候，无业务或欺诈内容，属于UCI ham类个人消息
uci_00586,Tell them u have a headache and just want to use 1 hour of sick time.,en,uci_sms_spam_collection_v1,ham,NEEDS_REVIEW,,fd7607e95c6c,无法明确归类，内容不确定或不属于以上四类
uci_00587,"I dun thk i'll quit yet... Hmmm, can go jazz ? Yogasana oso can... We can go meet em after our lessons den...",en,uci_sms_spam_collection_v1,ham,NEEDS_REVIEW,,2c1d476f88dc,私人闲聊/日常问候，无业务或欺诈内容，属于UCI ham类个人消息
uci_00588,"""Pete can you please ring meive hardly gotany credit""",en,uci_sms_spam_collection_v1,ham,NEEDS_REVIEW,,facc73317eaf,无法明确归类，内容不确定或不属于以上四类
uci_00589,Ya srsly better than yi tho,en,uci_sms_spam_collection_v1,ham,NEEDS_REVIEW,,2bf2eb1246c8,无法明确归类，内容不确定或不属于以上四类
uci_00590,"I'm in a meeting, call me later at",en,uci_sms_spam_collection_v1,ham,NEEDS_REVIEW,,359f150b6411,私人闲聊/日常问候，无业务或欺诈内容，属于UCI ham类个人消息
uci_00591,"For ur chance to win a ¡ê250 wkly shopping spree TXT: SHOP to 80878. T's&C's www.txt-2-shop.com custcare 08715705022, 1x150p/wk",en,uci_sms_spam_collection_v1,spam,NEEDS_REVIEW,,283f3bbd46f6,无法明确归类，内容不确定或不属于以上四类
uci_00592,You have been specially selected to receive a 2000 pound award! Call 08712402050 BEFORE the lines close. Cost 10ppm. 16+. T&Cs apply. AG Promo,en,uci_sms_spam_collection_v1,spam,AD,,b2a8ae22b80b,正规商业促销/广告内容，目的是推广商品或服务，无欺诈性质
uci_00593,PRIVATE! Your 2003 Account Statement for 07753741225 shows 800 un-redeemed S. I. M. points. Call 08715203677 Identifier Code: 42478 Expires 24/10/04,en,uci_sms_spam_collection_v1,spam,FRAUD,,fabe2760eace,虚假积分/奖励兑换，属于诈骗
uci_00594,You still at grand prix?,en,uci_sms_spam_collection_v1,ham,NEEDS_REVIEW,,82d9e3f141cb,无法明确归类，内容不确定或不属于以上四类
uci_00595,"I met you as a stranger and choose you as my friend. As long as the world stands, our friendship never ends. Lets be Friends forever!!! Gud nitz...",en,uci_sms_spam_collection_v1,ham,NEEDS_REVIEW,,3aa5287489b6,无法明确归类，内容不确定或不属于以上四类
uci_00596,I am great! How are you?,en,uci_sms_spam_collection_v1,ham,NEEDS_REVIEW,,f3d5fa2410f7,私人闲聊/日常问候，无业务或欺诈内容，属于UCI ham类个人消息
uci_00597,Gud mrng dear have a nice day,en,uci_sms_spam_collection_v1,ham,NEEDS_REVIEW,,bea0c5cece21,无法明确归类，内容不确定或不属于以上四类
uci_00598,You have an important customer service announcement. Call FREEPHONE 0800 542 0825 now!,en,uci_sms_spam_collection_v1,spam,NEEDS_REVIEW,,004b4d58694d,私人闲聊/日常问候，无业务或欺诈内容，属于UCI ham类个人消息
uci_00599,Will do. Was exhausted on train this morning. Too much wine and pie. You sleep well too,en,uci_sms_spam_collection_v1,ham,NEEDS_REVIEW,,1d8d1b117990,无法明确归类，内容不确定或不属于以上四类
uci_00600,I'm going out to buy mum's present ar.,en,uci_sms_spam_collection_v1,ham,NEEDS_REVIEW,,8b83b609519a,私人闲聊/个人对话
uci_00601,Mind blastin.. No more Tsunamis will occur from now on.. Rajnikant stopped swimming in Indian Ocean..:-D,en,uci_sms_spam_collection_v1,ham,NEEDS_REVIEW,,1266b816fe23,私人闲聊/个人对话
uci_00602,If u sending her home first it's ok lor. I'm not ready yet.,en,uci_sms_spam_collection_v1,ham,NEEDS_REVIEW,,5f674d743ba4,私人闲聊/个人对话
uci_00603,Speaking of does he have any cash yet?,en,uci_sms_spam_collection_v1,ham,NEEDS_REVIEW,,76f2db1411f1,私人闲聊/个人对话
uci_00604,Be happy there. I will come after noon,en,uci_sms_spam_collection_v1,ham,NEEDS_REVIEW,,bd6ab3bc1aba,私人闲聊/个人对话
uci_00605,Meet after lunch la...,en,uci_sms_spam_collection_v1,ham,NEEDS_REVIEW,,1c273d1fcc45,私人闲聊/个人对话
uci_00606,TaKe CaRE n gET WeLL sOOn,en,uci_sms_spam_collection_v1,ham,NEEDS_REVIEW,,83c4234cfa8f,私人闲聊/个人对话
uci_00607,XCLUSIVE@CLUBSAISAI 2MOROW 28/5 SOIREE SPECIALE ZOUK WITH NICHOLS FROM PARIS.FREE ROSES 2 ALL LADIES !!! info: 07946746291/07880867867,en,uci_sms_spam_collection_v1,spam,AD,,3e349fb942bb,活动/俱乐部推广
uci_00608,what I meant to say is cant wait to see u again getting bored of this bridgwater banter,en,uci_sms_spam_collection_v1,ham,NEEDS_REVIEW,,7c3821654d83,私人闲聊/个人对话
uci_00609,Neva mind it's ok..,en,uci_sms_spam_collection_v1,ham,NEEDS_REVIEW,,2077cd961ada,私人闲聊/个人对话
uci_00610,"It's fine, imma get a drink or somethin. Want me to come find you?",en,uci_sms_spam_collection_v1,ham,NEEDS_REVIEW,,bfdb48ed5cf2,私人闲聊/个人对话
uci_00611,22 days to kick off! For Euro2004 U will be kept up to date with the latest news and results daily. To be removed send GET TXT STOP to 83222,en,uci_sms_spam_collection_v1,spam,AD,,ec14faab1666,通过短信订阅付费服务
uci_00612,Its a valentine game. . . Send dis msg to all ur friends. .. If 5 answers r d same then someone really loves u. Ques- which colour suits me the best?rply me,en,uci_sms_spam_collection_v1,ham,NEEDS_REVIEW,,eb5e49262f0d,私人闲聊/个人对话
uci_00613,I have many dependents,en,uci_sms_spam_collection_v1,ham,NEEDS_REVIEW,,a801929bf541,私人闲聊/个人对话
uci_00614,THANX4 TODAY CER IT WAS NICE 2 CATCH UP BUT WE AVE 2 FIND MORE TIME MORE OFTEN OH WELL TAKE CARE C U SOON.C,en,uci_sms_spam_collection_v1,ham,NEEDS_REVIEW,,5d92c1c9f9f2,私人闲聊/个人对话
uci_00615,I called and said all to him:)then he have to choose this future.,en,uci_sms_spam_collection_v1,ham,NEEDS_REVIEW,,043b2615701f,私人闲聊/个人对话
uci_00616,"""Happy valentines day"" I know its early but i have hundreds of handsomes and beauties to wish. So i thought to finish off aunties and uncles 1st...",en,uci_sms_spam_collection_v1,ham,NEEDS_REVIEW,,b65289855992,私人闲聊/个人对话
uci_00617,He like not v shock leh. Cos telling shuhui is like telling leona also. Like dat almost all know liao. He got ask me abt ur reaction lor.,en,uci_sms_spam_collection_v1,ham,NEEDS_REVIEW,,8f40a6fa6679,私人闲聊/个人对话
uci_00618,For my family happiness..,en,uci_sms_spam_collection_v1,ham,NEEDS_REVIEW,,b25802812970,私人闲聊/个人对话
uci_00619,I come n pick ¨¹ up... Come out immediately aft ur lesson...,en,uci_sms_spam_collection_v1,ham,NEEDS_REVIEW,,3190265b1602,私人闲聊/个人对话
uci_00620,Let there be snow. Let there be snow. This kind of weather brings ppl together so friendships can grow.,en,uci_sms_spam_collection_v1,ham,NEEDS_REVIEW,,38ff456e2f5d,私人闲聊/个人对话
uci_00621,Dear we got  &lt;#&gt;  dollars hi hi,en,uci_sms_spam_collection_v1,ham,NEEDS_REVIEW,,54c4aaf34d71,私人闲聊/个人对话
uci_00622,Good words.... But words may leave u in dismay many times.,en,uci_sms_spam_collection_v1,ham,NEEDS_REVIEW,,dcc32e000a42,私人闲聊/个人对话
uci_00623,MAKE SURE ALEX KNOWS HIS BIRTHDAY IS OVER IN FIFTEEN MINUTES AS FAR AS YOU'RE CONCERNED,en,uci_sms_spam_collection_v1,ham,NEEDS_REVIEW,,8d7aa3976692,私人闲聊/个人对话
uci_00624,"sorry, no, have got few things to do. may be in pub later.",en,uci_sms_spam_collection_v1,ham,NEEDS_REVIEW,,01b6a956ca66,私人闲聊/个人对话
uci_00625,"Nah it's straight, if you can just bring bud or drinks or something that's actually a little more useful than straight cash",en,uci_sms_spam_collection_v1,ham,NEEDS_REVIEW,,1eb779627ad0,私人闲聊/个人对话
uci_00626,"Haha good to hear, I'm officially paid and on the market for an 8th",en,uci_sms_spam_collection_v1,ham,NEEDS_REVIEW,,6a9af712bb10,私人闲聊/个人对话
uci_00627,How many licks does it take to get to the center of a tootsie pop?,en,uci_sms_spam_collection_v1,ham,NEEDS_REVIEW,,f2354540744d,私人闲聊/个人对话
uci_00628,Yup i thk they r e teacher said that will make my face look longer. Darren ask me not 2 cut too short.,en,uci_sms_spam_collection_v1,ham,NEEDS_REVIEW,,7183c8557b5f,私人闲聊/个人对话
uci_00629,New TEXTBUDDY Chat 2 horny guys in ur area 4 just 25p Free 2 receive Search postcode or at gaytextbuddy.com. TXT ONE name to 89693,en,uci_sms_spam_collection_v1,spam,HARASS,,d09ca81770e3,成人/色情骚扰短信
uci_00630,Todays Vodafone numbers ending with 4882 are selected to a receive a ¡ê350 award. If your number matches call 09064019014 to receive your ¡ê350 award.,en,uci_sms_spam_collection_v1,spam,FRAUD,,6be06fb7c32b,虚假中奖骗取拨打高费率电话
uci_00631,Please dont say like that. Hi hi hi,en,uci_sms_spam_collection_v1,ham,NEEDS_REVIEW,,78a1b70c95e4,私人闲聊/个人对话
uci_00632,Thank u!,en,uci_sms_spam_collection_v1,ham,NEEDS_REVIEW,,70d9d4862961,私人闲聊/个人对话
uci_00633,Oh that was a forwarded message. I thought you send that to me,en,uci_sms_spam_collection_v1,ham,NEEDS_REVIEW,,1e4b3f79bcab,私人闲聊/个人对话
uci_00634,Got it. Seventeen pounds for seven hundred ml ¨C hope ok.,en,uci_sms_spam_collection_v1,ham,NEEDS_REVIEW,,0334a3031636,私人闲聊/个人对话
uci_00635,"Dear Voucher Holder, 2 claim this weeks offer, at your PC go to http://www.e-tlp.co.uk/expressoffer Ts&Cs apply.2 stop texts txt STOP to 80062.",en,uci_sms_spam_collection_v1,spam,AD,qa_fix_v1,3044bd54d41c,[fix:commercial-promo-not-fraud FRAUD->AD] 虚假优惠券骗取回复
uci_00636,Me n him so funny...,en,uci_sms_spam_collection_v1,ham,NEEDS_REVIEW,,35f53966576c,私人闲聊/个人对话
uci_00637,"Sweetheart, hope you are not having that kind of day! Have one with loads of reasons to smile. Biola",en,uci_sms_spam_collection_v1,ham,NEEDS_REVIEW,,9f081c23257b,私人闲聊/个人对话
uci_00638,When ¨¹ login dat time... Dad fetching ¨¹ home now?,en,uci_sms_spam_collection_v1,ham,NEEDS_REVIEW,,6df3d1cd5c9d,私人闲聊/个人对话
uci_00639,"What will we do in the shower, baby?",en,uci_sms_spam_collection_v1,ham,NEEDS_REVIEW,,6ccfe7d60cd1,私人闲聊/个人对话
uci_00640,I had askd u a question some hours before. Its answer,en,uci_sms_spam_collection_v1,ham,NEEDS_REVIEW,,29395f182076,私人闲聊/个人对话
uci_00641,"Well imma definitely need to restock before thanksgiving, I'll let you know when I'm out",en,uci_sms_spam_collection_v1,ham,NEEDS_REVIEW,,15e08ab2c5dc,私人闲聊/个人对话
uci_00642,"said kiss, kiss, i can't do the sound effects! He is a gorgeous man isn't he! Kind of person who needs a smile to brighten his day!",en,uci_sms_spam_collection_v1,ham,NEEDS_REVIEW,,0b650055a23c,私人闲聊/个人对话
uci_00643,Probably gonna swing by in a wee bit,en,uci_sms_spam_collection_v1,ham,NEEDS_REVIEW,,280d23fb53c9,私人闲聊/个人对话
uci_00644,Ya very nice. . .be ready on thursday,en,uci_sms_spam_collection_v1,ham,NEEDS_REVIEW,,a1a186e2d474,私人闲聊/个人对话
uci_00645,Allo! We have braved the buses and taken on the trains and triumphed. I mean we¡®re in b¡®ham. Have a jolly good rest of week,en,uci_sms_spam_collection_v1,ham,NEEDS_REVIEW,,5eba6a735ff8,私人闲聊/个人对话
uci_00646,"Watching cartoon, listening music &amp; at eve had to go temple &amp; church.. What about u?",en,uci_sms_spam_collection_v1,ham,NEEDS_REVIEW,,edc89c62e308,私人闲聊/个人对话
uci_00647,Do you mind if I ask what happened? You dont have to say if it is uncomfortable.,en,uci_sms_spam_collection_v1,ham,NEEDS_REVIEW,,375a839ead8e,私人闲聊/个人对话
uci_00648,PRIVATE! Your 2003 Account Statement for shows 800 un-redeemed S. I. M. points. Call 08715203694 Identifier Code: 40533 Expires 31/10/04,en,uci_sms_spam_collection_v1,spam,FRAUD,,ce0313c5341e,伪造积分余额骗取个人信息
uci_00649,No prob. I will send to your email.,en,uci_sms_spam_collection_v1,ham,NEEDS_REVIEW,,c3393418944b,私人闲聊/个人对话
uci_00650,"You have won ?1,000 cash or a ?2,000 prize! To claim, call09050000327. T&C: RSTM, SW7 3SS. 150ppm",en,uci_sms_spam_collection_v1,spam,FRAUD,,5714ae640462,虚假中奖骗取拨打高费率电话
uci_00651,Thats cool! Sometimes slow and gentle. Sonetimes rough and hard :),en,uci_sms_spam_collection_v1,ham,NEEDS_REVIEW,,a0bffecd39da,私人闲聊/个人对话
uci_00652,I'm gonna say no. Sorry. I would but as normal am starting to panic about time. Sorry again! Are you seeing on Tuesday?,en,uci_sms_spam_collection_v1,ham,NEEDS_REVIEW,,171003ffd9be,私人闲聊/个人对话
uci_00653,"Wait, do you know if wesleys in town? I bet she does hella drugs!",en,uci_sms_spam_collection_v1,ham,NEEDS_REVIEW,,8aeaa2284bd2,私人闲聊/个人对话
uci_00654,Fine i miss you very much.,en,uci_sms_spam_collection_v1,ham,NEEDS_REVIEW,,64e0e0a13f09,私人闲聊/个人对话
uci_00655,Did u got that persons story,en,uci_sms_spam_collection_v1,ham,NEEDS_REVIEW,,2935a9632d5f,私人闲聊/个人对话
uci_00656,Tell them the drug dealer's getting impatient,en,uci_sms_spam_collection_v1,ham,NEEDS_REVIEW,,1401a4f9131c,私人闲聊/个人对话
uci_00657,"Sun cant come to earth but send luv as rays. cloud cant come to river but send luv as rain. I cant come to meet U, but can send my care as msg to U. Gud evng",en,uci_sms_spam_collection_v1,ham,NEEDS_REVIEW,,ee1669fc638f,私人闲聊/个人对话
uci_00658,You will be in the place of that man,en,uci_sms_spam_collection_v1,ham,NEEDS_REVIEW,,3778dd2ba51e,私人闲聊/个人对话
uci_00659,"It doesnt make sense to take it there unless its free. If you need to know more, wikipedia.com",en,uci_sms_spam_collection_v1,ham,NEEDS_REVIEW,,9d27cfea7401,私人闲聊/个人对话
uci_00660,88800 and 89034 are premium phone services call 08718711108,en,uci_sms_spam_collection_v1,spam,NEEDS_REVIEW,,0a4db9cfe17b,spam但无法明确归入TRANSACTION/AD/HARASS/FRAUD
uci_00661,"Under the sea, there lays a rock. In the rock, there is an envelope. In the envelope, there is a paper. On the paper, there are 3 words... '",en,uci_sms_spam_collection_v1,ham,NEEDS_REVIEW,,7a5fa4003a67,私人闲聊/个人对话
uci_00662,Then mum's repent how?,en,uci_sms_spam_collection_v1,ham,NEEDS_REVIEW,,9d3112d5d685,私人闲聊/个人对话
uci_00663,Sorry me going home first... Daddy come fetch ¨¹ later...,en,uci_sms_spam_collection_v1,ham,NEEDS_REVIEW,,37790c41f4dd,私人闲聊/个人对话
uci_00664,Leave it de:-). Start Prepare for next:-)..,en,uci_sms_spam_collection_v1,ham,NEEDS_REVIEW,,34cb4b18db92,私人闲聊/个人对话
uci_00665,Yes baby! We can study all the positions of the kama sutra ;),en,uci_sms_spam_collection_v1,ham,NEEDS_REVIEW,,95a6781fe04e,私人闲聊/个人对话
uci_00666,En chikku nange bakra msg kalstiya..then had tea/coffee?,en,uci_sms_spam_collection_v1,ham,HARASS,,248412782dfe,灰色交友/骚扰内容
uci_00667,Carlos'll be here in a minute if you still need to buy,en,uci_sms_spam_collection_v1,ham,NEEDS_REVIEW,,f2a80faa97fb,私人闲聊/个人对话
uci_00668,This pay is  &lt;DECIMAL&gt;  lakhs:),en,uci_sms_spam_collection_v1,ham,NEEDS_REVIEW,,281be5ef0d30,私人闲聊/个人对话
uci_00669,Have a good evening! Ttyl,en,uci_sms_spam_collection_v1,ham,NEEDS_REVIEW,,f40ea3801487,私人闲聊/个人对话
uci_00670,Did u receive my msg?,en,uci_sms_spam_collection_v1,ham,NEEDS_REVIEW,,87da6e730be3,私人闲聊/个人对话
uci_00671,Ho ho - big belly laugh! See ya tomo,en,uci_sms_spam_collection_v1,ham,NEEDS_REVIEW,,838d93bc3bfb,私人闲聊/个人对话
uci_00672,"SMS. ac sun0819 posts HELLO:""You seem cool, wanted to say hi. HI!!!"" Stop? Send STOP to 62468",en,uci_sms_spam_collection_v1,spam,AD,,afcb1e60ef2a,含退订指令的营销短信
uci_00673,Get ur 1st RINGTONE FREE NOW! Reply to this msg with TONE. Gr8 TOP 20 tones to your phone every week just ¡ê1.50 per wk 2 opt out send STOP 08452810071 16,en,uci_sms_spam_collection_v1,spam,AD,,f599ab76015f,铃声/彩铃订阅收费广告
uci_00674,"Ditto. And you won't have to worry about me saying ANYTHING to you anymore. Like i said last night, you do whatever you want and i'll do the same. Peace.",en,uci_sms_spam_collection_v1,ham,NEEDS_REVIEW,,b65efd3d2f11,私人闲聊/个人对话
uci_00675,"I've got  &lt;#&gt; , any way I could pick up?",en,uci_sms_spam_collection_v1,ham,NEEDS_REVIEW,,12adad688d29,私人闲聊/个人对话
uci_00676,"I dont knw pa, i just drink milk..",en,uci_sms_spam_collection_v1,ham,NEEDS_REVIEW,,3122c8126db4,私人闲聊/个人对话
uci_00677,Maybe?! Say hi to  and find out if  got his card. Great escape or wetherspoons?,en,uci_sms_spam_collection_v1,ham,NEEDS_REVIEW,,55cc5bbba348,私人闲聊/个人对话
uci_00678,"Piggy, r u awake? I bet u're still sleeping. I'm going 4 lunch now...",en,uci_sms_spam_collection_v1,ham,NEEDS_REVIEW,,907203177155,私人闲聊/个人对话
uci_00679,Cause I'm not freaky lol,en,uci_sms_spam_collection_v1,ham,NEEDS_REVIEW,,dc7b4af90e9c,私人闲聊/个人对话
uci_00680,Missed your call cause I was yelling at scrappy. Miss u. Can't wait for u to come home. I'm so lonely today.,en,uci_sms_spam_collection_v1,ham,NEEDS_REVIEW,,be245e2900a4,私人闲聊/个人对话
uci_00681,What is this 'hex' place you talk of? Explain!,en,uci_sms_spam_collection_v1,ham,NEEDS_REVIEW,,08ac96fb4322,私人闲聊/个人对话
uci_00682,¨¹ log off 4 wat. It's sdryb8i,en,uci_sms_spam_collection_v1,ham,NEEDS_REVIEW,,760b50882250,私人闲聊/个人对话
uci_00683,Is xy going 4 e lunch?,en,uci_sms_spam_collection_v1,ham,NEEDS_REVIEW,,083d66d31cfd,私人闲聊/个人对话
uci_00684,Hi I'm sue. I am 20 years old and work as a lapdancer. I love sex. Text me live - I'm i my bedroom now. text SUE to 89555. By TextOperator G2 1DA 150ppmsg 18+,en,uci_sms_spam_collection_v1,spam,HARASS,,bc3a53bf01bf,成人/色情骚扰短信
uci_00685,I wanted to ask ¨¹ to wait 4 me to finish lect. Cos my lect finishes in an hour anyway.,en,uci_sms_spam_collection_v1,ham,NEEDS_REVIEW,,84b37d50d2fa,私人闲聊/个人对话
uci_00686,Have you finished work yet? :),en,uci_sms_spam_collection_v1,ham,NEEDS_REVIEW,,3ecd50e108f2,私人闲聊/个人对话
uci_00687,"Every King Was Once A Crying Baby And Every Great Building Was Once A Map.. Not Imprtant Where U r TODAY, BUT Where U Wil Reach TOMORW. Gud ni8",en,uci_sms_spam_collection_v1,ham,NEEDS_REVIEW,,29bc833430c5,私人闲聊/个人对话
uci_00688,"Dear,Me at cherthala.in case u r coming cochin pls call bfore u start.i shall also reach accordingly.or tell me which day u r coming.tmorow i am engaged ans its holiday.",en,uci_sms_spam_collection_v1,ham,NEEDS_REVIEW,,4e8737ecf76a,私人闲聊/个人对话
uci_00689,Thanks love. But am i doing torch or bold.,en,uci_sms_spam_collection_v1,ham,NEEDS_REVIEW,,0015ac838169,私人闲聊/个人对话
uci_00690,<Forwarded from 448712404000>Please CALL 08712404000 immediately as there is an urgent message waiting for you.,en,uci_sms_spam_collection_v1,spam,FRAUD,,1add55a3a764,伪造紧急通知引导拨打
uci_00691,Was the farm open?,en,uci_sms_spam_collection_v1,ham,NEEDS_REVIEW,,26b68b168903,私人闲聊/个人对话
uci_00692,"Sorry to trouble u again. Can buy 4d for my dad again? 1405, 1680, 1843. All 2 big 1 small, sat n sun. Thanx.",en,uci_sms_spam_collection_v1,ham,NEEDS_REVIEW,,e4bfd6e75658,私人闲聊/个人对话
uci_00693,"My sister in law, hope you are having a great month. Just saying hey. Abiola",en,uci_sms_spam_collection_v1,ham,NEEDS_REVIEW,,49c809eeada3,私人闲聊/个人对话
uci_00694,Will purchase d stuff today and mail to you. Do you have a po box number?,en,uci_sms_spam_collection_v1,ham,NEEDS_REVIEW,,cfe732333dbe,私人闲聊/个人对话
uci_00695,Ah poop. Looks like ill prob have to send in my laptop to get fixed cuz it has a gpu problem,en,uci_sms_spam_collection_v1,ham,NEEDS_REVIEW,,2cbf39099989,私人闲聊/个人对话
uci_00696,Good. Good job. I like entrepreneurs,en,uci_sms_spam_collection_v1,ham,NEEDS_REVIEW,,fc50df455675,私人闲聊/个人对话
uci_00697,"Aight, you close by or still down around alex's place?",en,uci_sms_spam_collection_v1,ham,NEEDS_REVIEW,,dc742f57fde5,私人闲聊/个人对话
uci_00698,meet you in corporation st outside gap ¡­ you can see how my mind is working!,en,uci_sms_spam_collection_v1,ham,NEEDS_REVIEW,,9c9cb47024cc,私人闲聊/个人对话
uci_00699,Mum ask ¨¹ to buy food home...,en,uci_sms_spam_collection_v1,ham,NEEDS_REVIEW,,be3e6919a175,私人闲聊/个人对话
uci_00700,K..u also dont msg or reply to his msg..,en,uci_sms_spam_collection_v1,ham,NEEDS_REVIEW,,64f792d84fce,私人闲聊/个人对话
uci_00701,How much r ¨¹ willing to pay?,en,uci_sms_spam_collection_v1,ham,NEEDS_REVIEW,,c7200a4834ba,私人闲聊/个人对话
uci_00702,"Sorry, I'll call later",en,uci_sms_spam_collection_v1,ham,NEEDS_REVIEW,,d5081f7715ce,私人闲聊/个人对话
uci_00703,What is important is that you prevent dehydration by giving her enough fluids,en,uci_sms_spam_collection_v1,ham,NEEDS_REVIEW,,046ec244edb4,私人闲聊/个人对话
uci_00704,"Thats a bit weird, even ?- where is the do supposed to be happening? But good idea, sure they will be in pub!",en,uci_sms_spam_collection_v1,ham,NEEDS_REVIEW,,63ef92f51421,私人闲聊/个人对话
uci_00705,True dear..i sat to pray evening and felt so.so i sms'd you in some time...,en,uci_sms_spam_collection_v1,ham,NEEDS_REVIEW,,8c3a2da843b8,私人闲聊/个人对话
uci_00706,"I don't think I can get away for a trek that long with family in town, sorry",en,uci_sms_spam_collection_v1,ham,NEEDS_REVIEW,,a68db2cccc8e,私人闲聊/个人对话
uci_00707,So when do you wanna gym harri,en,uci_sms_spam_collection_v1,ham,NEEDS_REVIEW,,e3be42a36623,私人闲聊/个人对话
uci_00708,Quite late lar... Ard 12 anyway i wun b drivin...,en,uci_sms_spam_collection_v1,ham,NEEDS_REVIEW,,c50bda7e0d45,私人闲聊/个人对话
uci_00709,"To review and KEEP the fantastic Nokia N-Gage game deck with Club Nokia, go 2 www.cnupdates.com/newsletter. unsubscribe from alerts reply with the word OUT",en,uci_sms_spam_collection_v1,spam,FRAUD,,b21e92cb18e5,虚假信息或钓鱼骗取用户操作
uci_00710,4mths half price Orange line rental & latest camera phones 4 FREE. Had your phone 11mths+? Call MobilesDirect free on 08000938767 to update now! or2stoptxt T&Cs,en,uci_sms_spam_collection_v1,spam,AD,,29d3faf35d22,手机/设备租赁促销广告
uci_00711,"Height of Confidence: All the Aeronautics professors wer calld &amp; they wer askd 2 sit in an aeroplane. Aftr they sat they wer told dat the plane ws made by their students. Dey all hurried out of d plane.. Bt only 1 didnt move... He said:""if it is made by my students,this wont even start........ Datz confidence..",en,uci_sms_spam_collection_v1,ham,NEEDS_REVIEW,,0b229a62fc94,私人闲聊/个人对话
uci_00712,It just seems like weird timing that the night that all you and g want is for me to come smoke is the same day as when a shitstorm is attributed to me always coming over and making everyone smoke,en,uci_sms_spam_collection_v1,ham,NEEDS_REVIEW,,28f7742c18d0,私人闲聊/个人对话
uci_00713,08714712388 between 10am-7pm Cost 10p,en,uci_sms_spam_collection_v1,spam,NEEDS_REVIEW,,266c7c6bf964,spam但无法明确归入TRANSACTION/AD/HARASS/FRAUD
uci_00714,"Save yourself the stress. If the person has a dorm account, just send your account details and the money will be sent to you.",en,uci_sms_spam_collection_v1,ham,NEEDS_REVIEW,,746e1c262f68,私人闲聊/个人对话
uci_00715,He also knows about lunch menu only da. . I know,en,uci_sms_spam_collection_v1,ham,NEEDS_REVIEW,,d957fe032528,私人闲聊/个人对话
uci_00716,When i have stuff to sell i.ll tell you,en,uci_sms_spam_collection_v1,ham,NEEDS_REVIEW,,cfbff206868f,私人闲聊/个人对话
uci_00717,+449071512431 URGENT! This is the 2nd attempt to contact U!U have WON ¡ê1250 CALL 09071512433 b4 050703 T&CsBCM4235WC1N3XX. callcost 150ppm mobilesvary. max¡ê7. 50,en,uci_sms_spam_collection_v1,spam,FRAUD,,4137f3a25cb9,虚假中奖骗取拨打高费率电话
uci_00718,Book which lesson? then you msg me... I will call up after work or sth... I'm going to get specs. My membership is PX3748,en,uci_sms_spam_collection_v1,ham,NEEDS_REVIEW,,90028c57e26c,私人闲聊/个人对话
uci_00719,You have WON a guaranteed ¡ê1000 cash or a ¡ê2000 prize. To claim yr prize call our customer service representative on 08714712394 between 10am-7pm,en,uci_sms_spam_collection_v1,spam,FRAUD,,47e18e33c678,虚假中奖骗取拨打高费率电话
uci_00720,Macha dont feel upset.i can assume your mindset.believe me one evening with me and i have some wonderful plans for both of us.LET LIFE BEGIN AGAIN.call me anytime,en,uci_sms_spam_collection_v1,ham,NEEDS_REVIEW,,0fa2dca81321,私人闲聊/个人对话
uci_00721,Oh is it? Send me the address,en,uci_sms_spam_collection_v1,ham,NEEDS_REVIEW,,673959de01c9,私人闲聊/个人对话
uci_00722,S'fine. Anytime. All the best with it.,en,uci_sms_spam_collection_v1,ham,NEEDS_REVIEW,,0e80e54bf3a3,私人闲聊/个人对话
uci_00723,That is wondar full flim.,en,uci_sms_spam_collection_v1,ham,NEEDS_REVIEW,,4d4bbad93e71,私人闲聊/个人对话
uci_00724,Ya even those cookies have jelly on them,en,uci_sms_spam_collection_v1,ham,NEEDS_REVIEW,,5cbbd18ed47f,私人闲聊/个人对话
uci_00725,"The world is running and i am still.maybe all are feeling the same,so be it.or i have to admit,i am mad.then where is the correction?or let me call this is life.and keep running with the world,may be u r also running.lets run.",en,uci_sms_spam_collection_v1,ham,NEEDS_REVIEW,,3e917a22a45d,私人闲聊/个人对话
uci_00726,Got it! It looks scrumptious... daddy wants to eat you all night long!,en,uci_sms_spam_collection_v1,ham,NEEDS_REVIEW,,f1695441c020,私人闲聊/个人对话
uci_00727,Of cos can lar i'm not so ba dao ok... 1 pm lor... Y u never ask where we go ah... I said u would ask on fri but he said u will ask today...,en,uci_sms_spam_collection_v1,ham,NEEDS_REVIEW,,58c9226dfe48,私人闲聊/个人对话
uci_00728,"Alright omw, gotta change my order to a half8th",en,uci_sms_spam_collection_v1,ham,NEEDS_REVIEW,,f98d85d6adc6,私人闲聊/个人对话
uci_00729,Exactly. Anyways how far. Is jide her to study or just visiting,en,uci_sms_spam_collection_v1,ham,NEEDS_REVIEW,,fd5069cc163b,私人闲聊/个人对话
uci_00730,Dunno y u ask me.,en,uci_sms_spam_collection_v1,ham,NEEDS_REVIEW,,43470afa7d77,私人闲聊/个人对话
uci_00731,Email AlertFrom: Jeri StewartSize: 2KBSubject: Low-cost prescripiton drvgsTo listen to email call 123,en,uci_sms_spam_collection_v1,spam,FRAUD,,3b121ae41117,假药/处方广告骗取购买
uci_00732,No he didn't. Spring is coming early yay!,en,uci_sms_spam_collection_v1,ham,NEEDS_REVIEW,,45752c298d0c,私人闲聊/个人对话
uci_00733,Lol you won't feel bad when I use her money to take you out to a steak dinner =D,en,uci_sms_spam_collection_v1,ham,NEEDS_REVIEW,qa_fix_v1,0912fcb45002,[fix:personal-chat-not-four-class FRAUD->NEEDS_REVIEW] 虚假中奖骗取拨打高费率电话
uci_00734,Even u dont get in trouble while convincing..just tel him once or twice and just tel neglect his msgs dont c and read it..just dont reply,en,uci_sms_spam_collection_v1,ham,NEEDS_REVIEW,,ea2b02af78d6,私人闲聊/个人对话
uci_00735,Leaving to qatar tonite in search of an opportunity.all went fast.pls add me in ur prayers dear.Rakhesh,en,uci_sms_spam_collection_v1,ham,NEEDS_REVIEW,,bbb1f1f63c1a,私人闲聊/个人对话
uci_00736,Then why no one talking to me,en,uci_sms_spam_collection_v1,ham,NEEDS_REVIEW,,67b9a59ba880,私人闲聊/个人对话
uci_00737,Thanks for looking out for me. I really appreciate.,en,uci_sms_spam_collection_v1,ham,NEEDS_REVIEW,,68aa24c495c5,私人闲聊/个人对话
uci_00738,Hi. Customer Loyalty Offer:The NEW Nokia6650 Mobile from ONLY ¡ê10 at TXTAUCTION! Txt word: START to No: 81151 & get yours Now! 4T&Ctxt TC 150p/MTmsg,en,uci_sms_spam_collection_v1,spam,AD,,e123df2cd6a8,拍卖平台推广
uci_00739,Wish i were with you now!,en,uci_sms_spam_collection_v1,ham,NEEDS_REVIEW,,959f85a19865,私人闲聊/个人对话
uci_00740,Haha mayb u're rite... U know me well. Da feeling of being liked by someone is gd lor. U faster go find one then all gals in our group attached liao.,en,uci_sms_spam_collection_v1,ham,NEEDS_REVIEW,,a6068430d00f,私人闲聊/个人对话
uci_00741,Yes i will be there. Glad you made it.,en,uci_sms_spam_collection_v1,ham,NEEDS_REVIEW,,dc34ece1bcc9,私人闲聊/个人对话
uci_00742,Do well :)all will for little time. Thing of good times ahead:,en,uci_sms_spam_collection_v1,ham,NEEDS_REVIEW,,25c4e72a48f6,私人闲聊/个人对话
uci_00743,Just got up. have to be out of the room very soon. ¡­. i hadn't put the clocks back til at 8 i shouted at everyone to get up and then realised it was 7. wahay. another hour in bed.,en,uci_sms_spam_collection_v1,ham,NEEDS_REVIEW,,5b7c4429333b,私人闲聊/个人对话
uci_00744,Ok. There may be a free gym about.,en,uci_sms_spam_collection_v1,ham,NEEDS_REVIEW,,26d2c90b16b3,私人闲聊/个人对话
uci_00745,Men like shorter ladies. Gaze up into his eyes.,en,uci_sms_spam_collection_v1,ham,NEEDS_REVIEW,,2ca1f1b64cc8,私人闲聊/个人对话
uci_00746,Dunno he jus say go lido. Same time 930.,en,uci_sms_spam_collection_v1,ham,NEEDS_REVIEW,,7931e21daca0,私人闲聊/个人对话
uci_00747,"I promise to take good care of you, princess. I have to run now. Please send pics when you get a chance. Ttyl!",en,uci_sms_spam_collection_v1,ham,NEEDS_REVIEW,,e5703de0c79a,私人闲聊/个人对话
uci_00748,U are subscribed to the best Mobile Content Service in the UK for ¡ê3 per 10 days until you send STOP to 82324. Helpline 08706091795,en,uci_sms_spam_collection_v1,spam,AD,,7f643c314006,含退订指令的营销短信
uci_00749,Is there a reason we've not spoken this year? Anyways have a great week and all the best in your exam,en,uci_sms_spam_collection_v1,ham,NEEDS_REVIEW,,3ad4de42c0b8,私人闲聊/个人对话
uci_00750,By monday next week. Give me the full gist,en,uci_sms_spam_collection_v1,ham,NEEDS_REVIEW,,f74170221537,私人闲聊/个人对话
uci_00751,"Do you realize that in about 40 years, we'll have thousands of old ladies running around with tattoos?",en,uci_sms_spam_collection_v1,spam,NEEDS_REVIEW,,6794ea204b37,spam但无法明确归入TRANSACTION/AD/HARASS/FRAUD
uci_00752,You have an important customer service announcement from PREMIER.,en,uci_sms_spam_collection_v1,spam,FRAUD,,e649ac0450f9,冒充客服虚假通知
uci_00753,Dont gimme that lip caveboy,en,uci_sms_spam_collection_v1,ham,NEEDS_REVIEW,,720721aef524,私人闲聊/个人对话
uci_00754,When did you get to the library,en,uci_sms_spam_collection_v1,ham,NEEDS_REVIEW,,a65027520ca0,私人闲聊/个人对话
uci_00755,Realy sorry-i don't recognise this number and am now confused :) who r u please?!,en,uci_sms_spam_collection_v1,ham,NEEDS_REVIEW,,ad645d649512,私人闲聊/个人对话
uci_00756,So why didnt you holla?,en,uci_sms_spam_collection_v1,ham,NEEDS_REVIEW,,16ba9e82b4d9,私人闲聊/个人对话
uci_00757,Cant think of anyone with * spare room off * top of my head,en,uci_sms_spam_collection_v1,ham,NEEDS_REVIEW,,f11ba52929eb,私人闲聊/个人对话
uci_00758,"Faith makes things possible,Hope makes things work,Love makes things beautiful,May you have all three this Christmas!Merry Christmas!",en,uci_sms_spam_collection_v1,ham,NEEDS_REVIEW,,59b83d75d185,私人闲聊/个人对话
uci_00759,U should have made an appointment,en,uci_sms_spam_collection_v1,ham,NEEDS_REVIEW,,4ac53d97bf24,私人闲聊/个人对话
uci_00760,"Call me when you/carlos is/are here, my phone's vibrate is acting up and I might not hear texts",en,uci_sms_spam_collection_v1,ham,NEEDS_REVIEW,,c3f35b45732d,私人闲聊/个人对话
uci_00761,"Romantic Paris. 2 nights, 2 flights from ¡ê79 Book now 4 next year. Call 08704439680Ts&Cs apply.",en,uci_sms_spam_collection_v1,spam,AD,,c109b01f8a89,旅游度假促销广告
uci_00762,"We are at grandmas. Oh dear, u still ill? I felt Shit this morning but i think i am just hungover! Another night then. We leave on sat.",en,uci_sms_spam_collection_v1,ham,NEEDS_REVIEW,,7ce432653dba,私人闲聊/个人对话
uci_00763,Urgent Ur ¡ê500 guaranteed award is still unclaimed! Call 09066368327 NOW closingdate04/09/02 claimcode M39M51 ¡ê1.50pmmorefrommobile2Bremoved-MobyPOBox734LS27YF,en,uci_sms_spam_collection_v1,spam,FRAUD,,8c55e9b77fea,虚假中奖骗取拨打高费率电话
uci_00764,Nothing but we jus tot u would ask cos u ba gua... But we went mt faber yest... Yest jus went out already mah so today not going out... Jus call lor...,en,uci_sms_spam_collection_v1,ham,NEEDS_REVIEW,,8b5ce42b45c3,私人闲聊/个人对话
uci_00765,"Wishing you and your family Merry ""X"" mas and HAPPY NEW Year in advance..",en,uci_sms_spam_collection_v1,ham,NEEDS_REVIEW,,b857ebe07dd6,私人闲聊/个人对话
uci_00766,UR awarded a City Break and could WIN a ¡ê200 Summer Shopping spree every WK. Txt STORE to 88039 . SkilGme. TsCs087147403231Winawk!Age16 ¡ê1.50perWKsub,en,uci_sms_spam_collection_v1,spam,AD,,3a1eed129f3a,通过短信订阅付费服务
uci_00767,"I'm nt goin, got somethin on, unless they meetin 4 dinner lor... Haha, i wonder who will go tis time...",en,uci_sms_spam_collection_v1,ham,NEEDS_REVIEW,,461004266aab,私人闲聊/个人对话
uci_00768,"Sorry, I'll call later",en,uci_sms_spam_collection_v1,ham,NEEDS_REVIEW,,d5081f7715ce,私人闲聊/个人对话
uci_00769,I cant pick the phone right now. Pls send a message,en,uci_sms_spam_collection_v1,ham,NEEDS_REVIEW,,ea4561f1db70,私人闲聊/个人对话
uci_00770,Lol I know! They're so dramatic. Schools already closed for tomorrow. Apparently we can't drive in the inch of snow were supposed to get.,en,uci_sms_spam_collection_v1,ham,NEEDS_REVIEW,,fdfac20c2f33,私人闲聊/个人对话
uci_00771,Not getting anywhere with this damn job hunting over here!,en,uci_sms_spam_collection_v1,ham,NEEDS_REVIEW,,817983c28655,私人闲聊/个人对话
uci_00772,Lol! U drunkard! Just doing my hair at d moment. Yeah still up 4 tonight. Wats the plan?,en,uci_sms_spam_collection_v1,ham,NEEDS_REVIEW,,4ce34eb8b64a,私人闲聊/个人对话
uci_00773,"idc get over here, you are not weaseling your way out of this shit twice in a row",en,uci_sms_spam_collection_v1,ham,NEEDS_REVIEW,,4fa1d75a9a5b,私人闲聊/个人对话
uci_00774,I wil be there with in  &lt;#&gt;  minutes. Got any space,en,uci_sms_spam_collection_v1,ham,NEEDS_REVIEW,,7da4535d4b60,私人闲聊/个人对话
uci_00775,Just sleeping..and surfing,en,uci_sms_spam_collection_v1,ham,NEEDS_REVIEW,,0d3c95a0235a,私人闲聊/个人对话
uci_00776,Thanks for picking up the trash.,en,uci_sms_spam_collection_v1,ham,NEEDS_REVIEW,,909bc5d9a8ef,私人闲聊/个人对话
uci_00777,Why don't you go tell your friend you're not sure you want to live with him because he smokes too much then spend hours begging him to come smoke,en,uci_sms_spam_collection_v1,ham,NEEDS_REVIEW,,1874fc485220,私人闲聊/个人对话
uci_00778,"""Hi its Kate it was lovely to see you tonight and ill phone you tomorrow. I got to sing and a guy gave me his card! xxx""",en,uci_sms_spam_collection_v1,ham,NEEDS_REVIEW,qa_fix_v1,02b55a1f4502,[fix:adult-or-secret-admirer NEEDS_REVIEW->HARASS] 私人闲聊/个人对话 [fix:revert-ham-kisses-xxx HARASS->NEEDS_REVIEW]
uci_00779,Happy New year my dear brother. I really do miss you. Just got your number and decided to send you this text wishing you only happiness. Abiola,en,uci_sms_spam_collection_v1,ham,NEEDS_REVIEW,,0a91bd84305b,私人闲聊/个人对话
uci_00780,That means get the door,en,uci_sms_spam_collection_v1,ham,NEEDS_REVIEW,,e70a54512601,私人闲聊/个人对话
uci_00781,Your opinion about me? 1. Over 2. Jada 3. Kusruthi 4. Lovable 5. Silent 6. Spl character 7. Not matured 8. Stylish 9. Simple Pls reply..,en,uci_sms_spam_collection_v1,ham,NEEDS_REVIEW,,c12d6b402956,私人闲聊/个人对话
uci_00782,"Hmmm ... I thought we said 2 hours slave, not 3 ... You are late ... How should I punish you ?",en,uci_sms_spam_collection_v1,ham,NEEDS_REVIEW,,a2f6085ef60d,私人闲聊/个人对话
uci_00783,Beerage?,en,uci_sms_spam_collection_v1,ham,NEEDS_REVIEW,,76d919933f9d,私人闲聊/个人对话
uci_00784,You have an important customer service announcement from PREMIER. Call FREEPHONE 0800 542 0578 now!,en,uci_sms_spam_collection_v1,spam,FRAUD,,fd05ddf2a25a,冒充客服虚假通知
uci_00785,Dont think so. It turns off like randomlly within 5min of opening,en,uci_sms_spam_collection_v1,ham,NEEDS_REVIEW,,6569b146dae5,私人闲聊/个人对话
uci_00786,"She was supposed to be but couldn't make it, she's still in town though",en,uci_sms_spam_collection_v1,ham,NEEDS_REVIEW,,6448f134f099,私人闲聊/个人对话
uci_00787,It does it on its own. Most of the time it fixes my spelling. But sometimes it gets a completely diff word. Go figure,en,uci_sms_spam_collection_v1,ham,NEEDS_REVIEW,,b2884adf37e9,私人闲聊/个人对话
uci_00788,Ever thought about living a good life with a perfect partner? Just txt back NAME and AGE to join the mobile community. (100p/SMS),en,uci_sms_spam_collection_v1,spam,AD,,2c6f7f0f3285,交友/约会付费服务推广
uci_00789,"5 Free Top Polyphonic Tones call 087018728737, National Rate. Get a toppoly tune sent every week, just text SUBPOLY to 81618, ¡ê3 per pole. UnSub 08718727870.",en,uci_sms_spam_collection_v1,spam,AD,,9967d97ac726,铃声/彩铃订阅收费广告
uci_00790,Gud mrng dear hav a nice day,en,uci_sms_spam_collection_v1,ham,NEEDS_REVIEW,,1fdab7ddc801,私人闲聊/个人对话
uci_00791,This is hoping you enjoyed your game yesterday. Sorry i've not been in touch but pls know that you are fondly bein thot off. Have a great week. Abiola,en,uci_sms_spam_collection_v1,ham,NEEDS_REVIEW,,6c2b70100c66,私人闲聊/个人对话
uci_00792,All e best 4 ur driving tmr :-),en,uci_sms_spam_collection_v1,ham,NEEDS_REVIEW,,e076bf7b30c9,私人闲聊/个人对话
uci_00793,Y?WHERE U AT DOGBREATH? ITS JUST SOUNDING LIKE JAN C THAT?S AL!!!!!!!!!,en,uci_sms_spam_collection_v1,ham,NEEDS_REVIEW,,f782b0981b8c,私人闲聊/个人对话
uci_00794,Omg I want to scream. I weighed myself and I lost more weight! Woohoo!,en,uci_sms_spam_collection_v1,ham,NEEDS_REVIEW,,1bdcb8955afb,私人闲聊/个人对话
uci_00795,There generally isn't one. It's an uncountable noun - u in the dictionary. pieces of research?,en,uci_sms_spam_collection_v1,ham,NEEDS_REVIEW,,9863da3e8122,私人闲聊/个人对话
uci_00796,it's really getting me down just hanging around.,en,uci_sms_spam_collection_v1,ham,NEEDS_REVIEW,,824ad58b9203,私人闲聊/个人对话
uci_00797,"Orange customer, you may now claim your FREE CAMERA PHONE upgrade for your loyalty. Call now on 0207 153 9996. Offer ends 14thMarch. T&C's apply. Opt-out availa",en,uci_sms_spam_collection_v1,spam,AD,,59dd17ed947c,正规商家促销/订阅广告
uci_00798,"""Petey boy whereare you me and all your friendsare in theKingshead come down if you canlove Nic""",en,uci_sms_spam_collection_v1,ham,NEEDS_REVIEW,,1db3c20f08d5,私人闲聊/个人对话
uci_00799,Ok i msg u b4 i leave my house.,en,uci_sms_spam_collection_v1,ham,NEEDS_REVIEW,,995862b77902,私人闲聊/个人对话
uci_00800,"""Gimme a few"" was  &lt;#&gt;  minutes ago",en,uci_sms_spam_collection_v1,ham,NEEDS_REVIEW,,ca821eb6fe2c,私人闲聊/个人对话
uci_00801,"Last Chance! Claim ur ¡ê150 worth of discount vouchers today! Text SHOP to 85023 now! SavaMob, offers mobile! T Cs SavaMob POBOX84, M263UZ. ¡ê3.00 Sub. 16",en,uci_sms_spam_collection_v1,spam,AD,qa_fix_v1,b07e0e9f31f5,[fix:commercial-promo-not-fraud FRAUD->AD] 虚假优惠券骗取回复
uci_00802,Appt is at &lt;TIME&gt; am. Not my fault u don't listen. I told u twice,en,uci_sms_spam_collection_v1,ham,NEEDS_REVIEW,,7511f18d1b2f,私人闲聊/个人对话
uci_00803,FREE for 1st week! No1 Nokia tone 4 ur mobile every week just txt NOKIA to 8077 Get txting and tell ur mates. www.getzed.co.uk POBox 36504 W45WQ 16+ norm150p/tone,en,uci_sms_spam_collection_v1,spam,FRAUD,,4608d0ab9f63,虚假信息或钓鱼骗取用户操作
uci_00804,You have won a guaranteed ¡ê200 award or even ¡ê1000 cashto claim UR award call free on 08000407165 (18+) 2 stop getstop on 88222 PHP. RG21 4JX,en,uci_sms_spam_collection_v1,spam,FRAUD,,3226803a244c,虚假中奖骗取拨打高费率电话
uci_00805,K I'll be there before 4.,en,uci_sms_spam_collection_v1,ham,NEEDS_REVIEW,,2f045a750fe0,私人闲聊/个人对话
uci_00806,I dled 3d its very imp,en,uci_sms_spam_collection_v1,ham,NEEDS_REVIEW,,0315f5a0fdd8,私人闲聊/个人对话
uci_00807,"sure, but make sure he knows we ain't smokin yet",en,uci_sms_spam_collection_v1,ham,NEEDS_REVIEW,,784aeaa5d781,私人闲聊/个人对话
uci_00808,Boooo you always work. Just quit.,en,uci_sms_spam_collection_v1,ham,NEEDS_REVIEW,,9f62cbd81e93,私人闲聊/个人对话
uci_00809,I am taking half day leave bec i am not well,en,uci_sms_spam_collection_v1,ham,NEEDS_REVIEW,,159f5a018ca3,私人闲聊/个人对话
uci_00810,Ugh I don't wanna get out of bed. It's so warm.,en,uci_sms_spam_collection_v1,ham,NEEDS_REVIEW,,7630caefcd1b,私人闲聊/个人对话
uci_00811,S:)s.nervous  &lt;#&gt; :),en,uci_sms_spam_collection_v1,ham,NEEDS_REVIEW,,a3f9a9a9a21c,私人闲聊/个人对话
uci_00812,So there's a ring that comes with the guys costumes. It's there so they can gift their future yowifes. Hint hint,en,uci_sms_spam_collection_v1,ham,NEEDS_REVIEW,,911aa6e967ee,私人闲聊/个人对话
uci_00813,Congratulations ur awarded either ¡ê500 of CD gift vouchers & Free entry 2 our ¡ê100 weekly draw txt MUSIC to 87066 TnCs www.Ldew.com1win150ppmx3age16,en,uci_sms_spam_collection_v1,spam,FRAUD,,ea9b58e55d9b,虚假中奖骗取拨打高费率电话
uci_00814,I borrow ur bag ok.,en,uci_sms_spam_collection_v1,ham,NEEDS_REVIEW,,22860dbf5d5b,私人闲聊/个人对话
uci_00815,"U were outbid by simonwatson5120 on the Shinco DVD Plyr. 2 bid again, visit sms. ac/smsrewards 2 end bid notifications, reply END OUT",en,uci_sms_spam_collection_v1,spam,AD,,73431d285998,拍卖平台推广
uci_00816,Where's my boytoy? I miss you ... What happened?,en,uci_sms_spam_collection_v1,ham,NEEDS_REVIEW,,d37b371d31a8,私人闲聊/个人对话
uci_00817,"He has lots of used ones babe, but the model doesn't help. Youi have to bring it over and he'll match it up",en,uci_sms_spam_collection_v1,ham,NEEDS_REVIEW,,4f2d996fb518,私人闲聊/个人对话
uci_00818,Also are you bringing galileo or dobby,en,uci_sms_spam_collection_v1,ham,NEEDS_REVIEW,,6c0dfe5df521,私人闲聊/个人对话
uci_00819,Then why you not responding,en,uci_sms_spam_collection_v1,ham,NEEDS_REVIEW,,f8292ed064b2,私人闲聊/个人对话
uci_00820,"""BOO BABE! U ENJOYIN YOURJOB? U SEEMED 2 B GETTIN ON WELL HUNNY!HOPE URE OK?TAKE CARE & I?LLSPEAK 2U SOONLOTS OF LOVEME XXXX.""",en,uci_sms_spam_collection_v1,ham,NEEDS_REVIEW,,34f65f0deb36,私人闲聊/个人对话
uci_00821,Good afternoon starshine! How's my boytoy? Does he crave me yet? Ache to fuck me ? *sips cappuccino* I miss you babe *teasing kiss*,en,uci_sms_spam_collection_v1,ham,NEEDS_REVIEW,,c71e305a2322,私人闲聊/个人对话
uci_00822,On the road so cant txt,en,uci_sms_spam_collection_v1,ham,NEEDS_REVIEW,,e52d0935160f,私人闲聊/个人对话
uci_00823,"SMSSERVICES. for yourinclusive text credits, pls goto www.comuk.net login= 3qxj9 unsubscribe with STOP, no extra charge. help 08702840625.COMUK. 220-CM2 9AE",en,uci_sms_spam_collection_v1,spam,FRAUD,,6d593d0d4162,虚假信息或钓鱼骗取用户操作
uci_00824,25p 4 alfie Moon's Children in need song on ur mob. Tell ur m8s. Txt Tone charity to 8007 for Nokias or Poly charity for polys: zed 08701417012 profit 2 charity.,en,uci_sms_spam_collection_v1,spam,AD,,146931efdbbc,慈善/铃声营销
uci_00825,Have a good evening! Ttyl,en,uci_sms_spam_collection_v1,ham,NEEDS_REVIEW,,f40ea3801487,私人闲聊/个人对话
uci_00826,Hmm .. Bits and pieces lol ... *sighs* ...,en,uci_sms_spam_collection_v1,ham,NEEDS_REVIEW,,de8540df787d,私人闲聊/个人对话
uci_00827,Hahaha..use your brain dear,en,uci_sms_spam_collection_v1,ham,NEEDS_REVIEW,,62f2628d2270,私人闲聊/个人对话
uci_00828,Hey. You got any mail?,en,uci_sms_spam_collection_v1,ham,NEEDS_REVIEW,,309e4973c0e4,私人闲聊/个人对话
uci_00829,"Sorry light turned green, I meant another friend wanted  &lt;#&gt;  worth but he may not be around",en,uci_sms_spam_collection_v1,ham,NEEDS_REVIEW,,fda940d44726,私人闲聊/个人对话
uci_00830,Thanks for yesterday sir. You have been wonderful. Hope you enjoyed the burial. MojiBiola,en,uci_sms_spam_collection_v1,ham,NEEDS_REVIEW,,428155f59f30,私人闲聊/个人对话
uci_00831,U have a secret admirer. REVEAL who thinks U R So special. Call 09065174042. To opt out Reply REVEAL STOP. 1.50 per msg recd. Cust care 07821230901,en,uci_sms_spam_collection_v1,spam,HARASS,qa_fix_v1,83d233915711,[fix:adult-or-secret-admirer FRAUD->HARASS] 虚假暗恋揭秘骗取拨打电话
uci_00832,Hi mate its RV did u hav a nice hol just a message 3 say hello coz haven?t sent u 1 in ages started driving so stay off roads!RVx,en,uci_sms_spam_collection_v1,ham,NEEDS_REVIEW,,6459c80f0e70,私人闲聊/个人对话
uci_00833,"Dear Voucher Holder, To claim this weeks offer, at you PC please go to http://www.e-tlp.co.uk/expressoffer Ts&Cs apply. To stop texts, txt STOP to 80062",en,uci_sms_spam_collection_v1,spam,AD,qa_fix_v1,0196d5aea5a5,[fix:commercial-promo-not-fraud FRAUD->AD] 虚假优惠券骗取回复
uci_00834,"Thank you so much. When we skyped wit kz and sura, we didnt get the pleasure of your company. Hope you are good. We've given you ultimatum oh! We are countin down to aburo. Enjoy! This is the message i sent days ago",en,uci_sms_spam_collection_v1,ham,NEEDS_REVIEW,,ca90818b87c3,私人闲聊/个人对话
uci_00835,Surely result will offer:),en,uci_sms_spam_collection_v1,ham,NEEDS_REVIEW,,e9b4a77883a2,私人闲聊/个人对话
uci_00836,Good Morning my Dear........... Have a great &amp; successful day.,en,uci_sms_spam_collection_v1,ham,NEEDS_REVIEW,,b85ebb3fe3ff,私人闲聊/个人对话
uci_00837,Do you want 750 anytime any network mins 150 text and a NEW VIDEO phone for only five pounds per week call 08002888812 or reply for delivery tomorrow,en,uci_sms_spam_collection_v1,spam,AD,,5e5b7c6ff0c0,视频手机换取广告
uci_00838,"Sir, I have been late in paying rent for the past few months and had to pay a $ &lt;#&gt;  charge. I felt it would be inconsiderate of me to nag about something you give at great cost to yourself and that's why i didnt speak up. I however am in a recession and wont be able to pay the charge this month hence my askin well ahead of month's end. Can you please help. Thanks",en,uci_sms_spam_collection_v1,ham,NEEDS_REVIEW,,15648ab2edb9,私人闲聊/个人对话
uci_00839,We tried to contact you re our offer of New Video Phone 750 anytime any network mins HALF PRICE Rental camcorder call 08000930705 or reply for delivery Wed,en,uci_sms_spam_collection_v1,spam,AD,,54a5c5e8a4dd,视频手机换取广告
uci_00840,Last chance 2 claim ur ¡ê150 worth of discount vouchers-Text YES to 85023 now!SavaMob-member offers mobile T Cs 08717898035. ¡ê3.00 Sub. 16 . Remove txt X or STOP,en,uci_sms_spam_collection_v1,spam,AD,qa_fix_v1,f72c441c5ae0,[fix:commercial-promo-not-fraud FRAUD->AD] 虚假优惠券骗取回复
uci_00841,I luv u soo much u don?t understand how special u r 2 me ring u 2morrow luv u xxx,en,uci_sms_spam_collection_v1,ham,NEEDS_REVIEW,qa_fix_v1,3516487a9f9e,[fix:adult-or-secret-admirer NEEDS_REVIEW->HARASS] 私人闲聊/个人对话 [fix:revert-ham-kisses-xxx HARASS->NEEDS_REVIEW]
uci_00842,"Pls send me a comprehensive mail about who i'm paying, when and how much.",en,uci_sms_spam_collection_v1,ham,NEEDS_REVIEW,,49c57a4c9ba5,私人闲聊/个人对话
uci_00843,Our Prashanthettan's mother passed away last night. pray for her and family.,en,uci_sms_spam_collection_v1,ham,NEEDS_REVIEW,,b4e55411c577,私人闲聊/个人对话
uci_00844,"Urgent! call 09066350750 from your landline. Your complimentary 4* Ibiza Holiday or 10,000 cash await collection SAE T&Cs PO BOX 434 SK3 8WP 150 ppm 18+",en,uci_sms_spam_collection_v1,spam,FRAUD,,aef9292e5cb2,虚假假期/现金奖励骗取联系
uci_00845,K.k:)when are you going?,en,uci_sms_spam_collection_v1,ham,NEEDS_REVIEW,,7b2ac5b118a5,私人闲聊/个人对话
uci_00846,Meanwhile in the shit suite: xavier decided to give us  &lt;#&gt;  seconds of warning that samantha was coming over and is playing jay's guitar to impress her or some shit. Also I don't think doug realizes I don't live here anymore,en,uci_sms_spam_collection_v1,ham,NEEDS_REVIEW,,2ed1feaebac4,私人闲聊/个人对话
uci_00847,My stomach has been thru so much trauma I swear I just can't eat. I better lose weight.,en,uci_sms_spam_collection_v1,ham,NEEDS_REVIEW,,3f19b6c06565,私人闲聊/个人对话
uci_00848,I am in office:)whats the matter..msg me now.i will call you at break:).,en,uci_sms_spam_collection_v1,ham,NEEDS_REVIEW,,3c5c9a3e3a0c,私人闲聊/个人对话
uci_00849,"Yeah there's barely enough room for the two of us, x has too many fucking shoes. Sorry man, see you later",en,uci_sms_spam_collection_v1,ham,NEEDS_REVIEW,,e937e239b621,私人闲聊/个人对话
uci_00850,"Today's Offer! Claim ur ¡ê150 worth of discount vouchers! Text YES to 85023 now! SavaMob, member offers mobile! T Cs 08717898035. ¡ê3.00 Sub. 16 . Unsub reply X",en,uci_sms_spam_collection_v1,spam,AD,qa_fix_v1,a897a8152f5e,[fix:commercial-promo-not-fraud FRAUD->AD] 虚假优惠券骗取回复
uci_00851,U reach orchard already? U wan 2 go buy tickets first?,en,uci_sms_spam_collection_v1,ham,NEEDS_REVIEW,,d45c01783617,私人闲聊/个人对话
uci_00852,"I am real, baby! I want to bring out your inner tigress...",en,uci_sms_spam_collection_v1,ham,HARASS,,1ff22e6a1547,性暗示骚扰内容
uci_00853,No da if you run that it activate the full version da.,en,uci_sms_spam_collection_v1,ham,NEEDS_REVIEW,,325fdef8eb7a,私人闲聊/个人对话
uci_00854,"""AH POOR BABY!HOPE URFEELING BETTERSN LUV! PROBTHAT OVERDOSE OF WORK HEY GO CAREFUL SPK 2 U SN LOTS OF LOVEJEN XXX.""",en,uci_sms_spam_collection_v1,ham,NEEDS_REVIEW,qa_fix_v1,b417dd8f2d1d,[fix:adult-or-secret-admirer NEEDS_REVIEW->HARASS] 私人闲聊/个人对话 [fix:revert-ham-kisses-xxx HARASS->NEEDS_REVIEW]
uci_00855,Stop the story. I've told him i've returned it and he's saying i should not re order it.,en,uci_sms_spam_collection_v1,ham,NEEDS_REVIEW,,03e29c733d4b,私人闲聊/个人对话
uci_00856,Talk sexy!! Make new friends or fall in love in the worlds most discreet text dating service. Just text VIP to 83110 and see who you could meet.,en,uci_sms_spam_collection_v1,spam,HARASS,,a0f511a88229,成人/色情骚扰短信
uci_00857,Going to take your babe out ?,en,uci_sms_spam_collection_v1,ham,NEEDS_REVIEW,,1266a0f1e82b,私人闲聊/个人对话
uci_00858,Hai ana tomarrow am coming on morning.  &lt;DECIMAL&gt;  ill be there in sathy then we ll go to RTO office. Reply me after came to home.,en,uci_sms_spam_collection_v1,ham,NEEDS_REVIEW,,7ec4ca6f4f07,私人闲聊/个人对话
uci_00859,Spoons it is then okay?,en,uci_sms_spam_collection_v1,ham,NEEDS_REVIEW,,c9de750e7c7b,私人闲聊/个人对话
uci_00860,Did he just say somebody is named tampa,en,uci_sms_spam_collection_v1,ham,NEEDS_REVIEW,,9f6f08046453,私人闲聊/个人对话
uci_00861,In work now. Going have in few min.,en,uci_sms_spam_collection_v1,ham,NEEDS_REVIEW,,2bf27ba05fbe,私人闲聊/个人对话
uci_00862,Your brother is a genius,en,uci_sms_spam_collection_v1,ham,NEEDS_REVIEW,,4ed1d093594e,私人闲聊/个人对话
uci_00863,"Sorry, I guess whenever I can get a hold of my connections, maybe an hour or two? I'll text you",en,uci_sms_spam_collection_v1,ham,NEEDS_REVIEW,,d287dee88c16,私人闲聊/个人对话
uci_00864,Did u find out what time the bus is at coz i need to sort some stuff out.,en,uci_sms_spam_collection_v1,ham,NEEDS_REVIEW,,d23ec7bcb535,私人闲聊/个人对话
uci_00865,Dude ive been seeing a lotta corvettes lately,en,uci_sms_spam_collection_v1,ham,NEEDS_REVIEW,,0c08cc4a6d0e,私人闲聊/个人对话
uci_00866,Congratulations ur awarded either a yrs supply of CDs from Virgin Records or a Mystery Gift GUARANTEED Call 09061104283 Ts&Cs www.smsco.net ¡ê1.50pm approx 3mins,en,uci_sms_spam_collection_v1,spam,FRAUD,,41e2f0e38292,虚假中奖骗取拨打高费率电话
uci_00867,"Same here, but I consider walls and bunkers and shit important just because I never play on peaceful but I guess your place is high enough that it don't matter",en,uci_sms_spam_collection_v1,ham,NEEDS_REVIEW,,3772332d3caf,私人闲聊/个人对话
uci_00868,PRIVATE! Your 2003 Account Statement for 07808 XXXXXX shows 800 un-redeemed S. I. M. points. Call 08719899217 Identifier Code: 41685 Expires 07/11/04,en,uci_sms_spam_collection_v1,spam,FRAUD,,e5e2fcee515c,伪造积分余额骗取个人信息
uci_00869,Hello. We need some posh birds and chaps to user trial prods for champneys. Can i put you down? I need your address and dob asap. Ta r,en,uci_sms_spam_collection_v1,spam,FRAUD,,ee96fe411917,虚假市场调研骗取个人信息
uci_00870,What do U want for Xmas? How about 100 free text messages & a new video phone with half price line rental? Call free now on 0800 0721072 to find out more!,en,uci_sms_spam_collection_v1,spam,AD,,abdc42b2152f,手机/设备租赁促销广告
uci_00871,"Well am officially in a philosophical hole, so if u wanna call am at home ready to be saved!",en,uci_sms_spam_collection_v1,ham,NEEDS_REVIEW,,9ad1dd241ceb,私人闲聊/个人对话
uci_00872,Its going good...no problem..but still need little experience to understand american customer voice...,en,uci_sms_spam_collection_v1,ham,NEEDS_REVIEW,,ddd3499eb14b,私人闲聊/个人对话
uci_00873,I'll text you when I drop x off,en,uci_sms_spam_collection_v1,ham,NEEDS_REVIEW,,38cd598ba0df,私人闲聊/个人对话
uci_00874,Ugh its been a long day. I'm exhausted. Just want to cuddle up and take a nap,en,uci_sms_spam_collection_v1,ham,NEEDS_REVIEW,,656bd38c1658,私人闲聊/个人对话
uci_00875,Talk With Yourself Atleast Once In A Day...!!! Otherwise You Will Miss Your Best FRIEND In This WORLD...!!! -Shakespeare- SHESIL  &lt;#&gt;,en,uci_sms_spam_collection_v1,ham,NEEDS_REVIEW,,3195323c0c29,私人闲聊/个人对话
uci_00876,"Shop till u Drop, IS IT YOU, either 10K, 5K, ¡ê500 Cash or ¡ê100 Travel voucher, Call now, 09064011000. NTT PO Box CR01327BT fixedline Cost 150ppm mobile vary",en,uci_sms_spam_collection_v1,spam,FRAUD,,f885b1f42e9c,虚假中奖骗取拨打高费率电话
uci_00877,Are you in castor? You need to see something,en,uci_sms_spam_collection_v1,ham,NEEDS_REVIEW,,75ba210ccaed,私人闲聊/个人对话
uci_00878,Sunshine Quiz Wkly Q! Win a top Sony DVD player if u know which country Liverpool played in mid week? Txt ansr to 82277. ¡ê1.50 SP:Tyrone,en,uci_sms_spam_collection_v1,spam,AD,,2ae50a43ee0b,通过短信订阅付费服务
uci_00879,U have a secret admirer who is looking 2 make contact with U-find out who they R*reveal who thinks UR so special-call on 09058094565,en,uci_sms_spam_collection_v1,spam,HARASS,qa_fix_v1,2cc64639dece,[fix:adult-or-secret-admirer FRAUD->HARASS] 虚假暗恋揭秘骗取拨打电话
uci_00880,U have a Secret Admirer who is looking 2 make contact with U-find out who they R*reveal who thinks UR so special-call on 09065171142-stopsms-08,en,uci_sms_spam_collection_v1,spam,HARASS,qa_fix_v1,2cc64639dece,[fix:adult-or-secret-admirer FRAUD->HARASS] 虚假暗恋揭秘骗取拨打电话
uci_00881,Reminder: You have not downloaded the content you have already paid for. Goto http://doit. mymoby. tv/ to collect your content.,en,uci_sms_spam_collection_v1,spam,FRAUD,,aeb38af4a1ea,虚假内容下载链接骗取点击
uci_00882,"see, i knew giving you a break a few times woul lead to you always wanting to miss curfew. I was gonna gibe you 'til one, but a MIDNIGHT movie is not gonna get out til after 2. You need to come home. You need to getsleep and, if anything, you need to b studdying ear training.",en,uci_sms_spam_collection_v1,ham,NEEDS_REVIEW,,091fb37bc746,私人闲聊/个人对话
uci_00883,I love to give massages. I use lots of baby oil... What is your fave position?,en,uci_sms_spam_collection_v1,ham,HARASS,,3b1670a78b2c,性暗示骚扰内容
uci_00884,Dude we should go sup again,en,uci_sms_spam_collection_v1,ham,NEEDS_REVIEW,,fc3080043090,私人闲聊/个人对话
uci_00885,Yoyyooo u know how to change permissions for a drive in mac. My usb flash drive,en,uci_sms_spam_collection_v1,ham,NEEDS_REVIEW,,a9770e811c6b,私人闲聊/个人对话
uci_00886,Gibbs unsold.mike hussey,en,uci_sms_spam_collection_v1,ham,NEEDS_REVIEW,,f8ca99a8a1f0,私人闲聊/个人对话
uci_00887,I like to talk pa but am not able to. I dont know y.,en,uci_sms_spam_collection_v1,ham,NEEDS_REVIEW,,eee167d429a7,私人闲聊/个人对话
uci_00888,Y dun cut too short leh. U dun like ah? She failed. She's quite sad.,en,uci_sms_spam_collection_v1,ham,NEEDS_REVIEW,,c2af37b2855b,私人闲聊/个人对话
uci_00889,You unbelievable faglord,en,uci_sms_spam_collection_v1,ham,NEEDS_REVIEW,,0d386fbe3494,私人闲聊/个人对话
uci_00890,Wife.how she knew the time of murder exactly,en,uci_sms_spam_collection_v1,ham,NEEDS_REVIEW,,b2e75c4d3231,私人闲聊/个人对话
uci_00891,Why do you ask princess?,en,uci_sms_spam_collection_v1,ham,NEEDS_REVIEW,,87d3ba556b31,私人闲聊/个人对话
uci_00892,I am great princess! What are you thinking about me? :),en,uci_sms_spam_collection_v1,ham,NEEDS_REVIEW,,bdcc38b7405c,私人闲聊/个人对话
uci_00893,Nutter. Cutter. Ctter. Cttergg. Cttargg. Ctargg. Ctagg. ie you,en,uci_sms_spam_collection_v1,ham,NEEDS_REVIEW,,b90d3ee27045,私人闲聊/个人对话
uci_00894,It's ok i noe u're busy but i'm really too bored so i msg u. I oso dunno wat colour she choose 4 me one.,en,uci_sms_spam_collection_v1,ham,NEEDS_REVIEW,,7ec9a0be9410,私人闲聊/个人对话
uci_00895,Doesn't g have class early tomorrow and thus shouldn't be trying to smoke at  &lt;#&gt;,en,uci_sms_spam_collection_v1,ham,NEEDS_REVIEW,,e08a1d1208bd,私人闲聊/个人对话
uci_00896,"Superb Thought- ""Be grateful that u dont have everything u want. That means u still have an opportunity to be happier tomorrow than u are today."":-)",en,uci_sms_spam_collection_v1,ham,NEEDS_REVIEW,,312cc4790ca3,私人闲聊/个人对话
uci_00897,Hope you are having a good week. Just checking in,en,uci_sms_spam_collection_v1,ham,NEEDS_REVIEW,,290c042168b1,私人闲聊/个人对话
uci_00898,"I'm used to it. I just hope my agents don't drop me since i've only booked a few things this year. This whole me in boston, them in nyc was an experiment.",en,uci_sms_spam_collection_v1,ham,NEEDS_REVIEW,,e9cc9d0f0cff,私人闲聊/个人对话
uci_00899,"Thursday night? Yeah, sure thing, we'll work it out then",en,uci_sms_spam_collection_v1,ham,NEEDS_REVIEW,,ab6c6e3dab73,私人闲聊/个人对话
uci_00900,"Your free ringtone is waiting to be collected. Simply text the password ""MIX"" to 85069 to verify. Get Usher and Britney. FML, PO Box 5249, MK17 92H. 450Ppw 16",en,uci_sms_spam_collection_v1,spam,AD,qa_fix_v1,3e6a98e908b9,[fix:commercial-promo-not-fraud FRAUD->AD] 声称免费铃声但实际收费450便士/周，属于隐藏费用的欺骗性服务
uci_00901,Probably money worries. Things are coming due and i have several outstanding invoices for work i did two and three months ago.,en,uci_sms_spam_collection_v1,ham,NEEDS_REVIEW,,e20759933c17,关于工作事务的个人对话
uci_00902,How is it possible to teach you. And where.,en,uci_sms_spam_collection_v1,ham,NEEDS_REVIEW,,8363fb446bc1,无法归入四类的私人消息或闲聊内容
uci_00903,"I wonder if your phone battery went dead ? I had to tell you, I love you babe",en,uci_sms_spam_collection_v1,ham,NEEDS_REVIEW,,7fc52e60ad47,表达爱意或思念的私人情话，属于个人对话
uci_00904,Lovely smell on this bus and it ain't tobacco...,en,uci_sms_spam_collection_v1,ham,NEEDS_REVIEW,,1d187b771876,表达爱意或思念的私人情话，属于个人对话
uci_00905,"We're all getting worried over here, derek and taylor have already assumed the worst",en,uci_sms_spam_collection_v1,ham,NEEDS_REVIEW,,89ff9d5da801,简短日常回复，属于个人对话片段
uci_00906,Hey what's up charles sorry about the late reply.,en,uci_sms_spam_collection_v1,ham,NEEDS_REVIEW,,fde36732a331,无法归入四类的私人消息或闲聊内容
uci_00907,"all the lastest from Stereophonics, Marley, Dizzee Racal, Libertines and The Strokes! Win Nookii games with Flirt!! Click TheMob WAP Bookmark or text WAP to 82468",en,uci_sms_spam_collection_v1,spam,AD,,8aa3ed6ea6f8,推广音乐铃声和WAP游戏订阅服务的商业广告
uci_00908,I.ll give her once i have it. Plus she said grinule greet you whenever we speak,en,uci_sms_spam_collection_v1,ham,NEEDS_REVIEW,,d4500666aaf8,无法归入四类的私人消息或闲聊内容
uci_00909,WHITE FUDGE OREOS ARE IN STORES,en,uci_sms_spam_collection_v1,ham,NEEDS_REVIEW,,51e4db88a904,无法归入四类的私人消息或闲聊内容
uci_00910,"January Male Sale! Hot Gay chat now cheaper, call 08709222922. National rate from 1.5p/min cheap to 7.8p/min peak! To stop texts call 08712460324 (10p/min)",en,uci_sms_spam_collection_v1,spam,HARASS,,52a519c70eea,推广低价同性恋聊天热线服务，成人骚扰类营销
uci_00911,My love ! How come it took you so long to leave for Zaher's? I got your words on ym and was happy to see them but was sad you had left. I miss you,en,uci_sms_spam_collection_v1,ham,NEEDS_REVIEW,,3bdfa74ed970,表达爱意或思念的私人情话，属于个人对话
uci_00912,I am sorry it hurt you.,en,uci_sms_spam_collection_v1,ham,NEEDS_REVIEW,,6a8ade4f15e5,无法归入四类的私人消息或闲聊内容
uci_00913,Can't. I feel nauseous. I'm so pissed. I didn't eat any sweets all week cause today I was planning to pig out. I was dieting all week. And now I'm not hungry :/,en,uci_sms_spam_collection_v1,ham,NEEDS_REVIEW,,0d8fbdbef781,表达爱意或思念的私人情话，属于个人对话
uci_00914,Ok lor but not too early. Me still having project meeting now.,en,uci_sms_spam_collection_v1,ham,NEEDS_REVIEW,,040d467cf1a7,简短日常回复，属于个人对话片段
uci_00915,"Call me da, i am waiting for your call.",en,uci_sms_spam_collection_v1,ham,NEEDS_REVIEW,,5b668c46938a,关于打电话的个人请求或安排
uci_00916,I could ask carlos if we could get more if anybody else can chip in,en,uci_sms_spam_collection_v1,ham,NEEDS_REVIEW,,c0348958141e,关于出行安排的个人对话
uci_00917,Was actually about to send you a reminder today. Have a wonderful weekend,en,uci_sms_spam_collection_v1,ham,NEEDS_REVIEW,,d5d42f894cec,无法归入四类的私人消息或闲聊内容
uci_00918,"When people see my msgs, They think Iam addicted to msging... They are wrong, Bcoz They don\'t know that Iam addicted to my sweet Friends..!! BSLVYL",en,uci_sms_spam_collection_v1,ham,NEEDS_REVIEW,,ff4997ff964c,表达爱意或思念的私人情话，属于个人对话
uci_00919,Hey you gave them your photo when you registered for driving ah? Tmr wanna meet at yck?,en,uci_sms_spam_collection_v1,ham,NEEDS_REVIEW,,88d9f2b12aed,无法归入四类的私人消息或闲聊内容
uci_00920,Dont talk to him ever ok its my word.,en,uci_sms_spam_collection_v1,ham,NEEDS_REVIEW,,b2a042c00466,简短日常回复，属于个人对话片段
uci_00921,When u wana see it then,en,uci_sms_spam_collection_v1,ham,NEEDS_REVIEW,,cea0af9ecb76,无法归入四类的私人消息或闲聊内容
uci_00922,On ma way to school. Can you pls send me ashley's number,en,uci_sms_spam_collection_v1,ham,NEEDS_REVIEW,,d5cb61c82872,关于学校课程的个人对话
uci_00923,It shall be fine. I have avalarr now. Will hollalater,en,uci_sms_spam_collection_v1,ham,NEEDS_REVIEW,,299c063e885f,无法归入四类的私人消息或闲聊内容
uci_00924,She went to attend another two rounds today..but still did't reach home..,en,uci_sms_spam_collection_v1,ham,NEEDS_REVIEW,,6f757bd702f7,无法归入四类的私人消息或闲聊内容
uci_00925,Actually i deleted my old website..now i m blogging at magicalsongs.blogspot.com,en,uci_sms_spam_collection_v1,ham,NEEDS_REVIEW,,c75b47164ec3,无法归入四类的私人消息或闲聊内容
uci_00926,"K, wait chikku..il send aftr  &lt;#&gt; mins",en,uci_sms_spam_collection_v1,ham,NEEDS_REVIEW,,a2cb178ffd24,无法归入四类的私人消息或闲聊内容
uci_00927,But I'm on a diet. And I ate 1 too many slices of pizza yesterday. Ugh I'm ALWAYS on a diet.,en,uci_sms_spam_collection_v1,ham,NEEDS_REVIEW,,835eec1a34f7,关于饮食的个人随意闲聊
uci_00928,K:)i will give my kvb acc details:),en,uci_sms_spam_collection_v1,ham,NEEDS_REVIEW,,a6d24874d70f,无法归入四类的私人消息或闲聊内容
uci_00929,Oh all have to come ah?,en,uci_sms_spam_collection_v1,ham,NEEDS_REVIEW,,7a38184e95cd,关于出行安排的个人对话
uci_00930,money!!! you r a lucky winner ! 2 claim your prize text money 2 88600 over ¡ê1million to give away ! ppt150x3+normal text rate box403 w1t1jy,en,uci_sms_spam_collection_v1,spam,FRAUD,,693e67f24313,假中奖骗局，声称赢取100万英镑要求回复短信，是典型中奖诈骗
uci_00931,I'm really sorry i won't b able 2 do this friday.hope u can find an alternative.hope yr term's going ok:-),en,uci_sms_spam_collection_v1,ham,NEEDS_REVIEW,,39aafe686a39,简短日常回复，属于个人对话片段
uci_00932,Congratulations ore mo owo re wa. Enjoy it and i wish you many happy moments to and fro wherever you go,en,uci_sms_spam_collection_v1,ham,NEEDS_REVIEW,,dbb9b98950d9,关于出行安排的个人对话
uci_00933,So do you have samus shoulders yet,en,uci_sms_spam_collection_v1,ham,NEEDS_REVIEW,,af4d246b1de1,无法归入四类的私人消息或闲聊内容
uci_00934,What time you think you'll have it? Need to know when I should be near campus,en,uci_sms_spam_collection_v1,ham,NEEDS_REVIEW,,03ba70921b41,无法归入四类的私人消息或闲聊内容
uci_00935,"Dear Matthew please call 09063440451 from a landline, your complimentary 4*Lux Tenerife holiday or ¡ê1000 CASH await collection. ppm150 SAE T&Cs Box334 SK38XH.",en,uci_sms_spam_collection_v1,spam,FRAUD,,f2e88258cffe,假中奖骗局，声称有免费假期或1000英镑现金奖励需电话领取，是典型诈骗
uci_00936,Then dun wear jeans lor...,en,uci_sms_spam_collection_v1,ham,NEEDS_REVIEW,,8a988a0ebec0,简短日常回复，属于个人对话片段
uci_00937,"Since when, which side, any fever, any vomitin.",en,uci_sms_spam_collection_v1,ham,NEEDS_REVIEW,,ac9d0659e613,关于健康不适的个人描述
uci_00938,K:)k.are you in college?,en,uci_sms_spam_collection_v1,ham,NEEDS_REVIEW,,aec445dd8bc0,关于学校课程的个人对话
uci_00939,"Urgent! call 09061749602 from Landline. Your complimentary 4* Tenerife Holiday or ¡ê10,000 cash await collection SAE T&Cs BOX 528 HP20 1YF 150ppm 18+",en,uci_sms_spam_collection_v1,spam,FRAUD,,d5112ac077e3,假中奖骗局，声称赢取假期或1万英镑奖励，典型诈骗话术
uci_00940,Better. Made up for Friday and stuffed myself like a pig yesterday. Now I feel bleh. But at least its not writhing pain kind of bleh.,en,uci_sms_spam_collection_v1,ham,NEEDS_REVIEW,,d08f6306cd9c,关于健康不适的个人描述
uci_00941,No we sell it all so we'll have tons if coins. Then sell our coins to someone thru paypal. Voila! Money back in life pockets:),en,uci_sms_spam_collection_v1,ham,NEEDS_REVIEW,,564dcf4ec040,无法归入四类的私人消息或闲聊内容
uci_00942,Theyre doing it to lots of places. Only hospitals and medical places are safe.,en,uci_sms_spam_collection_v1,ham,NEEDS_REVIEW,,36f77d709e1e,关于健康不适的个人描述
uci_00943,How about getting in touch with folks waiting for company? Just txt back your NAME and AGE to opt in! Enjoy the community (150p/SMS),en,uci_sms_spam_collection_v1,spam,HARASS,,26c6916aa6e9,群发交友广告，诱导回复姓名年龄加入付费聊天社区，属于灰色骚扰
uci_00944,And also I've sorta blown him off a couple times recently so id rather not text him out of the blue looking for weed,en,uci_sms_spam_collection_v1,ham,NEEDS_REVIEW,,763642ed3652,简短日常回复，属于个人对话片段
uci_00945,"I sent my scores to sophas and i had to do secondary application for a few schools. I think if you are thinking of applying, do a research on cost also. Contact joke ogunrinde, her school is one me the less expensive ones",en,uci_sms_spam_collection_v1,ham,NEEDS_REVIEW,,96938df3c638,简短日常回复，属于个人对话片段
uci_00946,I cant wait to see you! How were the photos were useful? :),en,uci_sms_spam_collection_v1,ham,NEEDS_REVIEW,,344fc5039322,无法归入四类的私人消息或闲聊内容
uci_00947,Ur cash-balance is currently 500 pounds - to maximize ur cash-in now send GO to 86688 only 150p/msg. CC: 08718720201 PO BOX 114/14 TCR/W1,en,uci_sms_spam_collection_v1,spam,FRAUD,,30216cebbdfb,虚假余额通知，声称有500英镑余额，诱导发送GO到付费号码，是充值诈骗
uci_00948,Hey i booked the kb on sat already... what other lessons are we going for ah? Keep your sat night free we need to meet and confirm our lodging,en,uci_sms_spam_collection_v1,ham,NEEDS_REVIEW,,36ef78f9f4e7,简短日常回复，属于个人对话片段
uci_00949,Chk in ur belovd ms dict,en,uci_sms_spam_collection_v1,ham,NEEDS_REVIEW,,e567e0dce304,无法归入四类的私人消息或闲聊内容
uci_00950,Is that what time you want me to come?,en,uci_sms_spam_collection_v1,ham,NEEDS_REVIEW,,79928a8989dd,关于出行安排的个人对话
uci_00951,"Awesome, lemme know whenever you're around",en,uci_sms_spam_collection_v1,ham,NEEDS_REVIEW,,65c199672efe,无法归入四类的私人消息或闲聊内容
uci_00952,Shb b ok lor... Thanx...,en,uci_sms_spam_collection_v1,ham,NEEDS_REVIEW,,b8415db3d6f4,简短日常回复，属于个人对话片段
uci_00953,"Beautiful Truth against Gravity.. Read carefully: ""Our heart feels light when someone is in it.. But it feels very heavy when someone leaves it.."" GOOD NIGHT",en,uci_sms_spam_collection_v1,ham,NEEDS_REVIEW,,debf101428b8,表达爱意或思念的私人情话，属于个人对话
uci_00954,Also remember to get dobby's bowl from your car,en,uci_sms_spam_collection_v1,ham,NEEDS_REVIEW,,c5b19c8c5ff8,关于出行安排的个人对话
uci_00955,Filthy stories and GIRLS waiting for your,en,uci_sms_spam_collection_v1,spam,HARASS,,74f902c98153,色情故事推广，属于成人骚扰类广告
uci_00956,Sorry i now then c ur msg... Yar lor so poor thing... But only 4 one night... Tmr u'll have a brand new room 2 sleep in...,en,uci_sms_spam_collection_v1,ham,NEEDS_REVIEW,,4f896c5a2852,简短日常回复，属于个人对话片段
uci_00957,"Love isn't a decision, it's a feeling. If we could decide who to love, then, life would be much simpler, but then less magical",en,uci_sms_spam_collection_v1,ham,NEEDS_REVIEW,,e1fc159c7535,表达爱意或思念的私人情话，属于个人对话
uci_00958,Welp apparently he retired,en,uci_sms_spam_collection_v1,ham,NEEDS_REVIEW,,45e877fd94f6,无法归入四类的私人消息或闲聊内容
uci_00959,My sort code is  and acc no is . The bank is natwest. Can you reply to confirm i've sent this to the right person!,en,uci_sms_spam_collection_v1,ham,NEEDS_REVIEW,,748dd4a17cee,无法归入四类的私人消息或闲聊内容
uci_00960,Where @,en,uci_sms_spam_collection_v1,ham,NEEDS_REVIEW,,46148cc3b4d2,无法归入四类的私人消息或闲聊内容
uci_00961,U sure u can't take any sick time?,en,uci_sms_spam_collection_v1,ham,NEEDS_REVIEW,,852267a1d8bb,关于健康不适的个人描述
uci_00962,URGENT! We are trying to contact U. Todays draw shows that you have won a ¡ê800 prize GUARANTEED. Call 09050001808 from land line. Claim M95. Valid12hrs only,en,uci_sms_spam_collection_v1,spam,FRAUD,,5e21faa9d2c0,假中奖骗局，声称赢得800英镑保证奖，12小时内必须领取，典型诈骗话术
uci_00963,"Watching cartoon, listening music &amp; at eve had to go temple &amp; church.. What about u?",en,uci_sms_spam_collection_v1,ham,NEEDS_REVIEW,,edc89c62e308,关于娱乐活动的个人随意闲聊
uci_00964,Yo chad which gymnastics class do you wanna take? The site says Christians class is full..,en,uci_sms_spam_collection_v1,ham,NEEDS_REVIEW,,737cf725e441,关于学校课程的个人对话
uci_00965,Are you this much buzy,en,uci_sms_spam_collection_v1,ham,NEEDS_REVIEW,,98ea70b1a93e,无法归入四类的私人消息或闲聊内容
uci_00966,Or better still can you catch her and let ask her if she can sell  &lt;#&gt;  for me.,en,uci_sms_spam_collection_v1,ham,NEEDS_REVIEW,,1e1c8aa14acf,无法归入四类的私人消息或闲聊内容
uci_00967,I am not sure about night menu. . . I know only about noon menu,en,uci_sms_spam_collection_v1,ham,NEEDS_REVIEW,,370d9f4a7481,无法归入四类的私人消息或闲聊内容
uci_00968,What do u want when i come back?.a beautiful necklace as a token of my heart for you.thats what i will give but ONLY to MY WIFE OF MY LIKING.BE THAT AND SEE..NO ONE can give you that.dont call me.i will wait till i come.,en,uci_sms_spam_collection_v1,ham,NEEDS_REVIEW,,0f9c5705c724,表达爱意或思念的私人情话，属于个人对话
uci_00969,Are you willing to go for aptitude class.,en,uci_sms_spam_collection_v1,ham,NEEDS_REVIEW,,01d97c6399ee,关于学校课程的个人对话
uci_00970,"It wont b until 2.15 as trying 2 sort house out, is that ok?",en,uci_sms_spam_collection_v1,ham,NEEDS_REVIEW,,ed3fff41b24f,简短日常回复，属于个人对话片段
uci_00971,"Yar lor he wan 2 go c horse racing today mah, so eat earlier lor. I ate chicken rice. U?",en,uci_sms_spam_collection_v1,ham,NEEDS_REVIEW,,658d258b14fa,简短日常回复，属于个人对话片段
uci_00972,"Haha awesome, omw back now then",en,uci_sms_spam_collection_v1,ham,NEEDS_REVIEW,,cbe20909b3d6,简短日常回复，属于个人对话片段
uci_00973,Yup i thk so until e shop closes lor.,en,uci_sms_spam_collection_v1,ham,NEEDS_REVIEW,,e0fa7bc30071,简短日常回复，属于个人对话片段
uci_00974,what is your account number?,en,uci_sms_spam_collection_v1,ham,NEEDS_REVIEW,,b171acd18c9e,无法归入四类的私人消息或闲聊内容
uci_00975,Eh u send wrongly lar...,en,uci_sms_spam_collection_v1,ham,NEEDS_REVIEW,,8c54c4b2febf,无法归入四类的私人消息或闲聊内容
uci_00976,Hey no I ad a crap nite was borin without ya 2 boggy with me u boring biatch! Thanx but u wait til nxt time il ave ya,en,uci_sms_spam_collection_v1,ham,NEEDS_REVIEW,,281dd9c26f02,无法归入四类的私人消息或闲聊内容
uci_00977,Ok i shall talk to him,en,uci_sms_spam_collection_v1,ham,NEEDS_REVIEW,,824ac97e2ae8,简短日常回复，属于个人对话片段
uci_00978,Dont hesitate. You know this is the second time she has had weakness like that. So keep i notebook of what she eat and did the day before or if anything changed the day before so that we can be sure its nothing,en,uci_sms_spam_collection_v1,ham,NEEDS_REVIEW,,6a1faabbd95d,简短日常回复，属于个人对话片段
uci_00979,Hey you can pay. With salary de. Only  &lt;#&gt; .,en,uci_sms_spam_collection_v1,ham,NEEDS_REVIEW,,19e8907e33d8,无法归入四类的私人消息或闲聊内容
uci_00980,Another month. I need chocolate weed and alcohol.,en,uci_sms_spam_collection_v1,ham,NEEDS_REVIEW,,fd4d5f28a3f7,无法归入四类的私人消息或闲聊内容
uci_00981,If he started searching he will get job in few days.he have great potential and talent.,en,uci_sms_spam_collection_v1,ham,NEEDS_REVIEW,,3457f96ea83d,关于饮食的个人随意闲聊
uci_00982,Reckon need to be in town by eightish to walk from * carpark.,en,uci_sms_spam_collection_v1,ham,NEEDS_REVIEW,,d7a5a3970c7f,关于出行安排的个人对话
uci_00983,"Congrats! 2 mobile 3G Videophones R yours. call 09063458130 now! videochat wid your mates, play java games, Dload polyPH music, noline rentl.",en,uci_sms_spam_collection_v1,spam,AD,,cc5a1bb8128d,推广3G视频手机的商业广告，诱导拨打电话领取
uci_00984,LOOK AT THE FUCKIN TIME. WHAT THE FUCK YOU THINK IS UP,en,uci_sms_spam_collection_v1,ham,NEEDS_REVIEW,,955af326a667,简短日常回复，属于个人对话片段
uci_00985,Yo guess what I just dropped,en,uci_sms_spam_collection_v1,ham,NEEDS_REVIEW,,d6247bf49a1d,无法归入四类的私人消息或闲聊内容
uci_00986,Carlos says he'll be at mu in  &lt;#&gt;  minutes,en,uci_sms_spam_collection_v1,ham,NEEDS_REVIEW,,7f153fd978ea,关于出行安排的个人对话
uci_00987,I'm in office now . I will call you  &lt;#&gt;  min:),en,uci_sms_spam_collection_v1,ham,NEEDS_REVIEW,,188227105aa5,关于工作事务的个人对话
uci_00988,"Geeee ... I miss you already, you know ? Your all I can think about. Fuck, I can't wait till next year when we will be together ... *loving kiss*",en,uci_sms_spam_collection_v1,ham,NEEDS_REVIEW,,282db4508304,表达爱意或思念的私人情话，属于个人对话
uci_00989,"Yun ah.the ubi one say if ¨¹ wan call by tomorrow.call 67441233 look for irene.ere only got bus8,22,65,61,66,382. Ubi cres,ubi tech park.6ph for 1st 5wkg days.¨¨n",en,uci_sms_spam_collection_v1,ham,NEEDS_REVIEW,,a1aebe33ca8b,简短日常回复，属于个人对话片段
uci_00990,Ugh. Gotta drive back to sd from la. My butt is sore.,en,uci_sms_spam_collection_v1,ham,NEEDS_REVIEW,,4428d51101cf,关于出行安排的个人对话
uci_00991,26th OF JULY,en,uci_sms_spam_collection_v1,ham,NEEDS_REVIEW,,d8e1a47b060f,无法归入四类的私人消息或闲聊内容
uci_00992,Hi im having the most relaxing time ever! we have to get up at 7am every day! was the party good the other night? I get home tomorrow at 5ish.,en,uci_sms_spam_collection_v1,ham,NEEDS_REVIEW,,eee3523ded7e,关于出行安排的个人对话
uci_00993,Up to ¨¹... ¨¹ wan come then come lor... But i din c any stripes skirt...,en,uci_sms_spam_collection_v1,ham,NEEDS_REVIEW,,1a523aab3650,简短日常回复，属于个人对话片段
uci_00994,The Xmas story is peace.. The Xmas msg is love.. The Xmas miracle is jesus.. Hav a blessed month ahead &amp; wish U Merry Xmas...,en,uci_sms_spam_collection_v1,ham,NEEDS_REVIEW,,b69e6831a29a,表达爱意或思念的私人情话，属于个人对话
uci_00995,"I can't, I don't have her number!",en,uci_sms_spam_collection_v1,ham,NEEDS_REVIEW,,1b2915990fac,无法归入四类的私人消息或闲聊内容
uci_00996,Change again... It's e one next to escalator...,en,uci_sms_spam_collection_v1,ham,NEEDS_REVIEW,,ee9fe45e182c,无法归入四类的私人消息或闲聊内容
uci_00997,Yetunde i'm in class can you not run water on it to make it ok. Pls now.,en,uci_sms_spam_collection_v1,ham,NEEDS_REVIEW,,c81e5eb8f67b,简短日常回复，属于个人对话片段
uci_00998,Not a lot has happened here. Feels very quiet. Beth is at her aunts and charlie is working lots. Just me and helen in at the mo. How have you been?,en,uci_sms_spam_collection_v1,ham,NEEDS_REVIEW,,f3bcf9d0a229,关于工作事务的个人对话
uci_00999,Then ¨¹ wait 4 me at bus stop aft ur lect lar. If i dun c ¨¹ then i go get my car then come back n pick ¨¹.,en,uci_sms_spam_collection_v1,ham,NEEDS_REVIEW,,e8df1fab4c90,关于出行安排的个人对话
uci_01000,"Aight will do, thanks again for comin out",en,uci_sms_spam_collection_v1,ham,NEEDS_REVIEW,,48a1b600fa37,无法归入四类的私人消息或闲聊内容
uci_01001,No..but heard abt tat..,en,uci_sms_spam_collection_v1,ham,NEEDS_REVIEW,,004e5b6a3718,无法归入四类的私人消息或闲聊内容
uci_01002,Please call our customer service representative on FREEPHONE 0808 145 4742 between 9am-11pm as you have WON a guaranteed ¡ê1000 cash or ¡ê5000 prize!,en,uci_sms_spam_collection_v1,spam,FRAUD,,80204a8f2287,假中奖骗局，声称赢得1000英镑现金或5000英镑奖品，诱导拨打收费电话，典型诈骗
uci_01003,Yes..he is really great..bhaji told kallis best cricketer after sachin in world:).very tough to get out.,en,uci_sms_spam_collection_v1,ham,NEEDS_REVIEW,,0f5f3fcabd05,关于饮食的个人随意闲聊
uci_01004,&lt;#&gt;  am I think? Should say on syllabus,en,uci_sms_spam_collection_v1,ham,NEEDS_REVIEW,,f822d3fc2418,关于出行安排的个人对话
uci_01005,Umma. Did she say anything,en,uci_sms_spam_collection_v1,ham,NEEDS_REVIEW,,bfe4251a7531,无法归入四类的私人消息或闲聊内容
uci_01006,Give me a sec to think think about it,en,uci_sms_spam_collection_v1,ham,NEEDS_REVIEW,,3b57273334e0,无法归入四类的私人消息或闲聊内容
uci_01007,Panasonic & BluetoothHdset FREE. Nokia FREE. Motorola FREE & DoubleMins & DoubleTxt on Orange contract. Call MobileUpd8 on 08000839402 or call 2optout,en,uci_sms_spam_collection_v1,spam,AD,,428f905f1015,推广免费手机和双倍通话时间的商业促销广告
uci_01008,I don't quite know what to do. I still can't get hold of anyone. I cud pick you up bout 7.30pm and we can see if they're in the pub?,en,uci_sms_spam_collection_v1,ham,NEEDS_REVIEW,,dbb0b3999f1d,无法归入四类的私人消息或闲聊内容
uci_01009,"Poyyarikatur,kolathupalayam,unjalur post,erode dis, &lt;#&gt; .",en,uci_sms_spam_collection_v1,ham,NEEDS_REVIEW,,02ad511342d3,简短日常回复，属于个人对话片段
uci_01010,"Dear Hero,i am leaving to qatar tonite for an apt opportunity.pls do keep in touch at  &lt;EMAIL&gt; ,kerala",en,uci_sms_spam_collection_v1,ham,NEEDS_REVIEW,,5a6b68d74771,无法归入四类的私人消息或闲聊内容
uci_01011,Lol I would but my mom would have a fit and tell the whole family how crazy and terrible I am,en,uci_sms_spam_collection_v1,ham,NEEDS_REVIEW,,9e46a4fd4ff3,简短日常回复，属于个人对话片段
uci_01012,"I just got home babe, are you still awake ?",en,uci_sms_spam_collection_v1,ham,NEEDS_REVIEW,,4d79846c4c0e,表达爱意或思念的私人情话，属于个人对话
uci_01013,I dunno they close oredi not... ¨¹ v ma fan...,en,uci_sms_spam_collection_v1,ham,NEEDS_REVIEW,,8b7c767adc2f,无法归入四类的私人消息或闲聊内容
uci_01014,Just buy a pizza. Meat lovers or supreme. U get to pick.,en,uci_sms_spam_collection_v1,ham,NEEDS_REVIEW,,48d508e050ba,表达爱意或思念的私人情话，属于个人对话
uci_01015,"Ya, told..she was asking wats matter?",en,uci_sms_spam_collection_v1,ham,NEEDS_REVIEW,,d99597bf9137,无法归入四类的私人消息或闲聊内容
uci_01016,"Dear,regret i cudnt pick call.drove down frm ctla now at cochin home.left mobile in car..ente style ishtamayoo?happy bakrid!",en,uci_sms_spam_collection_v1,ham,NEEDS_REVIEW,,4b46ba204420,关于出行安排的个人对话
uci_01017,FREE for 1st week! No1 Nokia tone 4 ur mob every week just txt NOKIA to 8007 Get txting and tell ur mates www.getzed.co.uk POBox 36504 W45WQ norm150p/tone 16+,en,uci_sms_spam_collection_v1,spam,AD,,68248d71dcc0,推广免费铃声订阅服务，诱导回复NOKIA到免费号码，商业促销广告
uci_01018,Shall i send that exe to your mail id.,en,uci_sms_spam_collection_v1,ham,NEEDS_REVIEW,,db3b6426e71e,无法归入四类的私人消息或闲聊内容
uci_01019,Nope watching tv at home... Not going out. V bored...,en,uci_sms_spam_collection_v1,ham,NEEDS_REVIEW,,aaea841010e8,关于出行安排的个人对话
uci_01020,Don know..wait i will check it.,en,uci_sms_spam_collection_v1,ham,NEEDS_REVIEW,,b8b42196e2ff,无法归入四类的私人消息或闲聊内容
uci_01021,"Good afternoon on this glorious anniversary day, my sweet J !! I hope this finds you happy and content, my Prey. I think of you and send a teasing kiss from across the sea coaxing images of fond souveniers ... You Cougar-Pen",en,uci_sms_spam_collection_v1,ham,NEEDS_REVIEW,,fd489c41b34a,表达爱意或思念的私人情话，属于个人对话
uci_01022,Guess what! Somebody you know secretly fancies you! Wanna find out who it is? Give us a call on 09065394514 From Landline DATEBox1282EssexCM61XN 150p/min 18,en,uci_sms_spam_collection_v1,spam,HARASS,,d079ccb21630,推广收费约会猜名服务，诱导拨打电话，属于骚扰类交友营销
uci_01023,We still on for tonight?,en,uci_sms_spam_collection_v1,ham,NEEDS_REVIEW,,72bc3351aa91,无法归入四类的私人消息或闲聊内容
uci_01024,May i call You later Pls,en,uci_sms_spam_collection_v1,ham,NEEDS_REVIEW,,077dea72a5a9,无法归入四类的私人消息或闲聊内容
uci_01025,Hasn't that been the pattern recently crap weekends?,en,uci_sms_spam_collection_v1,ham,NEEDS_REVIEW,,881a1ab67c04,无法归入四类的私人消息或闲聊内容
uci_01026,I have a sore throat. It's scratches when I talk,en,uci_sms_spam_collection_v1,ham,NEEDS_REVIEW,,738ebce4844e,无法归入四类的私人消息或闲聊内容
uci_01027,Yes da. Any plm at ur office,en,uci_sms_spam_collection_v1,ham,NEEDS_REVIEW,,23a7e16db9a5,关于工作事务的个人对话
uci_01028,Are you not around or just still asleep? :V,en,uci_sms_spam_collection_v1,ham,NEEDS_REVIEW,,0a9747ab5119,无法归入四类的私人消息或闲聊内容
uci_01029,"Lol you forgot it eh ? Yes, I'll bring it in babe",en,uci_sms_spam_collection_v1,ham,NEEDS_REVIEW,,79f0afac0f44,表达爱意或思念的私人情话，属于个人对话
uci_01030,"Its good, we'll find a way",en,uci_sms_spam_collection_v1,ham,NEEDS_REVIEW,,b2da8bdd2099,关于出行安排的个人对话
uci_01031,Can not use foreign stamps in this country. Good lecture .,en,uci_sms_spam_collection_v1,ham,NEEDS_REVIEW,,2e082c6843c9,关于出行安排的个人对话
uci_01032,Yup bathe liao...,en,uci_sms_spam_collection_v1,ham,NEEDS_REVIEW,,39876e67712b,无法归入四类的私人消息或闲聊内容
uci_01033,HAPPY NEW YEAR MY NO.1 MAN,en,uci_sms_spam_collection_v1,ham,NEEDS_REVIEW,,bfb7ef491f58,无法归入四类的私人消息或闲聊内容
uci_01034,"OH MR SHEFFIELD! You wanna play THAT game, okay. You're the boss and I'm the nanny. You give me a raise and I'll give YOU one!!",en,uci_sms_spam_collection_v1,ham,NEEDS_REVIEW,,7f38103482f0,简短日常回复，属于个人对话片段
uci_01035,ZOE IT JUST HIT ME 2 IM FUCKING SHITIN MYSELF IL DEFO TRY MY HARDEST 2 CUM 2MOROW LUV U MILLIONS LEKDOG,en,uci_sms_spam_collection_v1,ham,NEEDS_REVIEW,,ed217c231cfa,无法归入四类的私人消息或闲聊内容
uci_01036,"Hello baby, did you get back to your mom's ? Are you setting up the computer now ? Filling your belly ? How goes it loverboy ? I miss you already ... *sighs*",en,uci_sms_spam_collection_v1,ham,NEEDS_REVIEW,,b32a539612ac,表达爱意或思念的私人情话，属于个人对话
uci_01037,"No my blankets are sufficient, thx",en,uci_sms_spam_collection_v1,ham,NEEDS_REVIEW,,70161ddcfae4,无法归入四类的私人消息或闲聊内容
uci_01038,"naughty little thought: 'its better to flirt, flirt n flirt, rather than loving someone n gettin hurt, hurt n hurt...:-) Gud nyt",en,uci_sms_spam_collection_v1,ham,NEEDS_REVIEW,,69b66f417552,无法归入四类的私人消息或闲聊内容
uci_01039,"Edison has rightly said, ""A fool can ask more questions than a wise man can answer"" Now you know why all of us are speechless during ViVa.. GM,GN,GE,GNT:-)",en,uci_sms_spam_collection_v1,ham,NEEDS_REVIEW,,c02c360824c1,无法归入四类的私人消息或闲聊内容
uci_01040,They just talking thats it de. They wont any other.,en,uci_sms_spam_collection_v1,ham,NEEDS_REVIEW,,9de9f33f53e7,无法归入四类的私人消息或闲聊内容
uci_01041,Today am going to college so am not able to atten the class.,en,uci_sms_spam_collection_v1,ham,NEEDS_REVIEW,,ec56dcde693d,关于学校课程的个人对话
uci_01042,I'm in class. Will holla later,en,uci_sms_spam_collection_v1,ham,NEEDS_REVIEW,,eb1bde64265f,关于学校课程的个人对话
uci_01043,Easy ah?sen got selected means its good..,en,uci_sms_spam_collection_v1,ham,NEEDS_REVIEW,,d368b2f7eb16,关于出行安排的个人对话
uci_01044,Mmm thats better now i got a roast down me! i?d b better if i had a few drinks down me 2! Good indian?,en,uci_sms_spam_collection_v1,ham,NEEDS_REVIEW,,20b0c9bc286d,关于出行安排的个人对话
uci_01045,"We know someone who you know that fancies you. Call 09058097218 to find out who. POBox 6, LS15HB 150p",en,uci_sms_spam_collection_v1,spam,HARASS,,4a27d9aba8e1,推广收费约会猜名服务，属于骚扰类交友营销
uci_01046,"Come round, it's .",en,uci_sms_spam_collection_v1,ham,NEEDS_REVIEW,,9c0d5b4d5f5b,关于出行安排的个人对话
uci_01047,"Do 1 thing! Change that sentence into: ""Because i want 2 concentrate in my educational career im leaving here..""",en,uci_sms_spam_collection_v1,ham,NEEDS_REVIEW,,799ea697ddc4,关于出行安排的个人对话
uci_01048,"1000's flirting NOW! Txt GIRL or BLOKE & ur NAME & AGE, eg GIRL ZOE 18 to 8007 to join and get chatting!",en,uci_sms_spam_collection_v1,spam,HARASS,,fab9c9d2e8e1,推广付费聊天交友服务，诱导发送姓名年龄加入，属于骚扰类交友营销
uci_01049,I walked an hour 2 c u! doesn?t that show I care y wont u believe im serious?,en,uci_sms_spam_collection_v1,ham,NEEDS_REVIEW,,0fbf72c9613c,关于出行安排的个人对话
uci_01050,18 days to Euro2004 kickoff! U will be kept informed of all the latest news and results daily. Unsubscribe send GET EURO STOP to 83222.,en,uci_sms_spam_collection_v1,spam,AD,,c1eb53c1d89f,推广Euro 2004足球赛事订阅服务，商业信息推送广告
uci_01051,Are you available for soiree on June 3rd?,en,uci_sms_spam_collection_v1,ham,NEEDS_REVIEW,,ebe5872b6f1c,无法归入四类的私人消息或闲聊内容
uci_01052,Do u noe wat time e place dat sells 4d closes?,en,uci_sms_spam_collection_v1,ham,NEEDS_REVIEW,,2ffaca137e44,无法归入四类的私人消息或闲聊内容
uci_01053,"I got another job! The one at the hospital doing data analysis or something, starts on monday! Not sure when my thesis will got finished",en,uci_sms_spam_collection_v1,ham,NEEDS_REVIEW,,e24a94a73dc7,关于工作事务的个人对话
uci_01054,Jay's getting really impatient and belligerent,en,uci_sms_spam_collection_v1,ham,NEEDS_REVIEW,,fe5aafb8da3d,无法归入四类的私人消息或闲聊内容
uci_01055,HIYA COMIN 2 BRISTOL 1 ST WEEK IN APRIL. LES GOT OFF + RUDI ON NEW YRS EVE BUT I WAS SNORING.THEY WERE DRUNK! U BAK AT COLLEGE YET? MY WORK SENDS INK 2 BATH.,en,uci_sms_spam_collection_v1,ham,NEEDS_REVIEW,,cd412dea6684,关于学校课程的个人对话
uci_01056,I'm at work. Please call,en,uci_sms_spam_collection_v1,ham,NEEDS_REVIEW,,a81ed1591415,关于工作事务的个人对话
uci_01057,Then u drive lor.,en,uci_sms_spam_collection_v1,ham,NEEDS_REVIEW,,4f1aa02d0c8a,简短日常回复，属于个人对话片段
uci_01058,Ard 515 like dat. Y?,en,uci_sms_spam_collection_v1,ham,NEEDS_REVIEW,,98774200c448,无法归入四类的私人消息或闲聊内容
uci_01059,Tell me they're female :V how're you throwing in? We're deciding what all to get now,en,uci_sms_spam_collection_v1,ham,NEEDS_REVIEW,,d78fe58df209,无法归入四类的私人消息或闲聊内容
uci_01060,EASTENDERS TV Quiz. What FLOWER does DOT compare herself to? D= VIOLET E= TULIP F= LILY txt D E or F to 84025 NOW 4 chance 2 WIN ¡ê100 Cash WKENT/150P16+,en,uci_sms_spam_collection_v1,spam,AD,,dfee5f3aea90,推广电视节目互动游戏，诱导回复赢取100英镑现金，付费互动广告
uci_01061,I'm working technical support :)voice process.networking field.,en,uci_sms_spam_collection_v1,ham,NEEDS_REVIEW,,f78095fdbe25,关于工作事务的个人对话
uci_01062,I might come to kerala for 2 days.so you can be prepared to take a leave once i finalise .dont plan any travel during my visit.need to finish urgent works.,en,uci_sms_spam_collection_v1,ham,NEEDS_REVIEW,,967a3b77b8b8,关于工作事务的个人对话
uci_01063,Ok. Not sure what time tho as not sure if can get to library before class. Will try. See you at some point! Have good eve.,en,uci_sms_spam_collection_v1,ham,NEEDS_REVIEW,,7a6b5bda6a5e,简短日常回复，属于个人对话片段
uci_01064,We have new local dates in your area - Lots of new people registered in YOUR AREA. Reply DATE to start now! 18 only www.flirtparty.us REPLYS150,en,uci_sms_spam_collection_v1,spam,HARASS,,22d1bedc7a06,推广本地交友约会服务，诱导回复加入付费社区，属于灰色骚扰营销
uci_01065,"That's fine, I'll bitch at you about it later then",en,uci_sms_spam_collection_v1,ham,NEEDS_REVIEW,,f958b6facab0,无法归入四类的私人消息或闲聊内容
uci_01066,No my mum went 2 dentist.,en,uci_sms_spam_collection_v1,ham,NEEDS_REVIEW,,9f51419877f8,无法归入四类的私人消息或闲聊内容
uci_01067,Once free call me sir. I am waiting for you.,en,uci_sms_spam_collection_v1,ham,NEEDS_REVIEW,,302f4525f579,关于打电话的个人请求或安排
uci_01068,Meeting u is my work. . . Tel me when shall i do my work tomorrow,en,uci_sms_spam_collection_v1,ham,NEEDS_REVIEW,,a9d94df8cbd8,关于工作事务的个人对话
uci_01069,Someone U know has asked our dating service 2 contact you! Cant Guess who? CALL 09058091854 NOW all will be revealed. PO BOX385 M6 6WU,en,uci_sms_spam_collection_v1,spam,HARASS,,4365e140599b,推广收费约会猜名服务，属于骚扰类交友营销
uci_01070,Jus finish bathing...,en,uci_sms_spam_collection_v1,ham,NEEDS_REVIEW,,23232530e07c,无法归入四类的私人消息或闲聊内容
uci_01071,"alright, I'll make sure the car is back tonight",en,uci_sms_spam_collection_v1,ham,NEEDS_REVIEW,,5089d14e0fc6,关于出行安排的个人对话
uci_01072,URGENT! We are trying to contact U. Todays draw shows that you have won a ¡ê800 prize GUARANTEED. Call 09050003091 from land line. Claim C52. Valid12hrs only,en,uci_sms_spam_collection_v1,spam,FRAUD,,5e21faa9d2c0,假中奖骗局，声称赢得800英镑保证奖需从固定电话拨打领取，典型诈骗话术
uci_01073,Dear U've been invited to XCHAT. This is our final attempt to contact u! Txt CHAT to 86688,en,uci_sms_spam_collection_v1,spam,HARASS,,826861988eb4,推广付费聊天服务，最终尝试联系诱导加入XCHAT，属于骚扰类交友营销
uci_01074,Lul im gettin some juicy gossip at the hospital. Two nurses are talking about how fat they are gettin. And one thinks shes obese. Oyea.,en,uci_sms_spam_collection_v1,ham,NEEDS_REVIEW,,0022d281c758,关于出行安排的个人对话
uci_01075,Aight ill get on fb in a couple minutes,en,uci_sms_spam_collection_v1,ham,NEEDS_REVIEW,,68b43d27895e,无法归入四类的私人消息或闲聊内容
uci_01076,Oi. Ami parchi na re. Kicchu kaaj korte iccha korche na. Phone ta tul na. Plz. Plz.,en,uci_sms_spam_collection_v1,ham,NEEDS_REVIEW,,2429787a3f7e,关于打电话的个人请求或安排
uci_01077,Where can download clear movies. Dvd copies.,en,uci_sms_spam_collection_v1,ham,NEEDS_REVIEW,,7e6f6c9b9131,关于娱乐活动的个人随意闲聊
uci_01078,"Yep, by the pretty sculpture",en,uci_sms_spam_collection_v1,ham,NEEDS_REVIEW,,ccee6838ab31,无法归入四类的私人消息或闲聊内容
uci_01079,Convey my regards to him,en,uci_sms_spam_collection_v1,ham,NEEDS_REVIEW,,f283cad92fa2,无法归入四类的私人消息或闲聊内容
uci_01080,Me too watching surya movie only. . .after 6 pm vijay movie POKKIRI,en,uci_sms_spam_collection_v1,ham,NEEDS_REVIEW,,72a2c755e5e6,简短日常回复，属于个人对话片段
uci_01081,You tell what happen dont behave like this to me. Ok no need to say,en,uci_sms_spam_collection_v1,ham,NEEDS_REVIEW,,330861ce88d7,简短日常回复，属于个人对话片段
uci_01082,Can u get pic msgs to your phone?,en,uci_sms_spam_collection_v1,ham,NEEDS_REVIEW,,7f1978a29010,关于打电话的个人请求或安排
uci_01083,Send to someone else :-),en,uci_sms_spam_collection_v1,ham,NEEDS_REVIEW,,6a1e89f90097,无法归入四类的私人消息或闲聊内容
uci_01084,Wat makes some people dearer is not just de happiness dat u feel when u meet them but de pain u feel when u miss dem!!!,en,uci_sms_spam_collection_v1,ham,NEEDS_REVIEW,,a52350d8c081,关于健康不适的个人描述
uci_01085,For me the love should start with attraction.i should feel that I need her every time around me.she should be the first thing which comes in my thoughts.I would start the day and end it with her.she should be there every time I dream.love will be then when my every breath has her name.my life should happen around her.my life will be named to her.I would cry for her.will give all my happiness and take all her sorrows.I will be ready to fight with anyone for her.I will be in love when I will be doing the craziest things for her.love will be when I don't have to proove anyone that my girl is the most beautiful lady on the whole planet.I will always be singing praises for her.love will be when I start up making chicken curry and end up makiing sambar.life will be the most beautiful then.will get every morning and thank god for the day because she is with me.I would like to say a lot..will tell later..,en,uci_sms_spam_collection_v1,ham,NEEDS_REVIEW,,10bc1c5a65a3,表达爱意或思念的私人情话，属于个人对话
uci_01086,"FR'NDSHIP is like a needle of a clock. Though V r in d same clock, V r nt able 2 met. Evn if V meet,itz only 4few seconds. Bt V alwys stay conected. Gud 9t;-)",en,uci_sms_spam_collection_v1,ham,NEEDS_REVIEW,,968fc64c8ee2,无法归入四类的私人消息或闲聊内容
uci_01087,I don't think he has spatula hands!,en,uci_sms_spam_collection_v1,ham,NEEDS_REVIEW,,4165a273ec6e,无法归入四类的私人消息或闲聊内容
uci_01088,You can never do NOTHING,en,uci_sms_spam_collection_v1,ham,NEEDS_REVIEW,,cbadc74f31e8,无法归入四类的私人消息或闲聊内容
uci_01089,You are awarded a SiPix Digital Camera! call 09061221061 from landline. Delivery within 28days. T Cs Box177. M221BP. 2yr warranty. 150ppm. 16 . p p¡ê3.99,en,uci_sms_spam_collection_v1,spam,AD,,ce76a4fbddf9,推广免费数码相机，诱导从固定电话拨打领取，商业促销广告
uci_01090,Goodmorning today i am late for  &lt;DECIMAL&gt; min.,en,uci_sms_spam_collection_v1,ham,NEEDS_REVIEW,,6c7125e13e05,日常问候，属于个人闲聊
uci_01091,WIN URGENT! Your mobile number has been awarded with a ¡ê2000 prize GUARANTEED call 09061790121 from land line. claim 3030 valid 12hrs only 150ppm,en,uci_sms_spam_collection_v1,spam,FRAUD,,1745304ac9fc,假中奖骗局，声称手机号码被奖2000英镑保证奖需电话领取，典型诈骗话术
uci_01092,Please da call me any mistake from my side sorry da. Pls da goto doctor.,en,uci_sms_spam_collection_v1,ham,NEEDS_REVIEW,,3bedb0ce66fb,关于打电话的个人请求或安排
uci_01093,Where r we meeting?,en,uci_sms_spam_collection_v1,ham,NEEDS_REVIEW,,8e72b9c4d886,关于工作事务的个人对话
uci_01094,"Well the weather in cali's great. But its complexities are great. You need a car to move freely, its taxes are outrageous. But all in all its a great place. The sad part is i missing home.",en,uci_sms_spam_collection_v1,ham,NEEDS_REVIEW,,c2434e8f94e8,关于饮食的个人随意闲聊
uci_01095,Now only i reached home. . . I am very tired now. . I will come tomorro,en,uci_sms_spam_collection_v1,ham,NEEDS_REVIEW,,24ba6f90ea45,关于出行安排的个人对话
uci_01096,Ryder unsold.now gibbs.,en,uci_sms_spam_collection_v1,ham,NEEDS_REVIEW,,470fb5a19c83,无法归入四类的私人消息或闲聊内容
uci_01097,Dear Subscriber ur draw 4 ¡ê100 gift voucher will b entered on receipt of a correct ans. When was Elvis Presleys Birthday? TXT answer to 80062,en,uci_sms_spam_collection_v1,spam,AD,,3672cbfc39c7,推广抽奖答题赢取礼物券，诱导回复答案，付费互动促销广告
uci_01098,Don't fret. I'll buy the ovulation test strips and send them to you. You wont get them til like march. Can you send me your postal address.u'll be alright.Okay.,en,uci_sms_spam_collection_v1,ham,NEEDS_REVIEW,,37e2738d3e71,简短日常回复，属于个人对话片段
uci_01099,NO GIFTS!! You trying to get me to throw myself off a cliff or something?,en,uci_sms_spam_collection_v1,ham,NEEDS_REVIEW,,45132c6f49f8,无法归入四类的私人消息或闲聊内容
uci_01100,Been up to ne thing interesting. Did you have a good birthday? When are u wrking nxt? I started uni today.,en,uci_sms_spam_collection_v1,ham,NEEDS_REVIEW,,894686905569,关于出行安排的个人对话
uci_01101,You busy or can I come by at some point and figure out what we're doing tomorrow,en,uci_sms_spam_collection_v1,ham,NEEDS_REVIEW,,1a70281d2dfa,关于出行安排的个人对话
uci_01102,"Yeah go on then, bored and depressed sittin waitin for phone to ring... Hope the wind drops though, scary",en,uci_sms_spam_collection_v1,ham,NEEDS_REVIEW,,7bf716c474db,关于打电话的个人请求或安排
uci_01103,Black shirt n blue jeans... I thk i c ¨¹...,en,uci_sms_spam_collection_v1,ham,NEEDS_REVIEW,,d46de464373b,无法归入四类的私人消息或闲聊内容
uci_01104,Aiyah sorry lor... I watch tv watch until i forgot 2 check my phone.,en,uci_sms_spam_collection_v1,ham,NEEDS_REVIEW,,376742d31b31,简短日常回复，属于个人对话片段
uci_01105,Message Important information for O2 user. Today is your lucky day! 2 find out why log onto http://www.urawinner.com there is a fantastic surprise awaiting you,en,uci_sms_spam_collection_v1,spam,FRAUD,,f493b07ba28d,虚假中奖惊喜链接，诱导点击网址获取个人信息，是典型钓鱼诈骗
uci_01106,on hen night. Going with a swing,en,uci_sms_spam_collection_v1,ham,NEEDS_REVIEW,,086511ba2aed,关于出行安排的个人对话
uci_01107,"Good afternoon, my love. How goes your day ? What are you up to ? I woke early and am online waiting for you ... Hmmm ... Italian boy is online I see . *grins*",en,uci_sms_spam_collection_v1,ham,NEEDS_REVIEW,,0e7e108086c0,表达爱意或思念的私人情话，属于个人对话
uci_01108,From someone not to smoke when every time I've smoked in the last two weeks is because of you calling or texting me that you wanted to smoke,en,uci_sms_spam_collection_v1,ham,NEEDS_REVIEW,,98724e35f500,简短日常回复，属于个人对话片段
uci_01109,No you'll just get a headache trying to figure it out. U can trust me to do the math. I promise. O:-),en,uci_sms_spam_collection_v1,ham,NEEDS_REVIEW,,cdb79658744f,关于健康不适的个人描述
uci_01110,S s..first time..dhoni rocks...,en,uci_sms_spam_collection_v1,ham,NEEDS_REVIEW,,2a15d4f11f38,无法归入四类的私人消息或闲聊内容
uci_01111,Ok ill tell the company,en,uci_sms_spam_collection_v1,ham,NEEDS_REVIEW,,b44a22a09027,简短日常回复，属于个人对话片段
uci_01112,"Awesome, think we can get an 8th at usf some time tonight?",en,uci_sms_spam_collection_v1,ham,NEEDS_REVIEW,,339724702d80,无法归入四类的私人消息或闲聊内容
uci_01113,So that means you still think of teju,en,uci_sms_spam_collection_v1,ham,NEEDS_REVIEW,,eeb473f9f263,无法归入四类的私人消息或闲聊内容
uci_01114,"No I'm good for the movie, is it ok if I leave in an hourish?",en,uci_sms_spam_collection_v1,ham,NEEDS_REVIEW,,62f92d468743,简短日常回复，属于个人对话片段
uci_01115,No no:)this is kallis home ground.amla home town is durban:),en,uci_sms_spam_collection_v1,ham,NEEDS_REVIEW,,093105c63d81,无法归入四类的私人消息或闲聊内容
uci_01116,So lets make it saturday or monday as per convenience.,en,uci_sms_spam_collection_v1,ham,NEEDS_REVIEW,,3eaf350cf48b,无法归入四类的私人消息或闲聊内容
uci_01117,Hey... What time is your driving on fri? We go for evaluation on fri?,en,uci_sms_spam_collection_v1,ham,NEEDS_REVIEW,,74f1453e61fb,关于出行安排的个人对话
uci_01118,"449050000301 You have won a ¡ê2,000 price! To claim, call 09050000301.",en,uci_sms_spam_collection_v1,spam,FRAUD,,aa61caae0239,假中奖骗局，声称赢得2000英镑奖品需拨打领取，典型中奖诈骗
uci_01119,I'm going 4 lunch now wif my family then aft dat i go str 2 orchard lor.,en,uci_sms_spam_collection_v1,ham,NEEDS_REVIEW,,e9d00ad86d73,简短日常回复，属于个人对话片段
uci_01120,"Bored of speed dating? Try SPEEDCHAT, txt SPEEDCHAT to 80155, if you don't like em txt SWAP and get a new chatter! Chat80155 POBox36504W45WQ 150p/msg rcd 16",en,uci_sms_spam_collection_v1,spam,HARASS,,623eac4f124a,推广付费速配聊天服务，诱导回复加入，属于骚扰类交友营销
uci_01121,Cancel cheyyamo?and get some money back?,en,uci_sms_spam_collection_v1,ham,NEEDS_REVIEW,,a1f4370b680c,无法归入四类的私人消息或闲聊内容
uci_01122,Do you want 750 anytime any network mins 150 text and a NEW video phone for only five pounds per week call 08000776320 now or reply for delivery Tomorrow,en,uci_sms_spam_collection_v1,spam,AD,,5e5b7c6ff0c0,推广手机通话分钟和短信套餐，商业促销广告
uci_01123,Ok.ok ok..then..whats ur todays plan,en,uci_sms_spam_collection_v1,ham,NEEDS_REVIEW,,69dd5c723641,简短日常回复，属于个人对话片段
uci_01124,Good morning princess! How are you?,en,uci_sms_spam_collection_v1,ham,NEEDS_REVIEW,,e5b84c53c992,日常问候，属于个人闲聊
uci_01125,Aiyar sorry lor forgot 2 tell u...,en,uci_sms_spam_collection_v1,ham,NEEDS_REVIEW,,3ec16d2410ac,简短日常回复，属于个人对话片段
uci_01126,For taking part in our mobile survey yesterday! You can now have 500 texts 2 use however you wish. 2 get txts just send TXT to 80160 T&C www.txt43.com 1.50p,en,uci_sms_spam_collection_v1,spam,FRAUD,,4e646a487931,虚假奖励骗局，声称参与问卷即可获得500条短信，诱导回复付费号码，是收费诈骗
uci_01127,Not tonight mate. Catching up on some sleep. This is my new number by the way.,en,uci_sms_spam_collection_v1,ham,NEEDS_REVIEW,,c6e3d6d00c90,朋友间的随意闲聊
uci_01128,"Height of ""Oh shit....!!"" situation: A guy throws a luv letter on a gal but falls on her brothers head whos a gay,.;-):-D",en,uci_sms_spam_collection_v1,ham,NEEDS_REVIEW,,7b3221c0ab9a,朋友间的随意闲聊
uci_01129,Ur HMV Quiz cash-balance is currently ¡ê500 - to maximize ur cash-in now send HMV1 to 86688 only 150p/msg,en,uci_sms_spam_collection_v1,spam,FRAUD,,a8aa8a928d10,虚假余额通知，声称HMV quiz余额500英镑，诱导发送HMV1到付费号码，是充值诈骗
uci_01130,"So check your errors and if you had difficulties, do correction.",en,uci_sms_spam_collection_v1,ham,NEEDS_REVIEW,,5650dea302ef,无法归入四类的私人消息或闲聊内容
uci_01131,Howz pain?hope u r fine..,en,uci_sms_spam_collection_v1,ham,NEEDS_REVIEW,,d626a78c93b3,关于健康不适的个人描述
uci_01132,"Sorry, I'll call later",en,uci_sms_spam_collection_v1,ham,NEEDS_REVIEW,,d5081f7715ce,无法归入四类的私人消息或闲聊内容
uci_01133,Good morning princess! How are you?,en,uci_sms_spam_collection_v1,ham,NEEDS_REVIEW,,e5b84c53c992,日常问候，属于个人闲聊
uci_01134,"As I entered my cabin my PA said, '' Happy B'day Boss !!''. I felt special. She askd me 4 lunch. After lunch she invited me to her apartment. We went there.",en,uci_sms_spam_collection_v1,ham,NEEDS_REVIEW,,3e4ea130fd02,关于饮食的个人随意闲聊
uci_01135,U wake up already? Thanx 4 e tau sar piah it's quite nice.,en,uci_sms_spam_collection_v1,ham,NEEDS_REVIEW,,60324c397f76,无法归入四类的私人消息或闲聊内容
uci_01136,K do I need a login or anything,en,uci_sms_spam_collection_v1,ham,NEEDS_REVIEW,,cb420e72bf94,无法归入四类的私人消息或闲聊内容
uci_01137,Dont forget you can place as many FREE Requests with 1stchoice.co.uk as you wish. For more Information call 08707808226.,en,uci_sms_spam_collection_v1,spam,AD,,57660980aef3,推广1stchoice.co.uk免费服务，诱导拨打电话获取更多信息，商业促销广告
uci_01138,LOL ... No just was busy,en,uci_sms_spam_collection_v1,ham,NEEDS_REVIEW,,d2feba4fcd94,简短日常回复，属于个人对话片段
uci_01139,What * u wearing?,en,uci_sms_spam_collection_v1,ham,NEEDS_REVIEW,,eff045c5dfc0,无法归入四类的私人消息或闲聊内容
uci_01140,Message:some text missing* Sender:Name Missing* *Number Missing *Sent:Date missing *Missing U a lot thats y everything is missing sent via fullonsms.com,en,uci_sms_spam_collection_v1,ham,NEEDS_REVIEW,,2ecb9bbcdeb3,无法归入四类的私人消息或闲聊内容
uci_01141,Oh:)as usual vijay film or its different?,en,uci_sms_spam_collection_v1,ham,NEEDS_REVIEW,,df304a7593a7,关于娱乐活动的个人随意闲聊
uci_01142,I don't know u and u don't know me. Send CHAT to 86688 now and let's find each other! Only 150p/Msg rcvd. HG/Suite342/2Lands/Row/W1J6HL LDN. 18 years or over.,en,uci_sms_spam_collection_v1,spam,HARASS,,da95ecf26aa2,推广付费聊天交友服务，诱导发送CHAT到付费号码，属于骚扰类交友营销
uci_01143,Have you had a good day? Mine was really busy are you up to much tomorrow night?,en,uci_sms_spam_collection_v1,ham,NEEDS_REVIEW,,95e33d21f4cd,关于出行安排的个人对话
uci_01144,And is there a way you can send shade's stuff to her. And she has been wonderful too.,en,uci_sms_spam_collection_v1,ham,NEEDS_REVIEW,,b389ac2274df,无法归入四类的私人消息或闲聊内容
uci_01145,Really... I tot ur paper ended long ago... But wat u copied jus now got use? U happy lar... I still haf 2 study :-(,en,uci_sms_spam_collection_v1,ham,NEEDS_REVIEW,,54949fa75bf6,关于学校课程的个人对话
uci_01146,"Thank you, winner notified by sms. Good Luck! No future marketing reply STOP to 84122 customer services 08450542832",en,uci_sms_spam_collection_v1,spam,AD,,78d72b54104e,中奖通知并要求回复STOP取消，属于营销后取消确认的促销信息
uci_01147,Babe ? I lost you ... :-(,en,uci_sms_spam_collection_v1,ham,NEEDS_REVIEW,,bf62a3f05a2a,表达爱意或思念的私人情话，属于个人对话
uci_01148,Ok... Help me ask if she's working tmr a not?,en,uci_sms_spam_collection_v1,ham,NEEDS_REVIEW,,e1678d1d85b8,简短日常回复，属于个人对话片段
uci_01149,I'm not driving... Raining! Then i'll get caught at e mrt station lor.,en,uci_sms_spam_collection_v1,ham,NEEDS_REVIEW,,8cab3519d0f6,简短日常回复，属于个人对话片段
uci_01150,Not a drop in the tank,en,uci_sms_spam_collection_v1,ham,NEEDS_REVIEW,,ef864e812a45,无法归入四类的私人消息或闲聊内容
uci_01151,(That said can you text him one more time?),en,uci_sms_spam_collection_v1,ham,NEEDS_REVIEW,,f80ba4993fd0,无法归入四类的私人消息或闲聊内容
uci_01152,"Sorry, I'll call later",en,uci_sms_spam_collection_v1,ham,NEEDS_REVIEW,,d5081f7715ce,无法归入四类的私人消息或闲聊内容
uci_01153,Ok i go change also...,en,uci_sms_spam_collection_v1,ham,NEEDS_REVIEW,,b39d55d4345c,简短日常回复，属于个人对话片段
uci_01154,1000's of girls many local 2 u who r virgins 2 this & r ready 2 4fil ur every sexual need. Can u 4fil theirs? text CUTE to 69911(¡ê1.50p. m),en,uci_sms_spam_collection_v1,spam,HARASS,,b630fa46c39b,推广付费色情交友服务，提供处女满足性需要，属于成人骚扰广告
uci_01155,Did u find a sitter for kaitlyn? I was sick and slept all day yesterday.,en,uci_sms_spam_collection_v1,ham,NEEDS_REVIEW,,fa49880644ef,关于健康不适的个人描述
uci_01156,"Sorry man, accidentally left my phone on silent last night and didn't check it til I got up",en,uci_sms_spam_collection_v1,ham,NEEDS_REVIEW,,f251f9342335,关于打电话的个人请求或安排
uci_01157,Hey.. Something came up last min.. Think i wun be signing up tmr.. Hee,en,uci_sms_spam_collection_v1,ham,NEEDS_REVIEW,,817b30ed89a4,无法归入四类的私人消息或闲聊内容
uci_01158,He's an adult and would learn from the experience. There's no real danger. I just dont like peeps using drugs they dont need. But no comment,en,uci_sms_spam_collection_v1,ham,NEEDS_REVIEW,,1e8cbf4659b4,无法归入四类的私人消息或闲聊内容
uci_01159,Hey! There's veggie pizza... :/,en,uci_sms_spam_collection_v1,ham,NEEDS_REVIEW,,b81b86218b62,关于饮食的个人随意闲聊
uci_01160,Yun buying... But school got offer 2000 plus only...,en,uci_sms_spam_collection_v1,ham,NEEDS_REVIEW,,ff6aa20652fe,关于学校课程的个人对话
uci_01161,You sure your neighbors didnt pick it up,en,uci_sms_spam_collection_v1,ham,NEEDS_REVIEW,,67ae035d698a,无法归入四类的私人消息或闲聊内容
uci_01162,K. I will sent it again,en,uci_sms_spam_collection_v1,ham,NEEDS_REVIEW,,4b725132c83d,无法归入四类的私人消息或闲聊内容
uci_01163,Free entry in 2 a wkly comp to win FA Cup final tkts 21st May 2005. Text FA to 87121 to receive entry question(std txt rate)T&C's apply 08452810075over18's,en,uci_sms_spam_collection_v1,spam,AD,,e0774c76ad85,推广FA杯决赛抽奖，诱导回复参与竞赛，抽奖促销广告
uci_01164,"New Theory: Argument wins d SITUATION, but loses the PERSON. So dont argue with ur friends just.. . . . kick them &amp; say, I'm always correct.!",en,uci_sms_spam_collection_v1,ham,NEEDS_REVIEW,,cb5bd9f852ce,朋友间的随意闲聊
uci_01165,Well. Im computerless. Time to make some oreo truffles,en,uci_sms_spam_collection_v1,ham,NEEDS_REVIEW,,0f4aad5d0e3c,无法归入四类的私人消息或闲聊内容
uci_01166,"Haha yeah I see that now, be there in a sec",en,uci_sms_spam_collection_v1,ham,NEEDS_REVIEW,,1c5f30555fe7,简短日常回复，属于个人对话片段
uci_01167,I am not having her number sir,en,uci_sms_spam_collection_v1,ham,NEEDS_REVIEW,,71d5674346ff,无法归入四类的私人消息或闲聊内容
uci_01168,Lol now I'm after that hot air balloon!,en,uci_sms_spam_collection_v1,ham,NEEDS_REVIEW,,161254d04eb4,简短日常回复，属于个人对话片段
uci_01169,Ok . . now i am in bus. . If i come soon i will come otherwise tomorrow,en,uci_sms_spam_collection_v1,ham,NEEDS_REVIEW,,aa93d706ee2c,简短日常回复，属于个人对话片段
uci_01170,Msgs r not time pass.They silently say that I am thinking of U right now and also making U think of me at least 4 a moment. Gd nt.swt drms @Shesil,en,uci_sms_spam_collection_v1,ham,NEEDS_REVIEW,,ee187160759e,无法归入四类的私人消息或闲聊内容
uci_01171,"Yeah, we can probably swing by once my roommate finishes up with his girl",en,uci_sms_spam_collection_v1,ham,NEEDS_REVIEW,,97d81475b1c3,朋友间的随意闲聊
uci_01172,"Got what it takes 2 take part in the WRC Rally in Oz? U can with Lucozade Energy! Text RALLY LE to 61200 (25p), see packs or lucozade.co.uk/wrc & itcould be u!",en,uci_sms_spam_collection_v1,spam,AD,,fdea11c19575,推广WRC拉力赛互动活动，诱导发送RALLY LE到付费号码，商业促销广告
uci_01173,Happy new years melody!,en,uci_sms_spam_collection_v1,ham,NEEDS_REVIEW,,ac907975a8b8,无法归入四类的私人消息或闲聊内容
uci_01174,¨¹ dun need to pick ur gf?,en,uci_sms_spam_collection_v1,ham,NEEDS_REVIEW,,6583eb7bf87b,无法归入四类的私人消息或闲聊内容
uci_01175,Yay! You better not have told that to 5 other girls either.,en,uci_sms_spam_collection_v1,ham,NEEDS_REVIEW,,30abfe628b86,无法归入四类的私人消息或闲聊内容
uci_01176,Horrible u eat macs eat until u forgot abt me already rite... U take so long 2 reply. I thk it's more toot than b4 so b prepared. Now wat shall i eat?,en,uci_sms_spam_collection_v1,ham,NEEDS_REVIEW,,fe1ae1e68811,关于饮食的个人随意闲聊
uci_01177,"Did he say how fantastic I am by any chance, or anything need a bigger life lift as losing the will 2 live, do you think I would be the first person 2 die from N V Q?",en,uci_sms_spam_collection_v1,ham,NEEDS_REVIEW,,47bea58de998,无法归入四类的私人消息或闲聊内容
uci_01178,Just nw i came to hme da..,en,uci_sms_spam_collection_v1,ham,NEEDS_REVIEW,,03890841c6af,无法归入四类的私人消息或闲聊内容
uci_01179,"I'm outside islands, head towards hard rock and you'll run into me",en,uci_sms_spam_collection_v1,ham,NEEDS_REVIEW,,9d570c700114,无法归入四类的私人消息或闲聊内容
uci_01180,To day class is there are no class.,en,uci_sms_spam_collection_v1,ham,NEEDS_REVIEW,,6b468806f20a,关于学校课程的个人对话
uci_01181,I'm in chennai velachery:),en,uci_sms_spam_collection_v1,ham,NEEDS_REVIEW,,5e9c886e42c8,无法归入四类的私人消息或闲聊内容
uci_01182,You flippin your shit yet?,en,uci_sms_spam_collection_v1,ham,NEEDS_REVIEW,,f1d90cb94250,无法归入四类的私人消息或闲聊内容
uci_01183,"K give me a sec, breaking a  &lt;#&gt;  at cstore",en,uci_sms_spam_collection_v1,ham,NEEDS_REVIEW,,7e7de4abb4b0,无法归入四类的私人消息或闲聊内容
uci_01184,Am i that much bad to avoid like this?,en,uci_sms_spam_collection_v1,ham,NEEDS_REVIEW,,1f47e28175a2,无法归入四类的私人消息或闲聊内容
uci_01185,"Yo, you around? Just got my car back",en,uci_sms_spam_collection_v1,ham,NEEDS_REVIEW,,72d652940486,关于出行安排的个人对话
uci_01186,Annoying isn't it.,en,uci_sms_spam_collection_v1,ham,NEEDS_REVIEW,,9ed59e36aa53,无法归入四类的私人消息或闲聊内容
uci_01187,"Goodmorning, Today i am late for  &lt;#&gt; min.",en,uci_sms_spam_collection_v1,ham,NEEDS_REVIEW,,552b82f7afad,日常问候，属于个人闲聊
uci_01188,There's no point hangin on to mr not right if he's not makin u happy,en,uci_sms_spam_collection_v1,ham,NEEDS_REVIEW,,0da99a34d4ff,无法归入四类的私人消息或闲聊内容
uci_01189,All will come alive.better correct any good looking figure there itself..,en,uci_sms_spam_collection_v1,ham,NEEDS_REVIEW,,f180e96b79fe,简短日常回复，属于个人对话片段
uci_01190,In that case I guess I'll see you at campus lodge,en,uci_sms_spam_collection_v1,ham,NEEDS_REVIEW,,1ab568f54224,无法归入四类的私人消息或闲聊内容
uci_01191,We're done...,en,uci_sms_spam_collection_v1,ham,NEEDS_REVIEW,,7e5b244a7e7e,无法归入四类的私人消息或闲聊内容
uci_01192,Come to my home for one last time i wont do anything. Trust me.,en,uci_sms_spam_collection_v1,ham,NEEDS_REVIEW,,9c7085607299,关于出行安排的个人对话
uci_01193,I was up all night too worrying about this appt. It's a shame we missed a girls night out with quizzes popcorn and you doing my hair.,en,uci_sms_spam_collection_v1,ham,NEEDS_REVIEW,,9e02a5801c37,无法归入四类的私人消息或闲聊内容
uci_01194,Sex up ur mobile with a FREE sexy pic of Jordan! Just text BABE to 88600. Then every wk get a sexy celeb! PocketBabe.co.uk 4 more pics. 16 ¡ê3/wk 087016248,en,uci_sms_spam_collection_v1,spam,HARASS,,53fc3a50c450,推广付费色情图片订阅服务，提供明星不雅照，属于成人骚扰广告
uci_01195,Ok... C ya...,en,uci_sms_spam_collection_v1,ham,NEEDS_REVIEW,,4811f3935034,简短日常回复，属于个人对话片段
uci_01196,You have 1 new voicemail. Please call 08719181503,en,uci_sms_spam_collection_v1,spam,FRAUD,,6e3f15d46ed3,虚假语音邮件通知，诱导拨打高费率电话号码收听，属于收费诈骗
uci_01197,What he said is not the matter. My mind saying some other matter is there.,en,uci_sms_spam_collection_v1,ham,NEEDS_REVIEW,,ceda6328e1f0,无法归入四类的私人消息或闲聊内容
uci_01198,He also knows about lunch menu only da. . I know,en,uci_sms_spam_collection_v1,ham,NEEDS_REVIEW,,d957fe032528,关于饮食的个人随意闲聊
uci_01199,"Al he does is moan at me if n e thin goes wrong its my fault&al de arguments r my fault&fed up of him of himso y bother? Hav 2go, thanx.xx",en,uci_sms_spam_collection_v1,ham,NEEDS_REVIEW,,7127ae5d40b7,关于出行安排的个人对话
uci_01200,NEFT Transaction with reference number  &lt;#&gt;  for Rs. &lt;DECIMAL&gt;  has been credited to the beneficiary account on  &lt;#&gt;  at  &lt;TIME&gt; : &lt;#&gt;,en,uci_sms_spam_collection_v1,ham,TRANSACTION,,3a489ce8a99a,银行NEFT转账到账通知，包含参考号和金额，属于用户预期的金融业务结果
uci_01201,Otherwise had part time job na-tuition..,en,uci_sms_spam_collection_v1,ham,NEEDS_REVIEW,,e9d9203cb976,私人闲聊/对话，非业务/商业/欺诈内容，无法归入前四类
uci_01202,I know she called me,en,uci_sms_spam_collection_v1,ham,NEEDS_REVIEW,,f9f79fa9e5e8,私人闲聊/对话，非业务/商业/欺诈内容，无法归入前四类
uci_01203,"Me also da, i feel yesterday night  wait til 2day night dear.",en,uci_sms_spam_collection_v1,ham,NEEDS_REVIEW,,197262d9c7c5,私人闲聊/对话，非业务/商业/欺诈内容，无法归入前四类
uci_01204,Thanks for understanding. I've been trying to tell sura that.,en,uci_sms_spam_collection_v1,ham,NEEDS_REVIEW,,1d042669e553,私人闲聊/对话，非业务/商业/欺诈内容，无法归入前四类
uci_01205,WIN a year supply of CDs 4 a store of ur choice worth ¡ê500 & enter our ¡ê100 Weekly draw txt MUSIC to 87066 Ts&Cs www.Ldew.com.subs16+1win150ppmx3,en,uci_sms_spam_collection_v1,spam,AD,,44fc37118479,竞赛促销广告，赢取CD商店礼品券和商业抽奖，属于正规商业营销
uci_01206,The whole car appreciated the last two! Dad and are having a map reading semi argument but apart from that things are going ok. P.,en,uci_sms_spam_collection_v1,ham,NEEDS_REVIEW,,2f0a3a7599ae,私人闲聊/对话，非业务/商业/欺诈内容，无法归入前四类
uci_01207,"As a SIM subscriber, you are selected to receive a Bonus! Get it delivered to your door, Txt the word OK to No: 88600 to claim. 150p/msg, EXP. 30Apr",en,uci_sms_spam_collection_v1,spam,AD,,44c99b6947a1,SIM卡订阅者奖励促销，输入OK即可领取，属于商业营销短信
uci_01208,I need you to be in my strong arms...,en,uci_sms_spam_collection_v1,ham,NEEDS_REVIEW,,1a8ebb707ae4,私人闲聊/对话，非业务/商业/欺诈内容，无法归入前四类
uci_01209,Also maaaan are you missing out,en,uci_sms_spam_collection_v1,ham,NEEDS_REVIEW,,ba787fe3b74c,私人闲聊/对话，非业务/商业/欺诈内容，无法归入前四类
uci_01210,His bday real is in april .,en,uci_sms_spam_collection_v1,ham,NEEDS_REVIEW,,17bfe0dfbd09,私人闲聊/对话，非业务/商业/欺诈内容，无法归入前四类
uci_01211,Guessin you ain't gonna be here before 9?,en,uci_sms_spam_collection_v1,ham,NEEDS_REVIEW,,1043927f55ce,私人闲聊/对话，非业务/商业/欺诈内容，无法归入前四类
uci_01212,Ok then i will come to ur home after half an hour,en,uci_sms_spam_collection_v1,ham,NEEDS_REVIEW,,33c205643c2c,私人闲聊/对话，非业务/商业/欺诈内容，无法归入前四类
uci_01213,"Yo, the game almost over? Want to go to walmart soon",en,uci_sms_spam_collection_v1,ham,NEEDS_REVIEW,,5aacce75f1e1,私人闲聊/对话，非业务/商业/欺诈内容，无法归入前四类
uci_01214,"Yeah, probably but not sure. Ilol let u know, but personally I wuldnt bother, then again if ur goin to then I mite as well!!",en,uci_sms_spam_collection_v1,ham,NEEDS_REVIEW,,71411db60f23,私人闲聊/对话，非业务/商业/欺诈内容，无法归入前四类
uci_01215,I'll text now! All creepy like so he won't think that we forgot,en,uci_sms_spam_collection_v1,ham,NEEDS_REVIEW,,9d2e7107ee11,私人闲聊/对话，非业务/商业/欺诈内容，无法归入前四类
uci_01216,"that would be good ¡­ I'll phone you tomo lunchtime, shall I, to organise something?",en,uci_sms_spam_collection_v1,ham,NEEDS_REVIEW,,970d20be585a,私人闲聊/对话，非业务/商业/欺诈内容，无法归入前四类
uci_01217,You have 1 new voicemail. Please call 08719181513.,en,uci_sms_spam_collection_v1,spam,HARASS,,6e3f15d46ed3,诱导拨打高费率号码(0871)检查语音信箱的骚扰短信
uci_01218,"Damn, can you make it tonight or do you want to just wait til tomorrow",en,uci_sms_spam_collection_v1,ham,NEEDS_REVIEW,,bfb393088597,私人闲聊/对话，非业务/商业/欺诈内容，无法归入前四类
uci_01219,K..k..i'm also fine:)when will you complete the course?,en,uci_sms_spam_collection_v1,ham,NEEDS_REVIEW,,dc616f1f70a1,私人闲聊/对话，非业务/商业/欺诈内容，无法归入前四类
uci_01220,"True. It is passable. And if you get a high score and apply for phd, you get 5years of salary. So it makes life easier.",en,uci_sms_spam_collection_v1,ham,NEEDS_REVIEW,,bb66d8d6f356,私人闲聊/对话，非业务/商业/欺诈内容，无法归入前四类
uci_01221,No. 1 Nokia Tone 4 ur mob every week! Just txt NOK to 87021. 1st Tone FREE ! so get txtin now and tell ur friends. 150p/tone. 16 reply HL 4info,en,uci_sms_spam_collection_v1,spam,AD,,09e440d30b4e,诺基亚手机铃声订阅促销广告，每周收费，属于商业营销
uci_01222,Prakesh is there know.,en,uci_sms_spam_collection_v1,ham,NEEDS_REVIEW,,a080f5a98ae6,私人闲聊/对话，非业务/商业/欺诈内容，无法归入前四类
uci_01223,Teach me apps da. When you come to college.,en,uci_sms_spam_collection_v1,ham,NEEDS_REVIEW,,6da4cef2440d,私人闲聊/对话，非业务/商业/欺诈内容，无法归入前四类
uci_01224,Rofl betta invest in some  anti aging products,en,uci_sms_spam_collection_v1,ham,NEEDS_REVIEW,,5dbceb1d49f1,私人闲聊/对话，非业务/商业/欺诈内容，无法归入前四类
uci_01225,You are a winner U have been specially selected 2 receive ¡ê1000 cash or a 4* holiday (flights inc) speak to a live operator 2 claim 0871277810810,en,uci_sms_spam_collection_v1,spam,FRAUD,,730240f0aa0b,虚假中奖骗局，谎称被选中领取现金或假期，骗取费用或个人信息
uci_01226,"sir, you will receive the account no another 1hr time. Sorry for the delay.",en,uci_sms_spam_collection_v1,ham,NEEDS_REVIEW,,6c155303498e,私人闲聊/对话，非业务/商业/欺诈内容，无法归入前四类
uci_01227,Reply with your name and address and YOU WILL RECEIVE BY POST a weeks completely free accommodation at various global locations www.phb1.com ph:08700435505150p,en,uci_sms_spam_collection_v1,spam,AD,,afc7bce3d9fc,免费住宿全球旅游促销广告，提供个人信息即可领取，属于商业营销
uci_01228,So ¨¹'ll be submitting da project tmr rite?,en,uci_sms_spam_collection_v1,ham,NEEDS_REVIEW,,91d5adccebac,私人闲聊/对话，非业务/商业/欺诈内容，无法归入前四类
uci_01229,FREE entry into our ¡ê250 weekly comp just send the word ENTER to 84128 NOW. 18 T&C www.textcomp.com cust care 08712405020.,en,uci_sms_spam_collection_v1,spam,AD,,714859e425ee,免费参加周赛促销广告，发送短信即可参赛，属于商业营销
uci_01230,Jus ans me lar. U'll noe later.,en,uci_sms_spam_collection_v1,ham,NEEDS_REVIEW,,732a21860348,私人闲聊/对话，非业务/商业/欺诈内容，无法归入前四类
uci_01231,I want to send something that can sell fast.  &lt;#&gt; k is not easy money.,en,uci_sms_spam_collection_v1,ham,NEEDS_REVIEW,,9218142da262,私人闲聊/对话，非业务/商业/欺诈内容，无法归入前四类
uci_01232,have got * few things to do. may be in * pub later.,en,uci_sms_spam_collection_v1,ham,NEEDS_REVIEW,,2bbcf73190ed,私人闲聊/对话，非业务/商业/欺诈内容，无法归入前四类
uci_01233,1's finish meeting call me.,en,uci_sms_spam_collection_v1,ham,NEEDS_REVIEW,,c1aa48f40c85,私人闲聊/对话，非业务/商业/欺诈内容，无法归入前四类
uci_01234,Lol ok. I'll snatch her purse too.,en,uci_sms_spam_collection_v1,ham,NEEDS_REVIEW,,4f5e89a7d445,私人闲聊/对话，非业务/商业/欺诈内容，无法归入前四类
uci_01235,"""Hello-/@drivby-:0quit edrunk sorry iff pthis makes no senrd-dnot no how ^ dancce 2 drum n basq!ihave fun 2nhite x ros xxxxxxx""",en,uci_sms_spam_collection_v1,ham,NEEDS_REVIEW,,4c2d7df50cf7,私人闲聊/对话，非业务/商业/欺诈内容，无法归入前四类
uci_01236,Your opinion about me? 1. Over 2. Jada 3. Kusruthi 4. Lovable 5. Silent 6. Spl character 7. Not matured 8. Stylish 9. Simple Pls reply..,en,uci_sms_spam_collection_v1,ham,NEEDS_REVIEW,,c12d6b402956,私人闲聊/对话，非业务/商业/欺诈内容，无法归入前四类
uci_01237,How much are we getting?,en,uci_sms_spam_collection_v1,ham,NEEDS_REVIEW,,51d6be716829,私人闲聊/对话，非业务/商业/欺诈内容，无法归入前四类
uci_01238,Is ur paper in e morn or aft tmr?,en,uci_sms_spam_collection_v1,ham,NEEDS_REVIEW,,5ea00fa97236,私人闲聊/对话，非业务/商业/欺诈内容，无法归入前四类
uci_01239,"Dear relieved of westonzoyland, all going to plan this end too!",en,uci_sms_spam_collection_v1,ham,NEEDS_REVIEW,,e6f14af52a5a,私人闲聊/对话，非业务/商业/欺诈内容，无法归入前四类
uci_01240,Hope you are having a great new semester. Do wish you the very best. You are made for greatness.,en,uci_sms_spam_collection_v1,ham,NEEDS_REVIEW,,c65b12ce9993,私人闲聊/对话，非业务/商业/欺诈内容，无法归入前四类
uci_01241,Oh yes I can speak txt 2 u no! Hmm. Did u get  email?,en,uci_sms_spam_collection_v1,ham,NEEDS_REVIEW,,08b1d212a0c7,私人闲聊/对话，非业务/商业/欺诈内容，无法归入前四类
uci_01242,"I want to show you the world, princess :) how about europe?",en,uci_sms_spam_collection_v1,ham,NEEDS_REVIEW,,3f58d22d2d6e,私人闲聊/对话，非业务/商业/欺诈内容，无法归入前四类
uci_01243,Nobody can decide where to eat and dad wants Chinese,en,uci_sms_spam_collection_v1,ham,NEEDS_REVIEW,,477192cbbe63,私人闲聊/对话，非业务/商业/欺诈内容，无法归入前四类
uci_01244,No shoot me. I'm in the docs waiting room. :/,en,uci_sms_spam_collection_v1,ham,NEEDS_REVIEW,,6d1e6bf2675c,私人闲聊/对话，非业务/商业/欺诈内容，无法归入前四类
uci_01245,Now? I'm going out 4 dinner soon..,en,uci_sms_spam_collection_v1,ham,NEEDS_REVIEW,,18a3c21a963b,私人闲聊/对话，非业务/商业/欺诈内容，无法归入前四类
uci_01246,Hello which the site to download songs its urgent pls,en,uci_sms_spam_collection_v1,ham,NEEDS_REVIEW,,6ac03647897f,私人闲聊/对话，非业务/商业/欺诈内容，无法归入前四类
uci_01247,"I do know what u mean,  is the king of not havin credit! I'm goin2bed now. Night night sweet! Only1more sleep!",en,uci_sms_spam_collection_v1,ham,NEEDS_REVIEW,,37d9d770c645,私人闲聊/对话，非业务/商业/欺诈内容，无法归入前四类
uci_01248,Horrible gal. Me in sch doing some stuff. How come u got mc?,en,uci_sms_spam_collection_v1,ham,NEEDS_REVIEW,,dd11d1fc089e,私人闲聊/对话，非业务/商业/欺诈内容，无法归入前四类
uci_01249,"HI HUN! IM NOT COMIN 2NITE-TELL EVERY1 IM SORRY 4 ME, HOPE U AVA GOODTIME!OLI RANG MELNITE IFINK IT MITE B SORTED,BUT IL EXPLAIN EVERYTHIN ON MON.L8RS.x",en,uci_sms_spam_collection_v1,ham,NEEDS_REVIEW,,86d0c180d222,私人闲聊/对话，非业务/商业/欺诈内容，无法归入前四类
uci_01250,"I call you later, don't have network. If urgnt, sms me.",en,uci_sms_spam_collection_v1,ham,NEEDS_REVIEW,,e43ec8c8c26f,私人闲聊/对话，非业务/商业/欺诈内容，无法归入前四类
uci_01251,Ummmmmaah Many many happy returns of d day my dear sweet heart.. HAPPY BIRTHDAY dear,en,uci_sms_spam_collection_v1,ham,NEEDS_REVIEW,,2d9852cfdff1,私人闲聊/对话，非业务/商业/欺诈内容，无法归入前四类
uci_01252,Please CALL 08712402779 immediately as there is an urgent message waiting for you,en,uci_sms_spam_collection_v1,spam,HARASS,,c78fd2ac96fb,诱导拨打高费率号码(0871)收听紧急消息的骚扰短信
uci_01253,Yeah like if it goes like it did with my friends imma flip my shit in like half an hour,en,uci_sms_spam_collection_v1,ham,NEEDS_REVIEW,,15195e7184c2,私人闲聊/对话，非业务/商业/欺诈内容，无法归入前四类
uci_01254,Mum say we wan to go then go... Then she can shun bian watch da glass exhibition...,en,uci_sms_spam_collection_v1,ham,NEEDS_REVIEW,,558ae05c10fb,私人闲聊/对话，非业务/商业/欺诈内容，无法归入前四类
uci_01255,What your plan for pongal?,en,uci_sms_spam_collection_v1,ham,NEEDS_REVIEW,,b666b85341ff,私人闲聊/对话，非业务/商业/欺诈内容，无法归入前四类
uci_01256,Just wait till end of march when el nino gets himself. Oh.,en,uci_sms_spam_collection_v1,ham,NEEDS_REVIEW,,32cd1caf8922,私人闲聊/对话，非业务/商业/欺诈内容，无法归入前四类
uci_01257,"Not yet chikku..going to room nw, i'm in bus..",en,uci_sms_spam_collection_v1,ham,NEEDS_REVIEW,,7a2f4e2726fe,私人闲聊/对话，非业务/商业/欺诈内容，无法归入前四类
uci_01258,Am also doing in cbe only. But have to pay.,en,uci_sms_spam_collection_v1,ham,NEEDS_REVIEW,,a5f9134fd553,私人闲聊/对话，非业务/商业/欺诈内容，无法归入前四类
uci_01259,Honey boo I'm missing u.,en,uci_sms_spam_collection_v1,ham,NEEDS_REVIEW,,53ff96f3aeee,私人闲聊/对话，非业务/商业/欺诈内容，无法归入前四类
uci_01260,"We have sent JD for Customer Service cum Accounts Executive to ur mail id, For details contact us",en,uci_sms_spam_collection_v1,ham,NEEDS_REVIEW,,ff097ea98adb,私人闲聊/对话，非业务/商业/欺诈内容，无法归入前四类
uci_01261,"Yo, I'm at my parents' gettin cash. Good news: we picked up a downstem",en,uci_sms_spam_collection_v1,ham,NEEDS_REVIEW,,505198b710cc,私人闲聊/对话，非业务/商业/欺诈内容，无法归入前四类
uci_01262,"Thank you so much. When we skyped wit kz and sura, we didnt get the pleasure of your company. Hope you are good. We've given you ultimatum oh! We are countin down to aburo. Enjoy!",en,uci_sms_spam_collection_v1,ham,NEEDS_REVIEW,,ca90818b87c3,私人闲聊/对话，非业务/商业/欺诈内容，无法归入前四类
uci_01263,"Hungry gay guys feeling hungry and up 4 it, now. Call 08718730555 just 10p/min. To stop texts call 08712460324 (10p/min)",en,uci_sms_spam_collection_v1,spam,HARASS,,6cb0960be30a,成人交友骚扰短信，诱导拨打高费率电话进行聊天
uci_01264,Ok. No wahala. Just remember that a friend in need ...,en,uci_sms_spam_collection_v1,ham,NEEDS_REVIEW,,03f4008df0ab,私人闲聊/对话，非业务/商业/欺诈内容，无法归入前四类
uci_01265,I will see in half an hour,en,uci_sms_spam_collection_v1,ham,NEEDS_REVIEW,,9c45ce715d09,私人闲聊/对话，非业务/商业/欺诈内容，无法归入前四类
uci_01266,"Im in inperialmusic listening2the weirdest track ever by?leafcutter john?-sounds like insects being molested&someone plumbing,remixed by evil men on acid!",en,uci_sms_spam_collection_v1,ham,NEEDS_REVIEW,,f3035f1d0d53,私人闲聊/对话，非业务/商业/欺诈内容，无法归入前四类
uci_01267,"""Hey sorry I didntgive ya a a bellearlier hunny,just been in bedbut mite go 2 thepub l8tr if uwana mt up?loads a luv Jenxxx.""",en,uci_sms_spam_collection_v1,ham,NEEDS_REVIEW,,972d9246635b,私人闲聊/对话，非业务/商业/欺诈内容，无法归入前四类
uci_01268,SERIOUSLY. TELL HER THOSE EXACT WORDS RIGHT NOW.,en,uci_sms_spam_collection_v1,ham,NEEDS_REVIEW,,a2cb7a5caea8,私人闲聊/对话，非业务/商业/欺诈内容，无法归入前四类
uci_01269,Can U get 2 phone NOW? I wanna chat 2 set up meet Call me NOW on 09096102316 U can cum here 2moro Luv JANE xx Calls¡ê1/minmoremobsEMSPOBox45PO139WA,en,uci_sms_spam_collection_v1,spam,HARASS,,c6e90cd2dfbb,成人交友骚扰短信，诱导拨打收费电话见面约会
uci_01270,"Tee hee. Off to lecture, cheery bye bye.",en,uci_sms_spam_collection_v1,ham,NEEDS_REVIEW,,0d5c0f72065d,私人闲聊/对话，非业务/商业/欺诈内容，无法归入前四类
uci_01271,"Sorry chikku, my cell got some problem thts y i was nt able to reply u or msg u..",en,uci_sms_spam_collection_v1,ham,NEEDS_REVIEW,,eb660a406974,私人闲聊/对话，非业务/商业/欺诈内容，无法归入前四类
uci_01272,If you still havent collected the dough pls let me know so i can go to the place i sent it to get the control number,en,uci_sms_spam_collection_v1,ham,NEEDS_REVIEW,,ef88b67dfc9d,私人闲聊/对话，非业务/商业/欺诈内容，无法归入前四类
uci_01273,Ok...,en,uci_sms_spam_collection_v1,ham,NEEDS_REVIEW,,7a85f4764bbd,私人闲聊/对话，非业务/商业/欺诈内容，无法归入前四类
uci_01274,network operator. The service is free. For T & C's visit 80488.biz,en,uci_sms_spam_collection_v1,spam,AD,,e7fe4bddc8db,网络运营商免费服务促销，访问网站了解详情，属于商业营销
uci_01275,Let me know how to contact you. I've you settled in a room. Lets know you are ok.,en,uci_sms_spam_collection_v1,ham,NEEDS_REVIEW,,bee431f0df7c,私人闲聊/对话，非业务/商业/欺诈内容，无法归入前四类
uci_01276,Wot u up 2 u weirdo?,en,uci_sms_spam_collection_v1,ham,NEEDS_REVIEW,,f8860373bcfe,私人闲聊/对话，非业务/商业/欺诈内容，无法归入前四类
uci_01277,Can do lor...,en,uci_sms_spam_collection_v1,ham,NEEDS_REVIEW,,be538063e6a5,私人闲聊/对话，非业务/商业/欺诈内容，无法归入前四类
uci_01278,Dont put your phone on silent mode ok,en,uci_sms_spam_collection_v1,ham,NEEDS_REVIEW,,8c25379bc5ab,私人闲聊/对话，非业务/商业/欺诈内容，无法归入前四类
uci_01279,Can i meet ¨¹ at 5.. As 4 where depends on where ¨¹ wan 2 in lor..,en,uci_sms_spam_collection_v1,ham,NEEDS_REVIEW,,e4a3e427eda1,私人闲聊/对话，非业务/商业/欺诈内容，无法归入前四类
uci_01280,Waiting 4 my tv show 2 start lor... U leh still busy doing ur report?,en,uci_sms_spam_collection_v1,ham,NEEDS_REVIEW,,07aefe0bdedd,私人闲聊/对话，非业务/商业/欺诈内容，无法归入前四类
uci_01281,Oh ho. Is this the first time u use these type of words,en,uci_sms_spam_collection_v1,ham,NEEDS_REVIEW,,31d2335b2095,私人闲聊/对话，非业务/商业/欺诈内容，无法归入前四类
uci_01282,Am I the only one who doesn't stalk profiles?,en,uci_sms_spam_collection_v1,ham,NEEDS_REVIEW,,09942d9f69c1,私人闲聊/对话，非业务/商业/欺诈内容，无法归入前四类
uci_01283,"Ever green quote ever told by Jerry in cartoon ""A Person Who Irritates u Always Is the one Who Loves u Vry Much But Fails to Express It...!..!! :-) :-) gud nyt",en,uci_sms_spam_collection_v1,ham,NEEDS_REVIEW,,51d9714bb7d3,私人闲聊/对话，非业务/商业/欺诈内容，无法归入前四类
uci_01284,Yes i thought so. Thanks.,en,uci_sms_spam_collection_v1,ham,NEEDS_REVIEW,,3985b39377e2,私人闲聊/对话，非业务/商业/欺诈内容，无法归入前四类
uci_01285,But if she.s drinkin i'm ok.,en,uci_sms_spam_collection_v1,ham,NEEDS_REVIEW,,4e0e130b0c90,私人闲聊/对话，非业务/商业/欺诈内容，无法归入前四类
uci_01286,"Just wondering, the others just took off",en,uci_sms_spam_collection_v1,ham,NEEDS_REVIEW,,ce9e0efab286,私人闲聊/对话，非业务/商业/欺诈内容，无法归入前四类
uci_01287,"Night has ended for another day, morning has come in a special way. May you smile like the sunny rays and leaves your worries at the blue blue bay. Gud mrng",en,uci_sms_spam_collection_v1,ham,NEEDS_REVIEW,,1a315246ee2b,私人闲聊/对话，非业务/商业/欺诈内容，无法归入前四类
uci_01288,"What do you do, my dog ? Must I always wait till the end of your day to have word from you ? Did you run out of time on your cell already?",en,uci_sms_spam_collection_v1,ham,NEEDS_REVIEW,,51f27ef19046,私人闲聊/对话，非业务/商业/欺诈内容，无法归入前四类
uci_01289,Happy new year to u too!,en,uci_sms_spam_collection_v1,ham,NEEDS_REVIEW,,f5d259e759b5,私人闲聊/对话，非业务/商业/欺诈内容，无法归入前四类
uci_01290,"Hey...Great deal...Farm tour 9am to 5pm $95/pax, $50 deposit by 16 May",en,uci_sms_spam_collection_v1,ham,NEEDS_REVIEW,,ec21f91b6b68,私人闲聊/对话，非业务/商业/欺诈内容，无法归入前四类
uci_01291,Eat jap done oso aft ur lect wat... ¨¹ got lect at 12 rite...,en,uci_sms_spam_collection_v1,ham,NEEDS_REVIEW,,db3cd62d60c0,私人闲聊/对话，非业务/商业/欺诈内容，无法归入前四类
uci_01292,"Hey babe! I saw you came online for a second and then you disappeared, what happened ?",en,uci_sms_spam_collection_v1,ham,NEEDS_REVIEW,,2959d7778137,私人闲聊/对话，非业务/商业/欺诈内容，无法归入前四类
uci_01293,Da my birthdate in certificate is in april but real date is today. But dont publish it. I shall give you a special treat if you keep the secret. Any way thanks for the wishes,en,uci_sms_spam_collection_v1,ham,NEEDS_REVIEW,,da6f066213a1,私人闲聊/对话，非业务/商业/欺诈内容，无法归入前四类
uci_01294,Happy birthday... May all ur dreams come true...,en,uci_sms_spam_collection_v1,ham,NEEDS_REVIEW,,fbf2f1e96e15,私人闲聊/对话，非业务/商业/欺诈内容，无法归入前四类
uci_01295,Aiyah u did ok already lar. E nydc at wheellock?,en,uci_sms_spam_collection_v1,ham,NEEDS_REVIEW,,8402a8140a12,私人闲聊/对话，非业务/商业/欺诈内容，无法归入前四类
uci_01296,TELL HER I SAID EAT SHIT.,en,uci_sms_spam_collection_v1,ham,NEEDS_REVIEW,,6f7cef227c3d,私人闲聊/对话，非业务/商业/欺诈内容，无法归入前四类
uci_01297,Sure! I am driving but will reach my destination soon.,en,uci_sms_spam_collection_v1,ham,NEEDS_REVIEW,,95675c2c704c,私人闲聊/对话，非业务/商业/欺诈内容，无法归入前四类
uci_01298,"K so am I, how much for an 8th? Fifty?",en,uci_sms_spam_collection_v1,ham,NEEDS_REVIEW,,ef468a62ead3,私人闲聊/对话，非业务/商业/欺诈内容，无法归入前四类
uci_01299,Your daily text from me ¨C a favour this time,en,uci_sms_spam_collection_v1,ham,NEEDS_REVIEW,,1ab704c83d7e,私人闲聊/对话，非业务/商业/欺诈内容，无法归入前四类
uci_01300,Great to hear you are settling well. So what's happenin wit ola?,en,uci_sms_spam_collection_v1,ham,NEEDS_REVIEW,,89ac9b7b8f30,私人闲聊/对话，非业务/商业/欺诈内容，无法归入前四类
uci_01301,Those cocksuckers. If it makes you feel better ipads are worthless garbage novelty items and you should feel bad for even wanting one,en,uci_sms_spam_collection_v1,ham,NEEDS_REVIEW,,d57999011675,私人闲聊/对话，非业务/商业/欺诈内容，无法归入前四类
uci_01302,I tot u reach liao. He said t-shirt.,en,uci_sms_spam_collection_v1,ham,NEEDS_REVIEW,,baffbe27b2e0,私人闲聊/对话，非业务/商业/欺诈内容，无法归入前四类
uci_01303,"FRAN I DECIDED 2 GO N E WAY IM COMPLETELY BROKE AN KNACKERED I GOT UP BOUT 3 C U 2MRW LOVE JANX P.S THIS IS MY DADS FONE, -NO CREDIT",en,uci_sms_spam_collection_v1,ham,NEEDS_REVIEW,,7cc0400c06ae,私人闲聊/对话，非业务/商业/欺诈内容，无法归入前四类
uci_01304,I cant pick the phone right now. Pls send a message,en,uci_sms_spam_collection_v1,ham,NEEDS_REVIEW,,ea4561f1db70,私人闲聊/对话，非业务/商业/欺诈内容，无法归入前四类
uci_01305,Your right! I'll make the appointment right now.,en,uci_sms_spam_collection_v1,ham,NEEDS_REVIEW,,60e1cae095b4,私人闲聊/对话，非业务/商业/欺诈内容，无法归入前四类
uci_01306,Designation is software developer and may be she get chennai:),en,uci_sms_spam_collection_v1,ham,NEEDS_REVIEW,,ee61253e07db,私人闲聊/对话，非业务/商业/欺诈内容，无法归入前四类
uci_01307,Enjoy the jamster videosound gold club with your credits for 2 new videosounds+2 logos+musicnews! get more fun from jamster.co.uk! 16+only Help? call: 09701213186,en,uci_sms_spam_collection_v1,spam,AD,,62e3071af03f,Jamster视频铃声俱乐部订阅促销广告，收费服务，属于商业营销
uci_01308,"Get 3 Lions England tone, reply lionm 4 mono or lionp 4 poly. 4 more go 2 www.ringtones.co.uk, the original n best. Tones 3GBP network operator rates apply",en,uci_sms_spam_collection_v1,spam,AD,,a8a22fda6cdc,英格兰队手机铃声下载促销广告，收费服务，属于商业营销
uci_01309,I jokin oni lar.. ¨¹ busy then i wun disturb ¨¹.,en,uci_sms_spam_collection_v1,ham,NEEDS_REVIEW,,23a16f586e32,私人闲聊/对话，非业务/商业/欺诈内容，无法归入前四类
uci_01310,"Ok, be careful ! Don't text and drive !",en,uci_sms_spam_collection_v1,ham,NEEDS_REVIEW,,cb3b54a48c23,私人闲聊/对话，非业务/商业/欺诈内容，无法归入前四类
uci_01311,"I.ll always be there, even if its just in spirit. I.ll get a bb soon. Just trying to be sure i need it.",en,uci_sms_spam_collection_v1,ham,NEEDS_REVIEW,,8ecf1a5dd796,私人闲聊/对话，非业务/商业/欺诈内容，无法归入前四类
uci_01312,U r too much close to my heart. If u go away i will be shattered. Plz stay with me.,en,uci_sms_spam_collection_v1,ham,NEEDS_REVIEW,,c143ae021ef4,私人闲聊/对话，非业务/商业/欺诈内容，无法归入前四类
uci_01313,I love u 2 babe! R u sure everything is alrite. Is he being an idiot? Txt bak girlie,en,uci_sms_spam_collection_v1,ham,NEEDS_REVIEW,,8dea5f31780a,私人闲聊/对话，非业务/商业/欺诈内容，无法归入前四类
uci_01314,How abt making some of the pics bigger?,en,uci_sms_spam_collection_v1,ham,NEEDS_REVIEW,,ebf27a64fcc7,私人闲聊/对话，非业务/商业/欺诈内容，无法归入前四类
uci_01315,Got but got 2 colours lor. One colour is quite light n e other is darker lor. Actually i'm done she's styling my hair now.,en,uci_sms_spam_collection_v1,ham,NEEDS_REVIEW,,198867653806,私人闲聊/对话，非业务/商业/欺诈内容，无法归入前四类
uci_01316,"Whenevr ur sad, Whenevr ur gray, Remembr im here 2 listn 2 watevr u wanna say, Jus walk wid me a little while,&amp; I promise I'll bring back ur smile.:-)",en,uci_sms_spam_collection_v1,ham,NEEDS_REVIEW,,ebdb7ebcf17b,私人闲聊/对话，非业务/商业/欺诈内容，无法归入前四类
uci_01317,Why nothing. Ok anyway give me treat,en,uci_sms_spam_collection_v1,ham,NEEDS_REVIEW,,6e99ef3b2517,私人闲聊/对话，非业务/商业/欺诈内容，无法归入前四类
uci_01318,"Win the newest ¡°Harry Potter and the Order of the Phoenix (Book 5) reply HARRY, answer 5 questions - chance to be the first among readers!",en,uci_sms_spam_collection_v1,spam,AD,,f3efc9c817dd,赢取哈利波特新书竞赛促销，回答问题即可参与，属于商业营销
uci_01319,Ok...,en,uci_sms_spam_collection_v1,ham,NEEDS_REVIEW,,7a85f4764bbd,私人闲聊/对话，非业务/商业/欺诈内容，无法归入前四类
uci_01320,Correct. So how was work today,en,uci_sms_spam_collection_v1,ham,NEEDS_REVIEW,,00860b046e7d,私人闲聊/对话，非业务/商业/欺诈内容，无法归入前四类
uci_01321,"Just sent again. Do you scream and moan in bed, princess?",en,uci_sms_spam_collection_v1,ham,NEEDS_REVIEW,,0137e7986744,私人闲聊/对话，非业务/商业/欺诈内容，无法归入前四类
uci_01322,"I wake up long ago already... Dunno, what other thing?",en,uci_sms_spam_collection_v1,ham,NEEDS_REVIEW,,1a908ba65116,私人闲聊/对话，非业务/商业/欺诈内容，无法归入前四类
uci_01323,Oh just getting even with u.... u?,en,uci_sms_spam_collection_v1,ham,NEEDS_REVIEW,,62640fb6dc24,私人闲聊/对话，非业务/商业/欺诈内容，无法归入前四类
uci_01324,I thk 50 shd be ok he said plus minus 10.. Did ¨¹ leave a line in between paragraphs?,en,uci_sms_spam_collection_v1,ham,NEEDS_REVIEW,,15656dfccc1e,私人闲聊/对话，非业务/商业/欺诈内容，无法归入前四类
uci_01325,Can you call me plz. Your number shows out of coveragd area. I have urgnt call in vasai &amp; have to reach before 4'o clock so call me plz,en,uci_sms_spam_collection_v1,ham,NEEDS_REVIEW,,8021ac717bf9,私人闲聊/对话，非业务/商业/欺诈内容，无法归入前四类
uci_01326,Yeah jay's sort of a fucking retard,en,uci_sms_spam_collection_v1,ham,NEEDS_REVIEW,,f6655ad4e448,私人闲聊/对话，非业务/商业/欺诈内容，无法归入前四类
uci_01327,"Sorry, was in the bathroom, sup",en,uci_sms_spam_collection_v1,ham,NEEDS_REVIEW,,acdc7178a33e,私人闲聊/对话，非业务/商业/欺诈内容，无法归入前四类
uci_01328,Ur balance is now ¡ê500. Ur next question is: Who sang 'Uptown Girl' in the 80's ? 2 answer txt ur ANSWER to 83600. Good luck!,en,uci_sms_spam_collection_v1,spam,AD,,51eedd2ffde6,余额竞猜游戏促销，回答问题赢取奖金，属于商业营销性质
uci_01329,My exam is for february 4. Wish you a great day.,en,uci_sms_spam_collection_v1,ham,NEEDS_REVIEW,,344e363a73c8,私人闲聊/对话，非业务/商业/欺诈内容，无法归入前四类
uci_01330,I dont know what to do to come out of this so only am ask questions like this dont mistake me.,en,uci_sms_spam_collection_v1,ham,NEEDS_REVIEW,,7175082d6408,私人闲聊/对话，非业务/商业/欺诈内容，无法归入前四类
uci_01331,"Aight no rush, I'll ask jay",en,uci_sms_spam_collection_v1,ham,NEEDS_REVIEW,,ba1e606302bd,私人闲聊/对话，非业务/商业/欺诈内容，无法归入前四类
uci_01332,Good Morning plz call me sir,en,uci_sms_spam_collection_v1,ham,NEEDS_REVIEW,,846f71214660,私人闲聊/对话，非业务/商业/欺诈内容，无法归入前四类
uci_01333,It's ok lar. U sleep early too... Nite...,en,uci_sms_spam_collection_v1,ham,NEEDS_REVIEW,,097b6d4835f2,私人闲聊/对话，非业务/商业/欺诈内容，无法归入前四类
uci_01334,"Oh... Icic... K lor, den meet other day...",en,uci_sms_spam_collection_v1,ham,NEEDS_REVIEW,,df08433305d9,私人闲聊/对话，非业务/商业/欺诈内容，无法归入前四类
uci_01335,"Oh ! A half hour is much longer in Syria than Canada, eh ? Wow you must get SO much more work done in a day than us with all that extra time ! *grins*",en,uci_sms_spam_collection_v1,ham,NEEDS_REVIEW,,b441d633ec22,私人闲聊/对话，非业务/商业/欺诈内容，无法归入前四类
uci_01336,"Sometimes we put walls around our hearts,not just to be safe from getting hurt.. But to find out who cares enough to break the walls &amp; get closer.. GOODNOON:)",en,uci_sms_spam_collection_v1,ham,NEEDS_REVIEW,,68d95e1e0bb1,私人闲聊/对话，非业务/商业/欺诈内容，无法归入前四类
uci_01337,"Sweet, we may or may not go to 4U to meet carlos so gauge patty's interest in that",en,uci_sms_spam_collection_v1,ham,NEEDS_REVIEW,,a3e0d4739aac,私人闲聊/对话，非业务/商业/欺诈内容，无法归入前四类
uci_01338,Then she buying today? ¨¹ no need to c meh...,en,uci_sms_spam_collection_v1,ham,NEEDS_REVIEW,,190fba5f96de,私人闲聊/对话，非业务/商业/欺诈内容，无法归入前四类
uci_01339,Aight sorry I take ten years to shower. What's the plan?,en,uci_sms_spam_collection_v1,ham,NEEDS_REVIEW,,dc81fcb4cfc5,私人闲聊/对话，非业务/商业/欺诈内容，无法归入前四类
uci_01340,Every monday..nxt week vl be completing..,en,uci_sms_spam_collection_v1,ham,NEEDS_REVIEW,,18ac9e335a3c,私人闲聊/对话，非业务/商业/欺诈内容，无法归入前四类
uci_01341,Might ax well im there.,en,uci_sms_spam_collection_v1,ham,NEEDS_REVIEW,,a1b0c92a9939,私人闲聊/对话，非业务/商业/欺诈内容，无法归入前四类
uci_01342,Just chill for another 6hrs. If you could sleep the pain is not a surgical emergency so see how it unfolds. Okay,en,uci_sms_spam_collection_v1,ham,NEEDS_REVIEW,,290aef755118,私人闲聊/对话，非业务/商业/欺诈内容，无法归入前四类
uci_01343,Yeah I'll try to scrounge something up,en,uci_sms_spam_collection_v1,ham,NEEDS_REVIEW,,f1d55939cfca,私人闲聊/对话，非业务/商业/欺诈内容，无法归入前四类
uci_01344,Crazy ar he's married. ¨¹ like gd looking guys not me. My frens like say he's korean leona's fave but i dun thk he is. Aft some thinking mayb most prob i'll go.,en,uci_sms_spam_collection_v1,ham,NEEDS_REVIEW,,f55c364c2ae7,私人闲聊/对话，非业务/商业/欺诈内容，无法归入前四类
uci_01345,Were somewhere on Fredericksburg,en,uci_sms_spam_collection_v1,ham,NEEDS_REVIEW,,e89b5251c86d,私人闲聊/对话，非业务/商业/欺诈内容，无法归入前四类
uci_01346,Que pases un buen tiempo or something like that,en,uci_sms_spam_collection_v1,ham,NEEDS_REVIEW,,a1e3ab8e006a,私人闲聊/对话，非业务/商业/欺诈内容，无法归入前四类
uci_01347,Is it ok if I stay the night here? Xavier has a sleeping bag and I'm getting tired,en,uci_sms_spam_collection_v1,ham,NEEDS_REVIEW,,b0aee0e49a9f,私人闲聊/对话，非业务/商业/欺诈内容，无法归入前四类
uci_01348,She doesnt need any test.,en,uci_sms_spam_collection_v1,ham,NEEDS_REVIEW,,a45e3eee0176,私人闲聊/对话，非业务/商业/欺诈内容，无法归入前四类
uci_01349,"Nothing much, chillin at home. Any super bowl plan?",en,uci_sms_spam_collection_v1,ham,NEEDS_REVIEW,,efd5d6e6ee6e,私人闲聊/对话，非业务/商业/欺诈内容，无法归入前四类
uci_01350,"FREE2DAY sexy St George's Day pic of Jordan!Txt PIC to 89080 dont miss out, then every wk a saucy celeb!4 more pics c PocketBabe.co.uk 0870241182716 ¡ê3/wk",en,uci_sms_spam_collection_v1,spam,HARASS,,866bcb0aad3c,成人图片订阅骚扰短信，诱导付费下载不雅图片
uci_01351,Bugis oso near wat...,en,uci_sms_spam_collection_v1,ham,NEEDS_REVIEW,,87cdf5631ebf,私人闲聊/对话，非业务/商业/欺诈内容，无法归入前四类
uci_01352,Yo theres no class tmrw right?,en,uci_sms_spam_collection_v1,ham,NEEDS_REVIEW,,a0a95d9945fc,私人闲聊/对话，非业务/商业/欺诈内容，无法归入前四类
uci_01353,Let Ur Heart Be Ur Compass Ur Mind Ur Map Ur Soul Ur Guide And U Will Never loose in world....gnun - Sent via WAY2SMS.COM,en,uci_sms_spam_collection_v1,ham,NEEDS_REVIEW,,76d55ac38c5e,私人闲聊/对话，非业务/商业/欺诈内容，无法归入前四类
uci_01354,"Goodnight, sleep well da please take care pa. Please.",en,uci_sms_spam_collection_v1,ham,NEEDS_REVIEW,,06e5e3679185,私人闲聊/对话，非业务/商业/欺诈内容，无法归入前四类
uci_01355,Baaaaabe! I misss youuuuu ! Where are you ? I have to go and teach my class at 5 ...,en,uci_sms_spam_collection_v1,ham,NEEDS_REVIEW,,114ee6024148,私人闲聊/对话，非业务/商业/欺诈内容，无法归入前四类
uci_01356,Convey my regards to him,en,uci_sms_spam_collection_v1,ham,NEEDS_REVIEW,,f283cad92fa2,私人闲聊/对话，非业务/商业/欺诈内容，无法归入前四类
uci_01357,U ned to convince him tht its not possible witot hurting his feeling its the main,en,uci_sms_spam_collection_v1,ham,NEEDS_REVIEW,,6f1e29f0e9da,私人闲聊/对话，非业务/商业/欺诈内容，无法归入前四类
uci_01358,"Good afternoon loverboy ! How goes you day ? Any luck come your way? I think of you, sweetie and send my love across the sea to make you smile and happy",en,uci_sms_spam_collection_v1,ham,NEEDS_REVIEW,,82c94a8e3ad8,私人闲聊/对话，非业务/商业/欺诈内容，无法归入前四类
uci_01359,If i start sending blackberry torch to nigeria will you find buyer for me?like 4a month. And tell dad not to buy bb from anyone oh.,en,uci_sms_spam_collection_v1,ham,NEEDS_REVIEW,,7d4eb2015b5c,私人闲聊/对话，非业务/商业/欺诈内容，无法归入前四类
uci_01360,"&lt;#&gt; %of pple marry with their lovers... becz they hav gud undrstndng dat avoids problems. i sent dis 2 u, u wil get gud news on friday by d person you like. And tomorrow will be the best day of your life. Dont break this chain. If you break you will suffer. send this to  &lt;#&gt;  frnds in &lt;#&gt;  mins whn u read...",en,uci_sms_spam_collection_v1,ham,NEEDS_REVIEW,,08ec34e48b74,私人闲聊/对话，非业务/商业/欺诈内容，无法归入前四类
uci_01361,Yo dude guess who just got arrested the other day,en,uci_sms_spam_collection_v1,ham,NEEDS_REVIEW,,90b598ef5ce6,私人闲聊/对话，非业务/商业/欺诈内容，无法归入前四类
uci_01362,Shuhui say change 2 suntec steamboat? U noe where? Where r u now?,en,uci_sms_spam_collection_v1,ham,NEEDS_REVIEW,,f15a83c80809,私人闲聊/对话，非业务/商业/欺诈内容，无法归入前四类
uci_01363,What does the dance river do?,en,uci_sms_spam_collection_v1,ham,NEEDS_REVIEW,,ab21d87a80e6,私人闲聊/对话，非业务/商业/欺诈内容，无法归入前四类
uci_01364,"Yetunde, i'm sorry but moji and i seem too busy to be able to go shopping. Can you just please find some other way to get what you wanted us to get. Please forgive me. You can reply free via yahoo messenger.",en,uci_sms_spam_collection_v1,ham,NEEDS_REVIEW,,9f961c115ef7,私人闲聊/对话，非业务/商业/欺诈内容，无法归入前四类
uci_01365,Hey i will be really pretty late... You want to go for the lesson first? I will join you. I'm only reaching tp mrt,en,uci_sms_spam_collection_v1,ham,NEEDS_REVIEW,,e6e70f1b162d,私人闲聊/对话，非业务/商业/欺诈内容，无法归入前四类
uci_01366,"HOT LIVE FANTASIES call now 08707509020 Just 20p per min NTT Ltd, PO Box 1327 Croydon CR9 5WB 0870..k",en,uci_sms_spam_collection_v1,spam,HARASS,,3c85e7e6d6e1,成人热线骚扰短信，诱导拨打高费率电话
uci_01367,Bbq this sat at mine from 6ish. Ur welcome 2 come,en,uci_sms_spam_collection_v1,ham,NEEDS_REVIEW,,6adddff5245c,私人闲聊/对话，非业务/商业/欺诈内容，无法归入前四类
uci_01368,"I don't know, same thing that's wrong everyso often, he panicks starts goin on bout not bein good enough ¡­",en,uci_sms_spam_collection_v1,ham,NEEDS_REVIEW,,e839f9a5094a,私人闲聊/对话，非业务/商业/欺诈内容，无法归入前四类
uci_01369,Alright. I'm out--have a good night!,en,uci_sms_spam_collection_v1,ham,NEEDS_REVIEW,,4db1b0dbfafc,私人闲聊/对话，非业务/商业/欺诈内容，无法归入前四类
uci_01370,Did you try making another butt.,en,uci_sms_spam_collection_v1,ham,NEEDS_REVIEW,,85798c8c842a,私人闲聊/对话，非业务/商业/欺诈内容，无法归入前四类
uci_01371,Hope you are feeling great. Pls fill me in. Abiola,en,uci_sms_spam_collection_v1,ham,NEEDS_REVIEW,,1e3cf518c136,私人闲聊/对话，非业务/商业/欺诈内容，无法归入前四类
uci_01372,I though we shd go out n have some fun so bar in town or something ¨C sound ok?,en,uci_sms_spam_collection_v1,ham,NEEDS_REVIEW,,ea30fb6bcb8e,私人闲聊/对话，非业务/商业/欺诈内容，无法归入前四类
uci_01373,"1) Go to write msg 2) Put on Dictionary mode 3)Cover the screen with hand, 4)Press  &lt;#&gt; . 5)Gently remove Ur hand.. Its interesting..:)",en,uci_sms_spam_collection_v1,ham,NEEDS_REVIEW,,a4f8401436f5,私人闲聊/对话，非业务/商业/欺诈内容，无法归入前四类
uci_01374,"Bears Pic Nick, and Tom, Pete and ... Dick. In fact, all types try gay chat with photo upload call 08718730666 (10p/min). 2 stop texts call 08712460324",en,uci_sms_spam_collection_v1,spam,HARASS,,b6584f035ed6,成人交友骚扰短信，诱导拨打付费电话聊天
uci_01375,"500 New Mobiles from 2004, MUST GO! Txt: NOKIA to No: 89545 & collect yours today!From ONLY ¡ê1 www.4-tc.biz 2optout 087187262701.50gbp/mtmsg18 TXTAUCTION",en,uci_sms_spam_collection_v1,spam,AD,,781a19b15e61,诺基亚手机抽奖促销广告，发送短信即可参与，属于商业营销
uci_01376,We're finally ready fyi,en,uci_sms_spam_collection_v1,ham,NEEDS_REVIEW,,bd2771c83ff6,私人闲聊/对话，非业务/商业/欺诈内容，无法归入前四类
uci_01377,Auntie huai juan never pick up her phone,en,uci_sms_spam_collection_v1,ham,NEEDS_REVIEW,,bb7b85efa3c4,私人闲聊/对话，非业务/商业/欺诈内容，无法归入前四类
uci_01378,Double Mins & Double Txt & 1/2 price Linerental on Latest Orange Bluetooth mobiles. Call MobileUpd8 for the very latest offers. 08000839402 or call2optout/LF56,en,uci_sms_spam_collection_v1,spam,AD,,39056fa05897,Orange蓝牙手机套餐促销广告，双分钟半价，属于商业营销
uci_01379,"Ya tel, wats ur problem..",en,uci_sms_spam_collection_v1,ham,NEEDS_REVIEW,,512cba88c1cb,私人闲聊/对话，非业务/商业/欺诈内容，无法归入前四类
uci_01380,No. 1 Nokia Tone 4 ur mob every week! Just txt NOK to 87021. 1st Tone FREE ! so get txtin now and tell ur friends. 150p/tone. 16 reply HL 4info,en,uci_sms_spam_collection_v1,spam,AD,,09e440d30b4e,诺基亚手机铃声订阅促销广告，每周收费，属于商业营销
uci_01381,i dnt wnt to tlk wid u,en,uci_sms_spam_collection_v1,ham,NEEDS_REVIEW,,47463db3f04d,私人闲聊/对话，非业务/商业/欺诈内容，无法归入前四类
uci_01382,"We spend our days waiting for the ideal path to appear in front of us.. But what we forget is.. ""paths are made by walking.. not by waiting.."" Goodnight!",en,uci_sms_spam_collection_v1,ham,NEEDS_REVIEW,,f24319f565a9,私人闲聊/对话，非业务/商业/欺诈内容，无法归入前四类
uci_01383,Its ok my arm is feeling weak cuz i got a shot so we can go another time,en,uci_sms_spam_collection_v1,ham,NEEDS_REVIEW,,a36e4aead5cc,私人闲聊/对话，非业务/商业/欺诈内容，无法归入前四类
uci_01384,Please reserve ticket on saturday eve from chennai to thirunelvali and again from tirunelvali to chennai on sunday eve...i already see in net..no ticket available..i want to book ticket through tackle ..,en,uci_sms_spam_collection_v1,ham,NEEDS_REVIEW,,8304b16ad4e9,私人闲聊/对话，非业务/商业/欺诈内容，无法归入前四类
uci_01385,"Storming msg: Wen u lift d phne, u say ""HELLO"" Do u knw wt is d real meaning of HELLO?? . . . It's d name of a girl..! . . . Yes.. And u knw who is dat girl?? ""Margaret Hello"" She is d girlfrnd f Grahmbell who invnted telphone... . . . . Moral:One can 4get d name of a person, bt not his girlfrnd... G o o d n i g h t . . .@",en,uci_sms_spam_collection_v1,ham,NEEDS_REVIEW,,2f0bb1f45617,私人闲聊/对话，非业务/商业/欺诈内容，无法归入前四类
uci_01386,That's ok. I popped in to ask bout something and she said you'd been in. Are you around tonght wen this girl comes?,en,uci_sms_spam_collection_v1,ham,NEEDS_REVIEW,,c2c7250e8263,私人闲聊/对话，非业务/商业/欺诈内容，无法归入前四类
uci_01387,All e best 4 ur exam later.,en,uci_sms_spam_collection_v1,ham,NEEDS_REVIEW,,1c90cb9ed00e,私人闲聊/对话，非业务/商业/欺诈内容，无法归入前四类
uci_01388,Hope ur head doesn't hurt 2 much ! Am ploughing my way through a pile of ironing ! Staying in with a chinky tonight come round if you like.,en,uci_sms_spam_collection_v1,ham,NEEDS_REVIEW,,a14b51bf0877,私人闲聊/对话，非业务/商业/欺诈内容，无法归入前四类
uci_01389,Oh k.i think most of wi and nz players unsold.,en,uci_sms_spam_collection_v1,ham,NEEDS_REVIEW,,bc159d3850e9,私人闲聊/对话，非业务/商业/欺诈内容，无法归入前四类
uci_01390,"Haha... Where got so fast lose weight, thk muz go 4 a month den got effect... Gee,later we go aust put bk e weight.",en,uci_sms_spam_collection_v1,ham,NEEDS_REVIEW,,040626caa8d4,私人闲聊/对话，非业务/商业/欺诈内容，无法归入前四类
uci_01391,"I wonder how you got online, my love ? Had you gone to the net cafe ? Did you get your phone recharged ? Were you on a friends net ? I think of you, boytoy",en,uci_sms_spam_collection_v1,ham,NEEDS_REVIEW,,f6a82470c2a3,私人闲聊/对话，非业务/商业/欺诈内容，无法归入前四类
uci_01392,"Haha just kidding, papa needs drugs",en,uci_sms_spam_collection_v1,ham,NEEDS_REVIEW,,4b121d143878,私人闲聊/对话，非业务/商业/欺诈内容，无法归入前四类
uci_01393,"Thk shld b can... Ya, i wana go 4 lessons... Haha, can go for one whole stretch...",en,uci_sms_spam_collection_v1,ham,NEEDS_REVIEW,,6dbe3452b54f,私人闲聊/对话，非业务/商业/欺诈内容，无法归入前四类
uci_01394,Oh ok..,en,uci_sms_spam_collection_v1,ham,NEEDS_REVIEW,,b2a9e6cc8481,私人闲聊/对话，非业务/商业/欺诈内容，无法归入前四类
uci_01395,R we still meeting 4 dinner tonight?,en,uci_sms_spam_collection_v1,ham,NEEDS_REVIEW,,b6971fb0f861,私人闲聊/对话，非业务/商业/欺诈内容，无法归入前四类
uci_01396,Thats cool! I am a gentleman and will treat you with dignity and respect.,en,uci_sms_spam_collection_v1,ham,NEEDS_REVIEW,,e6737e73e12d,私人闲聊/对话，非业务/商业/欺诈内容，无法归入前四类
uci_01397,Shall i start from hear.,en,uci_sms_spam_collection_v1,ham,NEEDS_REVIEW,,99b1a93ff284,私人闲聊/对话，非业务/商业/欺诈内容，无法归入前四类
uci_01398,Then we wait 4 u lor... No need 2 feel bad lar...,en,uci_sms_spam_collection_v1,ham,NEEDS_REVIEW,,c3b186a2efe8,私人闲聊/对话，非业务/商业/欺诈内容，无法归入前四类
uci_01399,No did you check? I got his detailed message now,en,uci_sms_spam_collection_v1,ham,NEEDS_REVIEW,,a37227a90c71,私人闲聊/对话，非业务/商业/欺诈内容，无法归入前四类
uci_01400,You have registered Sinco as Payee. Log in at icicibank.com and enter URN  &lt;#&gt;  to confirm. Beware of frauds. Do NOT share or disclose URN to anyone.,en,uci_sms_spam_collection_v1,ham,TRANSACTION,,e823d4b634e0,ICICI银行收款人注册通知，要求登录确认URN，属于银行交易验证短信
uci_01401,"No, I decided that only people who care about stuff vote and caring about stuff is for losers",en,uci_sms_spam_collection_v1,ham,NEEDS_REVIEW,,a8e803bd27ef,私人闲聊/对话，非业务/商业/欺诈内容，无法归入前四类
uci_01402,Kaiez... Enjoy ur tuition... Gee... Thk e second option sounds beta... I'll go yan jiu den msg u...,en,uci_sms_spam_collection_v1,ham,NEEDS_REVIEW,,7af465349695,私人闲聊/对话，非业务/商业/欺诈内容，无法归入前四类
uci_01403,You have registered Sinco as Payee. Log in at icicibank.com and enter URN  &lt;#&gt;  to confirm. Beware of frauds. Do NOT share or disclose URN to anyone.,en,uci_sms_spam_collection_v1,ham,TRANSACTION,,e823d4b634e0,ICICI银行收款人注册通知，要求登录确认URN，属于银行交易验证短信
uci_01404,cool. We will have fun practicing making babies!,en,uci_sms_spam_collection_v1,ham,NEEDS_REVIEW,,43f67ce35748,私人闲聊/对话，非业务/商业/欺诈内容，无法归入前四类
uci_01405,Actually getting ready to leave the house.,en,uci_sms_spam_collection_v1,ham,NEEDS_REVIEW,,8650ac2d16da,私人闲聊/对话，非业务/商业/欺诈内容，无法归入前四类
uci_01406,K..k..any special today?,en,uci_sms_spam_collection_v1,ham,NEEDS_REVIEW,,6cfa86c54a68,私人闲聊/对话，非业务/商业/欺诈内容，无法归入前四类
uci_01407,"URGENT, IMPORTANT INFORMATION FOR O2 USER. TODAY IS YOUR LUCKY DAY! 2 FIND OUT WHY LOG ONTO HTTP://WWW.URAWINNER.COM THERE IS A FANTASTIC SURPRISE AWAITING FOR YOU",en,uci_sms_spam_collection_v1,spam,FRAUD,,324339f86937,虚假中奖/幸运日骗局，诱导访问钓鱼网站领取所谓惊喜奖励
uci_01408,Then we gotta do it after that,en,uci_sms_spam_collection_v1,ham,NEEDS_REVIEW,,307979a3cd3c,私人闲聊/对话，非业务/商业/欺诈内容，无法归入前四类
uci_01409,"I've got ten bucks, jay is being noncomittal",en,uci_sms_spam_collection_v1,ham,NEEDS_REVIEW,,a77fd67d6c5f,私人闲聊/对话，非业务/商业/欺诈内容，无法归入前四类
uci_01410,Where at were hungry too,en,uci_sms_spam_collection_v1,ham,NEEDS_REVIEW,,60740f281289,私人闲聊/对话，非业务/商业/欺诈内容，无法归入前四类
uci_01411,Pls speak to that customer machan.,en,uci_sms_spam_collection_v1,ham,NEEDS_REVIEW,,3d4b7a4987d4,私人闲聊/对话，非业务/商业/欺诈内容，无法归入前四类
uci_01412,somewhere out there beneath the pale moon light someone think in of u some where out there where dreams come true... goodnite &amp; sweet dreams,en,uci_sms_spam_collection_v1,ham,NEEDS_REVIEW,,eca9d8a0d507,私人闲聊/对话，非业务/商业/欺诈内容，无法归入前四类
uci_01413,"Wen ur lovable bcums angry wid u, dnt take it seriously.. Coz being angry is d most childish n true way of showing deep affection, care n luv!.. kettoda manda... Have nice day da.",en,uci_sms_spam_collection_v1,ham,NEEDS_REVIEW,,da7152aa1544,私人闲聊/对话，非业务/商业/欺诈内容，无法归入前四类
uci_01414,Dear U've been invited to XCHAT. This is our final attempt to contact u! Txt CHAT to 86688 150p/MsgrcvdHG/Suite342/2Lands/Row/W1J6HL LDN 18 yrs,en,uci_sms_spam_collection_v1,spam,HARASS,,826861988eb4,成人聊天邀请骚扰短信，发送短信加入付费聊天服务
uci_01415,So wats ur opinion abt him and how abt is character?,en,uci_sms_spam_collection_v1,ham,NEEDS_REVIEW,,97b47b96ff9b,私人闲聊/对话，非业务/商业/欺诈内容，无法归入前四类
uci_01416,Jay is snickering and tells me that x is totally fucking up the chords as we speak,en,uci_sms_spam_collection_v1,ham,NEEDS_REVIEW,,ed0ffaa24d00,私人闲聊/对话，非业务/商业/欺诈内容，无法归入前四类
uci_01417,No..few hours before.went to hair cut .,en,uci_sms_spam_collection_v1,ham,NEEDS_REVIEW,,56214a8278db,私人闲聊/对话，非业务/商业/欺诈内容，无法归入前四类
uci_01418,No wonder... Cos i dun rem seeing a silver car... But i thk i saw a black one...,en,uci_sms_spam_collection_v1,ham,NEEDS_REVIEW,,df5cb24c4691,私人闲聊/对话，非业务/商业/欺诈内容，无法归入前四类
uci_01419,Lmao. Take a pic and send it to me.,en,uci_sms_spam_collection_v1,ham,NEEDS_REVIEW,,238c525e2854,私人闲聊/对话，非业务/商业/欺诈内容，无法归入前四类
uci_01420,"""Speak only when you feel your words are better than the silence..."" Gud mrng:-)",en,uci_sms_spam_collection_v1,ham,NEEDS_REVIEW,,b1ca8c8d5090,私人闲聊/对话，非业务/商业/欺诈内容，无法归入前四类
uci_01421,No. She's currently in scotland for that.,en,uci_sms_spam_collection_v1,ham,NEEDS_REVIEW,,19747d46b5e9,私人闲聊/对话，非业务/商业/欺诈内容，无法归入前四类
uci_01422,Do you work all this week ?,en,uci_sms_spam_collection_v1,ham,NEEDS_REVIEW,,03650022b6d7,私人闲聊/对话，非业务/商业/欺诈内容，无法归入前四类
uci_01423,Congratulations ur awarded either ¡ê500 of CD gift vouchers & Free entry 2 our ¡ê100 weekly draw txt MUSIC to 87066 TnCs www.Ldew.com 1 win150ppmx3age16,en,uci_sms_spam_collection_v1,spam,FRAUD,,ea9b58e55d9b,虚假中奖骗局，谎称获得礼品券，诱导发送短信赢取奖金
uci_01424,Lol great now im getting hungry.,en,uci_sms_spam_collection_v1,ham,NEEDS_REVIEW,,3a56e4d4fe0e,私人闲聊/对话，非业务/商业/欺诈内容，无法归入前四类
uci_01425,Yes.. now only saw your message..,en,uci_sms_spam_collection_v1,ham,NEEDS_REVIEW,,96f8d99acf41,私人闲聊/对话，非业务/商业/欺诈内容，无法归入前四类
uci_01426,I'll be at mu in like  &lt;#&gt;  seconds,en,uci_sms_spam_collection_v1,ham,NEEDS_REVIEW,,75f9350e36db,私人闲聊/对话，非业务/商业/欺诈内容，无法归入前四类
uci_01427,Ok...,en,uci_sms_spam_collection_v1,ham,NEEDS_REVIEW,,7a85f4764bbd,私人闲聊/对话，非业务/商业/欺诈内容，无法归入前四类
uci_01428,THING R GOOD THANX GOT EXAMS IN MARCH IVE DONE NO REVISION? IS FRAN STILL WITH BOYF? IVE GOTTA INTERVIW 4 EXETER BIT WORRIED!x,en,uci_sms_spam_collection_v1,ham,NEEDS_REVIEW,,b9a23d7209d8,私人闲聊/对话，非业务/商业/欺诈内容，无法归入前四类
uci_01429,"Tell you what, if you make a little spreadsheet and track whose idea it was to smoke to determine who ""smokes too much"" for the entire month of february, I'll come up",en,uci_sms_spam_collection_v1,ham,NEEDS_REVIEW,,c93214539c68,私人闲聊/对话，非业务/商业/欺诈内容，无法归入前四类
uci_01430,For sale - arsenal dartboard. Good condition but no doubles or trebles!,en,uci_sms_spam_collection_v1,spam,NEEDS_REVIEW,,8b9e9c0df4bb,二手物品出售广告，可能是个人闲置转让，非商业营销
uci_01431,Don't look back at the building because you have no coat and i don't want you to get more sick. Just hurry home and wear a coat to the gym!!!,en,uci_sms_spam_collection_v1,ham,NEEDS_REVIEW,,791c1f0e3698,私人闲聊/对话，非业务/商业/欺诈内容，无法归入前四类
uci_01432,"My painful personal thought- ""I always try to keep everybody happy all the time. But nobody recognises me when i am alone""",en,uci_sms_spam_collection_v1,ham,NEEDS_REVIEW,,851f97e54764,私人闲聊/对话，非业务/商业/欺诈内容，无法归入前四类
uci_01433,Thanks for ve lovely wisheds. You rock,en,uci_sms_spam_collection_v1,ham,NEEDS_REVIEW,,b2ccf1e860b0,私人闲聊/对话，非业务/商业/欺诈内容，无法归入前四类
uci_01434,You intrepid duo you! Have a great time and see you both soon.,en,uci_sms_spam_collection_v1,ham,NEEDS_REVIEW,,9a5f6c2c2810,私人闲聊/对话，非业务/商业/欺诈内容，无法归入前四类
uci_01435,I asked sen to come chennai and search for job.,en,uci_sms_spam_collection_v1,ham,NEEDS_REVIEW,,e8e12eaa91a0,私人闲聊/对话，非业务/商业/欺诈内容，无法归入前四类
uci_01436,Dad went out oredi...,en,uci_sms_spam_collection_v1,ham,NEEDS_REVIEW,,e0b6f558a7de,私人闲聊/对话，非业务/商业/欺诈内容，无法归入前四类
uci_01437,"I jus hope its true that  missin me cos i'm really missin him! You haven't done anything to feel guilty about, yet.",en,uci_sms_spam_collection_v1,ham,NEEDS_REVIEW,,ecdd2c3ba849,私人闲聊/对话，非业务/商业/欺诈内容，无法归入前四类
uci_01438,Wat so late still early mah. Or we juz go 4 dinner lor. Aiya i dunno...,en,uci_sms_spam_collection_v1,ham,NEEDS_REVIEW,,69046038bce1,私人闲聊/对话，非业务/商业/欺诈内容，无法归入前四类
uci_01439,"Arms fine, how's Cardiff and uni?",en,uci_sms_spam_collection_v1,ham,NEEDS_REVIEW,,e6a8eb82e6b4,私人闲聊/对话，非业务/商业/欺诈内容，无法归入前四类
uci_01440,In fact when do you leave? I think addie goes back to school tues or wed,en,uci_sms_spam_collection_v1,ham,NEEDS_REVIEW,,831e903b1222,私人闲聊/对话，非业务/商业/欺诈内容，无法归入前四类
uci_01441,"Cool breeze... Bright sun... Fresh flower... Twittering birds... All these waiting to wish u: ""GOODMORNING &amp; HAVE A NICE DAY"" :)",en,uci_sms_spam_collection_v1,ham,NEEDS_REVIEW,,d2510141e0be,私人闲聊/对话，非业务/商业/欺诈内容，无法归入前四类
uci_01442,Ya:)going for restaurant..,en,uci_sms_spam_collection_v1,ham,NEEDS_REVIEW,,9706fc9a58b6,私人闲聊/对话，非业务/商业/欺诈内容，无法归入前四类
uci_01443,"Its ok., i just askd did u knw tht no?",en,uci_sms_spam_collection_v1,ham,NEEDS_REVIEW,,c052b4e7524c,私人闲聊/对话，非业务/商业/欺诈内容，无法归入前四类
uci_01444,Free 1st week entry 2 TEXTPOD 4 a chance 2 win 40GB iPod or ¡ê250 cash every wk. Txt POD to 84128 Ts&Cs www.textpod.net custcare 08712405020.,en,uci_sms_spam_collection_v1,spam,AD,,4954b011831b,TEXTPOD竞赛促销，有机会赢取iPod或现金，属于商业营销
uci_01445,Those ducking chinchillas,en,uci_sms_spam_collection_v1,ham,NEEDS_REVIEW,,85917a8abb32,私人闲聊/对话，非业务/商业/欺诈内容，无法归入前四类
uci_01446,I am in a marriage function,en,uci_sms_spam_collection_v1,ham,NEEDS_REVIEW,,fc8f6bf069d6,私人闲聊/对话，非业务/商业/欺诈内容，无法归入前四类
uci_01447,Looks like u wil b getting a headstart im leaving here bout 2.30ish but if u r desperate for my company I could head in earlier-we were goin to meet in rummer.,en,uci_sms_spam_collection_v1,ham,NEEDS_REVIEW,,b53ee03a1e54,私人闲聊/对话，非业务/商业/欺诈内容，无法归入前四类
uci_01448,Don¡®t give a flying monkeys wot they think and I certainly don¡®t mind. Any friend of mine and all that!,en,uci_sms_spam_collection_v1,ham,NEEDS_REVIEW,,194fc1aac602,私人闲聊/对话，非业务/商业/欺诈内容，无法归入前四类
uci_01449,As a registered optin subscriber ur draw 4 ¡ê100 gift voucher will be entered on receipt of a correct ans to 80062 Whats No1 in the BBC charts,en,uci_sms_spam_collection_v1,spam,AD,,b139619a8972,注册订阅者抽奖促销，回答问题赢取礼品券，属于商业营销
uci_01450,say thanks2.,en,uci_sms_spam_collection_v1,ham,NEEDS_REVIEW,,b43af1f8a6ac,私人闲聊/对话，非业务/商业/欺诈内容，无法归入前四类
uci_01451,Msg me when rajini comes.,en,uci_sms_spam_collection_v1,ham,NEEDS_REVIEW,,c63314a06be2,私人闲聊/对话，非业务/商业/欺诈内容，无法归入前四类
uci_01452,Ya! when are ¨¹ taking ure practical lessons? I start in june..,en,uci_sms_spam_collection_v1,ham,NEEDS_REVIEW,,5e6a67e420fe,私人闲聊/对话，非业务/商业/欺诈内容，无法归入前四类
uci_01453,"That's good, because I need drugs",en,uci_sms_spam_collection_v1,ham,NEEDS_REVIEW,,2e0478bca14d,私人闲聊/对话，非业务/商业/欺诈内容，无法归入前四类
uci_01454,Stupid.its not possible,en,uci_sms_spam_collection_v1,ham,NEEDS_REVIEW,,1f989e007ecb,私人闲聊/对话，非业务/商业/欺诈内容，无法归入前四类
uci_01455,Can ¨¹ all decide faster cos my sis going home liao..,en,uci_sms_spam_collection_v1,ham,NEEDS_REVIEW,,08e1d260cd5a,私人闲聊/对话，非业务/商业/欺诈内容，无法归入前四类
uci_01456,Summers finally here! Fancy a chat or flirt with sexy singles in yr area? To get MATCHED up just reply SUMMER now. Free 2 Join. OptOut txt STOP Help08714742804,en,uci_sms_spam_collection_v1,spam,HARASS,,a005fc457d1a,交友约会骚扰短信，诱导回复加入付费配对服务
uci_01457,U sleeping now.. Or you going to take? Haha.. I got spys wat.. Me online checking n replying mails lor..,en,uci_sms_spam_collection_v1,ham,NEEDS_REVIEW,,da9f59252699,私人闲聊/对话，非业务/商业/欺诈内容，无法归入前四类
uci_01458,CLAIRE here am havin borin time & am now alone U wanna cum over 2nite? Chat now 09099725823 hope 2 C U Luv CLAIRE xx Calls¡ê1/minmoremobsEMSPOBox45PO139WA,en,uci_sms_spam_collection_v1,spam,HARASS,,016f1a730a7c,成人交友骚扰短信，诱导拨打收费电话约会见面
uci_01459,"Fighting with the world is easy, u either win or lose bt fightng with some1 who is close to u is dificult if u lose - u lose if u win - u still lose.",en,uci_sms_spam_collection_v1,ham,NEEDS_REVIEW,,19b0b3d007e1,私人闲聊/对话，非业务/商业/欺诈内容，无法归入前四类
uci_01460,Bought one ringtone and now getting texts costing 3 pound offering more tones etc,en,uci_sms_spam_collection_v1,spam,AD,,c1800e3c4b55,铃声订阅扣费投诉类短信，反映被收费铃声服务扣款，属于商业骚扰
uci_01461,"Yalru lyfu astne chikku.. Bt innu mundhe lyf ali halla ke bilo (marriage)program edhae, so lyf is nt yet ovr chikku..ali vargu lyfu meow meow:-D",en,uci_sms_spam_collection_v1,ham,NEEDS_REVIEW,,3fc978c624c7,私人闲聊/对话，非业务/商业/欺诈内容，无法归入前四类
uci_01462,Kinda. First one gets in at twelve! Aah. Speak tomo,en,uci_sms_spam_collection_v1,ham,NEEDS_REVIEW,,119e08edb8e5,私人闲聊/对话，非业务/商业/欺诈内容，无法归入前四类
uci_01463,"09066362231 URGENT! Your mobile No 07xxxxxxxxx won a ¡ê2,000 bonus caller prize on 02/06/03! this is the 2nd attempt to reach YOU! call 09066362231 ASAP!",en,uci_sms_spam_collection_v1,spam,FRAUD,,451a3f0d3d37,虚假中奖骗局，谎称手机号赢得奖金，诱导拨打高费率电话领取
uci_01464,Ok good then i later come find ¨¹... C lucky i told ¨¹ to go earlier... Later pple take finish ¨¹ no more again...,en,uci_sms_spam_collection_v1,ham,NEEDS_REVIEW,,46ca85f2043d,私人闲聊/对话，非业务/商业/欺诈内容，无法归入前四类
uci_01465,Wat makes u thk i'll fall down. But actually i thk i'm quite prone 2 falls. Lucky my dad at home i ask him come n fetch me already.,en,uci_sms_spam_collection_v1,ham,NEEDS_REVIEW,,c53f3112eccc,私人闲聊/对话，非业务/商业/欺诈内容，无法归入前四类
uci_01466,"YOU 07801543489 are guaranteed the latests Nokia Phone, a 40GB iPod MP3 player or a ¡ê500 prize! Txt word:COLLECT to No:83355! TC-LLC NY-USA 150p/Mt msgrcvd18+",en,uci_sms_spam_collection_v1,spam,AD,,9679e7f5547e,手机/iPod抽奖促销广告，发送COLLECT参与，属于商业营销
uci_01467,Your account has been refilled successfully by INR  &lt;DECIMAL&gt; . Your KeralaCircle prepaid account balance is Rs  &lt;DECIMAL&gt; . Your Transaction ID is KR &lt;#&gt; .,en,uci_sms_spam_collection_v1,ham,TRANSACTION,,3098fabb0ed2,KeralaCircle预付费账户充值成功通知，包含余额和交易ID，属于用户预期的业务结果
uci_01468,I wont touch you with out your permission.,en,uci_sms_spam_collection_v1,ham,NEEDS_REVIEW,,fc115c6eb06f,私人闲聊/对话，非业务/商业/欺诈内容，无法归入前四类
uci_01469,Hi its LUCY Hubby at meetins all day Fri & I will B alone at hotel U fancy cumin over? Pls leave msg 2day 09099726395 Lucy x Calls¡ê1/minMobsmoreLKPOBOX177HP51FL,en,uci_sms_spam_collection_v1,spam,HARASS,,dd9362a1c6ff,成人交友骚扰短信，诱导拨打收费电话约会见面
uci_01470,"7 wonders in My WORLD 7th You 6th Ur style 5th Ur smile 4th Ur Personality 3rd Ur Nature 2nd Ur SMS and 1st ""Ur Lovely Friendship""... good morning dear",en,uci_sms_spam_collection_v1,ham,NEEDS_REVIEW,,edc99b11134b,私人闲聊/对话，非业务/商业/欺诈内容，无法归入前四类
uci_01471,Take some small dose tablet for fever,en,uci_sms_spam_collection_v1,ham,NEEDS_REVIEW,,40ec1f0cb903,私人闲聊/对话，非业务/商业/欺诈内容，无法归入前四类
uci_01472,Oh. U must have taken your REAL Valentine out shopping first.,en,uci_sms_spam_collection_v1,ham,NEEDS_REVIEW,,307def63ffee,私人闲聊/对话，非业务/商业/欺诈内容，无法归入前四类
uci_01473,"Just sent you an email ¨C to an address with incomm in it, is that right?",en,uci_sms_spam_collection_v1,ham,NEEDS_REVIEW,,894eeb4178b0,私人闲聊/对话，非业务/商业/欺诈内容，无法归入前四类
uci_01474,"Will do, you gonna be at blake's all night? I might be able to get out of here a little early",en,uci_sms_spam_collection_v1,ham,NEEDS_REVIEW,,fa01b9eed852,私人闲聊/对话，非业务/商业/欺诈内容，无法归入前四类
uci_01475,"Friendship is not a game to play, It is not a word to say, It doesn\'t start on March and ends on May, It is tomorrow, yesterday, today and e",en,uci_sms_spam_collection_v1,ham,NEEDS_REVIEW,,3f2a8eb59232,私人闲聊/对话，非业务/商业/欺诈内容，无法归入前四类
uci_01476,"Nice. Wait...should you be texting right now? I'm not gonna pay your ticket, ya know!",en,uci_sms_spam_collection_v1,ham,NEEDS_REVIEW,,18c7a6b6bfad,私人闲聊/对话，非业务/商业/欺诈内容，无法归入前四类
uci_01477,I'm watching lotr w my sis dis aft. So u wan 2 meet me 4 dinner at nite a not?,en,uci_sms_spam_collection_v1,ham,NEEDS_REVIEW,,9e9799331006,私人闲聊/对话，非业务/商业/欺诈内容，无法归入前四类
uci_01478,Why you keeping me away like this,en,uci_sms_spam_collection_v1,ham,NEEDS_REVIEW,,43d5af9c27b8,私人闲聊/对话，非业务/商业/欺诈内容，无法归入前四类
uci_01479,I think its far more than that but find out. Check google maps for a place from your dorm.,en,uci_sms_spam_collection_v1,ham,NEEDS_REVIEW,,ea4902c80504,私人闲聊/对话，非业务/商业/欺诈内容，无法归入前四类
uci_01480,My trip was ok but quite tiring lor. Uni starts today but it's ok 4 me cos i'm not taking any modules but jus concentrating on my final yr project.,en,uci_sms_spam_collection_v1,ham,NEEDS_REVIEW,,fc2bfd7779da,私人闲聊/对话，非业务/商业/欺诈内容，无法归入前四类
uci_01481,Have you always been saying welp?,en,uci_sms_spam_collection_v1,ham,NEEDS_REVIEW,,532b7ae1b36a,私人闲聊/对话，非业务/商业/欺诈内容，无法归入前四类
uci_01482,"I'm a guy, browsin is compulsory",en,uci_sms_spam_collection_v1,ham,NEEDS_REVIEW,,15e9b9c770b6,私人闲聊/对话，非业务/商业/欺诈内容，无法归入前四类
uci_01483,Ok...,en,uci_sms_spam_collection_v1,ham,NEEDS_REVIEW,,7a85f4764bbd,私人闲聊/对话，非业务/商业/欺诈内容，无法归入前四类
uci_01484,Purity of friendship between two is not about smiling after reading the forwarded message..Its about smiling just by seeing the name. Gud evng musthu,en,uci_sms_spam_collection_v1,ham,NEEDS_REVIEW,,6c2c8d0a29db,私人闲聊/对话，非业务/商业/欺诈内容，无法归入前四类
uci_01485,"Sorry, I'll call later",en,uci_sms_spam_collection_v1,ham,NEEDS_REVIEW,,d5081f7715ce,私人闲聊/对话，非业务/商业/欺诈内容，无法归入前四类
uci_01486,"(I should add that I don't really care and if you can't I can at least get this dude to fuck off but hey, your money if you want it)",en,uci_sms_spam_collection_v1,ham,NEEDS_REVIEW,,e2b61f8d4cfa,私人闲聊/对话，非业务/商业/欺诈内容，无法归入前四类
uci_01487,"Hello lover! How goes that new job? Are you there now? Are you happy? Do you think of me? I wake, my slave and send you a teasing kiss from across the sea",en,uci_sms_spam_collection_v1,ham,NEEDS_REVIEW,,8e3413d78f88,私人闲聊/对话，非业务/商业/欺诈内容，无法归入前四类
uci_01488,I told your number to gautham..,en,uci_sms_spam_collection_v1,ham,NEEDS_REVIEW,,7c0ee2aa206b,私人闲聊/对话，非业务/商业/欺诈内容，无法归入前四类
uci_01489,Tell them no need to investigate about me anywhere.,en,uci_sms_spam_collection_v1,ham,NEEDS_REVIEW,,54c2ea215553,私人闲聊/对话，非业务/商业/欺诈内容，无法归入前四类
uci_01490,Ok i juz receive..,en,uci_sms_spam_collection_v1,ham,NEEDS_REVIEW,,791b07966a3f,私人闲聊/对话，非业务/商业/欺诈内容，无法归入前四类
uci_01491,"Cant believe i said so many things to you this morning when all i really wanted to say was good morning, i love you! Have a beautiful morning. See you in the library later.",en,uci_sms_spam_collection_v1,ham,NEEDS_REVIEW,,96048fd51cfb,私人闲聊/对话，非业务/商业/欺诈内容，无法归入前四类
uci_01492,"Your account has been credited with 500 FREE Text Messages. To activate, just txt the word: CREDIT to No: 80488 T&Cs www.80488.biz",en,uci_sms_spam_collection_v1,spam,AD,,cebfc6471850,免费短信促销，发送CREDIT激活，属于商业性奖励营销
uci_01493,In the end she might still vomit but its okay. Not everything will come out.,en,uci_sms_spam_collection_v1,ham,NEEDS_REVIEW,,df2dc1c910b1,私人闲聊/对话，非业务/商业/欺诈内容，无法归入前四类
uci_01494,How are you with moneY...as in to you...money aint a thing....how are you sha!,en,uci_sms_spam_collection_v1,ham,NEEDS_REVIEW,,803a2f4fe6d9,私人闲聊/对话，非业务/商业/欺诈内容，无法归入前四类
uci_01495,It has everything to do with the weather. Keep extra warm. Its a cold but nothing serious. Pls lots of vitamin c,en,uci_sms_spam_collection_v1,ham,NEEDS_REVIEW,,cc59d907f08b,私人闲聊/对话，非业务/商业/欺诈内容，无法归入前四类
uci_01496,Hey gals.. Anyone of u going down to e driving centre tmr?,en,uci_sms_spam_collection_v1,ham,NEEDS_REVIEW,,b850b36827f6,私人闲聊/对话，非业务/商业/欺诈内容，无法归入前四类
uci_01497,I'm always on yahoo messenger now. Just send the message to me and i.ll get it you may have to send it in the mobile mode sha but i.ll get it. And will reply.,en,uci_sms_spam_collection_v1,ham,NEEDS_REVIEW,,43bde14d4f81,私人闲聊/对话，非业务/商业/欺诈内容，无法归入前四类
uci_01498,I'm putting it on now. It should be ready for  &lt;TIME&gt;,en,uci_sms_spam_collection_v1,ham,NEEDS_REVIEW,,66101f2cc620,私人闲聊/对话，非业务/商业/欺诈内容，无法归入前四类
uci_01499,"Time n Smile r the two crucial things in our life. Sometimes time makes us to forget smile, and sometimes someone's smile makes us to forget time gud noon",en,uci_sms_spam_collection_v1,ham,NEEDS_REVIEW,,9051921602a9,私人闲聊/对话，非业务/商业/欺诈内容，无法归入前四类
uci_01500,"SMS. ac JSco: Energy is high, but u may not know where 2channel it. 2day ur leadership skills r strong. Psychic? Reply ANS w/question. End? Reply END JSCO",en,uci_sms_spam_collection_v1,spam,AD,,79db0cb3db1c,付费通灵服务推广，要求回复短信提问，属于付费订阅营销广告。
uci_01501,Host-based IDPS for linux systems.,en,uci_sms_spam_collection_v1,ham,NEEDS_REVIEW,,558c37a82184,技术类个人对话，关于Linux入侵检测系统，私人专业话题。
uci_01502,"HOT LIVE FANTASIES call now 08707509020 Just 20p per min NTT Ltd, PO Box 1327 Croydon CR9 5WB 0870 is a national rate call",en,uci_sms_spam_collection_v1,spam,HARASS,,3c85e7e6d6e1,成人色情热线广告，提供收费通话服务，属于成人骚扰内容。
uci_01503,Don no da:)whats you plan?,en,uci_sms_spam_collection_v1,ham,NEEDS_REVIEW,,735cc6bfd03f,私人闲聊，询问对方计划，个人间对话。
uci_01504,Ill be there on  &lt;#&gt;  ok.,en,uci_sms_spam_collection_v1,ham,NEEDS_REVIEW,,aaa5c5bc50b6,私人闲聊，告知到达时间，个人间对话。
uci_01505,Oh my God. I'm almost home,en,uci_sms_spam_collection_v1,ham,NEEDS_REVIEW,,ba78fe3c48de,私人闲聊，告知即将到家，个人间对话。
uci_01506,Total video converter free download type this in google search:),en,uci_sms_spam_collection_v1,ham,NEEDS_REVIEW,,528ee43964bb,个人间分享，提供免费下载信息，个人推荐。
uci_01507,Thanks for the Vote. Now sing along with the stars with Karaoke on your mobile. For a FREE link just reply with SING now.,en,uci_sms_spam_collection_v1,spam,AD,,9d80f97f03e5,卡拉OK服务推广，提供免费链接鼓励回复，属于付费娱乐服务营销广告。
uci_01508,"Wen ur lovable bcums angry wid u, dnt take it seriously.. Coz being angry is d most childish n true way of showing deep affection, care n luv!.. kettoda manda... Have nice day da.",en,uci_sms_spam_collection_v1,ham,NEEDS_REVIEW,,da7152aa1544,私人情感表达，关于生气与关爱，个人间对话。
uci_01509,Sounds like something that someone testing me would sayy,en,uci_sms_spam_collection_v1,ham,NEEDS_REVIEW,,4f2dd1bc1f34,私人闲聊，调侃测试之意，个人对话。
uci_01510,When u love someone Dont make them to love u as much as u do. But Love them so much that they dont want to be loved by anyone except you... Gud nit.,en,uci_sms_spam_collection_v1,ham,NEEDS_REVIEW,,448e63dc8c76,私人情感表达，关于爱与被爱，个人感悟分享。
uci_01511,"Pete,is this your phone still? Its Jenny from college and Leanne.what are you up to now?:)",en,uci_sms_spam_collection_v1,ham,NEEDS_REVIEW,,4a19a6f5cb9f,个人间联系，朋友询问近况，私人对话。
uci_01512,Oops sorry. Just to check that you don't mind picking me up tomo at half eight from station. Would that be ok?,en,uci_sms_spam_collection_v1,ham,NEEDS_REVIEW,,83511dd4b1ea,私人安排，请求明天接站，个人间协调对话。
uci_01513,"Hey sweet, I was wondering when you had a moment if you might come to me ? I want to send a file to someone but it won't go over yahoo for them because their connection sucks, remember when you set up that page for me to go to and download the format disc ? Could you tell me how to do that ? Or do you know some other way to download big files ? Because they can download stuff directly from the internet. Any help would be great, my prey ... *teasing kiss*",en,uci_sms_spam_collection_v1,ham,NEEDS_REVIEW,,b8bd5e0287e0,私人帮助请求，关于下载文件和朋友页面设置，个人间协作。
uci_01514,Hows the champ just leaving glasgow!,en,uci_sms_spam_collection_v1,ham,NEEDS_REVIEW,,246eab3b1ce3,私人闲聊，关于拳击比赛，个人间对话。
uci_01515,K:)all the best:)congrats...,en,uci_sms_spam_collection_v1,ham,NEEDS_REVIEW,,4da8881a0e5c,私人祝贺表达，关于祝福和祝贺，个人间对话。
uci_01516,I wonder if you'll get this text?,en,uci_sms_spam_collection_v1,ham,NEEDS_REVIEW,,e149d169d010,私人询问，猜测对方是否收到短信，个人间对话。
uci_01517,I need to come home and give you some good lovin...,en,uci_sms_spam_collection_v1,ham,NEEDS_REVIEW,,c61594c0c578,私人亲密表达，想回家亲热，个人间短信。
uci_01518,Our brand new mobile music service is now live. The free music player will arrive shortly. Just install on your phone to browse content from the top artists.,en,uci_sms_spam_collection_v1,spam,AD,,8d6058665ffb,移动音乐服务推广，介绍新音乐播放器并引导安装，属于商家服务促销广告。
uci_01519,Shall i ask one thing if you dont mistake me.,en,uci_sms_spam_collection_v1,ham,NEEDS_REVIEW,,9355a02e1da4,私人询问，问是否冒犯对方，个人间对话。
uci_01520,Check wid corect speling i.e. Sarcasm,en,uci_sms_spam_collection_v1,ham,NEEDS_REVIEW,,e4da807ee7cb,私人闲聊，关于拼写检查，个人间对话。
uci_01521,"URGENT! Your Mobile No was awarded a ¡ê2,000 Bonus Caller Prize on 1/08/03! This is our 2nd attempt to contact YOU! Call 0871-4719-523 BOX95QU BT National Rate",en,uci_sms_spam_collection_v1,spam,FRAUD,,dfa141e2aaa6,虚假中奖通知，声称获得2000英镑奖金，要求拨打电话，典型诈骗手段。
uci_01522,Are you angry with me. What happen dear,en,uci_sms_spam_collection_v1,ham,NEEDS_REVIEW,,dd03680b28c2,私人情感沟通，询问是否生气，个人间对话。
uci_01523,I thk u dun haf 2 hint in e forum already lor... Cos i told ron n darren is going 2 tell shuhui.,en,uci_sms_spam_collection_v1,ham,NEEDS_REVIEW,,a1ade1f5ea67,私人安排，关于论坛提示和Ron Darren计划，个人间对话。
uci_01524,Yup ok thanx...,en,uci_sms_spam_collection_v1,ham,NEEDS_REVIEW,,179fe43b507c,私人简短回复，确认收到，个人间对话。
uci_01525,Hi:)cts employee how are you?,en,uci_sms_spam_collection_v1,ham,NEEDS_REVIEW,,5e90fd39b8a8,个人间问候，询问对方近况，私人对话。
uci_01526,Pls pls find out from aunt nike.,en,uci_sms_spam_collection_v1,ham,NEEDS_REVIEW,,587f606ac81c,私人请求，让对方询问Aunt Nike，个人间协调。
uci_01527,"Wow ... I love you sooo much, you know ? I can barely stand it ! I wonder how your day goes and if you are well, my love ... I think of you and miss you",en,uci_sms_spam_collection_v1,ham,NEEDS_REVIEW,,f0b7c4633ec1,私人情感表达，表达爱意和思念，个人间对话。
uci_01528,No screaming means shouting..,en,uci_sms_spam_collection_v1,ham,NEEDS_REVIEW,,566ede906c9a,私人聊天，解释尖叫就是喊叫，个人间对话。
uci_01529,Hey what happen de. Are you alright.,en,uci_sms_spam_collection_v1,ham,NEEDS_REVIEW,,06138dc8b175,私人关心，询问对方是否安好，个人间对话。
uci_01530,Should I have picked up a receipt or something earlier,en,uci_sms_spam_collection_v1,ham,NEEDS_REVIEW,,47f9d8b58152,私人事务回忆，关于收据，个人间对话。
uci_01531,I think chennai well settled?,en,uci_sms_spam_collection_v1,ham,NEEDS_REVIEW,,9301dbe621c9,私人闲聊，关于金奈是否安顿好，个人间对话。
uci_01532,Oh dang! I didn't mean o send that to you! Lol!,en,uci_sms_spam_collection_v1,ham,NEEDS_REVIEW,,88a22f33734a,私人搞笑回复，关于误发短信，个人间对话。
uci_01533,Unfortunately i've just found out that we have to pick my sister up from the airport that evening so don't think i'll be going out at all. We should try to go out one of th,en,uci_sms_spam_collection_v1,ham,NEEDS_REVIEW,,8b16d4f61e6a,私人安排变更，关于接妹妹和取消外出计划，个人间对话。
uci_01534,Horrible bf... I now v hungry...,en,uci_sms_spam_collection_v1,ham,NEEDS_REVIEW,,6d8e7dd6a799,私人抱怨，关于糟糕男友和饥饿，个人间对话。
uci_01535,Remember on that day..,en,uci_sms_spam_collection_v1,ham,NEEDS_REVIEW,,2778b86e84fc,私人思念，回忆某一天，个人间对话。
uci_01536,You have won a Nokia 7250i. This is what you get when you win our FREE auction. To take part send Nokia to 86021 now. HG/Suite342/2Lands Row/W1JHL 16+,en,uci_sms_spam_collection_v1,spam,FRAUD,,f39f9e2ca541,假拍卖骗局，声称赢得诺基亚手机，要求回复短信参与，虚假奖励诈骗。
uci_01537,How's it feel? Mr. Your not my real Valentine just my yo Valentine even tho u hardly play!!,en,uci_sms_spam_collection_v1,ham,NEEDS_REVIEW,,d10c62e995c8,私人情人节玩笑，调侃对方，个人间对话。
uci_01538,All sounds good. Fingers . Makes it difficult to type,en,uci_sms_spam_collection_v1,ham,NEEDS_REVIEW,,db724d90e15a,私人聊天，关于打字困难，个人间对话。
uci_01539,Midnight at the earliest,en,uci_sms_spam_collection_v1,ham,NEEDS_REVIEW,,81f272a47aaa,私人时间安排，说午夜最早，个人间对话。
uci_01540,You're not sure that I'm not trying to make xavier smoke because I don't want to smoke after being told I smoke too much?,en,uci_sms_spam_collection_v1,ham,NEEDS_REVIEW,,2a39a513bcb8,私人复杂沟通，关于Xavier吸烟问题，个人间对话。
uci_01541,K come to nordstrom when you're done,en,uci_sms_spam_collection_v1,ham,NEEDS_REVIEW,,50bc34a6cd26,私人安排，让对方完成后去Nordstrom，个人间对话。
uci_01542,Do u konw waht is rael FRIENDSHIP Im gving yuo an exmpel: Jsut ese tihs msg.. Evrey splleing of tihs msg is wrnog.. Bt sitll yuo can raed it wihtuot ayn mitsake.. GOODNIGHT &amp; HAVE A NICE SLEEP..SWEET DREAMS..,en,uci_sms_spam_collection_v1,ham,NEEDS_REVIEW,,3065806574ac,私人发送的趣味消息，关于拼写错误的搞笑转发，个人间转发。
uci_01543,Now press conference da:),en,uci_sms_spam_collection_v1,ham,NEEDS_REVIEW,,375b153e23b6,私人简短回复，关于新闻发布会，个人间对话。
uci_01544,"Hello from Orange. For 1 month's free access to games, news and sport, plus 10 free texts and 20 photo messages, reply YES. Terms apply: www.orange.co.uk/ow",en,uci_sms_spam_collection_v1,spam,AD,,06f0407bb719,Orange运营商促销，提供免费游戏新闻体育内容及免费短信，回复YES订阅，商家促销广告。
uci_01545,After completed degree. There is no use in joining finance.,en,uci_sms_spam_collection_v1,ham,NEEDS_REVIEW,,76dc456ee7c9,私人闲聊，关于学位和金融就业，个人间对话。
uci_01546,"Good afternoon, my love ! Any job prospects ? Are you missing me ? What do you do ? Are you being lazy and bleak, hmmm ? Or happy and filled with my love ?",en,uci_sms_spam_collection_v1,ham,NEEDS_REVIEW,,5b933fa26aca,私人情感交流，关于爱情和思念，个人间对话。
uci_01547,Shant disturb u anymore... Jia you...,en,uci_sms_spam_collection_v1,ham,NEEDS_REVIEW,,e7e7fae15dab,私人简短回复，关于不扰动，个人间对话。
uci_01548,Bishan lar nearer... No need buy so early cos if buy now i gotta park my car...,en,uci_sms_spam_collection_v1,ham,NEEDS_REVIEW,,f919e1d419eb,私人安排，关于停车和购买时间，个人间对话。
uci_01549,"Me, i dont know again oh",en,uci_sms_spam_collection_v1,ham,NEEDS_REVIEW,,e99a944efe94,私人简短表达，关于不知道和oh，个人间对话。
uci_01550,Dude sux for snake. He got old and raiden got buff,en,uci_sms_spam_collection_v1,ham,NEEDS_REVIEW,,f6a48ebf0e1b,私人玩笑，关于游戏角色，个人间对话。
uci_01551,He says hi and to get your ass back to south tampa (preferably at a kegger),en,uci_sms_spam_collection_v1,ham,NEEDS_REVIEW,,225b50580783,私人玩笑，关于回南坦帕，个人间对话。
uci_01552,In e msg jus now. U said thanks for gift.,en,uci_sms_spam_collection_v1,ham,NEEDS_REVIEW,,142fb4902b77,私人简短回复，关于感谢礼物，个人间对话。
uci_01553,U too...,en,uci_sms_spam_collection_v1,ham,NEEDS_REVIEW,,88c1fff7503a,私人简短回复，说你也是，个人间对话。
uci_01554,Ok how you dear. Did you call chechi,en,uci_sms_spam_collection_v1,ham,NEEDS_REVIEW,,c99a0f499ac2,私人问候，询问是否联系了chechi，个人间对话。
uci_01555,Yeah we do totes. When u wanna?,en,uci_sms_spam_collection_v1,ham,NEEDS_REVIEW,,d8daeb5f03ca,私人安排，问何时，个人间对话。
uci_01556,Ok i found dis pierre cardin one which looks normal costs 20 its on sale.,en,uci_sms_spam_collection_v1,ham,NEEDS_REVIEW,,88076f33c994,私人分享，关于Pierre Cardin打折信息，个人间实用信息分享。
uci_01557,Good sleep is about rhythm. The person has to establish a rhythm that the body will learn and use. If you want to know more :-),en,uci_sms_spam_collection_v1,ham,NEEDS_REVIEW,,fcc6985f0b95,私人感悟分享，关于睡眠规律，个人间实用信息分享。
uci_01558,Wat r u doing?,en,uci_sms_spam_collection_v1,ham,NEEDS_REVIEW,,97bc4cab01f6,私人询问，问对方在做什么，个人间对话。
uci_01559,Message from . I am at Truro Hospital on ext. You can phone me here. as I have a phone by my side,en,uci_sms_spam_collection_v1,ham,NEEDS_REVIEW,,dbf963a7d7c3,个人间关于医院探访的消息，来自朋友，私人对话。
uci_01560,"Single line with a big meaning::::: ""Miss anything 4 ur ""Best Life"" but, don't miss ur best life for anything... Gud nyt...",en,uci_sms_spam_collection_v1,ham,NEEDS_REVIEW,,e12f182079e2,励志/鸡汤转发，关于珍惜生活和最佳人生，个人间转发。
uci_01561,"Just got some gas money, any chance you and the gang want to go on a grand nature adventure?",en,uci_sms_spam_collection_v1,ham,NEEDS_REVIEW,,44600ee75d46,私人邀请，关于去大自然探险，个人间对话。
uci_01562,Dnt worry...use ice pieces in a cloth pack.also take 2 tablets.,en,uci_sms_spam_collection_v1,ham,NEEDS_REVIEW,,8b369d199d24,私人建议，关于用冰片治疗和吃药，个人间建议分享。
uci_01563,Dude just saw a parked car with its sunroof popped up. Sux,en,uci_sms_spam_collection_v1,ham,NEEDS_REVIEW,,f7c7a3798373,私人观察，关于损坏的遮阳车顶，个人间对话。
uci_01564,Get ready to put on your excellent sub face :),en,uci_sms_spam_collection_v1,ham,NEEDS_REVIEW,,a2df8d6f3c45,私人搞笑，关于准备好sub face，个人间玩笑。
uci_01565,Tmrw. Im finishing 9 doors,en,uci_sms_spam_collection_v1,ham,NEEDS_REVIEW,,575b5f263d30,私人安排，明天做9扇门，个人间对话。
uci_01566,"The  &lt;#&gt; g that i saw a few days ago, the guy wants sell wifi only for  &lt;#&gt;  and with 3g for  &lt;#&gt; . That's why i blanked him.",en,uci_sms_spam_collection_v1,ham,NEEDS_REVIEW,,5ad694c330f4,私人分享，关于看到卖WiFi的人，个人间对话。
uci_01567,I am late. I will be there at,en,uci_sms_spam_collection_v1,ham,NEEDS_REVIEW,,c6319f76384d,私人安排，关于到达时间，个人间对话。
uci_01568,"whatever, im pretty pissed off.",en,uci_sms_spam_collection_v1,ham,NEEDS_REVIEW,,2b202043c577,私人情绪表达，说很生气，个人间对话。
uci_01569,Today is ACCEPT DAY..U Accept me as? Brother Sister Lover Dear1 Best1 Clos1 Lvblefrnd Jstfrnd Cutefrnd Lifpartnr Belovd Swtheart Bstfrnd No rply means enemy,en,uci_sms_spam_collection_v1,ham,NEEDS_REVIEW,,43dcff411bd8,励志/鸡汤转发，关于接受日的人际角色选择，个人间转发。
uci_01570,I dont have that much image in class.,en,uci_sms_spam_collection_v1,ham,NEEDS_REVIEW,,085068d55569,私人抱怨，关于班上没有太多照片形象，个人间对话。
uci_01571,No:-)i got rumour that you going to buy apartment in chennai:-),en,uci_sms_spam_collection_v1,ham,NEEDS_REVIEW,,9872c96fc5b9,私人玩笑，关于在金奈买公寓的传言，个人间对话。
uci_01572,Near kalainar tv office.thenampet,en,uci_sms_spam_collection_v1,ham,NEEDS_REVIEW,,a9c18a9d7e1f,私人位置分享，关于Kalainar TV办公室，个人间对话。
uci_01573,Ur cash-balance is currently 500 pounds - to maximize ur cash-in now send GO to 86688 only 150p/msg. CC 08718720201 HG/Suite342/2Lands Row/W1J6HL,en,uci_sms_spam_collection_v1,spam,FRAUD,,30216cebbdfb,虚假积分/现金兑换，声称余额500英镑，发送GO到特定号码，诈骗短信。
uci_01574,SMS AUCTION - A BRAND NEW Nokia 7250 is up 4 auction today! Auction is FREE 2 join & take part! Txt NOKIA to 86021 now! HG/Suite342/2Lands Row/W1J6HL,en,uci_sms_spam_collection_v1,spam,FRAUD,,a66ee42176b0,假拍卖，声称免费参加诺基亚手机拍卖，需回复短信，虚假奖励诈骗。
uci_01575,My sis is catching e show in e afternoon so i'm not watching w her. So c u wan 2 watch today or tmr lor.,en,uci_sms_spam_collection_v1,ham,NEEDS_REVIEW,,812812eec302,私人安排，关于看电视节目，个人间对话。
uci_01576,"Sounds gd... Haha... Can... Wah, u yan jiu so fast liao...",en,uci_sms_spam_collection_v1,ham,NEEDS_REVIEW,,7a912a8004b7,私人简短回复，表达赞同，个人间对话。
uci_01577,No. To be nosy I guess. Idk am I over reacting if I'm freaked?,en,uci_sms_spam_collection_v1,ham,NEEDS_REVIEW,,3735a271ee1d,私人情绪沟通，关于是否反应过度，个人间对话。
uci_01578,"Remember all those whom i hurt during days of satanic imposter in me.need to pay a price,so be it.may destiny keep me going and as u said pray that i get the mind to get over the same.",en,uci_sms_spam_collection_v1,ham,NEEDS_REVIEW,,86dd3c826faf,私人反思，关于伤害他人和命运代价，个人感悟分享。
uci_01579,How to Make a girl Happy? It's not at all difficult to make girls happy. U only need to be... 1. A friend 2. Companion 3. Lover 4. Chef . . .  &lt;#&gt; . Good listener  &lt;#&gt; . Organizer  &lt;#&gt; . Good boyfriend  &lt;#&gt; . Very clean  &lt;#&gt; . Sympathetic  &lt;#&gt; . Athletic  &lt;#&gt; . Warm . . .  &lt;#&gt; . Courageous  &lt;#&gt; . Determined  &lt;#&gt; . True  &lt;#&gt; . Dependable  &lt;#&gt; . Intelligent . . .  &lt;#&gt; . Psychologist  &lt;#&gt; . Pest exterminator  &lt;#&gt; . Psychiatrist  &lt;#&gt; . Healer . .  &lt;#&gt; . Stylist  &lt;#&gt; . Driver . . Aaniye pudunga venaam..,en,uci_sms_spam_collection_v1,ham,NEEDS_REVIEW,,6f1f741ebc91,私人转发/长消息，关于如何取悦女孩的道理，个人间分享。
uci_01580,"Why is that, princess? I bet the brothas are all chasing you!",en,uci_sms_spam_collection_v1,ham,NEEDS_REVIEW,,07b96e15189d,私人玩笑，关于公主和追求者，个人间对话。
uci_01581,"I shall book chez jules for half eight, if that's ok with you?",en,uci_sms_spam_collection_v1,ham,NEEDS_REVIEW,,0a0a576cac5c,私人预订安排，关于Chez Jules餐厅，个人间协调对话。
uci_01582,Hhahhaahahah rofl wtf nig was leonardo in your room or something,en,uci_sms_spam_collection_v1,ham,NEEDS_REVIEW,,6b5a33549cf7,私人搞笑回复，关于Leonardo的玩笑，个人间玩笑。
uci_01583,"Yep, at derek's house now, see you Sunday &lt;3",en,uci_sms_spam_collection_v1,ham,NEEDS_REVIEW,,d9654a32ed96,私人位置分享，在Derek家，个人间对话。
uci_01584,"It's cool, let me know before it kicks off around  &lt;#&gt; , I'll be out and about all day",en,uci_sms_spam_collection_v1,ham,NEEDS_REVIEW,,903795fc3c2b,私人安排，关于大约时候见面，个人间对话。
uci_01585,"Sorry, I'll call later",en,uci_sms_spam_collection_v1,ham,NEEDS_REVIEW,,d5081f7715ce,私人简短回复，说抱歉稍后再打，个人间对话。
uci_01586,I was wondering if it would be okay for you to call uncle john and let him know that things are not the same in nigeria as they r here. That  &lt;#&gt;  dollars is 2years sent and that you know its a strain but i plan to pay back every dime he gives. Every dime so for me to expect anything from you is not practical. Something like that.,en,uci_sms_spam_collection_v1,ham,NEEDS_REVIEW,,104fb94fbddb,私人重要沟通，关于尼日利亚亲戚借钱问题，个人间严肃对话。
uci_01587,There are no other charges after transfer charges and you can withdraw anyhow you like,en,uci_sms_spam_collection_v1,ham,FRAUD,,9a34b6c6a618,声称转账后无额外费用可随意取款，属于典型预付费诈骗话术，诱骗转账。
uci_01588,"Dont search love, let love find U. Thats why its called falling in love, bcoz U dont force yourself, U just fall and U know there is smeone to hold U... BSLVYL",en,uci_sms_spam_collection_v1,ham,NEEDS_REVIEW,,197147441cfe,励志/鸡汤转发，关于让爱找到你，个人间转发。
uci_01589,At 4. Let's go to bill millers,en,uci_sms_spam_collection_v1,ham,NEEDS_REVIEW,,1fad75a36700,私人安排，关于4点去Bill Miller，个人间对话。
uci_01590,I love you. You set my soul on fire. It is not just a spark. But it is a flame. A big rawring flame. XoXo,en,uci_sms_spam_collection_v1,ham,NEEDS_REVIEW,,104dc34c4f68,私人情感表达，关于爱情火焰，个人间对话。
uci_01591,"Somewhr someone is surely made 4 u. And God has decided a perfect time to make u meet dat person. . . . till den, . . . . . Enjoy ur crushes..!!!;-)",en,uci_sms_spam_collection_v1,ham,NEEDS_REVIEW,,5aecb4f44a24,励志/鸡汤转发，关于缘分和暗恋，个人间转发。
uci_01592,That's my honeymoon outfit. :),en,uci_sms_spam_collection_v1,ham,NEEDS_REVIEW,,546aadc41a82,私人玩笑，关于蜜月服装，个人间对话。
uci_01593,Will it help if we propose going back again tomorrow,en,uci_sms_spam_collection_v1,ham,NEEDS_REVIEW,,c7cb4f7cde1f,私人安排，关于是否明天再来，个人间对话。
uci_01594,PRIVATE! Your 2003 Account Statement for shows 800 un-redeemed S. I. M. points. Call 08719899230 Identifier Code: 41685 Expires 07/11/04,en,uci_sms_spam_collection_v1,spam,FRAUD,,ce0313c5341e,虚假账户积分兑换，声称800未兑换SIM积分，要求拨打电话，诈骗短信。
uci_01595,Never blame a day in ur life. Good days give u happiness. Bad days give u experience. Both are essential in life! All are Gods blessings! good morning.:,en,uci_sms_spam_collection_v1,ham,NEEDS_REVIEW,,b3e94a4d54d4,励志/鸡汤转发，关于好日子和坏日子的意义，个人间转发。
uci_01596,Pls confirm the time to collect the cheque.,en,uci_sms_spam_collection_v1,ham,NEEDS_REVIEW,,e32a7d62a323,私人请求，确认领取支票时间，个人间协调。
uci_01597,As a Registered Subscriber yr draw 4 a ¡ê100 gift voucher will b entered on receipt of a correct ans. When are the next olympics. Txt ans to 80062,en,uci_sms_spam_collection_v1,spam,FRAUD,,93103fbd49a5,虚假抽奖，声称注册用户可赢得100英镑礼品券，需短信回答问题，诈骗手段。
uci_01598,URGENT! Your Mobile number has been awarded with a ¡ê2000 prize GUARANTEED. Call 09061790121 from land line. Claim 3030. Valid 12hrs only 150ppm,en,uci_sms_spam_collection_v1,spam,FRAUD,,97d9641a0632,虚假中奖，声称手机号码赢得2000英镑奖金并要求拨打固定电话领奖，典型诈骗。
uci_01599,Daddy will take good care of you :),en,uci_sms_spam_collection_v1,ham,NEEDS_REVIEW,,9b636ef50a84,私人亲子间安抚，关于爸爸会照顾你，个人间对话。
uci_01600,"Yeah probably, I still gotta check out with leo",en,uci_sms_spam_collection_v1,ham,NEEDS_REVIEW,,a925193b6ee0,私人安排，关于和Leo确认，个人间对话。
uci_01601,K.then any other special?,en,uci_sms_spam_collection_v1,ham,NEEDS_REVIEW,,c2c2e29df06b,私人询问，关于是否还有其他特别的事，个人间对话。
uci_01602,Carlos is taking his sweet time as usual so let me know when you and patty are done/want to smoke and I'll tell him to haul ass,en,uci_sms_spam_collection_v1,ham,NEEDS_REVIEW,,f1067ffa5b80,私人安排，关于Carlos和Patty吸烟时间协调，个人间对话。
uci_01603,Ok pa. Nothing problem:-),en,uci_sms_spam_collection_v1,ham,NEEDS_REVIEW,,2d3c8f841705,私人积极回复，说没问题，个人间对话。
uci_01604,Have you heard about that job? I'm going to that wildlife talk again tonight if u want2come. Its that2worzels and a wizzle or whatever it is?!,en,uci_sms_spam_collection_v1,ham,NEEDS_REVIEW,,03eab0ec419f,私人邀请，关于野生动物讲座，个人间对话。
uci_01605,"God picked up a flower and dippeditinaDEW, lovingly touched itwhichturnedinto u, and the he gifted tomeandsaid,THIS FRIEND IS 4U",en,uci_sms_spam_collection_v1,ham,NEEDS_REVIEW,,35b751826d19,励志/诗意转发，关于上帝造人，个人间转发。
uci_01606,When you came to hostel.,en,uci_sms_spam_collection_v1,ham,NEEDS_REVIEW,,6a0b7de5c5c9,私人回忆，关于来宿舍时，个人间对话。
uci_01607,Ok no prob... I'll come after lunch then...,en,uci_sms_spam_collection_v1,ham,NEEDS_REVIEW,,323deb298475,私人安排，关于午饭后见面，个人间对话。
uci_01608,Jus telling u dat i'll b leaving 4 shanghai on 21st instead so we'll haf more time 2 meet up cya...,en,uci_sms_spam_collection_v1,ham,NEEDS_REVIEW,,4714876d1924,私人旅行计划变更，关于去上海日期，个人间对话。
uci_01609,Are your freezing ? Are you home yet ? Will you remember to kiss your mom in the morning? Do you love me ? Do you think of me ? Are you missing me yet ?,en,uci_sms_spam_collection_v1,ham,NEEDS_REVIEW,,4cf9d3cb5aae,私人情感表达，一系列关于爱和思念的问题，个人间对话。
uci_01610,You all ready for * big day tomorrow?,en,uci_sms_spam_collection_v1,ham,NEEDS_REVIEW,,ec9051f26392,私人问候，关于明天大日子，个人间对话。
uci_01611,I'll probably be around mu a lot,en,uci_sms_spam_collection_v1,ham,NEEDS_REVIEW,,1b7e86b980ab,私人安排，说可能在mu，个人间对话。
uci_01612,645,en,uci_sms_spam_collection_v1,ham,NEEDS_REVIEW,,d08f88df745f,个人间关于代码645的消息，含义不明，私人对话。
uci_01613,RT-KIng Pro Video Club>> Need help? info@ringtoneking.co.uk or call 08701237397 You must be 16+ Club credits redeemable at www.ringtoneking.co.uk! Enjoy!,en,uci_sms_spam_collection_v1,spam,AD,,48d079d54f93,铃声俱乐部推广，提供视频铃声服务并要求联系，属于付费铃声订阅营销。
uci_01614,Thnx dude. u guys out 2nite?,en,uci_sms_spam_collection_v1,ham,NEEDS_REVIEW,,9c26200064bf,私人简短回复，关于今晚是否出去，个人间对话。
uci_01615,Me sef dey laugh you. Meanwhile how's my darling anjie!,en,uci_sms_spam_collection_v1,ham,NEEDS_REVIEW,,a86fd34a17c6,私人玩笑，关于Anjie，个人间对话。
uci_01616,Mm i had my food da from out,en,uci_sms_spam_collection_v1,ham,NEEDS_REVIEW,,7d08664c7c52,私人简短告知，关于吃饭，个人间对话。
uci_01617,"K, makes sense, btw carlos is being difficult so you guys are gonna smoke while I go pick up the second batch and get gas",en,uci_sms_spam_collection_v1,ham,NEEDS_REVIEW,,870fa7785614,私人安排，关于Carlos麻烦和吸烟计划，个人间对话。
uci_01618,Did u download the fring app?,en,uci_sms_spam_collection_v1,ham,NEEDS_REVIEW,,c66f7d0cf466,私人询问，是否下载了fring应用，个人间对话。
uci_01619,The 2 oz guy is being kinda flaky but one friend is interested in picking up $ &lt;#&gt;  worth tonight if possible,en,uci_sms_spam_collection_v1,ham,NEEDS_REVIEW,,a7de367cac7f,私人协调，关于买酒安排，个人间对话。
uci_01620,Friends that u can stay on fb chat with,en,uci_sms_spam_collection_v1,ham,NEEDS_REVIEW,,9f56149541c5,私人社交，关于可以保持FB Chat的朋友，个人间对话。
uci_01621,"Fuck babe, I miss you sooooo much !! I wish you were here to sleep with me ... My bed is so lonely ... I go now, to sleep ... To dream of you, my love ...",en,uci_sms_spam_collection_v1,ham,NEEDS_REVIEW,,fb5558ec9667,私人亲密表达，关于思念和孤独床榻，个人间短信。
uci_01622,"Living is very simple.. Loving is also simple.. Laughing is too simple.. Winning is tooo simple.. But, being 'SIMPLE' is very difficult.. Gud nte.:-",en,uci_sms_spam_collection_v1,ham,NEEDS_REVIEW,,5a9221b56f72,励志/哲理转发，关于简单生活，个人间转发。
uci_01623,U have a secret admirer who is looking 2 make contact with U-find out who they R*reveal who thinks UR so special-call on 09058094599,en,uci_sms_spam_collection_v1,spam,HARASS,qa_fix_v1,2cc64639dece,[fix:adult-or-secret-admirer FRAUD->HARASS] 虚假秘密仰慕者服务，声称有人想联系你并要求拨打电话查看，付费诈骗服务。
uci_01624,"Ah, well that confuses things, doesn¡®t it?",en,uci_sms_spam_collection_v1,ham,NEEDS_REVIEW,,2d940d429712,私人回复，关于困惑，个人间对话。
uci_01625,500 free text msgs. Just text ok to 80488 and we'll credit your account,en,uci_sms_spam_collection_v1,spam,AD,,44877eb0a6b7,免费短信推广，声称发送OK到80488即可获得500条免费短信，付费服务促销广告。
uci_01626,Hi Dear Call me its urgnt. I don't know whats your problem. You don't want to work or if you have any other problem at least tell me. Wating for your reply.,en,uci_sms_spam_collection_v1,ham,NEEDS_REVIEW,,42e8f2882a21,私人关心，关于对方是否想工作及其他问题，个人间对话。
uci_01627,Dear how you. Are you ok?,en,uci_sms_spam_collection_v1,ham,NEEDS_REVIEW,,ac4aa2a4f0ae,急迫陌生来电请求，语气紧急但内容模糊，疑似诈骗引流，不确定意图，待审核。
uci_01628,"You have been selected to stay in 1 of 250 top British hotels - FOR NOTHING! Holiday Worth ¡ê350! To Claim, Call London 02072069400. Bx 526, SW73SS",en,uci_sms_spam_collection_v1,spam,FRAUD,,b1f7de3e026b,虚假中奖，声称免费入住英国酒店价值350英镑，要求拨打电话，诈骗短信。
uci_01629,Yes princess! I want to make you happy...,en,uci_sms_spam_collection_v1,ham,NEEDS_REVIEW,,6fefbd47abea,私人安抚，说想要让你开心，个人间对话。
uci_01630,Sounds like you have many talents! would you like to go on a dinner date next week?,en,uci_sms_spam_collection_v1,ham,NEEDS_REVIEW,,a48c9d428ac8,私人邀请，关于下周晚餐约会，个人间对话。
uci_01631,I am going to film 2day da. At 6pm. Sorry da.,en,uci_sms_spam_collection_v1,ham,NEEDS_REVIEW,,188113cf1853,私人安排变更，关于6点看电影，个人间对话。
uci_01632,We not watching movie already. Xy wants 2 shop so i'm shopping w her now.,en,uci_sms_spam_collection_v1,ham,NEEDS_REVIEW,,dd8ad77071ed,私人安排，关于购物，个人间对话。
uci_01633,Hello my little party animal! I just thought I'd buzz you as you were with your friends ...*grins*... Reminding you were loved and send a naughty adoring kiss,en,uci_sms_spam_collection_v1,ham,NEEDS_REVIEW,,96d5d586c675,私人亲密问候，关于爱和亲吻，个人间对话。
uci_01634,Yesterday its with me only . Now am going home.,en,uci_sms_spam_collection_v1,ham,NEEDS_REVIEW,,89f3260e88ac,私人告知，现在在回家路上，个人间对话。
uci_01635,"Eerie Nokia tones 4u, rply TONE TITLE to 8007 eg TONE DRACULA to 8007 Titles: GHOST, ADDAMSFA, MUNSTERS, EXORCIST, TWILIGHT www.getzed.co.uk POBox36504W45WQ 150p",en,uci_sms_spam_collection_v1,spam,AD,,374ce13a1296,诺基亚铃声推广，要求回复音调标题下载，属于付费铃声订阅营销广告。
uci_01636,"You have come into my life and brought the sun ..Shiny down on me, warming my heart. Putting a constant smile on my face ... Making me feel loved and cared for",en,uci_sms_spam_collection_v1,ham,NEEDS_REVIEW,,61890578bd44,励志/情感转发，关于爱如阳光，个人间转发。
uci_01637,"No shit, but I wasn't that surprised, so I went and spent the evening with that french guy I met in town here and we fooled around a bit but I didn't let him fuck me",en,uci_sms_spam_collection_v1,ham,NEEDS_REVIEW,,98abae5d1717,私人经历分享，关于与法国人的暧昧经历，个人间私密对话。
uci_01638,"0A$NETWORKS allow companies to bill for SMS, so they are responsible for their ""suppliers"", just as a shop has to give a guarantee on what they sell. B. G.",en,uci_sms_spam_collection_v1,spam,NEEDS_REVIEW,,0f91c4b8c122,技术性SMS计费说明，关于供应商责任，内容专业晦涩，无法归入其他类别。
uci_01639,Great comedy..cant stop laughing da:),en,uci_sms_spam_collection_v1,ham,NEEDS_REVIEW,,d64b94275b41,私人娱乐分享，关于喜剧很好笑，个人间对话。
uci_01640,FreeMsg:Feelin kinda lnly hope u like 2 keep me company! Jst got a cam moby wanna c my pic?Txt or reply DATE to 82242 Msg150p 2rcv Hlp 08712317606 stop to 82242,en,uci_sms_spam_collection_v1,spam,AD,,98d7b0ef656a,免费交友/约会推广，发送DATE到特定号码查看照片，付费社交服务营销广告。
uci_01641,"Alright, we're all set here, text the man",en,uci_sms_spam_collection_v1,ham,NEEDS_REVIEW,,c417114692c7,私人安排，说准备好了可以给对方发短信，个人间对话。
uci_01642,"Hi , where are you? We're at  and they're not keen to go out i kind of am but feel i shouldn't so can we go out tomo, don't mind do you?",en,uci_sms_spam_collection_v1,ham,NEEDS_REVIEW,,95595badfe17,私人协调，关于今晚是否外出，个人间对话。
uci_01643,Sleeping nt feeling well,en,uci_sms_spam_collection_v1,ham,NEEDS_REVIEW,,0b0ab48ccf2a,私人简短回复，说睡得不舒服，个人间对话。
uci_01644,U WILL SWITCH YOUR FONE ON DAMMIT!!,en,uci_sms_spam_collection_v1,ham,NEEDS_REVIEW,,e49c5b830664,私人强烈要求，让对方开手机，个人间对话。
uci_01645,India have to take lead:),en,uci_sms_spam_collection_v1,ham,NEEDS_REVIEW,,96e39d3717ec,私人简短，关于印度要带路，个人间对话。
uci_01646,I.ll post her out l8r. In class,en,uci_sms_spam_collection_v1,ham,NEEDS_REVIEW,,c4b26dd208f1,私人安排，关于稍后放学后寄出，个人间对话。
uci_01647,Thts wat Wright Brother did to fly..,en,uci_sms_spam_collection_v1,ham,NEEDS_REVIEW,,f5274482dbd3,私人简短引用，关于莱特兄弟飞行，个人间对话。
uci_01648,"Evening * v good if somewhat event laden. Will fill you in, don't you worry ¡­ Head * ok but throat * wrecked. See you at six then!",en,uci_sms_spam_collection_v1,ham,NEEDS_REVIEW,,40d56895dbc4,私人晚间安排，话题丰富，约见六点，个人间对话。
uci_01649,If u laugh really loud.. If u talk spontaneously.. If u dont care what others feel.. U are probably with your dear &amp; best friends.. GOODEVENING Dear..:),en,uci_sms_spam_collection_v1,ham,NEEDS_REVIEW,,ba51dbc66e00,励志/情感转发，关于好友的特征，个人间转发。
uci_01650,ITS A LAPTOP TAKE IT WITH YOU.,en,uci_sms_spam_collection_v1,ham,NEEDS_REVIEW,,ad53580d91dc,私人告知，关于带笔记本电脑，个人间对话。
uci_01651,I dont have any of your file in my bag..i was in work when you called me.i 'll tell you if i find anything in my room.,en,uci_sms_spam_collection_v1,ham,NEEDS_REVIEW,,ae0a9d5397c3,私人解释，关于文件不在包里，个人间对话。
uci_01652,I wan but too early lei... Me outside now wun b home so early... Neva mind then...,en,uci_sms_spam_collection_v1,ham,NEEDS_REVIEW,,c75f10d809ba,私人安排变更，关于太早所以不回家，个人间对话。
uci_01653,"For ur chance to win a ¡ê250 cash every wk TXT: ACTION to 80608. T's&C's www.movietrivia.tv custcare 08712405022, 1x150p/wk",en,uci_sms_spam_collection_v1,spam,FRAUD,,8043ee66f6de,虚假抽奖，声称每周可赢得250英镑现金，需发送ACTION到特定号码，诈骗短信。
uci_01654,I was at bugis juz now wat... But now i'm walking home oredi... ¨¹ so late then reply... I oso saw a top dat i like but din buy... Where r ¨¹ now?,en,uci_sms_spam_collection_v1,ham,NEEDS_REVIEW,,a9c673b95aa6,私人位置和购物分享，关于在bugis想买衣服，个人间对话。
uci_01655,"Wishing you and your family Merry ""X"" mas and HAPPY NEW Year in advance..",en,uci_sms_spam_collection_v1,ham,NEEDS_REVIEW,,b857ebe07dd6,私人节日祝福，提前祝圣诞和新年快乐，个人间祝福短信。
uci_01656,At 7 we will go ok na.,en,uci_sms_spam_collection_v1,ham,NEEDS_REVIEW,,6d8cc28bf8cf,私人简短安排，说7点去，个人间对话。
uci_01657,Yes I posted a couple of pics on fb. There's still snow outside too. I'm just waking up :),en,uci_sms_spam_collection_v1,ham,NEEDS_REVIEW,,3fa348fcf66a,私人状态分享，关于FB照片和雪景，个人间对话。
uci_01658,S:-)if we have one good partnership going we will take lead:),en,uci_sms_spam_collection_v1,ham,NEEDS_REVIEW,,64813d21af58,私人简短，关于合作关系中要带路，个人间对话。
uci_01659,RGENT! This is the 2nd attempt to contact U!U have WON ¡ê1250 CALL 09071512433 b4 050703 T&CsBCM4235WC1N3XX. callcost 150ppm mobilesvary. max¡ê7. 50,en,uci_sms_spam_collection_v1,spam,FRAUD,,3ab8898452b8,虚假中奖，声称已赢得1250英镑，要求拨打电话领取，典型诈骗手段。
uci_01660,"Yeah, where's your class at?",en,uci_sms_spam_collection_v1,ham,NEEDS_REVIEW,,6650d0beda20,私人询问，关于在哪个教室，个人间对话。
uci_01661,No just send to you. Bec you in temple na.,en,uci_sms_spam_collection_v1,ham,NEEDS_REVIEW,,f1da6f06df7d,私人简短，因为对方在寺庙，个人间对话。
uci_01662,"You aren't coming home between class, right? I need to work out and shower!",en,uci_sms_spam_collection_v1,ham,NEEDS_REVIEW,,1b4933cfc144,私人协调，关于课间不回宿舍，个人间对话。
uci_01663,Hi if ur lookin 4 saucy daytime fun wiv busty married woman Am free all next week Chat now 2 sort time 09099726429 JANINExx Calls¡ê1/minMobsmoreLKPOBOX177HP51FL,en,uci_sms_spam_collection_v1,spam,HARASS,,e0debf88435f,成人约会骚扰，提供已婚女性日间聊天服务并收费，属于成人/交友骚扰。
uci_01664,S but mostly not like that.,en,uci_sms_spam_collection_v1,ham,NEEDS_REVIEW,,16a49241c8d4,私人简短，说大多不是那样，个人间对话。
uci_01665,¨¹ v ma fan...,en,uci_sms_spam_collection_v1,ham,NEEDS_REVIEW,,45db2331d220,私人简短表达，关于v ma fan，个人间对话。
uci_01666,Dunno cos i was v late n when i reach they inside already... But we ate spageddies lor... It's e gals who r laughing at me lor...,en,uci_sms_spam_collection_v1,ham,NEEDS_REVIEW,,74b89cb55f8a,私人解释，关于迟到和吃意大利面，个人间对话。
uci_01667,Guess who spent all last night phasing in and out of the fourth dimension,en,uci_sms_spam_collection_v1,ham,NEEDS_REVIEW,,86d1d2130181,私人玩笑，关于通宵第四维度相位，个人间玩笑。
uci_01668,So now my dad is gonna call after he gets out of work and ask all these crazy questions.,en,uci_sms_spam_collection_v1,ham,NEEDS_REVIEW,,c30602a2179e,私人安排，关于爸爸下班后会问奇怪问题，个人间对话。
uci_01669,"Yes..but they said its IT.,",en,uci_sms_spam_collection_v1,ham,NEEDS_REVIEW,,585bfa0869d6,私人简短回复，关于IT的事，个人间对话。
uci_01670,"Very hurting n meaningful lines ever: ""I compromised everything for my love, But at d end my love compromised me for everything:-("".. Gud mornin:-)",en,uci_sms_spam_collection_v1,ham,NEEDS_REVIEW,,9a55076fb203,励志/哲理转发，关于为爱妥协的心痛，个人间转发。
uci_01671,Lmao!nice 1,en,uci_sms_spam_collection_v1,ham,NEEDS_REVIEW,,6fa918c5cf88,私人简短回复，说lmao好一个，个人间对话。
uci_01672,Glad to see your reply.,en,uci_sms_spam_collection_v1,ham,NEEDS_REVIEW,,e17c3b32aac0,私人简短，高兴看到回复，个人间对话。
uci_01673,URGENT! We are trying to contact U. Todays draw shows that you have won a ¡ê800 prize GUARANTEED. Call 09050001295 from land line. Claim A21. Valid 12hrs only,en,uci_sms_spam_collection_v1,spam,FRAUD,,5e21faa9d2c0,虚假中奖，声称今日抽奖赢得800英镑奖金，要求拨打固定电话，诈骗短信。
uci_01674,Monthly password for wap. mobsi.com is 391784. Use your wap phone not PC.,en,uci_sms_spam_collection_v1,spam,AD,,01f733d38ca9,WAP服务推广，展示每月密码并引导使用WAP服务，付费服务营销广告。
uci_01675,Nah dub but je still buff,en,uci_sms_spam_collection_v1,ham,NEEDS_REVIEW,,28dd1625b911,私人简短，关于je还是壮，个人间对话。
uci_01676,"Painful words- ""I thought being Happy was the most toughest thing on Earth... But, the toughest is acting Happy with all unspoken pain inside..""",en,uci_sms_spam_collection_v1,ham,NEEDS_REVIEW,,cfe537634015,励志/哲理转发，关于快乐的痛苦，个人间转发。
uci_01677,"Yeah, that's fine! It's ¡ê6 to get in, is that ok?",en,uci_sms_spam_collection_v1,ham,NEEDS_REVIEW,,2c6ad7dc60e6,私人简短，关于入场费6镑，个人间对话。
uci_01678,Lol where do u come up with these ideas?,en,uci_sms_spam_collection_v1,ham,NEEDS_REVIEW,,f65e869bd148,私人玩笑，关于对方想法来源，个人间对话。
uci_01679,"So many people seems to be special at first sight, But only very few will remain special to you till your last sight.. Maintain them till life ends.. Sh!jas",en,uci_sms_spam_collection_v1,ham,NEEDS_REVIEW,,7c34324e825f,励志/哲理转发，关于特殊的人到最后，个人间转发。
uci_01680,"Today is ""song dedicated day.."" Which song will u dedicate for me? Send this to all ur valuable frnds but first rply me...",en,uci_sms_spam_collection_v1,ham,NEEDS_REVIEW,,3f7fa9c8ea47,私人转发，关于点歌日，要求转发给朋友，个人间分享。
uci_01681,Okay... We wait ah,en,uci_sms_spam_collection_v1,ham,NEEDS_REVIEW,,6012a0b482b3,私人简短安排，说我们等一下，个人间对话。
uci_01682,Y lei?,en,uci_sms_spam_collection_v1,ham,NEEDS_REVIEW,,8ea20107117d,私人简短，问y lei，个人间对话。
uci_01683,HI BABE U R MOST LIKELY TO BE IN BED BUT IM SO SORRY ABOUT TONIGHT! I REALLY WANNA SEE U TOMORROW SO CALL ME AT 9. LOVE ME XXX,en,uci_sms_spam_collection_v1,ham,NEEDS_REVIEW,qa_fix_v1,ad4ed5dc5134,[fix:adult-or-secret-admirer NEEDS_REVIEW->HARASS] 私人亲密问好，关于整晚和明天见面，个人间对话。 [fix:revert-ham-kisses-xxx HARASS->NEEDS_REVIEW]
uci_01684,Already am squatting is the new way of walking,en,uci_sms_spam_collection_v1,ham,NEEDS_REVIEW,,accef047618c,私人玩笑，关于蹲坐就是新走法，个人间玩笑。
uci_01685,Do you want bold 2 or bb torch,en,uci_sms_spam_collection_v1,ham,NEEDS_REVIEW,,92a9dbe688f7,私人询问，关于要不要bold 2或bb torch，个人间对话。
uci_01686,Cramps stopped. Going back to sleep,en,uci_sms_spam_collection_v1,ham,NEEDS_REVIEW,,09ae13d4da44,私人健康相关消息，关于抽筋好了继续睡觉，属于个人间对话。
uci_01687,todays vodafone numbers ending with 0089(my last four digits) are selected to received a ¡ê350 award. If your number matches please call 09063442151 to claim your ¡ê350 award,en,uci_sms_spam_collection_v1,spam,FRAUD,,f35bd9309747,虚假中奖，声称Vodafone号码中奖350英镑，要求拨打电话领取，诈骗短信。
uci_01688,Free Top ringtone -sub to weekly ringtone-get 1st week free-send SUBPOLY to 81618-?3 per week-stop sms-08718727870,en,uci_sms_spam_collection_v1,spam,AD,,f187c83794f5,免费铃声订阅推广，发送SUBPOLY订阅每周铃声，付费铃声订阅营销广告。
uci_01689,Nan sonathaya soladha. Why boss?,en,uci_sms_spam_collection_v1,ham,NEEDS_REVIEW,,7f1c507b4bee,私人简短，关于sonathaya soladha，个人间对话。
uci_01690,Bring tat cd don forget,en,uci_sms_spam_collection_v1,ham,NEEDS_REVIEW,,65ddfbf66353,私人提醒，别忘了那张CD，个人间对话。
uci_01691,Sunshine Quiz Wkly Q! Win a top Sony DVD player if u know which country the Algarve is in? Txt ansr to 82277. ¡ê1.50 SP:Tyrone,en,uci_sms_spam_collection_v1,spam,AD,,2ae50a43ee0b,Weekly Quiz有奖竞猜，发送答案赢取DVD播放器，促销类营销广告。
uci_01692,I don't know but I'm raping dudes at poker,en,uci_sms_spam_collection_v1,ham,NEEDS_REVIEW,,fe1619e27dcc,私人玩笑，关于在扑克中rape别人，个人间玩笑。
uci_01693,Weightloss! No more girl friends. Make loads of money on ebay or something. And give thanks to God.,en,uci_sms_spam_collection_v1,ham,NEEDS_REVIEW,,bb0584c1818e,私人转发式分享，关于减肥赚钱和感恩上帝，个人间分享。
uci_01694,Was gr8 to see that message. So when r u leaving? Congrats dear. What school and wat r ur plans.,en,uci_sms_spam_collection_v1,ham,NEEDS_REVIEW,,109ca3877d0c,私人关心回复，关于毕业和学校计划，个人间对话。
uci_01695,¨¹ eatin later but i'm eatin wif my frens now lei... ¨¹ going home first?,en,uci_sms_spam_collection_v1,ham,NEEDS_REVIEW,,e79fcea13788,私人安排，关于和朋友吃饭，个人间对话。
uci_01696,Finish already... Yar they keep saying i mushy... I so embarrassed ok...,en,uci_sms_spam_collection_v1,ham,NEEDS_REVIEW,,99f3fffb7d62,私人简短，关于尴尬，个人间对话。
uci_01697,"Sorry man, my stash ran dry last night and I can't pick up more until sunday",en,uci_sms_spam_collection_v1,ham,NEEDS_REVIEW,,3859127c5048,私人解释，关于昨晚存货用完，个人间对话。
uci_01698,Hai priya are you right. What doctor said pa. Where are you.,en,uci_sms_spam_collection_v1,ham,NEEDS_REVIEW,,0ca6359a4916,私人关心，关于priya和医生建议，个人间对话。
uci_01699,"Free msg. Sorry, a service you ordered from 81303 could not be delivered as you do not have sufficient credit. Please top up to receive the service.",en,uci_sms_spam_collection_v1,spam,AD,,c73e5248d8d6,服务欠费提醒，声称信用不足无法提供服务，要求充值，属于服务推销广告。
uci_01700,Ok...,en,uci_sms_spam_collection_v1,ham,NEEDS_REVIEW,,7a85f4764bbd,私人简短回复，说好的，个人间对话。
uci_01701,Please ask mummy to call father,en,uci_sms_spam_collection_v1,ham,NEEDS_REVIEW,,303a8fec3dd3,私人请求，让妈妈打电话给爸爸，个人间对话。
uci_01702,Can come my room but cannot come my house cos my house still messy... Haha...,en,uci_sms_spam_collection_v1,ham,NEEDS_REVIEW,,153e62317d07,私人邀请，关于可以来房间但不能来房子，个人间对话。
uci_01703,I have lost 10 kilos as of today!,en,uci_sms_spam_collection_v1,ham,NEEDS_REVIEW,,a8e5ffc91940,私人分享，关于今天减了10公斤，个人间对话。
uci_01704,Just taste fish curry :-P,en,uci_sms_spam_collection_v1,ham,NEEDS_REVIEW,,b78624be88fd,私人简短，关于尝鱼咖喱，个人间对话。
uci_01705,What can i do? Might accidant tookplace between somewhere ghodbandar rd. Traffic moves slovely. So plz slip &amp; don't worry.,en,uci_sms_spam_collection_v1,ham,NEEDS_REVIEW,,84642f8bc655,私人关心和提醒，关于可能发生交通事故和慢行，个人间建议。
uci_01706,Yun ah.now ¨¹ wkg where?btw if ¨¹ go nus sc. ¨¹ wana specialise in wad?,en,uci_sms_spam_collection_v1,ham,NEEDS_REVIEW,,d3982f0906ec,私人询问，关于是否在nus sc和专修方向，个人间对话。
uci_01707,Yes! I am a one woman man! Please tell me your likes and dislikes in bed...,en,uci_sms_spam_collection_v1,ham,NEEDS_REVIEW,,0094e8142100,暧昧/性暗示内容，提到bedroom等词，个人间骚扰类短信。
uci_01708,Was doing my test earlier. I appreciate you. Will call you tomorrow.,en,uci_sms_spam_collection_v1,ham,NEEDS_REVIEW,,01e682cc5538,私人感谢回复，关于考试和明天打电话，个人间对话。
uci_01709,"How's my loverboy doing ? What does he do that keeps him from coming to his Queen, hmmm ? Doesn't he ache to speak to me ? Miss me desparately ?",en,uci_sms_spam_collection_v1,ham,NEEDS_REVIEW,,2821dc623c29,私人情感质问，关于情人为何不来，个人间对话。
uci_01710,U meet other fren dun wan meet me ah... Muz b a guy rite...,en,uci_sms_spam_collection_v1,ham,NEEDS_REVIEW,,202d6d815006,私人简短，关于不和朋友见面，个人间对话。
uci_01711,"(No promises on when though, haven't even gotten dinner yet)",en,uci_sms_spam_collection_v1,ham,NEEDS_REVIEW,,3bc7a9ff4de2,私人简短，关于晚餐前的承诺不确定，个人间对话。
uci_01712,I got your back! Do you have any dislikes in bed?,en,uci_sms_spam_collection_v1,ham,NEEDS_REVIEW,,4b089f114112,私人玩笑，问是否有不喜欢的床事，个人间玩笑。
uci_01713,o turns out i had stereo love on mi phone under the unknown album.,en,uci_sms_spam_collection_v1,ham,NEEDS_REVIEW,,66275bb8abd5,私人简短，关于立体声爱，个人间对话。
uci_01714,Hard LIVE 121 chat just 60p/min. Choose your girl and connect LIVE. Call 09094646899 now! Cheap Chat UK's biggest live service. VU BCM1896WC1N3XX,en,uci_sms_spam_collection_v1,spam,HARASS,,9ab70425d885,成人裸聊热线推广，提供付费视频聊天服务，属于成人骚扰内容。
uci_01715,Yeah I don't see why not,en,uci_sms_spam_collection_v1,ham,NEEDS_REVIEW,,30b42af50692,私人简短，说不觉得不行，个人间对话。
uci_01716,Asking do u knw them or nt? May be ur frnds or classmates?,en,uci_sms_spam_collection_v1,ham,NEEDS_REVIEW,,fba5d2b3e2b0,私人询问，关于是否认识他们，个人间对话。
uci_01717,"Sorry about earlier. Putting out fires.Are you around to talk after 9? Or do you actually have a life, lol!",en,uci_sms_spam_collection_v1,ham,NEEDS_REVIEW,,b42342e575d7,私人解释和安排，关于灭火和9点后聊，个人间对话。
uci_01718,WOW! The Boys R Back. TAKE THAT 2007 UK Tour. Win VIP Tickets & pre-book with VIP Club. Txt CLUB to 81303. Trackmarque Ltd info@vipclub4u.,en,uci_sms_spam_collection_v1,spam,FRAUD,,1a2e1fe7c773,虚假中奖，声称WIN 2007 UK巡回演出VIP门票，需回复CLUB，诈骗促销。
uci_01719,"As in missionary hook up, doggy hook up, standing...|",en,uci_sms_spam_collection_v1,ham,HARASS,,f1811eeced5f,性暗示内容，提到传教士体位等，属于个人间骚扰类短信。
uci_01720,Then u better go sleep.. Dun disturb u liao.. U wake up then msg me lor..,en,uci_sms_spam_collection_v1,ham,NEEDS_REVIEW,,8762fe32c0df,私人建议，关于睡觉和醒来再聊，个人间对话。
uci_01721,"Fighting with the world is easy, u either win or lose bt fightng with some1 who is close to u is dificult if u lose - u lose if u win - u still lose.",en,uci_sms_spam_collection_v1,ham,NEEDS_REVIEW,,19b0b3d007e1,励志/哲理转发，关于与亲近人斗争，个人间转发。
uci_01722,Am watching house ¨C very entertaining ¨C am getting the whole hugh laurie thing ¨C even with the stick ¨C indeed especially with the stick.,en,uci_sms_spam_collection_v1,ham,NEEDS_REVIEW,,f9aea44e2e3e,私人娱乐分享，关于看House电视剧，个人间对话。
uci_01723,Thought praps you meant another one. Goodo! I'll look tomorrow,en,uci_sms_spam_collection_v1,ham,NEEDS_REVIEW,,ea5797108e61,私人简短安排，关于明天再看，个人间对话。
uci_01724,"Hi Jon, Pete here, Ive bin 2 Spain recently & hav sum dinero left, Bill said u or ur ?rents mayb interested in it, I hav 12,000pes, so around ¡ê48, tb, James.",en,uci_sms_spam_collection_v1,ham,NEEDS_REVIEW,,3d4cf711bbac,私人财务/投资邀请，关于西班牙的资金和出租，个人间商业对话。
uci_01725,There bold 2  &lt;#&gt; . Is that yours,en,uci_sms_spam_collection_v1,ham,NEEDS_REVIEW,,bf57a2143f51,私人简短，关于bold 2是否属于你，个人间对话。
uci_01726,You know there is. I shall speak to you in  &lt;#&gt;  minutes then,en,uci_sms_spam_collection_v1,ham,NEEDS_REVIEW,,a3c67986359d,私人安排，说XX分钟后联系，个人间对话。
uci_01727,"""ALRITE HUNNY!WOT U UP 2 2NITE? DIDNT END UP GOIN DOWN TOWN JUS DA PUB INSTEAD! JUS CHILLIN AT DA MO IN ME BEDROOM!LOVE JEN XXX.""",en,uci_sms_spam_collection_v1,ham,NEEDS_REVIEW,qa_fix_v1,506844341e36,[fix:adult-or-secret-admirer NEEDS_REVIEW->HARASS] 私人短信，关于今晚哪里也没去的解释，个人间对话。 [fix:revert-ham-kisses-xxx HARASS->NEEDS_REVIEW]
uci_01728,I went to project centre,en,uci_sms_spam_collection_v1,ham,NEEDS_REVIEW,,f7123c028f00,私人告知，去了项目中心，个人间对话。
uci_01729,As per your request 'Maangalyam (Alaipayuthe)' has been set as your callertune for all Callers. Press *9 to copy your friends Callertune,en,uci_sms_spam_collection_v1,ham,TRANSACTION,qa_fix_v1,3dd3f4400127,[fix:callertune-service-result NEEDS_REVIEW->TRANSACTION] 来电铃声服务设置确认，属于服务通知类广告/商家营销内容。
uci_01730,Lol yeah at this point I guess not,en,uci_sms_spam_collection_v1,ham,NEEDS_REVIEW,,dfa2a48c4038,私人回复，说此时大概不，个人间对话。
uci_01731,Doing project w frens lor.,en,uci_sms_spam_collection_v1,ham,NEEDS_REVIEW,,5a45b0d2ac09,私人简短，说和朋友做项目，个人间对话。
uci_01732,Lol. Well quality aint bad at all so i aint complaining,en,uci_sms_spam_collection_v1,ham,NEEDS_REVIEW,,aed060c6d6b4,私人玩笑，关于质量不差，个人间对话。
uci_01733,"K, can that happen tonight?",en,uci_sms_spam_collection_v1,ham,NEEDS_REVIEW,,183eb3ea1803,私人简短，关于是否可以今晚，个人间对话。
uci_01734,"Hi, this is Mandy Sullivan calling from HOTMIX FM...you are chosen to receive ¡ê5000.00 in our Easter Prize draw.....Please telephone 09041940223 to claim before 29/03/05 or your prize will be transferred to someone else....",en,uci_sms_spam_collection_v1,spam,FRAUD,,60cb784f6e41,虚假中奖，声称被选中获得5000英镑复活节奖金，要求拨打电话，典型诈骗。
uci_01735,"I think we're going to finn's now, come",en,uci_sms_spam_collection_v1,ham,NEEDS_REVIEW,,0b2b3e28f680,私人安排，关于去Finn家，个人间对话。
uci_01736,Why tired what special there you had,en,uci_sms_spam_collection_v1,ham,NEEDS_REVIEW,,cd792a45d443,私人询问，关于为何累有什么特别，个人间对话。
uci_01737,I will come tomorrow di,en,uci_sms_spam_collection_v1,ham,NEEDS_REVIEW,,0d4a15fd0b30,私人安排，说明天来，个人间对话。
uci_01738,I cant pick the phone right now. Pls send a message,en,uci_sms_spam_collection_v1,ham,NEEDS_REVIEW,,ea4561f1db70,私人简短，关于不能接电话发短信，个人间对话。
uci_01739,K go and sleep well. Take rest:-).,en,uci_sms_spam_collection_v1,ham,NEEDS_REVIEW,,31a70ae52c0a,私人祝福，关于去睡好休息，个人间对话。
uci_01740,U guys never invite me anywhere :(,en,uci_sms_spam_collection_v1,ham,NEEDS_REVIEW,,018abe28523b,私人抱怨，说从不邀请我，个人间对话。
uci_01741,UR GOING 2 BAHAMAS! CallFREEFONE 08081560665 and speak to a live operator to claim either Bahamas cruise of¡ê2000 CASH 18+only. To opt out txt X to 07786200117,en,uci_sms_spam_collection_v1,spam,FRAUD,,2efb8c6d7e28,虚假中奖，声称获得巴哈马邮轮或2000英镑现金，需拨打电话，诈骗短信。
uci_01742,I can do that! I want to please you both inside and outside the bedroom...,en,uci_sms_spam_collection_v1,ham,NEEDS_REVIEW,,4ad1d6154fb9,性暗示内容，提到bedroom和please you，个人间骚扰类短信。
uci_01743,"""EY! CALM DOWNON THEACUSATIONS.. ITXT U COS IWANA KNOW WOTU R DOIN AT THEW/END... HAVENTCN U IN AGES..RING ME IF UR UP4 NETHING SAT.LOVE J XXX.""",en,uci_sms_spam_collection_v1,ham,NEEDS_REVIEW,qa_fix_v1,e34e6e4a5e29,[fix:adult-or-secret-admirer NEEDS_REVIEW->HARASS] 私人短信，关于解释和生气的回应，个人间对话。 [fix:revert-ham-kisses-xxx HARASS->NEEDS_REVIEW]
uci_01744,I love to wine and dine my lady!,en,uci_sms_spam_collection_v1,ham,NEEDS_REVIEW,,b906a0ceb92e,私人表达，关于想宴请女士，个人间对话。
uci_01745,Someone has conacted our dating service and entered your phone because they fancy you!To find out who it is call from landline 09111030116. PoBox12n146tf15,en,uci_sms_spam_collection_v1,spam,FRAUD,,bcceed6ac7c3,虚假约会服务，声称有人通过婚恋服务输入了你的号码，要求拨打电话查看，付费诈骗。
uci_01746,"I?m cool ta luv but v.tired 2 cause i have been doin loads of planning all wk, we have got our social services inspection at the nursery! Take care & spk sn x.",en,uci_sms_spam_collection_v1,ham,NEEDS_REVIEW,,b24fe6b466e8,私人状态告知，关于疲惫和幼童园社会服务检查，个人间对话。
uci_01747,I don know account details..i will ask my mom and send you.my mom is out of reach now.,en,uci_sms_spam_collection_v1,ham,NEEDS_REVIEW,,2e43b6baa563,私人简短，说不知道账户细节问妈妈，个人间对话。
uci_01748,I think u have the wrong number.,en,uci_sms_spam_collection_v1,ham,NEEDS_REVIEW,,e5b3172cefba,私人简短，认为打错号了，个人间对话。
uci_01749,Feel Yourself That You Are Always Happy.. Slowly It Becomes Your Habit &amp; Finally It Becomes Part Of Your Life.. Follow It.. Happy Morning &amp; Have A Happy Day:),en,uci_sms_spam_collection_v1,ham,NEEDS_REVIEW,,fbf8124c6d1d,励志/哲理转发，关于快乐成为习惯，个人间转发。
uci_01750,DO NOT B LATE LOVE MUM,en,uci_sms_spam_collection_v1,ham,NEEDS_REVIEW,,71390949368a,私人简短吩咐，妈妈说我不要迟到，个人间对话。
uci_01751,Got it..mail panren paru..,en,uci_sms_spam_collection_v1,ham,NEEDS_REVIEW,,b31bf51848d8,私人简短，说收到邮件，个人间对话。
uci_01752,* Was thinking about chuckin ur red green n black trainners 2 save carryin them bac on train,en,uci_sms_spam_collection_v1,ham,NEEDS_REVIEW,,89e7fe38b68d,私人考虑，关于是否带运动鞋坐火车，个人间对话。
uci_01753,Give one miss from that number please,en,uci_sms_spam_collection_v1,ham,NEEDS_REVIEW,,340ee1c83f51,私人请求，请给一个未接来电，个人间对话。
uci_01754,Jus came back fr lunch wif my sis only. U leh?,en,uci_sms_spam_collection_v1,ham,NEEDS_REVIEW,,fb524fdf6f0f,私人简短，关于刚和妹妹吃完午餐，个人间对话。
uci_01755,How is your schedule next week? I am out of town this weekend.,en,uci_sms_spam_collection_v1,ham,NEEDS_REVIEW,,3248727eeaff,私人安排，关于下周计划和周末外出，个人间对话。
uci_01756,Really good:)dhanush rocks once again:),en,uci_sms_spam_collection_v1,ham,NEEDS_REVIEW,,c11184af2270,私人娱乐庆祝，关于dhanush很棒，个人间对话。
uci_01757,Lmao ok I wont be needing u to do my hair anymore.,en,uci_sms_spam_collection_v1,ham,NEEDS_REVIEW,,4b3dab3f9de4,私人玩笑，关于不再需要你帮我做头发，个人间玩笑。
uci_01758,"Miss ya, need ya, want ya, love ya.",en,uci_sms_spam_collection_v1,ham,NEEDS_REVIEW,,8424e4042174,私人情感表达，关于想念你，个人间对话。
uci_01759,Sorry i'm not free...,en,uci_sms_spam_collection_v1,ham,NEEDS_REVIEW,,f6604c8abd4d,私人简短，说抱歉没空，个人间对话。
uci_01760,Do u ever get a song stuck in your head for no reason and it won't go away til u listen to it like 5 times?,en,uci_sms_spam_collection_v1,ham,NEEDS_REVIEW,,047065956c14,私人好奇，关于歌曲脑子里循环，个人间对话。
uci_01761,Nt yet chikku..simple habba..hw abt u?,en,uci_sms_spam_collection_v1,ham,NEEDS_REVIEW,,e0ace60fc33d,私人问候，nt yet chikku和habba，个人间对话。
uci_01762,"Got ur mail Dileep.thank you so muchand look forward to lots of support...very less contacts here,remember one venugopal you mentioned.tomorrow if not late,i shall try to come up till there.goodnight dear.",en,uci_sms_spam_collection_v1,ham,NEEDS_REVIEW,,97843a47b91e,私人重要回复，关于dileep的邮件和支持，个人间对话。
uci_01763,Sometimes Heart Remembrs someone Very much... Forgets someone soon... Bcoz Heart will not like everyone. But liked ones will be Remembered Everytime... BSLVYL,en,uci_sms_spam_collection_v1,ham,NEEDS_REVIEW,,07ca776b3a48,励志/哲理转发，关于记忆与遗忘，个人间转发。
uci_01764,Joy's father is John. Then John is the NAME of Joy's father. Mandan,en,uci_sms_spam_collection_v1,ham,NEEDS_REVIEW,,8330e1279078,私人有趣的逻辑题目，关于Joy的父亲叫John，个人间对话。
uci_01765,Hi 07734396839 IBH Customer Loyalty Offer: The NEW NOKIA6600 Mobile from ONLY ¡ê10 at TXTAUCTION!Txt word:START to No:81151 & get Yours Now!4T&,en,uci_sms_spam_collection_v1,spam,AD,,61390b572c5c,诺基亚手机促销，声称仅10英镑购买新型号手机，需发送START，商家折扣广告。
uci_01766,Hi this is yijue... It's regarding the 3230 textbook it's intro to algorithms second edition... I'm selling it for $50...,en,uci_sms_spam_collection_v1,ham,NEEDS_REVIEW,,82c69b9616aa,私人买卖对话，关于3230教科书算法导论，个人间闲话。
uci_01767,SMS AUCTION You have won a Nokia 7250i. This is what you get when you win our FREE auction. To take part send Nokia to 86021 now. HG/Suite342/2Lands Row/W1JHL 16+,en,uci_sms_spam_collection_v1,spam,FRAUD,,a031e53b406b,假拍卖骗局，声称赢得诺基亚手机，要求回复短信参与，虚假奖励诈骗。
uci_01768,"K, want us to come by now?",en,uci_sms_spam_collection_v1,ham,NEEDS_REVIEW,,7dca6a75ae40,私人邀请，关于过来吗，个人间对话。
uci_01769,How. Its a little difficult but its a simple way to enter this place,en,uci_sms_spam_collection_v1,ham,NEEDS_REVIEW,,9cd91781f0d4,私人解释，关于进入此地的方法，个人间对话。
uci_01770,Ha... Both of us doing e same thing. But i got tv 2 watch. U can thk of where 2 go tonight or u already haf smth in mind...,en,uci_sms_spam_collection_v1,ham,NEEDS_REVIEW,,e42acf81e937,私人安排，关于今晚去哪玩，个人间对话。
uci_01771,Dont show yourself. How far. Put new pictures up on facebook.,en,uci_sms_spam_collection_v1,ham,NEEDS_REVIEW,,5e42e0d2e2d5,私人建议，关于不要现身和上传新照片，个人间对话。
uci_01772,Watching tv now. I got new job :),en,uci_sms_spam_collection_v1,ham,NEEDS_REVIEW,,e77ee1f46379,私人好消息，关于看电视有新工作，个人间对话。
uci_01773,"Good afternoon sexy buns! How goes the job search ? I wake and you are my first thought as always, my love. I wish your fine and happy and know I adore you!",en,uci_sms_spam_collection_v1,ham,NEEDS_REVIEW,qa_fix_v1,2ed5153215c1,[fix:adult-or-secret-admirer NEEDS_REVIEW->HARASS] 私人情感表达，关于美女早上好和爱人，个人间对话。 [fix:revert-ham-kisses-xxx HARASS->NEEDS_REVIEW]
uci_01774,"I'm not coming over, do whatever you want",en,uci_sms_spam_collection_v1,ham,NEEDS_REVIEW,,d8fe60b11a94,私人简短，说来就来随便你，个人间对话。
uci_01775,"Its ok chikku, and its my 1 of favourite song..:-)",en,uci_sms_spam_collection_v1,ham,NEEDS_REVIEW,,064712164c55,私人简短回复，关于最爱的歌，个人间对话。
uci_01776,Did u see what I posted on your Facebook?,en,uci_sms_spam_collection_v1,ham,NEEDS_REVIEW,,03cc6be9b60a,私人询问，关于是否看到FB发帖，个人间对话。
uci_01777,Call FREEPHONE 0800 542 0578 now!,en,uci_sms_spam_collection_v1,spam,AD,,ac1b1bc7fefb,免费电话推广，要求拨打免费电话号码，属于推广类广告。
uci_01778,Buy Space Invaders 4 a chance 2 win orig Arcade Game console. Press 0 for Games Arcade (std WAP charge) See o2.co.uk/games 4 Terms + settings. No purchase,en,uci_sms_spam_collection_v1,spam,AD,,7db0a116c648,游戏促销，购买Space Invaders有机会赢得Arcade游戏机，付费游戏营销广告。
uci_01779,"7 wonders in My WORLD 7th You 6th Ur style 5th Ur smile 4th Ur Personality 3rd Ur Nature 2nd Ur SMS and 1st ""Ur Lovely Friendship""... good morning dear",en,uci_sms_spam_collection_v1,ham,NEEDS_REVIEW,,edc99b11134b,励志/鸡汤转发，关于世界七大奇迹和友谊，个人间转发。
uci_01780,"Loan for any purpose ¡ê500 - ¡ê75,000. Homeowners + Tenants welcome. Have you been previously refused? We can still help. Call Free 0800 1956669 or text back 'help'",en,uci_sms_spam_collection_v1,spam,AD,,5cb9262d83ee,贷款服务推广，提供500-75000英镑贷款并欢迎申请，金融服务营销广告。
uci_01781,BIG BROTHER ALERT! The computer has selected u for 10k cash or #150 voucher. Call 09064018838. NTT PO Box CRO1327 18+ BT Landline Cost 150ppm mobiles vary,en,uci_sms_spam_collection_v1,spam,FRAUD,,31b9fb61abde,虚假中奖，声称被选中获得10000英镑现金或150英镑代金券，要求拨打电话，诈骗短信。
uci_01782,";-( oh well, c u later",en,uci_sms_spam_collection_v1,ham,NEEDS_REVIEW,,7d7c96208de8,私人简短回复，关于叹息和稍后见，个人间对话。
uci_01783,My uncles in Atlanta. Wish you guys a great semester.,en,uci_sms_spam_collection_v1,ham,NEEDS_REVIEW,,ef460a812426,私人告知，叔叔在亚特兰大祝学期愉快，个人间对话。
uci_01784,No dear i do have free messages without any recharge. Hi hi hi,en,uci_sms_spam_collection_v1,ham,NEEDS_REVIEW,,ec6f2e3ed258,私人简短，关于不用充值的免费消息，个人间对话。
uci_01785,"Dont search love, let love find U. Thats why its called falling in love, bcoz U dont force yourself, U just fall and U know there is smeone to hold U... BSLVYL",en,uci_sms_spam_collection_v1,ham,NEEDS_REVIEW,,197147441cfe,励志/鸡汤转发，关于让爱找到你（与uci_01588相同内容），个人间转发。
uci_01786,I dun believe u. I thk u told him.,en,uci_sms_spam_collection_v1,ham,NEEDS_REVIEW,,6c164202a925,私人简短，关于相信你告诉他了，个人间对话。
uci_01787,"Do you know why god created gap between your fingers..? So that, One who is made for you comes &amp; fills those gaps by holding your hand with LOVE..!",en,uci_sms_spam_collection_v1,ham,NEEDS_REVIEW,,30b38c3d5eec,励志/哲理转发，关于上帝创造手指的间距的真爱意义，个人间转发。
uci_01788,Yes:)sura in sun tv.:)lol.,en,uci_sms_spam_collection_v1,ham,NEEDS_REVIEW,,dc616c084de2,私人简短回复，关于sura在sun tv，个人间对话。
uci_01789,Arun can u transfr me d amt,en,uci_sms_spam_collection_v1,ham,NEEDS_REVIEW,,741c57f51e81,私人请求，关于让Arun转账，个人间金融协调。
uci_01790,Takin a shower now but yeah I'll leave when I'm done,en,uci_sms_spam_collection_v1,ham,NEEDS_REVIEW,,a6caab641c5c,私人安排，关于洗澡和离开，个人间对话。
uci_01791,Am not working but am up to eyes in philosophy so will text u later when a bit more free for chat...,en,uci_sms_spam_collection_v1,ham,NEEDS_REVIEW,,05b054635a36,私人安排，关于学哲学和稍后聊，个人间对话。
uci_01792,U haven?t lost me ill always b here 4u.i didn?t intend 2 hurt u but I never knew how u felt about me when Iwas+marine&that?s what itried2tell urmom.i careabout u,en,uci_sms_spam_collection_v1,ham,NEEDS_REVIEW,,45e786fb4505,私人情感解释，关于在妈妈mom时想说的事，个人间对话。
uci_01793,"WIN: We have a winner! Mr. T. Foley won an iPod! More exciting prizes soon, so keep an eye on ur mobile or visit www.win-82050.co.uk",en,uci_sms_spam_collection_v1,spam,FRAUD,,e78f1325269f,虚假中奖，声称有人赢得iPod，关注手机或访问网站，诈骗短信。
uci_01794,You bad girl. I can still remember them,en,uci_sms_spam_collection_v1,ham,NEEDS_REVIEW,,cde1f4a26d32,私人玩笑，关于坏女孩的记忆，个人间玩笑。
uci_01795,How much i gave to you. Morning.,en,uci_sms_spam_collection_v1,ham,NEEDS_REVIEW,,c55678018831,私人询问，关于早上给了你多少钱，个人间对话。
uci_01796,"I hope your alright babe? I worry that you might have felt a bit desparate when you learned the job was a fake ? I am here waiting when you come back, my love",en,uci_sms_spam_collection_v1,ham,NEEDS_REVIEW,,bc96d3d9e1be,私人情感关心，关于工作是否真实和等待，个人间对话。
uci_01797,"Hey, can you tell me blake's address? Carlos wanted me to meet him there but I got lost and he's not answering his phone",en,uci_sms_spam_collection_v1,ham,NEEDS_REVIEW,,6ca66d63da09,私人求助，关于Blake的地址和Carlos没接电话，个人间对话。
uci_01798,Can i get your opinion on something first?,en,uci_sms_spam_collection_v1,ham,NEEDS_REVIEW,,3a5bc993b8d8,私人请求，关于先征求意见，个人间对话。
uci_01799,That one week leave i put know that time. Why.,en,uci_sms_spam_collection_v1,ham,NEEDS_REVIEW,,2a5d7acac6f7,私人询问，关于一周假期的安排，个人间对话。
uci_01800,"If we hit it off, you can move in with me :)",en,uci_sms_spam_collection_v1,ham,NEEDS_REVIEW,,5d0095783323,私人日常闲聊/个人对话，无商业或诈骗意图，无法归入四分类
uci_01801,excellent. I spent  &lt;#&gt;  years in the Air Force. Iraq and afghanistan. I am stable and honest. do you like traveling?,en,uci_sms_spam_collection_v1,ham,NEEDS_REVIEW,,cd09eb1322d9,私人日常闲聊/个人对话，无商业或诈骗意图，无法归入四分类
uci_01802,I wanna watch that movie,en,uci_sms_spam_collection_v1,ham,NEEDS_REVIEW,,8ce09acbf25c,私人日常闲聊/个人对话，无商业或诈骗意图，无法归入四分类
uci_01803,Ok lor thanx... ¨¹ in school?,en,uci_sms_spam_collection_v1,ham,NEEDS_REVIEW,,cf4b038ac1e4,私人日常闲聊/个人对话，无商业或诈骗意图，无法归入四分类
uci_01804,I'm in class. Did you get my text.,en,uci_sms_spam_collection_v1,ham,NEEDS_REVIEW,,05a2bf1f768e,私人日常闲聊/个人对话，无商业或诈骗意图，无法归入四分类
uci_01805,The bus leaves at  &lt;#&gt;,en,uci_sms_spam_collection_v1,ham,NEEDS_REVIEW,,76fdbe3f686d,私人日常闲聊/个人对话，无商业或诈骗意图，无法归入四分类
uci_01806,God bless.get good sleep my dear...i will pray!,en,uci_sms_spam_collection_v1,ham,NEEDS_REVIEW,,243bc78193be,私人日常闲聊/个人对话，无商业或诈骗意图，无法归入四分类
uci_01807,Todays Voda numbers ending 1225 are selected to receive a ¡ê50award. If you have a match please call 08712300220 quoting claim code 3100 standard rates app,en,uci_sms_spam_collection_v1,spam,FRAUD,qa_fix_v1,a9108aef8c30,[fix:prize-claim-fraud AD->FRAUD] Vodafone号码抽奖活动，属运营商营销广告，目的让用户拨打高费率电话参与，非直接诈骗
uci_01808,Do have a nice day today. I love you so dearly.,en,uci_sms_spam_collection_v1,ham,NEEDS_REVIEW,,cb5486cd99f6,私人日常闲聊/个人对话，无商业或诈骗意图，无法归入四分类
uci_01809,Aiyo a bit pai seh ¨¹ noe... Scared he dun rem who i am then die... Hee... But he become better lookin oredi leh...,en,uci_sms_spam_collection_v1,ham,NEEDS_REVIEW,,a575d80440de,私人日常闲聊/个人对话，无商业或诈骗意图，无法归入四分类
uci_01810,"Aight, I'll ask a few of my roommates",en,uci_sms_spam_collection_v1,ham,NEEDS_REVIEW,,cda0ac8eef8e,私人日常闲聊/个人对话，无商业或诈骗意图，无法归入四分类
uci_01811,"Now, whats your house # again ? And do you have any beer there ?",en,uci_sms_spam_collection_v1,ham,NEEDS_REVIEW,,de80eedd9ed5,私人日常闲聊/个人对话，无商业或诈骗意图，无法归入四分类
uci_01812,Do ¨¹ all wan 2 meet up n combine all the parts? How's da rest of da project going?,en,uci_sms_spam_collection_v1,ham,NEEDS_REVIEW,,a8901c26a428,私人日常闲聊/个人对话，无商业或诈骗意图，无法归入四分类
uci_01813,"""Getting tickets 4 walsall tue 6 th march. My mate is getting me them on sat. ill pay my treat. Want 2 go. Txt bak .Terry""",en,uci_sms_spam_collection_v1,ham,NEEDS_REVIEW,,37dce0d8011f,私人日常闲聊/个人对话，无商业或诈骗意图，无法归入四分类
uci_01814,Yes we are chatting too.,en,uci_sms_spam_collection_v1,ham,NEEDS_REVIEW,,441a4487794c,私人日常闲聊/个人对话，无商业或诈骗意图，无法归入四分类
uci_01815,HI ITS JESS I DONT KNOW IF YOU ARE AT WORK BUT CALL ME WHEN U CAN IM AT HOME ALL EVE. XXX,en,uci_sms_spam_collection_v1,ham,NEEDS_REVIEW,qa_fix_v1,a4af12b60a6c,[fix:adult-or-secret-admirer NEEDS_REVIEW->HARASS] 私人日常闲聊/个人对话，无商业或诈骗意图，无法归入四分类 [fix:revert-ham-kisses-xxx HARASS->NEEDS_REVIEW]
uci_01816,Sian... Aft meeting supervisor got work 2 do liao... U working now?,en,uci_sms_spam_collection_v1,ham,NEEDS_REVIEW,,77c127f66763,私人日常闲聊/个人对话，无商业或诈骗意图，无法归入四分类
uci_01817,Are you going to write ccna exam this week??,en,uci_sms_spam_collection_v1,ham,NEEDS_REVIEW,,655aa6d10a06,私人日常闲聊/个人对话，无商业或诈骗意图，无法归入四分类
uci_01818,Well i will watch shrek in 3D!!B),en,uci_sms_spam_collection_v1,ham,NEEDS_REVIEW,,3906d55dd38e,私人日常闲聊/个人对话，无商业或诈骗意图，无法归入四分类
uci_01819,Am i that much dirty fellow?,en,uci_sms_spam_collection_v1,ham,NEEDS_REVIEW,,dc583d4407a8,私人日常闲聊/个人对话，无商业或诈骗意图，无法归入四分类
uci_01820,Dunno dat's wat he told me. Ok lor...,en,uci_sms_spam_collection_v1,ham,NEEDS_REVIEW,,2fef5859f2f1,私人日常闲聊/个人对话，无商业或诈骗意图，无法归入四分类
uci_01821,I'll probably be by tomorrow (or even later tonight if something's going on),en,uci_sms_spam_collection_v1,ham,NEEDS_REVIEW,,03c3e57efe18,私人日常闲聊/个人对话，无商业或诈骗意图，无法归入四分类
uci_01822,I couldn't say no as he is a dying man and I feel sad for him so I will go and I just wanted you to know I would probably be gone late into your night,en,uci_sms_spam_collection_v1,ham,NEEDS_REVIEW,,ca193817fbf6,私人日常闲聊/个人对话，无商业或诈骗意图，无法归入四分类
uci_01823,If you're thinking of lifting me one then no.,en,uci_sms_spam_collection_v1,ham,NEEDS_REVIEW,,678db331c8ba,私人日常闲聊/个人对话，无商业或诈骗意图，无法归入四分类
uci_01824,Same as u... Dun wan... Y u dun like me already ah... Wat u doing now? Still eating?,en,uci_sms_spam_collection_v1,ham,NEEDS_REVIEW,,44bc333a5b92,私人日常闲聊/个人对话，无商业或诈骗意图，无法归入四分类
uci_01825,Sent me ur email id soon,en,uci_sms_spam_collection_v1,ham,NEEDS_REVIEW,,284a01d65a6e,私人日常闲聊/个人对话，无商业或诈骗意图，无法归入四分类
uci_01826,Wat makes some people dearer is not just de happiness dat u feel when u meet them but de pain u feel when u miss dem!!!,en,uci_sms_spam_collection_v1,ham,NEEDS_REVIEW,,a52350d8c081,私人日常闲聊/个人对话，无商业或诈骗意图，无法归入四分类
uci_01827,"Dude. What's up. How Teresa. Hope you have been okay. When i didnt hear from these people, i called them and they had received the package since dec  &lt;#&gt; . Just thot you'ld like to know. Do have a fantastic year and all the best with your reading. Plus if you can really really Bam first aid for Usmle, then your work is done.",en,uci_sms_spam_collection_v1,ham,NEEDS_REVIEW,,74f551d2890d,私人日常闲聊/个人对话，无商业或诈骗意图，无法归入四分类
uci_01828,Hey gorgeous man. My work mobile number is. Have a good one babe. Squishy Mwahs.,en,uci_sms_spam_collection_v1,ham,NEEDS_REVIEW,,26d9693989f6,私人日常闲聊/个人对话，无商业或诈骗意图，无法归入四分类
uci_01829,May i call You later Pls,en,uci_sms_spam_collection_v1,ham,NEEDS_REVIEW,,077dea72a5a9,私人日常闲聊/个人对话，无商业或诈骗意图，无法归入四分类
uci_01830,"Hottest pics straight to your phone!! See me getting Wet and Wanting, just for you xx Text PICS to 89555 now! txt costs 150p textoperator g696ga 18 XxX",en,uci_sms_spam_collection_v1,spam,HARASS,,fc225441df44,成人色情图片推广，诱导付费发送露骨照片，属成人内容骚扰广告
uci_01831,That's the way you should stay oh.,en,uci_sms_spam_collection_v1,ham,NEEDS_REVIEW,,707b610ca431,私人日常闲聊/个人对话，无商业或诈骗意图，无法归入四分类
uci_01832,Hello- thanx for taking that call. I got a job! Starts on monday!,en,uci_sms_spam_collection_v1,ham,NEEDS_REVIEW,,91236e7bc266,私人日常闲聊/个人对话，无商业或诈骗意图，无法归入四分类
uci_01833,What time is ur flight tmr?,en,uci_sms_spam_collection_v1,ham,NEEDS_REVIEW,,83ad66c446d0,私人日常闲聊/个人对话，无商业或诈骗意图，无法归入四分类
uci_01834,When should I come over?,en,uci_sms_spam_collection_v1,ham,NEEDS_REVIEW,,24e16d242dd9,私人日常闲聊/个人对话，无商业或诈骗意图，无法归入四分类
uci_01835,I have a rather prominent bite mark on my right cheek,en,uci_sms_spam_collection_v1,ham,NEEDS_REVIEW,,390e98bc471d,私人日常闲聊/个人对话，无商业或诈骗意图，无法归入四分类
uci_01836,* Will be september by then!,en,uci_sms_spam_collection_v1,ham,NEEDS_REVIEW,,5ddab8aae9fc,私人日常闲聊/个人对话，无商业或诈骗意图，无法归入四分类
uci_01837,Are you wet right now?,en,uci_sms_spam_collection_v1,ham,NEEDS_REVIEW,,b2e02fae274c,私人日常闲聊/个人对话，无商业或诈骗意图，无法归入四分类
uci_01838,And how's your husband.,en,uci_sms_spam_collection_v1,ham,NEEDS_REVIEW,,120e694dfb23,私人日常闲聊/个人对话，无商业或诈骗意图，无法归入四分类
uci_01839,"Hack Chat. Get backdoor entry into 121 chat rooms at a fraction of the cost. Reply NEO69 or call 09050280520, to subscribe 25p pm. DPS, Bcm box 8027 Ldn, wc1n3xx",en,uci_sms_spam_collection_v1,spam,HARASS,,0609e555ff83,付费成人聊天订阅广告，提供后门进入121个聊天室，属成人骚扰推销
uci_01840,Are we doing the norm tomorrow? I finish just a 4.15 cos of st tests. Need to sort library stuff out at some point tomo - got letter from today - access til end march so i better get move on!,en,uci_sms_spam_collection_v1,ham,NEEDS_REVIEW,,c2b7931df82d,私人日常闲聊/个人对话，无商业或诈骗意图，无法归入四分类
uci_01841,Yeah. I got a list with only u and Joanna if I'm feeling really anti social,en,uci_sms_spam_collection_v1,ham,NEEDS_REVIEW,,5f56e53086ef,私人日常闲聊/个人对话，无商业或诈骗意图，无法归入四分类
uci_01842,I am in your office na.,en,uci_sms_spam_collection_v1,ham,NEEDS_REVIEW,,155952169073,私人日常闲聊/个人对话，无商业或诈骗意图，无法归入四分类
uci_01843,"""Are you comingdown later?""",en,uci_sms_spam_collection_v1,ham,NEEDS_REVIEW,,377ea8a998d1,私人日常闲聊/个人对话，无商业或诈骗意图，无法归入四分类
uci_01844,Super da:)good replacement for murali,en,uci_sms_spam_collection_v1,ham,NEEDS_REVIEW,,f5d3e2507aed,私人日常闲聊/个人对话，无商业或诈骗意图，无法归入四分类
uci_01845,Da is good good player.why he is unsold.,en,uci_sms_spam_collection_v1,ham,NEEDS_REVIEW,,a8c302508090,私人日常闲聊/个人对话，无商业或诈骗意图，无法归入四分类
uci_01846,Hi. || Do u want | to join me with sts later? || Meeting them at five. || Call u after class.,en,uci_sms_spam_collection_v1,ham,NEEDS_REVIEW,,c87a77957d5b,私人日常闲聊/个人对话，无商业或诈骗意图，无法归入四分类
uci_01847,Its on in engalnd! But telly has decided it won't let me watch it and mia and elliot were kissing! Damn it!,en,uci_sms_spam_collection_v1,ham,NEEDS_REVIEW,,a2275d379cff,私人日常闲聊/个人对话，无商业或诈骗意图，无法归入四分类
uci_01848,"FREE NOKIA Or Motorola with upto 12mths 1/2price linerental, 500 FREE x-net mins&100txt/mth FREE B'tooth*. Call Mobileupd8 on 08001950382 or call 2optout/D3WV",en,uci_sms_spam_collection_v1,spam,AD,,fd2345334df2,免费手机+半价租约促销广告，Nokia/Motorola提供，正规商业推销
uci_01849,I dont want to hear philosophy. Just say what happen,en,uci_sms_spam_collection_v1,ham,NEEDS_REVIEW,,e81c4e1b2989,私人日常闲聊/个人对话，无商业或诈骗意图，无法归入四分类
uci_01850,You got job in wipro:)you will get every thing in life in 2 or 3 years.,en,uci_sms_spam_collection_v1,ham,NEEDS_REVIEW,,6e176ec1b0ed,私人日常闲聊/个人对话，无商业或诈骗意图，无法归入四分类
uci_01851,Then cant get da laptop? My matric card wif ¨¹ lei...,en,uci_sms_spam_collection_v1,ham,NEEDS_REVIEW,,aa65bbd83b06,私人日常闲聊/个人对话，无商业或诈骗意图，无法归入四分类
uci_01852,Dunno da next show aft 6 is 850. Toa payoh got 650.,en,uci_sms_spam_collection_v1,ham,NEEDS_REVIEW,,e20e663b0337,私人日常闲聊/个人对话，无商业或诈骗意图，无法归入四分类
uci_01853,"This is the 2nd time we have tried 2 contact u. U have won the 750 Pound prize. 2 claim is easy, call 08718726970 NOW! Only 10p per min. BT-national-rate",en,uci_sms_spam_collection_v1,spam,NEEDS_REVIEW,,7e959529ca51,无法明确归类的消息，不确定类别，归入待审核
uci_01854,I just made some payments so dont have that much. Sorry. Would you want it fedex or the other way.,en,uci_sms_spam_collection_v1,ham,NEEDS_REVIEW,,6637791262a7,私人日常闲聊/个人对话，无商业或诈骗意图，无法归入四分类
uci_01855,They did't play one day last year know even though they have very good team.. Like india.,en,uci_sms_spam_collection_v1,ham,FRAUD,,a6c861a9ae0c,假冒中奖通知，声称赢得750镑奖品要求拨打电话领取，典型假中奖诈骗
uci_01856,K.:)you are the only girl waiting in reception ah?,en,uci_sms_spam_collection_v1,ham,NEEDS_REVIEW,,e20d6ca211f3,私人日常闲聊/个人对话，无商业或诈骗意图，无法归入四分类
uci_01857,"Say this slowly.? GOD,I LOVE YOU &amp; I NEED YOU,CLEAN MY HEART WITH YOUR BLOOD.Send this to Ten special people &amp; u c miracle tomorrow, do it,pls,pls do it...",en,uci_sms_spam_collection_v1,ham,NEEDS_REVIEW,,17abb528d1b6,宗教/迷信/幽默链式转发短信，要求转发若干人，属转发骚扰但非商业诈骗，归待审核
uci_01858,I hate when she does this. She turns what should be a fun shopping trip into an annoying day of how everything would look in her house.,en,uci_sms_spam_collection_v1,ham,NEEDS_REVIEW,,944ecaf95932,私人日常闲聊/个人对话，无商业或诈骗意图，无法归入四分类
uci_01859,"Sir, i am waiting for your call.",en,uci_sms_spam_collection_v1,ham,NEEDS_REVIEW,,437ff847d6a8,私人日常闲聊/个人对话，无商业或诈骗意图，无法归入四分类
uci_01860,What's up. Do you want me to come online?,en,uci_sms_spam_collection_v1,ham,NEEDS_REVIEW,,faa169842b3f,私人日常闲聊/个人对话，无商业或诈骗意图，无法归入四分类
uci_01861,"It could work, we'll reach a consensus at the next meeting",en,uci_sms_spam_collection_v1,ham,NEEDS_REVIEW,,9667f1e2c00d,私人日常闲聊/个人对话，无商业或诈骗意图，无法归入四分类
uci_01862,Aiyah then i wait lor. Then u entertain me. Hee...,en,uci_sms_spam_collection_v1,ham,NEEDS_REVIEW,,294d1ddc413a,私人日常闲聊/个人对话，无商业或诈骗意图，无法归入四分类
uci_01863,"The last thing i ever wanted to do was hurt you. And i didn't think it would have. You'd laugh, be embarassed, delete the tag and keep going. But as far as i knew, it wasn't even up. The fact that you even felt like i would do it to hurt you shows you really don't know me at all. It was messy wednesday, but it wasn't bad. The problem i have with it is you HAVE the time to clean it, but you choose not to. You skype, you take pictures, you sleep, you want to go out. I don't mind a few things here and there, but when you don't make the bed, when you throw laundry on top of it, when i can't have a friend in the house because i'm embarassed that there's underwear and bras strewn on the bed, pillows on the floor, that's something else. You used to be good about at least making the bed.",en,uci_sms_spam_collection_v1,ham,NEEDS_REVIEW,,6a3735d1881e,私人日常闲聊/个人对话，无商业或诈骗意图，无法归入四分类
uci_01864,I'll let you know when it kicks in,en,uci_sms_spam_collection_v1,ham,NEEDS_REVIEW,,401c37cdbc52,私人日常闲聊/个人对话，无商业或诈骗意图，无法归入四分类
uci_01865,You call him now ok i said call him,en,uci_sms_spam_collection_v1,ham,NEEDS_REVIEW,,59f82e432d4a,私人日常闲聊/个人对话，无商业或诈骗意图，无法归入四分类
uci_01866,Call to the number which is available in appointment. And ask to connect the call to waheed fathima.,en,uci_sms_spam_collection_v1,ham,NEEDS_REVIEW,,bd0d37c31da4,私人日常闲聊/个人对话，无商业或诈骗意图，无法归入四分类
uci_01867,Or ¨¹ go buy wif him then i meet ¨¹ later can?,en,uci_sms_spam_collection_v1,ham,NEEDS_REVIEW,,ae9eb025b0b5,私人日常闲聊/个人对话，无商业或诈骗意图，无法归入四分类
uci_01868,Mmmm ... Fuck ... Not fair ! You know my weaknesses ! *grins* *pushes you to your knee's* *exposes my belly and pulls your head to it* Don't forget ... I know yours too *wicked smile*,en,uci_sms_spam_collection_v1,ham,HARASS,,e286a1c2f691,露骨性暗示消息，直接发给特定对象的荤段子/性挑逗内容，构成成人内容骚扰
uci_01869,Today my system sh get ready.all is well and i am also in the deep well,en,uci_sms_spam_collection_v1,ham,NEEDS_REVIEW,,ee0e34022314,私人日常闲聊/个人对话，无商业或诈骗意图，无法归入四分类
uci_01870,Mom wants to know where you at,en,uci_sms_spam_collection_v1,ham,NEEDS_REVIEW,,6b490fa24920,私人日常闲聊/个人对话，无商业或诈骗意图，无法归入四分类
uci_01871,"Aight, I'll text you when I'm back",en,uci_sms_spam_collection_v1,ham,NEEDS_REVIEW,,56eeee8a373d,私人日常闲聊/个人对话，无商业或诈骗意图，无法归入四分类
uci_01872,Dont know supports ass and srt i thnk. I think ps3 can play through usb too,en,uci_sms_spam_collection_v1,ham,NEEDS_REVIEW,,5a7453f4b0f8,私人日常闲聊/个人对话，无商业或诈骗意图，无法归入四分类
uci_01873,Oh ok i didnt know what you meant. Yep i am baby jontin,en,uci_sms_spam_collection_v1,ham,NEEDS_REVIEW,,203274e65400,私人日常闲聊/个人对话，无商业或诈骗意图，无法归入四分类
uci_01874,You have WON a guaranteed ¡ê1000 cash or a ¡ê2000 prize.To claim yr prize call our customer service representative on,en,uci_sms_spam_collection_v1,spam,FRAUD,,47e18e33c678,假中奖通知，承诺保证1000镑现金或2000镑奖品要求拨打客服电话领取
uci_01875,Would you like to see my XXX pics they are so hot they were nearly banned in the uk!,en,uci_sms_spam_collection_v1,spam,HARASS,,4469330379e6,成人XXX照片推广，诱导付费查看露骨内容，属成人内容骚扰
uci_01876,HMV BONUS SPECIAL 500 pounds of genuine HMV vouchers to be won. Just answer 4 easy questions. Play Now! Send HMV to 86688 More info:www.100percent-real.com,en,uci_sms_spam_collection_v1,spam,AD,,f4738b21547b,HMV礼品券抽奖促销，正规商家营销活动，答4题赢500镑代金券
uci_01877,Watching tv now. I got new job :),en,uci_sms_spam_collection_v1,ham,NEEDS_REVIEW,,e77ee1f46379,私人日常闲聊/个人对话，无商业或诈骗意图，无法归入四分类
uci_01878,This pen thing is beyond a joke. Wont a Biro do? Don't do a masters as can't do this ever again!,en,uci_sms_spam_collection_v1,ham,NEEDS_REVIEW,,b9d6ca2c3771,私人日常闲聊/个人对话，无商业或诈骗意图，无法归入四分类
uci_01879,I AM AT A PARTY WITH ALEX NICHOLS,en,uci_sms_spam_collection_v1,ham,NEEDS_REVIEW,,913b4d518b9a,私人日常闲聊/个人对话，无商业或诈骗意图，无法归入四分类
uci_01880,U have a secret admirer who is looking 2 make contact with U-find out who they R*reveal who thinks UR so special-call on 09058094594,en,uci_sms_spam_collection_v1,spam,HARASS,,2cc64639dece,秘密仰慕者骚扰付费服务，诱导拨打付费电话寻找暗恋者，属灰色交友骚扰
uci_01881,Just seeing your missed call my dear brother. Do have a gr8 day.,en,uci_sms_spam_collection_v1,ham,NEEDS_REVIEW,,8e8dbc8c65a8,私人日常闲聊/个人对话，无商业或诈骗意图，无法归入四分类
uci_01882,Ok.. ¨¹ finishing soon?,en,uci_sms_spam_collection_v1,ham,NEEDS_REVIEW,,1915642baab1,私人日常闲聊/个人对话，无商业或诈骗意图，无法归入四分类
uci_01883,"Sorry, I can't help you on this.",en,uci_sms_spam_collection_v1,ham,NEEDS_REVIEW,,8fbc78808202,私人日常闲聊/个人对话，无商业或诈骗意图，无法归入四分类
uci_01884,"Come to me, slave. Your doing it again ... Going into your shell and unconsciously avoiding me ... You are making me unhappy :-(",en,uci_sms_spam_collection_v1,ham,NEEDS_REVIEW,,0131baf42e3a,私人日常闲聊/个人对话，无商业或诈骗意图，无法归入四分类
uci_01885,I love your ass! Do you enjoy doggy style? :),en,uci_sms_spam_collection_v1,ham,HARASS,,83fdefd58db9,露骨性暗示消息，直接发给特定对象的荤段子/性挑逗内容，构成成人内容骚扰
uci_01886,I think asking for a gym is the excuse for lazy people. I jog.,en,uci_sms_spam_collection_v1,ham,NEEDS_REVIEW,,d123af026a2c,私人日常闲聊/个人对话，无商业或诈骗意图，无法归入四分类
uci_01887,Dear 0776xxxxxxx U've been invited to XCHAT. This is our final attempt to contact u! Txt CHAT to 86688 150p/MsgrcvdHG/Suite342/2Lands/Row/W1J6HL LDN 18yrs,en,uci_sms_spam_collection_v1,spam,HARASS,,622a906653be,成人聊天付费订阅广告，诱导发送CHAT到高费率号码，属色情骚扰推销
uci_01888,Urgent! Please call 09061743811 from landline. Your ABTA complimentary 4* Tenerife Holiday or ¡ê5000 cash await collection SAE T&Cs Box 326 CW25WX 150ppm,en,uci_sms_spam_collection_v1,spam,FRAUD,,3c8fe68b8720,假冒ABTA中奖通知，要求拨打固话并提供个人信息领取现金或假期奖励，钓鱼诈骗
uci_01889,No. On the way home. So if not for the long dry spell the season would have been over,en,uci_sms_spam_collection_v1,ham,HARASS,,51e419743626,极端成人聊天热线广告，付费收听露骨内容，属成人骚扰类推销
uci_01890,I gotta collect da car at 6 lei.,en,uci_sms_spam_collection_v1,ham,NEEDS_REVIEW,,66e7bfc9b3ba,私人日常闲聊/个人对话，无商业或诈骗意图，无法归入四分类
uci_01891,Ok but knackered. Just came home and went to sleep! Not good at this full time work lark.,en,uci_sms_spam_collection_v1,ham,NEEDS_REVIEW,,1d52582864c0,私人日常闲聊/个人对话，无商业或诈骗意图，无法归入四分类
uci_01892,Probably earlier than that if the station's where I think it is,en,uci_sms_spam_collection_v1,ham,NEEDS_REVIEW,,3d3753115f1b,私人日常闲聊/个人对话，无商业或诈骗意图，无法归入四分类
uci_01893,CALL 09090900040 & LISTEN TO EXTREME DIRTY LIVE CHAT GOING ON IN THE OFFICE RIGHT NOW TOTAL PRIVACY NO ONE KNOWS YOUR [sic] LISTENING 60P MIN 24/7MP 0870753331018+,en,uci_sms_spam_collection_v1,spam,HARASS,,36ffd1c7776a,付费成人内容热线，提供办公室情色直播聊天，属成人骚扰推销
uci_01894,Good Morning plz call me sir,en,uci_sms_spam_collection_v1,ham,NEEDS_REVIEW,,846f71214660,私人日常闲聊/个人对话，无商业或诈骗意图，无法归入四分类
uci_01895,"FreeMsg Hey U, i just got 1 of these video/pic fones, reply WILD to this txt & ill send U my pics, hurry up Im so bored at work xxx (18 150p/rcvd STOP2stop)",en,uci_sms_spam_collection_v1,spam,HARASS,,762706dc210d,免费色情视频/图片推广，回复关键词即发送露骨内容，属成人内容骚扰
uci_01896,"Uh, heads up we don't have THAT much left",en,uci_sms_spam_collection_v1,ham,NEEDS_REVIEW,,d4e454f10007,私人日常闲聊/个人对话，无商业或诈骗意图，无法归入四分类
uci_01897,I tot u outside cos darren say u come shopping. Of course we nice wat. We jus went sim lim look at mp3 player.,en,uci_sms_spam_collection_v1,ham,FRAUD,,307815873ae3,假冒Vodafone号码中奖，要求拨打电话确认领取5000镑奖金，典型假中奖诈骗
uci_01898,"Aight, sounds good. When do you want me to come down?",en,uci_sms_spam_collection_v1,ham,NEEDS_REVIEW,,615959471304,私人日常闲聊/个人对话，无商业或诈骗意图，无法归入四分类
uci_01899,Wat would u like 4 ur birthday?,en,uci_sms_spam_collection_v1,ham,NEEDS_REVIEW,,3047714366f8,私人日常闲聊/个人对话，无商业或诈骗意图，无法归入四分类
uci_01900,I love working from home :),en,uci_sms_spam_collection_v1,ham,NEEDS_REVIEW,,f90a35f36649,私人日常闲聊/个人对话，无商业或诈骗意图，无法归入四分类
uci_01901,And miss vday the parachute and double coins??? U must not know me very well...,en,uci_sms_spam_collection_v1,ham,NEEDS_REVIEW,,0a022045b143,私人日常闲聊/个人对话，无商业或诈骗意图，无法归入四分类
uci_01902,"Sorry, I'll call later",en,uci_sms_spam_collection_v1,ham,NEEDS_REVIEW,,d5081f7715ce,私人日常闲聊/个人对话，无商业或诈骗意图，无法归入四分类
uci_01903,My sister got placed in birla soft da:-),en,uci_sms_spam_collection_v1,ham,NEEDS_REVIEW,,b58d63fd56ae,私人日常闲聊/个人对话，无商业或诈骗意图，无法归入四分类
uci_01904,Free entry in 2 a weekly comp for a chance to win an ipod. Txt POD to 80182 to get entry (std txt rate) T&C's apply 08452810073 for details 18+,en,uci_sms_spam_collection_v1,spam,AD,,5caab8209c17,iPod抽奖竞赛广告，输入POD参与周赛，正规商业促销
uci_01905,Wah... Okie okie... Muz make use of e unlimited... Haha...,en,uci_sms_spam_collection_v1,ham,NEEDS_REVIEW,,9c142e0cd265,私人日常闲聊/个人对话，无商业或诈骗意图，无法归入四分类
uci_01906,"There're some people by mu, I'm at the table by lambda",en,uci_sms_spam_collection_v1,ham,NEEDS_REVIEW,,19a52c7c59c8,私人日常闲聊/个人对话，无商业或诈骗意图，无法归入四分类
uci_01907,And stop being an old man. You get to build snowman snow angels and snowball fights.,en,uci_sms_spam_collection_v1,ham,NEEDS_REVIEW,,0ba2e05348c0,私人日常闲聊/个人对话，无商业或诈骗意图，无法归入四分类
uci_01908,ELLO BABE U OK?,en,uci_sms_spam_collection_v1,ham,NEEDS_REVIEW,,934a932e9c93,私人日常闲聊/个人对话，无商业或诈骗意图，无法归入四分类
uci_01909,Hello beautiful r u ok? I've kinda ad a row wiv and he walked out the pub?? I wanted a night wiv u Miss u,en,uci_sms_spam_collection_v1,ham,NEEDS_REVIEW,,fc31273c41c1,私人日常闲聊/个人对话，无商业或诈骗意图，无法归入四分类
uci_01910,Then u going ikea str aft dat?,en,uci_sms_spam_collection_v1,ham,NEEDS_REVIEW,,73965ee91df5,私人日常闲聊/个人对话，无商业或诈骗意图，无法归入四分类
uci_01911,Becoz its  &lt;#&gt;  jan whn al the post ofice is in holiday so she cn go fr the post ofice...got it duffer,en,uci_sms_spam_collection_v1,ham,NEEDS_REVIEW,,c0412b5d8644,私人日常闲聊/个人对话，无商业或诈骗意图，无法归入四分类
uci_01912,Lol grr my mom is taking forever with my prescription. Pharmacy is like 2 minutes away. Ugh.,en,uci_sms_spam_collection_v1,ham,NEEDS_REVIEW,,94e96423db31,私人日常闲聊/个人对话，无商业或诈骗意图，无法归入四分类
uci_01913,For real tho this sucks. I can't even cook my whole electricity is out. And I'm hungry.,en,uci_sms_spam_collection_v1,ham,NEEDS_REVIEW,,fec5209c0420,私人日常闲聊/个人对话，无商业或诈骗意图，无法归入四分类
uci_01914,You want to go?,en,uci_sms_spam_collection_v1,ham,NEEDS_REVIEW,,0a1a947cd900,私人日常闲聊/个人对话，无商业或诈骗意图，无法归入四分类
uci_01915,New TEXTBUDDY Chat 2 horny guys in ur area 4 just 25p Free 2 receive Search postcode or at gaytextbuddy.com. TXT ONE name to 89693. 08715500022 rpl Stop 2 cnl,en,uci_sms_spam_collection_v1,spam,HARASS,,d09ca81770e3,本地成人聊天付费服务，定位灰色交友骚扰，诱导付费参与
uci_01916,Its not that time of the month nor mid of the time?,en,uci_sms_spam_collection_v1,ham,NEEDS_REVIEW,,244e40263272,私人日常闲聊/个人对话，无商业或诈骗意图，无法归入四分类
uci_01917,Fffff. Can you text kadeem or are you too far gone,en,uci_sms_spam_collection_v1,ham,NEEDS_REVIEW,,1885f392620d,私人日常闲聊/个人对话，无商业或诈骗意图，无法归入四分类
uci_01918,We not leaving yet. Ok lor then we go elsewhere n eat. U thk...,en,uci_sms_spam_collection_v1,ham,NEEDS_REVIEW,,bf61e7307660,私人日常闲聊/个人对话，无商业或诈骗意图，无法归入四分类
uci_01919,Is fujitsu s series lifebook good?,en,uci_sms_spam_collection_v1,ham,NEEDS_REVIEW,,9c9f4e79fed5,私人日常闲聊/个人对话，无商业或诈骗意图，无法归入四分类
uci_01920,Yar i wanted 2 scold u yest but late already... I where got zhong se qing you? If u ask me b4 he ask me then i'll go out w u all lor. N u still can act so real.,en,uci_sms_spam_collection_v1,ham,NEEDS_REVIEW,,bfde1061ac17,私人日常闲聊/个人对话，无商业或诈骗意图，无法归入四分类
uci_01921,Dont know you bring some food,en,uci_sms_spam_collection_v1,ham,NEEDS_REVIEW,,70666c3d4d2b,私人日常闲聊/个人对话，无商业或诈骗意图，无法归入四分类
uci_01922,No current and food here. I am alone also,en,uci_sms_spam_collection_v1,ham,NEEDS_REVIEW,,ae90fb23f6f7,私人日常闲聊/个人对话，无商业或诈骗意图，无法归入四分类
uci_01923,I'll be in sch fr 4-6... I dun haf da book in sch... It's at home...,en,uci_sms_spam_collection_v1,ham,NEEDS_REVIEW,,2ebcca4f5a55,私人日常闲聊/个人对话，无商业或诈骗意图，无法归入四分类
uci_01924,Hello. They are going to the village pub at 8 so either come here or there accordingly. Ok?,en,uci_sms_spam_collection_v1,ham,NEEDS_REVIEW,,1931dad1c3b3,私人日常闲聊/个人对话，无商业或诈骗意图，无法归入四分类
uci_01925,Ok,en,uci_sms_spam_collection_v1,ham,NEEDS_REVIEW,,7a85f4764bbd,私人日常闲聊/个人对话，无商业或诈骗意图，无法归入四分类
uci_01926,We don call like  &lt;#&gt;  times oh. No give us hypertension oh.,en,uci_sms_spam_collection_v1,ham,NEEDS_REVIEW,,647b50e30764,私人日常闲聊/个人对话，无商业或诈骗意图，无法归入四分类
uci_01927,"Dont give a monkeys wot they think and i certainly don't mind. Any friend of mine&all that! Just don't sleep wiv , that wud be annoyin!",en,uci_sms_spam_collection_v1,ham,NEEDS_REVIEW,,0a86ef21a08e,私人日常闲聊/个人对话，无商业或诈骗意图，无法归入四分类
uci_01928,Omg it could snow here tonite!,en,uci_sms_spam_collection_v1,ham,NEEDS_REVIEW,,58de4395f3d8,私人日常闲聊/个人对话，无商业或诈骗意图，无法归入四分类
uci_01929,Call from 08702490080 - tells u 2 call 09066358152 to claim ¡ê5000 prize. U have 2 enter all ur mobile & personal details @ the prompts. Careful!,en,uci_sms_spam_collection_v1,spam,FRAUD,,c2205e29e6e1,自动语音诈骗电话，引导用户拨打付费电话领取5000镑奖金，典型自动拨号诈骗
uci_01930,Free 1st week entry 2 TEXTPOD 4 a chance 2 win 40GB iPod or ¡ê250 cash every wk. Txt VPOD to 81303 Ts&Cs www.textpod.net custcare 08712405020.,en,uci_sms_spam_collection_v1,spam,AD,,4954b011831b,iPod每周抽奖促销，短信参与赢40GB iPod或250镑现金，正规营销竞赛广告
uci_01931,Carry on not disturbing both of you,en,uci_sms_spam_collection_v1,ham,NEEDS_REVIEW,,0eab173ad8e9,私人日常闲聊/个人对话，无商业或诈骗意图，无法归入四分类
uci_01932,What pa tell me.. I went to bath:-),en,uci_sms_spam_collection_v1,ham,NEEDS_REVIEW,,590d5a173419,私人日常闲聊/个人对话，无商业或诈骗意图，无法归入四分类
uci_01933,Jus finished avatar nigro,en,uci_sms_spam_collection_v1,ham,NEEDS_REVIEW,,d3b3b159245b,私人日常闲聊/个人对话，无商业或诈骗意图，无法归入四分类
uci_01934,R u over scratching it?,en,uci_sms_spam_collection_v1,ham,NEEDS_REVIEW,,0ebf29aa07cb,私人日常闲聊/个人对话，无商业或诈骗意图，无法归入四分类
uci_01935,Hope you are having a great day.,en,uci_sms_spam_collection_v1,ham,NEEDS_REVIEW,,b6d4876b4143,私人日常闲聊/个人对话，无商业或诈骗意图，无法归入四分类
uci_01936,Did either of you have any idea's? Do you know of anyplaces doing something?,en,uci_sms_spam_collection_v1,ham,NEEDS_REVIEW,,4400bce5b38e,私人日常闲聊/个人对话，无商业或诈骗意图，无法归入四分类
uci_01937,"My planning usually stops at ""find hella weed, smoke hella weed""",en,uci_sms_spam_collection_v1,ham,NEEDS_REVIEW,,9f26d123e726,私人日常闲聊/个人对话，无商业或诈骗意图，无法归入四分类
uci_01938,"The fact that you're cleaning shows you know why i'm upset. Your priority is constantly ""what i want to do,"" not ""what i need to do.""",en,uci_sms_spam_collection_v1,ham,NEEDS_REVIEW,,e439737cbbaa,私人日常闲聊/个人对话，无商业或诈骗意图，无法归入四分类
uci_01939,Excellent! Are you ready to moan and scream in ecstasy?,en,uci_sms_spam_collection_v1,ham,HARASS,,3f2472fe0a6a,"露骨性暗示消息，直接发给特定对象，""准备好在高潮中呻吟尖叫""，构成成人内容骚扰"
uci_01940,More people are dogging in your area now. Call 09090204448 and join like minded guys. Why not arrange 1 yourself. There's 1 this evening. A¡ê1.50 minAPN LS278BB,en,uci_sms_spam_collection_v1,spam,HARASS,,40e765fc96be,本地成人约会付费服务，宣传dogging等灰色交友，属成人骚扰推销
uci_01941,Dude avatar 3d was imp. At one point i thought there were actually flies in the room and almost tried hittng one as a reflex,en,uci_sms_spam_collection_v1,ham,NEEDS_REVIEW,,e6d32ea7b28e,私人日常闲聊/个人对话，无商业或诈骗意图，无法归入四分类
uci_01942,"WELL DONE! Your 4* Costa Del Sol Holiday or ¡ê5000 await collection. Call 09050090044 Now toClaim. SAE, TCs, POBox334, Stockport, SK38xh, Cost¡ê1.50/pm, Max10mins",en,uci_sms_spam_collection_v1,spam,FRAUD,,a97f305c7682,假冒中奖通知，声称Costa Del Sol假期或5000镑现金奖励需拨打电话领取
uci_01943,K...k:)why cant you come here and search job:),en,uci_sms_spam_collection_v1,ham,NEEDS_REVIEW,,77e3c3e04a3b,私人日常闲聊/个人对话，无商业或诈骗意图，无法归入四分类
uci_01944,I got lousy sleep. I kept waking up every 2 hours to see if my cat wanted to come in. I worry about him when its cold :(,en,uci_sms_spam_collection_v1,ham,NEEDS_REVIEW,,9ea3f96abb27,私人日常闲聊/个人对话，无商业或诈骗意图，无法归入四分类
uci_01945,"Yeah, I'll leave in a couple minutes &amp; let you know when I get to mu",en,uci_sms_spam_collection_v1,ham,NEEDS_REVIEW,,fe4a8031e70e,私人日常闲聊/个人对话，无商业或诈骗意图，无法归入四分类
uci_01946,Can ¨¹ call me at 10:10 to make sure dat i've woken up...,en,uci_sms_spam_collection_v1,ham,NEEDS_REVIEW,,99fefa5bb229,私人日常闲聊/个人对话，无商业或诈骗意图，无法归入四分类
uci_01947,Hey we can go jazz power yoga hip hop kb and yogasana,en,uci_sms_spam_collection_v1,ham,NEEDS_REVIEW,,97e9ce970683,私人日常闲聊/个人对话，无商业或诈骗意图，无法归入四分类
uci_01948,The battery is for mr adewale my uncle. Aka Egbon,en,uci_sms_spam_collection_v1,ham,NEEDS_REVIEW,,5eff2157220c,私人日常闲聊/个人对话，无商业或诈骗意图，无法归入四分类
uci_01949,I cant pick the phone right now. Pls send a message,en,uci_sms_spam_collection_v1,ham,NEEDS_REVIEW,,ea4561f1db70,私人日常闲聊/个人对话，无商业或诈骗意图，无法归入四分类
uci_01950,Wait 2 min..stand at bus stop,en,uci_sms_spam_collection_v1,ham,NEEDS_REVIEW,,b85b01b4d5b8,私人日常闲聊/个人对话，无商业或诈骗意图，无法归入四分类
uci_01951,Oh ic. I thought you meant mary jane.,en,uci_sms_spam_collection_v1,ham,NEEDS_REVIEW,,beb2e6a9296b,私人日常闲聊/个人对话，无商业或诈骗意图，无法归入四分类
uci_01952,Haha... Really oh no... How? Then will they deduct your lesson tmr?,en,uci_sms_spam_collection_v1,ham,NEEDS_REVIEW,,92cf507b38ab,私人日常闲聊/个人对话，无商业或诈骗意图，无法归入四分类
uci_01953,Nah im goin 2 the wrks with j wot bout u?,en,uci_sms_spam_collection_v1,ham,NEEDS_REVIEW,,339054271fce,私人日常闲聊/个人对话，无商业或诈骗意图，无法归入四分类
uci_01954,Then just eat a shit and wait for ur monkey face bitch.......... U asshole..................,en,uci_sms_spam_collection_v1,ham,NEEDS_REVIEW,,911d85be92ba,粗口骂人发泄情绪，私人间对话，非商业/诈骗，归待审核
uci_01955,Good night. Am going to sleep.,en,uci_sms_spam_collection_v1,ham,NEEDS_REVIEW,,1d12bb2fe572,私人日常闲聊/个人对话，无商业或诈骗意图，无法归入四分类
uci_01956,"Aight I'll grab something to eat too, text me when you're back at mu",en,uci_sms_spam_collection_v1,ham,NEEDS_REVIEW,,aeb8f1bc1742,私人日常闲聊/个人对话，无商业或诈骗意图，无法归入四分类
uci_01957,K...k:)why cant you come here and search job:),en,uci_sms_spam_collection_v1,ham,NEEDS_REVIEW,,77e3c3e04a3b,私人日常闲聊/个人对话，无商业或诈骗意图，无法归入四分类
uci_01958,Take something for pain. If it moves however to any side in the next 6hrs see a doctor.,en,uci_sms_spam_collection_v1,ham,NEEDS_REVIEW,,1a6ea54dd207,私人日常闲聊/个人对话，无商业或诈骗意图，无法归入四分类
uci_01959,"Lol ... Oh no babe, I wont be sliding into your place after midnight, but thanks for the invite",en,uci_sms_spam_collection_v1,ham,NEEDS_REVIEW,,fff36e8e38eb,私人日常闲聊/个人对话，无商业或诈骗意图，无法归入四分类
uci_01960,Howz that persons story,en,uci_sms_spam_collection_v1,ham,NEEDS_REVIEW,,4067ccc15d52,私人日常闲聊/个人对话，无商业或诈骗意图，无法归入四分类
uci_01961,Guess what! Somebody you know secretly fancies you! Wanna find out who it is? Give us a call on 09065394973 from Landline DATEBox1282EssexCM61XN 150p/min 18,en,uci_sms_spam_collection_v1,spam,HARASS,,d079ccb21630,秘密暗恋者付费电话服务，高额收费获取个人信息，属灰色交友骚扰推销
uci_01962,LOL that would be awesome payback.,en,uci_sms_spam_collection_v1,ham,NEEDS_REVIEW,,fef05338f8eb,私人日常闲聊/个人对话，无商业或诈骗意图，无法归入四分类
uci_01963,it to 80488. Your 500 free text messages are valid until 31 December 2005.,en,uci_sms_spam_collection_v1,spam,AD,,1f2c2c06caf7,免费短信促销，发送特定号码即可获500条免费短信，正规商业广告
uci_01964,Yes :)it completely in out of form:)clark also utter waste.,en,uci_sms_spam_collection_v1,ham,NEEDS_REVIEW,,9fe00085ef9c,私人日常闲聊/个人对话，无商业或诈骗意图，无法归入四分类
uci_01965,"Honeybee Said: *I'm d Sweetest in d World* God Laughed &amp; Said: *Wait,U Havnt Met d Person Reading This Msg* MORAL: Even GOD Can Crack Jokes! GM+GN+GE+GN:)",en,uci_sms_spam_collection_v1,ham,NEEDS_REVIEW,,76a21865fa37,宗教/迷信/幽默链式转发短信，要求转发若干人，属转发骚扰但非商业诈骗，归待审核
uci_01966,Thanks. It was only from tescos but quite nice. All gone now. Speak soon,en,uci_sms_spam_collection_v1,ham,NEEDS_REVIEW,,3f4f10efa706,私人日常闲聊/个人对话，无商业或诈骗意图，无法归入四分类
uci_01967,What's a feathery bowa? Is that something guys have that I don't know about?,en,uci_sms_spam_collection_v1,ham,NEEDS_REVIEW,,e575ba936ae1,私人日常闲聊/个人对话，无商业或诈骗意图，无法归入四分类
uci_01968,Even i cant close my eyes you are in me our vava playing umma :-D,en,uci_sms_spam_collection_v1,ham,NEEDS_REVIEW,,100817886221,私人日常闲聊/个人对话，无商业或诈骗意图，无法归入四分类
uci_01969,2 laptop... I noe infra but too slow lar... I wan fast one,en,uci_sms_spam_collection_v1,ham,NEEDS_REVIEW,,58fd59525abe,私人日常闲聊/个人对话，无商业或诈骗意图，无法归入四分类
uci_01970,You have won a guaranteed ¡ê200 award or even ¡ê1000 cashto claim UR award call free on 08000407165 (18+) 2 stop getstop on 88222 PHP,en,uci_sms_spam_collection_v1,spam,FRAUD,,3226803a244c,假中奖通知，承诺保证200镑或1000镑现金可拨打免费电话领取，典型假奖励诈骗
uci_01971,Nvm it's ok...,en,uci_sms_spam_collection_v1,ham,NEEDS_REVIEW,,fd0251a5b170,私人日常闲聊/个人对话，无商业或诈骗意图，无法归入四分类
uci_01972,Enjoy ur life. . Good night,en,uci_sms_spam_collection_v1,ham,NEEDS_REVIEW,,93fac01ae40c,私人日常闲聊/个人对话，无商业或诈骗意图，无法归入四分类
uci_01973,Yes but can we meet in town cos will go to gep and then home. You could text at bus stop. And don't worry we'll have finished by march ¡­ ish!,en,uci_sms_spam_collection_v1,ham,NEEDS_REVIEW,,a2efc54314b4,私人日常闲聊/个人对话，无商业或诈骗意图，无法归入四分类
uci_01974,I had askd u a question some hours before. Its answer,en,uci_sms_spam_collection_v1,ham,NEEDS_REVIEW,,29395f182076,私人日常闲聊/个人对话，无商业或诈骗意图，无法归入四分类
uci_01975,Thats cool. Where should i cum? On you or in you? :),en,uci_sms_spam_collection_v1,ham,HARASS,,ebfa41c8c7c9,"露骨性暗示消息，直接发给特定对象，""我该射在哪里""，构成成人内容骚扰"
uci_01976,Delhi and chennai still silent.,en,uci_sms_spam_collection_v1,ham,NEEDS_REVIEW,,f05ec9263b52,私人日常闲聊/个人对话，无商业或诈骗意图，无法归入四分类
uci_01977,Lol alright i was thinkin that too haha,en,uci_sms_spam_collection_v1,ham,NEEDS_REVIEW,,629f2ef08295,私人日常闲聊/个人对话，无商业或诈骗意图，无法归入四分类
uci_01978,Reply to win ¡ê100 weekly! Where will the 2006 FIFA World Cup be held? Send STOP to 87239 to end service,en,uci_sms_spam_collection_v1,spam,AD,,554b6c651667,世界杯知识竞赛赢100镑促销，正规商业抽奖广告
uci_01979,No I'm in the same boat. Still here at my moms. Check me out on yo. I'm half naked.,en,uci_sms_spam_collection_v1,ham,NEEDS_REVIEW,qa_fix_v1,5035db335d3e,[fix:adult-or-secret-admirer NEEDS_REVIEW->HARASS] 私人日常闲聊/个人对话，无商业或诈骗意图，无法归入四分类 [fix:revert-ham-kisses-xxx HARASS->NEEDS_REVIEW]
uci_01980,Shhhhh nobody is supposed to know!,en,uci_sms_spam_collection_v1,ham,NEEDS_REVIEW,,6cc4482666a3,私人日常闲聊/个人对话，无商业或诈骗意图，无法归入四分类
uci_01981,"Sorry, I'll call later",en,uci_sms_spam_collection_v1,ham,NEEDS_REVIEW,,d5081f7715ce,私人日常闲聊/个人对话，无商业或诈骗意图，无法归入四分类
uci_01982,"Sorry, I'll call later in meeting any thing related to trade please call Arul. &lt;#&gt;",en,uci_sms_spam_collection_v1,ham,NEEDS_REVIEW,,e8b7d53faa3a,私人日常闲聊/个人对话，无商业或诈骗意图，无法归入四分类
uci_01983,Hey i will be late... i'm at amk. Need to drink tea or coffee,en,uci_sms_spam_collection_v1,ham,NEEDS_REVIEW,,a41e9e785165,私人日常闲聊/个人对话，无商业或诈骗意图，无法归入四分类
uci_01984,I wnt to buy a BMW car urgently..its vry urgent.but hv a shortage of  &lt;#&gt; Lacs.there is no source to arng dis amt. &lt;#&gt; lacs..thats my prob,en,uci_sms_spam_collection_v1,ham,NEEDS_REVIEW,,91d2e9075b42,私人日常闲聊/个人对话，无商业或诈骗意图，无法归入四分类
uci_01985,Urgent! Please call 09061743810 from landline. Your ABTA complimentary 4* Tenerife Holiday or #5000 cash await collection SAE T&Cs Box 326 CW25WX 150 ppm,en,uci_sms_spam_collection_v1,spam,FRAUD,,3c8fe68b8720,与1888/1897相同的ABTA假中奖诈骗套路，要求拨打电话提供个人信息领取奖金
uci_01986,The length is e same but e top shorter n i got a fringe now. I thk i'm not going liao. Too lazy. Dun wan 2 distract u also.,en,uci_sms_spam_collection_v1,ham,NEEDS_REVIEW,,f57c0255ff58,私人日常闲聊/个人对话，无商业或诈骗意图，无法归入四分类
uci_01987,S..antha num corrct dane,en,uci_sms_spam_collection_v1,ham,FRAUD,,2af4c6f0cf96,与1888/1897相同的ABTA假中奖诈骗套路，要求拨打电话提供个人信息领取奖金
uci_01988,No calls..messages..missed calls,en,uci_sms_spam_collection_v1,ham,NEEDS_REVIEW,,816670b22ffb,私人日常闲聊/个人对话，无商业或诈骗意图，无法归入四分类
uci_01989,"Sorry, I'll call later",en,uci_sms_spam_collection_v1,ham,NEEDS_REVIEW,,d5081f7715ce,私人日常闲聊/个人对话，无商业或诈骗意图，无法归入四分类
uci_01990,The basket's gettin full so I might be by tonight,en,uci_sms_spam_collection_v1,ham,NEEDS_REVIEW,,b806184a9a7f,私人日常闲聊/个人对话，无商业或诈骗意图，无法归入四分类
uci_01991,HI DARLIN IVE JUST GOT BACK AND I HAD A REALLY NICE NIGHT AND THANKS SO MUCH FOR THE LIFT SEE U TOMORROW XXX,en,uci_sms_spam_collection_v1,ham,NEEDS_REVIEW,qa_fix_v1,442e28831d56,[fix:adult-or-secret-admirer NEEDS_REVIEW->HARASS] 私人日常闲聊/个人对话，无商业或诈骗意图，无法归入四分类 [fix:revert-ham-kisses-xxx HARASS->NEEDS_REVIEW]
uci_01992,No other Valentines huh? The proof is on your fb page. Ugh I'm so glad I really DIDN'T watch your rupaul show you TOOL!,en,uci_sms_spam_collection_v1,ham,NEEDS_REVIEW,,5abab63bc9e7,私人日常闲聊/个人对话，无商业或诈骗意图，无法归入四分类
uci_01993,Free tones Hope you enjoyed your new content. text stop to 61610 to unsubscribe. help:08712400602450p Provided by tones2you.co.uk,en,uci_sms_spam_collection_v1,spam,AD,,b464e104dfab,免费彩铃促销广告，提供娱乐内容订阅，正规商业推销
uci_01994,Eh den sat u book e kb liao huh...,en,uci_sms_spam_collection_v1,ham,NEEDS_REVIEW,,eb85ff233c14,私人日常闲聊/个人对话，无商业或诈骗意图，无法归入四分类
uci_01995,Have you been practising your curtsey?,en,uci_sms_spam_collection_v1,ham,NEEDS_REVIEW,,b31ac2a152c6,私人日常闲聊/个人对话，无商业或诈骗意图，无法归入四分类
uci_01996,Shall i come to get pickle,en,uci_sms_spam_collection_v1,ham,NEEDS_REVIEW,,cdead4402a3d,私人日常闲聊/个人对话，无商业或诈骗意图，无法归入四分类
uci_01997,Lol boo I was hoping for a laugh,en,uci_sms_spam_collection_v1,ham,NEEDS_REVIEW,,3071e6bbdefa,私人日常闲聊/个人对话，无商业或诈骗意图，无法归入四分类
uci_01998,"""YEH I AM DEF UP4 SOMETHING SAT,JUST GOT PAYED2DAY & I HAVBEEN GIVEN A¡ê50 PAY RISE 4MY WORK & HAVEBEEN MADE PRESCHOOLCO-ORDINATOR 2I AM FEELINGOOD LUV""",en,uci_sms_spam_collection_v1,ham,NEEDS_REVIEW,,56266169fe20,私人日常闲聊/个人对话，无商业或诈骗意图，无法归入四分类
uci_01999,"Well, I have to leave for my class babe ... You never came back to me ... :-( ... Hope you have a nice sleep, my love",en,uci_sms_spam_collection_v1,ham,NEEDS_REVIEW,,e250e969de44,私人日常闲聊/个人对话，无商业或诈骗意图，无法归入四分类
uci_02000,LMAO where's your fish memory when I need it?,en,uci_sms_spam_collection_v1,ham,NEEDS_REVIEW,,3833bbc2efe9,私人日常闲聊/个人对话，无商业或诈骗意图，无法归入四分类
uci_02001,But i'll b going 2 sch on mon. My sis need 2 take smth.,en,uci_sms_spam_collection_v1,ham,NEEDS_REVIEW,,45c5dda5f763,私人日常闲聊/个人对话，无商业或诈骗意图，无法归入四分类
uci_02002,Idea will soon get converted to live:),en,uci_sms_spam_collection_v1,ham,NEEDS_REVIEW,,d5768b719c6f,私人日常闲聊/个人对话，无商业或诈骗意图，无法归入四分类
uci_02003,TheMob>Yo yo yo-Here comes a new selection of hot downloads for our members to get for FREE! Just click & open the next link sent to ur fone...,en,uci_sms_spam_collection_v1,spam,AD,,7930c10da8c0,免费手机下载推广，含链接诱导点击，正规商业促销广告
uci_02004,S....s...india going to draw the series after many years in south african soil..,en,uci_sms_spam_collection_v1,ham,NEEDS_REVIEW,,156204764bd1,私人日常闲聊/个人对话，无商业或诈骗意图，无法归入四分类
uci_02005,"Goodmorning, today i am late for  &lt;DECIMAL&gt; min.",en,uci_sms_spam_collection_v1,ham,NEEDS_REVIEW,,6c7125e13e05,私人日常闲聊/个人对话，无商业或诈骗意图，无法归入四分类
uci_02006,Can't take any major roles in community outreach. You rock mel,en,uci_sms_spam_collection_v1,ham,NEEDS_REVIEW,,612957d522a4,私人日常闲聊/个人对话，无商业或诈骗意图，无法归入四分类
uci_02007,Shopping lor. Them raining mah hard 2 leave orchard.,en,uci_sms_spam_collection_v1,ham,NEEDS_REVIEW,,0b255eb5a5cb,私人日常闲聊/个人对话，无商业或诈骗意图，无法归入四分类
uci_02008,Hi here. have birth at on the  to  at 8lb 7oz. Mother and baby doing brilliantly.,en,uci_sms_spam_collection_v1,ham,NEEDS_REVIEW,,02622ad5d598,私人日常闲聊/个人对话，无商业或诈骗意图，无法归入四分类
uci_02009,See the forwarding message for proof,en,uci_sms_spam_collection_v1,ham,NEEDS_REVIEW,,7e63e8132a3a,私人日常闲聊/个人对话，无商业或诈骗意图，无法归入四分类
uci_02010,"I can't keep going through this. It was never my intention to run you out, but if you choose to do that rather than keep the room clean so *I* don't have to say no to visitors, then maybe that's the best choice. Yes, I wanted you to be embarassed, so maybe you'd feel for once how I feel when i have a friend who wants to drop buy and i have to say no, as happened this morning. I've tried everything. I don't know what else to do.",en,uci_sms_spam_collection_v1,ham,NEEDS_REVIEW,,aaa13e3f6d4b,私人日常闲聊/个人对话，无商业或诈骗意图，无法归入四分类
uci_02011,Dunno lei... I thk mum lazy to go out... I neva ask her yet...,en,uci_sms_spam_collection_v1,ham,NEEDS_REVIEW,,dc6551cb5081,私人日常闲聊/个人对话，无商业或诈骗意图，无法归入四分类
uci_02012,"Do whatever you want. You know what the rules are. We had a talk earlier this week about what had to start happening, you showing responsibility. Yet, every week it's can i bend the rule this way? What about that way? Do whatever. I'm tired of having thia same argument with you every week. And a  &lt;#&gt;  movie DOESNT inlude the previews. You're still getting in after 1.",en,uci_sms_spam_collection_v1,ham,NEEDS_REVIEW,,a86179879abb,私人日常闲聊/个人对话，无商业或诈骗意图，无法归入四分类
uci_02013,"Beautiful Truth against Gravity.. Read carefully: ""Our heart feels light when someone is in it.. But it feels very heavy when someone leaves it.."" GOODMORNING",en,uci_sms_spam_collection_v1,ham,NEEDS_REVIEW,,debf101428b8,宗教/迷信/幽默链式转发短信，要求转发若干人，属转发骚扰但非商业诈骗，归待审核
uci_02014,Great News! Call FREEFONE 08006344447 to claim your guaranteed ¡ê1000 CASH or ¡ê2000 gift. Speak to a live operator NOW!,en,uci_sms_spam_collection_v1,spam,FRAUD,,81b27e33a6a7,假中奖通知，承诺保证1000镑现金或2000镑礼品可拨打免费电话领取，典型假中奖诈骗
uci_02015,Ambrith..madurai..met u in arun dha marrge..remembr?,en,uci_sms_spam_collection_v1,ham,NEEDS_REVIEW,,aa8c7df43ebe,私人日常闲聊/个人对话，无商业或诈骗意图，无法归入四分类
uci_02016,Just re read it and I have no shame but tell me how he takes it and if he runs I will blame u 4 ever!! Not really 4 ever just a long time,en,uci_sms_spam_collection_v1,ham,NEEDS_REVIEW,,64335b800b52,私人日常闲聊/个人对话，无商业或诈骗意图，无法归入四分类
uci_02017,"Princess, is your kitty shaved or natural?",en,uci_sms_spam_collection_v1,ham,NEEDS_REVIEW,,1e2585448892,私人日常闲聊/个人对话，无商业或诈骗意图，无法归入四分类
uci_02018,"Better than bb. If he wont use it, his wife will or them doctor",en,uci_sms_spam_collection_v1,ham,NEEDS_REVIEW,,ac4d7cf4c016,私人日常闲聊/个人对话，无商业或诈骗意图，无法归入四分类
uci_02019,Ya it came a while ago,en,uci_sms_spam_collection_v1,ham,NEEDS_REVIEW,,39d98517041e,私人日常闲聊/个人对话，无商业或诈骗意图，无法归入四分类
uci_02020,From tomorrow onwards eve 6 to 3 work.,en,uci_sms_spam_collection_v1,ham,NEEDS_REVIEW,,2315c4ddc60e,私人日常闲聊/个人对话，无商业或诈骗意图，无法归入四分类
uci_02021,Anything lor but toa payoh got place 2 walk meh...,en,uci_sms_spam_collection_v1,ham,NEEDS_REVIEW,,efb18c14d7bc,私人日常闲聊/个人对话，无商业或诈骗意图，无法归入四分类
uci_02022,"I don't have anybody's number, I still haven't thought up a tactful way to ask alex",en,uci_sms_spam_collection_v1,ham,NEEDS_REVIEW,,971be692c0a5,私人日常闲聊/个人对话，无商业或诈骗意图，无法归入四分类
uci_02023,"U can WIN ¡ê100 of Music Gift Vouchers every week starting NOW Txt the word DRAW to 87066 TsCs www.ldew.com SkillGame,1Winaweek, age16.150ppermessSubscription",en,uci_sms_spam_collection_v1,spam,AD,,9dfa9052b11f,音乐礼品券每周抽奖促销，DRAW到87066参与，正规商业营销广告
uci_02024,Is there any movie theatre i can go to and watch unlimited movies and just pay once?,en,uci_sms_spam_collection_v1,ham,NEEDS_REVIEW,,c6c5bc1be918,私人日常闲聊/个人对话，无商业或诈骗意图，无法归入四分类
uci_02025,U having lunch alone? I now so bored...,en,uci_sms_spam_collection_v1,ham,NEEDS_REVIEW,,068415ae86fa,私人日常闲聊/个人对话，无商业或诈骗意图，无法归入四分类
uci_02026,"Yes obviously, but you are the eggs-pert and the potato head¡­ Speak soon!",en,uci_sms_spam_collection_v1,ham,NEEDS_REVIEW,,e7f222173369,私人日常闲聊/个人对话，无商业或诈骗意图，无法归入四分类
uci_02027,"Nah man, my car is meant to be crammed full of people",en,uci_sms_spam_collection_v1,ham,NEEDS_REVIEW,,1e1784fdb76a,私人日常闲聊/个人对话，无商业或诈骗意图，无法归入四分类
uci_02028,No got new job at bar in airport on satsgettin 4.47per hour but means no lie in! keep in touch,en,uci_sms_spam_collection_v1,ham,NEEDS_REVIEW,,97f51f9ff6bc,私人日常闲聊/个人对话，无商业或诈骗意图，无法归入四分类
uci_02029,Kallis is ready for bat in 2nd innings,en,uci_sms_spam_collection_v1,ham,NEEDS_REVIEW,,c768c603a08e,私人日常闲聊/个人对话，无商业或诈骗意图，无法归入四分类
uci_02030,Thanx but my birthday is over already.,en,uci_sms_spam_collection_v1,ham,NEEDS_REVIEW,,000e087daf3b,私人日常闲聊/个人对话，无商业或诈骗意图，无法归入四分类
uci_02031,"Ugh y can't u just apologize, admit u were wrong and ask me to take u back?",en,uci_sms_spam_collection_v1,ham,NEEDS_REVIEW,,bbb68ce66400,私人日常闲聊/个人对话，无商业或诈骗意图，无法归入四分类
uci_02032,"I noe la... U wana pei bf oso rite... K lor, other days den...",en,uci_sms_spam_collection_v1,ham,NEEDS_REVIEW,,51ad4b62b05c,私人日常闲聊/个人对话，无商业或诈骗意图，无法归入四分类
uci_02033,"Yes, i'm small kid.. And boost is the secret of my energy..",en,uci_sms_spam_collection_v1,ham,NEEDS_REVIEW,,54b024ca031c,私人日常闲聊/个人对话，无商业或诈骗意图，无法归入四分类
uci_02034,IM GONNA MISS U SO MUCH,en,uci_sms_spam_collection_v1,ham,NEEDS_REVIEW,,7b5396e4553a,私人日常闲聊/个人对话，无商业或诈骗意图，无法归入四分类
uci_02035,Is avatar supposed to have subtoitles,en,uci_sms_spam_collection_v1,ham,NEEDS_REVIEW,,1bdf5a57478a,私人日常闲聊/个人对话，无商业或诈骗意图，无法归入四分类
uci_02036,Simply sitting and watching match in office..,en,uci_sms_spam_collection_v1,ham,NEEDS_REVIEW,,291307d3aded,私人日常闲聊/个人对话，无商业或诈骗意图，无法归入四分类
uci_02037,You can jot down things you want to remember later.,en,uci_sms_spam_collection_v1,ham,NEEDS_REVIEW,,e96b70c885aa,私人日常闲聊/个人对话，无商业或诈骗意图，无法归入四分类
uci_02038,Oh sorry please its over,en,uci_sms_spam_collection_v1,ham,NEEDS_REVIEW,,62901469d904,私人日常闲聊/个人对话，无商业或诈骗意图，无法归入四分类
uci_02039,Hey are we going for the lo lesson or gym?,en,uci_sms_spam_collection_v1,ham,NEEDS_REVIEW,,bb09b3e594d1,私人日常闲聊/个人对话，无商业或诈骗意图，无法归入四分类
uci_02040,"Dont pack what you can buy at any store.like cereals. If you must pack food, pack gari or something 9ja that you will miss.",en,uci_sms_spam_collection_v1,ham,NEEDS_REVIEW,,482945886ded,私人日常闲聊/个人对话，无商业或诈骗意图，无法归入四分类
uci_02041,You always make things bigger than they are,en,uci_sms_spam_collection_v1,ham,NEEDS_REVIEW,,f9813cad0eee,私人日常闲聊/个人对话，无商业或诈骗意图，无法归入四分类
uci_02042,¨¹ dun wan to watch infernal affair?,en,uci_sms_spam_collection_v1,ham,NEEDS_REVIEW,,2054fd57385d,私人日常闲聊/个人对话，无商业或诈骗意图，无法归入四分类
uci_02043,"Me not waking up until 4 in the afternoon, sup",en,uci_sms_spam_collection_v1,ham,NEEDS_REVIEW,,fadb7e7ac2f9,私人日常闲聊/个人对话，无商业或诈骗意图，无法归入四分类
uci_02044,4mths half price Orange line rental & latest camera phones 4 FREE. Had your phone 11mths ? Call MobilesDirect free on 08000938767 to update now! or2stoptxt,en,uci_sms_spam_collection_v1,spam,AD,,29d3faf35d22,Orange手机升级促销+免费租约，4个月半价，正规运营商推销广告
uci_02045,I can send you a pic if you like :),en,uci_sms_spam_collection_v1,ham,NEEDS_REVIEW,,838b33f3579a,私人日常闲聊/个人对话，无商业或诈骗意图，无法归入四分类
uci_02046,Okay... I booked all already... Including the one at bugis.,en,uci_sms_spam_collection_v1,ham,NEEDS_REVIEW,,af8360a87bbc,私人日常闲聊/个人对话，无商业或诈骗意图，无法归入四分类
uci_02047,"Aight fuck it, I'll get it later",en,uci_sms_spam_collection_v1,ham,NEEDS_REVIEW,,3bbc02912db4,私人日常闲聊/个人对话，无商业或诈骗意图，无法归入四分类
uci_02048,No de. But call me after some time. Ill tell you k,en,uci_sms_spam_collection_v1,ham,NEEDS_REVIEW,,7c68af1e160b,私人日常闲聊/个人对话，无商业或诈骗意图，无法归入四分类
uci_02049,So dont use hook up any how,en,uci_sms_spam_collection_v1,ham,NEEDS_REVIEW,,62bfd8e2efaf,私人日常闲聊/个人对话，无商业或诈骗意图，无法归入四分类
uci_02050,How much is blackberry bold2 in nigeria.,en,uci_sms_spam_collection_v1,ham,NEEDS_REVIEW,,6b63897c270c,私人日常闲聊/个人对话，无商业或诈骗意图，无法归入四分类
uci_02051,Hi where you. You in home or calicut?,en,uci_sms_spam_collection_v1,ham,NEEDS_REVIEW,,33d4e805ad1f,私人日常闲聊/个人对话，无商业或诈骗意图，无法归入四分类
uci_02052,Hey darlin.. i can pick u up at college if u tell me wen & where 2 mt.. love Pete xx,en,uci_sms_spam_collection_v1,ham,NEEDS_REVIEW,,dabbf24eff01,私人日常闲聊/个人对话，无商业或诈骗意图，无法归入四分类
uci_02053,"Call 09094100151 to use ur mins! Calls cast 10p/min (mob vary). Service provided by AOM, just GBP5/month. AOM Box61,M60 1ER until u stop. Ages 18+ only!",en,uci_sms_spam_collection_v1,spam,AD,,b04432404257,通话分钟数促销广告，拨打特定号码使用通话时长含月费，正规商业推销
uci_02054,"Oh... I was thkin of goin yogasana at 10 den no nd to go at 3 den can rush to parco 4 nb... Okie lor, u call me when ready...",en,uci_sms_spam_collection_v1,ham,NEEDS_REVIEW,,1ffbaa4a43c7,私人日常闲聊/个人对话，无商业或诈骗意图，无法归入四分类
uci_02055,Y so late but i need to go n get da laptop...,en,uci_sms_spam_collection_v1,ham,NEEDS_REVIEW,,90e44e12b428,私人日常闲聊/个人对话，无商业或诈骗意图，无法归入四分类
uci_02056,"Sir, I am waiting for your mail.",en,uci_sms_spam_collection_v1,ham,NEEDS_REVIEW,,74200fd9be2f,私人日常闲聊/个人对话，无商业或诈骗意图，无法归入四分类
uci_02057,.Please charge my mobile when you get up in morning.,en,uci_sms_spam_collection_v1,ham,NEEDS_REVIEW,,ec14ff3176ee,私人日常闲聊/个人对话，无商业或诈骗意图，无法归入四分类
uci_02058,"Nothing, i got msg frm tht unknown no..",en,uci_sms_spam_collection_v1,ham,NEEDS_REVIEW,,0c447a696943,私人日常闲聊/个人对话，无商业或诈骗意图，无法归入四分类
uci_02059,Ugh fuck it I'm resubbing to eve,en,uci_sms_spam_collection_v1,ham,NEEDS_REVIEW,,dec525407ecc,私人日常闲聊/个人对话，无商业或诈骗意图，无法归入四分类
uci_02060,He didn't see his shadow. We get an early spring yay,en,uci_sms_spam_collection_v1,ham,NEEDS_REVIEW,,103fdadba18e,私人日常闲聊/个人对话，无商业或诈骗意图，无法归入四分类
uci_02061,I did. One slice and one breadstick. Lol,en,uci_sms_spam_collection_v1,ham,NEEDS_REVIEW,,8cafa6864bbf,私人日常闲聊/个人对话，无商业或诈骗意图，无法归入四分类
uci_02062,"Hey ! I want you ! I crave you ! I miss you ! I need you ! I love you, Ahmad Saeed al Hallaq ...",en,uci_sms_spam_collection_v1,ham,NEEDS_REVIEW,,fed9a9f19699,私人日常闲聊/个人对话，无商业或诈骗意图，无法归入四分类
uci_02063,Is there any training tomorrow?,en,uci_sms_spam_collection_v1,ham,NEEDS_REVIEW,,af7217cc3547,私人日常闲聊/个人对话，无商业或诈骗意图，无法归入四分类
uci_02064,"URGENT! Your mobile No *********** WON a ¡ê2,000 Bonus Caller Prize on 02/06/03! This is the 2nd attempt to reach YOU! Call 09066362220 ASAP! BOX97N7QP, 150ppm",en,uci_sms_spam_collection_v1,spam,FRAUD,,0deaa58880d9,假中奖通知，声称手机号码赢得2000镑奖金需尽快拨打电话领取，典型假中奖诈骗
uci_02065,Pass dis to all ur contacts n see wat u get! Red;i'm in luv wid u. Blue;u put a smile on my face. Purple;u r realy hot. Pink;u r so swt. Orange;i thnk i lyk u. Green;i realy wana go out wid u. Yelow;i wnt u bck. Black;i'm jealous of u. Brown;i miss you Nw plz giv me one color,en,uci_sms_spam_collection_v1,ham,NEEDS_REVIEW,,1332f6cffbd9,私人日常闲聊/个人对话，无商业或诈骗意图，无法归入四分类
uci_02066,Cos daddy arranging time c wat time fetch ¨¹ mah...,en,uci_sms_spam_collection_v1,ham,NEEDS_REVIEW,,e9de78cc049f,私人日常闲聊/个人对话，无商业或诈骗意图，无法归入四分类
uci_02067,Then. You are eldest know.,en,uci_sms_spam_collection_v1,ham,NEEDS_REVIEW,,0031919f1bcc,私人日常闲聊/个人对话，无商业或诈骗意图，无法归入四分类
uci_02068,Who's there say hi to our drugdealer,en,uci_sms_spam_collection_v1,ham,NEEDS_REVIEW,,9a2aa54828b2,私人日常闲聊/个人对话，无商业或诈骗意图，无法归入四分类
uci_02069,Its hard to believe things like this. All can say lie but think twice before saying anything to me.,en,uci_sms_spam_collection_v1,ham,NEEDS_REVIEW,,a564d7eecac4,私人日常闲聊/个人对话，无商业或诈骗意图，无法归入四分类
uci_02070,"Eerie Nokia tones 4u, rply TONE TITLE to 8007 eg TONE DRACULA to 8007 Titles: GHOST, ADDAMSFA, MUNSTERS, EXORCIST, TWILIGHT www.getzed.co.uk POBox36504W45WQ 150p",en,uci_sms_spam_collection_v1,spam,AD,,374ce13a1296,手机铃声下载促销，回复关键词获取特定铃声，正规娱乐内容推销
uci_02071,Sexy Singles are waiting for you! Text your AGE followed by your GENDER as wither M or F E.G.23F. For gay men text your AGE followed by a G. e.g.23G.,en,uci_sms_spam_collection_v1,spam,HARASS,,668644063d07,成人约会交友付费推广，要求发送年龄性别获取匹配，属成人内容骚扰广告
uci_02072,Good night my dear.. Sleepwell&amp;Take care,en,uci_sms_spam_collection_v1,ham,NEEDS_REVIEW,,ffe962232ffa,私人日常闲聊/个人对话，无商业或诈骗意图，无法归入四分类
uci_02073,That is wondarfull song,en,uci_sms_spam_collection_v1,ham,NEEDS_REVIEW,,c4b98b41612d,私人日常闲聊/个人对话，无商业或诈骗意图，无法归入四分类
uci_02074,"FreeMsg: Claim ur 250 SMS messages-Text OK to 84025 now!Use web2mobile 2 ur mates etc. Join Txt250.com for 1.50p/wk. T&C BOX139, LA32WU. 16 . Remove txtX or stop",en,uci_sms_spam_collection_v1,spam,AD,,9ea27d56aafe,免费短信额度促销，JOIN社区获取250条短信，正规通信服务广告
uci_02075,Yar lor actually we quite fast... Cos da ge slow wat... Haha...,en,uci_sms_spam_collection_v1,ham,NEEDS_REVIEW,,a6e11d8b8139,私人日常闲聊/个人对话，无商业或诈骗意图，无法归入四分类
uci_02076,Must come later.. I normally bathe him in da afternoon mah..,en,uci_sms_spam_collection_v1,ham,NEEDS_REVIEW,,92d1b562c13d,私人日常闲聊/个人对话，无商业或诈骗意图，无法归入四分类
uci_02077,"Trust me. Even if isn't there, its there.",en,uci_sms_spam_collection_v1,ham,NEEDS_REVIEW,,71d2d87e438b,私人日常闲聊/个人对话，无商业或诈骗意图，无法归入四分类
uci_02078,Hey hun-onbus goin 2 meet him. He wants 2go out 4a meal but I donyt feel like it cuz have 2 get last bus home!But hes sweet latelyxxx,en,uci_sms_spam_collection_v1,ham,NEEDS_REVIEW,,ae75e58416aa,私人日常闲聊/个人对话，无商业或诈骗意图，无法归入四分类
uci_02079,85233 FREE>Ringtone!Reply REAL,en,uci_sms_spam_collection_v1,spam,AD,,7bdd4ac039b6,免费彩铃促销，回复REAL获彩铃，正规娱乐内容推销
uci_02080,I can take you at like noon,en,uci_sms_spam_collection_v1,ham,NEEDS_REVIEW,,b87e51de0c4f,私人日常闲聊/个人对话，无商业或诈骗意图，无法归入四分类
uci_02081,Where is it. Is there any opening for mca.,en,uci_sms_spam_collection_v1,ham,NEEDS_REVIEW,,aec2ddb4a917,私人日常闲聊/个人对话，无商业或诈骗意图，无法归入四分类
uci_02082,I'm aight. Wat's happening on your side.,en,uci_sms_spam_collection_v1,ham,NEEDS_REVIEW,,e59097974da1,私人日常闲聊/个人对话，无商业或诈骗意图，无法归入四分类
uci_02083,I'm done oredi...,en,uci_sms_spam_collection_v1,ham,NEEDS_REVIEW,,20d028de8d58,私人日常闲聊/个人对话，无商业或诈骗意图，无法归入四分类
uci_02084,"you are sweet as well, princess. Please tell me your likes and dislikes in bed...",en,uci_sms_spam_collection_v1,ham,NEEDS_REVIEW,,c8c960db4631,私人日常闲聊/个人对话，无商业或诈骗意图，无法归入四分类
uci_02085,How are you. Wish you a great semester,en,uci_sms_spam_collection_v1,ham,NEEDS_REVIEW,,c187923a76f1,私人日常闲聊/个人对话，无商业或诈骗意图，无法归入四分类
uci_02086,Moji i love you more than words. Have a rich day,en,uci_sms_spam_collection_v1,ham,NEEDS_REVIEW,,7e5ff1d1b5e8,私人日常闲聊/个人对话，无商业或诈骗意图，无法归入四分类
uci_02087,Dude how do you like the buff wind.,en,uci_sms_spam_collection_v1,ham,NEEDS_REVIEW,,57cc1e72e5e7,私人日常闲聊/个人对话，无商业或诈骗意图，无法归入四分类
uci_02088,"""alright babe, justthought i?d sayhey! how u doin?nearly the endof me wk offdam nevamind!We will have 2Hook up sn if uwant m8? loveJen x.""",en,uci_sms_spam_collection_v1,ham,NEEDS_REVIEW,,af75c695cbaf,私人日常闲聊/个人对话，无商业或诈骗意图，无法归入四分类
uci_02089,Well done ENGLAND! Get the official poly ringtone or colour flag on yer mobile! text TONE or FLAG to 84199 NOW! Opt-out txt ENG STOP. Box39822 W111WX ¡ê1.50,en,uci_sms_spam_collection_v1,spam,AD,,ff240d392cdb,英格兰周边彩铃/国旗促销，text TONE/FLAG参与，正规商业营销
uci_02090,"No i'm not. I can't give you everything you want and need. You actually could do better for yourself on yor own--you've got more money than i do. I can't get work, i can't get a man, i can't pay the rent, i can't even fill my fucking gas tank. yes, i'm stressed and depressed. I didn't even call home for thanksgiving cuz i'll have to tell them i,m up to nothing.",en,uci_sms_spam_collection_v1,ham,NEEDS_REVIEW,,9381a9e8f059,私人日常闲聊/个人对话，无商业或诈骗意图，无法归入四分类
uci_02091,S:-)kallis wont play in first two odi:-),en,uci_sms_spam_collection_v1,ham,NEEDS_REVIEW,,1d484fe208b6,私人日常闲聊/个人对话，无商业或诈骗意图，无法归入四分类
uci_02092,Then get some cash together and I'll text jason,en,uci_sms_spam_collection_v1,ham,NEEDS_REVIEW,,8965e76ed5b0,私人日常闲聊/个人对话，无商业或诈骗意图，无法归入四分类
uci_02093,"Oh, my love, it's soooo good to hear from you. Omg I missed you so much today. I'm sorry your having problems with the provider but thank you for tming me",en,uci_sms_spam_collection_v1,ham,NEEDS_REVIEW,,b8ad1e05158c,私人日常闲聊/个人对话，无商业或诈骗意图，无法归入四分类
uci_02094,"Final Chance! Claim ur ¡ê150 worth of discount vouchers today! Text YES to 85023 now! SavaMob, member offers mobile! T Cs SavaMob POBOX84, M263UZ. ¡ê3.00 Subs 16",en,uci_sms_spam_collection_v1,spam,AD,,b251ab128a48,折扣券促销，发送YES获150镑折扣券，SavaMob会员优惠，正规商业营销广告
uci_02095,PRIVATE! Your 2004 Account Statement for 07742676969 shows 786 unredeemed Bonus Points. To claim call 08719180248 Identifier Code: 45239 Expires,en,uci_sms_spam_collection_v1,spam,FRAUD,,5b389fcf109d,假冒银行/运营商账户通知，声称有786个未领取积分需拨打客服热线，典型冒充机构诈骗
uci_02096,"Probably, want to pick up more?",en,uci_sms_spam_collection_v1,ham,NEEDS_REVIEW,,80b988ebc08a,私人日常闲聊/个人对话，无商业或诈骗意图，无法归入四分类
uci_02097,I'm done...,en,uci_sms_spam_collection_v1,ham,NEEDS_REVIEW,,cffff6bb35fe,私人日常闲聊/个人对话，无商业或诈骗意图，无法归入四分类
uci_02098,Are you the cutest girl in the world or what,en,uci_sms_spam_collection_v1,ham,NEEDS_REVIEW,,5c2a9c515441,私人日常闲聊/个人对话，无商业或诈骗意图，无法归入四分类
uci_02099,"No dice, art class 6 thru 9 :( thanks though. Any idea what time I should come tomorrow?",en,uci_sms_spam_collection_v1,ham,NEEDS_REVIEW,,86434fac6331,私人日常闲聊/个人对话，无商业或诈骗意图，无法归入四分类
uci_02100,"SMS SERVICES. for your inclusive text credits, pls goto www.comuk.net login= ***** unsubscribe with STOP. no extra charge. help:08700469649. PO BOX420. IP4 5WE",en,uci_sms_spam_collection_v1,spam,AD,,25189d45c05a,订阅服务促销，引导用户登录网站获取文本积分，属于商业广告推广
uci_02101,Oh Howda gud gud.. Mathe en samachara chikku:-),en,uci_sms_spam_collection_v1,ham,NEEDS_REVIEW,,be4c967f2443,个人闲聊，混合语言打招呼，无法归入业务类别
uci_02102,I thk 530 lor. But dunno can get tickets a not. Wat u doing now?,en,uci_sms_spam_collection_v1,ham,NEEDS_REVIEW,,2e6229e40812,个人对话，讨论购票和当前活动，属于私人聊天
uci_02103,Audrie lousy autocorrect,en,uci_sms_spam_collection_v1,ham,NEEDS_REVIEW,,730e853f0834,个人闲聊，提及自动纠错功能，属于私人对话
uci_02104,Its a site to simulate the test. It just gives you very tough questions to test your readiness.,en,uci_sms_spam_collection_v1,ham,NEEDS_REVIEW,,ba2b50126bdb,个人对话，讨论模拟测试网站，属于私人交流
uci_02105,Anyway seriously hit me up when you're back because otherwise I have to light up with armand and he always has shit and/or is vomiting,en,uci_sms_spam_collection_v1,ham,NEEDS_REVIEW,,829f94d3ad78,个人闲聊，讨论见面安排，属于私人对话
uci_02106,I fetch yun or u fetch?,en,uci_sms_spam_collection_v1,ham,NEEDS_REVIEW,,a3ae32c3dfe5,个人对话，讨论谁去接人，属于私人聊天
uci_02107,Thank you. I like you as well...,en,uci_sms_spam_collection_v1,ham,NEEDS_REVIEW,,4d98914a83b4,个人情感表达，属于私人消息
uci_02108,"Hmmm ... And imagine after you've come home from that having to rub my feet, make me dinner and help me get ready for my date ! Are you sure your ready for that kind of life ?",en,uci_sms_spam_collection_v1,ham,NEEDS_REVIEW,,08726e7c4515,个人对话，讨论回家后的生活安排，属于私人聊天
uci_02109,"FREE2DAY sexy St George's Day pic of Jordan!Txt PIC to 89080 dont miss out, then every wk a saucy celeb!4 more pics c PocketBabe.co.uk 0870241182716 ¡ê3/wk",en,uci_sms_spam_collection_v1,spam,HARASS,,866bcb0aad3c,成人内容订阅推广，每周发送性感明星图片，属于骚扰类内容
uci_02110,Lara said she can loan me  &lt;#&gt; .,en,uci_sms_spam_collection_v1,ham,NEEDS_REVIEW,,349f00992456,个人对话，提及借款，属于私人聊天
uci_02111,Do we have any spare power supplies,en,uci_sms_spam_collection_v1,ham,NEEDS_REVIEW,,fe1e125d76fb,个人/工作对话，询问电源设备，属于私人交流
uci_02112,Yar he quite clever but aft many guesses lor. He got ask me 2 bring but i thk darren not so willing 2 go. Aiya they thk leona still not attach wat.,en,uci_sms_spam_collection_v1,ham,NEEDS_REVIEW,,c1c253110584,个人闲聊，讨论他人安排，属于私人对话
uci_02113,You are a winner you have been specially selected to receive ¡ê1000 cash or a ¡ê2000 award. Speak to a live operator to claim call 087123002209am-7pm. Cost 10p,en,uci_sms_spam_collection_v1,spam,FRAUD,,df258a4bb926,虚假中奖诈骗，声称获得1000英镑现金或2000英镑奖励，要求拨打电话领取
uci_02114,"Yeah, don't go to bed, I'll be back before midnight",en,uci_sms_spam_collection_v1,ham,NEEDS_REVIEW,,82af10dbbfa2,个人对话，告知回家时间，属于私人消息
uci_02115,"Sunshine Hols. To claim ur med holiday send a stamped self address envelope to Drinks on Us UK, PO Box 113, Bray, Wicklow, Eire. Quiz Starts Saturday! Unsub Stop",en,uci_sms_spam_collection_v1,spam,FRAUD,,d20905638fd1,虚假领奖诈骗，要求寄送带邮票的信封以领取假日奖励，属于欺骗性内容
uci_02116,Well I wasn't available as I washob nobbing with last night so they had to ask Nickey Platt instead of me!;,en,uci_sms_spam_collection_v1,ham,NEEDS_REVIEW,,6d6dd168c30f,个人闲聊，解释昨晚缺席原因，属于私人对话
uci_02117,"It's that time of the week again, ryan",en,uci_sms_spam_collection_v1,ham,NEEDS_REVIEW,,f4c7dcaf93b3,个人对话，周期性问候，属于私人消息
uci_02118,Wish u many many returns of the day.. Happy birthday vikky..,en,uci_sms_spam_collection_v1,ham,NEEDS_REVIEW,,92af7b18b6b4,个人生日祝福，属于私人消息
uci_02119,"U can WIN ¡ê100 of Music Gift Vouchers every week starting NOW Txt the word DRAW to 87066 TsCs www.Idew.com SkillGame, 1Winaweek, age16. 150ppermessSubscription",en,uci_sms_spam_collection_v1,spam,AD,qa_fix_v1,9dfa9052b11f,[fix:commercial-promo-not-fraud FRAUD->AD] 虚假中奖诈骗，声称赢得100英镑音乐礼品券，要求发送短信参与
uci_02120,I hope you know I'm still mad at you.,en,uci_sms_spam_collection_v1,ham,NEEDS_REVIEW,,158fea6fdfc7,个人情感表达，属于私人消息
uci_02121,"Argh my 3g is spotty, anyway the only thing I remember from the research we did was that province and sterling were the only problem-free places we looked at",en,uci_sms_spam_collection_v1,ham,NEEDS_REVIEW,,ae5981f4d191,个人对话，讨论网络信号和研究内容，属于私人聊天
uci_02122,In xam hall boy asked girl Tell me the starting term for dis answer I can den manage on my own After lot of hesitation n lookin around silently she said THE! intha ponnungale ipaditan;),en,uci_sms_spam_collection_v1,ham,NEEDS_REVIEW,,94db97ffebdf,转发笑话/故事，属于转发内容
uci_02123,Do you know when the result.,en,uci_sms_spam_collection_v1,ham,NEEDS_REVIEW,,a2eabd7b30bd,个人对话，询问考试成绩，属于私人聊天
uci_02124,+123 Congratulations - in this week's competition draw u have won the ¡ê1450 prize to claim just call 09050002311 b4280703. T&Cs/stop SMS 08718727868. Over 18 only 150ppm,en,uci_sms_spam_collection_v1,spam,FRAUD,,ffb7b9796e09,虚假中奖诈骗，声称赢得1450英镑奖金，要求拨打电话领取
uci_02125,"Beautiful Truth against Gravity.. Read carefully: ""Our heart feels light when someone is in it.. But it feels very heavy when someone leaves it.."" GOOD NIGHT",en,uci_sms_spam_collection_v1,ham,NEEDS_REVIEW,,debf101428b8,转发励志内容，属于转发消息
uci_02126,"Sorry im getting up now, feel really bad- totally rejected that kinda me thing.",en,uci_sms_spam_collection_v1,ham,NEEDS_REVIEW,,d2b3414a727a,个人消息，表达身体不适，属于私人对话
uci_02127,You do got a shitload of diamonds though,en,uci_sms_spam_collection_v1,ham,NEEDS_REVIEW,,66a35f1b303e,个人闲聊，提及游戏道具，属于私人对话
uci_02128,Tessy..pls do me a favor. Pls convey my birthday wishes to Nimya..pls dnt forget it. Today is her birthday Shijas,en,uci_sms_spam_collection_v1,ham,NEEDS_REVIEW,,95395c1ec3d1,个人消息，请求转达生日祝福，属于私人交流
uci_02129,Well I'm going to be an aunty!,en,uci_sms_spam_collection_v1,ham,NEEDS_REVIEW,,3ff86bd67f75,个人消息，表达喜当阿姨，属于私人对话
uci_02130,Mine here like all fr china then so noisy.,en,uci_sms_spam_collection_v1,ham,NEEDS_REVIEW,,9b5c68f319d3,个人对话，描述环境噪音，属于私人聊天
uci_02131,Later i guess. I needa do mcat study too.,en,uci_sms_spam_collection_v1,ham,NEEDS_REVIEW,,5957673c23c5,个人对话，讨论MCAT学习安排，属于私人交流
uci_02132,S...from the training manual it show there is no tech process:)its all about password reset and troubleshooting:),en,uci_sms_spam_collection_v1,ham,NEEDS_REVIEW,,110ab8152bef,个人对话，讨论培训手册内容，属于私人聊天
uci_02133,Your B4U voucher w/c 27/03 is MARSMS. Log onto www.B4Utele.com for discount credit. To opt out reply stop. Customer care call 08717168528,en,uci_sms_spam_collection_v1,spam,AD,,a87912f2d986,商家促销广告，通知用户B4U优惠券已到账，引导登录获取折扣
uci_02134,"Spoke with uncle john today. He strongly feels that you need to sacrifice to keep me here. He's going to call you. When he does, i beg you to just listen. Dont make any promises or make it clear things are not easy. And i need you to please let us work things out. As long as i keep expecting help, my creativity will be stifled so pls just keep him happy, no promises on your part.",en,uci_sms_spam_collection_v1,ham,NEEDS_REVIEW,,ef8b28df2beb,个人对话，讨论家庭事务，属于私人聊天
uci_02135,If he started searching he will get job in few days.he have great potential and talent.,en,uci_sms_spam_collection_v1,ham,NEEDS_REVIEW,,3457f96ea83d,个人对话，讨论求职，属于私人交流
uci_02136,"Carlos took a while (again), we leave in a minute",en,uci_sms_spam_collection_v1,ham,NEEDS_REVIEW,,1787810e70d1,个人对话，讨论出发安排，属于私人消息
uci_02137,Well done and ! luv ya all,en,uci_sms_spam_collection_v1,ham,NEEDS_REVIEW,,92108647d17f,个人情感表达，属于私人消息
uci_02138,Then why you came to hostel.,en,uci_sms_spam_collection_v1,ham,NEEDS_REVIEW,,076ec9dba9e3,个人对话，询问来宿舍原因，属于私人聊天
uci_02139,K still are you loving me.,en,uci_sms_spam_collection_v1,ham,NEEDS_REVIEW,,ec5f638089f3,个人情感表达，属于私人消息
uci_02140,But i juz remembered i gotta bathe my dog today..,en,uci_sms_spam_collection_v1,ham,NEEDS_REVIEW,,ce196d56bc63,个人对话，提及要给狗洗澡，属于私人聊天
uci_02141,After the drug she will be able to eat.,en,uci_sms_spam_collection_v1,ham,NEEDS_REVIEW,,768fa7c48009,个人对话，讨论用药后进食，属于私人交流
uci_02142,Alright took the morphine. Back in yo.,en,uci_sms_spam_collection_v1,ham,NEEDS_REVIEW,,222db5614f96,个人消息，提及服用吗啡，属于私人对话
uci_02143,You see the requirements please,en,uci_sms_spam_collection_v1,ham,NEEDS_REVIEW,,702ac0d70344,个人对话，询问需求，属于私人交流
uci_02144,You stayin out of trouble stranger!!saw Dave the other day he?s sorted now!still with me bloke when u gona get a girl MR!ur mum still Thinks we will get 2GETHA!,en,uci_sms_spam_collection_v1,ham,NEEDS_REVIEW,,e1aa86e04684,个人闲聊，讨论朋友近况，属于私人对话
uci_02145,FreeMsg: Hey - I'm Buffy. 25 and love to satisfy men. Home alone feeling randy. Reply 2 C my PIX! QlynnBV Help08700621170150p a msg Send stop to stop txts,en,uci_sms_spam_collection_v1,spam,HARASS,,e88bc3ba9ade,成人内容骚扰，推广色情图片聊天服务，属于成人骚扰类
uci_02146,"Sunshine Hols. To claim ur med holiday send a stamped self address envelope to Drinks on Us UK, PO Box 113, Bray, Wicklow, Eire. Quiz Starts Saturday! Unsub Stop",en,uci_sms_spam_collection_v1,spam,FRAUD,,d20905638fd1,虚假领奖诈骗，要求寄送信封领取假日奖励，与uci_02115相同模板
uci_02147,So can collect ur laptop?,en,uci_sms_spam_collection_v1,ham,NEEDS_REVIEW,,068e332e323a,个人对话，询问取笔记本电脑，属于私人聊天
uci_02148,"Ok. Can be later showing around 8-8:30 if you want + cld have drink before. Wld prefer not to spend money on nosh if you don't mind, as doing that nxt wk.",en,uci_sms_spam_collection_v1,ham,NEEDS_REVIEW,,c5810dc2c46c,个人对话，讨论见面和饮品安排，属于私人交流
uci_02149,I will once i get home,en,uci_sms_spam_collection_v1,ham,NEEDS_REVIEW,,82ca04b87090,个人消息，告知回家后联系，属于私人对话
uci_02150,Waaaat?? Lololo ok next time then!,en,uci_sms_spam_collection_v1,ham,NEEDS_REVIEW,,fc1e2ab88c83,个人闲聊，表达惊讶，属于私人对话
uci_02151,"The table's occupied, I'm waiting by the tree",en,uci_sms_spam_collection_v1,ham,NEEDS_REVIEW,,e977c59effa9,个人对话，描述等待位置，属于私人消息
uci_02152,I surely dont forgot to come:)i will always be in touch in with you:-),en,uci_sms_spam_collection_v1,ham,NEEDS_REVIEW,,90dc5c25518f,个人消息，表达保持联系，属于私人对话
uci_02153,Hi kindly give us back our documents which we submitted for loan from STAPATI,en,uci_sms_spam_collection_v1,ham,NEEDS_REVIEW,,db26d7aed700,个人对话，请求归还贷款文件，属于私人交流
uci_02154,I dont have i shall buy one dear,en,uci_sms_spam_collection_v1,ham,NEEDS_REVIEW,,a2832c65b522,个人对话，讨论购买物品，属于私人聊天
uci_02155,Oh god i am happy to see your message after 3 days,en,uci_sms_spam_collection_v1,ham,NEEDS_REVIEW,,b573ad54283a,个人消息，表达收到消息的喜悦，属于私人对话
uci_02156,What year. And how many miles.,en,uci_sms_spam_collection_v1,ham,NEEDS_REVIEW,,f58dac0c870e,个人对话，询问年份和里程，属于私人聊天
uci_02157,Hey cutie. How goes it? Here in WALES its kinda ok. There is like hills and shit but i still avent killed myself.,en,uci_sms_spam_collection_v1,ham,NEEDS_REVIEW,,10ffbbd6c61f,个人闲聊，描述所在地情况，属于私人对话
uci_02158,"Sad story of a Man - Last week was my b'day. My Wife did'nt wish me. My Parents forgot n so did my Kids . I went to work. Even my Colleagues did not wish. As I entered my cabin my PA said, '' Happy B'day Boss !!''. I felt special. She askd me 4 lunch. After lunch she invited me to her apartment. We went there. She said,'' do u mind if I go into the bedroom for a minute ? '' ''OK'', I sed in a sexy mood. She came out 5 minuts latr wid a cake...n My Wife, My Parents, My Kidz, My Friends n My Colleagues. All screaming.. SURPRISE !! and I was waiting on the sofa.. ... ..... ' NAKED...!",en,uci_sms_spam_collection_v1,ham,NEEDS_REVIEW,qa_fix_v1,0de513b60c46,[fix:adult-or-secret-admirer NEEDS_REVIEW->HARASS] 转发笑话/故事，生日惊喜故事，属于转发内容 [fix:revert-ham-kisses-xxx HARASS->NEEDS_REVIEW]
uci_02159,I think you should go the honesty road. Call the bank tomorrow. Its the tough decisions that make us great people.,en,uci_sms_spam_collection_v1,ham,NEEDS_REVIEW,,bb77da6a069a,个人对话，讨论诚实和银行事务，属于私人聊天
uci_02160,FREE for 1st week! No1 Nokia tone 4 ur mob every week just txt NOKIA to 87077 Get txting and tell ur mates. zed POBox 36504 W45WQ norm150p/tone 16+,en,uci_sms_spam_collection_v1,spam,AD,,68248d71dcc0,铃声订阅广告，每周发送诺基亚铃声，属于商业促销订阅服务
uci_02161,No. Its not specialisation. Can work but its slave labor. Will look for it this month sha cos no shakara 4 beggar.,en,uci_sms_spam_collection_v1,ham,NEEDS_REVIEW,,490be5df8223,个人对话，讨论工作性质，属于私人聊天
uci_02162,Is she replying. Has boye changed his phone number,en,uci_sms_spam_collection_v1,ham,NEEDS_REVIEW,,3ab3112b549d,个人对话，询问回复和电话号码变更，属于私人交流
uci_02163,"1) Go to write msg 2) Put on Dictionary mode 3)Cover the screen with hand, 4)Press  &lt;#&gt; . 5)Gently remove Ur hand.. Its interesting..:)",en,uci_sms_spam_collection_v1,ham,NEEDS_REVIEW,,a4f8401436f5,转发技巧/玩笑，手机字典模式小技巧，属于转发内容
uci_02164,hi my darlin im on my way to London and we have just been smashed into by another driver! and have a big dent! im really missing u what have u been up to? xxx,en,uci_sms_spam_collection_v1,ham,NEEDS_REVIEW,qa_fix_v1,8c1d519f3d62,[fix:adult-or-secret-admirer NEEDS_REVIEW->HARASS] 个人消息，告知在伦敦途中发生车祸，属于私人对话 [fix:revert-ham-kisses-xxx HARASS->NEEDS_REVIEW]
uci_02165,"Nothing really, just making sure everybody's up to speed",en,uci_sms_spam_collection_v1,ham,NEEDS_REVIEW,,07c89f67be38,个人对话，确认工作进度，属于私人交流
uci_02166,I'm not coming home 4 dinner.,en,uci_sms_spam_collection_v1,ham,NEEDS_REVIEW,,eabc29b42bd5,个人消息，告知不回家吃晚饭，属于私人对话
uci_02167,"Thank you. And by the way, I just lost.",en,uci_sms_spam_collection_v1,ham,NEEDS_REVIEW,,76b3a6abd02c,个人消息，表达感谢和迷路，属于私人对话
uci_02168,Yes.he have good crickiting mind,en,uci_sms_spam_collection_v1,ham,NEEDS_REVIEW,,bc2763d1b3e7,个人对话，讨论板球头脑，属于私人聊天
uci_02169,Thx. All will be well in a few months,en,uci_sms_spam_collection_v1,ham,NEEDS_REVIEW,,8a3ead0b27a6,个人消息，表达安慰，属于私人对话
uci_02170,"Shop till u Drop, IS IT YOU, either 10K, 5K, ¡ê500 Cash or ¡ê100 Travel voucher, Call now, 09064011000. NTT PO Box CR01327BT fixedline Cost 150ppm mobile vary",en,uci_sms_spam_collection_v1,spam,FRAUD,,f885b1f42e9c,虚假中奖诈骗，声称赢得500英镑现金或100英镑旅行券，要求拨打电话
uci_02171,"""CAN I PLEASE COME UP NOW IMIN TOWN.DONTMATTER IF URGOIN OUTL8R,JUST REALLYNEED 2DOCD.PLEASE DONTPLEASE DONTIGNORE MYCALLS,U NO THECD ISV.IMPORTANT TOME 4 2MORO""",en,uci_sms_spam_collection_v1,ham,NEEDS_REVIEW,,d05a4b5d87b1,个人对话，急切要求见面听CD，属于私人交流
uci_02172,I wont. So wat's wit the guys,en,uci_sms_spam_collection_v1,ham,NEEDS_REVIEW,,154432668805,个人对话，询问朋友情况，属于私人聊天
uci_02173,Yavnt tried yet and never played original either,en,uci_sms_spam_collection_v1,ham,NEEDS_REVIEW,,962ca48f6b3e,个人对话，讨论游戏尝试，属于私人交流
uci_02174,"Hiya, had a good day? Have you spoken to since the weekend?",en,uci_sms_spam_collection_v1,ham,NEEDS_REVIEW,,bc77885cdd9a,个人对话，问候周末过得如何，属于私人聊天
uci_02175,See? I thought it all through,en,uci_sms_spam_collection_v1,ham,NEEDS_REVIEW,,f745a602707d,个人对话，表达已考虑周全，属于私人消息
uci_02176,I'm at work. Please call,en,uci_sms_spam_collection_v1,ham,NEEDS_REVIEW,,a81ed1591415,个人消息，告知在工作请打电话，属于私人对话
uci_02177,get ready to moan and scream :),en,uci_sms_spam_collection_v1,ham,NEEDS_REVIEW,,4bd63134194d,个人闲聊，暗示性玩笑，属于私人对话
uci_02178,Oh k :)why you got job then whats up?,en,uci_sms_spam_collection_v1,ham,NEEDS_REVIEW,,f7d563ca702d,个人对话，询问工作和近况，属于私人聊天
uci_02179,"I don,t think so. You don't need to be going out that late on a school night. ESPECIALLY when the one class you have is the one you missed last wednesday and probably failed a test in on friday",en,uci_sms_spam_collection_v1,ham,NEEDS_REVIEW,,3439fe047c6e,个人对话，讨论上学夜出安排，属于私人交流
uci_02180,And popping &lt;#&gt; ibuprofens was no help.,en,uci_sms_spam_collection_v1,ham,NEEDS_REVIEW,,225537cb7acd,个人对话，提及服用布洛芬，属于私人聊天
uci_02181,"Babe ! How goes that day ? What are you doing ? Where are you ? I sip my cappuccino and think of you, my love ... I send a kiss to you from across the sea",en,uci_sms_spam_collection_v1,ham,NEEDS_REVIEW,,c26de145b9cc,个人情感表达，思念爱人，属于私人消息
uci_02182,Ok.,en,uci_sms_spam_collection_v1,ham,NEEDS_REVIEW,,7a85f4764bbd,个人消息，简短回复，属于私人对话
uci_02183,PS U no ur a grown up now right?,en,uci_sms_spam_collection_v1,ham,NEEDS_REVIEW,,3f6e5e86459b,个人消息，询问是否已成年，属于私人对话
uci_02184,"Chinatown got porridge, claypot rice, yam cake, fishhead beehoon... Either we eat cheap den go cafe n tok or go nydc or somethin...",en,uci_sms_spam_collection_v1,ham,NEEDS_REVIEW,,f5e12b16c629,个人对话，讨论唐人街美食选择，属于私人聊天
uci_02185,I know a few people I can hit up and fuck to the yes,en,uci_sms_spam_collection_v1,ham,NEEDS_REVIEW,,9a2a8b87368b,个人闲聊，粗俗玩笑，属于私人对话
uci_02186,Purity of friendship between two is not about smiling after reading the forwarded message..Its about smiling just by seeing the name. Gud evng,en,uci_sms_spam_collection_v1,ham,NEEDS_REVIEW,,6c2c8d0a29db,转发友谊类内容，属于转发消息
uci_02187,So is there anything specific I should be doing with regards to jaklin or what because idk what the fuck,en,uci_sms_spam_collection_v1,ham,NEEDS_REVIEW,,e667bf8c535b,个人对话，询问如何处理某事，属于私人交流
uci_02188,Oh god. I'm gonna Google nearby cliffs now.,en,uci_sms_spam_collection_v1,ham,NEEDS_REVIEW,,ff2cd3c30627,个人闲聊，表达极端想法，属于私人对话
uci_02189,FREE camera phones with linerental from 4.49/month with 750 cross ntwk mins. 1/2 price txt bundle deals also avble. Call 08001950382 or call2optout/J MF,en,uci_sms_spam_collection_v1,spam,AD,,04285e783d78,手机租赁促销广告，提供免费相机手机和通话分钟，属于商业推广
uci_02190,Yup i shd haf ard 10 pages if i add figures... ¨¹ all got how many pages?,en,uci_sms_spam_collection_v1,ham,NEEDS_REVIEW,,32f559724bfc,个人对话，讨论论文页数，属于私人聊天
uci_02191,"Ooh, 4got, i'm gonna start belly dancing in moseley weds 6.30 if u want 2 join me, they have a cafe too.",en,uci_sms_spam_collection_v1,ham,NEEDS_REVIEW,,258181f91ab0,个人对话，邀请参加肚皮舞活动，属于私人交流
uci_02192,Thankyou so much for the call. I appreciate your care.,en,uci_sms_spam_collection_v1,ham,NEEDS_REVIEW,,172d74b8bb27,个人消息，感谢来电关心，属于私人对话
uci_02193,Congrats ! Treat pending.i am not on mail for 2 days.will mail once thru.Respect mother at home.check mails.,en,uci_sms_spam_collection_v1,ham,NEEDS_REVIEW,,cde7d578272a,个人消息，表达感谢和祝福，属于私人对话
uci_02194,I called but no one pick up e phone. I ask both of them already they said ok.,en,uci_sms_spam_collection_v1,ham,NEEDS_REVIEW,,53a7907c083e,个人对话，告知已打电话但无人接听，属于私人交流
uci_02195,Hi my email address has changed now it is,en,uci_sms_spam_collection_v1,ham,NEEDS_REVIEW,,af01e8aaa9b1,个人消息，告知邮箱地址变更，属于私人对话
uci_02196,"V-aluable. A-ffectionate. L-oveable. E-ternal. N-oble. T-ruthful. I-ntimate. N-atural. E-namous. Happy ""VALENTINES DAY"" in advance",en,uci_sms_spam_collection_v1,ham,NEEDS_REVIEW,,6d80c51f44c2,转发情人节祝福内容，属于转发消息
uci_02197,"Not much, just some textin'. How bout you?",en,uci_sms_spam_collection_v1,ham,NEEDS_REVIEW,,8eb54c332e7b,个人闲聊，询问对方在做什么，属于私人对话
uci_02198,Bring it if you got it,en,uci_sms_spam_collection_v1,ham,NEEDS_REVIEW,,dce98c6939aa,个人消息，简短回复，属于私人对话
uci_02199,I'm in a movie. Call me 4 wat?,en,uci_sms_spam_collection_v1,ham,NEEDS_REVIEW,,825bee3d22ce,个人对话，告知在看电影，属于私人聊天
uci_02200,Not sure I have the stomach for it ...,en,uci_sms_spam_collection_v1,ham,NEEDS_REVIEW,,95ba0807688c,个人消息，表达不确定，属于私人对话
uci_02201,Haha... can... But i'm having dinner with my cousin...,en,uci_sms_spam_collection_v1,ham,NEEDS_REVIEW,,3673cfcc9eaa,个人对话，告知与表亲共进晚餐，属于私人聊天
uci_02202,"A boy was late 2 home. His father: ""POWER OF FRNDSHIP""",en,uci_sms_spam_collection_v1,ham,NEEDS_REVIEW,,811114f6b749,转发笑话/故事，关于友谊的笑话，属于转发内容
uci_02203,"(And my man carlos is definitely coming by mu tonight, no excuses)",en,uci_sms_spam_collection_v1,ham,NEEDS_REVIEW,,b64e1251a151,个人消息，告知伴侣今晚来访，属于私人对话
uci_02204,soon you will have the real thing princess! Do i make you wet? :),en,uci_sms_spam_collection_v1,ham,NEEDS_REVIEW,,78b006612850,个人调情消息，属于私人对话
uci_02205,Raji..pls do me a favour. Pls convey my Birthday wishes to Nimya. Pls. Today is her birthday.,en,uci_sms_spam_collection_v1,ham,NEEDS_REVIEW,,d48dc0b93e2d,个人消息，请求转达生日祝福，属于私人交流
uci_02206,"Haha, my legs and neck are killing me and my amigos are hoping to end the night with a burn, think I could swing by in like an hour?",en,uci_sms_spam_collection_v1,ham,NEEDS_REVIEW,,07b52a45ef18,个人对话，讨论聚会安排，属于私人聊天
uci_02207,"URGENT! Your mobile No 07xxxxxxxxx won a ¡ê2,000 bonus caller prize on 02/06/03! this is the 2nd attempt to reach YOU! call 09066362231 ASAP! BOX97N7QP, 150PPM",en,uci_sms_spam_collection_v1,spam,FRAUD,,75349e389d4c,虚假中奖诈骗，声称手机号码赢得2000英镑奖金，要求立即拨打电话
uci_02208,Usually the body takes care of it buy making sure it doesnt progress. Can we pls continue this talk on saturday.,en,uci_sms_spam_collection_v1,ham,NEEDS_REVIEW,,9d3d0eb3ba45,个人对话，讨论健康状况，属于私人聊天
uci_02209,"URGENT!! Your 4* Costa Del Sol Holiday or ¡ê5000 await collection. Call 09050090044 Now toClaim. SAE, TC s, POBox334, Stockport, SK38xh, Cost¡ê1.50/pm, Max10mins",en,uci_sms_spam_collection_v1,spam,FRAUD,,ff7eb3245108,虚假领奖诈骗，声称赢得5000英镑假日奖励，要求拨打电话领取
uci_02210,"Hmm well, night night",en,uci_sms_spam_collection_v1,ham,NEEDS_REVIEW,,9cb634d488f9,个人消息，晚安问候，属于私人对话
uci_02211,Just wanted to say holy shit you guys weren't kidding about this bud,en,uci_sms_spam_collection_v1,ham,NEEDS_REVIEW,,3c8b06b58326,个人闲聊，表达惊讶，属于私人对话
uci_02212,"Just gettin a bit arty with my collages at the mo, well tryin 2 ne way! Got a roast in a min lovely i shall enjoy that!",en,uci_sms_spam_collection_v1,ham,NEEDS_REVIEW,,342c14abe49a,个人对话，讨论手工创作和晚餐，属于私人聊天
uci_02213,"This is one of the days you have a billion classes, right?",en,uci_sms_spam_collection_v1,ham,NEEDS_REVIEW,,59ce737236a7,个人对话，讨论课程安排，属于私人交流
uci_02214,"Goodmorning, today i am late for 2hrs. Because of back pain.",en,uci_sms_spam_collection_v1,ham,NEEDS_REVIEW,,cdd537c66dc1,个人消息，告知因背痛迟到，属于私人对话
uci_02215,Ok then i'll let him noe later n ask him call u tmr...,en,uci_sms_spam_collection_v1,ham,NEEDS_REVIEW,,ef8a518a9df9,个人对话，讨论稍后联系安排，属于私人聊天
uci_02216,Prabha..i'm soryda..realy..frm heart i'm sory,en,uci_sms_spam_collection_v1,ham,NEEDS_REVIEW,,99e5a0efad24,个人消息，表达歉意，属于私人对话
uci_02217,OK i'm waliking ard now... Do u wan me 2 buy anything go ur house?,en,uci_sms_spam_collection_v1,ham,NEEDS_REVIEW,,5e602f0fdf8d,个人对话，询问是否需要带东西，属于私人聊天
uci_02218,* Will have two more cartons off u and is very pleased with shelves,en,uci_sms_spam_collection_v1,ham,NEEDS_REVIEW,,0590b0eea40e,个人对话，讨论货架和纸箱，属于私人交流
uci_02219,Nice talking to you! please dont forget my pix :) i want to see all of you...,en,uci_sms_spam_collection_v1,ham,NEEDS_REVIEW,,b7471641ed48,个人消息，表达想念并请求照片，属于私人对话
uci_02220,You have WON a guaranteed ¡ê1000 cash or a ¡ê2000 prize. To claim yr prize call our customer service representative on 08714712379 between 10am-7pm Cost 10p,en,uci_sms_spam_collection_v1,spam,FRAUD,,47e18e33c678,虚假中奖诈骗，声称赢得1000英镑现金或2000英镑奖金，要求拨打电话领取
uci_02221,But really quite funny lor wat... Then u shd haf run shorter distance wat...,en,uci_sms_spam_collection_v1,ham,NEEDS_REVIEW,,a5600b300bff,个人对话，讨论跑步距离，属于私人聊天
uci_02222,I notice you like looking in the shit mirror youre turning into a right freak,en,uci_sms_spam_collection_v1,ham,NEEDS_REVIEW,,cbefc215266d,个人闲聊，粗俗玩笑，属于私人对话
uci_02223,Great. I was getting worried about you. Just know that a wonderful and caring person like you will have only the best in life. Know that u r wonderful and God's love is yours.,en,uci_sms_spam_collection_v1,ham,NEEDS_REVIEW,,5ca9cb8099c1,个人消息，表达关心和祝福，属于私人对话
uci_02224,"Thanks for your ringtone order, ref number K718. Your mobile will be charged ¡ê4.50. Should your tone not arrive please call customer services on 09065069120",en,uci_sms_spam_collection_v1,spam,AD,,131c3ced15f9,铃声订阅订单确认，通知用户铃声已订购并将扣费，属于商业订阅服务
uci_02225,"I prefer my free days... Tues, wed, fri oso can... ¨¹ ask those workin lor...",en,uci_sms_spam_collection_v1,ham,NEEDS_REVIEW,,efd6cc5877ab,个人对话，讨论空闲时间安排，属于私人聊天
uci_02226,Alrite jod hows the revision goin? Keris bin doin a smidgin. N e way u wanna cum over after college?xx,en,uci_sms_spam_collection_v1,ham,NEEDS_REVIEW,,b94d4d13dd44,个人对话，讨论复习和见面安排，属于私人交流
uci_02227,If you have belive me. Come to my home.,en,uci_sms_spam_collection_v1,ham,NEEDS_REVIEW,,434ce94e4630,个人消息，邀请来家里，属于私人对话
uci_02228,Oh k.k..where did you take test?,en,uci_sms_spam_collection_v1,ham,NEEDS_REVIEW,,7d47457e8b08,个人对话，询问考试地点，属于私人聊天
uci_02229,Those were my exact intentions,en,uci_sms_spam_collection_v1,ham,NEEDS_REVIEW,,b5588c62667e,个人消息，表达意图一致，属于私人对话
uci_02230,haha but no money leh... Later got to go for tuition... Haha and looking for empty slots for driving lessons,en,uci_sms_spam_collection_v1,ham,NEEDS_REVIEW,,376dda18e259,个人对话，讨论学费和驾驶课程，属于私人聊天
uci_02231,"Hey... Thk we juz go accordin to wat we discussed yest lor, except no kb on sun... Cos there's nt much lesson to go if we attend kb on sat...",en,uci_sms_spam_collection_v1,ham,NEEDS_REVIEW,,13dba868b3a6,个人讨论，确认昨日讨论的安排，属于私人对话
uci_02232,"K, wen ur free come to my home and also tel vikky i hav sent mail to him also.. Better come evening il be free today aftr 6pm..:-)",en,uci_sms_spam_collection_v1,ham,NEEDS_REVIEW,,6f439e8da1e7,个人对话，邀请来家里并告知已发邮件，属于私人交流
uci_02233,Nothing just getting msgs by dis name wit different no's..,en,uci_sms_spam_collection_v1,ham,NEEDS_REVIEW,,8d23a09347d9,个人对话，讨论收到不同号码的消息，属于私人聊天
uci_02234,Good Morning plz call me sir,en,uci_sms_spam_collection_v1,ham,NEEDS_REVIEW,,846f71214660,个人消息，请求回电，属于私人对话
uci_02235,What's your room number again? Wanna make sure I'm knocking on the right door,en,uci_sms_spam_collection_v1,ham,NEEDS_REVIEW,,61719b2695b1,个人对话，确认房间号，属于私人聊天
uci_02236,"""Si.como no?!listened2the plaid album-quite gd&the new air1 which is hilarious-also bought?braindance?a comp.ofstuff on aphex?s ;abel,u hav2hear it!c u sn xxxx""",en,uci_sms_spam_collection_v1,ham,NEEDS_REVIEW,,82cf4dafc3c7,个人对话，讨论音乐专辑购买，属于私人交流
uci_02237,Pls tell nelson that the bb's are no longer comin. The money i was expecting aint coming,en,uci_sms_spam_collection_v1,ham,NEEDS_REVIEW,,e032bea91fa4,个人对话，通知某事不再继续，属于私人聊天
uci_02238,"Give her something to drink, if she takes it and doesn't vomit then you her temp might drop. If she unmits however let me know.",en,uci_sms_spam_collection_v1,ham,NEEDS_REVIEW,,d9fd88c6b556,个人对话，讨论护理建议，属于私人交流
uci_02239,Think you sent the text to the home phone. That cant display texts. If you still want to send it his number is,en,uci_sms_spam_collection_v1,ham,NEEDS_REVIEW,,ecb5f21e2aa0,个人对话，讨论短信发送问题，属于私人聊天
uci_02240,Every day i use to sleep after  &lt;#&gt;  so only.,en,uci_sms_spam_collection_v1,ham,NEEDS_REVIEW,,96162eba45b5,个人对话，讨论睡眠时间，属于私人交流
uci_02241,K I'll call you when I'm close,en,uci_sms_spam_collection_v1,ham,NEEDS_REVIEW,,a241f769cfa0,个人消息，告知靠近时会打电话，属于私人对话
uci_02242,U buy newspapers already?,en,uci_sms_spam_collection_v1,ham,NEEDS_REVIEW,,bcccba825e0c,个人对话，询问是否买了报纸，属于私人聊天
uci_02243,Nope wif my sis lor... Aft bathing my dog then i can bathe... Looks like it's going 2 rain soon.,en,uci_sms_spam_collection_v1,ham,NEEDS_REVIEW,,f7526b9bc0d4,个人对话，讨论洗澡和天气，属于私人交流
uci_02244,Boo I'm on my way to my moms. She's making tortilla soup. Yummmm,en,uci_sms_spam_collection_v1,ham,NEEDS_REVIEW,,20a11c4e4785,个人消息，告知在去妈妈家路上，属于私人对话
uci_02245,No management puzzeles.,en,uci_sms_spam_collection_v1,ham,NEEDS_REVIEW,,7368b9af5616,个人消息，简短回复，属于私人对话
uci_02246,How did you find out in a way that didn't include all of these details,en,uci_sms_spam_collection_v1,ham,NEEDS_REVIEW,,54093cc107b7,个人对话，询问如何发现某事，属于私人聊天
uci_02247,"Hi ya babe x u 4goten bout me?' scammers getting smart..Though this is a regular vodafone no, if you respond you get further prem rate msg/subscription. Other nos used also. Beware!",en,uci_sms_spam_collection_v1,spam,NEEDS_REVIEW,,8a8974e7f314,转发防骗提醒，警告关于沃达丰号码诈骗，属于转发内容
uci_02248,Back 2 work 2morro half term over! Can U C me 2nite 4 some sexy passion B4 I have 2 go back? Chat NOW 09099726481 Luv DENA Calls ¡ê1/minMobsmoreLKPOBOX177HP51FL,en,uci_sms_spam_collection_v1,spam,HARASS,,e10d0b2ad260,成人内容骚扰，推广夜间性聊天服务，属于成人骚扰类
uci_02249,will you like to be spoiled? :),en,uci_sms_spam_collection_v1,ham,NEEDS_REVIEW,,a49f66cf81fc,个人调情消息，属于私人对话
uci_02250,"Thanks for your ringtone order, ref number R836. Your mobile will be charged ¡ê4.50. Should your tone not arrive please call customer services on 09065069154",en,uci_sms_spam_collection_v1,spam,AD,,f2725bd126b0,铃声订阅订单确认，通知用户铃声已订购并将扣费，与uci_02224相同模板
uci_02251,I am getting threats from your sales executive Shifad as i raised complaint against him. Its an official message.,en,uci_sms_spam_collection_v1,ham,NEEDS_REVIEW,,53b1a4c927fb,个人消息，投诉销售主管威胁，属于私人交流
uci_02252,hope things went well at 'doctors' ;) reminds me i still need 2go.did u c d little thing i left in the lounge?,en,uci_sms_spam_collection_v1,ham,NEEDS_REVIEW,,79857edf800e,个人对话，讨论看医生和遗留物品，属于私人聊天
uci_02253,Den wat will e schedule b lk on sun?,en,uci_sms_spam_collection_v1,ham,NEEDS_REVIEW,,39a9633b86ce,个人对话，讨论周日安排，属于私人交流
uci_02254,Lol enjoy role playing much?,en,uci_sms_spam_collection_v1,ham,NEEDS_REVIEW,,d3b0609bb611,个人闲聊，角色扮演玩笑，属于私人对话
uci_02255,Ok. Me watching tv too.,en,uci_sms_spam_collection_v1,ham,NEEDS_REVIEW,,a2395c520331,个人消息，告知在看电视，属于私人对话
uci_02256,"I just lov this line: ""Hurt me with the truth, I don't mind,i wil tolerat.bcs ur my someone..... But, Never comfort me with a lie"" gud ni8 and sweet dreams",en,uci_sms_spam_collection_v1,ham,NEEDS_REVIEW,,14003fc7eab5,转发情感类内容，属于转发消息
uci_02257,"Just checked out, heading out to drop off my stuff now",en,uci_sms_spam_collection_v1,ham,NEEDS_REVIEW,,1c1097d20093,个人消息，告知已退房去放东西，属于私人对话
uci_02258,Here got lots of hair dresser fr china.,en,uci_sms_spam_collection_v1,ham,NEEDS_REVIEW,,5369af4b2cc8,个人对话，讨论中国美发店，属于私人聊天
uci_02259,Sad story of a Man - Last week was my b'day. My Wife did'nt wish me. My Parents forgot n so did my Kids . I went to work. Even my Colleagues did not wish.,en,uci_sms_spam_collection_v1,ham,NEEDS_REVIEW,,0de513b60c46,转发笑话/故事，生日惊喜故事，与uci_02158相同模板
uci_02260,Ill call you evening ill some ideas.,en,uci_sms_spam_collection_v1,ham,NEEDS_REVIEW,,87e0d71d3138,个人消息，告知晚上打电话，属于私人对话
uci_02261,SplashMobile: Choose from 1000s of gr8 tones each wk! This is a subscrition service with weekly tones costing 300p. U have one credit - kick back and ENJOY,en,uci_sms_spam_collection_v1,spam,AD,,54c865b0a817,铃声订阅广告，每周提供大量铃声选择，属于商业订阅促销服务
uci_02262,Did you show him and wot did he say or could u not c him 4 dust?,en,uci_sms_spam_collection_v1,ham,NEEDS_REVIEW,,cd268b3d5a4b,个人对话，询问见面情况，属于私人聊天
uci_02263,It should take about  &lt;#&gt;  min,en,uci_sms_spam_collection_v1,ham,NEEDS_REVIEW,,f008bf0ed152,个人对话，告知所需时间，属于私人交流
uci_02264,Not heard from U4 a while. Call 4 rude chat private line 01223585334 to cum. Wan 2C pics of me gettin shagged then text PIX to 8552. 2End send STOP 8552 SAM xxx,en,uci_sms_spam_collection_v1,spam,HARASS,,c3c627cb5f69,成人聊天热线推广，提供色情图片和电话聊天服务，属于成人骚扰类
uci_02265,Ok . . now i am in bus. . If i come soon i will come otherwise tomorrow,en,uci_sms_spam_collection_v1,ham,NEEDS_REVIEW,,aa93d706ee2c,个人消息，告知在公交车上，属于私人对话
uci_02266,I cant pick the phone right now. Pls send a message,en,uci_sms_spam_collection_v1,ham,NEEDS_REVIEW,,ea4561f1db70,个人消息，告知现在不方便接电话，属于私人对话
uci_02267,<Forwarded from 88877>FREE entry into our ¡ê250 weekly comp just send the word ENTER to 88877 NOW. 18 T&C www.textcomp.com,en,uci_sms_spam_collection_v1,spam,AD,,d8abc0e2d165,转发竞赛促销，声称免费参加250英镑周赛，属于商业推广广告
uci_02268,Finish liao... U?,en,uci_sms_spam_collection_v1,ham,NEEDS_REVIEW,,73ef7151d86e,个人消息，简短回复，属于私人对话
uci_02269,88066 FROM 88066 LOST 3POUND HELP,en,uci_sms_spam_collection_v1,spam,NEEDS_REVIEW,,719c3b0d6ff8,丢失物品求助信息，含义不明确，无法确定类别
uci_02270,Haha i think i did too,en,uci_sms_spam_collection_v1,ham,NEEDS_REVIEW,,048e47d51a7e,个人闲聊，表达同感，属于私人对话
uci_02271,U know we watchin at lido?,en,uci_sms_spam_collection_v1,ham,NEEDS_REVIEW,,4cf106afc6a1,个人对话，询问是否在看电影，属于私人聊天
uci_02272,Life spend with someone for a lifetime may be meaningless but a few moments spent with someone who really love you means more than life itself..,en,uci_sms_spam_collection_v1,ham,NEEDS_REVIEW,,e3d641084983,转发励志/情感类内容，属于转发消息
uci_02273,"Haha awesome, I've been to 4u a couple times. Who all's coming?",en,uci_sms_spam_collection_v1,ham,NEEDS_REVIEW,,31de43af5ed4,个人对话，讨论聚会安排，属于私人聊天
uci_02274,Cold. Dont be sad dear,en,uci_sms_spam_collection_v1,ham,NEEDS_REVIEW,,141fb31ebc05,个人消息，安慰对方，属于私人对话
uci_02275,Think I could stop by in like an hour or so? My roommate's looking to stock up for a trip,en,uci_sms_spam_collection_v1,ham,NEEDS_REVIEW,,51c82ba65c62,个人对话，讨论顺路拜访，属于私人聊天
uci_02276,Is that on the telly? No its Brdget Jones!,en,uci_sms_spam_collection_v1,ham,NEEDS_REVIEW,,d5dceac5d8cb,个人对话，讨论电视节目，属于私人聊天
uci_02277,Love you aathi..love u lot..,en,uci_sms_spam_collection_v1,ham,NEEDS_REVIEW,,2b5eb7b6cae1,个人情感表达，属于私人消息
uci_02278,Hello! How r u? Im bored. Inever thought id get bored with the tv but I am. Tell me something exciting has happened there? Anything! =/,en,uci_sms_spam_collection_v1,ham,NEEDS_REVIEW,,439e39e0c509,个人对话，表达无聊并询问近况，属于私人聊天
uci_02279,Hmm...Bad news...Hype park plaza $700 studio taken...Only left 2 bedrm-$900...,en,uci_sms_spam_collection_v1,ham,NEEDS_REVIEW,,78162e8064f1,个人对话，讨论租房信息，属于私人交流
uci_02280,"Sorry, I'll call later in meeting",en,uci_sms_spam_collection_v1,ham,NEEDS_REVIEW,,9a99f9884fc2,个人消息，告知在开会稍后回电，属于私人对话
uci_02281,R ¨¹ comin back for dinner?,en,uci_sms_spam_collection_v1,ham,NEEDS_REVIEW,,0d06ad5718e6,个人对话，询问是否回来吃晚饭，属于私人聊天
uci_02282,"I hav almost reached. Call, i m unable to connect u.",en,uci_sms_spam_collection_v1,ham,NEEDS_REVIEW,,7889ac90a4a3,个人消息，告知已到达但无法接通，属于私人对话
uci_02283,Whom you waited for yesterday,en,uci_sms_spam_collection_v1,ham,NEEDS_REVIEW,,603b18fa8e16,个人对话，询问昨天等的人，属于私人聊天
uci_02284,I reach home safe n sound liao...,en,uci_sms_spam_collection_v1,ham,NEEDS_REVIEW,,2094d86edddb,个人消息，告知已安全到家，属于私人对话
uci_02285,"Velly good, yes please!",en,uci_sms_spam_collection_v1,ham,NEEDS_REVIEW,,8cda2be64232,个人消息，表达赞同，属于私人对话
uci_02286,"Hi, wkend ok but journey terrible. Wk not good as have huge back log of marking to do",en,uci_sms_spam_collection_v1,ham,NEEDS_REVIEW,,0d555b90853f,个人对话，讨论周末和批改进度，属于私人聊天
uci_02287,I have had two more letters from . I will copy them for you cos one has a message for you. Speak soon,en,uci_sms_spam_collection_v1,ham,NEEDS_REVIEW,,2686a1b17926,个人对话，讨论信件内容，属于私人交流
uci_02288,Alex knows a guy who sells mids but he's down in south tampa and I don't think I could set it up before like 8,en,uci_sms_spam_collection_v1,ham,NEEDS_REVIEW,,c18825f1813f,个人对话，讨论购买大麻安排，属于私人聊天
uci_02289,Dont you have message offer,en,uci_sms_spam_collection_v1,ham,NEEDS_REVIEW,,d0c10a5022ce,个人对话，询问是否有优惠消息，属于私人聊天
uci_02290,Had your mobile 11mths ? Update for FREE to Oranges latest colour camera mobiles & unlimited weekend calls. Call Mobile Upd8 on freefone 08000839402 or 2StopTx,en,uci_sms_spam_collection_v1,spam,AD,,903c7c7c013d,手机升级促销广告，提供免费彩屏手机和周末无限通话，属于商业推广
uci_02291,"HEY THERE BABE, HOW U DOIN? WOT U UP 2 2NITE LOVE ANNIE X.",en,uci_sms_spam_collection_v1,ham,NEEDS_REVIEW,,2b826e601dee,个人消息，问候并询问今晚安排，属于私人对话
uci_02292,Remind me how to get there and I shall do so,en,uci_sms_spam_collection_v1,ham,NEEDS_REVIEW,,98d23c117c98,个人对话，请求指路，属于私人交流
uci_02293,:-( that's not v romantic!,en,uci_sms_spam_collection_v1,ham,NEEDS_REVIEW,,362d8a986b4e,个人消息，表达失望，属于私人对话
uci_02294,Hello. Damn this christmas thing. I think i have decided to keep this mp3 that doesnt work.,en,uci_sms_spam_collection_v1,ham,NEEDS_REVIEW,,3bf05f0ef2e1,个人对话，讨论圣诞MP3播放器，属于私人聊天
uci_02295,You have 1 new message. Please call 08718738034.,en,uci_sms_spam_collection_v1,spam,FRAUD,,795af1f37909,诱导拨打高费率电话，声称有紧急消息等待，属于欺骗性收费陷阱
uci_02296,HI DARLIN IM MISSIN U HOPE YOU ARE HAVING A GOOD TIME. WHEN ARE U BACK AND WHAT TIME IF U CAN GIVE ME A CALL AT HOME. JESS XX,en,uci_sms_spam_collection_v1,ham,NEEDS_REVIEW,,5e8c611b83de,个人消息，表达思念并询问归期，属于私人对话
uci_02297,<Forwarded from 21870000>Hi - this is your Mailbox Messaging SMS alert. You have 4 messages. You have 21 matches. Please call back on 09056242159 to retrieve your messages and matches,en,uci_sms_spam_collection_v1,spam,AD,,0b76f723125b,语音信箱服务订阅广告，声称有4条消息和21个匹配，引导回拨高费率号码
uci_02298,Draw va?i dont think so:),en,uci_sms_spam_collection_v1,ham,NEEDS_REVIEW,,2ec5780a3862,个人对话，讨论抽奖，属于私人聊天
uci_02299,Dont pick up d call when something important is There to tell. Hrishi,en,uci_sms_spam_collection_v1,ham,NEEDS_REVIEW,,e1fb1c498ee5,个人消息，告知有重要事情要说，属于私人对话
uci_02300,"Congrats! 1 year special cinema pass for 2 is yours. call 09061209465 now! C Suprman V, Matrix3, StarWars3, etc all 4 FREE! bx420-ip4-5we. 150pm. Dont miss out!",en,uci_sms_spam_collection_v1,spam,FRAUD,,eedcb588d9de,虚假中奖诈骗，声称赢得一年电影通票，要求拨打电话领取
uci_02301,Nothin comes to my mind. ¨¹ help me buy hanger lor. Ur laptop not heavy?,en,uci_sms_spam_collection_v1,ham,NEEDS_REVIEW,,b94c4e1a1258,个人对话，讨论购买衣架和笔记本重量，属于私人聊天
uci_02302,"&lt;#&gt; , that's all? Guess that's easy enough",en,uci_sms_spam_collection_v1,ham,NEEDS_REVIEW,,9375e771711e,个人对话，简短回复，属于私人对话
uci_02303,We can make a baby in yo tho,en,uci_sms_spam_collection_v1,ham,NEEDS_REVIEW,,aff2ae13a99c,个人调情消息，属于私人对话
uci_02304,Should I tell my friend not to come round til like  &lt;#&gt; ish?,en,uci_sms_spam_collection_v1,ham,NEEDS_REVIEW,,6a08d108eb69,个人讨论，询问是否告诉朋友不要来，属于私人对话
uci_02305,Friendship poem: Dear O Dear U R Not Near But I Can Hear Dont Get Fear Live With Cheer No More Tear U R Always my Dear. Gud ni8,en,uci_sms_spam_collection_v1,ham,NEEDS_REVIEW,,c7e07bcc3cca,转发友谊诗歌，属于转发内容
uci_02306,Still in the area of the restaurant. Ill try to come back soon,en,uci_sms_spam_collection_v1,ham,NEEDS_REVIEW,,d5349fb5039d,个人消息，告知仍在餐厅附近，属于私人对话
uci_02307,"Aight that'll work, thanks",en,uci_sms_spam_collection_v1,ham,NEEDS_REVIEW,,4dc71d5507c6,个人消息，表达同意，属于私人对话
uci_02308,WIN a year supply of CDs 4 a store of ur choice worth ¡ê500 & enter our ¡ê100 Weekly draw txt MUSIC to 87066 Ts&Cs www.Ldew.com.subs16+1win150ppmx3,en,uci_sms_spam_collection_v1,spam,FRAUD,,44fc37118479,虚假中奖诈骗，声称赢得500英镑CD礼品券和100英镑周抽奖，要求发送短信参与
uci_02309,Moby Pub Quiz.Win a ¡ê100 High Street prize if u know who the new Duchess of Cornwall will be? Txt her first name to 82277.unsub STOP ¡ê1.50 008704050406 SP Arrow,en,uci_sms_spam_collection_v1,spam,AD,,52f344271fc3,有奖竞猜广告，竞猜康沃尔新公爵夫人名字赢取100英镑，属于商业促销
uci_02310,"I have 2 sleeping bags, 1 blanket and paper and  phone details. Anything else?",en,uci_sms_spam_collection_v1,ham,NEEDS_REVIEW,,1b2692256f80,个人对话，讨论睡袋和毯子，属于私人聊天
uci_02311,You have won a Nokia 7250i. This is what you get when you win our FREE auction. To take part send Nokia to 86021 now. HG/Suite342/2Lands Row/W1JHL 16+,en,uci_sms_spam_collection_v1,spam,FRAUD,,f39f9e2ca541,虚假中奖诈骗，声称赢得诺基亚7250i手机，要求发送短信参与免费拍卖
uci_02312,"Congratulations! Thanks to a good friend U have WON the ¡ê2,000 Xmas prize. 2 claim is easy, just call 08718726971 NOW! Only 10p per minute. BT-national-rate.",en,uci_sms_spam_collection_v1,spam,FRAUD,,8f01047fdfe2,虚假中奖诈骗，声称赢得2000英镑圣诞奖金，要求拨打电话领取
uci_02313,"tddnewsletter@emc1.co.uk (More games from TheDailyDraw) Dear Helen, Dozens of Free Games - with great prizesWith..",en,uci_sms_spam_collection_v1,spam,AD,,ff8cb6c7629d,游戏促销广告，推广每日抽奖免费游戏，属于商业推广
uci_02314,So what do you guys do.,en,uci_sms_spam_collection_v1,ham,NEEDS_REVIEW,,55e8cdf57f23,个人对话，询问朋友在做什么，属于私人聊天
uci_02315,Also that chat was awesome but don't make it regular unless you can see her in person,en,uci_sms_spam_collection_v1,ham,NEEDS_REVIEW,,879307e05ff1,个人对话，讨论聊天频率，属于私人交流
uci_02316,That's significant but dont worry.,en,uci_sms_spam_collection_v1,ham,NEEDS_REVIEW,,bf5494614bea,个人消息，表达安慰，属于私人对话
uci_02317,That's cause your old. I live to be high.,en,uci_sms_spam_collection_v1,ham,NEEDS_REVIEW,,7abf85123c35,个人闲聊，玩笑话，属于私人对话
uci_02318,"Waqt se pehle or naseeb se zyada kisi ko kuch nahi milta,Zindgi wo nahi he jo hum sochte hai Zindgi wo hai jo ham jeetey hai..........",en,uci_sms_spam_collection_v1,ham,NEEDS_REVIEW,,b67b2ec53b16,转发乌尔都语/印地语励志内容，属于转发消息
uci_02319,On the way to office da..,en,uci_sms_spam_collection_v1,ham,NEEDS_REVIEW,,9b21e371bf15,个人消息，告知在去办公室路上，属于私人对话
uci_02320,In which place do you want da.,en,uci_sms_spam_collection_v1,ham,NEEDS_REVIEW,,3767e3948d5f,个人对话，询问地点，属于私人聊天
uci_02321,This pain couldn't have come at a worse time.,en,uci_sms_spam_collection_v1,ham,NEEDS_REVIEW,,6eeb1f11aa28,个人消息，表达疼痛不适，属于私人对话
uci_02322,Ok...,en,uci_sms_spam_collection_v1,ham,NEEDS_REVIEW,,7a85f4764bbd,个人消息，简短回复，属于私人对话
uci_02323,Should I be stalking u?,en,uci_sms_spam_collection_v1,ham,NEEDS_REVIEW,,715cbc0fc81c,个人闲聊，玩笑话，属于私人对话
uci_02324,Sorry dude. Dont know how i forgot. Even after Dan reminded me. Sorry. Hope you guys had fun.,en,uci_sms_spam_collection_v1,ham,NEEDS_REVIEW,,60e7e9a584ce,个人消息，表达歉意，属于私人对话
uci_02325,Ok lor.,en,uci_sms_spam_collection_v1,ham,NEEDS_REVIEW,,0df9b6706102,个人消息，简短回复，属于私人对话
uci_02326,Apps class varaya elaya.,en,uci_sms_spam_collection_v1,ham,NEEDS_REVIEW,,225cad33183d,个人对话，泰米尔语消息，属于私人聊天
uci_02327,The Xmas story is peace.. The Xmas msg is love.. The Xmas miracle is jesus.. Hav a blessed month ahead &amp; wish U Merry Xmas...,en,uci_sms_spam_collection_v1,ham,NEEDS_REVIEW,,b69e6831a29a,转发圣诞祝福内容，属于转发消息
uci_02328,"URGENT! Your mobile number *************** WON a ¡ê2000 Bonus Caller prize on 10/06/03! This is the 2nd attempt to reach you! Call 09066368753 ASAP! Box 97N7QP, 150ppm",en,uci_sms_spam_collection_v1,spam,FRAUD,,ce9c647580a2,虚假中奖诈骗，声称手机号码赢得2000英镑奖金，要求立即拨打电话
uci_02329,That day you asked about anand number. Why:-),en,uci_sms_spam_collection_v1,ham,NEEDS_REVIEW,,ec3fd1ea8547,个人对话，询问电话号码原因，属于私人聊天
uci_02330,Am surfing online store. For offers do you want to buy any thing.,en,uci_sms_spam_collection_v1,ham,NEEDS_REVIEW,,ba1baa264985,个人对话，讨论网购优惠，属于私人聊天
uci_02331,Long beach lor. Expected... U having dinner now?,en,uci_sms_spam_collection_v1,ham,NEEDS_REVIEW,,e92f171a35c1,个人对话，讨论晚餐安排，属于私人聊天
uci_02332,At home by the way,en,uci_sms_spam_collection_v1,ham,NEEDS_REVIEW,,2398f55735c3,个人消息，告知在家，属于私人对话
uci_02333,We are both fine. Thanks,en,uci_sms_spam_collection_v1,ham,NEEDS_REVIEW,,09b1c30ba9f2,个人消息，表达感谢，属于私人对话
uci_02334,What happen to her tell the truth,en,uci_sms_spam_collection_v1,ham,NEEDS_REVIEW,,5a94386e46e9,个人对话，询问真相，属于私人聊天
uci_02335,Do you like Italian food?,en,uci_sms_spam_collection_v1,ham,NEEDS_REVIEW,,4d8d109bba2e,个人对话，询问是否喜欢意大利菜，属于私人聊天
uci_02336,Which is weird because I know I had it at one point,en,uci_sms_spam_collection_v1,ham,NEEDS_REVIEW,,1da52e1a5b50,个人对话，讨论记忆问题，属于私人聊天
uci_02337,"""Aww you must be nearly dead!Well Jez isComing over toDo some workAnd that whillTake forever!""",en,uci_sms_spam_collection_v1,ham,NEEDS_REVIEW,,a49a4de77f3f,个人对话，讨论工作安排，属于私人聊天
uci_02338,Tell your friends what you plan to do on Valentines day @ &lt;URL&gt;,en,uci_sms_spam_collection_v1,ham,NEEDS_REVIEW,,73b9c0656bb2,个人消息，告知情人节计划，属于私人对话
uci_02339,"Alright, see you in a bit",en,uci_sms_spam_collection_v1,ham,NEEDS_REVIEW,,c696834cdd7c,个人消息，表达再见，属于私人对话
uci_02340,Cheers for the message Zogtorius. I?ve been staring at my phone for an age deciding whether to text or not.,en,uci_sms_spam_collection_v1,ham,NEEDS_REVIEW,,f9ee3c343f0b,个人消息，感谢消息并讨论是否回短信，属于私人对话
uci_02341,I will take care of financial problem.i will help:),en,uci_sms_spam_collection_v1,ham,NEEDS_REVIEW,,e1144c354928,个人消息，承诺帮助解决财务问题，属于私人对话
uci_02342,Tell dear what happen to you. Why you talking to me like an alian,en,uci_sms_spam_collection_v1,ham,NEEDS_REVIEW,,1b23ba22c71b,个人消息，询问为何像外星人一样说话，属于私人对话
uci_02343,Double your mins & txts on Orange or 1/2 price linerental - Motorola and SonyEricsson with B/Tooth FREE-Nokia FREE Call MobileUpd8 on 08000839402 or2optout/HV9D,en,uci_sms_spam_collection_v1,spam,AD,,893edf51eef5,手机套餐促销广告，提供双倍通话时间和半价手机租赁，属于商业推广
uci_02344,"1) Go to write msg 2) Put on Dictionary mode 3)Cover the screen with hand, 4)Press  &lt;#&gt; . 5)Gently remove Ur hand.. Its interesting..:)",en,uci_sms_spam_collection_v1,ham,NEEDS_REVIEW,,a4f8401436f5,转发技巧/玩笑，手机字典模式小技巧，与uci_02163相同模板
uci_02345,Okie...,en,uci_sms_spam_collection_v1,ham,NEEDS_REVIEW,,a6e73a86ca9d,个人消息，简短回复，属于私人对话
uci_02346,"Hi this is yijue, can i meet u at 11 tmr?",en,uci_sms_spam_collection_v1,ham,NEEDS_REVIEW,,d6d1d8cf0107,个人消息，询问明天11点见面，属于私人对话
uci_02347,Its posible dnt live in  &lt;#&gt; century cm frwd n thnk different,en,uci_sms_spam_collection_v1,ham,NEEDS_REVIEW,,45c70d485240,个人对话，讨论转发消息和不同观点，属于私人聊天
uci_02348,But i dint slept in afternoon.,en,uci_sms_spam_collection_v1,ham,NEEDS_REVIEW,,95c41c298678,个人消息，告知下午没睡觉，属于私人对话
uci_02349,That seems unnecessarily affectionate,en,uci_sms_spam_collection_v1,ham,NEEDS_REVIEW,,e407c41fba1f,个人消息，表达觉得过于亲密，属于私人对话
uci_02350,Yar else i'll thk of all sorts of funny things.,en,uci_sms_spam_collection_v1,ham,NEEDS_REVIEW,,26e7b0a71b95,个人对话，讨论有趣的事情，属于私人聊天
uci_02351,You will be in the place of that man,en,uci_sms_spam_collection_v1,ham,NEEDS_REVIEW,,3778dd2ba51e,个人消息，含义模糊，属于私人对话
uci_02352,"Download as many ringtones as u like no restrictions, 1000s 2 choose. U can even send 2 yr buddys. Txt Sir to 80082 ¡ê3",en,uci_sms_spam_collection_v1,spam,AD,,272dd493571c,铃声下载广告，提供无限量铃声下载并鼓励发送给朋友，属于商业促销
uci_02353,Thats cool. How was your day?,en,uci_sms_spam_collection_v1,ham,NEEDS_REVIEW,,1201ff541f4d,个人对话，问候今天过得如何，属于私人聊天
uci_02354,Please CALL 08712402902 immediately as there is an urgent message waiting for you.,en,uci_sms_spam_collection_v1,spam,FRAUD,,c78fd2ac96fb,诱导拨打高费率电话，声称有紧急消息等待，属于欺骗性收费陷阱
uci_02355,R we going with the  &lt;#&gt;  bus?,en,uci_sms_spam_collection_v1,ham,NEEDS_REVIEW,,6dfebabce5ae,个人对话，询问坐哪路公交，属于私人聊天
uci_02356,"Hello, my love ! How went your day ? Are you alright ? I think of you, my sweet and send a jolt to your heart to remind you ... I LOVE YOU! Can you hear it ? I screamed it across the sea for all the world to hear. Ahmad al Hallaq is loved ! and owned ! *possessive passionate kiss*",en,uci_sms_spam_collection_v1,ham,NEEDS_REVIEW,,462f1c26f516,个人情感表达，写给爱人的情书，属于私人消息
uci_02357,No..he joined today itself.,en,uci_sms_spam_collection_v1,ham,NEEDS_REVIEW,,abf10e5843ac,个人对话，告知今天刚入职，属于私人聊天
uci_02358,Okay same with me. Well thanks for the clarification,en,uci_sms_spam_collection_v1,ham,NEEDS_REVIEW,,bb9eec487ab0,个人消息，表达感谢澄清，属于私人对话
uci_02359,I'll talk to the others and probably just come early tomorrow then,en,uci_sms_spam_collection_v1,ham,NEEDS_REVIEW,,be0d5ed22fd2,个人消息，讨论明天早到安排，属于私人对话
uci_02360,"Spook up your mob with a Halloween collection of a logo & pic message plus a free eerie tone, txt CARD SPOOK to 8007 zed 08701417012150p per logo/pic",en,uci_sms_spam_collection_v1,spam,AD,,bcd6cc37ffac,万圣节主题订阅广告，提供万圣节主题Logo和图片消息，属于商业促销
uci_02361,"Had the money issue weigh me down but thanks to you, I can breathe easier now. I.ll make sure you dont regret it. Thanks.",en,uci_sms_spam_collection_v1,ham,NEEDS_REVIEW,,716e82f46c03,个人消息，表达感谢帮助解决财务问题，属于私人对话
uci_02362,Hi. I'm sorry i missed your call. Can you pls call back.,en,uci_sms_spam_collection_v1,ham,NEEDS_REVIEW,,24040d83afc9,个人消息，为未接电话道歉并请求回电，属于私人对话
uci_02363,How are you doing? Hope you've settled in for the new school year. Just wishin you a gr8 day,en,uci_sms_spam_collection_v1,ham,NEEDS_REVIEW,,4e500d5001dd,个人消息，问候新学年是否适应，属于私人对话
uci_02364,"Fantasy Football is back on your TV. Go to Sky Gamestar on Sky Active and play ¡ê250k Dream Team. Scoring starts on Saturday, so register now!SKY OPT OUT to 88088",en,uci_sms_spam_collection_v1,spam,AD,,87419287a4d0,梦幻足球游戏促销，推广Sky Gamestar游戏赢取25万英镑，属于商业推广
uci_02365,Ok then no need to tell me anything i am going to sleep good night,en,uci_sms_spam_collection_v1,ham,NEEDS_REVIEW,,9987a006231c,个人消息，告知要去睡觉，属于私人对话
uci_02366,Ok try to do week end course in coimbatore.,en,uci_sms_spam_collection_v1,ham,NEEDS_REVIEW,,5180bf7663d7,个人对话，讨论周末课程安排，属于私人聊天
uci_02367,Tone Club: Your subs has now expired 2 re-sub reply MONOC 4 monos or POLYC 4 polys 1 weekly @ 150p per week Txt STOP 2 stop This msg free Stream 0871212025016,en,uci_sms_spam_collection_v1,spam,AD,,648c4f41fcf0,铃声订阅续费通知，告知订阅已过期需重新订阅，属于商业促销
uci_02368,V nice! Off 2 sheffield tom 2 air my opinions on categories 2 b used 2 measure ethnicity in next census. Busy transcribing. :-),en,uci_sms_spam_collection_v1,ham,NEEDS_REVIEW,,421010b8e450,个人对话，讨论谢菲尔德行程和种族分类，属于私人聊天
uci_02369,If you r @ home then come down within 5 min,en,uci_sms_spam_collection_v1,ham,NEEDS_REVIEW,,8430b0fb0bf7,个人消息，告知如果在家请5分钟内下来，属于私人对话
uci_02370,"A Boy loved a gal. He propsd bt she didnt mind. He gv lv lttrs, Bt her frnds threw thm. Again d boy decided 2 aproach d gal , dt time a truck was speeding towards d gal. Wn it was about 2 hit d girl,d boy ran like hell n saved her. She asked 'hw cn u run so fast?' D boy replied ""Boost is d secret of my energy"" n instantly d girl shouted ""our energy"" n Thy lived happily 2gthr drinking boost evrydy Moral of d story:- I hv free msgs:D;): gud ni8",en,uci_sms_spam_collection_v1,ham,NEEDS_REVIEW,,befe8df454c1,转发笑话/故事，关于Boost饮料的笑话，属于转发内容
uci_02371,"That day ¨¹ say ¨¹ cut ur hair at paragon, is it called hair sense? Do ¨¹ noe how much is a hair cut?",en,uci_sms_spam_collection_v1,ham,NEEDS_REVIEW,,47a91fff467e,个人对话，讨论理发价格和店名，属于私人聊天
uci_02372,"Hmm, too many of them unfortunately... Pics obviously arent hot cakes. Its kinda fun tho",en,uci_sms_spam_collection_v1,ham,NEEDS_REVIEW,,820a3789d926,个人对话，讨论照片数量，属于私人聊天
uci_02373,Watching tv lor... Y she so funny we bluff her 4 wat. Izzit because she thk it's impossible between us?,en,uci_sms_spam_collection_v1,ham,NEEDS_REVIEW,,2d1b3e3fac02,个人对话，讨论电视节目和关系，属于私人聊天
uci_02374,XMAS Prize draws! We are trying to contact U. Todays draw shows that you have won a ¡ê2000 prize GUARANTEED. Call 09058094565 from land line. Valid 12hrs only,en,uci_sms_spam_collection_v1,spam,FRAUD,,8ddbfdc783f7,虚假中奖诈骗，声称赢得2000英镑圣诞奖金，要求从座机拨打电话领取
uci_02375,Dunno lei he neva say...,en,uci_sms_spam_collection_v1,ham,NEEDS_REVIEW,,7e4789d9a358,个人对话，讨论某人没说的事，属于私人聊天
uci_02376,Thanx 4 2day! U r a goodmate I THINK UR RITE SARY! ASUSUAL!1 U CHEERED ME UP! LOVE U FRANYxxxxx,en,uci_sms_spam_collection_v1,ham,NEEDS_REVIEW,,d9c02063a282,个人消息，表达感谢和鼓励，属于私人对话
uci_02377,I'm on my way home. Went to change batt 4 my watch then go shop a bit lor.,en,uci_sms_spam_collection_v1,ham,NEEDS_REVIEW,,6161bb19effb,个人消息，告知在回家路上，属于私人对话
uci_02378,YES! The only place in town to meet exciting adult singles is now in the UK. Txt CHAT to 86688 now! 150p/Msg.,en,uci_sms_spam_collection_v1,spam,HARASS,,e37f0332531f,成人交友骚扰，推广发送CHAT到热线认识单身成年人，属于成人约会骚扰
uci_02379,"Hi, Mobile no.  &lt;#&gt;  has added you in their contact list on www.fullonsms.com It s a great place to send free sms to people For more visit fullonsms.com",en,uci_sms_spam_collection_v1,ham,AD,,19c111ee9925,免费短信服务推广，告知用户已被添加到联系人列表，属于商业推广
uci_02380,"Good evening Sir, hope you are having a nice day. I wanted to bring it to your notice that I have been late in paying rent for the past few months and have had to pay a $ &lt;#&gt;  charge. I felt it would be inconsiderate of me to nag about something you give at great cost to yourself and that's why i didnt speak up. I however am in a recession and wont be able to pay the charge this month hence my askin well ahead of month's end. Can you please help. Thank you for everything.",en,uci_sms_spam_collection_v1,ham,NEEDS_REVIEW,,ca96a98bb9f1,个人消息，解释迟交房租原因并请求帮助，属于私人对话
uci_02381,"If i let you do this, i want you in the house by 8am.",en,uci_sms_spam_collection_v1,ham,NEEDS_REVIEW,,a42971f154fa,个人消息，要求8点前到家，属于私人对话
uci_02382,"Best line said in Love: . ""I will wait till the day I can forget u Or The day u realize that u cannot forget me.""... Gn",en,uci_sms_spam_collection_v1,ham,NEEDS_REVIEW,,3110dc73ea4f,转发情感类内容，属于转发消息
uci_02383,I will reach before ten morning,en,uci_sms_spam_collection_v1,ham,NEEDS_REVIEW,,5243a637139a,个人消息，告知明天10点前到达，属于私人对话
uci_02384,Your pussy is perfect!,en,uci_sms_spam_collection_v1,ham,NEEDS_REVIEW,,7d391afddba4,个人调情消息，属于私人对话
uci_02385,"Sorry, I'll call later",en,uci_sms_spam_collection_v1,ham,NEEDS_REVIEW,,d5081f7715ce,个人消息，告知稍后回电，属于私人对话
uci_02386,"Someone has contacted our dating service and entered your phone becausethey fancy you! To find out who it is call from a landline 09058098002. PoBox1, W14RG 150p",en,uci_sms_spam_collection_v1,spam,AD,,2a3988af97e1,交友服务推广，声称有人通过约会服务喜欢用户，引导拨打电话查询
uci_02387,No message..no responce..what happend?,en,uci_sms_spam_collection_v1,ham,NEEDS_REVIEW,,382e17d730b6,个人对话，询问为何没有回复，属于私人聊天
uci_02388,Also where's the piece,en,uci_sms_spam_collection_v1,ham,NEEDS_REVIEW,,aee5c33879a6,个人对话，询问物品位置，属于私人聊天
uci_02389,"wiskey Brandy Rum Gin Beer Vodka Scotch Shampain Wine ""KUDI""yarasu dhina vaazhthukkal. ..",en,uci_sms_spam_collection_v1,ham,NEEDS_REVIEW,,fc5fa4efc6c0,转发笑话/内容，关于酒名的文字游戏，属于转发内容
uci_02390,Boo. How's things? I'm back at home and a little bored already :-(,en,uci_sms_spam_collection_v1,ham,NEEDS_REVIEW,,23cef97446e9,个人对话，表达无聊，属于私人聊天
uci_02391,First has she gained more than  &lt;#&gt; kg since she took in. Second has she done the blood sugar tests. If she has and its ok and her blood pressure is within normal limits then no worries,en,uci_sms_spam_collection_v1,ham,NEEDS_REVIEW,,7ce649eeafd0,个人对话，讨论健康检查结果，属于私人交流
uci_02392,PICK UR FONE UP NOW U DUMB?,en,uci_sms_spam_collection_v1,ham,NEEDS_REVIEW,,7b26b1c5ae41,个人消息，粗鲁地要求接电话，属于私人对话
uci_02393,"Thanks da thangam, i feel very very happy dear. I also miss you da.",en,uci_sms_spam_collection_v1,ham,NEEDS_REVIEW,,bde27cf1b72e,个人消息，表达感谢和思念，属于私人对话
uci_02394,"Okey doke. I'm at home, but not dressed cos laying around ill! Speak to you later bout times and stuff.",en,uci_sms_spam_collection_v1,ham,NEEDS_REVIEW,,d17de0414a58,个人对话，告知在家但没穿衣服，属于私人聊天
uci_02395,I don't run away frm u... I walk slowly &amp; it kills me that u don't care enough to stop me...,en,uci_sms_spam_collection_v1,ham,NEEDS_REVIEW,,452d710cf3dc,个人情感表达，属于私人消息
uci_02396,"Babe, I'm back ... Come back to me ...",en,uci_sms_spam_collection_v1,ham,NEEDS_REVIEW,,f64df812e618,个人消息，表达回来和思念，属于私人对话
uci_02397,Well you told others you'd marry them...,en,uci_sms_spam_collection_v1,ham,NEEDS_REVIEW,,771e434e89f8,个人对话，讨论婚姻承诺，属于私人聊天
uci_02398,Neshanth..tel me who r u?,en,uci_sms_spam_collection_v1,ham,NEEDS_REVIEW,,c5cbe2658884,个人消息，询问对方是谁，属于私人对话
uci_02399,YO YO YO BYATCH WHASSUP?,en,uci_sms_spam_collection_v1,ham,NEEDS_REVIEW,,3068e82d6c30,个人消息，打招呼，属于私人对话
uci_02400,Oh... Kay... On sat right?,en,uci_sms_spam_collection_v1,ham,NEEDS_REVIEW,,0cb1096578cc,私人日常闲聊/生活对话/朋友间沟通，不属于事务/广告/诈骗/骚扰四类
uci_02401,Hi! This is Roger from CL. How are you?,en,uci_sms_spam_collection_v1,ham,NEEDS_REVIEW,,778a76c65a23,私人日常闲聊/生活对话/朋友间沟通，不属于事务/广告/诈骗/骚扰四类
uci_02402,Babe: U want me dont u baby! Im nasty and have a thing 4 filthyguys. Fancy a rude time with a sexy bitch. How about we go slo n hard! Txt XXX SLO(4msgs),en,uci_sms_spam_collection_v1,spam,HARASS,qa_fix_v1,cd8511d877c1,[fix:adult-or-secret-admirer AD->HARASS] 提供色情交友服务推广并要求付费订阅成人内容，属于成人广告类营销
uci_02403,Oh oh... Wasted... Den muz chiong on sat n sun liao...,en,uci_sms_spam_collection_v1,ham,NEEDS_REVIEW,,f184a822e05d,私人日常闲聊/生活对话/朋友间沟通，不属于事务/广告/诈骗/骚扰四类
uci_02404,Jesus christ bitch I'm trying to give you drugs answer your fucking phone,en,uci_sms_spam_collection_v1,ham,NEEDS_REVIEW,,dfcfb81dae09,私人日常闲聊/生活对话/朋友间沟通，不属于事务/广告/诈骗/骚扰四类
uci_02405,Please give it 2  or i will pick it up on Tuesday evening about 8 if that is ok.,en,uci_sms_spam_collection_v1,ham,NEEDS_REVIEW,,afe6e6a631dc,私人日常闲聊/生活对话/朋友间沟通，不属于事务/广告/诈骗/骚扰四类
uci_02406,I'm meeting Darren...,en,uci_sms_spam_collection_v1,ham,NEEDS_REVIEW,,41d62a6a831a,私人日常闲聊/生活对话/朋友间沟通，不属于事务/广告/诈骗/骚扰四类
uci_02407,"One of best dialogue in cute reltnship..!! ""Wen i Die, Dont Come Near My Body..!! Bcoz My Hands May Not Come 2 Wipe Ur Tears Off That Time..!Gud ni8",en,uci_sms_spam_collection_v1,ham,NEEDS_REVIEW,,5d80e6415da3,私人日常闲聊/生活对话/朋友间沟通，不属于事务/广告/诈骗/骚扰四类
uci_02408,"Solve d Case : A Man Was Found Murdered On  &lt;DECIMAL&gt; . &lt;#&gt;  AfterNoon. 1,His wife called Police. 2,Police questioned everyone. 3,Wife: Sir,I was sleeping, when the murder took place. 4.Cook: I was cooking. 5.Gardener: I was picking vegetables. 6.House-Maid: I went 2 d post office. 7.Children: We went 2 play. 8.Neighbour: We went 2 a marriage. Police arrested d murderer Immediately. Who's It? Reply With Reason, If U r Brilliant.",en,uci_sms_spam_collection_v1,ham,NEEDS_REVIEW,,c73433d1aba6,侦探推理谜题转发消息，属于娱乐类转发内容，不属前四类
uci_02409,Dear where you will be when i reach there,en,uci_sms_spam_collection_v1,ham,NEEDS_REVIEW,,839840fa8a6e,私人日常闲聊/生活对话/朋友间沟通，不属于事务/广告/诈骗/骚扰四类
uci_02410,Aww that's the first time u said u missed me without asking if I missed u first. You DO love me! :),en,uci_sms_spam_collection_v1,ham,NEEDS_REVIEW,,3215d70dd41b,私人日常闲聊/生活对话/朋友间沟通，不属于事务/广告/诈骗/骚扰四类
uci_02411,Ok... Thanx... Gd nite 2 ¨¹ too...,en,uci_sms_spam_collection_v1,ham,NEEDS_REVIEW,,6ea1f64c3ceb,私人日常闲聊/生活对话/朋友间沟通，不属于事务/广告/诈骗/骚扰四类
uci_02412,"Come to me right now, Ahmad",en,uci_sms_spam_collection_v1,ham,NEEDS_REVIEW,,349bfe0528fa,私人日常闲聊/生活对话/朋友间沟通，不属于事务/广告/诈骗/骚扰四类
uci_02413,I don't know u and u don't know me. Send CHAT to 86688 now and let's find each other! Only 150p/Msg rcvd. HG/Suite342/2Lands/Row/W1J6HL LDN. 18 years or over.,en,uci_sms_spam_collection_v1,spam,AD,,da95ecf26aa2,发送CHAT到86688收费聊天交友平台推广，属于付费聊天服务广告
uci_02414,Lol please do. Actually send a pic of yourself right now. I wanna see. Pose with a comb and hair dryer or something.,en,uci_sms_spam_collection_v1,ham,NEEDS_REVIEW,,de4af2555e00,私人日常闲聊/生活对话/朋友间沟通，不属于事务/广告/诈骗/骚扰四类
uci_02415,O was not into fps then.,en,uci_sms_spam_collection_v1,ham,NEEDS_REVIEW,,20f5c04bf874,私人日常闲聊/生活对话/朋友间沟通，不属于事务/广告/诈骗/骚扰四类
uci_02416,Huh means computational science... Y they like dat one push here n there...,en,uci_sms_spam_collection_v1,ham,NEEDS_REVIEW,,8a6f5bc14cbd,私人日常闲聊/生活对话/朋友间沟通，不属于事务/广告/诈骗/骚扰四类
uci_02417,"Could you not read me, my Love ? I answered you",en,uci_sms_spam_collection_v1,ham,NEEDS_REVIEW,,5c269ccde6a7,私人日常闲聊/生活对话/朋友间沟通，不属于事务/广告/诈骗/骚扰四类
uci_02418,Oh... Lk tt den we take e one tt ends at cine lor... Dun wan yogasana oso can...,en,uci_sms_spam_collection_v1,ham,NEEDS_REVIEW,,19c4f9ec42ab,私人日常闲聊/生活对话/朋友间沟通，不属于事务/广告/诈骗/骚扰四类
uci_02419,"Madam,regret disturbance.might receive a reference check from DLF Premarica.kindly be informed.Rgds,Rakhesh,Kerala.",en,uci_sms_spam_collection_v1,ham,NEEDS_REVIEW,,624bd5783b61,私人日常闲聊/生活对话/朋友间沟通，不属于事务/广告/诈骗/骚扰四类
uci_02420,SMS SERVICES For your inclusive text credits pls gotto www.comuk.net login 3qxj9 unsubscribe with STOP no extra charge help 08702840625 comuk.220cm2 9AE,en,uci_sms_spam_collection_v1,spam,AD,,f0239f056c7b,短信服务费积分推广包含退订说明和登录网址，属于付费订阅服务广告
uci_02421,Oic... Then better quickly go bathe n settle down...,en,uci_sms_spam_collection_v1,ham,NEEDS_REVIEW,,e22e5dc32e80,私人日常闲聊/生活对话/朋友间沟通，不属于事务/广告/诈骗/骚扰四类
uci_02422,Err... Cud do. I'm going to  at 8pm. I haven't got a way to contact him until then.,en,uci_sms_spam_collection_v1,ham,NEEDS_REVIEW,,b888ec6ea08e,私人日常闲聊/生活对话/朋友间沟通，不属于事务/广告/诈骗/骚扰四类
uci_02423,A bloo bloo bloo I'll miss the first bowl,en,uci_sms_spam_collection_v1,ham,NEEDS_REVIEW,,dccd10ed6551,私人日常闲聊/生活对话/朋友间沟通，不属于事务/广告/诈骗/骚扰四类
uci_02424,Lmao but its so fun...,en,uci_sms_spam_collection_v1,ham,NEEDS_REVIEW,,15ca4e603b23,私人日常闲聊/生活对话/朋友间沟通，不属于事务/广告/诈骗/骚扰四类
uci_02425,Oh k k:)but he is not a big hitter.anyway good,en,uci_sms_spam_collection_v1,ham,NEEDS_REVIEW,,ddcc80cc893f,私人日常闲聊/生活对话/朋友间沟通，不属于事务/广告/诈骗/骚扰四类
uci_02426,Hey!!! I almost forgot ... Happy B-day babe ! I love ya!!,en,uci_sms_spam_collection_v1,ham,NEEDS_REVIEW,,32cce43bdb62,私人日常闲聊/生活对话/朋友间沟通，不属于事务/广告/诈骗/骚扰四类
uci_02427,Valentines Day Special! Win over ¡ê1000 in our quiz and take your partner on the trip of a lifetime! Send GO to 83600 now. 150p/msg rcvd. CustCare:08718720201,en,uci_sms_spam_collection_v1,spam,FRAUD,,71595565c77a,情人节特别活动声称赢得1000英镑并让发送GO到付费号码，典型假中奖诈骗
uci_02428,Do you think i can move  &lt;#&gt;  in a week,en,uci_sms_spam_collection_v1,ham,NEEDS_REVIEW,,3503e3df1391,私人日常闲聊/生活对话/朋友间沟通，不属于事务/广告/诈骗/骚扰四类
uci_02429,She.s find. I sent you an offline message to know how anjola's now.,en,uci_sms_spam_collection_v1,ham,NEEDS_REVIEW,,fe0644c0135f,私人日常闲聊/生活对话/朋友间沟通，不属于事务/广告/诈骗/骚扰四类
uci_02430,Guess who am I?This is the first time I created a web page WWW.ASJESUS.COM read all I wrote. I'm waiting for your opinions. I want to be your friend 1/1,en,uci_sms_spam_collection_v1,spam,NEEDS_REVIEW,,d343e709b342,邀请访问ASJESUS.COM网站并让回复意见的群发消息，非直接诈骗也不是促销广告，归为待审核
uci_02431,How was txting and driving,en,uci_sms_spam_collection_v1,ham,NEEDS_REVIEW,,137f5bdf1a76,私人日常闲聊/生活对话/朋友间沟通，不属于事务/广告/诈骗/骚扰四类
uci_02432,That's good. Lets thank God. Please complete the drug. Have lots of water. And have a beautiful day.,en,uci_sms_spam_collection_v1,ham,NEEDS_REVIEW,,2b8292c327e2,私人日常闲聊/生活对话/朋友间沟通，不属于事务/广告/诈骗/骚扰四类
uci_02433,Really dun bluff me leh... U sleep early too. Nite...,en,uci_sms_spam_collection_v1,ham,NEEDS_REVIEW,,0c4d3c518687,私人日常闲聊/生活对话/朋友间沟通，不属于事务/广告/诈骗/骚扰四类
uci_02434,"Indians r poor but India is not a poor country. Says one of the swiss bank directors. He says that "" &lt;#&gt;  lac crore"" of Indian money is deposited in swiss banks which can be used for 'taxless' budget for  &lt;#&gt;  yrs. Can give  &lt;#&gt;  crore jobs to all Indians. From any village to Delhi 4 lane roads. Forever free power suply to more than  &lt;#&gt;  social projects. Every citizen can get monthly  &lt;#&gt; /- for  &lt;#&gt;  yrs. No need of World Bank &amp; IMF loan. Think how our money is blocked by rich politicians. We have full rights against corrupt politicians. Itna forward karo ki pura INDIA padhe.g.m.""",en,uci_sms_spam_collection_v1,ham,NEEDS_REVIEW,,0a8c2a829f7b,关于瑞士银行印度存款的政治宣传转发消息，非个人聊天但也非诈骗/广告/骚扰，归为待审核
uci_02435,Uncle boye. I need movies oh. Guide me. Plus you know torrents are not particularly legal here. And the system is slowing down. What should i do. Have a gr8 day. Plus have you started cos i dont meet you online. How was the honey moon.,en,uci_sms_spam_collection_v1,ham,NEEDS_REVIEW,,83f382964e01,私人日常闲聊/生活对话/朋友间沟通，不属于事务/广告/诈骗/骚扰四类
uci_02436,Oh ya ya. I remember da. .,en,uci_sms_spam_collection_v1,ham,NEEDS_REVIEW,,961f1014cabf,私人日常闲聊/生活对话/朋友间沟通，不属于事务/广告/诈骗/骚扰四类
uci_02437,Btw regarding that we should really try to see if anyone else can be our 4th guy before we commit to a random dude,en,uci_sms_spam_collection_v1,ham,NEEDS_REVIEW,,84a586078b61,私人日常闲聊/生活对话/朋友间沟通，不属于事务/广告/诈骗/骚扰四类
uci_02438,"For ur chance to win ¡ê250 cash every wk TXT: PLAY to 83370. T's&C's www.music-trivia.net custcare 08715705022, 1x150p/wk.",en,uci_sms_spam_collection_v1,spam,FRAUD,,963843db0e3d,声称每周赢取250英镑现金并要求发PLAY到付费号码，假中奖吸费诈骗
uci_02439,I not busy juz dun wan 2 go so early.. Hee..,en,uci_sms_spam_collection_v1,ham,NEEDS_REVIEW,,5411fe3ddd60,私人日常闲聊/生活对话/朋友间沟通，不属于事务/广告/诈骗/骚扰四类
uci_02440,Rightio. 11.48 it is then. Well arent we all up bright and early this morning.,en,uci_sms_spam_collection_v1,ham,NEEDS_REVIEW,,b134f90c1caf,私人日常闲聊/生活对话/朋友间沟通，不属于事务/广告/诈骗/骚扰四类
uci_02441,"Great. I'm in church now, will holla when i get out",en,uci_sms_spam_collection_v1,ham,NEEDS_REVIEW,,bdc273f43801,私人日常闲聊/生活对话/朋友间沟通，不属于事务/广告/诈骗/骚扰四类
uci_02442,Back in brum! Thanks for putting us up and keeping us all and happy. See you soon,en,uci_sms_spam_collection_v1,ham,NEEDS_REVIEW,,4c433615471b,私人日常闲聊/生活对话/朋友间沟通，不属于事务/广告/诈骗/骚扰四类
uci_02443,I donno if they are scorable,en,uci_sms_spam_collection_v1,ham,NEEDS_REVIEW,,b53e9079368a,私人日常闲聊/生活对话/朋友间沟通，不属于事务/广告/诈骗/骚扰四类
uci_02444,&lt;#&gt;  great loxahatchee xmas tree burning update: you can totally see stars here,en,uci_sms_spam_collection_v1,ham,NEEDS_REVIEW,,2bf5a0ce17b5,私人日常闲聊/生活对话/朋友间沟通，不属于事务/广告/诈骗/骚扰四类
uci_02445,"Yes but i dont care! I need you bad, princess!",en,uci_sms_spam_collection_v1,ham,NEEDS_REVIEW,,c03fe24c9d8c,私人日常闲聊/生活对话/朋友间沟通，不属于事务/广告/诈骗/骚扰四类
uci_02446,"The guy (kadeem) hasn't been selling since the break, I know one other guy but he's paranoid as fuck and doesn't like selling without me there and I can't be up there til late tonight",en,uci_sms_spam_collection_v1,ham,NEEDS_REVIEW,,232a6b4002a0,私人日常闲聊/生活对话/朋友间沟通，不属于事务/广告/诈骗/骚扰四类
uci_02447,"Sorry, I'll call later",en,uci_sms_spam_collection_v1,ham,NEEDS_REVIEW,,d5081f7715ce,私人日常闲聊/生活对话/朋友间沟通，不属于事务/广告/诈骗/骚扰四类
uci_02448,Tmr then ¨¹ brin lar... Aiya later i come n c lar... Mayb ¨¹ neva set properly ¨¹ got da help sheet wif ¨¹...,en,uci_sms_spam_collection_v1,ham,NEEDS_REVIEW,,233bde3ad490,私人日常闲聊/生活对话/朋友间沟通，不属于事务/广告/诈骗/骚扰四类
uci_02449,Do u knw dis no. &lt;#&gt; ?,en,uci_sms_spam_collection_v1,ham,NEEDS_REVIEW,,2267f00dabb5,私人日常闲聊/生活对话/朋友间沟通，不属于事务/广告/诈骗/骚扰四类
uci_02450,Then she dun believe wat?,en,uci_sms_spam_collection_v1,ham,NEEDS_REVIEW,,6c20c114d480,私人日常闲聊/生活对话/朋友间沟通，不属于事务/广告/诈骗/骚扰四类
uci_02451,K..give back my thanks.,en,uci_sms_spam_collection_v1,ham,NEEDS_REVIEW,,639fd00ea995,私人日常闲聊/生活对话/朋友间沟通，不属于事务/广告/诈骗/骚扰四类
uci_02452,I know complain num only..bettr directly go to bsnl offc nd apply for it..,en,uci_sms_spam_collection_v1,ham,NEEDS_REVIEW,,e7e1143ac0db,私人日常闲聊/生活对话/朋友间沟通，不属于事务/广告/诈骗/骚扰四类
uci_02453,Okay. I've seen it. So i should pick it on friday?,en,uci_sms_spam_collection_v1,ham,NEEDS_REVIEW,,f1a764a1111d,私人日常闲聊/生活对话/朋友间沟通，不属于事务/广告/诈骗/骚扰四类
uci_02454,How much she payed. Suganya.,en,uci_sms_spam_collection_v1,ham,NEEDS_REVIEW,,62a52d6da2e3,私人日常闲聊/生活对话/朋友间沟通，不属于事务/广告/诈骗/骚扰四类
uci_02455,Left dessert. U wan me 2 go suntec look 4 u?,en,uci_sms_spam_collection_v1,ham,NEEDS_REVIEW,,5b42725f7952,私人日常闲聊/生活对话/朋友间沟通，不属于事务/广告/诈骗/骚扰四类
uci_02456,"Abeg, make profit. But its a start. Are you using it to get sponsors for the next event?",en,uci_sms_spam_collection_v1,ham,NEEDS_REVIEW,,cf93de64b471,私人日常闲聊/生活对话/朋友间沟通，不属于事务/广告/诈骗/骚扰四类
uci_02457,Onum ela pa. Normal than.,en,uci_sms_spam_collection_v1,ham,NEEDS_REVIEW,,a108412a6f7f,私人日常闲聊/生活对话/朋友间沟通，不属于事务/广告/诈骗/骚扰四类
uci_02458,K.k..how is your sister kids?,en,uci_sms_spam_collection_v1,ham,NEEDS_REVIEW,,9502c86ea913,私人日常闲聊/生活对话/朋友间沟通，不属于事务/广告/诈骗/骚扰四类
uci_02459,"Cool, I'll text you when I'm on the way",en,uci_sms_spam_collection_v1,ham,NEEDS_REVIEW,,dfb4bdc66955,私人日常闲聊/生活对话/朋友间沟通，不属于事务/广告/诈骗/骚扰四类
uci_02460,Nope. Meanwhile she talk say make i greet you.,en,uci_sms_spam_collection_v1,ham,NEEDS_REVIEW,,f77446017c1d,私人日常闲聊/生活对话/朋友间沟通，不属于事务/广告/诈骗/骚扰四类
uci_02461,i cant talk to you now.i will call when i can.dont keep calling.,en,uci_sms_spam_collection_v1,ham,NEEDS_REVIEW,,026197f7555f,私人日常闲聊/生活对话/朋友间沟通，不属于事务/广告/诈骗/骚扰四类
uci_02462,Anything lar...,en,uci_sms_spam_collection_v1,ham,NEEDS_REVIEW,,160b53691eee,私人日常闲聊/生活对话/朋友间沟通，不属于事务/广告/诈骗/骚扰四类
uci_02463,"Rose needs water, season needs change, poet needs imagination..My phone needs ur sms and i need ur lovely frndship forever....",en,uci_sms_spam_collection_v1,ham,NEEDS_REVIEW,,5303e6185b63,私人日常闲聊/生活对话/朋友间沟通，不属于事务/广告/诈骗/骚扰四类
uci_02464,"Good afternoon, babe. How goes that day ? Any job prospects yet ? I miss you, my love ... *sighs* ... :-(",en,uci_sms_spam_collection_v1,ham,NEEDS_REVIEW,,5e55cd29c6dc,私人日常闲聊/生活对话/朋友间沟通，不属于事务/广告/诈骗/骚扰四类
uci_02465,They will pick up and drop in car.so no problem..,en,uci_sms_spam_collection_v1,ham,NEEDS_REVIEW,,1392e8319676,私人日常闲聊/生活对话/朋友间沟通，不属于事务/广告/诈骗/骚扰四类
uci_02466,S.i think he is waste for rr..,en,uci_sms_spam_collection_v1,ham,NEEDS_REVIEW,,d57b0f8789ec,私人日常闲聊/生活对话/朋友间沟通，不属于事务/广告/诈骗/骚扰四类
uci_02467,He is world famamus....,en,uci_sms_spam_collection_v1,ham,NEEDS_REVIEW,,6c613655f1b2,私人日常闲聊/生活对话/朋友间沟通，不属于事务/广告/诈骗/骚扰四类
uci_02468,Is there coming friday is leave for pongal?do you get any news from your work place.,en,uci_sms_spam_collection_v1,ham,NEEDS_REVIEW,,f0f9f321f95a,私人日常闲聊/生活对话/朋友间沟通，不属于事务/广告/诈骗/骚扰四类
uci_02469,Lol well don't do it without me. We could have a big sale together.,en,uci_sms_spam_collection_v1,ham,NEEDS_REVIEW,,35e994740bc0,私人日常闲聊/生活对话/朋友间沟通，不属于事务/广告/诈骗/骚扰四类
uci_02470,* Am on my way,en,uci_sms_spam_collection_v1,ham,NEEDS_REVIEW,,9c676475a0c1,私人日常闲聊/生活对话/朋友间沟通，不属于事务/广告/诈骗/骚扰四类
uci_02471,Eat at old airport road... But now 630 oredi... Got a lot of pple...,en,uci_sms_spam_collection_v1,ham,NEEDS_REVIEW,,19a4d8a72eb7,私人日常闲聊/生活对话/朋友间沟通，不属于事务/广告/诈骗/骚扰四类
uci_02472,"sry can't talk on phone, with parents",en,uci_sms_spam_collection_v1,ham,NEEDS_REVIEW,,caabce231734,私人日常闲聊/生活对话/朋友间沟通，不属于事务/广告/诈骗/骚扰四类
uci_02473,"Final Chance! Claim ur ¡ê150 worth of discount vouchers today! Text YES to 85023 now! SavaMob, member offers mobile! T Cs SavaMob POBOX84, M263UZ. ¡ê3.00 Subs 16",en,uci_sms_spam_collection_v1,spam,AD,qa_fix_v1,b251ab128a48,[fix:commercial-promo-not-fraud FRAUD->AD] 声称最终机会领取150英镑折扣券并发送YES到付费号码，假奖励吸费诈骗
uci_02474,Ok lor wat time ¨¹ finish?,en,uci_sms_spam_collection_v1,ham,NEEDS_REVIEW,,8109d8674f07,私人日常闲聊/生活对话/朋友间沟通，不属于事务/广告/诈骗/骚扰四类
uci_02475,"Princess, i like to make love  &lt;#&gt;  times per night. Hope thats not a problem!",en,uci_sms_spam_collection_v1,ham,NEEDS_REVIEW,,883375d38cae,私人日常闲聊/生活对话/朋友间沟通，不属于事务/广告/诈骗/骚扰四类
uci_02476,Mm i am on the way to railway,en,uci_sms_spam_collection_v1,ham,NEEDS_REVIEW,,48633d40d9cc,私人日常闲聊/生活对话/朋友间沟通，不属于事务/广告/诈骗/骚扰四类
uci_02477,i dnt wnt to tlk wid u,en,uci_sms_spam_collection_v1,ham,NEEDS_REVIEW,,47463db3f04d,私人日常闲聊/生活对话/朋友间沟通，不属于事务/广告/诈骗/骚扰四类
uci_02478,"I'm done. I'm sorry. I hope your next space gives you everything you want. Remember all the furniture is yours. If i'm not around when you move it, just lock all the locks and leave the key with jenne.",en,uci_sms_spam_collection_v1,ham,NEEDS_REVIEW,,ebe3b9be7d26,私人日常闲聊/生活对话/朋友间沟通，不属于事务/广告/诈骗/骚扰四类
uci_02479,Not yet. Just i'd like to keep in touch and it will be the easiest way to do that from barcelona. By the way how ru and how is the house?,en,uci_sms_spam_collection_v1,ham,NEEDS_REVIEW,,d2344f62981b,私人日常闲聊/生活对话/朋友间沟通，不属于事务/广告/诈骗/骚扰四类
uci_02480,"Sppok up ur mob with a Halloween collection of nokia logo&pic message plus a FREE eerie tone, txt CARD SPOOK to 8007",en,uci_sms_spam_collection_v1,spam,AD,,e460892d82dd,万圣节主题诺基亚logo和免费铃声下载推广，属于付费内容订阅广告
uci_02481,"Urgent! call 09066612661 from landline. Your complementary 4* Tenerife Holiday or ¡ê10,000 cash await collection SAE T&Cs PO Box 3 WA14 2PX 150ppm 18+ Sender: Hol Offer",en,uci_sms_spam_collection_v1,spam,NEEDS_REVIEW,,74dea0b47e59,私人日常闲聊/生活对话/朋友间沟通，不属于事务/广告/诈骗/骚扰四类
uci_02482,K.:)do it at evening da:)urgent:),en,uci_sms_spam_collection_v1,ham,NEEDS_REVIEW,,f8ac410b861a,私人日常闲聊/生活对话/朋友间沟通，不属于事务/广告/诈骗/骚扰四类
uci_02483,Pansy! You've been living in a jungle for two years! Its my driving you should be more worried about!,en,uci_sms_spam_collection_v1,ham,NEEDS_REVIEW,,41c444e67e25,私人日常闲聊/生活对话/朋友间沟通，不属于事务/广告/诈骗/骚扰四类
uci_02484,Mm have some kanji dont eat anything heavy ok,en,uci_sms_spam_collection_v1,ham,NEEDS_REVIEW,,c81b00955d25,私人日常闲聊/生活对话/朋友间沟通，不属于事务/广告/诈骗/骚扰四类
uci_02485,Only if you promise your getting out as SOON as you can. And you'll text me in the morning to let me know you made it in ok.,en,uci_sms_spam_collection_v1,ham,NEEDS_REVIEW,,ec96a9f8b66c,私人日常闲聊/生活对话/朋友间沟通，不属于事务/广告/诈骗/骚扰四类
uci_02486,Lol that's different. I don't go trying to find every real life photo you ever took.,en,uci_sms_spam_collection_v1,ham,NEEDS_REVIEW,,11c324080df2,私人日常闲聊/生活对话/朋友间沟通，不属于事务/广告/诈骗/骚扰四类
uci_02487,I dont thnk its a wrong calling between us,en,uci_sms_spam_collection_v1,ham,NEEDS_REVIEW,,08326a364c0f,私人日常闲聊/生活对话/朋友间沟通，不属于事务/广告/诈骗/骚扰四类
uci_02488,K ill drink.pa then what doing. I need srs model pls send it to my mail id pa.,en,uci_sms_spam_collection_v1,ham,NEEDS_REVIEW,,832b0aeecdea,私人日常闲聊/生活对话/朋友间沟通，不属于事务/广告/诈骗/骚扰四类
uci_02489,Aiyah e rain like quite big leh. If drizzling i can at least run home.,en,uci_sms_spam_collection_v1,ham,NEEDS_REVIEW,,0c7f815e2b22,私人日常闲聊/生活对话/朋友间沟通，不属于事务/广告/诈骗/骚扰四类
uci_02490,I have 2 docs appointments next week.:/ I'm tired of them shoving stuff up me. Ugh why couldn't I have had a normal body?,en,uci_sms_spam_collection_v1,ham,NEEDS_REVIEW,,b7accacc93f7,私人日常闲聊/生活对话/朋友间沟通，不属于事务/广告/诈骗/骚扰四类
uci_02491,Dun b sad.. It's over.. Dun thk abt it already. Concentrate on ur other papers k.,en,uci_sms_spam_collection_v1,ham,NEEDS_REVIEW,,a16d77117b5b,私人日常闲聊/生活对话/朋友间沟通，不属于事务/广告/诈骗/骚扰四类
uci_02492,"Greetings me, ! Consider yourself excused.",en,uci_sms_spam_collection_v1,ham,NEEDS_REVIEW,,f2b49021526d,私人日常闲聊/生活对话/朋友间沟通，不属于事务/广告/诈骗/骚扰四类
uci_02493,No drama Pls.i have had enough from you and family while i am struggling in the hot sun in a strange place.No reason why there should be an ego of not going 'IF NOT INVITED' when actually its necessity to go.wait for very serious reppurcussions.,en,uci_sms_spam_collection_v1,ham,NEEDS_REVIEW,,6b53ac473364,私人日常闲聊/生活对话/朋友间沟通，不属于事务/广告/诈骗/骚扰四类
uci_02494,they released another Italian one today and it has a cosign option,en,uci_sms_spam_collection_v1,ham,NEEDS_REVIEW,,0f04511f46ad,私人日常闲聊/生活对话/朋友间沟通，不属于事务/广告/诈骗/骚扰四类
uci_02495,"You at mu? You should try to figure out how much money everyone has for gas and alcohol, jay and I are trying to figure out our weed budget",en,uci_sms_spam_collection_v1,ham,NEEDS_REVIEW,,d608a4652376,私人日常闲聊/生活对话/朋友间沟通，不属于事务/广告/诈骗/骚扰四类
uci_02496,WINNER! As a valued network customer you hvae been selected to receive a ¡ê900 reward! To collect call 09061701444. Valid 24 hours only. ACL03530150PM,en,uci_sms_spam_collection_v1,spam,FRAUD,,d1a84047a65b,声称作为获奖网络客户获得900英镑奖励并要求拨打电话领取，典型中奖诈骗
uci_02497,HCL chennai requires FRESHERS for voice process.Excellent english needed.Salary upto  &lt;#&gt; .Call Ms.Suman  &lt;#&gt;  for Telephonic interview -via Indyarocks.com,en,uci_sms_spam_collection_v1,ham,NEEDS_REVIEW,,97be819832ae,私人日常闲聊/生活对话/朋友间沟通，不属于事务/广告/诈骗/骚扰四类
uci_02498,Dai what this da.. Can i send my resume to this id.,en,uci_sms_spam_collection_v1,ham,NEEDS_REVIEW,,8d53716c1b1b,私人日常闲聊/生活对话/朋友间沟通，不属于事务/广告/诈骗/骚扰四类
uci_02499,"I know where the  &lt;#&gt;  is, I'll be there around 5",en,uci_sms_spam_collection_v1,ham,NEEDS_REVIEW,,7c6d27ffc747,私人日常闲聊/生活对话/朋友间沟通，不属于事务/广告/诈骗/骚扰四类
uci_02500,Yup i've finished c ¨¹ there...,en,uci_sms_spam_collection_v1,ham,NEEDS_REVIEW,,0b7694f7f333,私人日常闲聊/生活对话/朋友间沟通，不属于事务/广告/诈骗/骚扰四类
uci_02501,Remember to ask alex about his pizza,en,uci_sms_spam_collection_v1,ham,NEEDS_REVIEW,,33ec7cf7d3db,私人日常闲聊/生活对话/朋友间沟通，不属于事务/广告/诈骗/骚扰四类
uci_02502,No da..today also i forgot..,en,uci_sms_spam_collection_v1,ham,NEEDS_REVIEW,,8b0616924c8c,私人日常闲聊/生活对话/朋友间沟通，不属于事务/广告/诈骗/骚扰四类
uci_02503,"Ola would get back to you maybe not today but I ve told him you can be his direct link in the US in getting cars he bids for online, you arrange shipping and you get a cut. Or U????? For a partnership where U????? Invest money for shipping and he takes care of the rest!U??Wud b self reliant soon dnt worry",en,uci_sms_spam_collection_v1,ham,NEEDS_REVIEW,,9ea7569ace5a,私人日常闲聊/生活对话/朋友间沟通，不属于事务/广告/诈骗/骚扰四类
uci_02504,Fwiw the reason I'm only around when it's time to smoke is that because of gas I can only afford to be around when someone tells me to be and that apparently only happens when somebody wants to light up,en,uci_sms_spam_collection_v1,ham,NEEDS_REVIEW,,5e8814282d89,私人日常闲聊/生活对话/朋友间沟通，不属于事务/广告/诈骗/骚扰四类
uci_02505,"Hello, my boytoy! I made it home and my constant thought is of you, my love. I hope your having a nice visit but I can't wait till you come home to me ...*kiss*",en,uci_sms_spam_collection_v1,ham,NEEDS_REVIEW,,feb4f6c1cbed,私人日常闲聊/生活对话/朋友间沟通，不属于事务/广告/诈骗/骚扰四类
uci_02506,Congrats kano..whr s the treat maga?,en,uci_sms_spam_collection_v1,ham,NEEDS_REVIEW,,5110c23476b3,私人日常闲聊/生活对话/朋友间沟通，不属于事务/广告/诈骗/骚扰四类
uci_02507,Who u talking about?,en,uci_sms_spam_collection_v1,ham,NEEDS_REVIEW,,68bbf3ba1bbd,私人日常闲聊/生活对话/朋友间沟通，不属于事务/广告/诈骗/骚扰四类
uci_02508,Yup...,en,uci_sms_spam_collection_v1,ham,NEEDS_REVIEW,,4defd3fdb651,私人日常闲聊/生活对话/朋友间沟通，不属于事务/广告/诈骗/骚扰四类
uci_02509,Ok...,en,uci_sms_spam_collection_v1,ham,NEEDS_REVIEW,,7a85f4764bbd,私人日常闲聊/生活对话/朋友间沟通，不属于事务/广告/诈骗/骚扰四类
uci_02510,"U wake up already? Wat u doing? U picking us up later rite? I'm taking sq825, reaching ard 7 smth 8 like dat. U can check e arrival time. C ya soon...",en,uci_sms_spam_collection_v1,ham,NEEDS_REVIEW,,e2ff7a521ba6,私人日常闲聊/生活对话/朋友间沟通，不属于事务/广告/诈骗/骚扰四类
uci_02511,Yunny i'm walking in citylink now ¨¹ faster come down... Me very hungry...,en,uci_sms_spam_collection_v1,ham,NEEDS_REVIEW,,776248f08988,私人日常闲聊/生活对话/朋友间沟通，不属于事务/广告/诈骗/骚扰四类
uci_02512,Er yep sure. Props?,en,uci_sms_spam_collection_v1,ham,NEEDS_REVIEW,,aac114a6aa74,私人日常闲聊/生活对话/朋友间沟通，不属于事务/广告/诈骗/骚扰四类
uci_02513,"Hiya , have u been paying money into my account? If so, thanks. Got a pleasant surprise when i checked my balance -u c, i don't get statements 4 that acc",en,uci_sms_spam_collection_v1,ham,NEEDS_REVIEW,,ded42b3322ef,私人日常闲聊/生活对话/朋友间沟通，不属于事务/广告/诈骗/骚扰四类
uci_02514,U have won a nokia 6230 plus a free digital camera. This is what u get when u win our FREE auction. To take part send NOKIA to 83383 now. POBOX114/14TCR/W1 16,en,uci_sms_spam_collection_v1,spam,FRAUD,,51623282d588,声称赢得诺基亚6230和免费数码相机要求发送NOKIA到付费号码，假中奖吸费诈骗
uci_02515,Ok ill send you with in  &lt;DECIMAL&gt;  ok.,en,uci_sms_spam_collection_v1,ham,NEEDS_REVIEW,,ba662c077957,私人日常闲聊/生活对话/朋友间沟通，不属于事务/广告/诈骗/骚扰四类
uci_02516,Bognor it is! Should be splendid at this time of year.,en,uci_sms_spam_collection_v1,ham,NEEDS_REVIEW,,c0daadc3f80b,私人日常闲聊/生活对话/朋友间沟通，不属于事务/广告/诈骗/骚扰四类
uci_02517,Yes.i'm in office da:),en,uci_sms_spam_collection_v1,ham,NEEDS_REVIEW,,e43ec34ead17,私人日常闲聊/生活对话/朋友间沟通，不属于事务/广告/诈骗/骚扰四类
uci_02518,"Sorry, I'll call later",en,uci_sms_spam_collection_v1,ham,NEEDS_REVIEW,,d5081f7715ce,私人日常闲聊/生活对话/朋友间沟通，不属于事务/广告/诈骗/骚扰四类
uci_02519,Joy's father is John. Then John is the NAME of Joy's father. Mandan,en,uci_sms_spam_collection_v1,ham,NEEDS_REVIEW,,8330e1279078,私人日常闲聊/生活对话/朋友间沟通，不属于事务/广告/诈骗/骚扰四类
uci_02520,Ok. I only ask abt e movie. U wan ktv oso?,en,uci_sms_spam_collection_v1,ham,NEEDS_REVIEW,,725a2156c401,私人日常闲聊/生活对话/朋友间沟通，不属于事务/广告/诈骗/骚扰四类
uci_02521,Misplaced your number and was sending texts to your old number. Wondering why i've not heard from you this year. All the best in your mcat. Got this number from my atlanta friends,en,uci_sms_spam_collection_v1,ham,NEEDS_REVIEW,,b44360b55af1,私人日常闲聊/生活对话/朋友间沟通，不属于事务/广告/诈骗/骚扰四类
uci_02522,"Sorry, I'll call later",en,uci_sms_spam_collection_v1,ham,NEEDS_REVIEW,,d5081f7715ce,私人日常闲聊/生活对话/朋友间沟通，不属于事务/广告/诈骗/骚扰四类
uci_02523,Dunno lei... I might b eatin wif my frens... If ¨¹ wan to eat then i wait 4 ¨¹ lar,en,uci_sms_spam_collection_v1,ham,NEEDS_REVIEW,,1b3701d5d70e,私人日常闲聊/生活对话/朋友间沟通，不属于事务/广告/诈骗/骚扰四类
uci_02524,"Sorry, I'll call later",en,uci_sms_spam_collection_v1,ham,NEEDS_REVIEW,,d5081f7715ce,私人日常闲聊/生活对话/朋友间沟通，不属于事务/广告/诈骗/骚扰四类
uci_02525,FREE entry into our ¡ê250 weekly comp just send the word WIN to 80086 NOW. 18 T&C www.txttowin.co.uk,en,uci_sms_spam_collection_v1,spam,FRAUD,,714859e425ee,声称免费进入250英镑周赛并发WIN到付费号码，假中奖诈骗
uci_02526,"Say this slowly.? GOD,I LOVE YOU &amp; I NEED YOU,CLEAN MY HEART WITH YOUR BLOOD.Send this to Ten special people &amp; u c miracle tomorrow, do it,pls,pls do it...",en,uci_sms_spam_collection_v1,ham,NEEDS_REVIEW,,17abb528d1b6,宗教连锁短信要求发送给十个人获得奇迹，属于转发类消息，归为待审核
uci_02527,Do u noe how 2 send files between 2 computers?,en,uci_sms_spam_collection_v1,ham,NEEDS_REVIEW,,e07701912b3d,私人日常闲聊/生活对话/朋友间沟通，不属于事务/广告/诈骗/骚扰四类
uci_02528,"Mmmmm ... I loved waking to your words this morning ! I miss you too, my Love. I hope your day goes well and you are happy. I wait for us to be together again",en,uci_sms_spam_collection_v1,ham,NEEDS_REVIEW,,bf82542db70c,私人日常闲聊/生活对话/朋友间沟通，不属于事务/广告/诈骗/骚扰四类
uci_02529,jay says he'll put in  &lt;#&gt;,en,uci_sms_spam_collection_v1,ham,NEEDS_REVIEW,,fabcc4350ada,私人日常闲聊/生活对话/朋友间沟通，不属于事务/广告/诈骗/骚扰四类
uci_02530,Can you just come in for a sec? There's somebody here I want you to see,en,uci_sms_spam_collection_v1,ham,NEEDS_REVIEW,,ec649a1c268a,私人日常闲聊/生活对话/朋友间沟通，不属于事务/广告/诈骗/骚扰四类
uci_02531,So the sun is anti sleep medicine.,en,uci_sms_spam_collection_v1,ham,NEEDS_REVIEW,,92f29263988a,私人日常闲聊/生活对话/朋友间沟通，不属于事务/广告/诈骗/骚扰四类
uci_02532,What's happening with you. Have you gotten a job and have you begun registration for permanent residency,en,uci_sms_spam_collection_v1,ham,NEEDS_REVIEW,,a3ed96ca2346,私人日常闲聊/生活对话/朋友间沟通，不属于事务/广告/诈骗/骚扰四类
uci_02533,Yup ok...,en,uci_sms_spam_collection_v1,ham,NEEDS_REVIEW,,d505df084ff5,私人日常闲聊/生活对话/朋友间沟通，不属于事务/广告/诈骗/骚扰四类
uci_02534,Glad it went well :) come over at 11 then we'll have plenty of time before claire goes to work.,en,uci_sms_spam_collection_v1,ham,NEEDS_REVIEW,,31034a1b736c,私人日常闲聊/生活对话/朋友间沟通，不属于事务/广告/诈骗/骚扰四类
uci_02535,Ok enjoy . R u there in home.,en,uci_sms_spam_collection_v1,ham,NEEDS_REVIEW,,240770504166,私人日常闲聊/生活对话/朋友间沟通，不属于事务/广告/诈骗/骚扰四类
uci_02536,"Can you pls pls send me a mail on all you know about relatives coming to deliver here? All you know about costs, risks, benefits and anything else. Thanks.",en,uci_sms_spam_collection_v1,ham,NEEDS_REVIEW,,ec99569303da,私人日常闲聊/生活对话/朋友间沟通，不属于事务/广告/诈骗/骚扰四类
uci_02537,You do what all you like,en,uci_sms_spam_collection_v1,ham,NEEDS_REVIEW,,b2c9af51aac5,私人日常闲聊/生活对话/朋友间沟通，不属于事务/广告/诈骗/骚扰四类
uci_02538,That's y we haf to combine n c how lor...,en,uci_sms_spam_collection_v1,ham,NEEDS_REVIEW,,fce63daed592,私人日常闲聊/生活对话/朋友间沟通，不属于事务/广告/诈骗/骚扰四类
uci_02539,The monthly amount is not that terrible and you will not pay anything till 6months after finishing school.,en,uci_sms_spam_collection_v1,ham,NEEDS_REVIEW,,465300ca90d4,私人日常闲聊/生活对话/朋友间沟通，不属于事务/广告/诈骗/骚扰四类
uci_02540,Hmmm:)how many players selected?,en,uci_sms_spam_collection_v1,ham,NEEDS_REVIEW,,bd222294b9ed,私人日常闲聊/生活对话/朋友间沟通，不属于事务/广告/诈骗/骚扰四类
uci_02541,"They said if its gonna snow, it will start around 8 or 9 pm tonite! They are predicting an inch of accumulation.",en,uci_sms_spam_collection_v1,ham,NEEDS_REVIEW,,9974fed38ea5,私人日常闲聊/生活对话/朋友间沟通，不属于事务/广告/诈骗/骚扰四类
uci_02542,I dont. Can you send it to me. Plus how's mode.,en,uci_sms_spam_collection_v1,ham,NEEDS_REVIEW,,bded2c1705d7,私人日常闲聊/生活对话/朋友间沟通，不属于事务/广告/诈骗/骚扰四类
uci_02543,Aiyo please ¨¹ got time meh.,en,uci_sms_spam_collection_v1,ham,NEEDS_REVIEW,,fc3770c67ec7,私人日常闲聊/生活对话/朋友间沟通，不属于事务/广告/诈骗/骚扰四类
uci_02544,Package all your programs well,en,uci_sms_spam_collection_v1,ham,NEEDS_REVIEW,,056e4a7d9938,私人日常闲聊/生活对话/朋友间沟通，不属于事务/广告/诈骗/骚扰四类
uci_02545,"She is our sister.. She belongs 2 our family.. She is d hope of tomorrow.. Pray 4 her,who was fated 4 d Shoranur train incident. Lets hold our hands together &amp; fuelled by love &amp; concern prior 2 her grief &amp; pain. Pls join in dis chain &amp; pass it. STOP VIOLENCE AGAINST WOMEN.",en,uci_sms_spam_collection_v1,ham,NEEDS_REVIEW,,f4dfa40cdca6,关于Shoranur火车事故的慈善连锁转发短信，属于转发类消息，归为待审核
uci_02546,So are you guys asking that i get that slippers again or its gone with last year,en,uci_sms_spam_collection_v1,ham,NEEDS_REVIEW,,c29d97a4b8a7,私人日常闲聊/生活对话/朋友间沟通，不属于事务/广告/诈骗/骚扰四类
uci_02547,Company is very good.environment is terrific and food is really nice:),en,uci_sms_spam_collection_v1,ham,NEEDS_REVIEW,,4279f0f7e7ee,私人日常闲聊/生活对话/朋友间沟通，不属于事务/广告/诈骗/骚扰四类
uci_02548,"Text82228>> Get more ringtones, logos and games from www.txt82228.com. Questions: info@txt82228.co.uk",en,uci_sms_spam_collection_v1,spam,AD,,0f2a353cc5af,推广下载铃声、标志和游戏的付费服务网站，属于内容服务广告
uci_02549,Honestly i've just made a lovely cup of tea and promptly dropped my keys in it and then burnt my fingers getting them out!,en,uci_sms_spam_collection_v1,ham,NEEDS_REVIEW,,49907e1bfe6d,私人日常闲聊/生活对话/朋友间沟通，不属于事务/广告/诈骗/骚扰四类
uci_02550,Yup but not studying surfing lor. I'm in e lazy mode today.,en,uci_sms_spam_collection_v1,ham,NEEDS_REVIEW,,4c199c307040,私人日常闲聊/生活对话/朋友间沟通，不属于事务/广告/诈骗/骚扰四类
uci_02551,Please sen :)my kind advice :-)please come here and try:-),en,uci_sms_spam_collection_v1,ham,NEEDS_REVIEW,,a293554ba748,私人日常闲聊/生活对话/朋友间沟通，不属于事务/广告/诈骗/骚扰四类
uci_02552,I'm done. C ¨¹ there.,en,uci_sms_spam_collection_v1,ham,NEEDS_REVIEW,,1ba821266834,私人日常闲聊/生活对话/朋友间沟通，不属于事务/广告/诈骗/骚扰四类
uci_02553,"Oh fine, I'll be by tonight",en,uci_sms_spam_collection_v1,ham,NEEDS_REVIEW,,43146f29cda0,私人日常闲聊/生活对话/朋友间沟通，不属于事务/广告/诈骗/骚扰四类
uci_02554,¨¹ give me some time to walk there.,en,uci_sms_spam_collection_v1,ham,NEEDS_REVIEW,,628f550fe293,私人日常闲聊/生活对话/朋友间沟通，不属于事务/广告/诈骗/骚扰四类
uci_02555,I'll reach in ard 20 mins ok...,en,uci_sms_spam_collection_v1,ham,NEEDS_REVIEW,,4a76394520e5,私人日常闲聊/生活对话/朋友间沟通，不属于事务/广告/诈骗/骚扰四类
uci_02556,"FreeMSG You have been awarded a FREE mini DIGITAL CAMERA, just reply SNAP to collect your prize! (quizclub Opt out? Stop 80122300p/wk SP:RWM Ph:08704050406)",en,uci_sms_spam_collection_v1,spam,AD,qa_fix_v1,a365856d38ef,[fix:commercial-promo-not-fraud FRAUD->AD] 声称已获奖获得免费数码相机要求回复SNAP领取，假中奖吸费诈骗
uci_02557,Fuck babe ... What happened to you ? How come you never came back?,en,uci_sms_spam_collection_v1,ham,NEEDS_REVIEW,,4d712aaea9fd,私人日常闲聊/生活对话/朋友间沟通，不属于事务/广告/诈骗/骚扰四类
uci_02558,This message is brought to you by GMW Ltd. and is not connected to the,en,uci_sms_spam_collection_v1,spam,NEEDS_REVIEW,,8e13a3f9c5f7,私人日常闲聊/生活对话/朋友间沟通，不属于事务/广告/诈骗/骚扰四类
uci_02559,"Some friends want me to drive em someplace, probably take a while",en,uci_sms_spam_collection_v1,ham,NEEDS_REVIEW,,c3f9373fa196,私人日常闲聊/生活对话/朋友间沟通，不属于事务/广告/诈骗/骚扰四类
uci_02560,I also thk too fast... Xy suggest one not me. U dun wan it's ok. Going 2 rain leh where got gd.,en,uci_sms_spam_collection_v1,ham,NEEDS_REVIEW,,2d660da810fe,私人日常闲聊/生活对话/朋友间沟通，不属于事务/广告/诈骗/骚扰四类
uci_02561,Are you still getting the goods.,en,uci_sms_spam_collection_v1,ham,NEEDS_REVIEW,,a9ced3a58ca2,私人日常闲聊/生活对话/朋友间沟通，不属于事务/广告/诈骗/骚扰四类
uci_02562,And maybe some pressies,en,uci_sms_spam_collection_v1,ham,NEEDS_REVIEW,,4a8abb8f6968,私人日常闲聊/生活对话/朋友间沟通，不属于事务/广告/诈骗/骚扰四类
uci_02563,"Yeah I am, so I'll leave maybe 7ish?",en,uci_sms_spam_collection_v1,ham,NEEDS_REVIEW,,abd372cb1070,私人日常闲聊/生活对话/朋友间沟通，不属于事务/广告/诈骗/骚扰四类
uci_02564,K..k..i'm also fine:)when will you complete the course?,en,uci_sms_spam_collection_v1,ham,NEEDS_REVIEW,,dc616f1f70a1,私人日常闲聊/生活对话/朋友间沟通，不属于事务/广告/诈骗/骚扰四类
uci_02565,"Under the sea, there lays a rock. In the rock, there is an envelope. In the envelope, there is a paper. On the paper, there are 3 words... '",en,uci_sms_spam_collection_v1,ham,NEEDS_REVIEW,,7a5fa4003a67,脑筋急转弯/谜语转发消息，属于娱乐转发类内容，不属前四类
uci_02566,I told her I had a Dr appt next week. She thinks I'm gonna die. I told her its just a check. Nothing to be worried about. But she didn't listen.,en,uci_sms_spam_collection_v1,ham,NEEDS_REVIEW,,7a1f0dfdb7ae,私人日常闲聊/生活对话/朋友间沟通，不属于事务/广告/诈骗/骚扰四类
uci_02567,You in your room? I need a few,en,uci_sms_spam_collection_v1,ham,NEEDS_REVIEW,,d1caf42b04b2,私人日常闲聊/生活对话/朋友间沟通，不属于事务/广告/诈骗/骚扰四类
uci_02568,I dont want to hear anything,en,uci_sms_spam_collection_v1,ham,NEEDS_REVIEW,,196bbe3f80a3,私人日常闲聊/生活对话/朋友间沟通，不属于事务/广告/诈骗/骚扰四类
uci_02569,Hey. For me there is no leave on friday. Wait i will ask my superior and tell you..,en,uci_sms_spam_collection_v1,ham,NEEDS_REVIEW,,e501572398e3,私人日常闲聊/生活对话/朋友间沟通，不属于事务/广告/诈骗/骚扰四类
uci_02570,Ultimately tor motive tui achieve korli.,en,uci_sms_spam_collection_v1,ham,NEEDS_REVIEW,,85b8ec16d44f,私人日常闲聊/生活对话/朋友间沟通，不属于事务/广告/诈骗/骚扰四类
uci_02571,From 5 to 2 only my work timing.,en,uci_sms_spam_collection_v1,ham,NEEDS_REVIEW,,551996cc8a29,私人日常闲聊/生活对话/朋友间沟通，不属于事务/广告/诈骗/骚扰四类
uci_02572,¡­ and don¡®t worry we¡®ll have finished by march ¡­ ish!,en,uci_sms_spam_collection_v1,ham,NEEDS_REVIEW,,6cbb658be5a6,私人日常闲聊/生活对话/朋友间沟通，不属于事务/广告/诈骗/骚扰四类
uci_02573,"The house is on the water with a dock, a boat rolled up with a newscaster who dabbles in jazz flute behind the wheel",en,uci_sms_spam_collection_v1,ham,NEEDS_REVIEW,,698dfa41ce8d,私人日常闲聊/生活对话/朋友间沟通，不属于事务/广告/诈骗/骚扰四类
uci_02574,"Congrats 2 mobile 3G Videophones R yours. call 09063458130 now! videochat wid ur mates, play java games, Dload polypH music, noline rentl. bx420. ip4. 5we. 150p",en,uci_sms_spam_collection_v1,spam,FRAUD,,cc5a1bb8128d,声称获得3G视频手机要求拨打付费电话号码领取，假中奖吸费诈骗
uci_02575,Your next amazing xxx PICSFREE1 video will be sent to you enjoy! If one vid is not enough for 2day text back the keyword PICSFREE1 to get the next video.,en,uci_sms_spam_collection_v1,spam,HARASS,qa_fix_v1,233313005c59,[fix:adult-or-secret-admirer AD->HARASS] 免费色情视频并要求回复关键词获取下一条，属于成人内容付费订阅广告
uci_02576,Now thats going to ruin your thesis!,en,uci_sms_spam_collection_v1,ham,NEEDS_REVIEW,,71114e5861e5,私人日常闲聊/生活对话/朋友间沟通，不属于事务/广告/诈骗/骚扰四类
uci_02577,In sch but neva mind u eat 1st lor..,en,uci_sms_spam_collection_v1,ham,NEEDS_REVIEW,,951adfa23cfc,私人日常闲聊/生活对话/朋友间沟通，不属于事务/广告/诈骗/骚扰四类
uci_02578,Hey whats up? U sleeping all morning?,en,uci_sms_spam_collection_v1,ham,NEEDS_REVIEW,,47223f3c5708,私人日常闲聊/生活对话/朋友间沟通，不属于事务/广告/诈骗/骚扰四类
uci_02579,Erm. I thought the contract ran out the4th of october.,en,uci_sms_spam_collection_v1,ham,NEEDS_REVIEW,,c51228806567,私人日常闲聊/生活对话/朋友间沟通，不属于事务/广告/诈骗/骚扰四类
uci_02580,I dunno until when... Lets go learn pilates...,en,uci_sms_spam_collection_v1,ham,NEEDS_REVIEW,,109178740491,私人日常闲聊/生活对话/朋友间沟通，不属于事务/广告/诈骗/骚扰四类
uci_02581,U are subscribed to the best Mobile Content Service in the UK for ¡ê3 per ten days until you send STOP to 83435. Helpline 08706091795.,en,uci_sms_spam_collection_v1,spam,AD,,7f643c314006,声称已订阅英国最佳移动内容服务并发送STOP退订，属于付费订阅服务广告
uci_02582,Yup i'm elaborating on the safety aspects and some other issues..,en,uci_sms_spam_collection_v1,ham,NEEDS_REVIEW,,e590c76a3dfb,私人日常闲聊/生活对话/朋友间沟通，不属于事务/广告/诈骗/骚扰四类
uci_02583,"3 FREE TAROT TEXTS! Find out about your love life now! TRY 3 FOR FREE! Text CHANCE to 85555 16 only! After 3 Free, Msgs ¡ê1.50 each",en,uci_sms_spam_collection_v1,spam,AD,,83bc825cef20,免费塔罗牌文本占卜服务推广需付费续订，属于付费内容服务广告
uci_02584,"Goodmorning, today i am late for 1hr.",en,uci_sms_spam_collection_v1,ham,NEEDS_REVIEW,,a88a672083c2,私人日常闲聊/生活对话/朋友间沟通，不属于事务/广告/诈骗/骚扰四类
uci_02585,Hi happy birthday. Hi hi hi hi hi hi hi,en,uci_sms_spam_collection_v1,ham,NEEDS_REVIEW,,7f31bbc0375a,私人日常闲聊/生活对话/朋友间沟通，不属于事务/广告/诈骗/骚扰四类
uci_02586,I will be outside office take all from there,en,uci_sms_spam_collection_v1,ham,NEEDS_REVIEW,,d4701c0c27c0,私人日常闲聊/生活对话/朋友间沟通，不属于事务/广告/诈骗/骚扰四类
uci_02587,If you don't respond imma assume you're still asleep and imma start calling n shit,en,uci_sms_spam_collection_v1,ham,NEEDS_REVIEW,,edd02cb556c5,私人日常闲聊/生活对话/朋友间沟通，不属于事务/广告/诈骗/骚扰四类
uci_02588,"Aight, see you in a bit",en,uci_sms_spam_collection_v1,ham,NEEDS_REVIEW,,aff9d4bf8d86,私人日常闲聊/生活对话/朋友间沟通，不属于事务/广告/诈骗/骚扰四类
uci_02589,My superior telling that friday is leave for all other department except ours:)so it will be leave for you:)any way call waheed fathima hr and conform it:),en,uci_sms_spam_collection_v1,ham,NEEDS_REVIEW,,0906359aebc7,私人日常闲聊/生活对话/朋友间沟通，不属于事务/广告/诈骗/骚扰四类
uci_02590,Join the UK's horniest Dogging service and u can have sex 2nite!. Just sign up and follow the instructions. Txt ENTRY to 69888 now! Nyt.EC2A.3LP.msg@150p,en,uci_sms_spam_collection_v1,spam,HARASS,qa_fix_v1,d6ea62a4fdc1,[fix:adult-or-secret-admirer AD->HARASS] 推广狗交服务并要求发送ENTRY订阅，属于成人付费交友广告
uci_02591,Lol I have to take it. member how I said my aunt flow didn't visit for 6 months? It's cause I developed ovarian cysts. Bc is the only way to shrink them.,en,uci_sms_spam_collection_v1,ham,NEEDS_REVIEW,,b1b17cb9c9e5,私人日常闲聊/生活对话/朋友间沟通，不属于事务/广告/诈骗/骚扰四类
uci_02592,Still work going on:)it is very small house.,en,uci_sms_spam_collection_v1,ham,NEEDS_REVIEW,,54a42defe6e8,私人日常闲聊/生活对话/朋友间沟通，不属于事务/广告/诈骗/骚扰四类
uci_02593,"My friend just got here and says he's upping his order by a few grams (he's got $ &lt;#&gt; ), when can you get here?",en,uci_sms_spam_collection_v1,ham,NEEDS_REVIEW,,f515babe5397,私人日常闲聊/生活对话/朋友间沟通，不属于事务/广告/诈骗/骚扰四类
uci_02594,Tmr timin still da same wat cos i got lesson until 6...,en,uci_sms_spam_collection_v1,ham,NEEDS_REVIEW,,ff91391ff713,私人日常闲聊/生活对话/朋友间沟通，不属于事务/广告/诈骗/骚扰四类
uci_02595,"That¡®s the thing with apes, u can fight to the death to keep something, but the minute they have it when u let go, thats it!",en,uci_sms_spam_collection_v1,ham,NEEDS_REVIEW,,c0b894e66506,私人日常闲聊/生活对话/朋友间沟通，不属于事务/广告/诈骗/骚扰四类
uci_02596,Sunshine Quiz Wkly Q! Win a top Sony DVD player if u know which country Liverpool played in mid week? Txt ansr to 82277. ¡ê1.50 SP:Tyrone,en,uci_sms_spam_collection_v1,spam,FRAUD,,2ae50a43ee0b,阳光竞猜声称赢取索尼DVD播放器要求发答案到付费号码，假中奖吸费诈骗
uci_02597,No i'm not gonna be able to. || too late notice. || i'll be home in a few weeks anyway. || what are the plans,en,uci_sms_spam_collection_v1,ham,NEEDS_REVIEW,,a60b17f4cf2f,私人日常闲聊/生活对话/朋友间沟通，不属于事务/广告/诈骗/骚扰四类
uci_02598,"Got fujitsu, ibm, hp, toshiba... Got a lot of model how to say...",en,uci_sms_spam_collection_v1,ham,NEEDS_REVIEW,,9ee876592947,私人日常闲聊/生活对话/朋友间沟通，不属于事务/广告/诈骗/骚扰四类
uci_02599,Okie... Thanx...,en,uci_sms_spam_collection_v1,ham,NEEDS_REVIEW,,ddbf4eda0fae,私人日常闲聊/生活对话/朋友间沟通，不属于事务/广告/诈骗/骚扰四类
uci_02600,"Gosh that , what a pain. Spose I better come then.",en,uci_sms_spam_collection_v1,ham,NEEDS_REVIEW,,20f9b8764ee7,私人日常闲聊/生活对话/朋友间沟通，不属于事务/广告/诈骗/骚扰四类
uci_02601,"As usual..iam fine, happy &amp; doing well..:)",en,uci_sms_spam_collection_v1,ham,NEEDS_REVIEW,,75fd8500bbb2,私人日常闲聊/生活对话/朋友间沟通，不属于事务/广告/诈骗/骚扰四类
uci_02602,Okie,en,uci_sms_spam_collection_v1,ham,NEEDS_REVIEW,,a6e73a86ca9d,私人日常闲聊/生活对话/朋友间沟通，不属于事务/广告/诈骗/骚扰四类
uci_02603,So when you gonna get rimac access,en,uci_sms_spam_collection_v1,ham,NEEDS_REVIEW,,07a11e8ac1c8,私人日常闲聊/生活对话/朋友间沟通，不属于事务/广告/诈骗/骚扰四类
uci_02604,"""Im at arestaurant eating squid! i will be out about 10:30 wanna dosomething or is that to late?""",en,uci_sms_spam_collection_v1,ham,NEEDS_REVIEW,,d94e9a7b5470,私人日常闲聊/生活对话/朋友间沟通，不属于事务/广告/诈骗/骚扰四类
uci_02605,You call times job today ok umma and ask them to speed up,en,uci_sms_spam_collection_v1,ham,NEEDS_REVIEW,,f37301ce0d0d,私人日常闲聊/生活对话/朋友间沟通，不属于事务/广告/诈骗/骚扰四类
uci_02606,"""HELLO U.CALL WEN U FINISH WRK.I FANCY MEETIN UP WIV U ALL TONITE AS I NEED A BREAK FROM DABOOKS. DID 4 HRS LAST NITE+2 TODAY OF WRK!""",en,uci_sms_spam_collection_v1,ham,NEEDS_REVIEW,,0afb5c7a0666,私人日常闲聊/生活对话/朋友间沟通，不属于事务/广告/诈骗/骚扰四类
uci_02607,R U &SAM P IN EACHOTHER. IF WE MEET WE CAN GO 2 MY HOUSE,en,uci_sms_spam_collection_v1,ham,NEEDS_REVIEW,,68cc63ac10ea,私人日常闲聊/生活对话/朋友间沟通，不属于事务/广告/诈骗/骚扰四类
uci_02608,:-) yeah! Lol. Luckily i didn't have a starring role like you!,en,uci_sms_spam_collection_v1,ham,NEEDS_REVIEW,,dea28e0b27ad,私人日常闲聊/生活对话/朋友间沟通，不属于事务/广告/诈骗/骚扰四类
uci_02609,Hello madam how are you ?,en,uci_sms_spam_collection_v1,ham,NEEDS_REVIEW,,d4f026230205,私人日常闲聊/生活对话/朋友间沟通，不属于事务/广告/诈骗/骚扰四类
uci_02610,"Awesome, text me when you're restocked",en,uci_sms_spam_collection_v1,ham,NEEDS_REVIEW,,f1e3fda1baa7,私人日常闲聊/生活对话/朋友间沟通，不属于事务/广告/诈骗/骚扰四类
uci_02611,"As usual..iam fine, happy &amp; doing well..:)",en,uci_sms_spam_collection_v1,ham,NEEDS_REVIEW,,75fd8500bbb2,私人日常闲聊/生活对话/朋友间沟通，不属于事务/广告/诈骗/骚扰四类
uci_02612,Knock Knock Txt whose there to 80082 to enter r weekly draw 4 a ¡ê250 gift voucher 4 a store of yr choice. T&Cs www.tkls.com age16 to stoptxtstop¡ê1.50/week,en,uci_sms_spam_collection_v1,spam,FRAUD,,6b5566d24954,敲门笑话群发参加250英镑礼品券周赛，典型中奖吸费诈骗
uci_02613,Yes. It's all innocent fun. O:-),en,uci_sms_spam_collection_v1,ham,NEEDS_REVIEW,,e55b875b78c8,私人日常闲聊/生活对话/朋友间沟通，不属于事务/广告/诈骗/骚扰四类
uci_02614,Thanks for sending this mental ability question..,en,uci_sms_spam_collection_v1,ham,NEEDS_REVIEW,,5b016b5df488,私人日常闲聊/生活对话/朋友间沟通，不属于事务/广告/诈骗/骚扰四类
uci_02615,"Sir, hope your day is going smoothly. i really hoped i wont have to bother you about this. I have some bills that i can't settle this month. I am out of all extra cash. I know this is a challenging time for you also but i have to let you know.",en,uci_sms_spam_collection_v1,ham,NEEDS_REVIEW,,85895cc6039e,私人日常闲聊/生活对话/朋友间沟通，不属于事务/广告/诈骗/骚扰四类
uci_02616,2marrow only. Wed at  &lt;#&gt;  to 2 aha.,en,uci_sms_spam_collection_v1,ham,NEEDS_REVIEW,,3093fbe4730b,私人日常闲聊/生活对话/朋友间沟通，不属于事务/广告/诈骗/骚扰四类
uci_02617,I went to ur hon lab but no one is there.,en,uci_sms_spam_collection_v1,ham,NEEDS_REVIEW,,f41647f5e563,私人日常闲聊/生活对话/朋友间沟通，不属于事务/广告/诈骗/骚扰四类
uci_02618,I cant pick the phone right now. Pls send a message,en,uci_sms_spam_collection_v1,ham,NEEDS_REVIEW,,ea4561f1db70,私人日常闲聊/生活对话/朋友间沟通，不属于事务/广告/诈骗/骚扰四类
uci_02619,Hey pple...$700 or $900 for 5 nights...Excellent location wif breakfast hamper!!!,en,uci_sms_spam_collection_v1,ham,NEEDS_REVIEW,,a6b37f51bd0b,私人日常闲聊/生活对话/朋友间沟通，不属于事务/广告/诈骗/骚扰四类
uci_02620,<Forwarded from 21870000>Hi - this is your Mailbox Messaging SMS alert. You have 40 matches. Please call back on 09056242159 to retrieve your messages and matches cc100p/min,en,uci_sms_spam_collection_v1,spam,AD,,0b76f723125b,转发自21870000的40个匹配并要求拨打电话检索消息的收费交友服务推广
uci_02621,How come?,en,uci_sms_spam_collection_v1,ham,NEEDS_REVIEW,,35405f317537,私人日常闲聊/生活对话/朋友间沟通，不属于事务/广告/诈骗/骚扰四类
uci_02622,Lol! Nah wasn't too bad thanks. Its good to b home but its been quite a reality check. Hows ur day been? Did u do anything with website?,en,uci_sms_spam_collection_v1,ham,NEEDS_REVIEW,qa_fix_v1,385cd48d8a75,[fix:personal-chat-not-four-class AD->NEEDS_REVIEW] 免费铃声订阅服务推广每周新铃声，属于付费内容订阅广告
uci_02623,Ok lor...,en,uci_sms_spam_collection_v1,ham,NEEDS_REVIEW,,0df9b6706102,私人日常闲聊/生活对话/朋友间沟通，不属于事务/广告/诈骗/骚扰四类
uci_02624,I'm coming home 4 dinner.,en,uci_sms_spam_collection_v1,ham,NEEDS_REVIEW,,4f8094d16be8,私人日常闲聊/生活对话/朋友间沟通，不属于事务/广告/诈骗/骚扰四类
uci_02625,S da..al r above  &lt;#&gt;,en,uci_sms_spam_collection_v1,ham,NEEDS_REVIEW,,05fbeeabb02f,私人日常闲聊/生活对话/朋友间沟通，不属于事务/广告/诈骗/骚扰四类
uci_02626,"FREE RING TONE just text ""POLYS"" to 87131. Then every week get a new tone. 0870737910216yrs only ¡ê1.50/wk.",en,uci_sms_spam_collection_v1,spam,AD,,7d0822cf37ae,免费铃声服务推广每1.50英镑每周，属于付费铃声订阅广告
uci_02627,Unni thank you dear for the recharge..Rakhesh,en,uci_sms_spam_collection_v1,ham,NEEDS_REVIEW,,4d303e184b43,私人日常闲聊/生活对话/朋友间沟通，不属于事务/广告/诈骗/骚扰四类
uci_02628,I know I'm lacking on most of this particular dramastorm's details but for the most part I'm not worried about that,en,uci_sms_spam_collection_v1,ham,NEEDS_REVIEW,,244059dc44c8,私人日常闲聊/生活对话/朋友间沟通，不属于事务/广告/诈骗/骚扰四类
uci_02629,Haha... They cant what... At the most tmr forfeit... haha so how?,en,uci_sms_spam_collection_v1,ham,NEEDS_REVIEW,,bc065134f6a8,私人日常闲聊/生活对话/朋友间沟通，不属于事务/广告/诈骗/骚扰四类
uci_02630,"Hey there! Glad u r better now. I hear u treated urself to a digi cam, is it good? We r off at 9pm. Have a fab new year, c u in coupla wks!",en,uci_sms_spam_collection_v1,ham,NEEDS_REVIEW,,ea2345470c53,私人日常闲聊/生活对话/朋友间沟通，不属于事务/广告/诈骗/骚扰四类
uci_02631,No way I'm going back there!,en,uci_sms_spam_collection_v1,ham,NEEDS_REVIEW,,cf25252141fa,私人日常闲聊/生活对话/朋友间沟通，不属于事务/广告/诈骗/骚扰四类
uci_02632,"URGENT! Your mobile No 077xxx WON a ¡ê2,000 Bonus Caller Prize on 02/06/03! This is the 2nd attempt to reach YOU! Call 09066362206 ASAP! BOX97N7QP, 150ppm",en,uci_sms_spam_collection_v1,spam,FRAUD,,73c346cc506a,声称手机号码赢得2000英镑奖金并要求尽快拨打付费电话领取，典型大奖诈骗
uci_02633,I WILL CAL YOU SIR. In meeting,en,uci_sms_spam_collection_v1,ham,NEEDS_REVIEW,,0040b38209ee,私人日常闲聊/生活对话/朋友间沟通，不属于事务/广告/诈骗/骚扰四类
uci_02634,"That's what I love to hear :V see you sundayish, then",en,uci_sms_spam_collection_v1,ham,NEEDS_REVIEW,,4285777fa9a9,私人日常闲聊/生活对话/朋友间沟通，不属于事务/广告/诈骗/骚扰四类
uci_02635,"Sorry da thangam, very very sorry i am held up with prasad.",en,uci_sms_spam_collection_v1,ham,NEEDS_REVIEW,,d80c7c384e46,私人日常闲聊/生活对话/朋友间沟通，不属于事务/广告/诈骗/骚扰四类
uci_02636,Tiwary to rcb.battle between bang and kochi.,en,uci_sms_spam_collection_v1,ham,NEEDS_REVIEW,,ea57429bdcb2,私人日常闲聊/生活对话/朋友间沟通，不属于事务/广告/诈骗/骚扰四类
uci_02637,Thank god they are in bed!,en,uci_sms_spam_collection_v1,ham,NEEDS_REVIEW,,2cc717c78435,私人日常闲聊/生活对话/朋友间沟通，不属于事务/广告/诈骗/骚扰四类
uci_02638,No I don't have cancer. Moms making a big deal out of a regular checkup aka pap smear,en,uci_sms_spam_collection_v1,ham,NEEDS_REVIEW,,87b8f8b3fdf2,私人日常闲聊/生活对话/朋友间沟通，不属于事务/广告/诈骗/骚扰四类
uci_02639,Am in gobi arts college,en,uci_sms_spam_collection_v1,ham,NEEDS_REVIEW,,d4009db1634a,私人日常闲聊/生活对话/朋友间沟通，不属于事务/广告/诈骗/骚扰四类
uci_02640,Why she wants to talk to me,en,uci_sms_spam_collection_v1,ham,NEEDS_REVIEW,,1b54d678308d,私人日常闲聊/生活对话/朋友间沟通，不属于事务/广告/诈骗/骚扰四类
uci_02641,Pandy joined 4w technologies today.he got job..,en,uci_sms_spam_collection_v1,ham,NEEDS_REVIEW,,602336e29515,私人日常闲聊/生活对话/朋友间沟通，不属于事务/广告/诈骗/骚扰四类
uci_02642,"You are guaranteed the latest Nokia Phone, a 40GB iPod MP3 player or a ¡ê500 prize! Txt word: COLLECT to No: 83355! IBHltd LdnW15H 150p/Mtmsgrcvd18",en,uci_sms_spam_collection_v1,spam,FRAUD,,b77dca8a9a14,声称保证获得诺基亚手机或iPod或500英镑并要求发送COLLECT到付费号码，假中奖诈骗
uci_02643,"They can try! They can get lost, in fact. Tee hee",en,uci_sms_spam_collection_v1,ham,NEEDS_REVIEW,,4328a448d902,私人日常闲聊/生活对话/朋友间沟通，不属于事务/广告/诈骗/骚扰四类
uci_02644,Hi! You just spoke to MANEESHA V. We'd like to know if you were satisfied with the experience. Reply Toll Free with Yes or No.,en,uci_sms_spam_collection_v1,ham,NEEDS_REVIEW,,3ec5b446c6a5,客服满意度调查短信，非推销非诈骗，属于服务反馈类通知
uci_02645,My friends use to call the same.,en,uci_sms_spam_collection_v1,ham,NEEDS_REVIEW,,517a7a694883,私人日常闲聊/生活对话/朋友间沟通，不属于事务/广告/诈骗/骚扰四类
uci_02646,"Sorry, I'll call later",en,uci_sms_spam_collection_v1,ham,NEEDS_REVIEW,,d5081f7715ce,私人日常闲聊/生活对话/朋友间沟通，不属于事务/广告/诈骗/骚扰四类
uci_02647,"Em, its olowoyey@ usc.edu have a great time in argentina. Not sad about secretary, everything is a blessing",en,uci_sms_spam_collection_v1,ham,NEEDS_REVIEW,,ac5dbf81e4a0,私人日常闲聊/生活对话/朋友间沟通，不属于事务/广告/诈骗/骚扰四类
uci_02648,"It,,s a taxt massage....tie-pos argh ok! Lool!",en,uci_sms_spam_collection_v1,ham,NEEDS_REVIEW,,e7e9292b5d96,私人日常闲聊/生活对话/朋友间沟通，不属于事务/广告/诈骗/骚扰四类
uci_02649,"Hi, can i please get a  &lt;#&gt;  dollar loan from you. I.ll pay you back by mid february. Pls.",en,uci_sms_spam_collection_v1,ham,NEEDS_REVIEW,,f334a8561a6e,私人日常闲聊/生活对话/朋友间沟通，不属于事务/广告/诈骗/骚扰四类
uci_02650,"You might want to pull out more just in case and just plan on not spending it if you can, I don't have much confidence in derek and taylor's money management",en,uci_sms_spam_collection_v1,ham,NEEDS_REVIEW,,7a4da4196a65,私人日常闲聊/生活对话/朋友间沟通，不属于事务/广告/诈骗/骚扰四类
uci_02651,Do you like shaking your booty on the dance floor?,en,uci_sms_spam_collection_v1,ham,NEEDS_REVIEW,qa_fix_v1,011b8e48106e,[fix:adult-or-secret-admirer NEEDS_REVIEW->HARASS] 私人日常闲聊/生活对话/朋友间沟通，不属于事务/广告/诈骗/骚扰四类 [fix:revert-ham-kisses-xxx HARASS->NEEDS_REVIEW]
uci_02652,"Text me when you get off, don't call, my phones having problems",en,uci_sms_spam_collection_v1,ham,NEEDS_REVIEW,,17f715e61c6d,私人日常闲聊/生活对话/朋友间沟通，不属于事务/广告/诈骗/骚扰四类
uci_02653,No need for the drug anymore.,en,uci_sms_spam_collection_v1,ham,NEEDS_REVIEW,,8b4af69a835a,私人日常闲聊/生活对话/朋友间沟通，不属于事务/广告/诈骗/骚扰四类
uci_02654,Sorry da:)i was thought of calling you lot of times:)lil busy.i will call you at noon..,en,uci_sms_spam_collection_v1,ham,NEEDS_REVIEW,,5b9a5fa5e76c,私人日常闲聊/生活对话/朋友间沟通，不属于事务/广告/诈骗/骚扰四类
uci_02655,Its sarcasm.. .nt scarcasim,en,uci_sms_spam_collection_v1,ham,NEEDS_REVIEW,,fdc893d44e0e,私人日常闲聊/生活对话/朋友间沟通，不属于事务/广告/诈骗/骚扰四类
uci_02656,Great! I have to run now so ttyl!,en,uci_sms_spam_collection_v1,ham,NEEDS_REVIEW,,baf8d6139cf5,私人日常闲聊/生活对话/朋友间沟通，不属于事务/广告/诈骗/骚扰四类
uci_02657,Feel like trying kadeem again? :V,en,uci_sms_spam_collection_v1,ham,NEEDS_REVIEW,,0daa406aa678,私人日常闲聊/生活对话/朋友间沟通，不属于事务/广告/诈骗/骚扰四类
uci_02658,Dai  &lt;#&gt;  naal eruku.,en,uci_sms_spam_collection_v1,ham,NEEDS_REVIEW,,dbb399f92053,私人日常闲聊/生活对话/朋友间沟通，不属于事务/广告/诈骗/骚扰四类
uci_02659,Not yet chikku..wat abt u?,en,uci_sms_spam_collection_v1,ham,NEEDS_REVIEW,,a7375d04dd23,私人日常闲聊/生活对话/朋友间沟通，不属于事务/广告/诈骗/骚扰四类
uci_02660,Ok...,en,uci_sms_spam_collection_v1,ham,NEEDS_REVIEW,,7a85f4764bbd,私人日常闲聊/生活对话/朋友间沟通，不属于事务/广告/诈骗/骚扰四类
uci_02661,Want to finally have lunch today?,en,uci_sms_spam_collection_v1,ham,NEEDS_REVIEW,,ae1741d8ad38,私人日常闲聊/生活对话/朋友间沟通，不属于事务/广告/诈骗/骚扰四类
uci_02662,Do you know when dad will be back?,en,uci_sms_spam_collection_v1,ham,NEEDS_REVIEW,,f27b6c6a1485,私人日常闲聊/生活对话/朋友间沟通，不属于事务/广告/诈骗/骚扰四类
uci_02663,"Hello darling how are you today? I would love to have a chat, why dont you tell me what you look like and what you are in to sexy?",en,uci_sms_spam_collection_v1,spam,HARASS,qa_fix_v1,9d8d4365ebc1,[fix:adult-or-secret-admirer AD->HARASS] 聊天介绍外貌和性趣的推广短信，属于成人聊天服务广告
uci_02664,8007 FREE for 1st week! No1 Nokia tone 4 ur mob every week just txt NOKIA to 8007 Get txting and tell ur mates www.getzed.co.uk POBox 36504 W4 5WQ norm 150p/tone 16+,en,uci_sms_spam_collection_v1,spam,AD,,27de2ab8e4c0,免费第一周诺基亚铃声订阅推广，属于付费铃声服务广告
uci_02665,He remains a bro amongst bros,en,uci_sms_spam_collection_v1,ham,NEEDS_REVIEW,,e74b3342a610,私人日常闲聊/生活对话/朋友间沟通，不属于事务/广告/诈骗/骚扰四类
uci_02666,R u meeting da ge at nite tmr?,en,uci_sms_spam_collection_v1,ham,NEEDS_REVIEW,,071baeac5a7b,私人日常闲聊/生活对话/朋友间沟通，不属于事务/广告/诈骗/骚扰四类
uci_02667,"* Was a nice day and, impressively, i was sensible, went home early and now feel fine. Or am i just boring?! When's yours, i can't remember.",en,uci_sms_spam_collection_v1,ham,NEEDS_REVIEW,,1506c044a394,私人日常闲聊/生活对话/朋友间沟通，不属于事务/广告/诈骗/骚扰四类
uci_02668,Why de. You looking good only:-)..,en,uci_sms_spam_collection_v1,ham,NEEDS_REVIEW,,a33ff94091e9,私人日常闲聊/生活对话/朋友间沟通，不属于事务/广告/诈骗/骚扰四类
uci_02669,Wanna get laid 2nite? Want real Dogging locations sent direct to ur mobile? Join the UK's largest Dogging Network. Txt PARK to 69696 now! Nyt. ec2a. 3lp ¡ê1.50/msg,en,uci_sms_spam_collection_v1,spam,HARASS,qa_fix_v1,e755804bc08e,[fix:adult-or-secret-admirer AD->HARASS] 狗交服务网络发送位置推广，属于成人付费交友广告
uci_02670,we tried to contact you re your response to our offer of a new nokia fone and camcorder hit reply or call 08000930705 for delivery,en,uci_sms_spam_collection_v1,spam,AD,,bcd34417cf94,回复关于新诺基亚手机和摄像机优惠的尝试联系短信，属于手机促销广告
uci_02671,Yes. They replied my mail. I'm going to the management office later. Plus will in to bank later also.or on wednesday.,en,uci_sms_spam_collection_v1,ham,NEEDS_REVIEW,,734783ce4fc6,私人日常闲聊/生活对话/朋友间沟通，不属于事务/广告/诈骗/骚扰四类
uci_02672,"That's cool, I'll come by like  &lt;#&gt; ish",en,uci_sms_spam_collection_v1,ham,NEEDS_REVIEW,,a631c7566e50,私人日常闲聊/生活对话/朋友间沟通，不属于事务/广告/诈骗/骚扰四类
uci_02673,Super msg da:)nalla timing.,en,uci_sms_spam_collection_v1,ham,NEEDS_REVIEW,,ab61d8348561,私人日常闲聊/生活对话/朋友间沟通，不属于事务/广告/诈骗/骚扰四类
uci_02674,"Good afternoon, my boytoy ... How are you feeling today ? Better I hope? Are you being my good boy? Are you my obedient, slave? Do you please your Queen?",en,uci_sms_spam_collection_v1,ham,NEEDS_REVIEW,,ed2d48650ac2,私人日常闲聊/生活对话/朋友间沟通，不属于事务/广告/诈骗/骚扰四类
uci_02675,I am 6 ft. We will be a good combination!,en,uci_sms_spam_collection_v1,ham,NEEDS_REVIEW,,6fa1b3f05672,私人日常闲聊/生活对话/朋友间沟通，不属于事务/广告/诈骗/骚扰四类
uci_02676,I'm sick !! I'm needy !! I want you !! *pouts* *stomps feet* Where are you ?! *pouts* *stomps feet* I want my slave !! I want him now !!,en,uci_sms_spam_collection_v1,ham,NEEDS_REVIEW,,0105787edf69,私人日常闲聊/生活对话/朋友间沟通，不属于事务/广告/诈骗/骚扰四类
uci_02677,* Am on a train back from northampton so i'm afraid not!,en,uci_sms_spam_collection_v1,ham,NEEDS_REVIEW,,4af871d51b32,私人日常闲聊/生活对话/朋友间沟通，不属于事务/广告/诈骗/骚扰四类
uci_02678,Where in abj are you serving. Are you staying with dad or alone.,en,uci_sms_spam_collection_v1,ham,NEEDS_REVIEW,,771f326b1ca0,私人日常闲聊/生活对话/朋友间沟通，不属于事务/广告/诈骗/骚扰四类
uci_02679,Was playng 9 doors game and gt racing on phone lol,en,uci_sms_spam_collection_v1,ham,NEEDS_REVIEW,,462e009d3830,私人日常闲聊/生活对话/朋友间沟通，不属于事务/广告/诈骗/骚扰四类
uci_02680,"New Tones This week include: 1)McFly-All Ab.., 2) Sara Jorge-Shock.. 3) Will Smith-Switch.. To order follow instructions on next message",en,uci_sms_spam_collection_v1,spam,AD,,ef605d3706bb,本周新铃声推广要求按下一条短信指示订购，属于付费铃声订阅广告
uci_02681,"Solve d Case : A Man Was Found Murdered On  &lt;DECIMAL&gt; . &lt;#&gt;  AfterNoon. 1,His wife called Police. 2,Police questioned everyone. 3,Wife: Sir,I was sleeping, when the murder took place. 4.Cook: I was cooking. 5.Gardener: I was picking vegetables. 6.House-Maid: I went 2 d post office. 7.Children: We went 2 play. 8.Neighbour: We went 2 a marriage. Police arrested d murderer Immediately. Who's It? Reply With Reason, If U r Brilliant.",en,uci_sms_spam_collection_v1,ham,NEEDS_REVIEW,,c73433d1aba6,侦探推理谜题转发消息，属于娱乐类转发内容，不属前四类
uci_02682,I'm on da bus going home...,en,uci_sms_spam_collection_v1,ham,NEEDS_REVIEW,,3a68fa638fe4,私人日常闲聊/生活对话/朋友间沟通，不属于事务/广告/诈骗/骚扰四类
uci_02683,I got a call from a landline number. . . I am asked to come to anna nagar . . . I will go in the afternoon,en,uci_sms_spam_collection_v1,ham,NEEDS_REVIEW,,fef42753f434,私人日常闲聊/生活对话/朋友间沟通，不属于事务/广告/诈骗/骚扰四类
uci_02684,I'm okay. Chasing the dream. What's good. What are you doing next.,en,uci_sms_spam_collection_v1,ham,NEEDS_REVIEW,,b4941834148c,私人日常闲聊/生活对话/朋友间沟通，不属于事务/广告/诈骗/骚扰四类
uci_02685,Yupz... I've oredi booked slots 4 my weekends liao...,en,uci_sms_spam_collection_v1,ham,NEEDS_REVIEW,,512aabd1d0ee,私人日常闲聊/生活对话/朋友间沟通，不属于事务/广告/诈骗/骚扰四类
uci_02686,URGENT! We are trying to contact U. Todays draw shows that you have won a ¡ê800 prize GUARANTEED. Call 09050003091 from land line. Claim C52. Valid 12hrs only,en,uci_sms_spam_collection_v1,spam,FRAUD,,5e21faa9d2c0,声称今日抽奖赢得800英镑保证奖要求拨打固定电话领取，典型中奖吸费诈骗
uci_02687,There r many model..sony ericson also der.. &lt;#&gt; ..it luks good bt i forgot modl no,en,uci_sms_spam_collection_v1,ham,NEEDS_REVIEW,,351519b3e222,私人日常闲聊/生活对话/朋友间沟通，不属于事务/广告/诈骗/骚扰四类
uci_02688,Okie,en,uci_sms_spam_collection_v1,ham,NEEDS_REVIEW,,a6e73a86ca9d,私人日常闲聊/生活对话/朋友间沟通，不属于事务/广告/诈骗/骚扰四类
uci_02689,Yes I know the cheesy songs from frosty the snowman :),en,uci_sms_spam_collection_v1,ham,NEEDS_REVIEW,,ca3ef4d548b3,私人日常闲聊/生活对话/朋友间沟通，不属于事务/广告/诈骗/骚扰四类
uci_02690,"Ya ok, vikky vl c witin  &lt;#&gt; mins and il reply u..",en,uci_sms_spam_collection_v1,ham,NEEDS_REVIEW,,fe7f34ab6598,私人日常闲聊/生活对话/朋友间沟通，不属于事务/广告/诈骗/骚扰四类
uci_02691,sports fans - get the latest sports news str* 2 ur mobile 1 wk FREE PLUS a FREE TONE Txt SPORT ON to 8007 www.getzed.co.uk 0870141701216+ norm 4txt/120p,en,uci_sms_spam_collection_v1,spam,AD,,404bf950e962,体育新闻免费加免费铃声推广，属于内容订阅服务广告
uci_02692,Hey tmr meet at bugis 930 ?,en,uci_sms_spam_collection_v1,ham,NEEDS_REVIEW,,28c679797a99,私人日常闲聊/生活对话/朋友间沟通，不属于事务/广告/诈骗/骚扰四类
uci_02693,"Urgent Urgent! We have 800 FREE flights to Europe to give away, call B4 10th Sept & take a friend 4 FREE. Call now to claim on 09050000555. BA128NNFWFLY150ppm",en,uci_sms_spam_collection_v1,spam,FRAUD,,c55c80147357,声称有800张免费欧洲机票赠送要求拨打电话领取，虚假中奖诈骗
uci_02694,All these nice new shirts and the only thing I can wear them to is nudist themed ;_; you in mu?,en,uci_sms_spam_collection_v1,ham,NEEDS_REVIEW,,c287a7f71d1e,私人日常闲聊/生活对话/朋友间沟通，不属于事务/广告/诈骗/骚扰四类
uci_02695,Hey sexy buns! What of that day? No word from you this morning on YM ... :-( ... I think of you,en,uci_sms_spam_collection_v1,ham,NEEDS_REVIEW,qa_fix_v1,4762a052cee3,[fix:adult-or-secret-admirer NEEDS_REVIEW->HARASS] 私人日常闲聊/生活对话/朋友间沟通，不属于事务/广告/诈骗/骚扰四类 [fix:revert-ham-kisses-xxx HARASS->NEEDS_REVIEW]
uci_02696,And whenever you and i see we can still hook up too.,en,uci_sms_spam_collection_v1,ham,NEEDS_REVIEW,,e565d538b3b6,私人日常闲聊/生活对话/朋友间沟通，不属于事务/广告/诈骗/骚扰四类
uci_02697,Nope but i'm going home now then go pump petrol lor... Like going 2 rain soon...,en,uci_sms_spam_collection_v1,ham,NEEDS_REVIEW,,8e8a1f8dd3a3,私人日常闲聊/生活对话/朋友间沟通，不属于事务/广告/诈骗/骚扰四类
uci_02698,Can you use foreign stamps for whatever you send them off for?,en,uci_sms_spam_collection_v1,ham,NEEDS_REVIEW,,9d5754fb9e8e,私人日常闲聊/生活对话/朋友间沟通，不属于事务/广告/诈骗/骚扰四类
uci_02699,FROM 88066 LOST ¡ê12 HELP,en,uci_sms_spam_collection_v1,spam,AD,,3334ecd35811,丢失12英镑帮助来自86688的付费服务短信，属于收费信息服务推广
uci_02700,Oh baby of the house. How come you dont have any new pictures on facebook,en,uci_sms_spam_collection_v1,ham,NEEDS_REVIEW,,14c74503b724,私人闲聊，询问为何没有新Facebook照片，无法归入业务类别
uci_02701,"Feb  &lt;#&gt;  is ""I LOVE U"" day. Send dis to all ur ""VALUED FRNDS"" evn me. If 3 comes back u'll gt married d person u luv! If u ignore dis u will lose ur luv 4 Evr",en,uci_sms_spam_collection_v1,ham,NEEDS_REVIEW,,d40cf618c5c4,转发类链式消息，要求转发给朋友以获取爱情，属于转发内容
uci_02702,"Hiya, sorry didn't hav signal. I haven't seen or heard from and neither has, which is unusual in itself! I'll put on the case and get him to sort it out! Hugs and snogs.",en,uci_sms_spam_collection_v1,ham,NEEDS_REVIEW,,94aed40aa60d,私人闲聊，关于信号问题和朋友近况，无法归入业务类别
uci_02703,"Omw back to tampa from west palm, you hear what happened?",en,uci_sms_spam_collection_v1,ham,NEEDS_REVIEW,,1160ff4a1275,私人闲聊，询问回家路上发生的事情，属于个人对话
uci_02704,Yup no more already... Thanx 4 printing n handing it up.,en,uci_sms_spam_collection_v1,ham,NEEDS_REVIEW,,b18ed61b2575,私人闲聊，感谢打印和递交东西，属于个人对话
uci_02705,FreeMsg: Fancy a flirt? Reply DATE now & join the UKs fastest growing mobile dating service. Msgs rcvd just 25p to optout txt stop to 83021. Reply DATE now!,en,uci_sms_spam_collection_v1,spam,AD,,42b017265c27,推广移动约会服务，回复DATE加入，属于付费交友服务广告
uci_02706,What i mean is do they come chase you out when its over or is it stated you can watch as many movies as you want.,en,uci_sms_spam_collection_v1,ham,NEEDS_REVIEW,,758a791476e5,私人闲聊，讨论电影观看方式，属于个人对话
uci_02707,S now only i took tablets . Reaction morning only.,en,uci_sms_spam_collection_v1,ham,NEEDS_REVIEW,,822b34f62a48,私人闲聊，关于服药反应，属于个人对话
uci_02708,Great NEW Offer - DOUBLE Mins & DOUBLE Txt on best Orange tariffs AND get latest camera phones 4 FREE! Call MobileUpd8 free on 08000839402 NOW! or 2stoptxt T&Cs,en,uci_sms_spam_collection_v1,spam,AD,,88063754637f,Orange运营商促销，双倍分钟数和短信，免费升级手机，属于电信服务广告
uci_02709,"Nah, I'm a perpetual DD",en,uci_sms_spam_collection_v1,ham,NEEDS_REVIEW,,9a5c19e42a3e,私人闲聊，自称永久DD（可能指代驾），属于个人对话
uci_02710,Sorry de i went to shop.,en,uci_sms_spam_collection_v1,ham,NEEDS_REVIEW,,2f88789c22ae,私人闲聊，告知去商店了，属于个人对话
uci_02711,Hope you enjoyed your new content. text stop to 61610 to unsubscribe. help:08712400602450p Provided by tones2you.co.uk,en,uci_sms_spam_collection_v1,spam,AD,,7c0e27e39727,推广铃声订阅服务，提供退订方式，属于付费内容服务广告
uci_02712,"Wen ur lovable bcums angry wid u, dnt take it seriously.. Coz being angry is d most childish n true way of showing deep affection, care n luv!.. kettoda manda... Have nice day da.",en,uci_sms_spam_collection_v1,ham,NEEDS_REVIEW,,da7152aa1544,私人闲聊，关于生气与感情的表达，属于个人对话
uci_02713,Hey you still want to go for yogasana? Coz if we end at cine then can go bathe and hav the steam bath,en,uci_sms_spam_collection_v1,ham,NEEDS_REVIEW,,03f34a75a7d4,私人闲聊，讨论去做瑜伽还是看电影，属于个人对话
uci_02714,Nope i'm not drivin... I neva develop da photos lei...,en,uci_sms_spam_collection_v1,ham,NEEDS_REVIEW,,8c9375ef59cb,私人闲聊，关于开车和冲洗照片，属于个人对话
uci_02715,I am thinking of going down to reg for pract lessons.. Flung my advance.. Haha wat time u going?,en,uci_sms_spam_collection_v1,ham,NEEDS_REVIEW,,c247f0f5a99a,私人闲聊，讨论报名练习课程，属于个人对话
uci_02716,Cool. I am  &lt;#&gt;  inches long. hope you like them big!,en,uci_sms_spam_collection_v1,ham,NEEDS_REVIEW,,ee031b3a297d,私人暧昧聊天，带有调侃性质，属于个人对话
uci_02717,"House-Maid is the murderer, coz the man was murdered on  &lt;#&gt; th January.. As public holiday all govt.instituitions are closed,including post office..understand?",en,uci_sms_spam_collection_v1,ham,NEEDS_REVIEW,,2fb412b13400,转发谜题/脑筋急转弯，关于谋杀案推理，属于转发内容
uci_02718,Okie.. Thanx..,en,uci_sms_spam_collection_v1,ham,NEEDS_REVIEW,,ddbf4eda0fae,私人闲聊，简短回复感谢，属于个人对话
uci_02719,18 days to Euro2004 kickoff! U will be kept informed of all the latest news and results daily. Unsubscribe send GET EURO STOP to 83222.,en,uci_sms_spam_collection_v1,spam,AD,,c1eb53c1d89f,推广欧洲杯新闻订阅服务，可退订，属于付费内容订阅广告
uci_02720,Go where n buy? Juz buy when we get there lar.,en,uci_sms_spam_collection_v1,ham,NEEDS_REVIEW,,dccaefaeccad,私人闲聊，讨论去哪里买东西，属于个人对话
uci_02721,Ok lor...,en,uci_sms_spam_collection_v1,ham,NEEDS_REVIEW,,0df9b6706102,私人闲聊，简短回复，属于个人对话
uci_02722,I'm working technical support :)voice process.,en,uci_sms_spam_collection_v1,ham,NEEDS_REVIEW,,23bf9b657399,私人闲聊，关于技术支持工作，属于个人对话
uci_02723,It's justbeen overa week since we broke up and already our brains are going to mush!,en,uci_sms_spam_collection_v1,ham,NEEDS_REVIEW,,e08aa739e0f1,私人闲聊，关于分手后的感受，属于个人对话
uci_02724,"Tunde, how are you doing. This is just wishing you a great day. Abiola.",en,uci_sms_spam_collection_v1,ham,NEEDS_REVIEW,,46540c4f917b,私人问候，祝朋友一天好心情，属于个人对话
uci_02725,Nope... C ¨¹ then...,en,uci_sms_spam_collection_v1,ham,NEEDS_REVIEW,,4a78f8cbfbdd,私人闲聊，简短回复，属于个人对话
uci_02726,No. But we'll do medical missions to nigeria,en,uci_sms_spam_collection_v1,ham,NEEDS_REVIEW,,eb9847c25943,私人闲聊，讨论去尼日利亚做医疗任务，属于个人对话
uci_02727,No i am not having not any movies in my laptop,en,uci_sms_spam_collection_v1,ham,NEEDS_REVIEW,,d8c5912fce1b,私人闲聊，关于笔记本电脑里没有电影，属于个人对话
uci_02728,Whatsup there. Dont u want to sleep,en,uci_sms_spam_collection_v1,ham,NEEDS_REVIEW,,d5df1c86fcc5,私人闲聊，询问是否想睡觉，属于个人对话
uci_02729,Urgent Please call 09066612661 from landline. ¡ê5000 cash or a luxury 4* Canary Islands Holiday await collection. T&Cs SAE award. 20M12AQ. 150ppm. 16+ ¡°,en,uci_sms_spam_collection_v1,spam,FRAUD,,a5ba2a92de7d,虚假中奖诈骗，声称赢取5000现金或豪华假期，要求拨打收费电话，典型骗局
uci_02730,"Urgent! Please call 09066612661 from your landline, your complimentary 4* Lux Costa Del Sol holiday or ¡ê1000 CASH await collection. ppm 150 SAE T&Cs James 28, EH74RR",en,uci_sms_spam_collection_v1,spam,FRAUD,,ab7cc583094a,虚假中奖诈骗，声称赢取1000现金或豪华假期，要求拨打收费电话，典型骗局
uci_02731,I havent lei.. Next mon can?,en,uci_sms_spam_collection_v1,ham,NEEDS_REVIEW,,9b9c8d6a2306,私人闲聊，关于下周一的安排，属于个人对话
uci_02732,Mm feeling sleepy. today itself i shall get that dear,en,uci_sms_spam_collection_v1,ham,NEEDS_REVIEW,,f01d80184d02,私人闲聊，关于困倦的感受，属于个人对话
uci_02733,How dare you stupid. I wont tell anything to you. Hear after i wont talk to you:-.,en,uci_sms_spam_collection_v1,ham,NEEDS_REVIEW,,4efb2c811cf8,私人闲聊，表达不满情绪，属于个人对话
uci_02734,Do ¨¹ noe if ben is going?,en,uci_sms_spam_collection_v1,ham,NEEDS_REVIEW,,8687068fcd3b,私人闲聊，询问ben是否要去，属于个人对话
uci_02735,Can you do a mag meeting this avo at some point?,en,uci_sms_spam_collection_v1,ham,NEEDS_REVIEW,,41e833766b68,私人闲聊，询问是否能开会，属于个人对话
uci_02736,I meant middle left or right?,en,uci_sms_spam_collection_v1,ham,NEEDS_REVIEW,,f8a4da1db4ce,私人闲聊，询问位置方向，属于个人对话
uci_02737,Really? I crashed out cuddled on my sofa.,en,uci_sms_spam_collection_v1,ham,NEEDS_REVIEW,,34f006d5bb77,私人闲聊，关于在沙发上睡着，属于个人对话
uci_02738,Hi Chachi tried calling u now unable to reach u .. Pl give me a missed cal once u c tiz msg  Kanagu,en,uci_sms_spam_collection_v1,ham,NEEDS_REVIEW,,9ce6cdc0f7ce,私人闲聊，关于打电话未接通，属于个人对话
uci_02739,"I sent you the prices and do you mean the  &lt;#&gt; g,",en,uci_sms_spam_collection_v1,ham,NEEDS_REVIEW,,96dd21516c37,私人闲聊，关于发送价格信息，属于个人对话
uci_02740,Are you this much buzy,en,uci_sms_spam_collection_v1,ham,NEEDS_REVIEW,,98ea70b1a93e,私人闲聊，询问是否很忙，属于个人对话
uci_02741,Nothing. Can...,en,uci_sms_spam_collection_v1,ham,NEEDS_REVIEW,,735dac526814,私人闲聊，简短回复，属于个人对话
uci_02742,I don't know u and u don't know me. Send CHAT to 86688 now and let's find each other! Only 150p/Msg rcvd. HG/Suite342/2Lands/Row/W1J6HL LDN. 18 years or over.,en,uci_sms_spam_collection_v1,spam,AD,,da95ecf26aa2,推广移动聊天服务，发送CHAT到86688寻找朋友，属于付费聊天服务广告
uci_02743,No * am working on the ringing u thing but have whole houseful of screaming brats so * am pulling my hair out! Loving u,en,uci_sms_spam_collection_v1,ham,NEEDS_REVIEW,,7db688805489,私人闲聊，关于孩子吵闹和恋爱，属于个人对话
uci_02744,But my family not responding for anything. Now am in room not went to home for diwali but no one called me and why not coming. It makes me feel like died.,en,uci_sms_spam_collection_v1,ham,NEEDS_REVIEW,,18ff20fa99d5,私人闲聊，关于家庭不回消息和排灯节，属于个人对话
uci_02745,"Tick, tick, tick ... Babe",en,uci_sms_spam_collection_v1,ham,NEEDS_REVIEW,,2f471a0a587e,私人闲聊，对伴侣的昵称表达，属于个人对话
uci_02746,R ¨¹ going 4 today's meeting?,en,uci_sms_spam_collection_v1,ham,NEEDS_REVIEW,,99c9b1f6ab17,私人闲聊，询问是否去开会，属于个人对话
uci_02747,K da:)how many page you want?,en,uci_sms_spam_collection_v1,ham,NEEDS_REVIEW,,1c2e5e8697e0,私人闲聊，询问要多少页，属于个人对话
uci_02748,Ya had just now.onion roast.,en,uci_sms_spam_collection_v1,ham,NEEDS_REVIEW,,a739323dde63,私人闲聊，关于洋葱烤肉，属于个人对话
uci_02749,Send his number and give reply tomorrow morning for why you said that to him like that ok,en,uci_sms_spam_collection_v1,ham,NEEDS_REVIEW,,c45bc6460276,私人闲聊，关于发送号码和回复，属于个人对话
uci_02750,You said not now. No problem. When you can. Let me know.,en,uci_sms_spam_collection_v1,ham,NEEDS_REVIEW,,250924d5cd75,私人闲聊，关于时间安排，属于个人对话
uci_02751,Ok but tell me half an hr b4 u come i need 2 prepare.,en,uci_sms_spam_collection_v1,ham,NEEDS_REVIEW,,3b3c8e69890b,私人闲聊，关于提前半小时通知，属于个人对话
uci_02752,Play w computer? Aiyah i tok 2 u lor?,en,uci_sms_spam_collection_v1,ham,NEEDS_REVIEW,,4f3c38ffa763,私人闲聊，关于玩电脑，属于个人对话
uci_02753,Sat right? Okay thanks...,en,uci_sms_spam_collection_v1,ham,NEEDS_REVIEW,,83a1e128cb44,私人闲聊，简短确认，属于个人对话
uci_02754,"Derp. Which is worse, a dude who always wants to party or a dude who files a complaint about the three drug abusers he lives with",en,uci_sms_spam_collection_v1,ham,NEEDS_REVIEW,,fdc7669d4a57,私人闲聊，关于爱派对的人和投诉室友，属于个人对话
uci_02755,Ok Chinese food on its way. When I get fat you're paying for my lipo.,en,uci_sms_spam_collection_v1,ham,NEEDS_REVIEW,,f3110fa2b9e3,私人闲聊，关于中餐和减肥，属于个人对话
uci_02756,We r outside already.,en,uci_sms_spam_collection_v1,ham,NEEDS_REVIEW,,553007419142,私人闲聊，告知已经在外面了，属于个人对话
uci_02757,Have a good trip. Watch out for . Remember when you get back we must decide about easter.,en,uci_sms_spam_collection_v1,ham,NEEDS_REVIEW,,0a7e01e38b63,私人闲聊，关于旅行和复活节计划，属于个人对话
uci_02758,Yo we are watching a movie on netflix,en,uci_sms_spam_collection_v1,ham,NEEDS_REVIEW,,272719062270,私人闲聊，关于在Netflix看电影，属于个人对话
uci_02759,What time. I¡®m out until prob 3 or so,en,uci_sms_spam_collection_v1,ham,NEEDS_REVIEW,,2d60f6f7db3e,私人闲聊，关于外出时间，属于个人对话
uci_02760,"Can meh? Thgt some will clash... Really ah, i dun mind... I dun seen to have lost any weight... Gee...",en,uci_sms_spam_collection_v1,ham,NEEDS_REVIEW,,7941d91807c2,私人闲聊，关于时间冲突和体重，属于个人对话
uci_02761,I dont thnk its a wrong calling between us,en,uci_sms_spam_collection_v1,ham,NEEDS_REVIEW,,08326a364c0f,私人闲聊，关于通话是否正常，属于个人对话
uci_02762,I am not sure about night menu. . . I know only about noon menu,en,uci_sms_spam_collection_v1,ham,NEEDS_REVIEW,,370d9f4a7481,私人闲聊，关于夜间菜单，属于个人对话
uci_02763,ARR birthday today:) i wish him to get more oscar.,en,uci_sms_spam_collection_v1,ham,NEEDS_REVIEW,,c400821fc28f,私人闲聊，祝福某人生日快乐，属于个人对话
uci_02764,"Say this slowly.? GOD,I LOVE YOU &amp; I NEED YOU,CLEAN MY HEART WITH YOUR BLOOD.Send this to Ten special people &amp; u c miracle tomorrow, do it,pls,pls do it...",en,uci_sms_spam_collection_v1,ham,NEEDS_REVIEW,,17abb528d1b6,转发宗教链式消息，要求转发给10个人以获得奇迹，属于转发内容
uci_02765,"Open rebtel with firefox. When it loads just put plus sign in the user name place, and it will show you two numbers. The lower number is my number. Once you pick that number the pin will display okay!",en,uci_sms_spam_collection_v1,ham,NEEDS_REVIEW,,b2e0bac924aa,私人闲聊，关于Rebtel软件使用方法，属于个人对话
uci_02766,and  picking them up from various points,en,uci_sms_spam_collection_v1,ham,NEEDS_REVIEW,,99f738d2abdd,私人闲聊，关于从不同地点接人，属于个人对话
uci_02767,Married local women looking for discreet action now! 5 real matches instantly to your phone. Text MATCH to 69969 Msg cost 150p 2 stop txt stop BCMSFWC1N3XX,en,uci_sms_spam_collection_v1,spam,HARASS,,2c299bbb9cc6,推广成人约会服务，寻找已婚女性进行秘密约会，属于成人骚扰内容
uci_02768,Wow v v impressed. Have funs shopping!,en,uci_sms_spam_collection_v1,ham,NEEDS_REVIEW,,698e80a7b328,私人闲聊，关于购物体验，属于个人对话
uci_02769,I am on the way to ur home,en,uci_sms_spam_collection_v1,ham,NEEDS_REVIEW,,98567d786fb4,私人闲聊，告知在去对方家的路上，属于个人对话
uci_02770,Burger King - Wanna play footy at a top stadium? Get 2 Burger King before 1st Sept and go Large or Super with Coca-Cola and walk out a winner,en,uci_sms_spam_collection_v1,spam,AD,,1dbcbfbe9850,Burger King促销活动，购买套餐赢取体育场门票，属于商家促销广告
uci_02771,No problem. Talk to you later,en,uci_sms_spam_collection_v1,ham,NEEDS_REVIEW,,5e631dc9342c,私人闲聊，简短回复稍后联系，属于个人对话
uci_02772,Then ur sis how?,en,uci_sms_spam_collection_v1,ham,NEEDS_REVIEW,,99b2173a08c1,私人闲聊，询问姐妹情况，属于个人对话
uci_02773,Still in customer place,en,uci_sms_spam_collection_v1,ham,NEEDS_REVIEW,,99b89e01b9fb,私人闲聊，告知还在客户处，属于个人对话
uci_02774,How come it takes so little time for a child who is afraid of the dark to become a teenager who wants to stay out all night?,en,uci_sms_spam_collection_v1,spam,NEEDS_REVIEW,,cc589928ff20,转发笑话/名言，关于孩子怕黑到青少年想熬夜的转变，属于转发内容
uci_02775,"Dude u knw also telugu..thts gud..k, gud nyt..",en,uci_sms_spam_collection_v1,ham,NEEDS_REVIEW,,e17ab715494b,私人闲聊，关于泰卢固语和晚安，属于个人对话
uci_02776,We confirm eating at esplanade?,en,uci_sms_spam_collection_v1,ham,NEEDS_REVIEW,,092b6603e027,私人闲聊，确认是否在滨海湾吃饭，属于个人对话
uci_02777,Send me your id and password,en,uci_sms_spam_collection_v1,ham,NEEDS_REVIEW,,d3611bc487b6,私人闲聊，要求发送账号密码给对方，属于个人对话
uci_02778,Kind of. Took it to garage. Centre part of exhaust needs replacing. Part ordered n taking it to be fixed tomo morning.,en,uci_sms_spam_collection_v1,ham,NEEDS_REVIEW,,3d5c18cbf5fd,私人闲聊，关于汽车排气管维修，属于个人对话
uci_02779,"For ur chance to win a ¡ê250 cash every wk TXT: ACTION to 80608. T's&C's www.movietrivia.tv custcare 08712405022, 1x150p/wk.",en,uci_sms_spam_collection_v1,spam,AD,,8043ee66f6de,推广每周抽奖活动，发送ACTION赢取250现金，属于竞赛促销广告
uci_02780,Well I might not come then...,en,uci_sms_spam_collection_v1,ham,NEEDS_REVIEW,,a8b8c9963d4f,私人闲聊，关于可能不去了，属于个人对话
uci_02781,Long after I quit. I get on only like 5 minutes a day as it is.,en,uci_sms_spam_collection_v1,ham,NEEDS_REVIEW,,01483070e3da,私人闲聊，关于戒烟后上网时间，属于个人对话
uci_02782,Then its most likely called Mittelschmertz. Google it. If you dont have paracetamol dont worry it will go.,en,uci_sms_spam_collection_v1,ham,NEEDS_REVIEW,,218808c182be,私人闲聊，关于头痛和药物，属于个人对话
uci_02783,Well at this right I'm gonna have to get up and check today's steam sales/pee so text me when you want me to come get you,en,uci_sms_spam_collection_v1,ham,NEEDS_REVIEW,,4bc7f33e03c3,私人闲聊，关于Steam促销和碰面，属于个人对话
uci_02784,"Just arrived, see you in a couple days &lt;3",en,uci_sms_spam_collection_v1,ham,NEEDS_REVIEW,,9fb73860cf07,私人闲聊，告知已到达，属于个人对话
uci_02785,"K, wat s tht incident?",en,uci_sms_spam_collection_v1,ham,NEEDS_REVIEW,,c3d240eb19b7,私人闲聊，询问那件事是什么，属于个人对话
uci_02786,Yeah get the unlimited,en,uci_sms_spam_collection_v1,ham,NEEDS_REVIEW,,2cbe65afd586,私人闲聊，关于选择无限套餐，属于个人对话
uci_02787,cThen i thk shd b enuff.. Still got conclusion n contents pg n references.. I'll b doing da contents pg n cover pg..,en,uci_sms_spam_collection_v1,ham,NEEDS_REVIEW,,6572891ad9c3,私人闲聊，关于作业内容和参考文献，属于个人对话
uci_02788,"Forgot it takes me 3 years to shower, sorry. Where you at/your phone dead yet?",en,uci_sms_spam_collection_v1,ham,NEEDS_REVIEW,,981d29b42d75,私人闲聊，关于洗澡和手机没电，属于个人对话
uci_02789,¨¹ got wat to buy tell us then ¨¹ no need to come in again.,en,uci_sms_spam_collection_v1,ham,NEEDS_REVIEW,,af0f8b8af09b,私人闲聊，关于要买的东西，属于个人对话
uci_02790,When you are big..| God will bring success.,en,uci_sms_spam_collection_v1,ham,NEEDS_REVIEW,,d04b6a1c4692,私人闲聊，关于成功和上帝，属于个人对话
uci_02791,U¡¯ve Bin Awarded ¡ê50 to Play 4 Instant Cash. Call 08715203028 To Claim. EVERY 9th Player Wins Min ¡ê50-¡ê500. OptOut 08718727870,en,uci_sms_spam_collection_v1,spam,FRAUD,,133a30b53832,虚假中奖诈骗，声称获得50英镑即时现金奖励，要求拨打收费电话领取，典型骗局
uci_02792,"¡­ we r stayin here an extra week, back next wed. How did we do in the rugby this weekend? Hi to and and , c u soon """,en,uci_sms_spam_collection_v1,ham,NEEDS_REVIEW,,3ba6a0ef9d10,私人闲聊，关于延长一周和橄榄球比赛，属于个人对话
uci_02793,Well there's still a bit left if you guys want to tonight,en,uci_sms_spam_collection_v1,ham,NEEDS_REVIEW,,7caa0a268caa,私人闲聊，关于今晚还有剩余，属于个人对话
uci_02794,Not from this campus. Are you in the library?,en,uci_sms_spam_collection_v1,ham,NEEDS_REVIEW,,faa496b34096,私人闲聊，关于校园和图书馆，属于个人对话
uci_02795,"The affidavit says  &lt;#&gt;  E Twiggs St, division g, courtroom  &lt;#&gt; , &lt;TIME&gt;  AM. I'll double check and text you again tomorrow",en,uci_sms_spam_collection_v1,ham,NEEDS_REVIEW,,d4f090ff8d35,私人闲聊，关于法庭文件地址，属于个人对话
uci_02796,How will I creep on you now? ;_;,en,uci_sms_spam_collection_v1,ham,NEEDS_REVIEW,,c811aabb652b,私人闲聊，关于偷看对方，属于个人对话
uci_02797,Tell your friends what you plan to do on Valentines day @ &lt;URL&gt;,en,uci_sms_spam_collection_v1,ham,NEEDS_REVIEW,,73b9c0656bb2,私人闲聊，关于情人节计划，属于个人对话
uci_02798,If I get there before you after your ten billion calls and texts so help me god,en,uci_sms_spam_collection_v1,ham,NEEDS_REVIEW,,279b008207d0,私人闲聊，关于比对方先到，属于个人对话
uci_02799,Purity of friendship between two is not about smiling after reading the forwarded message..Its about smiling just by seeing the name. Gud evng musthu,en,uci_sms_spam_collection_v1,ham,NEEDS_REVIEW,,6c2c8d0a29db,转发关于友谊的感悟消息，属于转发内容
uci_02800,I've told him that i've returned it. That should i re order it.,en,uci_sms_spam_collection_v1,ham,NEEDS_REVIEW,,5067d9edd35a,私人闲聊，关于退货和重新订购，属于个人对话
uci_02801,"House-Maid is the murderer, coz the man was murdered on  &lt;#&gt; th January.. As public holiday all govt.instituitions are closed,including post office..",en,uci_sms_spam_collection_v1,ham,NEEDS_REVIEW,,2fb412b13400,转发谜题/脑筋急转弯，关于谋杀案推理，属于转发内容
uci_02802,Depends on where u going lor.,en,uci_sms_spam_collection_v1,ham,NEEDS_REVIEW,,5562bacf2577,私人闲聊，关于去哪里，属于个人对话
uci_02803,And smile for me right now as you go and the world will wonder what you are smiling about and think your crazy and keep away from you ... *grins*,en,uci_sms_spam_collection_v1,ham,NEEDS_REVIEW,,2ea827e13c39,转发关于微笑的正能量消息，属于转发内容
uci_02804,FreeMsg>FAV XMAS TONES!Reply REAL,en,uci_sms_spam_collection_v1,spam,AD,,67fea081cf16,推广圣诞铃声服务，回复REAL获取，属于付费铃声广告
uci_02805,Lil fever:) now fine:),en,uci_sms_spam_collection_v1,ham,NEEDS_REVIEW,,1fb76d5cdc9b,私人闲聊，关于轻微发烧，属于个人对话
uci_02806,I think it's all still in my car,en,uci_sms_spam_collection_v1,ham,NEEDS_REVIEW,,452421662a4f,私人闲聊，关于东西还在车里，属于个人对话
uci_02807,Can a not?,en,uci_sms_spam_collection_v1,ham,NEEDS_REVIEW,,043f9a9da179,私人闲聊，简短回复，属于个人对话
uci_02808,December only! Had your mobile 11mths+? You are entitled to update to the latest colour camera mobile for Free! Call The Mobile Update Co FREE on 08002986906,en,uci_sms_spam_collection_v1,spam,AD,,9a321c2fcc76,推广免费升级彩屏手机，针对使用11个月以上的用户，属于手机促销广告
uci_02809,Yes princess! I want to catch you with my big strong hands...,en,uci_sms_spam_collection_v1,ham,NEEDS_REVIEW,,0ca47205bd80,私人暧昧聊天，对伴侣的昵称，属于个人对话
uci_02810,Oh yeah I forgot. U can only take 2 out shopping at once.,en,uci_sms_spam_collection_v1,ham,NEEDS_REVIEW,,073448172afe,私人闲聊，关于购物限制，属于个人对话
uci_02811,Mm so you asked me not to call radio,en,uci_sms_spam_collection_v1,ham,NEEDS_REVIEW,,49d65fb845c3,私人闲聊，关于不听广播，属于个人对话
uci_02812,Thinkin about someone is all good. No drugs for that,en,uci_sms_spam_collection_v1,ham,NEEDS_REVIEW,,f9ad2e8b4513,私人闲聊，关于想念某人，属于个人对话
uci_02813,"Say this slowly.? GOD,I LOVE YOU &amp; I NEED YOU,CLEAN MY HEART WITH YOUR BLOOD.Send this to Ten special people &amp; u c miracle tomorrow, do it,pls,pls do it...",en,uci_sms_spam_collection_v1,ham,NEEDS_REVIEW,,17abb528d1b6,转发宗教链式消息，要求转发给10个人，属于转发内容
uci_02814,"Enjoy the showers of possessiveness poured on u by ur loved ones, bcoz in this world of lies, it is a golden gift to be loved truly..",en,uci_sms_spam_collection_v1,ham,NEEDS_REVIEW,,740f99cb078d,转发关于被爱的感悟消息，属于转发内容
uci_02815,"Alright if you're sure, let me know when you're leaving",en,uci_sms_spam_collection_v1,ham,NEEDS_REVIEW,,caee3658e750,私人闲聊，关于出发时间，属于个人对话
uci_02816,Some are lasting as much as 2 hours. You might get lucky.,en,uci_sms_spam_collection_v1,ham,NEEDS_REVIEW,,3e1110bca951,私人暧昧聊天，关于持续时间，属于个人对话
uci_02817,Genius what's up. How your brother. Pls send his number to my skype.,en,uci_sms_spam_collection_v1,ham,NEEDS_REVIEW,,515d1782098a,私人闲聊，关于兄弟的电话号码，属于个人对话
uci_02818,"Gr8 Poly tones 4 ALL mobs direct 2u rply with POLY TITLE to 8007 eg POLY BREATHE1 Titles: CRAZYIN, SLEEPINGWITH, FINEST, YMCA :getzed.co.uk POBox365O4W45WQ 300p",en,uci_sms_spam_collection_v1,spam,AD,,380e983bc2cc,推广多彩铃声服务，回复POLY TITLE获取，属于付费铃声广告
uci_02819,Thk some of em find wtc too far... Weiyi not goin... E rest i dunno yet... R ur goin 4 dinner den i might b able to join...,en,uci_sms_spam_collection_v1,ham,NEEDS_REVIEW,,805e52af136b,私人闲聊，关于距离太远和晚餐安排，属于个人对话
uci_02820,Don't forget who owns you and who's private property you are ... And be my good boy always .. *passionate kiss*,en,uci_sms_spam_collection_v1,ham,NEEDS_REVIEW,,6e9d28f0a57f,私人暧昧聊天，关于占有和亲密关系，属于个人对话
uci_02821,INTERFLORA - ?It's not too late to order Interflora flowers for christmas call 0800 505060 to place your order before Midnight tomorrow.,en,uci_sms_spam_collection_v1,spam,AD,,a072b98837c2,Interflora花店圣诞促销，订购鲜花服务，属于商家促销广告
uci_02822,Oh god..taken the teeth?is it paining,en,uci_sms_spam_collection_v1,ham,NEEDS_REVIEW,,dc4e65482e57,私人闲聊，关于拔牙和疼痛，属于个人对话
uci_02823,ROMCAPspam Everyone around should be responding well to your presence since you are so warm and outgoing. You are bringing in a real breath of sunshine.,en,uci_sms_spam_collection_v1,spam,NEEDS_REVIEW,,69f5445becac,转发关于个人魅力的垃圾消息，属于转发内容
uci_02824,Then u ask darren go n pick u lor... But i oso sian tmr haf 2 meet lect...,en,uci_sms_spam_collection_v1,ham,NEEDS_REVIEW,,6d01e56c181b,私人闲聊，关于接人和上课，属于个人对话
uci_02825,No need to buy lunch for me.. I eat maggi mee..,en,uci_sms_spam_collection_v1,ham,NEEDS_REVIEW,,14b252977ec4,私人闲聊，关于午餐吃方便面，属于个人对话
uci_02826,"Congratulations - Thanks to a good friend U have WON the ¡ê2,000 Xmas prize. 2 claim is easy, just call 08712103738 NOW! Only 10p per minute. BT-national-rate",en,uci_sms_spam_collection_v1,spam,FRAUD,,8f01047fdfe2,虚假中奖诈骗，声称赢得2000英镑圣诞奖品，要求拨打收费电话领取，典型骗局
uci_02827,Ok lor...,en,uci_sms_spam_collection_v1,ham,NEEDS_REVIEW,,0df9b6706102,私人闲聊，简短回复，属于个人对话
uci_02828,"Oh right, ok. I'll make sure that i do loads of work during the day!  got a really nasty cough today and is dry n shot so that should really help it!",en,uci_sms_spam_collection_v1,ham,NEEDS_REVIEW,,3a71f404150c,私人闲聊，关于咳嗽和工作安排，属于个人对话
uci_02829,Wife.how she knew the time of murder exactly,en,uci_sms_spam_collection_v1,ham,NEEDS_REVIEW,,b2e75c4d3231,私人闲聊，关于谋杀案推理，属于个人对话
uci_02830,Send a logo 2 ur lover - 2 names joined by a heart. Txt LOVE NAME1 NAME2 MOBNO eg LOVE ADAM EVE 07123456789 to 87077 Yahoo! POBox36504W45WQ TxtNO 4 no ads 150p.,en,uci_sms_spam_collection_v1,spam,AD,,a69268ca5044,推广情侣名字Logo服务，发送LOVE到87077，属于付费增值服务广告
uci_02831,Howz that persons story,en,uci_sms_spam_collection_v1,ham,NEEDS_REVIEW,,4067ccc15d52,私人闲聊，询问某人的故事，属于个人对话
uci_02832,Thanx 4 sending me home...,en,uci_sms_spam_collection_v1,ham,NEEDS_REVIEW,,777fba115f2f,私人闲聊，感谢送回家，属于个人对话
uci_02833,Its normally hot mail. Com you see!,en,uci_sms_spam_collection_v1,ham,NEEDS_REVIEW,,387500dab7ee,私人闲聊，关于Hotmail邮箱，属于个人对话
uci_02834,"You've won tkts to the EURO2004 CUP FINAL or ¡ê800 CASH, to collect CALL 09058099801 b4190604, POBOX 7876150ppm",en,uci_sms_spam_collection_v1,spam,FRAUD,,ce4c84c4a0d5,虚假中奖诈骗，声称赢得欧洲杯决赛门票或800英镑现金，要求拨打收费电话，典型骗局
uci_02835,U sick still can go shopping?,en,uci_sms_spam_collection_v1,ham,NEEDS_REVIEW,,0e90882a495e,私人闲聊，关于生病和购物，属于个人对话
uci_02836,"Ya they are well and fine., BBD(pooja) full pimples..even she become quite black..and ur rite here its too cold, wearing sweatter..",en,uci_sms_spam_collection_v1,ham,NEEDS_REVIEW,,911286ef0370,私人闲聊，关于皮肤状况和天气，属于个人对话
uci_02837,Nice.nice.how is it working?,en,uci_sms_spam_collection_v1,ham,NEEDS_REVIEW,,86a05489e8d7,私人闲聊，询问工作进展，属于个人对话
uci_02838,1's reach home call me.,en,uci_sms_spam_collection_v1,ham,NEEDS_REVIEW,,42c9795797ca,私人闲聊，告知到家后打电话，属于个人对话
uci_02839,Were trying to find a Chinese food place around here,en,uci_sms_spam_collection_v1,ham,NEEDS_REVIEW,,d9ad94e5b946,私人闲聊，寻找中餐馆，属于个人对话
uci_02840,"Easy mate, * guess the quick drink was bit ambitious.",en,uci_sms_spam_collection_v1,ham,NEEDS_REVIEW,,2e083f570fbe,私人闲聊，关于喝酒，属于个人对话
uci_02841,BABE !!! I miiiiiiissssssssss you ! I need you !!! I crave you !!! :-( ... Geeee ... I'm so sad without you babe ... I love you ...,en,uci_sms_spam_collection_v1,ham,NEEDS_REVIEW,,da142b63eb4a,私人闲聊，表达对伴侣的思念，属于个人对话
uci_02842,Ok thanx...,en,uci_sms_spam_collection_v1,ham,NEEDS_REVIEW,,1f049e1aac7b,私人闲聊，简短感谢，属于个人对话
uci_02843,aathi..where are you dear..,en,uci_sms_spam_collection_v1,ham,NEEDS_REVIEW,,cf5db01a5669,私人闲聊，询问某人在哪里，属于个人对话
uci_02844,"Tunji, how's the queen? how are you doing. This is just wishing you a great day. Abiola.",en,uci_sms_spam_collection_v1,ham,NEEDS_REVIEW,,2132a4d98be4,私人问候，祝朋友一天好心情，属于个人对话
uci_02845,Today iZ Yellow rose day. If u love my frndship give me 1 misscall &amp; send this to ur frndZ &amp; See how many miss calls u get. If u get 6missed U marry ur Lover.,en,uci_sms_spam_collection_v1,ham,NEEDS_REVIEW,,5ec32962a9a3,转发链式消息，关于黄玫瑰日和miss call游戏，属于转发内容
uci_02846,Will be out of class in a few hours. Sorry,en,uci_sms_spam_collection_v1,ham,NEEDS_REVIEW,,7a159ce9f352,私人闲聊，关于下课时间，属于个人对话
uci_02847,Wat time u finish ur lect today?,en,uci_sms_spam_collection_v1,ham,NEEDS_REVIEW,,9992e48490e2,私人闲聊，询问何时下课，属于个人对话
uci_02848,"Free-message: Jamster!Get the crazy frog sound now! For poly text MAD1, for real text MAD2 to 88888. 6 crazy sounds for just 3 GBP/week! 16+only! T&C's apply",en,uci_sms_spam_collection_v1,spam,AD,,e44a10ce2ff6,推广Jamster疯狂青蛙铃声服务，发送MAD1/MAD2获取，属于付费铃声广告
uci_02849,"Sad story of a Man - Last week was my b'day. My Wife did'nt wish me. My Parents forgot n so did my Kids . I went to work. Even my Colleagues did not wish. As I entered my cabin my PA said, '' Happy B'day Boss !!''. I felt special. She askd me 4 lunch. After lunch she invited me to her apartment. We went there. She said,'' do u mind if I go into the bedroom for a minute ? '' ''OK'', I sed in a sexy mood. She came out 5 minuts latr wid a cake...n My Wife, My Parents, My Kidz, My Friends n My Colleagues. All screaming.. SURPRISE !! and I was waiting on the sofa.. ... ..... ' NAKED...!",en,uci_sms_spam_collection_v1,ham,NEEDS_REVIEW,qa_fix_v1,0de513b60c46,[fix:adult-or-secret-admirer NEEDS_REVIEW->HARASS] 转发笑话故事，关于生日惊喜派对，属于转发内容 [fix:revert-ham-kisses-xxx HARASS->NEEDS_REVIEW]
uci_02850,"YOUR CHANCE TO BE ON A REALITY FANTASY SHOW call now = 08707509020 Just 20p per min NTT Ltd, PO Box 1327 Croydon CR9 5WB 0870 is a national = rate call",en,uci_sms_spam_collection_v1,spam,AD,,6231660749e3,推广真人秀节目参与机会，拨打收费电话报名，属于付费电视服务广告
uci_02851,She's fine. Good to hear from you. How are you my dear? Happy new year oh.,en,uci_sms_spam_collection_v1,ham,NEEDS_REVIEW,,3284bb30effd,私人闲聊，关于新年祝福，属于个人对话
uci_02852,Are you going to wipro interview today?,en,uci_sms_spam_collection_v1,ham,NEEDS_REVIEW,,1d15aa821128,私人闲聊，关于面试安排，属于个人对话
uci_02853,how tall are you princess?,en,uci_sms_spam_collection_v1,ham,NEEDS_REVIEW,,141cd3f6e4df,私人闲聊，询问身高，属于个人对话
uci_02854,I doubt you could handle 5 times per night in any case...,en,uci_sms_spam_collection_v1,ham,NEEDS_REVIEW,,550b85f4a3c8,私人暧昧聊天，关于性能力，属于个人对话
uci_02855,Haha... Hope ¨¹ can hear the receipt sound... Gd luck!,en,uci_sms_spam_collection_v1,ham,NEEDS_REVIEW,,0e2b1211b0a7,私人闲聊，关于收据声音和好运，属于个人对话
uci_02856,Your gonna be the death if me. I'm gonna leave a note that says its all robs fault. Avenge me.,en,uci_sms_spam_collection_v1,ham,NEEDS_REVIEW,,42eb14bcd0d9,私人闲聊，关于死亡笔记和复仇，属于个人对话
uci_02857,"Japanese Proverb: If one Can do it, U too Can do it, If none Can do it,U must do it Indian version: If one Can do it, LET HIM DO it.. If none Can do it,LEAVE it!! And finally Kerala version: If one can do it, Stop him doing it.. If none can do it, Make a strike against it ...",en,uci_sms_spam_collection_v1,ham,NEEDS_REVIEW,,c2169214b76f,转发名言/谚语，关于日本、印度和喀拉拉邦版本，属于转发内容
uci_02858,Today i'm not workin but not free oso... Gee... Thgt u workin at ur fren's shop ?,en,uci_sms_spam_collection_v1,ham,NEEDS_REVIEW,,9232b1fadead,私人闲聊，关于工作和朋友商店，属于个人对话
uci_02859,In life when you face choices Just toss a coin not becoz its settle the question But while the coin in the air U will know what your heart is hoping for. Gudni8,en,uci_sms_spam_collection_v1,ham,NEEDS_REVIEW,,a3bf77505a22,转发关于抛硬币的感悟消息，属于转发内容
uci_02860,"Do you know why god created gap between your fingers..? So that, One who is made for you comes &amp; fills those gaps by holding your hand with LOVE..!",en,uci_sms_spam_collection_v1,ham,NEEDS_REVIEW,,30b38c3d5eec,转发关于手指间隙的感悟消息，属于转发内容
uci_02861,I want to be there so i can kiss you and feel you next to me,en,uci_sms_spam_collection_v1,ham,NEEDS_REVIEW,,c48ccc82eb15,私人闲聊，表达想亲吻对方的愿望，属于个人对话
uci_02862,I am not at all happy with what you saying or doing,en,uci_sms_spam_collection_v1,ham,NEEDS_REVIEW,,ecd1d801a9f3,私人闲聊，表达不满，属于个人对话
uci_02863,Adult 18 Content Your video will be with you shortly,en,uci_sms_spam_collection_v1,spam,HARASS,,40cd1d7752b2,推广成人18+视频内容，属于成人骚扰内容
uci_02864,"Ok that would b lovely, if u r sure. Think about wot u want to do, drinkin, dancin, eatin, cinema, in, out, about... Up to u! Wot about ?",en,uci_sms_spam_collection_v1,ham,NEEDS_REVIEW,,8472ba1eb1e9,私人闲聊，关于活动安排，属于个人对话
uci_02865,What I'm saying is if you haven't explicitly told nora I know someone I'm probably just not gonna bother,en,uci_sms_spam_collection_v1,ham,NEEDS_REVIEW,,3f13778f3ab3,私人闲聊，关于是否告诉Nora，属于个人对话
uci_02866,He says hi and to get your ass back to south tampa (preferably at a kegger),en,uci_sms_spam_collection_v1,ham,NEEDS_REVIEW,,225b50580783,私人闲聊，关于回南坦帕，属于个人对话
uci_02867,Smith waste da.i wanna gayle.,en,uci_sms_spam_collection_v1,ham,NEEDS_REVIEW,,3fa4b4b4fe7a,私人闲聊，关于喜欢某人，属于个人对话
uci_02868,"Mum, i've sent you many many messages since i got here. I just want to know that you are actually getting them. Do enjoy the rest of your day.",en,uci_sms_spam_collection_v1,ham,NEEDS_REVIEW,,ab956699f5e5,私人闲聊，关于给妈妈发消息，属于个人对话
uci_02869,"Aight, tomorrow around  &lt;#&gt;  it is",en,uci_sms_spam_collection_v1,ham,NEEDS_REVIEW,,7f554e78cdcd,私人闲聊，关于明天的时间安排，属于个人对话
uci_02870,"House-Maid is the murderer, coz the man was murdered on  &lt;#&gt; th January.. As public holiday all govt.instituitions are closed,including post office..understand?",en,uci_sms_spam_collection_v1,ham,NEEDS_REVIEW,,2fb412b13400,转发谜题/脑筋急转弯，关于谋杀案推理，属于转发内容
uci_02871,"YOUR CHANCE TO BE ON A REALITY FANTASY SHOW call now = 08707509020 Just 20p per min NTT Ltd, PO Box 1327 Croydon CR9 5WB 0870 is a national = rate call.",en,uci_sms_spam_collection_v1,spam,AD,,6231660749e3,推广真人秀节目参与机会，拨打收费电话报名，属于付费电视服务广告
uci_02872,I actually did for the first time in a while. I went to bed not too long after i spoke with you. Woke up at 7. How was your night?,en,uci_sms_spam_collection_v1,ham,NEEDS_REVIEW,,9945604a7264,私人闲聊，关于睡眠和夜晚，属于个人对话
uci_02873,See you there!,en,uci_sms_spam_collection_v1,ham,NEEDS_REVIEW,,60e82fa9ec63,私人闲聊，告知在那里见面，属于个人对话
uci_02874,I dont understand your message.,en,uci_sms_spam_collection_v1,ham,NEEDS_REVIEW,,2639f407544a,私人闲聊，表示不理解消息，属于个人对话
uci_02875,Crucify is c not s. You should have told me earlier.,en,uci_sms_spam_collection_v1,ham,NEEDS_REVIEW,,1ec7839ecd09,私人闲聊，关于拼写错误，属于个人对话
uci_02876,"Idk. You keep saying that you're not, but since he moved, we keep butting heads over freedom vs. responsibility. And i'm tired. I have so much other shit to deal with that i'm barely keeping myself together once this gets added to it.",en,uci_sms_spam_collection_v1,ham,NEEDS_REVIEW,,793dcc6ca502,私人闲聊，关于自由与责任的争论，属于个人对话
uci_02877,Fuck cedar key and fuck her (come over anyway tho),en,uci_sms_spam_collection_v1,ham,NEEDS_REVIEW,,8945e8e4260d,私人闲聊，关于去Cedar Key，属于个人对话
uci_02878,twenty past five he said will this train have been to durham already or not coz i am in a reserved seat,en,uci_sms_spam_collection_v1,ham,NEEDS_REVIEW,,2dfc6c6951f9,私人闲聊，关于火车时刻，属于个人对话
uci_02879,"Hey Boys. Want hot XXX pics sent direct 2 ur phone? Txt PORN to 69855, 24Hrs free and then just 50p per day. To stop text STOPBCM SF WC1N3XX",en,uci_sms_spam_collection_v1,spam,HARASS,,010e9cbe8565,推广成人XXX图片服务，发送PORN获取，属于成人骚扰内容
uci_02880,U still painting ur wall?,en,uci_sms_spam_collection_v1,ham,NEEDS_REVIEW,,57a707979c40,私人闲聊，询问是否还在刷墙，属于个人对话
uci_02881,"Last Chance! Claim ur ¡ê150 worth of discount vouchers today! Text SHOP to 85023 now! SavaMob, offers mobile! T Cs SavaMob POBOX84, M263UZ. ¡ê3.00 Sub. 16",en,uci_sms_spam_collection_v1,spam,AD,,b07e0e9f31f5,推广折扣券服务，发送SHOP获取150英镑代金券，属于促销广告
uci_02882,Printer is cool. I mean groovy. Wine is groovying,en,uci_sms_spam_collection_v1,ham,NEEDS_REVIEW,,32d4ecbf5b1b,私人闲聊，关于打印机和葡萄酒，属于个人对话
uci_02883,Hi Harish's rent has been transfred to ur Acnt.,en,uci_sms_spam_collection_v1,ham,NEEDS_REVIEW,,51cce24db020,私人闲聊，关于租金转账，属于个人对话
uci_02884,Anything lor is she coming?,en,uci_sms_spam_collection_v1,ham,NEEDS_REVIEW,,572db531f404,私人闲聊，询问她是否来，属于个人对话
uci_02885,Cbe is really good nowadays:)lot of shop and showrooms:)city is shaping good.,en,uci_sms_spam_collection_v1,ham,NEEDS_REVIEW,,96fc5a3d6be3,私人闲聊，关于城市购物，属于个人对话
uci_02886,¨¹ still attending da talks?,en,uci_sms_spam_collection_v1,ham,NEEDS_REVIEW,,2d9e8811802b,私人闲聊，询问是否还在参加讲座，属于个人对话
uci_02887,No probs hon! How u doinat the mo?,en,uci_sms_spam_collection_v1,ham,NEEDS_REVIEW,,11e34b353402,私人闲聊，问候对方近况，属于个人对话
uci_02888,K I'll take care of it,en,uci_sms_spam_collection_v1,ham,NEEDS_REVIEW,,14f853aa215b,私人闲聊，表示会处理，属于个人对话
uci_02889,I take it we didn't have the phone callon Friday. Can we assume we won't have it this year now?,en,uci_sms_spam_collection_v1,ham,NEEDS_REVIEW,,8c81a74d2484,私人闲聊，关于周五的电话，属于个人对话
uci_02890,My battery is low babe,en,uci_sms_spam_collection_v1,ham,NEEDS_REVIEW,,b58b3fd4894b,私人闲聊，关于手机没电，属于个人对话
uci_02891,Shuhui has bought ron's present it's a swatch watch...,en,uci_sms_spam_collection_v1,ham,NEEDS_REVIEW,,88e03a293273,私人闲聊，关于购买手表礼物，属于个人对话
uci_02892,"Yeah there's quite a bit left, I'll swing by tomorrow when I get up",en,uci_sms_spam_collection_v1,ham,NEEDS_REVIEW,,bdc77312896c,私人闲聊，关于明天取东西，属于个人对话
uci_02893,Babe? You said 2 hours and it's been almost 4 ... Is your internet down ?,en,uci_sms_spam_collection_v1,ham,NEEDS_REVIEW,,7c4d5ed2c83f,私人闲聊，关于网速问题，属于个人对话
uci_02894,K I'll be sure to get up before noon and see what's what,en,uci_sms_spam_collection_v1,ham,NEEDS_REVIEW,,c56b2b3eeb02,私人闲聊，关于中午前起床，属于个人对话
uci_02895,K...k...yesterday i was in cbe .,en,uci_sms_spam_collection_v1,ham,NEEDS_REVIEW,,4078edb72d56,私人闲聊，关于昨天在CBE，属于个人对话
uci_02896,Went to ganesh dress shop,en,uci_sms_spam_collection_v1,ham,NEEDS_REVIEW,,b07907caaa9e,私人闲聊，关于去服装店，属于个人对话
uci_02897,"pdate_Now - Double mins and 1000 txts on Orange tariffs. Latest Motorola, SonyEricsson & Nokia & Bluetooth FREE! Call MobileUpd8 on 08000839402 or call2optout/!YHL",en,uci_sms_spam_collection_v1,spam,AD,,1f1f3b8c3b31,推广Orange运营商双倍分钟和1000短信套餐，免费蓝牙手机，属于电信促销广告
uci_02898,¨¹ collecting ur laptop then going to configure da settings izzit?,en,uci_sms_spam_collection_v1,ham,NEEDS_REVIEW,,796f10dc282f,私人闲聊，关于取笔记本电脑和设置，属于个人对话
uci_02899,If you r @ home then come down within 5 min,en,uci_sms_spam_collection_v1,ham,NEEDS_REVIEW,,8430b0fb0bf7,私人闲聊，关于5分钟内下楼，属于个人对话
uci_02900,"Aight, I should be there by 8 at the latest, probably closer to 7. Are jay and tyler down or should we just do two trips?",en,uci_sms_spam_collection_v1,ham,NEEDS_REVIEW,,78bb4d0d557f,私人闲聊，关于接人安排，属于个人对话
uci_02901,Come aftr  &lt;DECIMAL&gt; ..now i m cleaning the house,en,uci_sms_spam_collection_v1,ham,NEEDS_REVIEW,,5a658371d1a4,私人闲聊，关于打扫房子，属于个人对话
uci_02902,Ur cash-balance is currently 500 pounds - to maximize ur cash-in now send CASH to 86688 only 150p/msg. CC: 08718720201 PO BOX 114/14 TCR/W1,en,uci_sms_spam_collection_v1,spam,FRAUD,,30216cebbdfb,虚假中奖诈骗，声称现金余额500英镑，发送CASH到86688领取，典型骗局
uci_02903,"Bill, as in: Are there any letters for me. i¡¯m expecting one from orange that isn¡¯t a bill but may still say orange on it.",en,uci_sms_spam_collection_v1,ham,NEEDS_REVIEW,,12488ca288a1,私人闲聊，关于信件和账单，属于个人对话
uci_02904,Tell me pa. How is pain de.,en,uci_sms_spam_collection_v1,ham,NEEDS_REVIEW,,61e98a60e446,私人闲聊，询问疼痛情况，属于个人对话
uci_02905,HI DARLIN I HOPE YOU HAD A NICE NIGHT I WISH I HAD COME CANT WAIT TO SEE YOU LOVE FRAN PS I WANT DIRTY ANAL SEX AND I WANT A 10 MAN GANG BANG,en,uci_sms_spam_collection_v1,ham,NEEDS_REVIEW,qa_fix_v1,294afe0711a4,[fix:adult-or-secret-admirer NEEDS_REVIEW->HARASS] 私人暧昧聊天，关于性愿望，属于个人对话 [fix:revert-ham-kisses-xxx HARASS->NEEDS_REVIEW]
uci_02906,"Ha. You don¡®t know either. I did a a clever but simple thing with pears the other day, perfect for christmas.",en,uci_sms_spam_collection_v1,ham,NEEDS_REVIEW,,54b606c8cfff,私人闲聊，关于梨子的做法，属于个人对话
uci_02907,"Helloooo... Wake up..! ""Sweet"" ""morning"" ""welcomes"" ""You"" ""Enjoy"" ""This Day"" ""with full of joy"".. ""GUD MRNG"".",en,uci_sms_spam_collection_v1,ham,NEEDS_REVIEW,,bc7899ccd488,私人问候，早安问候消息，属于个人对话
uci_02908,ALRITE,en,uci_sms_spam_collection_v1,ham,NEEDS_REVIEW,,2a491b530056,私人闲聊，简短回复，属于个人对话
uci_02909,Why must we sit around and wait for summer days to celebrate. Such a magical sight when the worlds dressed in white. Oooooh let there be snow.,en,uci_sms_spam_collection_v1,ham,NEEDS_REVIEW,,67f390d57b0b,转发关于雪景的感悟消息，属于转发内容
uci_02910,URGENT! Your Mobile number has been awarded with a ¡ê2000 prize GUARANTEED. Call 09058094454 from land line. Claim 3030. Valid 12hrs only,en,uci_sms_spam_collection_v1,spam,FRAUD,,97d9641a0632,虚假中奖诈骗，声称手机号码赢得2000英镑奖品，要求拨打收费电话领取，典型骗局
uci_02911,How do you guys go to see movies on your side.,en,uci_sms_spam_collection_v1,ham,NEEDS_REVIEW,,56faae9999fe,私人闲聊，关于看电影，属于个人对话
uci_02912,"Sorry,in meeting I'll call later",en,uci_sms_spam_collection_v1,ham,NEEDS_REVIEW,,b8dada72c4b3,私人闲聊，关于开会稍后联系，属于个人对话
uci_02913,You didn't have to tell me that...now i'm thinking. Plus he's going to stop all your runs,en,uci_sms_spam_collection_v1,ham,NEEDS_REVIEW,,8a58a4d72a38,私人闲聊，关于跑步安排，属于个人对话
uci_02914,Kindly send some one to our flat before  &lt;DECIMAL&gt;  today.,en,uci_sms_spam_collection_v1,ham,NEEDS_REVIEW,,042092101c4e,私人闲聊，关于派人去公寓，属于个人对话
uci_02915,Sorry! U can not unsubscribe yet. THE MOB offer package has a min term of 54 weeks> pls resubmit request after expiry. Reply THEMOB HELP 4 more info,en,uci_sms_spam_collection_v1,spam,AD,,28afcb4ac213,推广移动套餐服务，声称无法退订，最低54周合约，属于订阅服务广告
uci_02916,Nothing lor... A bit bored too... Then y dun u go home early 2 sleep today...,en,uci_sms_spam_collection_v1,ham,NEEDS_REVIEW,,41f38bcf53e3,私人闲聊，关于无聊和早回家睡觉，属于个人对话
uci_02917,What time should I tell my friend to be around?,en,uci_sms_spam_collection_v1,ham,NEEDS_REVIEW,,c137bdf12612,私人闲聊，关于朋友何时到，属于个人对话
uci_02918,Yes. that will be fine. Love you. Be safe.,en,uci_sms_spam_collection_v1,ham,NEEDS_REVIEW,,8ae616abcadb,私人闲聊，表达爱意和关心，属于个人对话
uci_02919,Thanks chikku..:-) gud nyt:-*,en,uci_sms_spam_collection_v1,ham,NEEDS_REVIEW,,e5bc31ec847f,私人闲聊，晚安问候，属于个人对话
uci_02920,Is xy in ur car when u picking me up?,en,uci_sms_spam_collection_v1,ham,NEEDS_REVIEW,,0d97223536d8,私人闲聊，关于接人时是否在车里，属于个人对话
uci_02921,"Thanx 4 the time we?ve spent 2geva, its bin mint! Ur my Baby and all I want is u!xxxx",en,uci_sms_spam_collection_v1,ham,NEEDS_REVIEW,,3b7269f78f9b,私人闲聊，表达爱意，属于个人对话
uci_02922,"Yo, any way we could pick something up tonight?",en,uci_sms_spam_collection_v1,ham,NEEDS_REVIEW,,0d79409d59e5,私人闲聊，关于今晚买东西，属于个人对话
uci_02923,I've not sent it. He can send me.,en,uci_sms_spam_collection_v1,ham,NEEDS_REVIEW,,b1ca398e78c4,私人闲聊，关于发送东西，属于个人对话
uci_02924,Fine am simply sitting.,en,uci_sms_spam_collection_v1,ham,NEEDS_REVIEW,,13bbb2b8dba6,私人闲聊，关于坐着，属于个人对话
uci_02925,Thts god's gift for birds as humans hav some natural gift frm god..,en,uci_sms_spam_collection_v1,ham,NEEDS_REVIEW,,24d28e642909,转发关于上帝礼物的感悟消息，属于转发内容
uci_02926,Are you coming to day for class.,en,uci_sms_spam_collection_v1,ham,NEEDS_REVIEW,,c92236e44954,私人闲聊，关于上课，属于个人对话
uci_02927,Im done. Just studyn in library,en,uci_sms_spam_collection_v1,ham,NEEDS_REVIEW,,978c084f892f,私人闲聊，关于在图书馆学习，属于个人对话
uci_02928,Ok... U enjoy ur shows...,en,uci_sms_spam_collection_v1,ham,NEEDS_REVIEW,,89c33d3730db,私人闲聊，关于看节目，属于个人对话
uci_02929,Anything...,en,uci_sms_spam_collection_v1,ham,NEEDS_REVIEW,,8867c88b56e0,私人闲聊，简短回复，属于个人对话
uci_02930,Where wuld I be without my baby? The thought alone mite break me and I don?t wanna go crazy but everyboy needs his lady xxxxxxxx,en,uci_sms_spam_collection_v1,ham,NEEDS_REVIEW,,338d46877876,私人闲聊，表达对伴侣的依恋，属于个人对话
uci_02931,Wat's my dear doing? Sleeping ah?,en,uci_sms_spam_collection_v1,ham,NEEDS_REVIEW,,ed4ff11fff6c,私人闲聊，询问在做什么，属于个人对话
uci_02932,Hi' Test on  &lt;#&gt; rd ....,en,uci_sms_spam_collection_v1,ham,NEEDS_REVIEW,,529a0e74ee51,私人闲聊，关于测试，属于个人对话
uci_02933,Only 2% students solved this CAT question in 'xam... 5+3+2= &lt;#&gt;  9+2+4= &lt;#&gt;  8+6+3= &lt;#&gt;  then 7+2+5=????? Tell me the answer if u r brilliant...1thing.i got d answr.,en,uci_sms_spam_collection_v1,ham,NEEDS_REVIEW,,1e632a39f534,转发数学谜题，关于CAT考试题，属于转发内容
uci_02934,Yo do you know anyone  &lt;#&gt;  or otherwise able to buy liquor? Our guy flaked and right now if we don't get a hold of somebody its just 4 loko all night,en,uci_sms_spam_collection_v1,ham,NEEDS_REVIEW,,f6428485c259,私人闲聊，关于买酒，属于个人对话
uci_02935,Yup n her fren lor. I'm meeting my fren at 730.,en,uci_sms_spam_collection_v1,ham,NEEDS_REVIEW,,eda10315be7b,私人闲聊，关于见朋友，属于个人对话
uci_02936,"Yeah, we got one lined up for us",en,uci_sms_spam_collection_v1,ham,NEEDS_REVIEW,,37b5db4c3238,私人闲聊，关于安排好的活动，属于个人对话
uci_02937,"And stop wondering ""wow is she ever going to stop tm'ing me ?!"" because I will tm you whenever I want because you are MINE ... *laughs*",en,uci_sms_spam_collection_v1,ham,NEEDS_REVIEW,,ab4c73fb6771,私人闲聊，关于占有欲和发消息，属于个人对话
uci_02938,Lol yep did that yesterday. Already got my fireplace. Now its just another icon sitting there for me.,en,uci_sms_spam_collection_v1,ham,NEEDS_REVIEW,,c47730d950e0,私人闲聊，关于壁炉安装，属于个人对话
uci_02939,Hey i've booked the pilates and yoga lesson already... Haha,en,uci_sms_spam_collection_v1,ham,NEEDS_REVIEW,,a3f17b55de7f,私人闲聊，关于预订普拉提和瑜伽课，属于个人对话
uci_02940,Are you ok. What happen to behave like this,en,uci_sms_spam_collection_v1,ham,NEEDS_REVIEW,,43ceed099d8c,私人闲聊，询问对方怎么了，属于个人对话
uci_02941,You have 1 new message. Please call 08712400200.,en,uci_sms_spam_collection_v1,spam,AD,,795af1f37909,推广语音信箱服务，拨打收费电话08712400200获取新消息，属于付费增值服务广告
uci_02942,My supervisor find 4 me one lor i thk his students. I havent ask her yet. Tell u aft i ask her.,en,uci_sms_spam_collection_v1,ham,NEEDS_REVIEW,,a5b74c7651b8,私人闲聊，关于导师和学生，属于个人对话
uci_02943,"Hello. No news on job, they are making me wait a fifth week! Yeah im up for some woozles and weasels... In exeter still, but be home about 3.",en,uci_sms_spam_collection_v1,ham,NEEDS_REVIEW,,953308574b82,私人闲聊，关于工作等待和动物，属于个人对话
uci_02944,No message..no responce..what happend?,en,uci_sms_spam_collection_v1,ham,NEEDS_REVIEW,,382e17d730b6,私人闲聊，关于没有回复，属于个人对话
uci_02945,We currently have a message awaiting your collection. To collect your message just call 08718723815.,en,uci_sms_spam_collection_v1,spam,AD,,746fdd225674,推广语音信箱服务，拨打收费电话08718723815获取消息，属于付费增值服务广告
uci_02946,"Hey babe, sorry i didn't get sooner. Gary can come and fix it cause he thinks he knows what it is but he doesn't go as far a Ptbo and he says it will cost  &lt;#&gt;  bucks. I don't know if it might be cheaper to find someone there ? We don't have any second hand machines at all right now, let me know what you want to do babe",en,uci_sms_spam_collection_v1,ham,NEEDS_REVIEW,,70b336e756ff,私人闲聊，关于修电脑，属于个人对话
uci_02947,make that 3! 4 fucks sake?! x,en,uci_sms_spam_collection_v1,ham,NEEDS_REVIEW,,24fbd7531c6b,私人闲聊，关于计数和抱怨，属于个人对话
uci_02948,Leave it. U will always be ignorant.,en,uci_sms_spam_collection_v1,ham,NEEDS_REVIEW,,2b081713f2cf,私人闲聊，表达不满，属于个人对话
uci_02949,Nope but i'll b going 2 sch on fri quite early lor cos mys sis got paper in da morn :-),en,uci_sms_spam_collection_v1,ham,NEEDS_REVIEW,,076c6e75418e,私人闲聊，关于周五上学，属于个人对话
uci_02950,at bruce b downs &amp; fletcher now,en,uci_sms_spam_collection_v1,ham,NEEDS_REVIEW,,e28d907b22c5,私人闲聊，关于在某个地点，属于个人对话
uci_02951,Where are you ? You said you would be here when I woke ... :-(,en,uci_sms_spam_collection_v1,ham,NEEDS_REVIEW,,a47df10b21db,私人闲聊，关于对方在哪里，属于个人对话
uci_02952,Hey now am free you can call me.,en,uci_sms_spam_collection_v1,ham,NEEDS_REVIEW,,4811b1cb8cda,私人闲聊，关于现在有空可以打电话，属于个人对话
uci_02953,Tell me whos this pls:-),en,uci_sms_spam_collection_v1,ham,NEEDS_REVIEW,,22051757293e,私人闲聊，询问是谁，属于个人对话
uci_02954,"URGENT! Your mobile was awarded a ¡ê1,500 Bonus Caller Prize on 27/6/03. Our final attempt 2 contact U! Call 08714714011",en,uci_sms_spam_collection_v1,spam,FRAUD,,5ec349cd9c74,虚假中奖诈骗，声称获得1500英镑奖金，要求拨打收费电话领取，典型骗局
uci_02955,"Think i might have to give it a miss. Am teaching til twelve, then have lecture at two. Damn this working thing.",en,uci_sms_spam_collection_v1,ham,NEEDS_REVIEW,,a3a7f427d36b,私人闲聊，关于教学和讲座安排，属于个人对话
uci_02956,Id have to check but there's only like 1 bowls worth left,en,uci_sms_spam_collection_v1,ham,NEEDS_REVIEW,,861f160d9074,私人闲聊，关于食物剩余，属于个人对话
uci_02957,Yes there were many sweets,en,uci_sms_spam_collection_v1,ham,NEEDS_REVIEW,,2b4b5644b573,私人闲聊，关于糖果，属于个人对话
uci_02958,I would but I'm still cozy. And exhausted from last night.nobody went to school or work. Everything is closed.,en,uci_sms_spam_collection_v1,ham,NEEDS_REVIEW,,7a657ad29521,私人闲聊，关于疲惫和关闭的学校/公司，属于个人对话
uci_02959,U have a secret admirer. REVEAL who thinks U R So special. Call 09065174042. To opt out Reply REVEAL STOP. 1.50 per msg recd. Cust care 07821230901,en,uci_sms_spam_collection_v1,spam,HARASS,qa_fix_v1,83d233915711,[fix:adult-or-secret-admirer AD->HARASS] 推广秘密仰慕者揭示服务，拨打收费电话09065174042，属于付费增值服务广告
uci_02960,Buzzzz! *grins* Did I buzz your ass? Buzz your chest ? Buzz your cock ? Where do you keep your phone ? Is the vibrator on ? Did you feel it shake ?,en,uci_sms_spam_collection_v1,ham,NEEDS_REVIEW,,a5a5ebe108fb,私人暧昧聊天，关于身体部位和振动器，属于个人对话
uci_02961,Sir send to group mail check it.,en,uci_sms_spam_collection_v1,ham,NEEDS_REVIEW,,65bfd7b40f22,私人闲聊，关于查看群组邮件，属于个人对话
uci_02962,I'm doing da intro covers energy trends n pros n cons... Brief description of nuclear fusion n oso brief history of iter n jet got abt 7 n half pages..,en,uci_sms_spam_collection_v1,ham,NEEDS_REVIEW,,d4efd7a0767c,私人闲聊，关于能源趋势和核聚变论文，属于个人对话
uci_02963,"""NONE!NOWHERE IKNO DOESDISCOUNT!SHITINNIT""",en,uci_sms_spam_collection_v1,ham,NEEDS_REVIEW,,d85fbe5a4c6b,私人闲聊，关于折扣的随意评论，属于个人对话
uci_02964,You dont know you jabo me abi.,en,uci_sms_spam_collection_v1,ham,NEEDS_REVIEW,,7c0865d786d9,私人闲聊，关于欺骗某人，属于个人对话
uci_02965,"Do you ever notice that when you're driving, anyone going slower than you is an idiot and everyone driving faster than you is a maniac?",en,uci_sms_spam_collection_v1,spam,NEEDS_REVIEW,,1307f1447fe4,转发关于驾驶习惯的笑话，属于转发内容
uci_02966,Not yet had..ya sapna aunty manege y'day hogidhe..chinnu full weak and swalpa black agidhane..,en,uci_sms_spam_collection_v1,ham,NEEDS_REVIEW,,32b6c2aef92f,私人闲聊，关于某人的皮肤状况，属于个人对话
uci_02967,"Are you being good, baby? :)",en,uci_sms_spam_collection_v1,ham,NEEDS_REVIEW,,815d27b15aba,私人闲聊，询问对方是否乖，属于个人对话
uci_02968,NEFT Transaction with reference number  &lt;#&gt;  for Rs. &lt;DECIMAL&gt;  has been credited to the beneficiary account on  &lt;#&gt;  at  &lt;TIME&gt; : &lt;#&gt;,en,uci_sms_spam_collection_v1,ham,TRANSACTION,,3a489ce8a99a,NEFT银行转账通知，告知参考号码和金额已记入受益人账户，属于金融业务通知
uci_02969,"Mostly sports type..lyk footbl,crckt..",en,uci_sms_spam_collection_v1,ham,NEEDS_REVIEW,,7543bdd4fa96,私人闲聊，关于体育类型，属于个人对话
uci_02970,Ma head dey swell oh. Thanks for making my day,en,uci_sms_spam_collection_v1,ham,NEEDS_REVIEW,,8cb659b189e9,私人闲聊，关于头痛和感谢，属于个人对话
uci_02971,U should make a fb list,en,uci_sms_spam_collection_v1,ham,NEEDS_REVIEW,,56f374233ee4,私人闲聊，关于制作Facebook列表，属于个人对话
uci_02972,"Height of Confidence: All the Aeronautics professors wer calld &amp; they wer askd 2 sit in an aeroplane. Aftr they sat they wer told dat the plane ws made by their students. Dey all hurried out of d plane.. Bt only 1 didnt move... He said:""if it is made by my students,this wont even start........ Datz confidence..",en,uci_sms_spam_collection_v1,ham,NEEDS_REVIEW,,0b229a62fc94,转发关于自信的寓言故事，属于转发内容
uci_02973,Sary just need Tim in the bollox &it hurt him a lot so he tol me!,en,uci_sms_spam_collection_v1,ham,NEEDS_REVIEW,,0ab9c7197128,私人闲聊，关于受伤，属于个人对话
uci_02974,Happy New Year Princess!,en,uci_sms_spam_collection_v1,ham,NEEDS_REVIEW,,9a06e66d7418,私人问候，新年祝福，属于个人对话
uci_02975,"I'll text carlos and let you know, hang on",en,uci_sms_spam_collection_v1,ham,NEEDS_REVIEW,,2caeca268e9f,私人闲聊，关于给Carlos发消息，属于个人对话
uci_02976,"Don't worry, * is easy once have ingredients!",en,uci_sms_spam_collection_v1,ham,NEEDS_REVIEW,,443f1bda5793,私人闲聊，关于烹饪，属于个人对话
uci_02977,I love u 2 my little pocy bell I am sorry but I love u,en,uci_sms_spam_collection_v1,ham,NEEDS_REVIEW,,3300c10def24,私人闲聊，表达爱意，属于个人对话
uci_02978,"Ok omw now, you at castor?",en,uci_sms_spam_collection_v1,ham,NEEDS_REVIEW,,b4b1eeb127c7,私人闲聊，关于在路上和地点，属于个人对话
uci_02979,Yar lor... Keep raining non stop... Or u wan 2 go elsewhere?,en,uci_sms_spam_collection_v1,ham,NEEDS_REVIEW,,e4ced3c4656f,私人闲聊，关于下雨和是否去别处，属于个人对话
uci_02980,"Xmas Offer! Latest Motorola, SonyEricsson & Nokia & FREE Bluetooth or DVD! Double Mins & 1000 Txt on Orange. Call MobileUpd8 on 08000839402 or call2optout/4QF2",en,uci_sms_spam_collection_v1,spam,AD,,cb7e2785407c,推广圣诞手机促销，免费蓝牙或DVD，双倍分钟和1000短信，属于电信促销广告
uci_02981,What u mean u almost done? Done wif sleeping? But i tot u going to take a nap.. Yup i send her liao so i'm picking her up at ard 4 smth lor..,en,uci_sms_spam_collection_v1,ham,NEEDS_REVIEW,,da4fd08b3c4b,私人闲聊，关于睡觉和接人，属于个人对话
uci_02982,"7 wonders in My WORLD 7th You 6th Ur style 5th Ur smile 4th Ur Personality 3rd Ur Nature 2nd Ur SMS and 1st ""Ur Lovely Friendship""... good morning dear",en,uci_sms_spam_collection_v1,ham,NEEDS_REVIEW,,edc99b11134b,转发关于世界奇迹和友谊的感悟消息，属于转发内容
uci_02983,"Tonight? Yeah, I'd be down for that",en,uci_sms_spam_collection_v1,ham,NEEDS_REVIEW,,bd7db68b0c77,私人闲聊，关于今晚见面，属于个人对话
uci_02984,What should i eat fo lunch senor,en,uci_sms_spam_collection_v1,ham,NEEDS_REVIEW,,be8c08867bf9,私人闲聊，询问午餐吃什么，属于个人对话
uci_02985,"He said that he had a right giggle when he saw u again! You would possibly be the first person2die from NVQ, but think how much you could for!",en,uci_sms_spam_collection_v1,ham,NEEDS_REVIEW,,c85d1defb51d,私人闲聊，关于NVQ考试和笑声，属于个人对话
uci_02986,No break time one... How... I come out n get my stuff fr ¨¹?,en,uci_sms_spam_collection_v1,ham,NEEDS_REVIEW,,b1d52c61a355,私人闲聊，关于课间休息，属于个人对话
uci_02987,Reply to win ¡ê100 weekly! What professional sport does Tiger Woods play? Send STOP to 87239 to end service,en,uci_sms_spam_collection_v1,spam,AD,,9b87eeec1ec5,推广每周100英镑抽奖活动，回答问题赢取奖金，属于竞赛促销广告
uci_02988,"I'm there and I can see you, but you can't see me ? Maybe you should reboot ym ? I seen the buzz",en,uci_sms_spam_collection_v1,ham,NEEDS_REVIEW,,33032ba8e928,私人闲聊，关于手机信号和重启，属于个人对话
uci_02989,Do you still have the grinder?,en,uci_sms_spam_collection_v1,ham,NEEDS_REVIEW,,ce0908f931a4,私人闲聊，询问是否还有研磨机，属于个人对话
uci_02990,No 1 POLYPHONIC tone 4 ur mob every week! Just txt PT2 to 87575. 1st Tone FREE ! so get txtin now and tell ur friends. 150p/tone. 16 reply HL 4info,en,uci_sms_spam_collection_v1,spam,AD,,9411da9da895,推广每周彩铃服务，发送PT2获取，属于付费铃声广告
uci_02991,"Love isn't a decision, it's a feeling. If we could decide who to love, then, life would be much simpler, but then less magical",en,uci_sms_spam_collection_v1,ham,NEEDS_REVIEW,,e1fc159c7535,转发关于爱情的感悟消息，属于转发内容
uci_02992,"HOT LIVE FANTASIES call now 08707509020 Just 20p per min NTT Ltd, PO Box 1327 Croydon CR9 5WB 0870 is a national rate call",en,uci_sms_spam_collection_v1,spam,HARASS,,3c85e7e6d6e1,推广成人热线服务，拨打08707509020获取热辣幻想，属于成人骚扰内容
uci_02993,K.i did't see you.:)k:)where are you now?,en,uci_sms_spam_collection_v1,ham,NEEDS_REVIEW,,d3fd4955561f,私人闲聊，询问在哪里，属于个人对话
uci_02994,So i'm doing a list of buyers.,en,uci_sms_spam_collection_v1,ham,NEEDS_REVIEW,,31fe76b09f54,私人闲聊，关于制作买家名单，属于个人对话
uci_02995,"No idea, I guess we'll work that out an hour after we're supposed to leave since as usual nobody has any interest in figuring shit out before the last second",en,uci_sms_spam_collection_v1,ham,NEEDS_REVIEW,,4463f90d5cf6,私人闲聊，关于出发时间，属于个人对话
uci_02996,Mm not entirely sure i understood that text but hey. Ho. Which weekend?,en,uci_sms_spam_collection_v1,ham,NEEDS_REVIEW,,275daf252867,私人闲聊，关于周末安排，属于个人对话
uci_02997,They released vday shirts and when u put it on it makes your bottom half naked instead of those white underwear.,en,uci_sms_spam_collection_v1,ham,NEEDS_REVIEW,qa_fix_v1,c37fca126329,[fix:adult-or-secret-admirer NEEDS_REVIEW->HARASS] 私人闲聊，关于情人节衬衫，属于个人对话 [fix:revert-ham-kisses-xxx HARASS->NEEDS_REVIEW]
uci_02998,Don know..he is watching film in computer..,en,uci_sms_spam_collection_v1,ham,NEEDS_REVIEW,,f0858313440c,私人闲聊，关于看电影，属于个人对话
uci_02999,No b4 Thursday,en,uci_sms_spam_collection_v1,ham,NEEDS_REVIEW,,3f68e93087d4,私人闲聊，关于周四之前，属于个人对话
uci_03000,"Oh, then your phone phoned me but it disconnected",en,uci_sms_spam_collection_v1,ham,NEEDS_REVIEW,,11e974120060,私人闲聊/个人对话，无法归入其他类别
uci_03001,Id onluy matters when getting on from offcampus,en,uci_sms_spam_collection_v1,ham,NEEDS_REVIEW,,311ff7c54e03,私人闲聊/个人对话，无法归入其他类别
uci_03002,This message is free. Welcome to the new & improved Sex & Dogging club! To unsubscribe from this service reply STOP. msgs@150p 18+only,en,uci_sms_spam_collection_v1,spam,HARASS,,bbebf9577083,成人交友/约炮俱乐部推广，属于骚扰内容
uci_03003,"Excellent, I'll see what riley's plans are",en,uci_sms_spam_collection_v1,ham,NEEDS_REVIEW,,9931605b8d82,私人闲聊/个人对话，无法归入其他类别
uci_03004,I will see in half an hour,en,uci_sms_spam_collection_v1,ham,NEEDS_REVIEW,,9c45ce715d09,私人闲聊/个人对话，无法归入其他类别
uci_03005,"You've won tkts to the EURO2004 CUP FINAL or ¡ê800 CASH, to collect CALL 09058099801 b4190604, POBOX 7876150ppm",en,uci_sms_spam_collection_v1,spam,FRAUD,,ce4c84c4a0d5,虚假中奖通知，要求拨打电话或发短信领取奖品，典型诈骗
uci_03006,Ew are you one of them?,en,uci_sms_spam_collection_v1,ham,NEEDS_REVIEW,,ac75c5557021,私人闲聊/个人对话，无法归入其他类别
uci_03007,Also hi wesley how've you been,en,uci_sms_spam_collection_v1,ham,NEEDS_REVIEW,,9ca5bcacc66b,私人闲聊/个人对话，无法归入其他类别
uci_03008,Ah you see. You have to be in the lingo. I will let you know wot on earth it is when has finished making it!,en,uci_sms_spam_collection_v1,ham,NEEDS_REVIEW,,2450a1c7b408,私人闲聊/个人对话，无法归入其他类别
uci_03009,"Loan for any purpose ¡ê500 - ¡ê75,000. Homeowners + Tenants welcome. Have you been previously refused? We can still help. Call Free 0800 1956669 or text back 'help'",en,uci_sms_spam_collection_v1,spam,AD,,5cb9262d83ee,贷款推广广告，不诈骗但属于营销推销
uci_03010,Update_Now - 12Mths Half Price Orange line rental: 400mins...Call MobileUpd8 on 08000839402 or call2optout=J5Q,en,uci_sms_spam_collection_v1,spam,AD,,76374181a4b3,手机套餐/话费优惠推广，属于正规营销
uci_03011,Imagine Life WITHOUT ME... see.. How fast u are searching me?Don't worry.. l'm always there To disturb U.. Goodnoon..:),en,uci_sms_spam_collection_v1,ham,NEEDS_REVIEW,,d1800308eaf2,私人闲聊/个人对话，无法归入其他类别
uci_03012,"Hm good morning, headache anyone? :-)",en,uci_sms_spam_collection_v1,ham,NEEDS_REVIEW,,f8407a507928,私人闲聊/个人对话，无法归入其他类别
uci_03013,Yeah no probs - last night is obviously catching up with you... Speak soon,en,uci_sms_spam_collection_v1,ham,NEEDS_REVIEW,,2ae2b0a02ecd,私人闲聊/个人对话，无法归入其他类别
uci_03014,FREE UNLIMITED HARDCORE PORN direct 2 your mobile Txt PORN to 69200 & get FREE access for 24 hrs then chrgd@50p per day txt Stop 2exit. This msg is free,en,uci_sms_spam_collection_v1,spam,HARASS,,a3bf08f840d3,成人色情内容推广，属于骚扰
uci_03015,I might go 2 sch. Yar at e salon now v boring.,en,uci_sms_spam_collection_v1,ham,NEEDS_REVIEW,,f6d9cbd67af3,私人闲聊/个人对话，无法归入其他类别
uci_03016,&lt;#&gt;  mins but i had to stop somewhere first.,en,uci_sms_spam_collection_v1,ham,NEEDS_REVIEW,,b03dc32c8301,私人闲聊/个人对话，无法归入其他类别
uci_03017,"&lt;#&gt;  is fast approaching. So, Wish u a very Happy New Year Happy Sankranti Happy republic day Happy Valentines Day Happy Shivratri Happy Ugadi Happy Fools day Happy May Day Happy Independence Day, Happy Friendship,Mother,Father,Teachers,Childrens Day, &amp; HAPPY BIRTHDAY 4 U. Happy Ganesh festival Happy Dasara Happy Diwali Happy Christmas  &lt;#&gt;  Good Mornings Afternoons, Evenings Nights. RememberI AM the first to WISHING U ALL THESE...your's Raj",en,uci_sms_spam_collection_v1,ham,NEEDS_REVIEW,,5df7620b8f4d,私人闲聊/个人对话，无法归入其他类别
uci_03018,One of the joys in lifeis waking up each daywith thoughts that somewhereSomeone cares enough tosend a warm morning greeting.. -,en,uci_sms_spam_collection_v1,ham,NEEDS_REVIEW,,523b19a154c3,私人闲聊/个人对话，无法归入其他类别
uci_03019,I didn't get the second half of that message,en,uci_sms_spam_collection_v1,ham,NEEDS_REVIEW,,fc60e165b72d,私人闲聊/个人对话，无法归入其他类别
uci_03020,Wat time do u wan 2 meet me later?,en,uci_sms_spam_collection_v1,ham,NEEDS_REVIEW,,62be4bbb3a48,私人闲聊/个人对话，无法归入其他类别
uci_03021,I thank you so much for all you do with selflessness. I love you plenty.,en,uci_sms_spam_collection_v1,ham,NEEDS_REVIEW,,9c87d087fd0b,私人闲聊/个人对话，无法归入其他类别
uci_03022,Am in film ill call you later.,en,uci_sms_spam_collection_v1,ham,NEEDS_REVIEW,,4a78f9a3cd71,私人闲聊/个人对话，无法归入其他类别
uci_03023,How dare you change my ring,en,uci_sms_spam_collection_v1,ham,NEEDS_REVIEW,,dc81e5df37bd,私人闲聊/个人对话，无法归入其他类别
uci_03024,You are a very very very very bad girl. Or lady.,en,uci_sms_spam_collection_v1,ham,NEEDS_REVIEW,,065c829d3a71,私人闲聊/个人对话，无法归入其他类别
uci_03025,I love ya too but try and budget your money better babe. Gary would freak on me if he knew,en,uci_sms_spam_collection_v1,ham,NEEDS_REVIEW,,15b826690014,私人闲聊/个人对话，无法归入其他类别
uci_03026,"What part of ""don't initiate"" don't you understand",en,uci_sms_spam_collection_v1,ham,NEEDS_REVIEW,,d47ef902f526,私人闲聊/个人对话，无法归入其他类别
uci_03027,I finished my lunch already. U wake up already?,en,uci_sms_spam_collection_v1,ham,NEEDS_REVIEW,,943d0d453779,私人闲聊/个人对话，无法归入其他类别
uci_03028,You still at the game?,en,uci_sms_spam_collection_v1,ham,NEEDS_REVIEW,,1d8ff488645f,私人闲聊/个人对话，无法归入其他类别
uci_03029,You have got tallent but you are wasting.,en,uci_sms_spam_collection_v1,ham,NEEDS_REVIEW,,bff03a667c18,私人闲聊/个人对话，无法归入其他类别
uci_03030,What is your record for one night? :),en,uci_sms_spam_collection_v1,ham,NEEDS_REVIEW,,9df9f167c00d,私人闲聊/个人对话，无法归入其他类别
uci_03031,"Also sir, i sent you an email about how to log into the usc payment portal. I.ll send you another message that should explain how things are back home. Have a great weekend.",en,uci_sms_spam_collection_v1,ham,NEEDS_REVIEW,,30d10044b848,私人闲聊/个人对话，无法归入其他类别
uci_03032,gonna let me know cos comes bak from holiday that day.  is coming. Don't4get2text me  number.,en,uci_sms_spam_collection_v1,ham,NEEDS_REVIEW,,811d756b7dbd,私人闲聊/个人对话，无法归入其他类别
uci_03033,Jokin only lar... :-) depends on which phone my father can get lor...,en,uci_sms_spam_collection_v1,ham,NEEDS_REVIEW,,dea525a07990,私人闲聊/个人对话，无法归入其他类别
uci_03034,"Aight, lemme know what's up",en,uci_sms_spam_collection_v1,ham,NEEDS_REVIEW,,96de6ab3d247,私人闲聊/个人对话，无法归入其他类别
uci_03035,Get ready for  &lt;#&gt;  inches of pleasure...,en,uci_sms_spam_collection_v1,ham,NEEDS_REVIEW,,2b3a91158fc1,私人闲聊/个人对话，无法归入其他类别
uci_03036,Raji..pls do me a favour. Pls convey my Birthday wishes to Nimya. Pls. Today is her birthday.,en,uci_sms_spam_collection_v1,ham,NEEDS_REVIEW,,d48dc0b93e2d,私人闲聊/个人对话，无法归入其他类别
uci_03037,;-) ok. I feel like john lennon.,en,uci_sms_spam_collection_v1,ham,NEEDS_REVIEW,,cc51112542c5,私人闲聊/个人对话，无法归入其他类别
uci_03038,Cos darren say ¨¹ considering mah so i ask ¨¹...,en,uci_sms_spam_collection_v1,ham,NEEDS_REVIEW,,2604e930ce7e,私人闲聊/个人对话，无法归入其他类别
uci_03039,You are not bothering me but you have to trust my answers. Pls.,en,uci_sms_spam_collection_v1,ham,NEEDS_REVIEW,,d33e37f10160,私人闲聊/个人对话，无法归入其他类别
uci_03040,"Wishing you and your family Merry ""X"" mas and HAPPY NEW Year in advance..",en,uci_sms_spam_collection_v1,ham,NEEDS_REVIEW,,b857ebe07dd6,私人闲聊/个人对话，无法归入其他类别
uci_03041,One day a crab was running on the sea shore..The waves came n cleared the footprints of the crab.. Crab asked: being my frnd y r u clearing my beautiful footprints? Waves replied: A fox was following ur footprints to catch you! thats y i cleared it off:) frndsship never lets u dwn :-) GUD nyt..,en,uci_sms_spam_collection_v1,ham,NEEDS_REVIEW,,cdde4427d2dc,私人闲聊/个人对话，无法归入其他类别
uci_03042,Aight what time you want me to come up?,en,uci_sms_spam_collection_v1,ham,NEEDS_REVIEW,,6e3fbe7860dd,私人闲聊/个人对话，无法归入其他类别
uci_03043,Slaaaaave ! Where are you ? Must I summon you to me all the time now ? Don't you wish to come to me on your own anymore?,en,uci_sms_spam_collection_v1,ham,NEEDS_REVIEW,,d5aa0a6dd877,私人闲聊/个人对话，无法归入其他类别
uci_03044,Your bill at 3 is ¡ê33.65 so thats not bad!,en,uci_sms_spam_collection_v1,ham,NEEDS_REVIEW,,fa399b8e1024,私人闲聊/个人对话，无法归入其他类别
uci_03045,Let me know how it changes in the next 6hrs. It can even be appendix but you are out of that age range. However its not impossible. So just chill and let me know in 6hrs,en,uci_sms_spam_collection_v1,ham,NEEDS_REVIEW,,6fa9fda514ae,私人闲聊/个人对话，无法归入其他类别
uci_03046,"Hello, yeah i've just got out of the bath and need to do my hair so i'll come up when i'm done, yeah?",en,uci_sms_spam_collection_v1,ham,NEEDS_REVIEW,,7fc5861ec750,私人闲聊/个人对话，无法归入其他类别
uci_03047,So how's the weather over there?,en,uci_sms_spam_collection_v1,ham,NEEDS_REVIEW,,9cf7934b6b58,私人闲聊/个人对话，无法归入其他类别
uci_03048,"Ok. Not much to do here though. H&M Friday, cant wait. Dunno wot the hell im gonna do for another 3 weeks! Become a slob- oh wait, already done that!",en,uci_sms_spam_collection_v1,ham,NEEDS_REVIEW,,4593dcd72557,私人闲聊/个人对话，无法归入其他类别
uci_03049,Die... Now i have e toot fringe again...,en,uci_sms_spam_collection_v1,ham,NEEDS_REVIEW,,d3674eac4f30,私人闲聊/个人对话，无法归入其他类别
uci_03050,Lol they don't know about my awesome phone. I could click delete right now if I want.,en,uci_sms_spam_collection_v1,ham,NEEDS_REVIEW,,7a3f9d89d733,私人闲聊/个人对话，无法归入其他类别
uci_03051,Ok,en,uci_sms_spam_collection_v1,ham,NEEDS_REVIEW,,7a85f4764bbd,私人闲聊/个人对话，无法归入其他类别
uci_03052,"Awesome question with a cute answer: Someone asked a boy ""how is ur life?"" . . He smiled &amp; answered: . . ""She is fine!"" Gudnite",en,uci_sms_spam_collection_v1,ham,NEEDS_REVIEW,,356570451f0a,私人闲聊/个人对话，无法归入其他类别
uci_03053,Please leave this topic..sorry for telling that..,en,uci_sms_spam_collection_v1,ham,NEEDS_REVIEW,,2d2ff11a461f,私人闲聊/个人对话，无法归入其他类别
uci_03054,Pls send me the correct name da.,en,uci_sms_spam_collection_v1,ham,NEEDS_REVIEW,,0a00895660ee,私人闲聊/个人对话，无法归入其他类别
uci_03055,What happened to our yo date?,en,uci_sms_spam_collection_v1,ham,NEEDS_REVIEW,,3c1cd1405ef9,私人闲聊/个人对话，无法归入其他类别
uci_03056,EASTENDERS TV Quiz. What FLOWER does DOT compare herself to? D= VIOLET E= TULIP F= LILY txt D E or F to 84025 NOW 4 chance 2 WIN ¡ê100 Cash WKENT/150P16+,en,uci_sms_spam_collection_v1,spam,FRAUD,,dfee5f3aea90,虚假中奖/奖励，要求拨打电话或操作领取，属于诈骗
uci_03057,Webpage s not available!,en,uci_sms_spam_collection_v1,ham,NEEDS_REVIEW,,efb4d02fd6d8,私人闲聊/个人对话，无法归入其他类别
uci_03058,Just woke up. Yeesh its late. But I didn't fall asleep til &lt;#&gt; am :/,en,uci_sms_spam_collection_v1,ham,NEEDS_REVIEW,,c7f86eef320f,私人闲聊/个人对话，无法归入其他类别
uci_03059,You are now unsubscribed all services. Get tons of sexy babes or hunks straight to your phone! go to http://gotbabes.co.uk. No subscriptions.,en,uci_sms_spam_collection_v1,spam,HARASS,,57c1df1729dc,成人内容/交友推广，属于骚扰
uci_03060,"Dear all, as we know  &lt;#&gt; th is the  &lt;#&gt; th birthday of our loving Gopalettan. We are planning to give a small gift on that day. Those who like to participate in that you are welcome. Please contact our admin team for more details",en,uci_sms_spam_collection_v1,ham,NEEDS_REVIEW,,385122d8ae06,私人闲聊/个人对话，无法归入其他类别
uci_03061,K..k...from tomorrow onwards started ah?,en,uci_sms_spam_collection_v1,ham,NEEDS_REVIEW,,9a99f887bf50,私人闲聊/个人对话，无法归入其他类别
uci_03062,What u talking bout early morning? It's almost noon where your at!,en,uci_sms_spam_collection_v1,ham,NEEDS_REVIEW,,8271ea14a681,私人闲聊/个人对话，无法归入其他类别
uci_03063,Fine. Do you remember me.,en,uci_sms_spam_collection_v1,ham,NEEDS_REVIEW,,c9a537940b16,私人闲聊/个人对话，无法归入其他类别
uci_03064,"Hi babe its Jordan, how r u? Im home from abroad and lonely, text me back if u wanna chat xxSP visionsms.com Text stop to stopCost 150p 08712400603",en,uci_sms_spam_collection_v1,spam,HARASS,,c1b6af48bf8c,成人/交友骚扰推广，属于骚扰内容
uci_03065,Ok. How many should i buy.,en,uci_sms_spam_collection_v1,ham,NEEDS_REVIEW,,ca79a2378836,私人闲聊/个人对话，无法归入其他类别
uci_03066,"Sounds good, keep me posted",en,uci_sms_spam_collection_v1,ham,NEEDS_REVIEW,,aa76c851807e,私人闲聊/个人对话，无法归入其他类别
uci_03067,Get a brand new mobile phone by being an agent of The Mob! Plus loads more goodies! For more info just text MAT to 87021.,en,uci_sms_spam_collection_v1,spam,AD,,1eb5284e3375,招募代理/送手机推广，属于营销广告
uci_03068,Ok. So april. Cant wait,en,uci_sms_spam_collection_v1,ham,NEEDS_REVIEW,,832d7cd693de,私人闲聊/个人对话，无法归入其他类别
uci_03069,Boy you best get yo ass out here quick,en,uci_sms_spam_collection_v1,ham,NEEDS_REVIEW,,bddf5e0628f1,私人闲聊/个人对话，无法归入其他类别
uci_03070,Ay wana meet on sat?¨¹ wkg on sat?,en,uci_sms_spam_collection_v1,ham,NEEDS_REVIEW,,85bf1c1442c4,私人闲聊/个人对话，无法归入其他类别
uci_03071,I'm now but have to wait till 2 for the bus to pick me.,en,uci_sms_spam_collection_v1,ham,NEEDS_REVIEW,,7d219060b442,私人闲聊/个人对话，无法归入其他类别
uci_03072,Apart from the one i told you about yesterday?,en,uci_sms_spam_collection_v1,ham,NEEDS_REVIEW,,f1ad47a3a90e,私人闲聊/个人对话，无法归入其他类别
uci_03073,Ok lor... But buy wat?,en,uci_sms_spam_collection_v1,ham,NEEDS_REVIEW,,e7f9fce8ab42,私人闲聊/个人对话，无法归入其他类别
uci_03074,Somebody should go to andros and steal ice,en,uci_sms_spam_collection_v1,ham,NEEDS_REVIEW,,94bc88febffb,私人闲聊/个人对话，无法归入其他类别
uci_03075,Don know. I did't msg him recently.,en,uci_sms_spam_collection_v1,ham,NEEDS_REVIEW,,c5815852c788,私人闲聊/个人对话，无法归入其他类别
uci_03076,Take us out shopping and Mark will distract Isaiah.=D,en,uci_sms_spam_collection_v1,ham,NEEDS_REVIEW,,a3806e604e1b,私人闲聊/个人对话，无法归入其他类别
uci_03077,"Mum, hope you are having a great day. Hoping this text meets you well and full of life. Have a great day. Abiola",en,uci_sms_spam_collection_v1,ham,NEEDS_REVIEW,,822163e17338,私人闲聊/个人对话，无法归入其他类别
uci_03078,There is no sense in my foot and penis.,en,uci_sms_spam_collection_v1,ham,NEEDS_REVIEW,,28240e5e86f5,私人闲聊/个人对话，无法归入其他类别
uci_03079,Okay but i thought you were the expert,en,uci_sms_spam_collection_v1,ham,NEEDS_REVIEW,,64e5eecb1609,私人闲聊/个人对话，无法归入其他类别
uci_03080,*deep sigh* ... I miss you :-( ... I am really surprised you haven't gone to the net cafe yet to get to me ... Don't you miss me?,en,uci_sms_spam_collection_v1,ham,NEEDS_REVIEW,,020bfcfcfd30,私人闲聊/个人对话，无法归入其他类别
uci_03081,S.s:)i thinl role is like sachin.just standing. Others have to hit.,en,uci_sms_spam_collection_v1,ham,NEEDS_REVIEW,,b372e340d85c,私人闲聊/个人对话，无法归入其他类别
uci_03082,Have a great trip to India. And bring the light to everyone not just with the project but with everyone that is lucky to see you smile. Bye. Abiola,en,uci_sms_spam_collection_v1,ham,NEEDS_REVIEW,,8bded6996b73,私人闲聊/个人对话，无法归入其他类别
uci_03083,"And very importantly, all we discuss is between u and i only.",en,uci_sms_spam_collection_v1,ham,NEEDS_REVIEW,,1be369279e8d,私人闲聊/个人对话，无法归入其他类别
uci_03084,K..k:)how about your training process?,en,uci_sms_spam_collection_v1,ham,NEEDS_REVIEW,,02cf97fb4e89,私人闲聊/个人对话，无法归入其他类别
uci_03085,Ok lor. I ned 2 go toa payoh 4 a while 2 return smth u wan 2 send me there or wat?,en,uci_sms_spam_collection_v1,ham,NEEDS_REVIEW,,46007780d8d4,私人闲聊/个人对话，无法归入其他类别
uci_03086,In da car park,en,uci_sms_spam_collection_v1,ham,NEEDS_REVIEW,,7f6c90f5a266,私人闲聊/个人对话，无法归入其他类别
uci_03087,I wish that I was with you. Holding you tightly. Making you see how important you are. How much you mean to me ... How much I need you ... In my life ...,en,uci_sms_spam_collection_v1,ham,NEEDS_REVIEW,,50a11353b478,私人闲聊/个人对话，无法归入其他类别
uci_03088,So i asked how's anthony. Dad. And your bf,en,uci_sms_spam_collection_v1,ham,NEEDS_REVIEW,,ba9804241dca,私人闲聊/个人对话，无法归入其他类别
uci_03089,"'Wnevr i wana fal in luv vth my books, My bed fals in luv vth me..!'' . Yen madodu, nav pretsorginta, nammanna pretsovru important alwa....!!:) Gud eveB-).",en,uci_sms_spam_collection_v1,ham,NEEDS_REVIEW,,5605f5d444f2,私人闲聊/个人对话，无法归入其他类别
uci_03090,What Today-sunday..sunday is holiday..so no work..,en,uci_sms_spam_collection_v1,ham,NEEDS_REVIEW,,3d953d6687d9,私人闲聊/个人对话，无法归入其他类别
uci_03091,Am going to take bath ill place the key in window:-),en,uci_sms_spam_collection_v1,ham,NEEDS_REVIEW,,12b156898b26,私人闲聊/个人对话，无法归入其他类别
uci_03092,LORD OF THE RINGS:RETURN OF THE KING in store NOW!REPLY LOTR by 2 June 4 Chance 2 WIN LOTR soundtrack CDs StdTxtRate. Reply STOP to end txts,en,uci_sms_spam_collection_v1,spam,AD,,6d3d20e7bbbe,电影/CD产品推广，属于营销广告
uci_03093,"Dear, take care. I am just reaching home.love u a lot.",en,uci_sms_spam_collection_v1,ham,NEEDS_REVIEW,,7f31896d435f,私人闲聊/个人对话，无法归入其他类别
uci_03094,staff.science.nus.edu.sg/~phyhcmk/teaching/pc1323,en,uci_sms_spam_collection_v1,ham,NEEDS_REVIEW,,a707c7a96bef,私人闲聊/个人对话，无法归入其他类别
uci_03095,Have you emigrated or something? Ok maybe 5.30 was a bit hopeful...,en,uci_sms_spam_collection_v1,ham,NEEDS_REVIEW,,0334ad45a896,私人闲聊/个人对话，无法归入其他类别
uci_03096,Olol i printed out a forum post by a guy with the exact same  prob which was fixed with a gpu replacement. Hopefully they dont ignore that.,en,uci_sms_spam_collection_v1,ham,NEEDS_REVIEW,,4822e10afa12,私人闲聊/个人对话，无法归入其他类别
uci_03097,We walked from my moms. Right on stagwood pass right on winterstone left on victors hill. Address is &lt;#&gt;,en,uci_sms_spam_collection_v1,ham,NEEDS_REVIEW,,6758ba2e0396,私人闲聊/个人对话，无法归入其他类别
uci_03098,"Yo, you at jp and hungry like a mofo?",en,uci_sms_spam_collection_v1,ham,NEEDS_REVIEW,,5faa21dfb2c8,私人闲聊/个人对话，无法归入其他类别
uci_03099,This is all just creepy and crazy to me.,en,uci_sms_spam_collection_v1,ham,NEEDS_REVIEW,,fd3fa273db5d,私人闲聊/个人对话，无法归入其他类别
uci_03100,Ok... I din get ur msg...,en,uci_sms_spam_collection_v1,ham,NEEDS_REVIEW,,e06788af2917,私人闲聊/个人对话，无法归入其他类别
uci_03101,Tessy..pls do me a favor. Pls convey my birthday wishes to Nimya..pls dnt forget it. Today is her birthday Shijas,en,uci_sms_spam_collection_v1,ham,NEEDS_REVIEW,,95395c1ec3d1,私人闲聊/个人对话，无法归入其他类别
uci_03102,Pathaya enketa maraikara pa',en,uci_sms_spam_collection_v1,ham,NEEDS_REVIEW,,2e4a50c6fe8a,私人闲聊/个人对话，无法归入其他类别
uci_03103,Even if he my friend he is a priest call him now,en,uci_sms_spam_collection_v1,ham,NEEDS_REVIEW,,3ce2cedad356,私人闲聊/个人对话，无法归入其他类别
uci_03104,"U so lousy, run already come back then half dead... Hee...",en,uci_sms_spam_collection_v1,ham,NEEDS_REVIEW,,4966a5f364b3,私人闲聊/个人对话，无法归入其他类别
uci_03105,That's y i said it's bad dat all e gals know u... Wat u doing now?,en,uci_sms_spam_collection_v1,ham,NEEDS_REVIEW,,97e56536a8d5,私人闲聊/个人对话，无法归入其他类别
uci_03106,Or remind me in a few hrs.,en,uci_sms_spam_collection_v1,ham,NEEDS_REVIEW,,bffd4ca5f6c3,私人闲聊/个人对话，无法归入其他类别
uci_03107,"I had been hoping i would not have to send you this message. My rent is due and i dont have enough for it. My reserves are completely gone. Its a loan i need and was hoping you could her. The balance is  &lt;#&gt; . Is there a way i could get that from you, till mid march when i hope to pay back.",en,uci_sms_spam_collection_v1,ham,NEEDS_REVIEW,,e348e955bbb2,私人闲聊/个人对话，无法归入其他类别
uci_03108,Hi. Happy New Year. I dont mean to intrude but can you pls let me know how much tuition you paid last semester and how much this semester is. Thanks,en,uci_sms_spam_collection_v1,ham,NEEDS_REVIEW,,e7481b9eb4fd,私人闲聊/个人对话，无法归入其他类别
uci_03109,Hello hun how ru? Its here by the way. Im good. Been on 2 dates with that guy i met in walkabout so far. We have to meet up soon. Hows everyone else?,en,uci_sms_spam_collection_v1,ham,NEEDS_REVIEW,,2979a39c023d,私人闲聊/个人对话，无法归入其他类别
uci_03110,Lol I was gonna last month. I cashed some in but I left &lt;#&gt; just in case. I was collecting more during the week cause they announced it on the blog.,en,uci_sms_spam_collection_v1,ham,NEEDS_REVIEW,,72fed9cb51d0,私人闲聊/个人对话，无法归入其他类别
uci_03111,Good Luck! Draw takes place 28th Feb 06. Good Luck! For removal send STOP to 87239 customer services 08708034412,en,uci_sms_spam_collection_v1,spam,NEEDS_REVIEW,,b66b6fc81e0b,私人闲聊/个人对话，无法归入其他类别
uci_03112,"Short But Cute : "" Be a good person , but dont try to prove"" ..... Gud mrng...",en,uci_sms_spam_collection_v1,ham,NEEDS_REVIEW,,38f8680c2c06,私人闲聊/个人对话，无法归入其他类别
uci_03113,Just haven't decided where yet eh ?,en,uci_sms_spam_collection_v1,ham,NEEDS_REVIEW,,28e98eed2fd2,私人闲聊/个人对话，无法归入其他类别
uci_03114,"Wat time liao, where still got.",en,uci_sms_spam_collection_v1,ham,NEEDS_REVIEW,,cfb7e8a75625,私人闲聊/个人对话，无法归入其他类别
uci_03115,Yes watching footie but worried we're going to blow it - Phil Neville?,en,uci_sms_spam_collection_v1,ham,NEEDS_REVIEW,,eb908fe695b9,私人闲聊/个人对话，无法归入其他类别
uci_03116,I wait 4 ¨¹ inside da car park...,en,uci_sms_spam_collection_v1,ham,NEEDS_REVIEW,,db389988ad81,私人闲聊/个人对话，无法归入其他类别
uci_03117,Uncle Abbey! Happy New Year. Abiola,en,uci_sms_spam_collection_v1,ham,NEEDS_REVIEW,,9c1c75b29cc1,私人闲聊/个人对话，无法归入其他类别
uci_03118,Now am free call me pa.,en,uci_sms_spam_collection_v1,ham,NEEDS_REVIEW,,51141f4f0782,私人闲聊/个人对话，无法归入其他类别
uci_03119,R u saying i should re order the slippers cos i had to pay for returning it.,en,uci_sms_spam_collection_v1,ham,NEEDS_REVIEW,,17e3edcefebe,私人闲聊/个人对话，无法归入其他类别
uci_03120,Stop knowing me so well!,en,uci_sms_spam_collection_v1,ham,NEEDS_REVIEW,,b14e48843046,私人闲聊/个人对话，无法归入其他类别
uci_03121,Good evening! this is roger. How are you?,en,uci_sms_spam_collection_v1,ham,NEEDS_REVIEW,,7fc9d5e72951,私人闲聊/个人对话，无法归入其他类别
uci_03122,Small problem in auction:)punj now asking tiwary,en,uci_sms_spam_collection_v1,ham,NEEDS_REVIEW,,f006595d476f,私人闲聊/个人对话，无法归入其他类别
uci_03123,Free entry in 2 a weekly comp for a chance to win an ipod. Txt POD to 80182 to get entry (std txt rate) T&C's apply 08452810073 for details 18+,en,uci_sms_spam_collection_v1,spam,AD,,5caab8209c17,免费参与竞赛赢奖品，属于促销营销
uci_03124,He telling not to tell any one. If so treat for me hi hi hi,en,uci_sms_spam_collection_v1,ham,NEEDS_REVIEW,,3a7efd65da8d,私人闲聊/个人对话，无法归入其他类别
uci_03125,My uncles in Atlanta. Wish you guys a great semester.,en,uci_sms_spam_collection_v1,ham,NEEDS_REVIEW,,ef460a812426,私人闲聊/个人对话，无法归入其他类别
uci_03126,1st wk FREE! Gr8 tones str8 2 u each wk. Txt NOKIA ON to 8007 for Classic Nokia tones or HIT ON to 8007 for Polys. Nokia/150p Poly/200p 16+,en,uci_sms_spam_collection_v1,spam,AD,,ce99dfc6a77c,铃声订阅服务推广，属于营销广告
uci_03127,U coming 2 pick me?,en,uci_sms_spam_collection_v1,ham,NEEDS_REVIEW,,27599fa8624d,私人闲聊/个人对话，无法归入其他类别
uci_03128,Thats cool. i liked your photos. You are very sexy!,en,uci_sms_spam_collection_v1,ham,NEEDS_REVIEW,qa_fix_v1,f09dcb1ea223,[fix:adult-or-secret-admirer NEEDS_REVIEW->HARASS] 私人闲聊/个人对话，无法归入其他类别 [fix:revert-ham-kisses-xxx HARASS->NEEDS_REVIEW]
uci_03129,would u fuckin believe it they didnt know i had thurs pre booked off so they re cancelled me AGAIN! that needs to b sacked,en,uci_sms_spam_collection_v1,ham,NEEDS_REVIEW,,d461d21c3345,私人闲聊/个人对话，无法归入其他类别
uci_03130,"Haha better late than ever, any way I could swing by?",en,uci_sms_spam_collection_v1,ham,NEEDS_REVIEW,,82d860111e6a,私人闲聊/个人对话，无法归入其他类别
uci_03131,Ok. But i finish at 6.,en,uci_sms_spam_collection_v1,ham,NEEDS_REVIEW,,345f263a44ee,私人闲聊/个人对话，无法归入其他类别
uci_03132,"LookAtMe!: Thanks for your purchase of a video clip from LookAtMe!, you've been charged 35p. Think you can do better? Why not send a video in a MMSto 32323.",en,uci_sms_spam_collection_v1,spam,AD,,f162560f3697,视频片段购买收费通知，属于增值服务营销
uci_03133,I've been barred from all B and Q stores for life!?This twat in orange dungerees came up to me and asked if I wanted decking? So I got the first punch in!!,en,uci_sms_spam_collection_v1,ham,NEEDS_REVIEW,,63a8e52278dd,私人闲聊/个人对话，无法归入其他类别
uci_03134,So no messages. Had food?,en,uci_sms_spam_collection_v1,ham,NEEDS_REVIEW,,4b66b541d1d3,私人闲聊/个人对话，无法归入其他类别
uci_03135,Ok going to sleep. Hope i can meet her.,en,uci_sms_spam_collection_v1,ham,NEEDS_REVIEW,,c9ccaaec4c89,私人闲聊/个人对话，无法归入其他类别
uci_03136,Wat makes some people dearer is not just de happiness dat u feel when u meet them but de pain u feel when u miss dem!!!,en,uci_sms_spam_collection_v1,ham,NEEDS_REVIEW,,a52350d8c081,私人闲聊/个人对话，无法归入其他类别
uci_03137,Can you let me know details of fri when u find out cos I'm not in tom or fri. mentionned chinese. Thanks,en,uci_sms_spam_collection_v1,ham,NEEDS_REVIEW,,c854d1686844,私人闲聊/个人对话，无法归入其他类别
uci_03138,You're right I have now that I think about it,en,uci_sms_spam_collection_v1,ham,NEEDS_REVIEW,,e77928aeb1dd,私人闲聊/个人对话，无法归入其他类别
uci_03139,Wat r u doing now?,en,uci_sms_spam_collection_v1,ham,NEEDS_REVIEW,,45589444b3b4,私人闲聊/个人对话，无法归入其他类别
uci_03140,Is ur lecture over?,en,uci_sms_spam_collection_v1,ham,NEEDS_REVIEW,,4cfc18ded158,私人闲聊/个人对话，无法归入其他类别
uci_03141,sexy sexy cum and text me im wet and warm and ready for some porn! u up for some fun? THIS MSG IS FREE RECD MSGS 150P INC VAT 2 CANCEL TEXT STOP,en,uci_sms_spam_collection_v1,spam,HARASS,,fb82e483e20b,色情内容骚扰短信，属于骚扰
uci_03142,Customer place i will call you,en,uci_sms_spam_collection_v1,ham,NEEDS_REVIEW,,72d9b87a057e,私人闲聊/个人对话，无法归入其他类别
uci_03143,Not planned yet :)going to join company on jan 5 only.don know what will happen after that.,en,uci_sms_spam_collection_v1,ham,NEEDS_REVIEW,,6d94cd2df4f1,私人闲聊/个人对话，无法归入其他类别
uci_03144,Boy; I love u Grl: Hogolo Boy: gold chain kodstini Grl: Agalla Boy: necklace madstini Grl: agalla Boy: Hogli 1 mutai eerulli kodthini! Grl: I love U kano;-),en,uci_sms_spam_collection_v1,ham,NEEDS_REVIEW,,e1e31cbe5384,私人闲聊/个人对话，无法归入其他类别
uci_03145,"Haha I heard that, text me when you're around",en,uci_sms_spam_collection_v1,ham,NEEDS_REVIEW,,45efb65b1759,私人闲聊/个人对话，无法归入其他类别
uci_03146,I.ll get there tomorrow and send it to you,en,uci_sms_spam_collection_v1,ham,NEEDS_REVIEW,,9f158894ef9f,私人闲聊/个人对话，无法归入其他类别
uci_03147,"""SHIT BABE.. THASA BIT MESSED UP.YEH, SHE SHUDVETOLD U. DID URGRAN KNOW?NEWAY, ILLSPEAK 2 U2MORO WEN IM NOT ASLEEP...""",en,uci_sms_spam_collection_v1,ham,NEEDS_REVIEW,,d4c2a24d3393,私人闲聊/个人对话，无法归入其他类别
uci_03148,Oh thats late! Well have a good night and i will give u a call tomorrow. Iam now going to go to sleep night night,en,uci_sms_spam_collection_v1,ham,NEEDS_REVIEW,,a4ed1a019a00,私人闲聊/个人对话，无法归入其他类别
uci_03149,"""CHEERS U TEX MECAUSE U WEREBORED! YEAH OKDEN HUNNY R UIN WK SAT?SOUND?S LIKEYOUR HAVIN GR8FUN J! KEEP UPDAT COUNTINLOTS OF LOVEME XXXXX.""",en,uci_sms_spam_collection_v1,ham,NEEDS_REVIEW,,d10f6970699f,私人闲聊/个人对话，无法归入其他类别
uci_03150,"Sorry,  in meeting I'll call you later",en,uci_sms_spam_collection_v1,ham,NEEDS_REVIEW,,4fa8c3ffd6f1,私人闲聊/个人对话，无法归入其他类别
uci_03151,Yo! Howz u? girls never rang after india. L,en,uci_sms_spam_collection_v1,ham,NEEDS_REVIEW,,cb03084ac671,私人闲聊/个人对话，无法归入其他类别
uci_03152,Yeah but which is worse for i,en,uci_sms_spam_collection_v1,ham,NEEDS_REVIEW,,a1b0fdf9130d,私人闲聊/个人对话，无法归入其他类别
uci_03153,Hard LIVE 121 chat just 60p/min. Choose your girl and connect LIVE. Call 09094646899 now! Cheap Chat UK's biggest live service. VU BCM1896WC1N3XX,en,uci_sms_spam_collection_v1,spam,HARASS,,9ab70425d885,成人聊天热线推广，属于骚扰
uci_03154,I tagged MY friends that you seemed to count as YOUR friends.,en,uci_sms_spam_collection_v1,ham,NEEDS_REVIEW,,28a8562f431c,私人闲聊/个人对话，无法归入其他类别
uci_03155,Not heard from U4 a while. Call 4 rude chat private line 01223585334 to cum. Wan 2C pics of me gettin shagged then text PIX to 8552. 2End send STOP 8552 SAM xxx,en,uci_sms_spam_collection_v1,spam,HARASS,,c3c627cb5f69,成人聊天/色情图片热线，属于骚扰
uci_03156,Ok...,en,uci_sms_spam_collection_v1,ham,NEEDS_REVIEW,,7a85f4764bbd,私人闲聊/个人对话，无法归入其他类别
uci_03157,Long time. You remember me today.,en,uci_sms_spam_collection_v1,ham,NEEDS_REVIEW,,66f27decc6ab,私人闲聊/个人对话，无法归入其他类别
uci_03158,Havent shopping now lor i juz arrive only,en,uci_sms_spam_collection_v1,ham,NEEDS_REVIEW,,df497cdf0593,私人闲聊/个人对话，无法归入其他类别
uci_03159,Thank u. IT BETTER WORK OUT CAUSE I WILL FEEL USED OTHERWISE,en,uci_sms_spam_collection_v1,ham,NEEDS_REVIEW,,3a7dc7217a6d,私人闲聊/个人对话，无法归入其他类别
uci_03160,Are you up for the challenge? I know i am :),en,uci_sms_spam_collection_v1,ham,NEEDS_REVIEW,,c25fc6588b60,私人闲聊/个人对话，无法归入其他类别
uci_03161,How much did ur hdd casing cost.,en,uci_sms_spam_collection_v1,ham,NEEDS_REVIEW,,62652da0655e,私人闲聊/个人对话，无法归入其他类别
uci_03162,Mystery solved! Just opened my email and he's sent me another batch! Isn't he a sweetie,en,uci_sms_spam_collection_v1,ham,NEEDS_REVIEW,,9757aaad805f,私人闲聊/个人对话，无法归入其他类别
uci_03163,I can't describe how lucky you are that I'm actually awake by noon,en,uci_sms_spam_collection_v1,ham,NEEDS_REVIEW,,97fb791c274d,私人闲聊/个人对话，无法归入其他类别
uci_03164,This is the 2nd time we have tried to contact u. U have won the ¡ê1450 prize to claim just call 09053750005 b4 310303. T&Cs/stop SMS 08718725756. 140ppm,en,uci_sms_spam_collection_v1,spam,FRAUD,,51542efe4033,虚假中奖通知，要求拨打电话或发短信领取奖品，典型诈骗
uci_03165,"TODAY is Sorry day.! If ever i was angry with you, if ever i misbehaved or hurt you? plz plz JUST SLAP URSELF Bcoz, Its ur fault, I'm basically GOOD",en,uci_sms_spam_collection_v1,ham,NEEDS_REVIEW,,ab9a08c8c51c,私人闲聊/个人对话，无法归入其他类别
uci_03166,Cheers for the card ... Is it that time of year already?,en,uci_sms_spam_collection_v1,ham,NEEDS_REVIEW,,5cc093d631c6,私人闲聊/个人对话，无法归入其他类别
uci_03167,"HOT LIVE FANTASIES call now 08707509020 Just 20p per min NTT Ltd, PO Box 1327 Croydon CR9 5WB 0870..k",en,uci_sms_spam_collection_v1,spam,HARASS,,3c85e7e6d6e1,成人幻想热线推广，属于骚扰
uci_03168,"When people see my msgs, They think Iam addicted to msging... They are wrong, Bcoz They don\'t know that Iam addicted to my sweet Friends..!! BSLVYL",en,uci_sms_spam_collection_v1,ham,NEEDS_REVIEW,,ff4997ff964c,私人闲聊/个人对话，无法归入其他类别
uci_03169,Ugh hopefully the asus ppl dont randomly do a reformat.,en,uci_sms_spam_collection_v1,ham,NEEDS_REVIEW,,edc9e739dcee,私人闲聊/个人对话，无法归入其他类别
uci_03170,"Haven't seen my facebook, huh? Lol!",en,uci_sms_spam_collection_v1,ham,NEEDS_REVIEW,,7da31376ce11,私人闲聊/个人对话，无法归入其他类别
uci_03171,"Mah b, I'll pick it up tomorrow",en,uci_sms_spam_collection_v1,ham,NEEDS_REVIEW,,4c3ea347717a,私人闲聊/个人对话，无法归入其他类别
uci_03172,Still otside le..u come 2morrow maga..,en,uci_sms_spam_collection_v1,ham,NEEDS_REVIEW,,8c52e034bc6e,私人闲聊/个人对话，无法归入其他类别
uci_03173,Do u still have plumbers tape and a wrench we could borrow?,en,uci_sms_spam_collection_v1,ham,NEEDS_REVIEW,,560cae091931,私人闲聊/个人对话，无法归入其他类别
uci_03174,"Dear Voucher Holder, To claim this weeks offer, at you PC please go to http://www.e-tlp.co.uk/reward. Ts&Cs apply.",en,uci_sms_spam_collection_v1,spam,AD,qa_fix_v1,0196d5aea5a5,[fix:commercial-promo-not-fraud FRAUD->AD] 虚假优惠券/奖励链接，诱导点击钓鱼网站，属于诈骗
uci_03175,It vl bcum more difficult..,en,uci_sms_spam_collection_v1,ham,NEEDS_REVIEW,,96362c42cecb,私人闲聊/个人对话，无法归入其他类别
uci_03176,UR GOING 2 BAHAMAS! CallFREEFONE 08081560665 and speak to a live operator to claim either Bahamas cruise of¡ê2000 CASH 18+only. To opt out txt X to 07786200117,en,uci_sms_spam_collection_v1,spam,FRAUD,,2efb8c6d7e28,虚假中奖/奖励，要求拨打电话或操作领取，属于诈骗
uci_03177,Havent still waitin as usual... ¨¹ come back sch oredi?,en,uci_sms_spam_collection_v1,ham,NEEDS_REVIEW,,a199fbe2cb70,私人闲聊/个人对话，无法归入其他类别
uci_03178,In meeting da. I will call you,en,uci_sms_spam_collection_v1,ham,NEEDS_REVIEW,,817b024ed126,私人闲聊/个人对话，无法归入其他类别
uci_03179,K k :-):-) then watch some films.,en,uci_sms_spam_collection_v1,ham,NEEDS_REVIEW,,b5749cc2c5a1,私人闲聊/个人对话，无法归入其他类别
uci_03180,Does cinema plus drink appeal tomo? * Is a fr thriller by director i like on at mac at 8.30.,en,uci_sms_spam_collection_v1,ham,NEEDS_REVIEW,,4b7c5b1e0b5c,私人闲聊/个人对话，无法归入其他类别
uci_03181,There the size of elephant tablets & u shove um up ur ass!!,en,uci_sms_spam_collection_v1,ham,NEEDS_REVIEW,,11d4eeba5292,私人闲聊/个人对话，无法归入其他类别
uci_03182,"So many people seems to be special at first sight, But only very few will remain special to you till your last sight.. Maintain them till life ends.. take cr da",en,uci_sms_spam_collection_v1,ham,NEEDS_REVIEW,,7c34324e825f,私人闲聊/个人对话，无法归入其他类别
uci_03183,"My Parents, My Kidz, My Friends n My Colleagues. All screaming.. SURPRISE !! and I was waiting on the sofa.. ... ..... ' NAKED...!",en,uci_sms_spam_collection_v1,ham,NEEDS_REVIEW,qa_fix_v1,bd7e8f64a8bb,[fix:adult-or-secret-admirer NEEDS_REVIEW->HARASS] 私人闲聊/个人对话，无法归入其他类别 [fix:revert-ham-kisses-xxx HARASS->NEEDS_REVIEW]
uci_03184,Dunno i juz askin cos i got a card got 20% off 4 a salon called hair sense so i tot it's da one ¨¹ cut ur hair.,en,uci_sms_spam_collection_v1,ham,NEEDS_REVIEW,,248d1f433264,私人闲聊/个人对话，无法归入其他类别
uci_03185,Good morning pookie pie! Lol hope I didn't wake u up,en,uci_sms_spam_collection_v1,ham,NEEDS_REVIEW,,f3998a82e2e5,私人闲聊/个人对话，无法归入其他类别
uci_03186,MAYBE IF YOU WOKE UP BEFORE FUCKING 3 THIS WOULDN'T BE A PROBLEM.,en,uci_sms_spam_collection_v1,ham,NEEDS_REVIEW,,e25e0167b171,私人闲聊/个人对话，无法归入其他类别
uci_03187,Happy birthday to you....dear.with lots of love.rakhesh NRI,en,uci_sms_spam_collection_v1,ham,NEEDS_REVIEW,,7e233585f3ed,私人闲聊/个人对话，无法归入其他类别
uci_03188,Howz that persons story,en,uci_sms_spam_collection_v1,ham,NEEDS_REVIEW,,4067ccc15d52,私人闲聊/个人对话，无法归入其他类别
uci_03189,"This is the 2nd time we have tried 2 contact u. U have won the 750 Pound prize. 2 claim is easy, call 08712101358 NOW! Only 10p per min. BT-national-rate",en,uci_sms_spam_collection_v1,spam,FRAUD,,7e959529ca51,虚假中奖通知，要求拨打电话或发短信领取奖品，典型诈骗
uci_03190,X2  &lt;#&gt; . Are you going to get that,en,uci_sms_spam_collection_v1,ham,NEEDS_REVIEW,,f89e0f0ef312,私人闲聊/个人对话，无法归入其他类别
uci_03191,Hi neva worry bout da truth coz the truth will lead me 2 ur heart. It?s the least a unique person like u deserve. Sleep tight or morning,en,uci_sms_spam_collection_v1,ham,NEEDS_REVIEW,,1a5ed871b10f,私人闲聊/个人对话，无法归入其他类别
uci_03192,UR awarded a City Break and could WIN a ¡ê200 Summer Shopping spree every WK. Txt STORE to 88039.SkilGme.TsCs087147403231Winawk!Age16+¡ê1.50perWKsub,en,uci_sms_spam_collection_v1,spam,FRAUD,,3a1eed129f3a,虚假中奖/奖励，要求拨打电话或操作领取，属于诈骗
uci_03193,Is ur paper today in e morn or aft?,en,uci_sms_spam_collection_v1,ham,NEEDS_REVIEW,,e184b83b0cb2,私人闲聊/个人对话，无法归入其他类别
uci_03194,I will lick up every drop :) are you ready to use your mouth as well?,en,uci_sms_spam_collection_v1,ham,NEEDS_REVIEW,,bfd6e09f23ef,私人闲聊/个人对话，无法归入其他类别
uci_03195,And you! Will expect you whenever you text! Hope all goes well tomo,en,uci_sms_spam_collection_v1,ham,NEEDS_REVIEW,,b91c6e9da7c4,私人闲聊/个人对话，无法归入其他类别
uci_03196,Great. P diddy is my neighbor and comes for toothpaste every morning,en,uci_sms_spam_collection_v1,ham,NEEDS_REVIEW,,d949206e7133,私人闲聊/个人对话，无法归入其他类别
uci_03197,"I av a new number,  . Wil u only use this one,ta.",en,uci_sms_spam_collection_v1,ham,NEEDS_REVIEW,,d6cc3a55834d,私人闲聊/个人对话，无法归入其他类别
uci_03198,So its to be poking man everyday that they teach you in canada abi! How are you. Just saying hi.,en,uci_sms_spam_collection_v1,ham,NEEDS_REVIEW,,544f7b8ac3bc,私人闲聊/个人对话，无法归入其他类别
uci_03199,7 lor... Change 2 suntec... Wat time u coming?,en,uci_sms_spam_collection_v1,ham,NEEDS_REVIEW,,aea909c41e0e,私人闲聊/个人对话，无法归入其他类别
uci_03200,No de.am seeing in online shop so that i asked.,en,uci_sms_spam_collection_v1,ham,NEEDS_REVIEW,,4433db1a46c0,私人闲聊/个人对话，无法归入其他类别
uci_03201,Just curious because my cuz asked what I was up to,en,uci_sms_spam_collection_v1,ham,NEEDS_REVIEW,,dacca5526c00,私人闲聊/个人对话，无法归入其他类别
uci_03202,Nice.nice.how is it working?,en,uci_sms_spam_collection_v1,ham,NEEDS_REVIEW,,86a05489e8d7,私人闲聊/个人对话，无法归入其他类别
uci_03203,Okay lor... Wah... like that def they wont let us go... Haha... What did they say in the terms and conditions?,en,uci_sms_spam_collection_v1,ham,NEEDS_REVIEW,,cd7a1ef4d9a3,私人闲聊/个人对话，无法归入其他类别
uci_03204,Haha... Yup hopefully  we will lose a few kg by mon. after hip hop can go orchard and weigh again,en,uci_sms_spam_collection_v1,ham,NEEDS_REVIEW,,0296d61699fc,私人闲聊/个人对话，无法归入其他类别
uci_03205,She's good. How are you. Where r u working now,en,uci_sms_spam_collection_v1,ham,NEEDS_REVIEW,,ad4d729e994b,私人闲聊/个人对话，无法归入其他类别
uci_03206,"Oh, yes, I've just been a little under the weather so i've kind of been coccooning at home",en,uci_sms_spam_collection_v1,ham,NEEDS_REVIEW,,49dd8791866c,私人闲聊/个人对话，无法归入其他类别
uci_03207,At home also.,en,uci_sms_spam_collection_v1,ham,NEEDS_REVIEW,,b3d1d62878c7,私人闲聊/个人对话，无法归入其他类别
uci_03208,This phone has the weirdest auto correct.,en,uci_sms_spam_collection_v1,ham,NEEDS_REVIEW,,14e11c3aecd7,私人闲聊/个人对话，无法归入其他类别
uci_03209,Oops my phone died and I didn't even know. Yeah I like it better.,en,uci_sms_spam_collection_v1,ham,NEEDS_REVIEW,,eafd6c4f0599,私人闲聊/个人对话，无法归入其他类别
uci_03210,Havent mus ask if u can 1st wat. Of meet 4 lunch den u n him meet can already lor. Or u wan 2 go ask da ge 1st then confirm w me asap?,en,uci_sms_spam_collection_v1,ham,NEEDS_REVIEW,,d5821d1b9f88,私人闲聊/个人对话，无法归入其他类别
uci_03211,"She said,'' do u mind if I go into the bedroom for a minute ? '' ''OK'', I sed in a sexy mood. She came out 5 minuts latr wid a cake...n My Wife,",en,uci_sms_spam_collection_v1,ham,NEEDS_REVIEW,qa_fix_v1,9e8cf5f74e37,[fix:adult-or-secret-admirer NEEDS_REVIEW->HARASS] 私人闲聊/个人对话，无法归入其他类别 [fix:revert-ham-kisses-xxx HARASS->NEEDS_REVIEW]
uci_03212,"OH YEAH,AND HAV A GREAT TIME IN NEWQUAY-SEND ME A POSTCARD !1 LOOK AFTER ALL THE GIRLS WHILE IM GONE(U KNOW THE 1IM TALKIN BOUT!)xx",en,uci_sms_spam_collection_v1,ham,NEEDS_REVIEW,,7bc60035ece0,私人闲聊/个人对话，无法归入其他类别
uci_03213,We got a divorce. Lol. She.s here,en,uci_sms_spam_collection_v1,ham,NEEDS_REVIEW,,cdff2de46b19,私人闲聊/个人对话，无法归入其他类别
uci_03214,What's ur pin?,en,uci_sms_spam_collection_v1,ham,NEEDS_REVIEW,,721bbd4b0bbd,私人闲聊/个人对话，无法归入其他类别
uci_03215,"Babe, have you got enough money to pick up bread and milk ? And I'll give you it back when you get home ?",en,uci_sms_spam_collection_v1,ham,NEEDS_REVIEW,,ad369866c007,私人闲聊/个人对话，无法归入其他类别
uci_03216,I want snow. It's just freezing and windy.,en,uci_sms_spam_collection_v1,ham,NEEDS_REVIEW,,1b595b20b066,私人闲聊/个人对话，无法归入其他类别
uci_03217,URGENT! We are trying to contact U. Todays draw shows that you have won a ¡ê2000 prize GUARANTEED. Call 09066358361 from land line. Claim Y87. Valid 12hrs only,en,uci_sms_spam_collection_v1,spam,FRAUD,,5e21faa9d2c0,虚假中奖通知，要求拨打电话或发短信领取奖品，典型诈骗
uci_03218,Come to mahal bus stop.. &lt;DECIMAL&gt;,en,uci_sms_spam_collection_v1,ham,NEEDS_REVIEW,,e0cc9a7e5e29,私人闲聊/个人对话，无法归入其他类别
uci_03219,Don know:)this week i'm going to tirunelvai da.,en,uci_sms_spam_collection_v1,ham,NEEDS_REVIEW,,f11449679839,私人闲聊/个人对话，无法归入其他类别
uci_03220,Me too baby! I promise to treat you well! I bet you will take good care of me...,en,uci_sms_spam_collection_v1,ham,NEEDS_REVIEW,,2303880dec66,私人闲聊/个人对话，无法归入其他类别
uci_03221,Its like that hotel dusk game i think. You solve puzzles in a area thing,en,uci_sms_spam_collection_v1,ham,NEEDS_REVIEW,,95c3e6fbb78c,私人闲聊/个人对话，无法归入其他类别
uci_03222,"Thanks for your ringtone order, reference number X29. Your mobile will be charged 4.50. Should your tone not arrive please call customer services 09065989180",en,uci_sms_spam_collection_v1,spam,AD,,bd86a6d87cbc,铃声订阅服务推广，属于营销广告
uci_03223,"Hi, my love! How goes that day? Fuck, this morning I woke and dropped my cell on the way down the stairs but it seems alright ... *phews* I miss you !",en,uci_sms_spam_collection_v1,ham,NEEDS_REVIEW,,1c2586cd3414,私人闲聊/个人对话，无法归入其他类别
uci_03224,Well that must be a pain to catch,en,uci_sms_spam_collection_v1,ham,NEEDS_REVIEW,,c4af649b54a9,私人闲聊/个人对话，无法归入其他类别
uci_03225,Sorry da thangam.it's my mistake.,en,uci_sms_spam_collection_v1,ham,NEEDS_REVIEW,,7101377b8554,私人闲聊/个人对话，无法归入其他类别
uci_03226,I need... Coz i never go before,en,uci_sms_spam_collection_v1,ham,NEEDS_REVIEW,,336e66dadab0,私人闲聊/个人对话，无法归入其他类别
uci_03227,"Rose for red,red for blood,blood for heart,heart for u. But u for me.... Send tis to all ur friends.. Including me.. If u like me.. If u get back, 1-u r poor in relation! 2-u need some 1 to support 3-u r frnd 2 many 4-some1 luvs u 5+- some1 is praying god to marry u.:-) try it....",en,uci_sms_spam_collection_v1,ham,NEEDS_REVIEW,,01bba1935d41,私人闲聊/个人对话，无法归入其他类别
uci_03228,Wife.how she knew the time of murder exactly,en,uci_sms_spam_collection_v1,ham,NEEDS_REVIEW,,b2e75c4d3231,私人闲聊/个人对话，无法归入其他类别
uci_03229,"SIX chances to win CASH! From 100 to 20,000 pounds txt> CSH11 and send to 87575. Cost 150p/day, 6days, 16+ TsandCs apply Reply HL 4 info",en,uci_sms_spam_collection_v1,spam,FRAUD,,1cb8480bbb9b,付费竞赛诈骗，诱导发送短信到短码参与虚假抽奖，属于诈骗
uci_03230,Ur cash-balance is currently 500 pounds - to maximize ur cash-in now send COLLECT to 83600 only 150p/msg. CC: 08718720201 PO BOX 114/14 TCR/W1,en,uci_sms_spam_collection_v1,spam,FRAUD,,30216cebbdfb,虚假账户余额/积分兑换，诱导用户操作，属于诈骗
uci_03231,"I feel like a dick because I keep sleeping through your texts and facebook messages. Sup, you in town?",en,uci_sms_spam_collection_v1,ham,NEEDS_REVIEW,,1ba3313d2c3c,私人闲聊/个人对话，无法归入其他类别
uci_03232,No plm i will come da. On the way.,en,uci_sms_spam_collection_v1,ham,NEEDS_REVIEW,,603ae824e683,私人闲聊/个人对话，无法归入其他类别
uci_03233,Guess he wants alone time. We could just show up and watch when they do..,en,uci_sms_spam_collection_v1,ham,NEEDS_REVIEW,,0ca2152110fe,私人闲聊/个人对话，无法归入其他类别
uci_03234,Height of recycling: Read twice- People spend time for earning money and the same money is spent for spending time!;-) Good morning.. keep smiling:-),en,uci_sms_spam_collection_v1,ham,NEEDS_REVIEW,,bcbe83209f4b,私人闲聊/个人对话，无法归入其他类别
uci_03235,Yup ¨¹ not comin :-(,en,uci_sms_spam_collection_v1,ham,NEEDS_REVIEW,,42b87408f7ab,私人闲聊/个人对话，无法归入其他类别
uci_03236,"Yes, princess. Toledo.",en,uci_sms_spam_collection_v1,ham,NEEDS_REVIEW,,07d4da19d93a,私人闲聊/个人对话，无法归入其他类别
uci_03237,"Aight text me when you're back at mu and I'll swing by, need somebody to get the door for me",en,uci_sms_spam_collection_v1,ham,NEEDS_REVIEW,,8db8fbf72232,私人闲聊/个人对话，无法归入其他类别
uci_03238,Ron say fri leh. N he said ding tai feng cant make reservations. But he said wait lor.,en,uci_sms_spam_collection_v1,ham,NEEDS_REVIEW,,c2efb3a434db,私人闲聊/个人对话，无法归入其他类别
uci_03239,Good. No swimsuit allowed :),en,uci_sms_spam_collection_v1,ham,NEEDS_REVIEW,,91def3656b66,私人闲聊/个人对话，无法归入其他类别
uci_03240,Am okay. Will soon be over. All the best,en,uci_sms_spam_collection_v1,ham,NEEDS_REVIEW,,83991f51012f,私人闲聊/个人对话，无法归入其他类别
uci_03241,"A cute thought for friendship: ""Its not necessary to share every secret with ur close Frnd, but watever u shared should be true""....",en,uci_sms_spam_collection_v1,ham,NEEDS_REVIEW,,cac598e9655e,私人闲聊/个人对话，无法归入其他类别
uci_03242,Ok i've sent u da latest version of da project.,en,uci_sms_spam_collection_v1,ham,NEEDS_REVIEW,,8a31361e00ed,私人闲聊/个人对话，无法归入其他类别
uci_03243,Good Morning my Dear........... Have a great &amp; successful day.,en,uci_sms_spam_collection_v1,ham,NEEDS_REVIEW,,b85ebb3fe3ff,私人闲聊/个人对话，无法归入其他类别
uci_03244,Pls accept me for one day. Or am begging you change the number.,en,uci_sms_spam_collection_v1,ham,NEEDS_REVIEW,,3431754219c9,私人闲聊/个人对话，无法归入其他类别
uci_03245,Squeeeeeze!! This is christmas hug.. If u lik my frndshp den hug me back.. If u get 3 u r cute:) 6 u r luvd:* 9 u r so lucky;) None? People hate u:,en,uci_sms_spam_collection_v1,ham,NEEDS_REVIEW,,0978b5ee3db4,私人闲聊/个人对话，无法归入其他类别
uci_03246,"Its ok, if anybody asks abt me, u tel them..:-P",en,uci_sms_spam_collection_v1,ham,NEEDS_REVIEW,,113525ce924f,私人闲聊/个人对话，无法归入其他类别
uci_03247,"Funny fact Nobody teaches volcanoes 2 erupt, tsunamis 2 arise, hurricanes 2 sway aroundn no 1 teaches hw 2 choose a wife Natural disasters just happens",en,uci_sms_spam_collection_v1,ham,NEEDS_REVIEW,,77d6ee774bc1,私人闲聊/个人对话，无法归入其他类别
uci_03248,* You gonna ring this weekend or wot?,en,uci_sms_spam_collection_v1,ham,NEEDS_REVIEW,,f80c68defd62,私人闲聊/个人对话，无法归入其他类别
uci_03249,Also track down any lighters you can find,en,uci_sms_spam_collection_v1,ham,NEEDS_REVIEW,,ce56f3a09c12,私人闲聊/个人对话，无法归入其他类别
uci_03250,"Sorry, I can't help you on this.",en,uci_sms_spam_collection_v1,ham,NEEDS_REVIEW,,8fbc78808202,私人闲聊/个人对话，无法归入其他类别
uci_03251,"Babe, I need your advice",en,uci_sms_spam_collection_v1,ham,NEEDS_REVIEW,,a0dbbcb7e310,私人闲聊/个人对话，无法归入其他类别
uci_03252,"I¡®ll leave around four, ok?",en,uci_sms_spam_collection_v1,ham,NEEDS_REVIEW,,7c6e1ee8c2e3,私人闲聊/个人对话，无法归入其他类别
uci_03253,Come to medical college at 7pm ......forward it da,en,uci_sms_spam_collection_v1,ham,NEEDS_REVIEW,,18fac2e5fde1,私人闲聊/个人对话，无法归入其他类别
uci_03254,K:)k..its good:)when are you going?,en,uci_sms_spam_collection_v1,ham,NEEDS_REVIEW,,eddffac0982b,私人闲聊/个人对话，无法归入其他类别
uci_03255,I can make lasagna for you... vodka...,en,uci_sms_spam_collection_v1,ham,NEEDS_REVIEW,,0628b8cc105f,私人闲聊/个人对话，无法归入其他类别
uci_03256,HI ITS KATE CAN U GIVE ME A RING ASAP XXX,en,uci_sms_spam_collection_v1,ham,NEEDS_REVIEW,qa_fix_v1,ce6b8f9d843c,[fix:adult-or-secret-admirer NEEDS_REVIEW->HARASS] 私人闲聊/个人对话，无法归入其他类别 [fix:revert-ham-kisses-xxx HARASS->NEEDS_REVIEW]
uci_03257,Who were those people ? Were you in a tour ? I thought you were doing that sofa thing you sent me ? Your curious sugar,en,uci_sms_spam_collection_v1,ham,NEEDS_REVIEW,,138b729bfe4c,私人闲聊/个人对话，无法归入其他类别
uci_03258,"No, but you told me you were going, before you got drunk!",en,uci_sms_spam_collection_v1,ham,NEEDS_REVIEW,,ae90bc7f6ea5,私人闲聊/个人对话，无法归入其他类别
uci_03259,He fucking chickened out. He messaged me he would be late and woould buzz me and then I didn't hear a word from him,en,uci_sms_spam_collection_v1,ham,NEEDS_REVIEW,,6e97663bef65,私人闲聊/个人对话，无法归入其他类别
uci_03260,"Congratulations! Thanks to a good friend U have WON the ¡ê2,000 Xmas prize. 2 claim is easy, just call 08718726978 NOW! Only 10p per minute. BT-national-rate",en,uci_sms_spam_collection_v1,spam,FRAUD,,8f01047fdfe2,虚假中奖通知，要求拨打电话或发短信领取奖品，典型诈骗
uci_03261,I'm always looking for an excuse to be in the city.,en,uci_sms_spam_collection_v1,ham,NEEDS_REVIEW,,ffc1c9c369c1,私人闲聊/个人对话，无法归入其他类别
uci_03262,Yup i'm still having coffee wif my frens... My fren drove she'll give me a lift...,en,uci_sms_spam_collection_v1,ham,NEEDS_REVIEW,,2304e63fd808,私人闲聊/个人对话，无法归入其他类别
uci_03263,O shore are you takin the bus,en,uci_sms_spam_collection_v1,ham,NEEDS_REVIEW,,36afe4d3af32,私人闲聊/个人对话，无法归入其他类别
uci_03264,So u gonna get deus ex?,en,uci_sms_spam_collection_v1,ham,NEEDS_REVIEW,,1908ddce40d7,私人闲聊/个人对话，无法归入其他类别
uci_03265,I will send them to your email. Do you mind  &lt;#&gt;  times per night?,en,uci_sms_spam_collection_v1,ham,NEEDS_REVIEW,,148269c26f47,私人闲聊/个人对话，无法归入其他类别
uci_03266,"44 7732584351, Do you want a New Nokia 3510i colour phone DeliveredTomorrow? With 300 free minutes to any mobile + 100 free texts + Free Camcorder reply or call 08000930705.",en,uci_sms_spam_collection_v1,spam,AD,,239029a94972,手机促销广告，提供优惠购机方案，属于正规营销
uci_03267,tap & spile at seven. * Is that pub on gas st off broad st by canal. Ok?,en,uci_sms_spam_collection_v1,ham,NEEDS_REVIEW,,383efa67a0e9,私人闲聊/个人对话，无法归入其他类别
uci_03268,Ok then i come n pick u at engin?,en,uci_sms_spam_collection_v1,ham,NEEDS_REVIEW,,1e7f7c0d624e,私人闲聊/个人对话，无法归入其他类别
uci_03269,Which is why i never wanted to tell you any of this. Which is why i'm so short with you and on-edge as of late.,en,uci_sms_spam_collection_v1,ham,NEEDS_REVIEW,,1cda24c6a2c6,私人闲聊/个人对话，无法归入其他类别
uci_03270,Raviyog Peripherals bhayandar east,en,uci_sms_spam_collection_v1,ham,NEEDS_REVIEW,,fe59d0a57f2c,私人闲聊/个人对话，无法归入其他类别
uci_03271,K actually can you guys meet me at the sunoco on howard? It should be right on the way,en,uci_sms_spam_collection_v1,ham,NEEDS_REVIEW,,e3b78b61cc3e,私人闲聊/个人对话，无法归入其他类别
uci_03272,You have 1 new voicemail. Please call 08719181513.,en,uci_sms_spam_collection_v1,spam,FRAUD,,6e3f15d46ed3,虚假语音信箱通知，诱导拨打高费率电话，属于诈骗
uci_03273,"MOON has come to color your dreams, STARS to make them musical and my SMS to give you warm and Peaceful Sleep. Good Night",en,uci_sms_spam_collection_v1,ham,NEEDS_REVIEW,,2d8713baa174,私人闲聊/个人对话，无法归入其他类别
uci_03274,Just finished eating. Got u a plate. NOT leftovers this time.,en,uci_sms_spam_collection_v1,ham,NEEDS_REVIEW,,9d6e721f30ac,私人闲聊/个人对话，无法归入其他类别
uci_03275,Thanx a lot...,en,uci_sms_spam_collection_v1,ham,NEEDS_REVIEW,,318fbf1e103c,私人闲聊/个人对话，无法归入其他类别
uci_03276,Hurry home u big butt. Hang up on your last caller if u have to. Food is done and I'm starving. Don't ask what I cooked.,en,uci_sms_spam_collection_v1,ham,NEEDS_REVIEW,,389c878df3fb,私人闲聊/个人对话，无法归入其他类别
uci_03277,Lol your right. What diet? Everyday I cheat anyway. I'm meant to be a fatty :(,en,uci_sms_spam_collection_v1,ham,NEEDS_REVIEW,,964594006d36,私人闲聊/个人对话，无法归入其他类别
uci_03278,Its a great day. Do have yourself a beautiful one.,en,uci_sms_spam_collection_v1,ham,NEEDS_REVIEW,,6f0ba85827dd,私人闲聊/个人对话，无法归入其他类别
uci_03279,What happened in interview?,en,uci_sms_spam_collection_v1,ham,NEEDS_REVIEW,,bf24dcfca349,私人闲聊/个人对话，无法归入其他类别
uci_03280,"Solve d Case : A Man Was Found Murdered On  &lt;DECIMAL&gt; . &lt;#&gt;  AfterNoon. 1,His wife called Police. 2,Police questioned everyone. 3,Wife: Sir,I was sleeping, when the murder took place. 4.Cook: I was cooking. 5.Gardener: I was picking vegetables. 6.House-Maid: I went 2 d post office. 7.Children: We went 2 play. 8.Neighbour: We went 2 a marriage. Police arrested d murderer Immediately. Who's It? Reply With Reason, If U r Brilliant.",en,uci_sms_spam_collection_v1,ham,NEEDS_REVIEW,,c73433d1aba6,私人闲聊/个人对话，无法归入其他类别
uci_03281,Badrith is only for chennai:)i will surely pick for us:)no competition for him.,en,uci_sms_spam_collection_v1,ham,NEEDS_REVIEW,,a5d78cf11ceb,私人闲聊/个人对话，无法归入其他类别
uci_03282,I tot it's my group mate... Lucky i havent reply... Wat time do ¨¹ need to leave...,en,uci_sms_spam_collection_v1,ham,NEEDS_REVIEW,,b5023a35f6ce,私人闲聊/个人对话，无法归入其他类别
uci_03283,Hey you around? I've got enough for a half + the ten I owe you,en,uci_sms_spam_collection_v1,ham,NEEDS_REVIEW,,c9184a75151f,私人闲聊/个人对话，无法归入其他类别
uci_03284,Hey tmr maybe can meet you at yck,en,uci_sms_spam_collection_v1,ham,NEEDS_REVIEW,,239855a2fca7,私人闲聊/个人对话，无法归入其他类别
uci_03285,ALRITE SAM ITS NIC JUST CHECKIN THAT THIS IS UR NUMBER-SO IS IT?T.B*,en,uci_sms_spam_collection_v1,ham,NEEDS_REVIEW,,f5ffdcbff39d,私人闲聊/个人对话，无法归入其他类别
uci_03286,They are just making it easy to pay back. I have  &lt;#&gt; yrs to say but i can pay back earlier. You get?,en,uci_sms_spam_collection_v1,ham,NEEDS_REVIEW,,cac075ba4ad2,私人闲聊/个人对话，无法归入其他类别
uci_03287,Not to worry. I'm sure you'll get it.,en,uci_sms_spam_collection_v1,ham,NEEDS_REVIEW,,f6f0f6de884f,私人闲聊/个人对话，无法归入其他类别
uci_03288,"The gas station is like a block away from my house, you'll drive right by it since armenia ends at swann and you have to take howard",en,uci_sms_spam_collection_v1,ham,NEEDS_REVIEW,,5090c86855ee,私人闲聊/个人对话，无法归入其他类别
uci_03289,"Someone U know has asked our dating service 2 contact you! Cant Guess who? CALL 09058097189 NOW all will be revealed. POBox 6, LS15HB 150p",en,uci_sms_spam_collection_v1,spam,HARASS,,4365e140599b,交友/约会服务推广，属于骚扰营销
uci_03290,Camera - You are awarded a SiPix Digital Camera! call 09061221066 fromm landline. Delivery within 28 days,en,uci_sms_spam_collection_v1,spam,FRAUD,,dfd89697210d,虚假奖品（数码相机等），诱导用户拨打高费率电话领取，属于诈骗
uci_03291,My tuition is at 330. Hm we go for the 1120 to 1205 one? Do you mind?,en,uci_sms_spam_collection_v1,ham,NEEDS_REVIEW,,2f8cc38d98df,私人闲聊/个人对话，无法归入其他类别
uci_03292,"I'm not smoking while people use ""wylie smokes too much"" to justify ruining my shit",en,uci_sms_spam_collection_v1,ham,NEEDS_REVIEW,,f380fd9509b8,私人闲聊/个人对话，无法归入其他类别
uci_03293,Dear good morning how you feeling dear,en,uci_sms_spam_collection_v1,ham,NEEDS_REVIEW,,5b978a0de84a,私人闲聊/个人对话，无法归入其他类别
uci_03294,A little. Meds say take once every 8 hours. It's only been 5 but pain is back. So I took another. Hope I don't die,en,uci_sms_spam_collection_v1,ham,NEEDS_REVIEW,,2af5b33f509a,私人闲聊/个人对话，无法归入其他类别
uci_03295,"Beautiful tomorrow never comes.. When it comes, it's already TODAY.. In the hunt of beautiful tomorrow don't waste your wonderful TODAY.. GOODMORNING:)",en,uci_sms_spam_collection_v1,ham,NEEDS_REVIEW,,665f3159ff1c,私人闲聊/个人对话，无法归入其他类别
uci_03296,Dunno lei ¨¹ all decide lor. How abt leona? Oops i tot ben is going n i msg him.,en,uci_sms_spam_collection_v1,ham,NEEDS_REVIEW,,5354a07aa72b,私人闲聊/个人对话，无法归入其他类别
uci_03297,Hi there. We have now moved in2 our pub . Would be great 2 c u if u cud come up.,en,uci_sms_spam_collection_v1,ham,NEEDS_REVIEW,,cb5c116e1200,私人闲聊/个人对话，无法归入其他类别
uci_03298,Todays Voda numbers ending 5226 are selected to receive a ?350 award. If you hava a match please call 08712300220 quoting claim code 1131 standard rates app,en,uci_sms_spam_collection_v1,spam,FRAUD,,a9108aef8c30,诱导拨打高费率电话领取虚假奖励，属于诈骗
uci_03299,This message is free. Welcome to the new & improved Sex & Dogging club! To unsubscribe from this service reply STOP. msgs@150p 18 only,en,uci_sms_spam_collection_v1,spam,HARASS,,bbebf9577083,成人交友/约炮俱乐部推广，属于骚扰内容
uci_03300,"Honeybee Said: *I'm d Sweetest in d World* God Laughed &amp; Said: *Wait,U Havnt Met d Person Reading This Msg* MORAL: Even GOD Can Crack Jokes! GM+GN+GE+GN:)",en,uci_sms_spam_collection_v1,ham,NEEDS_REVIEW,,76a21865fa37,转发笑话/调侃内容，属于娱乐性转发，非商业非诈骗
uci_03301,Just do what ever is easier for you,en,uci_sms_spam_collection_v1,ham,NEEDS_REVIEW,,e4cdaf569195,个人闲聊，无商业或事务性内容
uci_03302,RCT' THNQ Adrian for U text. Rgds Vatian,en,uci_sms_spam_collection_v1,spam,NEEDS_REVIEW,,6aaade4dd549,个人感谢短信，属于私人对话
uci_03303,Stop calling everyone saying I might have cancer. My throat hurts to talk. I can't be answering everyones calls. If I get one more call I'm not babysitting on Monday,en,uci_sms_spam_collection_v1,ham,NEEDS_REVIEW,,ef6f716ab135,个人抱怨电话骚扰，属于私人对话
uci_03304,"It'll be tough, but I'll do what I have to",en,uci_sms_spam_collection_v1,ham,NEEDS_REVIEW,,df9b91389f1a,个人闲聊，表达决心
uci_03305,IM GONNAMISSU SO MUCH!!I WOULD SAY IL SEND U A POSTCARD BUTTHERES ABOUTAS MUCH CHANCE OF MEREMEMBERIN ASTHERE IS OFSI NOT BREAKIN HIS CONTRACT!! LUV Yaxx,en,uci_sms_spam_collection_v1,ham,NEEDS_REVIEW,,99fd06a0ee38,个人情感表达，属于私人对话
uci_03306,Ee msg na poortiyagi odalebeku: Hanumanji 7 name 1-Hanuman 2-Bajarangabali 3-Maruti 4-Pavanaputra 5-Sankatmochan 6-Ramaduth 7-Mahaveer ee 7 name  &lt;#&gt;  janarige ivatte kalisidare next saturday olage ondu good news keluviri...! Maretare inde 1 dodda problum nalli siguviri idu matra  &lt;#&gt; % true.. Don't neglet.,en,uci_sms_spam_collection_v1,ham,NEEDS_REVIEW,,d068bf375c20,宗教/迷信链式转发消息，属于转发内容
uci_03307,HI DARLIN I FINISH AT 3 DO U 1 2 PICK ME UP OR MEET ME? TEXT BACK ON THIS NUMBER LUV KATE XXX,en,uci_sms_spam_collection_v1,ham,NEEDS_REVIEW,qa_fix_v1,d30e51316370,[fix:adult-or-secret-admirer NEEDS_REVIEW->HARASS] 私人约会安排短信 [fix:revert-ham-kisses-xxx HARASS->NEEDS_REVIEW]
uci_03308,"Set a place for me in your heart and not in your mind, as the mind easily forgets but the heart will always remember. Wish you Happy Valentines Day!",en,uci_sms_spam_collection_v1,ham,NEEDS_REVIEW,,8fac23092c28,情人节祝福转发/个人问候
uci_03309,But i'm surprised she still can guess right lor...,en,uci_sms_spam_collection_v1,ham,NEEDS_REVIEW,,29f4b1d5e0ec,个人闲聊对话
uci_03310,Okie ¨¹ wan meet at bishan? Cos me at bishan now. I'm not driving today.,en,uci_sms_spam_collection_v1,ham,NEEDS_REVIEW,,45bc585c91af,私人见面安排
uci_03311,Oh ho. Is this the first time u use these type of words,en,uci_sms_spam_collection_v1,ham,NEEDS_REVIEW,,31d2335b2095,个人闲聊对话
uci_03312,HI DARLIN HOW WAS WORK DID U GET INTO TROUBLE? IJUST TALKED TO YOUR MUM ALL MORNING! I HAD A REALLY GOOD TIME LAST NIGHT IM GOIN OUT SOON BUT CALL ME IF U CAN,en,uci_sms_spam_collection_v1,ham,NEEDS_REVIEW,,55882881c782,私人问候/聊天消息
uci_03313,I know you are serving. I mean what are you doing now.,en,uci_sms_spam_collection_v1,ham,NEEDS_REVIEW,,4cc4147c48fb,个人闲聊对话
uci_03314,"Huh... Hyde park not in mel ah, opps, got confused... Anyway, if tt's e best choice den we juz have to take it...",en,uci_sms_spam_collection_v1,ham,NEEDS_REVIEW,,20e619c2ec11,个人闲聊，讨论地点
uci_03315,Oh gei. That happend to me in tron. Maybe ill dl it in 3d when its out,en,uci_sms_spam_collection_v1,ham,NEEDS_REVIEW,,1b206159267c,个人闲聊对话
uci_03316,"FREE MESSAGE Activate your 500 FREE Text Messages by replying to this message with the word FREE For terms & conditions, visit www.07781482378.com",en,uci_sms_spam_collection_v1,spam,AD,,0ba0618a4615,免费短信促销活动，回复FREE激活500条免费短信，属于正规营销广告
uci_03317,I know girls always safe and selfish know i got it pa. Thank you. good night.,en,uci_sms_spam_collection_v1,ham,NEEDS_REVIEW,,9df56318c48e,个人闲聊对话
uci_03318,"No worries, hope photo shoot went well. have a spiffing fun at workage.",en,uci_sms_spam_collection_v1,ham,NEEDS_REVIEW,,43327e11ac8d,个人闲聊对话
uci_03319,I'm freezing and craving ice. Fml,en,uci_sms_spam_collection_v1,ham,NEEDS_REVIEW,,4dac45536f2c,个人闲聊，表达感受
uci_03320,Kay... Since we are out already,en,uci_sms_spam_collection_v1,ham,NEEDS_REVIEW,,e80c3ab1ce9d,个人闲聊对话
uci_03321,Eh sorry leh... I din c ur msg. Not sad already lar. Me watching tv now. U still in office?,en,uci_sms_spam_collection_v1,ham,NEEDS_REVIEW,,1bede5fbeca2,个人闲聊对话
uci_03322,Yo im right by yo work,en,uci_sms_spam_collection_v1,ham,NEEDS_REVIEW,,6ba58eeae020,个人闲聊，告知位置
uci_03323,Ok darlin i supose it was ok i just worry too much.i have to do some film stuff my mate and then have to babysit again! But you can call me there.xx,en,uci_sms_spam_collection_v1,ham,NEEDS_REVIEW,,c257c641a833,个人闲聊对话
uci_03324,"She said,'' do u mind if I go into the bedroom for a minute ? '' ''OK'', I sed in a sexy mood. She came out 5 minuts latr wid a cake...n My Wife,",en,uci_sms_spam_collection_v1,ham,NEEDS_REVIEW,qa_fix_v1,9e8cf5f74e37,[fix:adult-or-secret-admirer NEEDS_REVIEW->HARASS] 转发幽默/调侃内容，属于娱乐性转发 [fix:revert-ham-kisses-xxx HARASS->NEEDS_REVIEW]
uci_03325,I don wake since. I checked that stuff and saw that its true no available spaces. Pls call the embassy or send a mail to them.,en,uci_sms_spam_collection_v1,ham,NEEDS_REVIEW,,d80ae47285b1,个人闲聊，讨论使馆事务
uci_03326,Nope... Juz off from work...,en,uci_sms_spam_collection_v1,ham,NEEDS_REVIEW,,c7528712436e,个人闲聊对话
uci_03327,Huh so fast... Dat means u havent finished painting?,en,uci_sms_spam_collection_v1,ham,NEEDS_REVIEW,,6d4e3bd8a5e8,个人闲聊对话
uci_03328,what number do u live at? Is it 11?,en,uci_sms_spam_collection_v1,ham,NEEDS_REVIEW,,9fdaf54621e5,个人闲聊，询问地址
uci_03329,"No we put party 7 days a week and study lightly, I think we need to draw in some custom checkboxes so they know we're hardcore",en,uci_sms_spam_collection_v1,ham,NEEDS_REVIEW,qa_fix_v1,65500abc849e,[fix:adult-or-secret-admirer NEEDS_REVIEW->HARASS] 个人闲聊对话 [fix:revert-ham-kisses-xxx HARASS->NEEDS_REVIEW]
uci_03330,Sac will score big hundred.he is set batsman:-),en,uci_sms_spam_collection_v1,ham,NEEDS_REVIEW,,0b5696743c0c,板球比赛讨论，属于个人闲聊
uci_03331,Send me yetty's number pls.,en,uci_sms_spam_collection_v1,ham,NEEDS_REVIEW,,1e916247c059,个人请求，属于私人对话
uci_03332,How much it will cost approx . Per month.,en,uci_sms_spam_collection_v1,ham,NEEDS_REVIEW,,213af06a5f3e,个人询问价格，属于私人对话
uci_03333,Ok... The theory test? when are ¨¹ going to book? I think it's on 21 may. Coz thought wanna go out with jiayin. But she isnt free,en,uci_sms_spam_collection_v1,ham,NEEDS_REVIEW,,169fb19e073f,个人闲聊，讨论考试安排
uci_03334,"You are being contacted by our dating service by someone you know! To find out who it is, call from a land line 09050000928. PoBox45W2TG150P",en,uci_sms_spam_collection_v1,spam,AD,,f27802aa4cf7,约会服务推广，声称有人通过交友服务联系你，属于约会服务广告
uci_03335,"That's fine, have him give me a call if he knows what he wants or has any questions",en,uci_sms_spam_collection_v1,ham,NEEDS_REVIEW,,22c1b56a7b52,个人闲聊对话
uci_03336,"Sorry, got a late start, we're on the way",en,uci_sms_spam_collection_v1,ham,NEEDS_REVIEW,,183ea0615c2b,个人闲聊，告知在路上
uci_03337,Then u go back urself lor...,en,uci_sms_spam_collection_v1,ham,NEEDS_REVIEW,,21ee4e2f607f,个人闲聊对话
uci_03338,I AM AT THE GAS STATION. GO THERE.,en,uci_sms_spam_collection_v1,ham,NEEDS_REVIEW,,a718bdcd89fb,个人闲聊，告知在加油站
uci_03339,"K, if u bored up just come to my home..",en,uci_sms_spam_collection_v1,ham,NEEDS_REVIEW,,b7744e2a69d7,个人闲聊，邀请来家里
uci_03340,Babe !!!! I LOVE YOU !!!! *covers your face in kisses*,en,uci_sms_spam_collection_v1,ham,NEEDS_REVIEW,,960a5cec19f4,个人情感表达，属于私人对话
uci_03341,"Like I made him throw up when we were smoking in our friend's car one time, it was awesome",en,uci_sms_spam_collection_v1,ham,NEEDS_REVIEW,,0f292e73b0aa,个人分享搞笑经历，属于私人对话
uci_03342,Still i have not checked it da. . .,en,uci_sms_spam_collection_v1,ham,NEEDS_REVIEW,,492d9d05657c,个人闲聊对话
uci_03343,You will go to walmart. I.ll stay.,en,uci_sms_spam_collection_v1,ham,NEEDS_REVIEW,,066c087c4339,个人闲聊，讨论去沃尔玛
uci_03344,"I haven't forgotten you, i might have a couple bucks to send you tomorrow, k? I love ya too",en,uci_sms_spam_collection_v1,ham,NEEDS_REVIEW,,de4191025342,个人闲聊，提到借钱
uci_03345,Oh great. I.ll disturb him more so that we can talk.,en,uci_sms_spam_collection_v1,ham,NEEDS_REVIEW,,5f07f6a5f149,个人闲聊对话
uci_03346,Reverse is cheating. That is not mathematics.,en,uci_sms_spam_collection_v1,ham,NEEDS_REVIEW,,e1d95b49df1d,个人观点表达，属于闲聊
uci_03347,U're welcome... Caught u using broken english again...,en,uci_sms_spam_collection_v1,ham,NEEDS_REVIEW,,3c4fcabc7c48,个人闲聊对话
uci_03348,No problem baby. Is this is a good time to talk? I called and left a message.,en,uci_sms_spam_collection_v1,ham,NEEDS_REVIEW,,d1b77de9e560,个人闲聊，询问通话时机
uci_03349,"Sorry, I'll call later",en,uci_sms_spam_collection_v1,ham,NEEDS_REVIEW,,d5081f7715ce,个人闲聊对话
uci_03350,Oh is it! Which brand?,en,uci_sms_spam_collection_v1,ham,NEEDS_REVIEW,,4843706e289f,个人闲聊对话
uci_03351,Sorry i cant take your call right now. It so happens that there r 2waxsto do wat you want. She can come and ill get her medical insurance. And she'll be able to deliver and have basic care. I'm currently shopping for the right medical insurance for her. So just give me til friday morning. Thats when i.ll see the major person that can guide me to the right insurance.,en,uci_sms_spam_collection_v1,ham,NEEDS_REVIEW,,28a11517f418,个人闲聊，讨论保险事宜
uci_03352,At what time are you coming.,en,uci_sms_spam_collection_v1,ham,NEEDS_REVIEW,,9e1b882b81c6,个人闲聊，询问到达时间
uci_03353,Call him and say you not coming today ok and tell them not to fool me like this ok,en,uci_sms_spam_collection_v1,ham,NEEDS_REVIEW,,b5116a85d7b8,个人闲聊，转达指示
uci_03354,I emailed yifeng my part oredi.. Can ¨¹ get it fr him..,en,uci_sms_spam_collection_v1,ham,NEEDS_REVIEW,,8a00c78ca8de,个人闲聊，讨论邮件
uci_03355,R u sure they'll understand that! Wine * good idea just had a slurp!,en,uci_sms_spam_collection_v1,ham,NEEDS_REVIEW,,8f992c67f73c,个人闲聊对话
uci_03356,Minimum walk is 3miles a day.,en,uci_sms_spam_collection_v1,ham,NEEDS_REVIEW,,8d926b43ec23,健康建议/生活提示，属于转发或闲聊
uci_03357,Ok not a problem will get them a taxi. C ing  tomorrow and tuesday. On tuesday think we r all going to the cinema.,en,uci_sms_spam_collection_v1,ham,NEEDS_REVIEW,,737494380ae9,个人闲聊，讨论出行安排
uci_03358,"Brainless Baby Doll..:-D;-), vehicle sariyag drive madoke barolla..",en,uci_sms_spam_collection_v1,ham,NEEDS_REVIEW,,485aac59d12c,转发幽默/调侃内容
uci_03359,I don't run away frm u... I walk slowly &amp; it kills me that u don't care enough to stop me...,en,uci_sms_spam_collection_v1,ham,NEEDS_REVIEW,,452d710cf3dc,个人情感表达，属于私人对话
uci_03360,Sorry I missed your call let's talk when you have the time. I'm on 07090201529,en,uci_sms_spam_collection_v1,spam,FRAUD,,328402b53060,声称未接来电，留下高费率号码(0709开头为英国高费率号码)，属于吸费诈骗
uci_03361,Please attend the phone:),en,uci_sms_spam_collection_v1,ham,NEEDS_REVIEW,,e22ff11583dc,个人闲聊，要求接电话
uci_03362,You only hate me. You can call any but you didnt accept even a single call of mine. Or even you messaged,en,uci_sms_spam_collection_v1,ham,NEEDS_REVIEW,,112b21b47983,个人情感抱怨，属于私人对话
uci_03363,No messages on her phone. I'm holding it now,en,uci_sms_spam_collection_v1,ham,NEEDS_REVIEW,,69650afa768d,个人闲聊，告知拿着对方手机
uci_03364,Can... I'm free...,en,uci_sms_spam_collection_v1,ham,NEEDS_REVIEW,,8b5584df4ced,个人闲聊对话
uci_03365,"Yo my trip got postponed, you still stocked up?",en,uci_sms_spam_collection_v1,ham,NEEDS_REVIEW,,9d50b639a904,个人闲聊，讨论行程变更
uci_03366,"Sorry, I'll call later",en,uci_sms_spam_collection_v1,ham,NEEDS_REVIEW,,d5081f7715ce,个人闲聊，表示稍后回电
uci_03367,I am waiting for your call sir.,en,uci_sms_spam_collection_v1,ham,NEEDS_REVIEW,,c68e66a3c740,个人闲聊，等待来电
uci_03368,Hey what are you doing. Y no reply pa..,en,uci_sms_spam_collection_v1,ham,NEEDS_REVIEW,,ddbf32d17bc5,个人闲聊，询问在做什么
uci_03369,"Hey elaine, is today's meeting still on?",en,uci_sms_spam_collection_v1,ham,NEEDS_REVIEW,,b35383c83cec,个人闲聊，确认会议
uci_03370,Sorry i've not gone to that place. I.ll do so tomorrow. Really sorry.,en,uci_sms_spam_collection_v1,ham,NEEDS_REVIEW,,aa1d559c1be4,个人闲聊，道歉并承诺明天去
uci_03371,Most of the tiime when i don't let you hug me it's so i don't break into tears.,en,uci_sms_spam_collection_v1,ham,NEEDS_REVIEW,,d634b13ae42f,个人情感表达，属于私人对话
uci_03372,Tomorrow i am not going to theatre. . . So i can come wherever u call me. . . Tell me where and when to come tomorrow,en,uci_sms_spam_collection_v1,ham,NEEDS_REVIEW,,e6401ed639c7,个人闲聊，讨论明天安排
uci_03373,And now electricity just went out fml.,en,uci_sms_spam_collection_v1,ham,NEEDS_REVIEW,,8357df6c07a3,个人闲聊，抱怨停电
uci_03374,"Looks like you found something to do other than smoke, great job!",en,uci_sms_spam_collection_v1,ham,NEEDS_REVIEW,,0c1fda924314,个人闲聊，夸奖对方
uci_03375,Also andros ice etc etc,en,uci_sms_spam_collection_v1,ham,NEEDS_REVIEW,,b36b136620d4,个人闲聊对话
uci_03376,:),en,uci_sms_spam_collection_v1,ham,NEEDS_REVIEW,,da39a3ee5e6b,仅表情符号，属于私人对话
uci_03377,"Good afternon, my love. How are today? I hope your good and maybe have some interviews. I wake and miss you babe. A passionate kiss from across the sea",en,uci_sms_spam_collection_v1,ham,NEEDS_REVIEW,,2e1bd4b1c1dd,个人爱情表白，属于私人对话
uci_03378,Yup. Wun believe wat? U really neva c e msg i sent shuhui?,en,uci_sms_spam_collection_v1,ham,NEEDS_REVIEW,,597bdcdd1944,个人闲聊，质疑对方没收到消息
uci_03379,Hows that watch resizing,en,uci_sms_spam_collection_v1,ham,NEEDS_REVIEW,,d40bf12eefd3,个人闲聊，询问手表调整
uci_03380,Dear umma she called me now :-),en,uci_sms_spam_collection_v1,ham,NEEDS_REVIEW,,bfc7e8fd9a5a,个人闲聊，告知对方妈妈来电
uci_03381,Just finished. Missing you plenty,en,uci_sms_spam_collection_v1,ham,NEEDS_REVIEW,,722357e08d2a,个人闲聊，表达想念
uci_03382,"complimentary 4 STAR Ibiza Holiday or ¡ê10,000 cash needs your URGENT collection. 09066364349 NOW from Landline not to lose out! Box434SK38WP150PPM18+",en,uci_sms_spam_collection_v1,spam,FRAUD,,c64b948aa0fc,虚假中奖通知，声称赢得Ibiza度假或10000英镑，要求拨打高费率号码领取，属于典型诈骗
uci_03383,"Well, I meant as opposed to my drunken night of before",en,uci_sms_spam_collection_v1,ham,NEEDS_REVIEW,,bda09f60fb28,个人闲聊，讨论醉酒经历
uci_03384,K... Must book a not huh? so going for yoga basic on sunday?,en,uci_sms_spam_collection_v1,ham,NEEDS_REVIEW,,1504ac2d7dd2,个人闲聊，讨论瑜伽课程
uci_03385,FREE MSG:We billed your mobile number by mistake from shortcode 83332.Please call 08081263000 to have charges refunded.This call will be free from a BT landline,en,uci_sms_spam_collection_v1,spam,AD,qa_fix_v1,d1378d2f2656,[fix:commercial-promo-not-fraud FRAUD->AD] 虚假账单错误通知，声称误扣费要求拨打高费率号码(0808开头)退款，属于吸费诈骗
uci_03386,Ok can...,en,uci_sms_spam_collection_v1,ham,NEEDS_REVIEW,,787694d40eff,个人闲聊对话
uci_03387,"Oops - am at my mum's in somerset... Bit far! Back tomo, see you soon x",en,uci_sms_spam_collection_v1,ham,NEEDS_REVIEW,,e81eff5ee06d,个人闲聊，告知在妈妈家
uci_03388,So u workin overtime nigpun?,en,uci_sms_spam_collection_v1,ham,NEEDS_REVIEW,,26c1ae3811cf,个人闲聊，询问是否加班
uci_03389,Same as kallis dismissial in 2nd test:-).,en,uci_sms_spam_collection_v1,ham,NEEDS_REVIEW,,9cf1dc21b01c,板球比赛讨论，属于个人闲聊
uci_03390,O. Guess they both got screwd,en,uci_sms_spam_collection_v1,ham,NEEDS_REVIEW,,bd100c73ec3c,个人闲聊对话
uci_03391,Please CALL 08712402972 immediately as there is an urgent message waiting for you,en,uci_sms_spam_collection_v1,spam,FRAUD,,c78fd2ac96fb,紧急通知要求立即拨打高费率号码(0871开头)，声称有紧急消息等待，属于吸费诈骗
uci_03392,"I'm in a meeting, call me later at",en,uci_sms_spam_collection_v1,ham,NEEDS_REVIEW,,359f150b6411,个人闲聊，告知在开会
uci_03393,What r u cooking me for dinner?,en,uci_sms_spam_collection_v1,ham,NEEDS_REVIEW,,192c0c583720,个人闲聊，询问晚餐
uci_03394,Ok thanx...,en,uci_sms_spam_collection_v1,ham,NEEDS_REVIEW,,1f049e1aac7b,个人闲聊对话
uci_03395,Bull. Your plan was to go floating off to IKEA with me without a care in the world. So i have to live with your mess another day.,en,uci_sms_spam_collection_v1,ham,NEEDS_REVIEW,,cdcc0753a1fa,个人闲聊，抱怨对方计划
uci_03396,Then i buy.,en,uci_sms_spam_collection_v1,ham,NEEDS_REVIEW,,a77a89cfafff,个人闲聊对话
uci_03397,URGENT! Your Mobile number has been awarded with a ¡ê2000 Bonus Caller Prize. Call 09058095201 from land line. Valid 12hrs only,en,uci_sms_spam_collection_v1,spam,FRAUD,,97d9641a0632,虚假中奖通知，声称手机号码赢得2000英镑奖金，要求拨打高费率号码领取，属于典型诈骗
uci_03398,Heehee that was so funny tho,en,uci_sms_spam_collection_v1,ham,NEEDS_REVIEW,,0a504c9ee676,个人闲聊，觉得好笑
uci_03399,It only does simple arithmetic not percentages.,en,uci_sms_spam_collection_v1,ham,NEEDS_REVIEW,,69cb8b61e719,个人闲聊，讨论算术
uci_03400,"Yeah we wouldn't leave for an hour at least, how's 4 sound?",en,uci_sms_spam_collection_v1,ham,NEEDS_REVIEW,,3dda6af2031c,个人闲聊，讨论出发时间
uci_03401,"As a valued customer, I am pleased to advise you that following recent review of your Mob No. you are awarded with a ¡ê1500 Bonus Prize, call 09066364589",en,uci_sms_spam_collection_v1,spam,FRAUD,,227a8e0fcbad,冒充运营商通知，声称审查后赢得1500英镑奖金，要求拨打高费率号码领取，属于典型诈骗
uci_03402,Thanks honey. Have a great day.,en,uci_sms_spam_collection_v1,ham,NEEDS_REVIEW,,c948b90d94d9,个人闲聊，表达感谢
uci_03403,"'An Amazing Quote'' - ""Sometimes in life its difficult to decide whats wrong!! a lie that brings a smile or the truth that brings a tear....""",en,uci_sms_spam_collection_v1,ham,NEEDS_REVIEW,,98530a6653ba,转发励志/哲理名言，属于转发内容
uci_03404,Good night my dear.. Sleepwell&amp;Take care,en,uci_sms_spam_collection_v1,ham,NEEDS_REVIEW,,ffe962232ffa,个人晚安问候，属于私人对话
uci_03405,Then ¨¹ ask dad to pick ¨¹ up lar... ¨¹ wan 2 stay until 6 meh...,en,uci_sms_spam_collection_v1,ham,NEEDS_REVIEW,,807ee8e3e3ed,个人闲聊，讨论接送安排
uci_03406,"Jus chillaxin, what up",en,uci_sms_spam_collection_v1,ham,NEEDS_REVIEW,,47588ebd82e4,个人闲聊对话
uci_03407,"""HEY DAS COOL... IKNOW ALL 2 WELLDA PERIL OF STUDENTFINANCIAL CRISIS!SPK 2 U L8R.""",en,uci_sms_spam_collection_v1,ham,NEEDS_REVIEW,,b34bbfb44a37,转发调侃/幽默内容，属于娱乐性转发
uci_03408,"Beautiful Truth against Gravity.. Read carefully: ""Our heart feels light when someone is in it.. But it feels very heavy when someone leaves it.."" GOODMORNING",en,uci_sms_spam_collection_v1,ham,NEEDS_REVIEW,,debf101428b8,转发哲理/感悟类内容，属于转发
uci_03409,Do you want a New Nokia 3510i colour phone DeliveredTomorrow? With 300 free minutes to any mobile + 100 free texts + Free Camcorder reply or call 08000930705,en,uci_sms_spam_collection_v1,spam,AD,,369ece1fabbb,手机促销广告，提供免费手机+通话分钟+短信，属于正规商业广告
uci_03410,"Whats that coming over the hill..... Is it a monster! Hope you have a great day. Things r going fine here, busy though!",en,uci_sms_spam_collection_v1,ham,NEEDS_REVIEW,,011ec6da143f,个人闲聊，讲笑话
uci_03411,Joy's father is John. Then John is the ____ of Joy's father. If u ans ths you hav  &lt;#&gt;  IQ. Tis s IAS question try to answer.,en,uci_sms_spam_collection_v1,ham,NEEDS_REVIEW,,1d0d9288928e,转发智力题/谜题，属于娱乐性转发
uci_03412,Only once then after ill obey all yours.,en,uci_sms_spam_collection_v1,ham,NEEDS_REVIEW,,e91b7297a669,个人闲聊对话
uci_03413,No she didnt. I will search online and let you know.,en,uci_sms_spam_collection_v1,ham,NEEDS_REVIEW,,3081346c7419,个人闲聊，讨论搜索信息
uci_03414,Where do you need to go to get it?,en,uci_sms_spam_collection_v1,ham,NEEDS_REVIEW,,0359b9b7c7ff,个人闲聊，询问地点
uci_03415,No pic. Please re-send.,en,uci_sms_spam_collection_v1,ham,NEEDS_REVIEW,,b2003c527366,个人闲聊，要求重发图片
uci_03416,He remains a bro amongst bros,en,uci_sms_spam_collection_v1,ham,NEEDS_REVIEW,,e74b3342a610,个人闲聊对话
uci_03417,Uhhhhrmm isnt having tb test bad when youre sick,en,uci_sms_spam_collection_v1,ham,NEEDS_REVIEW,,bd0c64d25aec,个人闲聊，讨论体检
uci_03418,But i haf enuff space got like 4 mb...,en,uci_sms_spam_collection_v1,ham,NEEDS_REVIEW,,1ea7771d5512,个人闲聊，讨论手机空间
uci_03419,LIFE has never been this much fun and great until you came in. You made it truly special for me. I won't forget you! enjoy @ one gbp/sms,en,uci_sms_spam_collection_v1,spam,HARASS,,4a2c2f5382df,情感欺骗类短信，以甜言蜜语诱导回复高费率短信(gbp/sms)，属于骚扰吸费
uci_03420,Do you want a new Video phone? 600 anytime any network mins 400 Inclusive Video calls AND downloads 5 per week Free delTOMORROW call 08002888812 or reply NOW,en,uci_sms_spam_collection_v1,spam,AD,,07832e76bba4,视频电话促销广告，提供通话分钟和下载服务，属于正规商业广告
uci_03421,"As a valued customer, I am pleased to advise you that following recent review of your Mob No. you are awarded with a ¡ê1500 Bonus Prize, call 09066368470",en,uci_sms_spam_collection_v1,spam,FRAUD,,227a8e0fcbad,冒充运营商通知，声称审查后赢得1500英镑奖金，要求拨打高费率号码领取，属于典型诈骗
uci_03422,Welcome! Please reply with your AGE and GENDER to begin. e.g 24M,en,uci_sms_spam_collection_v1,spam,HARASS,,907d4a924b10,要求回复年龄和性别以开始服务，属于成人/交友骚扰
uci_03423,Freemsg: 1-month unlimited free calls! Activate SmartCall Txt: CALL to No: 68866. Subscriptn3gbp/wk unlimited calls Help: 08448714184 Stop?txt stop landlineonly,en,uci_sms_spam_collection_v1,spam,AD,,cf280cb0fbef,免费通话促销活动，订阅制服务推广，属于正规营销广告
uci_03424,Had your mobile 10 mths? Update to latest Orange camera/video phones for FREE. Save ¡ês with Free texts/weekend calls. Text YES for a callback orno to opt out,en,uci_sms_spam_collection_v1,spam,AD,,e5e52a7673be,手机升级促销广告，提供免费手机和周末免费通话，属于正规商业广告
uci_03425,Am new 2 club & dont fink we met yet Will B gr8 2 C U Please leave msg 2day wiv ur area 09099726553 reply promised CARLIE x Calls¡ê1/minMobsmore LKPOBOX177HP51FL,en,uci_sms_spam_collection_v1,spam,HARASS,,24e2ed8d6a36,交友/约会骚扰短信，要求留言并回复，属于灰色交友骚扰
uci_03426,True. Its easier with her here.,en,uci_sms_spam_collection_v1,ham,NEEDS_REVIEW,,7e41153f065e,个人闲聊对话
uci_03427,Sure but since my parents will be working on Tuesday I don't really need a cover story,en,uci_sms_spam_collection_v1,ham,NEEDS_REVIEW,,117478edb79f,个人闲聊，讨论周二安排
uci_03428,Haha okay... Today weekend leh...,en,uci_sms_spam_collection_v1,ham,NEEDS_REVIEW,,d90775f9d3df,个人闲聊对话
uci_03429,"""Hi darlin did youPhone me? Im atHome if youwanna chat.""",en,uci_sms_spam_collection_v1,ham,NEEDS_REVIEW,,28894a7c9721,个人闲聊，表示在家聊天
uci_03430,I don't know jack shit about anything or i'd say/ask something helpful but if you want you can pretend that I did and just text me whatever in response to the hypotheticalhuagauahahuagahyuhagga,en,uci_sms_spam_collection_v1,ham,NEEDS_REVIEW,,19fe9a1c6a6a,个人闲聊，无意义对话
uci_03431,You've always been the brainy one.,en,uci_sms_spam_collection_v1,ham,NEEDS_REVIEW,,8f4aa2987d40,个人闲聊，夸奖对方
uci_03432,Yeah if we do have to get a random dude we need to change our info sheets to PARTY  &lt;#&gt; /7 NEVER STUDY just to be safe,en,uci_sms_spam_collection_v1,ham,NEEDS_REVIEW,,0769823beac6,个人闲聊，讨论派对安排
uci_03433,Camera - You are awarded a SiPix Digital Camera! call 09061221066 fromm landline. Delivery within 28 days.,en,uci_sms_spam_collection_v1,spam,FRAUD,,dfd89697210d,虚假中奖通知，声称赢得数码相机，要求拨打高费率号码(0906开头)领取，属于典型诈骗
uci_03434,"Christmas is An occasion that is Celebrated as a Reflection of UR... Values..., Desires..., Affections...&amp; Traditions.... Have an ideal Christmas...",en,uci_sms_spam_collection_v1,ham,NEEDS_REVIEW,,bb1faf7cdd20,圣诞节祝福转发，属于节日问候转发
uci_03435,Sending you greetings of joy and happiness. Do have a gr8 evening,en,uci_sms_spam_collection_v1,ham,NEEDS_REVIEW,,7de9d7078f57,个人祝福短信，属于私人问候
uci_03436,"""Hi darlin i cantdo anythingtomorrow as myparents aretaking me outfor a meal. when are u free? Katexxx""",en,uci_sms_spam_collection_v1,ham,NEEDS_REVIEW,,56a5c0f364bd,个人闲聊，讨论明天安排
uci_03437,If india win or level series means this is record:),en,uci_sms_spam_collection_v1,ham,NEEDS_REVIEW,,0604563c197a,板球比赛讨论，属于个人闲聊
uci_03438,Then what about further plan?,en,uci_sms_spam_collection_v1,ham,NEEDS_REVIEW,,06abd1eda6ca,个人闲聊，讨论后续计划
uci_03439,Its good to hear from you,en,uci_sms_spam_collection_v1,ham,NEEDS_REVIEW,,eb8971fcc86a,个人闲聊，表达高兴收到消息
uci_03440,"awesome, how do I deal with the gate? Charles told me last night but, uh, yeah",en,uci_sms_spam_collection_v1,ham,NEEDS_REVIEW,,ab37958888b5,个人闲聊，讨论门禁问题
uci_03441,What time you thinkin of goin?,en,uci_sms_spam_collection_v1,ham,NEEDS_REVIEW,,8f313050551d,个人闲聊，询问出发时间
uci_03442,Get a FREE mobile video player FREE movie. To collect text GO to 89105. Its free! Extra films can be ordered t's and c's apply. 18 yrs only,en,uci_sms_spam_collection_v1,spam,AD,,4f21790f6f11,免费手机视频播放器促销，收集文本获取电影，属于媒体服务广告
uci_03443,Save money on wedding lingerie at www.bridal.petticoatdreams.co.uk Choose from a superb selection with national delivery. Brought to you by WeddingFriend,en,uci_sms_spam_collection_v1,spam,AD,,64b3a94f00dd,婚纱内衣促销广告，提供全国配送，属于正规商业广告
uci_03444,Your board is working fine. The issue of overheating is also reslove. But still software inst is pending. I will come around 8'o clock.,en,uci_sms_spam_collection_v1,ham,NEEDS_REVIEW,,d81849440529,个人闲聊，讨论工作问题
uci_03445,Yes but I don't care cause I know its there!,en,uci_sms_spam_collection_v1,ham,NEEDS_REVIEW,,bef2f20ff530,个人闲聊对话
uci_03446,"wiskey Brandy Rum Gin Beer Vodka Scotch Shampain Wine ""KUDI""yarasu dhina vaazhthukkal. ..",en,uci_sms_spam_collection_v1,ham,NEEDS_REVIEW,,fc5fa4efc6c0,泰米尔语新年祝福，属于节日问候
uci_03447,"Mon okie lor... Haha, best is cheap n gd food la, ex oso okie... Depends on whether wana eat western or chinese food... Den which u prefer...",en,uci_sms_spam_collection_v1,ham,NEEDS_REVIEW,,b14927b0c889,个人闲聊，讨论食物选择
uci_03448,Sitting ard nothing to do lor. U leh busy w work?,en,uci_sms_spam_collection_v1,ham,NEEDS_REVIEW,,1d5d16a6a33a,个人闲聊，询问是否忙
uci_03449,Its  &lt;#&gt; k here oh. Should i send home for sale.,en,uci_sms_spam_collection_v1,ham,NEEDS_REVIEW,,6f6a36924605,个人闲聊，讨论卖东西
uci_03450,Sorry. || mail? ||,en,uci_sms_spam_collection_v1,ham,NEEDS_REVIEW,,8d6e94cd0b67,个人闲聊对话
uci_03451,Ya just telling abt tht incident..,en,uci_sms_spam_collection_v1,ham,NEEDS_REVIEW,,27dfb920c615,个人闲聊，讲述事件
uci_03452,Yes we were outside for like 2 hours. And I called my whole family to wake them up cause it started at 1 am,en,uci_sms_spam_collection_v1,ham,NEEDS_REVIEW,,ccba1e764e5d,个人闲聊，讲述叫醒家人经历
uci_03453,Ugh just got outta class,en,uci_sms_spam_collection_v1,ham,NEEDS_REVIEW,,df9378fdef04,个人闲聊，刚下课
uci_03454,"Nowadays people are notixiquating the laxinorficated opportunity for bambling of entropication.... Have you ever oblisingately opted ur books for the masteriastering amplikater of fidalfication? It is very champlaxigating, i think it is atrocious.. Wotz Ur Opinion???? Junna",en,uci_sms_spam_collection_v1,ham,NEEDS_REVIEW,,16d4f8110d47,无意义/调侃文字，属于娱乐性内容
uci_03455,I dont have any of your file in my bag..i was in work when you called me.i 'll tell you if i find anything in my room.,en,uci_sms_spam_collection_v1,ham,NEEDS_REVIEW,,ae0a9d5397c3,个人闲聊，讨论文件
uci_03456,No need lar. Jus testing e phone card. Dunno network not gd i thk. Me waiting 4 my sis 2 finish bathing so i can bathe. Dun disturb u liao u cleaning ur room.,en,uci_sms_spam_collection_v1,ham,NEEDS_REVIEW,,0d7c24e17558,个人闲聊，讨论手机卡测试
uci_03457,Ok. I.ll do you right later.,en,uci_sms_spam_collection_v1,ham,NEEDS_REVIEW,,7df8ec0947e9,个人闲聊对话
uci_03458,Friendship poem: Dear O Dear U R Not Near But I Can Hear Dont Get Fear Live With Cheer No More Tear U R Always my Dear. Gud ni8,en,uci_sms_spam_collection_v1,ham,NEEDS_REVIEW,,c7e07bcc3cca,转发友谊诗歌，属于转发内容
uci_03459,Have your lunch and come quickly and open the door:),en,uci_sms_spam_collection_v1,ham,NEEDS_REVIEW,,08877a603c26,个人闲聊，要求开门
uci_03460,Not heard from U4 a while. Call me now am here all night with just my knickers on. Make me beg for it like U did last time 01223585236 XX Luv Nikiyu4.net,en,uci_sms_spam_collection_v1,spam,HARASS,,f630853f0cd0,成人/性暗示骚扰短信，包含挑逗内容和高费率号码，属于成人骚扰
uci_03461,I am back. Bit long cos of accident on a30. Had to divert via wadebridge.I had a brilliant weekend thanks. Speak soon. Lots of love,en,uci_sms_spam_collection_v1,ham,NEEDS_REVIEW,,1fbd37b435a0,个人闲聊，讲述周末经历
uci_03462,"K.. I yan jiu liao... Sat we can go 4 bugis vill one frm 10 to 3 den hop to parco 4 nb. Sun can go cine frm 1030 to 2, den hop to orc mrt 4 hip hop at 4...",en,uci_sms_spam_collection_v1,ham,NEEDS_REVIEW,,e6e407f2271f,个人闲聊，讨论周末出行计划
uci_03463,Bloomberg -Message center +447797706009 Why wait? Apply for your future http://careers. bloomberg.com,en,uci_sms_spam_collection_v1,spam,AD,,617b108c87d1,Bloomberg职业推广，引导访问招聘网站，属于招聘/职业培训广告
uci_03464,i am seeking a lady in the street and a freak in the sheets. Is that you?,en,uci_sms_spam_collection_v1,ham,HARASS,,71589abbe8ee,成人/性暗示交友骚扰，属于灰色交友骚扰
uci_03465,My phone,en,uci_sms_spam_collection_v1,ham,NEEDS_REVIEW,,8eaba93495a9,"个人闲聊，仅说""我的手机"""
uci_03466,"Haha figures, well I found the piece and priscilla's bowl",en,uci_sms_spam_collection_v1,ham,NEEDS_REVIEW,,4416ac1f559f,个人闲聊，讨论找到的东西
uci_03467,"Actually fuck that, just do whatever, do find an excuse to be in tampa at some point before january though",en,uci_sms_spam_collection_v1,ham,NEEDS_REVIEW,,240ca4597e15,个人闲聊，讨论去坦帕
uci_03468,URGENT! We are trying to contact U. Todays draw shows that you have won a ¡ê800 prize GUARANTEED. Call 09050001808 from land line. Claim M95. Valid12hrs only,en,uci_sms_spam_collection_v1,spam,FRAUD,,5e21faa9d2c0,虚假中奖通知，声称赢得800英镑奖金，要求拨打高费率号码(0905开头)领取，属于典型诈骗
uci_03469,yay! finally lol. i missed our cinema trip last week :-(,en,uci_sms_spam_collection_v1,ham,NEEDS_REVIEW,,2f3aae6312f8,个人闲聊，讨论电影行程
uci_03470,All day working day:)except saturday and sunday..,en,uci_sms_spam_collection_v1,ham,NEEDS_REVIEW,,6f823aa17b22,个人闲聊，讨论工作日安排
uci_03471,aathi..where are you dear..,en,uci_sms_spam_collection_v1,ham,NEEDS_REVIEW,,cf5db01a5669,个人闲聊，询问对方在哪
uci_03472,Heart is empty without love.. Mind is empty without wisdom.. Eyes r empty without dreams &amp; Life is empty without frnds.. So Alwys Be In Touch. Good night &amp; sweet dreams,en,uci_sms_spam_collection_v1,ham,NEEDS_REVIEW,,a55cd90d5a6d,转发感悟/哲理类内容，属于转发
uci_03473,"I think I¡®m waiting for the same bus! Inform me when you get there, if you ever get there.",en,uci_sms_spam_collection_v1,ham,NEEDS_REVIEW,,184b8d88c2c7,个人闲聊，讨论等公交
uci_03474,You getting back any time soon?,en,uci_sms_spam_collection_v1,ham,NEEDS_REVIEW,,b7ef3f38c990,个人闲聊，询问何时回来
uci_03475,", how's things? Just a quick question.",en,uci_sms_spam_collection_v1,ham,NEEDS_REVIEW,,1282215cba0d,个人闲聊，快速提问
uci_03476,"Night has ended for another day, morning has come in a special way. May you smile like the sunny rays and leaves your worries at the blue blue bay. Gud mrng",en,uci_sms_spam_collection_v1,ham,NEEDS_REVIEW,,1a315246ee2b,转发早安祝福，属于转发内容
uci_03477,"I can probably come by, everybody's done around  &lt;#&gt;  right?",en,uci_sms_spam_collection_v1,ham,NEEDS_REVIEW,,cadd4713c4bf,个人闲聊，讨论到达时间
uci_03478,I got it before the new year cos yetunde said she wanted to surprise you with it but when i didnt see money i returned it mid january before the  &lt;#&gt; day return period ended.,en,uci_sms_spam_collection_v1,ham,NEEDS_REVIEW,,a88b84b446ea,个人闲聊，讨论退货
uci_03479,I can ask around but there's not a lot in terms of mids up here,en,uci_sms_spam_collection_v1,ham,NEEDS_REVIEW,,4f2254d49779,个人闲聊，讨论汽车选择
uci_03480,Be sure to check your yahoo email. We sent photos yesterday,en,uci_sms_spam_collection_v1,ham,NEEDS_REVIEW,,3952acbbdd1e,个人闲聊，提醒查邮件
uci_03481,What was she looking for?,en,uci_sms_spam_collection_v1,ham,NEEDS_REVIEW,,d1b2350db36d,个人闲聊，询问寻找什么
uci_03482,Wherre's my boytoy ? :-(,en,uci_sms_spam_collection_v1,ham,NEEDS_REVIEW,,964d2f4564c9,个人闲聊，询问男友在哪
uci_03483,Do you want a NEW video phone750 anytime any network mins 150 text for only five pounds per week call 08000776320 now or reply for delivery tomorrow,en,uci_sms_spam_collection_v1,spam,AD,,5b0f6804f73a,视频电话促销广告，提供通话分钟和短信套餐，属于正规商业广告
uci_03484,"Hello, my love! How goes that day ? I wish your well and fine babe and hope that you find some job prospects. I miss you, boytoy ... *a teasing kiss*",en,uci_sms_spam_collection_v1,ham,NEEDS_REVIEW,,3458368800ad,个人爱情表白，属于私人对话
uci_03485,Tell my  bad character which u Dnt lik in me. I'll try to change in  &lt;#&gt; . I ll add tat 2 my new year resolution. Waiting for ur reply.Be frank...good morning.,en,uci_sms_spam_collection_v1,ham,NEEDS_REVIEW,,3a9306e3ab12,个人闲聊，讨论性格缺点
uci_03486,No:-)i got rumour that you going to buy apartment in chennai:-),en,uci_sms_spam_collection_v1,ham,NEEDS_REVIEW,,9872c96fc5b9,个人闲聊，讨论买房传闻
uci_03487,"Yeah, probably earlier than that",en,uci_sms_spam_collection_v1,ham,NEEDS_REVIEW,,dc563f3d631a,个人闲聊，表示同意
uci_03488,Change windows logoff sound..,en,uci_sms_spam_collection_v1,ham,NEEDS_REVIEW,,a3fd9e77de93,个人闲聊，讨论换系统声音
uci_03489,Still i have not checked it da. . .,en,uci_sms_spam_collection_v1,ham,NEEDS_REVIEW,,492d9d05657c,个人闲聊对话
uci_03490,I'm also came to room.,en,uci_sms_spam_collection_v1,ham,NEEDS_REVIEW,,699ef88eb34a,个人闲聊，表示来到房间
uci_03491,Huh but i got lesson at 4 lei n i was thinkin of going to sch earlier n i tot of parkin at kent vale...,en,uci_sms_spam_collection_v1,ham,NEEDS_REVIEW,,7331098a35b5,个人闲聊，讨论上课和停车
uci_03492,Ok.,en,uci_sms_spam_collection_v1,ham,NEEDS_REVIEW,,7a85f4764bbd,个人闲聊对话
uci_03493,I will reach office around  &lt;DECIMAL&gt; . &amp; my mobile have problem. You cann't get my voice. So call you asa i'll free,en,uci_sms_spam_collection_v1,ham,NEEDS_REVIEW,,056e4e102fd8,个人闲聊，讨论手机问题
uci_03494,"Cool, text me when you head out",en,uci_sms_spam_collection_v1,ham,NEEDS_REVIEW,,d4d117815433,个人闲聊，要求出发时联系
uci_03495,"You are being contacted by our dating service by someone you know! To find out who it is, call from a land line 09050000878. PoBox45W2TG150P",en,uci_sms_spam_collection_v1,spam,AD,,f27802aa4cf7,约会服务推广，声称有人通过交友服务联系你，属于约会服务广告
uci_03496,"Wan2 win a Meet+Greet with Westlife 4 U or a m8? They are currently on what tour? 1)Unbreakable, 2)Untamed, 3)Unkempt. Text 1,2 or 3 to 83049. Cost 50p +std text",en,uci_sms_spam_collection_v1,spam,AD,,b1f1a92b189d,Westlife见面/问候竞赛推广，属于娱乐/粉丝活动广告
uci_03497,Happy birthday... May u find ur prince charming soon n dun work too hard...,en,uci_sms_spam_collection_v1,ham,NEEDS_REVIEW,,bac141b6bd78,个人生日祝福，属于私人问候
uci_03498,"Oh, the grand is having a bit of a party but it doesn't mention any cover charge so it's probably first come first served",en,uci_sms_spam_collection_v1,ham,NEEDS_REVIEW,,a936f9be767b,个人闲聊，讨论聚会
uci_03499,You said to me before i went back to bed that you can't sleep for anything.,en,uci_sms_spam_collection_v1,ham,NEEDS_REVIEW,,8349bf48f686,个人闲聊，讨论睡眠
uci_03500,I hope you arnt pissed off but id would really like to see you tomorrow. Love me xxxxxxxxxxxxxX,en,uci_sms_spam_collection_v1,ham,NEEDS_REVIEW,,32e220c04ca5,个人闲聊，表达想见面
uci_03501,Dorothy@kiefer.com (Bank of Granite issues Strong-Buy) EXPLOSIVE PICK FOR OUR MEMBERS *****UP OVER 300% *********** Nasdaq Symbol CDGT That is a $5.00 per..,en,uci_sms_spam_collection_v1,spam,AD,,c98195fd1e2d,股票投资推广，声称某股票暴涨300%，属于投资/股票促销广告
uci_03502,says the  &lt;#&gt;  year old with a man and money. I'm down to my last  &lt;#&gt; . Still waiting for that check.,en,uci_sms_spam_collection_v1,ham,NEEDS_REVIEW,,e7e79a07ce5f,个人闲聊，讨论等待支票
uci_03503,I will come to ur home now,en,uci_sms_spam_collection_v1,ham,NEEDS_REVIEW,,0e2da4b2ae53,个人闲聊，表示现在去对方家
uci_03504,Free any day but i finish at 6 on mon n thurs...,en,uci_sms_spam_collection_v1,ham,NEEDS_REVIEW,,314a00e82ccb,个人闲聊，讨论空闲时间
uci_03505,Will you be here for food,en,uci_sms_spam_collection_v1,ham,NEEDS_REVIEW,,aa4cfc0905f7,个人闲聊，询问是否来吃饭
uci_03506,"life alle mone,eppolum oru pole allalo",en,uci_sms_spam_collection_v1,ham,NEEDS_REVIEW,,134279421c22,马来语个人闲聊对话
uci_03507,Nite...,en,uci_sms_spam_collection_v1,ham,NEEDS_REVIEW,,934bee5bfb21,个人闲聊，说晚安
uci_03508,"Two fundamentals of cool life: ""Walk, like you are the KING""...! OR ""Walk like you Dont care,whoever is the KING""!... Gud nyt",en,uci_sms_spam_collection_v1,ham,NEEDS_REVIEW,,ff579995eeb0,转发哲理/感悟类内容，属于转发
uci_03509,"Camera quite good, 10.1mega pixels, 3optical and 5digital dooms. Have a lovely holiday, be safe and i hope you hav a good journey! Happy new year to you both! See you in a couple of weeks!",en,uci_sms_spam_collection_v1,ham,NEEDS_REVIEW,,094858be43d9,个人闲聊，讨论相机和假期
uci_03510,Hi Petey!noi?m ok just wanted 2 chat coz avent spoken 2 u 4 a long time-hope ur doin alrite.have good nit at js love ya am.x,en,uci_sms_spam_collection_v1,ham,NEEDS_REVIEW,,f9e138cbeda2,个人闲聊，表示想聊天
uci_03511,I just saw ron burgundy captaining a party boat so yeah,en,uci_sms_spam_collection_v1,ham,NEEDS_REVIEW,,77afc014c497,个人闲聊，分享搞笑见闻
uci_03512,I'm serious. You are in the money base,en,uci_sms_spam_collection_v1,ham,NEEDS_REVIEW,,86ca3d74e8f5,个人闲聊，表达认真态度
uci_03513,Already one guy loving you:-.,en,uci_sms_spam_collection_v1,ham,NEEDS_REVIEW,,75c281abf1db,个人闲聊，表达爱意
uci_03514,Staff of placement training in Amrita college.,en,uci_sms_spam_collection_v1,ham,NEEDS_REVIEW,,28d10cbe34ea,个人闲聊，讨论培训
uci_03515,I always chat with you. In fact i need money can you raise me?,en,uci_sms_spam_collection_v1,ham,NEEDS_REVIEW,,93a3d61abb1d,个人闲聊，讨论借钱
uci_03516,I'm job profile seems like bpo..,en,uci_sms_spam_collection_v1,ham,NEEDS_REVIEW,,a9b8774ce310,个人闲聊，讨论工作
uci_03517,"Well, I was about to give up cos they all said no they didn¡®t do one nighters. I persevered and found one but it is very cheap so i apologise in advance. It is just somewhere to sleep isnt it?",en,uci_sms_spam_collection_v1,ham,NEEDS_REVIEW,,775b1401606f,个人闲聊，讨论住宿
uci_03518,"So you think i should actually talk to him? Not call his boss in the morning? I went to this place last year and he told me where i could go and get my car fixed cheaper. He kept telling me today how much he hoped i would come back in, how he always regretted not getting my number, etc.",en,uci_sms_spam_collection_v1,ham,NEEDS_REVIEW,,28acd529d699,个人闲聊，讨论修车经历
uci_03519,Are you willing to go for apps class.,en,uci_sms_spam_collection_v1,ham,NEEDS_REVIEW,,3f493b415a11,个人闲聊，询问是否去上课
uci_03520,Hanging out with my brother and his family,en,uci_sms_spam_collection_v1,ham,NEEDS_REVIEW,,adc685576e00,个人闲聊，讨论家庭聚会
uci_03521,No it will reach by 9 only. She telling she will be there. I dont know,en,uci_sms_spam_collection_v1,ham,NEEDS_REVIEW,,30761e864d73,个人闲聊，讨论到达时间
uci_03522,Hey... are you going to quit soon? Xuhui and i working till end of the month,en,uci_sms_spam_collection_v1,ham,NEEDS_REVIEW,,062ac4918bcc,个人闲聊，讨论何时辞职
uci_03523,"Im sorry bout last nite it wasn?t ur fault it was me, spouse it was pmt or sumthin! U 4give me? I think u shldxxxx",en,uci_sms_spam_collection_v1,ham,NEEDS_REVIEW,,a2068fb9a6d2,个人闲聊，道歉
uci_03524,Try neva mate!!,en,uci_sms_spam_collection_v1,ham,NEEDS_REVIEW,,332783db3212,个人闲聊对话
uci_03525,Yeah that'd pretty much be the best case scenario,en,uci_sms_spam_collection_v1,ham,NEEDS_REVIEW,,42d52de8a9c9,个人闲聊，讨论最佳方案
uci_03526,I not free today i haf 2 pick my parents up tonite...,en,uci_sms_spam_collection_v1,ham,NEEDS_REVIEW,,ca89932ac5c5,个人闲聊，讨论接父母
uci_03527,"""HEY BABE! FAR 2 SPUN-OUT 2 SPK AT DA MO... DEAD 2 DA WRLD. BEEN SLEEPING ON DA SOFA ALL DAY, HAD A COOL NYTHO, TX 4 FONIN HON, CALL 2MWEN IM BK FRMCLOUD 9! J X""",en,uci_sms_spam_collection_v1,ham,NEEDS_REVIEW,,fc9610adc979,个人闲聊，用俚语表达状态
uci_03528,Should i send you naughty pix? :),en,uci_sms_spam_collection_v1,ham,NEEDS_REVIEW,,44e62fbfbdf0,个人调侃，问是否发不雅照片
uci_03529,"You are a ¡ê1000 winner or Guaranteed Caller Prize, this is our Final attempt to contact you! To Claim Call 09071517866 Now! 150ppmPOBox10183BhamB64XE",en,uci_sms_spam_collection_v1,spam,FRAUD,,32fdb12cc353,虚假中奖通知，声称赢得1000英镑，最终尝试联系，要求拨打高费率号码领取，属于典型诈骗
uci_03530,"Xmas & New Years Eve tickets are now on sale from the club, during the day from 10am till 8pm, and on Thurs, Fri & Sat night this week. They're selling fast!",en,uci_sms_spam_collection_v1,spam,AD,,2a4862f254d3,圣诞/新年门票促销，俱乐部门票销售，属于正规商业广告
uci_03531,"Tyler (getting an 8th) has to leave not long after 9, can you get here in like an hour?",en,uci_sms_spam_collection_v1,ham,NEEDS_REVIEW,,1c34ff1ed655,个人闲聊，讨论到达时间
uci_03532,Prepare to be pounded every night...,en,uci_sms_spam_collection_v1,ham,HARASS,,f5ef481e9531,性暗示/成人内容骚扰，属于成人骚扰
uci_03533,"Actually, my mobile is full of msg. And i m doing a work online, where i need to send them  &lt;#&gt;  sent msg i wil explain u later.",en,uci_sms_spam_collection_v1,ham,NEEDS_REVIEW,,3743cc00f2da,个人闲聊，解释手机满消息
uci_03534,"Sorry, I'll call later",en,uci_sms_spam_collection_v1,ham,NEEDS_REVIEW,,d5081f7715ce,个人闲聊，表示稍后回电
uci_03535,Good evening! How are you?,en,uci_sms_spam_collection_v1,ham,NEEDS_REVIEW,,7f09fc9ed9dd,个人闲聊，问候
uci_03536,I'm at home. Please call,en,uci_sms_spam_collection_v1,ham,NEEDS_REVIEW,,73fe47bca296,个人闲聊，要求来电
uci_03537,Oic cos me n my sis got no lunch today my dad went out... So dunno whether 2 eat in sch or wat...,en,uci_sms_spam_collection_v1,ham,NEEDS_REVIEW,,c89e8ef92d2c,个人闲聊，讨论午餐
uci_03538,"Mmmmm ... It was sooooo good to wake to your words this morning, my Love!! Mmmm fuck ... I love you too, my Lion ... *devouring kiss from across the sea*",en,uci_sms_spam_collection_v1,ham,NEEDS_REVIEW,,aa02f412e059,个人爱情表白，属于私人对话
uci_03539,We are pleased to inform that your application for Airtel Broadband is processed successfully. Your installation will happen within 3 days.,en,uci_sms_spam_collection_v1,ham,TRANSACTION,,0756ad2911e5,宽带安装成功通知，告知用户Airtel宽带申请已处理，属于业务办理结果通知
uci_03540,What happen dear. Why you silent. I am tensed,en,uci_sms_spam_collection_v1,ham,NEEDS_REVIEW,,e19f8283cad0,个人闲聊，表达担心
uci_03541,"I'll get there at 3, unless you guys want me to come some time sooner",en,uci_sms_spam_collection_v1,ham,NEEDS_REVIEW,,eb212fbefcca,个人闲聊，讨论到达时间
uci_03542,If you are not coughing then its nothing,en,uci_sms_spam_collection_v1,ham,NEEDS_REVIEW,,aee830ffd60d,个人闲聊，讨论咳嗽
uci_03543,¨¹ come lt 25 n pass to me lar,en,uci_sms_spam_collection_v1,ham,NEEDS_REVIEW,,7ebf4682633f,个人闲聊，要求传递东西
uci_03544,I'm e person who's doing e sms survey...,en,uci_sms_spam_collection_v1,ham,NEEDS_REVIEW,,731e87821050,个人闲聊，表示在做短信调查
uci_03545,Lol ok ill try to send. Be warned Sprint is dead slow. You'll prolly get it tomorrow,en,uci_sms_spam_collection_v1,ham,NEEDS_REVIEW,,70ae537715c6,个人闲聊，讨论发送短信
uci_03546,Thank You meet you monday,en,uci_sms_spam_collection_v1,ham,NEEDS_REVIEW,,c60b44630f65,个人闲聊，感谢并约定周一见面
uci_03547,SO IS TH GOWER MATE WHICH IS WHERE I AM!?! HOW R U MAN? ALL IS GOOD IN WALES ILL B BACK ?MORROW. C U THIS WK? WHO WAS THE MSG 4? ? RANDOM!,en,uci_sms_spam_collection_v1,ham,NEEDS_REVIEW,,80d8949873a4,个人闲聊，讨论威尔士行程
uci_03548,"Rock yr chik. Get 100's of filthy films &XXX pics on yr phone now. rply FILTH to 69669. Saristar Ltd, E14 9YT 08701752560. 450p per 5 days. Stop2 cancel",en,uci_sms_spam_collection_v1,spam,HARASS,,2c55085e0864,成人/色情内容推广，提供色情电影和图片，属于成人骚扰
uci_03549,"Single line with a big meaning::::: ""Miss anything 4 ur ""Best Life"" but, don't miss ur best life for anything... Gud nyt...",en,uci_sms_spam_collection_v1,ham,NEEDS_REVIEW,,e12f182079e2,转发哲理/感悟类内容，属于转发
uci_03550,"I got like $ &lt;#&gt; , I can get some more later though. Get whatever you feel like",en,uci_sms_spam_collection_v1,ham,NEEDS_REVIEW,,4672d8aee23c,个人闲聊，讨论花钱
uci_03551,"Dad wanted to talk about the apartment so I got a late start, omw now",en,uci_sms_spam_collection_v1,ham,NEEDS_REVIEW,,a211f2d948c3,个人闲聊，讨论公寓
uci_03552,I love you both too :-),en,uci_sms_spam_collection_v1,ham,NEEDS_REVIEW,,02bc86df80c1,个人闲聊，表达爱意
uci_03553,Lol u still feeling sick?,en,uci_sms_spam_collection_v1,ham,NEEDS_REVIEW,,6624db51dbb9,个人闲聊，询问是否还生病
uci_03554,Din i tell u jus now 420,en,uci_sms_spam_collection_v1,ham,NEEDS_REVIEW,,63d85f78bb7d,个人闲聊对话
uci_03555,am up to my eyes in philosophy,en,uci_sms_spam_collection_v1,ham,NEEDS_REVIEW,,9742af6f6ef3,个人闲聊，讨论哲学课
uci_03556,From next month get upto 50% More Calls 4 Ur standard network charge 2 activate Call 9061100010 C Wire3.net 1st4Terms PoBox84 M26 3UZ Cost ¡ê1.50 min MobcudB more,en,uci_sms_spam_collection_v1,spam,AD,,728954358077,通话费促销活动，提供50%更多通话时长，属于正规电信服务广告
uci_03557,Ok lor. I'm in town now lei.,en,uci_sms_spam_collection_v1,ham,NEEDS_REVIEW,,c8d5e3a18da1,个人闲聊，告知在城里
uci_03558,I had it already..sabarish asked me to go..,en,uci_sms_spam_collection_v1,ham,NEEDS_REVIEW,,159c6fc699ba,个人闲聊，讨论去留
uci_03559,No da. . Vijay going to talk in jaya tv,en,uci_sms_spam_collection_v1,ham,NEEDS_REVIEW,,8254cf9d79a6,个人闲聊，讨论电视节目
uci_03560,URGENT! We are trying to contact U Todays draw shows that you have won a ¡ê800 prize GUARANTEED. Call 09050000460 from land line. Claim J89. po box245c2150pm,en,uci_sms_spam_collection_v1,spam,FRAUD,,5e21faa9d2c0,虚假中奖通知，声称赢得800英镑奖金，要求拨打高费率号码(0905开头)领取，属于典型诈骗
uci_03561,Lol I know! Hey someone did a great inpersonation of flea on the forums. I love it!,en,uci_sms_spam_collection_v1,ham,NEEDS_REVIEW,,cec8577a80a5,个人闲聊，分享搞笑事
uci_03562,Text BANNEDUK to 89555 to see! cost 150p textoperator g696ga 18+ XXX,en,uci_sms_spam_collection_v1,spam,HARASS,,220e85a28f39,成人/色情内容推广，18+色情内容，属于成人骚扰
uci_03563,Still chance there. If you search hard you will get it..let have a try :),en,uci_sms_spam_collection_v1,ham,NEEDS_REVIEW,,ebe7ea796675,个人闲聊，鼓励对方
uci_03564,"Auction round 4. The highest bid is now ¡ê54. Next maximum bid is ¡ê71. To bid, send BIDS e. g. 10 (to bid ¡ê10) to 83383. Good luck.",en,uci_sms_spam_collection_v1,spam,AD,,7b449c497098,拍卖推广，要求发送竞价短信，属于商业拍卖广告
uci_03565,Do you always celebrate NY's with your family ?,en,uci_sms_spam_collection_v1,ham,NEEDS_REVIEW,,bca8171e1fcd,个人闲聊，讨论新年庆祝
uci_03566,"We know TAJ MAHAL as symbol of love. But the other lesser known facts 1. Mumtaz was Shahjahan's 4th wife, out of his 7 wifes. 2. Shahjahan killed Mumtaz's husband to marry her. 3. Mumtaz died in her  &lt;#&gt; th delivery. 4. He then married Mumtaz's sister. Question arises where the Hell is the LOVE?:-| -The Great Hari-",en,uci_sms_spam_collection_v1,ham,NEEDS_REVIEW,,ad6d34023edb,转发泰姬陵冷知识，属于知识性转发
uci_03567,Its ok..come to my home it vl nice to meet and v can chat..,en,uci_sms_spam_collection_v1,ham,NEEDS_REVIEW,,ae4da05fea63,个人闲聊，邀请来家里
uci_03568,Collect your VALENTINE'S weekend to PARIS inc Flight & Hotel + ¡ê200 Prize guaranteed! Text: PARIS to No: 69101. www.rtf.sphosting.com,en,uci_sms_spam_collection_v1,spam,FRAUD,,615010bc8ab6,虚假中奖通知，声称赢得巴黎周末旅行+200英镑奖金，要求发送短信领取，属于典型诈骗
uci_03569,Sent me de webadres for geting salary slip,en,uci_sms_spam_collection_v1,ham,NEEDS_REVIEW,,5d4236b14dbf,个人闲聊，要求发工资单网址
uci_03570,She's fine. Sends her greetings,en,uci_sms_spam_collection_v1,ham,NEEDS_REVIEW,,a0d7e9e3ab25,个人闲聊，转达问候
uci_03571,Customer Loyalty Offer:The NEW Nokia6650 Mobile from ONLY ¡ê10 at TXTAUCTION! Txt word: START to No: 81151 & get yours Now! 4T&Ctxt TC 150p/MTmsg,en,uci_sms_spam_collection_v1,spam,AD,,dd1e3b8ecba3,诺基亚手机拍卖促销，属于正规商业广告
uci_03572,But you dint in touch with me.,en,uci_sms_spam_collection_v1,ham,NEEDS_REVIEW,,d629d27f6e5e,个人闲聊，表达对方没联系
uci_03573,"Yup, leaving right now, be back soon",en,uci_sms_spam_collection_v1,ham,NEEDS_REVIEW,,6b04a67fa0da,个人闲聊，表示马上回来
uci_03574,You won't believe it but it's true. It's Incredible Txts! Reply G now to learn truly amazing things that will blow your mind. From O2FWD only 18p/txt,en,uci_sms_spam_collection_v1,spam,AD,,242fb4a6c275,好奇心理短信促销，回复获取惊人内容，属于营销广告
uci_03575,Yeah sure I'll leave in a min,en,uci_sms_spam_collection_v1,ham,NEEDS_REVIEW,,152b4cacfeb5,个人闲聊，表示马上离开
uci_03576,And do you have any one that can teach me how to ship cars.,en,uci_sms_spam_collection_v1,ham,NEEDS_REVIEW,,5549aaa327b8,个人闲聊，讨论运车
uci_03577,"The sign of maturity is not when we start saying big things.. But actually it is, when we start understanding small things... *HAVE A NICE EVENING* BSLVYL",en,uci_sms_spam_collection_v1,ham,NEEDS_REVIEW,,a806c4dcd9d4,转发哲理/感悟类内容，属于转发
uci_03578,Yeah confirmed for you staying at  that weekend,en,uci_sms_spam_collection_v1,ham,NEEDS_REVIEW,,60bdc28d52d5,个人闲聊，确认周末安排
uci_03579,They said ¨¹ dun haf passport or smth like dat.. Or ¨¹ juz send to my email account..,en,uci_sms_spam_collection_v1,ham,NEEDS_REVIEW,,fdeabc50e5d6,个人闲聊，讨论护照
uci_03580,"Multiply the numbers independently and count decimal points then, for the division, push the decimal places like i showed you.",en,uci_sms_spam_collection_v1,ham,NEEDS_REVIEW,,cb9d633a29a3,个人闲聊，教数学
uci_03581,"Have a lovely night and when you wake up to see this message, i hope you smile knowing all is as should be. Have a great morning",en,uci_sms_spam_collection_v1,ham,NEEDS_REVIEW,,b5c6180e7264,个人早安问候，属于私人对话
uci_03582,Ard 4 lor...,en,uci_sms_spam_collection_v1,ham,NEEDS_REVIEW,,2ab3fb9f4b2e,个人闲聊对话
uci_03583,You are right. Meanwhile how's project twins comin up,en,uci_sms_spam_collection_v1,ham,NEEDS_REVIEW,,0690c3e0ae1f,个人闲聊，讨论项目
uci_03584,I sent your maga that money yesterday oh.,en,uci_sms_spam_collection_v1,ham,NEEDS_REVIEW,,7805df6764dd,个人闲聊，讨论寄钱
uci_03585,Hi 07734396839 IBH Customer Loyalty Offer: The NEW NOKIA6600 Mobile from ONLY ¡ê10 at TXTAUCTION!Txt word:START to No:81151 & get Yours Now!4T&,en,uci_sms_spam_collection_v1,spam,AD,,61390b572c5c,诺基亚手机拍卖促销，属于正规商业广告
uci_03586,Heart is empty without love.. Mind is empty without wisdom.. Eyes r empty without dreams &amp; Life is empty without frnds.. So Alwys Be In Touch. Good night &amp; sweet dreams,en,uci_sms_spam_collection_v1,ham,NEEDS_REVIEW,,a55cd90d5a6d,转发感悟/哲理类内容，属于转发
uci_03587,I am hot n horny and willing I live local to you - text a reply to hear strt back from me 150p per msg Netcollex LtdHelpDesk: 02085076972 reply Stop to end,en,uci_sms_spam_collection_v1,spam,HARASS,,24c7bf803a10,成人/性暗示骚扰短信，提供本地色情服务联系，属于成人骚扰
uci_03588,Our ride equally uneventful - not too many of those pesky cyclists around at that time of night ;).,en,uci_sms_spam_collection_v1,ham,NEEDS_REVIEW,,d1ce0f803073,个人闲聊，讨论骑行
uci_03589,If you were/are free i can give. Otherwise nalla adi entey nattil kittum,en,uci_sms_spam_collection_v1,ham,NEEDS_REVIEW,,a1f8ebd3d525,个人闲聊对话
uci_03590,I've sent my wife your text. After we buy them she'll tell you what to do. So just relax. We should go get them this wkend.,en,uci_sms_spam_collection_v1,ham,NEEDS_REVIEW,,12c4ee5eb6c4,个人闲聊，讨论购物
uci_03591,I am in escape theatre now. . Going to watch KAVALAN in a few minutes,en,uci_sms_spam_collection_v1,ham,NEEDS_REVIEW,,6732353cd1ed,个人闲聊，讨论看电影
uci_03592,How much would it cost to hire a hitman,en,uci_sms_spam_collection_v1,ham,NEEDS_REVIEW,,6b63644acf0b,个人玩笑/调侃，属于闲聊
uci_03593,I anything lor...,en,uci_sms_spam_collection_v1,ham,NEEDS_REVIEW,,c08242dc545f,个人闲聊对话
uci_03594,"Sorry, I'll call later",en,uci_sms_spam_collection_v1,ham,NEEDS_REVIEW,,d5081f7715ce,个人闲聊，表示稍后回电
uci_03595,Do you want a New Nokia 3510i Colour Phone Delivered Tomorrow? With 200 FREE minutes to any mobile + 100 FREE text + FREE camcorder Reply or Call 08000930705,en,uci_sms_spam_collection_v1,spam,AD,,eeb8cb15d707,诺基亚手机促销广告，提供免费通话分钟和短信，属于正规商业广告
uci_03596,Huh but i cant go 2 ur house empty handed right?,en,uci_sms_spam_collection_v1,ham,NEEDS_REVIEW,,c80ffc73c281,个人闲聊，讨论去对方家
uci_03597,Good morning princess! Happy New Year!,en,uci_sms_spam_collection_v1,ham,NEEDS_REVIEW,,2fc79a09f6a7,个人问候，新年祝福
uci_03598,Congratulations YOU'VE Won. You're a Winner in our August ¡ê1000 Prize Draw. Call 09066660100 NOW. Prize Code 2309.,en,uci_sms_spam_collection_v1,spam,FRAUD,,a9edb4e483f4,虚假中奖通知，声称赢得1000英镑奖金，要求拨打高费率号码(0906开头)领取，属于典型诈骗
uci_03599,"Aight, we'll head out in a few",en,uci_sms_spam_collection_v1,ham,NEEDS_REVIEW,,9f1cd789cd4c,个人闲聊，表示马上出发
uci_03600,Then wat r u doing now? Busy wif work?,en,uci_sms_spam_collection_v1,ham,NEEDS_REVIEW,,5b1d513e3879,个人闲聊询问近况，非业务通知也非广告
uci_03601,I know you mood off today,en,uci_sms_spam_collection_v1,ham,NEEDS_REVIEW,,ae7d96c47480,个人对话关心对方情绪，属于私人聊天
uci_03602,"Jay told me already, will do",en,uci_sms_spam_collection_v1,ham,NEEDS_REVIEW,,a0a0646119a9,个人对话回复已完成某事，属于日常交流
uci_03603,Cps is causing the outages to conserve energy.,en,uci_sms_spam_collection_v1,ham,NEEDS_REVIEW,,10b684bc4472,关于停电的通知但无法确认来源和业务属性
uci_03604,"I'm not sure, I was just checking out what was happening around the area",en,uci_sms_spam_collection_v1,ham,NEEDS_REVIEW,,073cc54f70af,个人对话描述正在查看周边情况
uci_03605,Hey morning what you come to ask:-) pa...,en,uci_sms_spam_collection_v1,ham,NEEDS_REVIEW,,eb208ebb342d,早晨问候属于个人闲聊
uci_03606,Jordan got voted out last nite!,en,uci_sms_spam_collection_v1,ham,NEEDS_REVIEW,,17053cde5129,个人对话提及昨晚投票结果
uci_03607,"That means you got an A in epi, she.s fine. She.s here now.",en,uci_sms_spam_collection_v1,ham,NEEDS_REVIEW,,fd498193602d,个人对话告知成绩和某人近况
uci_03608,I have no idea where you are,en,uci_sms_spam_collection_v1,ham,NEEDS_REVIEW,,4c09b7c25339,个人对话表示不知道对方位置
uci_03609,Pls come quick cant bare this.,en,uci_sms_spam_collection_v1,ham,NEEDS_REVIEW,,92501017f78b,个人对话表达痛苦让对方快来
uci_03610,Joy's father is John. Then John is the ____ of Joy's father. If u ans ths you hav  &lt;#&gt;  IQ. Tis s IAS question try to answer.,en,uci_sms_spam_collection_v1,ham,NEEDS_REVIEW,,1d0d9288928e,转发智力题笑话属于转发内容无法归入业务类
uci_03611,"Call me. I m unable to cal. Lets meet bhaskar, and deep",en,uci_sms_spam_collection_v1,ham,NEEDS_REVIEW,,53a19db64fdf,个人对话要求回电并约定见面
uci_03612,No. I.ll meet you in the library,en,uci_sms_spam_collection_v1,ham,NEEDS_REVIEW,,b1207bfc1814,个人对话约定图书馆见面
uci_03613,"K, my roommate also wants a dubsack and another friend may also want some so plan on bringing extra, I'll tell you when they know for sure",en,uci_sms_spam_collection_v1,ham,NEEDS_REVIEW,,3959eafc199d,个人对话讨论带东西给室友和朋友
uci_03614,Depends on individual lor e hair dresser say pretty but my parents say look gong. U kaypoh.. I also dunno wat she collecting.,en,uci_sms_spam_collection_v1,ham,NEEDS_REVIEW,,8ffc7b447f82,个人对话评论发型家庭趣事
uci_03615,Ok c ¨¹ then.,en,uci_sms_spam_collection_v1,ham,NEEDS_REVIEW,,3545a77758c7,个人对话简单回复好的
uci_03616,I enjoy watching and playing football and basketball. Anything outdoors. And you?,en,uci_sms_spam_collection_v1,ham,NEEDS_REVIEW,,dc0cdb151811,个人对话讨论运动爱好
uci_03617,"Can you please ask macho what his price range is, does he want something new or used plus it he only interfued in the blackberry bold  &lt;#&gt;  or any bb",en,uci_sms_spam_collection_v1,ham,NEEDS_REVIEW,,10c44cdcf424,个人对话询问手机价格范围
uci_03618,Sorry sent blank msg again. Yup but trying 2 do some serious studying now.,en,uci_sms_spam_collection_v1,ham,NEEDS_REVIEW,,2d64c02a3872,个人对话道歉发空消息
uci_03619,Hey check it da. I have listed da.,en,uci_sms_spam_collection_v1,ham,NEEDS_REVIEW,,8a2dc08577cd,个人对话告知已列出某内容
uci_03620,8007 25p 4 Alfie Moon's Children in Need song on ur mob. Tell ur m8s. Txt TONE CHARITY to 8007 for nokias or POLY CHARITY for polys :zed 08701417012 profit 2 charity,en,uci_sms_spam_collection_v1,spam,AD,,4ade3e06114e,铃声订阅慈善促销，告知发送短信购买目的是营销
uci_03621,I meant as an apology from me for texting you to get me drugs at  &lt;#&gt; at night,en,uci_sms_spam_collection_v1,ham,NEEDS_REVIEW,,3961a4db768a,个人对话为深夜发消息要毒品道歉
uci_03622,That means from february to april i'll be getting a place to stay down there so i don't have to hustle back and forth during audition season as i have since my sister moved away from harlem.,en,uci_sms_spam_collection_v1,ham,NEEDS_REVIEW,,9ca146ba5967,个人对话描述住房安排计划
uci_03623,Goin to workout lor... Muz lose e fats...,en,uci_sms_spam_collection_v1,ham,NEEDS_REVIEW,,5a9a2c02267d,个人对话说要去锻炼
uci_03624,"Damn, poor zac doesn't stand a chance",en,uci_sms_spam_collection_v1,ham,NEEDS_REVIEW,,a339c36cba2f,个人对话为某人感到惋惜
uci_03625,No message..no responce..what happend?,en,uci_sms_spam_collection_v1,ham,NEEDS_REVIEW,,382e17d730b6,个人对话询问为何没回复消息
uci_03626,I want to tel u one thing u should not mistake me k THIS IS THE MESSAGE THAT YOU SENT:),en,uci_sms_spam_collection_v1,ham,NEEDS_REVIEW,,d417764ffa98,个人对话关于之前发送的消息
uci_03627,Yeah right! I'll bring my tape measure fri!,en,uci_sms_spam_collection_v1,ham,NEEDS_REVIEW,,6b722c301a51,个人对话说要带卷尺
uci_03628,Still chance there. If you search hard you will get it..let have a try :),en,uci_sms_spam_collection_v1,ham,NEEDS_REVIEW,,ebe7ea796675,个人对话鼓励对方继续搜索
uci_03629,Meeting u is my work. . . Tel me when shall i do my work tomorrow,en,uci_sms_spam_collection_v1,ham,NEEDS_REVIEW,,a9d94df8cbd8,个人对话关于工作的约定
uci_03630,Should I head straight there or what,en,uci_sms_spam_collection_v1,ham,NEEDS_REVIEW,,39d83f6b2566,个人对话询问是否直接过去
uci_03631,Get the official ENGLAND poly ringtone or colour flag on yer mobile for tonights game! Text TONE or FLAG to 84199. Optout txt ENG STOP Box39822 W111WX ¡ê1.50,en,uci_sms_spam_collection_v1,spam,AD,,04e614915ac7,手机铃声旗帜订阅促销，发送短信定制目的是营销
uci_03632,Thank you princess! You are so sexy...,en,uci_sms_spam_collection_v1,ham,NEEDS_REVIEW,qa_fix_v1,50fba9987675,[fix:adult-or-secret-admirer NEEDS_REVIEW->HARASS] 个人对话亲密爱称表达 [fix:revert-ham-kisses-xxx HARASS->NEEDS_REVIEW]
uci_03633,Oooh I got plenty of those!,en,uci_sms_spam_collection_v1,ham,NEEDS_REVIEW,,c1b75701708a,个人对话表示有很多某物
uci_03634,Hui xin is in da lib.,en,uci_sms_spam_collection_v1,ham,NEEDS_REVIEW,,ee2d5314aa17,个人对话告诉对方某人在图书馆
uci_03635,Its a big difference.  &lt;#&gt;  versus  &lt;#&gt;  every  &lt;#&gt; hrs,en,uci_sms_spam_collection_v1,ham,NEEDS_REVIEW,,a71f0f710f01,个人对话讨论时间差异问题
uci_03636,"It's not that you make me cry. It's just that when all our stuff happens on top of everything else, it pushes me over the edge. You don't underdtand how often i cry over my sorry, sorry life.",en,uci_sms_spam_collection_v1,ham,NEEDS_REVIEW,,647510c18edd,个人对话表达情感困扰
uci_03637,"""ME 2 BABE I FEEL THE SAME LETS JUST 4GET ABOUT IT+BOTH TRY +CHEER UP+NOT FIT SOO MUCHXXLOVE U LOCAXX""",en,uci_sms_spam_collection_v1,ham,NEEDS_REVIEW,,5dd9369f6dff,个人对话情侣间表达情感
uci_03638,You know what hook up means right?,en,uci_sms_spam_collection_v1,ham,NEEDS_REVIEW,,91eeb9e55c5b,个人对话询问对方是否知道hook up含义
uci_03639,"Customer service announcement. We recently tried to make a delivery to you but were unable to do so, please call 07090298926 to re-schedule. Ref:9307622",en,uci_sms_spam_collection_v1,spam,FRAUD,,a858af6c12df,冒充送货通知诱导回拨付费电话，典型诈骗手法
uci_03640,Wat's da model num of ur phone?,en,uci_sms_spam_collection_v1,ham,NEEDS_REVIEW,,f8ed30e25fab,个人对话询问对方手机型号
uci_03641,He's really into skateboarding now despite the fact that he gets thrown off of it and winds up with bandages and shit all over his arms every five minutes,en,uci_sms_spam_collection_v1,ham,NEEDS_REVIEW,,1d65d27569b1,个人对话描述某人玩滑板受伤
uci_03642,"You can stop further club tones by replying ""STOP MIX"" See my-tone.com/enjoy. html for terms. Club tones cost GBP4.50/week. MFL, PO Box 1146 MK45 2WT (2/3)",en,uci_sms_spam_collection_v1,spam,AD,,587b69ad4dd1,俱乐部铃声订阅促销，告知取消方式属于营销广告
uci_03643,My house here e sky quite dark liao... If raining then got excuse not 2 run already rite... Hee...,en,uci_sms_spam_collection_v1,ham,NEEDS_REVIEW,,53be60f1f581,个人对话描述天气为不去跑步找借口
uci_03644,"Sorry, left phone upstairs. OK, might be hectic but would be all my birds with one fell swoop. It's a date.",en,uci_sms_spam_collection_v1,ham,NEEDS_REVIEW,,26fb9c10433d,个人对话约定见面时间
uci_03645,* Thought I didn't see you.,en,uci_sms_spam_collection_v1,ham,NEEDS_REVIEW,,7b5c7676960e,个人对话表示刚才没看到对方
uci_03646,wamma get laid?want real doggin locations sent direct to your mobile? join the UKs largest dogging network. txt dogs to 69696 now!nyt. ec2a. 3lp ¡ê1.50/msg.,en,uci_sms_spam_collection_v1,spam,HARASS,,9ceefab53ab9,成人约炮类骚扰短信，推广dogging交友网络
uci_03647,Carlos says we can pick up from him later so yeah we're set,en,uci_sms_spam_collection_v1,ham,NEEDS_REVIEW,,500c8caa2419,个人对话关于接人安排
uci_03648,"Hey babe, my friend had to cancel, still up for a visit ?",en,uci_sms_spam_collection_v1,ham,NEEDS_REVIEW,,618332dda130,个人对话问对方是否还想见面
uci_03649,As per your request 'Maangalyam (Alaipayuthe)' has been set as your callertune for all Callers. Press *9 to copy your friends Callertune,en,uci_sms_spam_collection_v1,ham,TRANSACTION,,3dd3f4400127,来电铃声设置成功通知，属于业务办理结果确认
uci_03650,Hmm ill have to think about it... ok you're forgiven! =D,en,uci_sms_spam_collection_v1,ham,NEEDS_REVIEW,,39a7e51b801c,个人对话表示原谅对方
uci_03651,"We are hoping to get away by 7, from Langport. You still up for town tonight?",en,uci_sms_spam_collection_v1,ham,NEEDS_REVIEW,,828497bde047,个人对话询问今晚是否去镇上
uci_03652,Want to send me a virtual hug?... I need one,en,uci_sms_spam_collection_v1,ham,NEEDS_REVIEW,,32e078344d2d,个人对话想要虚拟拥抱
uci_03653,"Probably not, still going over some stuff here",en,uci_sms_spam_collection_v1,ham,NEEDS_REVIEW,,f9f31180b364,个人对话说还在复习
uci_03654,It has issues right now. Ill fix for her by tomorrow.,en,uci_sms_spam_collection_v1,ham,NEEDS_REVIEW,,8d186a1935dc,个人对话说明天帮修好
uci_03655,Why i come in between you people,en,uci_sms_spam_collection_v1,ham,NEEDS_REVIEW,,f96f75c81cb8,个人对话问为何介入两人之间
uci_03656,Senthil group company Apnt 5pm.,en,uci_sms_spam_collection_v1,ham,NEEDS_REVIEW,,d4e0e1049927,个人对话工作相关简单通知
uci_03657,Oh really?? Did you make it on air? What's your talent?,en,uci_sms_spam_collection_v1,ham,NEEDS_REVIEW,,458ef4dfaec7,个人对话询问某事详情
uci_03658,Studying. But i.ll be free next weekend.,en,uci_sms_spam_collection_v1,ham,NEEDS_REVIEW,,aac244e621f8,个人对话说下周末有空
uci_03659,R u here yet? I'm wearing blue shirt n black pants.,en,uci_sms_spam_collection_v1,ham,NEEDS_REVIEW,,d101d60c6509,个人对话打招呼并告知穿着
uci_03660,Wait.i will come out.. &lt;#&gt;  min:),en,uci_sms_spam_collection_v1,ham,NEEDS_REVIEW,,ea94229f6ea9,个人对话让对方等几分钟
uci_03661,I will reach ur home in  &lt;#&gt;  minutes,en,uci_sms_spam_collection_v1,ham,NEEDS_REVIEW,,c2d3bd8694cb,个人对话告知几分钟到家
uci_03662,Well then you have a great weekend!,en,uci_sms_spam_collection_v1,ham,NEEDS_REVIEW,,2e05e9f9c2b3,个人对话祝周末愉快
uci_03663,"What are you doing in langport? Sorry, but I'll probably be in bed by 9pm. It sucks being ill at xmas! When do you and go2sri lanka?",en,uci_sms_spam_collection_v1,ham,NEEDS_REVIEW,,855053371b02,个人对话聊病中圣诞节
uci_03664,"Frnd s not juz a word.....not merely a relationship.....its a silent promise which says ... "" I will be with YOU "" Wherevr.. Whenevr.. Forevr... Gudnyt dear..",en,uci_sms_spam_collection_v1,ham,NEEDS_REVIEW,,ae5bfdcf68e1,转发鸡汤文关于友谊的感悟属于转发内容
uci_03665,Huh? 6 also cannot? Then only how many mistakes?,en,uci_sms_spam_collection_v1,ham,NEEDS_REVIEW,,7ffd92217bb8,个人对话讨论问题答案
uci_03666,Ha... U jus ate honey ar? So sweet...,en,uci_sms_spam_collection_v1,ham,NEEDS_REVIEW,,8d77e7995b88,个人对话亲密调情
uci_03667,I'm turning off my phone. My moms telling everyone I have cancer. And my sister won't stop calling. It hurts to talk. Can't put up with it. See u when u get home. Love u,en,uci_sms_spam_collection_v1,ham,NEEDS_REVIEW,,dbaf8abe8693,个人对话描述家庭情况和身体不适
uci_03668,"Honey ? Sweetheart ? Darling ? Sexy buns ? Sugar plum ? Loverboy ? I miss you, boytoy ... *smacks your ass* Did you go to the gym too ?",en,uci_sms_spam_collection_v1,ham,NEEDS_REVIEW,qa_fix_v1,7bb720c5aa3e,[fix:adult-or-secret-admirer NEEDS_REVIEW->HARASS] 个人对话情侣间亲密爱称表达 [fix:revert-ham-kisses-xxx HARASS->NEEDS_REVIEW]
uci_03669,Thanks for loving me so. You rock,en,uci_sms_spam_collection_v1,ham,NEEDS_REVIEW,,c9601f5d387a,个人对话感谢对方的爱
uci_03670,Yeah imma come over cause jay wants to do some drugs,en,uci_sms_spam_collection_v1,ham,NEEDS_REVIEW,,7f814557bf0a,个人对话说jay想吸毒所以要过去
uci_03671,Ok thanx... Take care then...,en,uci_sms_spam_collection_v1,ham,NEEDS_REVIEW,,2ce99d47c5fe,个人对话简单告别
uci_03672,Yup. Thk of u oso boring wat.,en,uci_sms_spam_collection_v1,ham,NEEDS_REVIEW,,818933357725,个人对话觉得无聊
uci_03673,"came to look at the flat, seems ok, in his 50s? * Is away alot wiv work. Got woman coming at 6.30 too.",en,uci_sms_spam_collection_v1,ham,NEEDS_REVIEW,,862c3272d8af,个人对话描述看房情况
uci_03674,Moji just informed me that you saved our lives. Thanks.,en,uci_sms_spam_collection_v1,ham,NEEDS_REVIEW,,1941100213f5,个人对话感谢救命之恩
uci_03675,You have won a Nokia 7250i. This is what you get when you win our FREE auction. To take part send Nokia to 86021 now. HG/Suite342/2Lands Row/W1JHL 16+,en,uci_sms_spam_collection_v1,spam,FRAUD,,f39f9e2ca541,虚假中奖信息声称赢得手机，诱导发送短信参与典型诈骗
uci_03676,Whos this am in class:-),en,uci_sms_spam_collection_v1,ham,NEEDS_REVIEW,,68a0541dffb4,个人对话问谁在教室
uci_03677,Hey r ¨¹ still online? I've finished the formatting...,en,uci_sms_spam_collection_v1,ham,NEEDS_REVIEW,,5caf8f55440d,个人对话问是否还在线
uci_03678,Great! So what attracts you to the brothas?,en,uci_sms_spam_collection_v1,ham,NEEDS_REVIEW,,0c2c21be6946,个人对话问对方喜欢brotha什么
uci_03679,Promotion Number: 8714714 - UR awarded a City Break and could WIN a ¡ê200 Summer Shopping spree every WK. Txt STORE to 88039 . SkilGme. TsCs087147403231Winawk!Age16 ¡ê1.50perWKsub,en,uci_sms_spam_collection_v1,spam,FRAUD,,ec6679c44043,虚假中奖促销声称赢得购物狂欢，诱导发送短信参与付费活动
uci_03680,Stupid.its not possible,en,uci_sms_spam_collection_v1,ham,NEEDS_REVIEW,,1f989e007ecb,个人对话说不可能
uci_03681,I cant pick the phone right now. Pls send a message,en,uci_sms_spam_collection_v1,ham,NEEDS_REVIEW,,ea4561f1db70,个人对话让对方发信息别打电话
uci_03682,LOL what happens in Vegas stays in vegas,en,uci_sms_spam_collection_v1,ham,NEEDS_REVIEW,,f1e8260375a8,个人对话引用名言玩笑
uci_03683,"Hello, hello, hi lou sorry it took so long 2 reply- I left mobile at friends in Lancaster, just got it bak Neway im sorry I couldn?t make ur b?day 2 hun!",en,uci_sms_spam_collection_v1,ham,NEEDS_REVIEW,,33feea51c669,个人对话道歉没能及时回复
uci_03684,When did i use soc... I use it only at home... ¨¹ dunno how 2 type it in word ar...,en,uci_sms_spam_collection_v1,ham,NEEDS_REVIEW,,0dae3a2ff378,个人对话讨论在学校使用什么
uci_03685,Dad says hurry the hell up,en,uci_sms_spam_collection_v1,ham,NEEDS_REVIEW,,05a28961e3ab,个人对话转达父亲的催促
uci_03686,Wake me up at  &lt;#&gt;  am morning:),en,uci_sms_spam_collection_v1,ham,NEEDS_REVIEW,,fd2866b9af3d,个人对话要求明早叫醒
uci_03687,"I get out of class in bsn in like  &lt;#&gt;  minutes, you know where advising is?",en,uci_sms_spam_collection_v1,ham,NEEDS_REVIEW,,46907e06bf7f,个人对话告诉还有几分钟下课
uci_03688,Great! I shoot big loads so get ready!,en,uci_sms_spam_collection_v1,ham,NEEDS_REVIEW,,1110c538c780,个人对话性暗示玩笑属于私人间调侃
uci_03689,I'll meet you in the lobby,en,uci_sms_spam_collection_v1,ham,NEEDS_REVIEW,,f67921f8dc40,个人对话约定在大堂见面
uci_03690,You still coming tonight?,en,uci_sms_spam_collection_v1,ham,NEEDS_REVIEW,,fe5b9ca4bd4b,个人对话问今晚是否还来
uci_03691,What happen dear tell me,en,uci_sms_spam_collection_v1,ham,NEEDS_REVIEW,,d751b3893fc3,个人对话问怎么了
uci_03692,"Sir, i am waiting for your call, once free please call me.",en,uci_sms_spam_collection_v1,ham,NEEDS_REVIEW,,d5926604ed3f,个人对话要求空闲时回电
uci_03693,No i am not having not any movies in my laptop,en,uci_sms_spam_collection_v1,ham,NEEDS_REVIEW,,d8c5912fce1b,个人对话说笔记本没有电影
uci_03694,I was about to do it when i texted. I finished a long time ago and showered and er'ything!,en,uci_sms_spam_collection_v1,ham,NEEDS_REVIEW,,68681e9d0196,个人对话描述刚完成某事
uci_03695,Ok im not sure what time i finish tomorrow but i wanna spend the evening with you cos that would be vewy vewy lubly! Love me xxx,en,uci_sms_spam_collection_v1,ham,NEEDS_REVIEW,qa_fix_v1,5baf09d875cc,[fix:adult-or-secret-admirer NEEDS_REVIEW->HARASS] 个人对话情侣间表达想共度夜晚 [fix:revert-ham-kisses-xxx HARASS->NEEDS_REVIEW]
uci_03696,"Hello, As per request from  &lt;#&gt;  Rs.5 has been transfered to you",en,uci_sms_spam_collection_v1,ham,NEEDS_REVIEW,,3013df067e57,声称转账通知但来源不明金额极小，无法确认业务真实性
uci_03697,I am in tirupur.  call you da.,en,uci_sms_spam_collection_v1,ham,NEEDS_REVIEW,,09fc0925b1fe,个人对话告知在某地让对方来电
uci_03698,You are a winner you have been specially selected to receive ¡ê1000 cash or a ¡ê2000 award. Speak to a live operator to claim call 087147123779am-7pm. Cost 10p,en,uci_sms_spam_collection_v1,spam,FRAUD,,df258a4bb926,虚假中奖声称赢得1000英镑或2000英镑奖品，要求拨打付费电话领取
uci_03699,S:)but he had some luck.2 catches put down:),en,uci_sms_spam_collection_v1,ham,NEEDS_REVIEW,,1cef2ba8448d,个人对话关于板球比赛接球
uci_03700,How i noe... Did ¨¹ specify da domain as nusstu... ¨¹ still in sch...,en,uci_sms_spam_collection_v1,ham,NEEDS_REVIEW,,202bd0fe3864,个人对话询问学校域名
uci_03701,Oh...i asked for fun. Haha...take care. ¨¹,en,uci_sms_spam_collection_v1,ham,NEEDS_REVIEW,,81a1b0eadfa7,个人对话只是为了好玩才问
uci_03702,Shall i get my pouch?,en,uci_sms_spam_collection_v1,ham,NEEDS_REVIEW,,3eef62f4501d,个人对话问是否去拿包
uci_03703,Hey loverboy! I love you !! I had to tell ... I look at your picture and ache to feel you between my legs ... Fuck I want you ... I need you ... I crave you .,en,uci_sms_spam_collection_v1,ham,NEEDS_REVIEW,qa_fix_v1,d433f19b17e0,[fix:personal-chat-not-four-class HARASS->NEEDS_REVIEW] 极端露骨性暗示内容属于性骚扰短信
uci_03704,"How is my boy? No sweet words left for me this morning ... *sighs* ... How goes you day, my love ? Did you start your studying?",en,uci_sms_spam_collection_v1,ham,NEEDS_REVIEW,,7ba617d9d34b,个人对话情侣间早安问候
uci_03705,Kent vale lor... ¨¹ wait 4 me there ar?,en,uci_sms_spam_collection_v1,ham,NEEDS_REVIEW,,e1281f0e429e,个人对话让某人在学校等
uci_03706,Ok. Very good. Its all about making that money.,en,uci_sms_spam_collection_v1,ham,NEEDS_REVIEW,,6f1538f51fcc,个人对话说重要的是赚钱
uci_03707,Reading gud habit.. Nan bari hudgi yorge pataistha ertini kano:-),en,uci_sms_spam_collection_v1,ham,NEEDS_REVIEW,,c41df0076bbd,个人对话混合语言阅读好习惯相关
uci_03708,Aight do you still want to get money,en,uci_sms_spam_collection_v1,ham,NEEDS_REVIEW,,328d7df42925,个人对话问是否还想赚钱
uci_03709,Free Top ringtone -sub to weekly ringtone-get 1st week free-send SUBPOLY to 81618-?3 per week-stop sms-08718727870,en,uci_sms_spam_collection_v1,spam,AD,,f187c83794f5,免费铃声订阅促销广告，告知发送短信订阅铃声服务
uci_03710,Ok.ok ok..then..whats ur todays plan,en,uci_sms_spam_collection_v1,ham,NEEDS_REVIEW,,69dd5c723641,个人对话问今天的计划
uci_03711,ARE YOU IN TOWN? THIS IS V. IMPORTANT,en,uci_sms_spam_collection_v1,ham,NEEDS_REVIEW,,e64bcdc65e81,个人对话强调某事很重要
uci_03712,"Sorry pa, i dont knw who ru pa?",en,uci_sms_spam_collection_v1,ham,NEEDS_REVIEW,,87da7fceb0d9,个人对话道歉不认识对方
uci_03713,Wat u doing there?,en,uci_sms_spam_collection_v1,ham,NEEDS_REVIEW,,8f791e0eb01c,个人对话问对方在做什么
uci_03714,If i not meeting ¨¹ all rite then i'll go home lor. If ¨¹ dun feel like comin it's ok.,en,uci_sms_spam_collection_v1,ham,NEEDS_REVIEW,,e70f2141a1a4,个人对话关于是否去见面的安排
uci_03715,"Oh, i will get paid. The most outstanding one is for a commercial i did for Hasbro...in AUGUST! They made us jump through so many hoops to get paid. Still not.",en,uci_sms_spam_collection_v1,ham,NEEDS_REVIEW,,2d054b3a2b5a,个人对话关于广告拍摄报酬纠纷
uci_03716,"I am late,so call you tomorrow morning.take care sweet dreams....u and me...ummifying...bye.",en,uci_sms_spam_collection_v1,ham,NEEDS_REVIEW,,2ee662fcf0fe,个人对话晚安告别
uci_03717,Networking technical support associate.,en,uci_sms_spam_collection_v1,ham,NEEDS_REVIEW,,15c1b311f180,一句话求职相关无法归类
uci_03718,I'm gonna rip out my uterus.,en,uci_sms_spam_collection_v1,ham,NEEDS_REVIEW,,e14878972144,个人对话玩笑式表达
uci_03719,Cool. Do you like swimming? I have a pool and jacuzzi at my house.,en,uci_sms_spam_collection_v1,ham,NEEDS_REVIEW,,7d4b345bc43e,个人对话问是否喜欢游泳
uci_03720,"Thanks for your ringtone order, reference number X49. Your mobile will be charged 4.50. Should your tone not arrive please call customer services 09065989182. From: [colour=red]text[/colour]TXTstar",en,uci_sms_spam_collection_v1,spam,AD,,bd86a6d87cbc,彩铃订单确认并告知收费属于营销订阅服务
uci_03721,"Yeah why not, is the gang all ready",en,uci_sms_spam_collection_v1,ham,NEEDS_REVIEW,,e801ba25af8d,个人对话问团队是否准备好
uci_03722,Blank is Blank. But wat is blank? Lol,en,uci_sms_spam_collection_v1,ham,NEEDS_REVIEW,,c7d72af43530,个人对话玩笑说空白就是空白
uci_03723,I'm in a movie... Collect car oredi...,en,uci_sms_spam_collection_v1,ham,NEEDS_REVIEW,,7c78e95e5c2b,个人对话说在看电影取车
uci_03724,We left already we at orchard now.,en,uci_sms_spam_collection_v1,ham,NEEDS_REVIEW,,42a8a0ffd325,个人对话告知已在某地
uci_03725,"Hi there, 2nights ur lucky night! Uve been invited 2 XCHAT, the Uks wildest chat! Txt CHAT to 86688 now! 150p/MsgrcvdHG/Suite342/2Lands/Row/W1J6HL LDN 18yrs",en,uci_sms_spam_collection_v1,spam,HARASS,,baee63d92001,成人聊天服务推广邀请加入付费成人聊天属于骚扰性广告
uci_03726,Nothing spl..wat abt u and whr ru?,en,uci_sms_spam_collection_v1,ham,NEEDS_REVIEW,,7f5a0dc39de0,个人对话问对方在哪
uci_03727,No chikku nt yet.. Ya i'm free,en,uci_sms_spam_collection_v1,ham,NEEDS_REVIEW,,ee062f40eeee,个人对话说还没回来但现在有空
uci_03728,"Aldrine, rakhesh ex RTM here.pls call.urgent.",en,uci_sms_spam_collection_v1,ham,NEEDS_REVIEW,,7c6daa9f519e,个人对话紧急让某人回电
uci_03729,The search 4 happiness is 1 of d main sources of unhappiness! Accept life the way it comes! U will find happiness in every moment u live.,en,uci_sms_spam_collection_v1,ham,NEEDS_REVIEW,,af5c95dba29a,转发哲理鸡汤文关于幸福和生活的感悟
uci_03730,I'm at home. Please call,en,uci_sms_spam_collection_v1,ham,NEEDS_REVIEW,,73fe47bca296,个人对话在家请来电
uci_03731,"I guess you could be as good an excuse as any, lol.",en,uci_sms_spam_collection_v1,ham,NEEDS_REVIEW,,44466865ef15,个人对话玩笑式评论
uci_03732,"Isn't frnd a necesity in life? imagine urself witout a frnd.. hw'd u feel at ur colleg? wat'll u do wth ur cell? wat abt functions? thnk abt events espe'll cared, missed &amp; irritated u? 4wrd it to all those dear-loving frnds wthout whom u cant live.. I jst did it.. Takecare..:) GOODMORNING",en,uci_sms_spam_collection_v1,ham,NEEDS_REVIEW,,115b5490beda,转发鸡汤文关于友谊重要性的感悟
uci_03733,Gud mrng dear hav a nice day,en,uci_sms_spam_collection_v1,ham,NEEDS_REVIEW,,1fdab7ddc801,个人对话早安问候
uci_03734,Old Orchard near univ. How about you?,en,uci_sms_spam_collection_v1,ham,NEEDS_REVIEW,,239bf1869d4b,个人对话关于地点的闲聊
uci_03735,"4 tacos + 1 rajas burrito, right?",en,uci_sms_spam_collection_v1,ham,NEEDS_REVIEW,,a8d2d7025d1e,个人对话确认点餐内容
uci_03736,"It¡®s ¡ê6 to get in, is that ok?",en,uci_sms_spam_collection_v1,ham,NEEDS_REVIEW,,cd844b12ca1d,个人对话关于门票价格
uci_03737,Hows the street where the end of library walk is?,en,uci_sms_spam_collection_v1,ham,NEEDS_REVIEW,,58d9b6742855,个人对话问某条街情况
uci_03738,"Plz note: if anyone calling from a mobile Co. &amp; asks u to type # &lt;#&gt;  or # &lt;#&gt; . Do not do so. Disconnect the call,coz it iz an attempt of 'terrorist' to make use of the sim card no. Itz confirmd by nokia n motorola n has been verified by CNN IBN.",en,uci_sms_spam_collection_v1,ham,NEEDS_REVIEW,,97584c7521e1,转发谣言安全警告，关于恐怖分子利用SIM卡的虚假信息
uci_03739,We stopped to get ice cream and will go back after,en,uci_sms_spam_collection_v1,ham,NEEDS_REVIEW,,4af35184dfbe,个人对话说停下来吃了冰淇淋
uci_03740,Did you stitch his trouser,en,uci_sms_spam_collection_v1,ham,NEEDS_REVIEW,,104c3713a571,个人对话问是否缝了裤子
uci_03741,No da. . Vijay going to talk in jaya tv,en,uci_sms_spam_collection_v1,ham,NEEDS_REVIEW,,8254cf9d79a6,个人对话关于电视节目
uci_03742,2/2 146tf150p,en,uci_sms_spam_collection_v1,spam,AD,,c3e246cb6fe2,仅含价格信息疑似订阅服务费用通知属于广告促销类
uci_03743,Hey i'm bored... So i'm thinking of u... So wat r u doing?,en,uci_sms_spam_collection_v1,ham,NEEDS_REVIEW,,09833bdd5ec1,个人对话无聊在想对方
uci_03744,"Nah, Wednesday. When should I bring the mini cheetos bag over?",en,uci_sms_spam_collection_v1,ham,NEEDS_REVIEW,,ddeddddde47d,个人对话确认带零食时间
uci_03745,Nobody names their penis a girls name this story doesn't add up at all,en,uci_sms_spam_collection_v1,ham,NEEDS_REVIEW,,85f001caf3a3,个人对话玩笑式评论
uci_03746,"Aight, let me know when you're gonna be around usf",en,uci_sms_spam_collection_v1,ham,NEEDS_REVIEW,,89e2c048f159,个人对话问何时在附近
uci_03747,I'm not. She lip synced with shangela.,en,uci_sms_spam_collection_v1,ham,NEEDS_REVIEW,,1c3bdf5cea52,个人对话关于电视节目对口型
uci_03748,¨¹ neva tell me how i noe... I'm not at home in da aft wat...,en,uci_sms_spam_collection_v1,ham,NEEDS_REVIEW,,2649bedf31d4,个人对话关于回家安排
uci_03749,"A bit of Ur smile is my hppnss, a drop of Ur tear is my sorrow, a part of Ur heart is my life, a heart like mine wil care for U, forevr as my GOODFRIEND",en,uci_sms_spam_collection_v1,ham,NEEDS_REVIEW,,9ad54f943ef7,转发情感鸡汤文关于微笑和爱
uci_03750,Dear Voucher Holder 2 claim your 1st class airport lounge passes when using Your holiday voucher call 08704439680. When booking quote 1st class x 2,en,uci_sms_spam_collection_v1,spam,AD,,00acf14ccde2,促销广告声称赠送机场休息室券诱导拨打电话预定
uci_03751,"Buzz! Hey, my Love ! I think of you and hope your day goes well. Did you sleep in ? I miss you babe. I long for the moment we are together again*loving smile*",en,uci_sms_spam_collection_v1,ham,NEEDS_REVIEW,,1bb0633048fd,个人对话情侣间甜蜜问候
uci_03752,"Haha... Sounds crazy, dunno can tahan anot...",en,uci_sms_spam_collection_v1,ham,NEEDS_REVIEW,,e5e3da8b2be9,个人对话玩笑说快受不了了
uci_03753,Why are u up so early?,en,uci_sms_spam_collection_v1,ham,NEEDS_REVIEW,,f32a2c802c69,个人对话问为何起这么早
uci_03754,Ya that one is slow as poo,en,uci_sms_spam_collection_v1,ham,NEEDS_REVIEW,,94ce1f68c641,个人对话说某个东西很慢
uci_03755,Bloomberg -Message center +447797706009 Why wait? Apply for your future http://careers. bloomberg.com,en,uci_sms_spam_collection_v1,spam,AD,,617b108c87d1,招聘推广催促申请Bloomberg职位并附带链接属于求职广告
uci_03756,"""Im on gloucesterroad what are uup to later?""",en,uci_sms_spam_collection_v1,ham,NEEDS_REVIEW,,59109dda88b9,个人对话关于位置的闲聊
uci_03757,Yes:)here tv is always available in work place..,en,uci_sms_spam_collection_v1,ham,NEEDS_REVIEW,,28ee3941c581,个人对话关于电视的闲聊
uci_03758,YES! The only place in town to meet exciting adult singles is now in the UK. Txt CHAT to 86688 now! 150p/Msg.,en,uci_sms_spam_collection_v1,spam,HARASS,,e37f0332531f,成人交友服务推广诱导发送短信加入付费聊天属于骚扰广告
uci_03759,Lol no ouch but wish i'd stayed out a bit longer,en,uci_sms_spam_collection_v1,ham,NEEDS_REVIEW,,09c27e6b1819,个人对话关于出去玩的闲聊
uci_03760,"GOD ASKED, ""What is forgiveness?"" A little child gave lovely reply, ""It is d wonderful fruit that a tree gives when it is being hurt by a stone.. Good night......",en,uci_sms_spam_collection_v1,ham,NEEDS_REVIEW,,8e4ded1ae0fa,转发哲理故事鸡汤文关于宽恕的寓言
uci_03761,We'll join the  &lt;#&gt;  bus,en,uci_sms_spam_collection_v1,ham,NEEDS_REVIEW,,6e466822d82e,个人对话关于坐公交的安排
uci_03762,Was just about to ask. Will keep this one. Maybe that's why you didn't get all the messages we sent you on glo,en,uci_sms_spam_collection_v1,ham,NEEDS_REVIEW,,0fd88caf28f0,个人对话关于收到消息的闲聊
uci_03763,FREE for 1st week! No1 Nokia tone 4 ur mob every week just txt NOKIA to 8007 Get txting and tell ur mates www.getzed.co.uk POBox 36504 W45WQ norm150p/tone 16+,en,uci_sms_spam_collection_v1,spam,AD,,68248d71dcc0,免费诺基亚铃声订阅促销每周发送短信获取铃声属于营销广告
uci_03764,K.i will send in  &lt;#&gt;  min:),en,uci_sms_spam_collection_v1,ham,NEEDS_REVIEW,,80f139f20865,个人对话说几分钟后发送
uci_03765,Would me smoking you out help us work through this difficult time,en,uci_sms_spam_collection_v1,ham,NEEDS_REVIEW,,e0207d71adc1,个人对话玩笑式提问
uci_03766,"Someone U know has asked our dating service 2 contact you! Cant guess who? CALL 09058095107 NOW all will be revealed. POBox 7, S3XY 150p",en,uci_sms_spam_collection_v1,spam,HARASS,,4365e140599b,交友服务推广声称有人通过约会服务找你诱导回拨付费电话
uci_03767,Yes.mum lookin strong:),en,uci_sms_spam_collection_v1,ham,NEEDS_REVIEW,,d57baf7372d1,个人对话说妈妈看起来很壮
uci_03768,"Sir Goodmorning, Once free call me.",en,uci_sms_spam_collection_v1,ham,NEEDS_REVIEW,,ee305b46fe96,个人对话要求空闲时回电
uci_03769,Where are you call me.,en,uci_sms_spam_collection_v1,ham,NEEDS_REVIEW,,1acfcef273a8,个人对话让对方来电
uci_03770,Was gr8 to see that message. So when r u leaving? Congrats dear. What school and wat r ur plans.,en,uci_sms_spam_collection_v1,ham,NEEDS_REVIEW,,109ca3877d0c,个人对话关于毕业和学校的闲聊
uci_03771,Love it! The girls at the office may wonder why you are smiling but sore...,en,uci_sms_spam_collection_v1,ham,NEEDS_REVIEW,,b090e51a45ef,个人对话关于同事的调侃
uci_03772,"Hi, wlcome back, did wonder if you got eaten by a lion or something, nothing much",en,uci_sms_spam_collection_v1,ham,NEEDS_REVIEW,,960aef54ba62,个人对话欢迎回来并闲聊
uci_03773,Does uncle timi help in clearing cars,en,uci_sms_spam_collection_v1,ham,NEEDS_REVIEW,,7833f3908253,个人对话问叔叔是否能帮忙清车
uci_03774,I came hostel. I m going to sleep. Plz call me up before class. Hrishi.,en,uci_sms_spam_collection_v1,ham,NEEDS_REVIEW,,686241ac096e,个人对话说到了宿舍要睡觉
uci_03775,Ok... But bag again..,en,uci_sms_spam_collection_v1,ham,NEEDS_REVIEW,,7005fd880097,个人对话关于包的闲聊
uci_03776,Hi! You just spoke to MANEESHA V. We'd like to know if you were satisfied with the experience. Reply Toll Free with Yes or No.,en,uci_sms_spam_collection_v1,ham,NEEDS_REVIEW,,3ec5b446c6a5,满意度调查询问体验是否满意属于调查类不确定内容
uci_03777,Ok lor. Msg me b4 u call.,en,uci_sms_spam_collection_v1,ham,NEEDS_REVIEW,,a41b231f58d7,个人对话让发消息再来电
uci_03778,"Mila, age23, blonde, new in UK. I look sex with UK guys. if u like fun with me. Text MTALK to 69866.18 . 30pp/txt 1st 5free. ¡ê1.50 increments. Help08718728876",en,uci_sms_spam_collection_v1,spam,HARASS,,da454450872b,成人色情交友推广明确提供性服务并收费属于骚扰广告
uci_03779,"Once a fishrman woke early in d mrng. It was very dark. He waited a while &amp; found a sack ful of stones. He strtd throwin thm in2 d sea 2 pass time. Atlast he had jus 1stone, sun rose up &amp; he found out tht those r nt stones, those were diamonds. Moral:""Dont wake up early in d mrng'' GOOD night",en,uci_sms_spam_collection_v1,ham,NEEDS_REVIEW,,0cafb9b0f94b,转发寓言故事鸡汤文关于渔夫和钻石的寓言
uci_03780,"Claim a 200 shopping spree, just call 08717895698 now! Have you won! MobStoreQuiz10ppm",en,uci_sms_spam_collection_v1,spam,FRAUD,,8d86f011f6f9,虚假中奖促销声称赢得200英镑购物狂欢诱导拨打电话领取
uci_03781,Then ur physics get a-?,en,uci_sms_spam_collection_v1,ham,NEEDS_REVIEW,,7b4bb1f1bd4b,个人对话关于物理成绩的闲聊
uci_03782,"Dear friends, sorry for the late information. Today is the birthday of our loving Ar.Praveesh. for more details log on to face book and see. Its his number + &lt;#&gt; . Dont miss a delicious treat.",en,uci_sms_spam_collection_v1,ham,NEEDS_REVIEW,,4bdf27b794ea,生日邀请通知属于私人消息
uci_03783,How r ¨¹ going to send it to me?,en,uci_sms_spam_collection_v1,ham,NEEDS_REVIEW,,e006f7119ab6,个人对话问怎么发送
uci_03784,Can you do online transaction?,en,uci_sms_spam_collection_v1,ham,NEEDS_REVIEW,,f4e1bd2d5a8b,个人对话问能否在线交易
uci_03785,Dear got train and seat mine lower seat,en,uci_sms_spam_collection_v1,ham,NEEDS_REVIEW,,85d23da448b7,个人对话说买到火车票座位
uci_03786,Let me know if you need anything else. Salad or desert or something... How many beers shall i get?,en,uci_sms_spam_collection_v1,ham,NEEDS_REVIEW,,928aa7633f68,个人对话问是否需要食物和啤酒
uci_03787,Wat r u doing?,en,uci_sms_spam_collection_v1,ham,NEEDS_REVIEW,,97bc4cab01f6,个人对话问在做什么
uci_03788,WHORE YOU ARE UNBELIEVABLE.,en,uci_sms_spam_collection_v1,ham,NEEDS_REVIEW,,f82286c004ba,个人对话指责对方不可信
uci_03789,"Want to funk up ur fone with a weekly new tone reply TONES2U 2 this text. www.ringtones.co.uk, the original n best. Tones 3GBP network operator rates apply",en,uci_sms_spam_collection_v1,spam,AD,,85bb67524ffd,铃声订阅促销发送短信获取每周新铃声属于营销广告
uci_03790,"Are you sure you don't mean ""get here, we made you hold all the weed""",en,uci_sms_spam_collection_v1,ham,NEEDS_REVIEW,,1aecce5580d8,个人对话关于大麻的玩笑
uci_03791,"I love you !!! You know? Can you feel it? Does it make your belly warm? I wish it does, my love ... I shall meet you in your dreams, Ahmad ... *adoring kiss*",en,uci_sms_spam_collection_v1,ham,NEEDS_REVIEW,,6dbc03ba29d5,个人对话情侣间表达爱意
uci_03792,"Twinks, bears, scallies, skins and jocks are calling now. Don't miss the weekend's fun. Call 08712466669 at 10p/min. 2 stop texts call 08712460324(nat rate)",en,uci_sms_spam_collection_v1,spam,HARASS,,0e06d5d10b01,成人同性交友服务推广提供付费电话聊天属于骚扰广告
uci_03793,Love it! I want to flood that pretty pussy with cum...,en,uci_sms_spam_collection_v1,ham,NEEDS_REVIEW,,efbc6ba8e3bb,个人对话情侣间性暗示表达属于私人关系
uci_03794,Hey are you angry with me. Reply me dr.,en,uci_sms_spam_collection_v1,ham,NEEDS_REVIEW,,c2ca9768d179,个人对话问是否在生气
uci_03795,"Short But Cute: ""Be a good person, but dont try to prove it.."" .Gud noon....",en,uci_sms_spam_collection_v1,ham,NEEDS_REVIEW,,38f8680c2c06,转发鸡汤文关于做好人的短句
uci_03796,Also remember the beads don't come off. Ever.,en,uci_sms_spam_collection_v1,ham,NEEDS_REVIEW,,b42394f908c5,个人对话关于珠子的闲聊
uci_03797,They have a thread on the wishlist section of the forums where ppl post nitro requests. Start from the last page and collect from the bottom up.,en,uci_sms_spam_collection_v1,ham,NEEDS_REVIEW,,3992516cc119,个人对话关于游戏论坛讨论
uci_03798,For The First Time In The History 'Need' 'Comfort' And 'Luxury' Are Sold At Same Price In India..!! Onion-Rs. &lt;#&gt;  Petrol-Rs. &lt;#&gt;  Beer-Rs. &lt;#&gt;  SHESIL  &lt;#&gt;,en,uci_sms_spam_collection_v1,ham,NEEDS_REVIEW,,67cbbccc8782,转发笑话关于印度商品价格的讽刺内容
uci_03799,"Feb  &lt;#&gt;  is ""I LOVE U"" day. Send dis to all ur ""VALUED FRNDS"" evn me. If 3 comes back u'll gt married d person u luv! If u ignore dis u will lose ur luv 4 Evr",en,uci_sms_spam_collection_v1,ham,NEEDS_REVIEW,,d40cf618c5c4,转发连锁信恶作剧威胁不转发会失去爱情
uci_03800,"Actually nvm, got hella cash, we still on for  &lt;#&gt; ish?",en,uci_sms_spam_collection_v1,ham,NEEDS_REVIEW,,1c489201d100,个人对话关于有钱和约会安排
uci_03801,We tried to contact you re your reply to our offer of a Video Handset? 750 anytime any networks mins? UNLIMITED TEXT? Camcorder? Reply or call 08000930705 NOW,en,uci_sms_spam_collection_v1,spam,AD,,c104221dccbe,促销广告推广视频手机和无限短信套餐诱导回复或拨打
uci_03802,"It's ok, at least armand's still around",en,uci_sms_spam_collection_v1,ham,NEEDS_REVIEW,,0abc3c7226fe,个人对话关于某人的闲聊
uci_03803,No da. I am happy that we sit together na,en,uci_sms_spam_collection_v1,ham,NEEDS_REVIEW,,f61af63823a8,个人对话说坐在一起很开心
uci_03804,Yup song bro. No creative. Neva test quality. He said check review online.,en,uci_sms_spam_collection_v1,ham,NEEDS_REVIEW,,f217f47dd977,个人对话关于歌曲和质量的闲聊
uci_03805,"No dude, its not fake..my frnds got money, thts y i'm reffering u..if u member wit my mail link, u vl be credited  &lt;#&gt; rs and il be getiing  &lt;#&gt; rs..i can draw my acc wen it is  &lt;#&gt; rs..",en,uci_sms_spam_collection_v1,ham,NEEDS_REVIEW,,433cd7b2da70,个人对话关于推荐赚钱的可疑信息但语境为个人聊天
uci_03806,Dude while were makin those weirdy brownies my sister made awesome cookies. I took pics.,en,uci_sms_spam_collection_v1,ham,NEEDS_REVIEW,,2655ba9158ef,个人对话关于饼干和蛋糕的闲聊
uci_03807,URGENT! We are trying to contact you. Last weekends draw shows that you have won a ¡ê900 prize GUARANTEED. Call 09061701851. Claim code K61. Valid 12hours only,en,uci_sms_spam_collection_v1,spam,FRAUD,,b7acb67e30ce,虚假中奖声称赢得900英镑奖品提供领取代码诱导拨打付费电话
uci_03808,Pls dont restrict her from eating anythin she likes for the next two days.,en,uci_sms_spam_collection_v1,ham,NEEDS_REVIEW,,5e7e47adc786,个人对话关于饮食限制
uci_03809,Mm you ask him to come its enough :-),en,uci_sms_spam_collection_v1,ham,NEEDS_REVIEW,,d51c1b5a04d0,个人对话说够了
uci_03810,At the funeral home with Audrey and dad,en,uci_sms_spam_collection_v1,ham,NEEDS_REVIEW,,586979784a1b,个人对话说在殡仪馆
uci_03811,"Aight, can you text me the address?",en,uci_sms_spam_collection_v1,ham,NEEDS_REVIEW,,a1371a19e317,个人对话让发地址
uci_03812,Excellent! Wish we were together right now!,en,uci_sms_spam_collection_v1,ham,NEEDS_REVIEW,,e50f6e63932f,个人对话表达思念
uci_03813,Yep then is fine 7.30 or 8.30 for ice age.,en,uci_sms_spam_collection_v1,ham,NEEDS_REVIEW,,7e2af00d6c45,个人对话确认看电影时间
uci_03814,Pls i wont belive god.not only jesus.,en,uci_sms_spam_collection_v1,ham,NEEDS_REVIEW,,da8f7b026bbd,个人对话关于宗教信仰
uci_03815,Can. Dunno wat to get 4 her...,en,uci_sms_spam_collection_v1,ham,NEEDS_REVIEW,,4e2e415658f8,个人对话不确定送什么礼物
uci_03816,"Not yet chikku..k, then wat abt tht guy did he stopped irritating or msging to u..",en,uci_sms_spam_collection_v1,ham,NEEDS_REVIEW,,66993124a819,个人对话关于某人是否还在骚扰
uci_03817,How long does it take to get it.,en,uci_sms_spam_collection_v1,ham,NEEDS_REVIEW,,9a04732a38c1,个人对话问需要多久
uci_03818,This is my number by vivek..,en,uci_sms_spam_collection_v1,ham,NEEDS_REVIEW,,7c0ab126442a,个人对话分享电话号码
uci_03819,74355 XMAS iscoming & ur awarded either ¡ê500 CD gift vouchers & free entry 2 r ¡ê100 weekly draw txt MUSIC to 87066 TnC,en,uci_sms_spam_collection_v1,spam,AD,,b85f6da351f6,促销广告声称赢得CD礼品券和抽奖机会诱导发送短信参与
uci_03820,"sorry brah, just finished the last of my exams, what up",en,uci_sms_spam_collection_v1,ham,NEEDS_REVIEW,,fb7e30e29267,个人对话考试结束打招呼
uci_03821,"I got arrested for possession at, I shit you not,  &lt;TIME&gt;  pm",en,uci_sms_spam_collection_v1,ham,NEEDS_REVIEW,,9f3683839052,个人对话关于被捕的经历
uci_03822,You are right though. I can't give you the space you want and need. This is really starting to become an issue. I was going to suggest setting a definite move out--if i'm still there-- after greece. But maybe you are ready and should do it now.,en,uci_sms_spam_collection_v1,ham,NEEDS_REVIEW,,799a9ab9bfc4,个人对话关于关系问题的严肃讨论
uci_03823,Just normal only here :),en,uci_sms_spam_collection_v1,ham,NEEDS_REVIEW,,70cce1694b87,个人对话说一切正常
uci_03824,"Please protect yourself from e-threats. SIB never asks for sensitive information like Passwords,ATM/SMS PIN thru email. Never share your password with anybody.",en,uci_sms_spam_collection_v1,ham,NEEDS_REVIEW,,bac3647610b7,转发安全提示提醒不要分享密码来源不明
uci_03825,I miss you so much I'm so desparate I have recorded the message you left for me the other day and listen to it just to hear the sound of your voice. I love you,en,uci_sms_spam_collection_v1,ham,NEEDS_REVIEW,,3206f96e8f97,个人对话表达思念之情
uci_03826,Hi. I'm always online on yahoo and would like to chat with you someday,en,uci_sms_spam_collection_v1,ham,NEEDS_REVIEW,,9b032d48af34,个人对话关于在线聊天
uci_03827,"Goodmorning,my grandfather expired..so am on leave today.",en,uci_sms_spam_collection_v1,ham,NEEDS_REVIEW,,ec29c3e7b20d,个人对话告知祖父去世请假
uci_03828,Congratulations U can claim 2 VIP row A Tickets 2 C Blu in concert in November or Blu gift guaranteed Call 09061104276 to claim TS&Cs www.smsco.net cost¡ê3.75max,en,uci_sms_spam_collection_v1,spam,FRAUD,,beffe96b272c,虚假中奖促销声称赢得VIP演唱会门票或礼品诱导拨打付费电话领取
uci_03829,Where are you ? What are you doing ? Are yuou working on getting the pc to your mom's ? Did you find a spot that it would work ? I need you,en,uci_sms_spam_collection_v1,ham,NEEDS_REVIEW,,e28306ecbf9b,个人对话问在哪做什么
uci_03830,"Sure, I'll see if I can come by in a bit",en,uci_sms_spam_collection_v1,ham,NEEDS_REVIEW,,c68ff5a0df37,个人对话说待会过来
uci_03831,I agree. So i can stop thinkin about ipad. Can you please ask macho the same question.,en,uci_sms_spam_collection_v1,ham,NEEDS_REVIEW,,8e448791ba58,个人对话关于ipad和问问题的闲聊
uci_03832,Let's pool our money together and buy a bunch of lotto tickets. If we win I get &lt;#&gt; % u get &lt;#&gt; %. Deal?,en,uci_sms_spam_collection_v1,ham,NEEDS_REVIEW,,dd074a2d8d0b,个人对话关于合买彩票的玩笑
uci_03833,Ok.,en,uci_sms_spam_collection_v1,ham,NEEDS_REVIEW,,7a85f4764bbd,个人对话回复好的
uci_03834,I had askd u a question some hours before. Its answer,en,uci_sms_spam_collection_v1,ham,NEEDS_REVIEW,,29395f182076,个人对话关于之前问的问题的答案
uci_03835,Watching tv lor. Nice one then i like lor.,en,uci_sms_spam_collection_v1,ham,NEEDS_REVIEW,,cbc7ed09e6e9,个人对话关于看电视的闲聊
uci_03836,I'm thinking that chennai forgot to come for auction..,en,uci_sms_spam_collection_v1,ham,NEEDS_REVIEW,,a149898808aa,个人对话关于拍卖的闲聊
uci_03837,Then ¨¹ come n pick me at 530 ar?,en,uci_sms_spam_collection_v1,ham,NEEDS_REVIEW,,fdd4f961b84a,个人对话问是否来接
uci_03838,Early bird! Any purchases yet?,en,uci_sms_spam_collection_v1,ham,NEEDS_REVIEW,,62b83650c6a8,个人对话早上购物的闲聊
uci_03839,Went to pay rent. So i had to go to the bank to authorise the payment.,en,uci_sms_spam_collection_v1,ham,NEEDS_REVIEW,,424be1a6a5ff,个人对话关于去银行付租金
uci_03840,"Erm ¡­ ill pick you up at about 6.45pm. That'll give enough time to get there, park and that.",en,uci_sms_spam_collection_v1,ham,NEEDS_REVIEW,,6ed9d61bf62e,个人对话告知大约6:45接人
uci_03841,HEY MATE! HOWS U HONEY?DID U AVE GOOD HOLIDAY? GIMMI DE GOSS!x,en,uci_sms_spam_collection_v1,ham,NEEDS_REVIEW,,5da69a5a24be,个人对话打招呼询问假期
uci_03842,Howz pain.it will come down today.do as i said ystrday.ice and medicine.,en,uci_sms_spam_collection_v1,ham,NEEDS_REVIEW,,775ad11c0d64,个人对话关于疼痛和吃药的沟通
uci_03843,"chile, please! It's only a  &lt;DECIMAL&gt;  hour drive for me. I come down all the time and will be subletting feb-april for audition season.",en,uci_sms_spam_collection_v1,ham,NEEDS_REVIEW,,8f9ac995a08f,个人对话关于开车的闲聊
uci_03844,Yes ammae....life takes lot of turns you can only sit and try to hold the steering...,en,uci_sms_spam_collection_v1,ham,NEEDS_REVIEW,,c9f1269e3f77,个人对话关于人生感悟的安慰
uci_03845,"Yeah that's what I thought, lemme know if anything's goin on later",en,uci_sms_spam_collection_v1,ham,NEEDS_REVIEW,,34e810886450,个人对话问是否有事发生
uci_03846,Mmmm.... I cant wait to lick it!,en,uci_sms_spam_collection_v1,ham,NEEDS_REVIEW,,5527965089e8,个人对话性暗示属于私人间调情
uci_03847,Pls go there today  &lt;#&gt; . I dont want any excuses,en,uci_sms_spam_collection_v1,ham,NEEDS_REVIEW,,ac3f90ecd0a0,个人对话要求今天去某地不要借口
uci_03848,"Fantasy Football is back on your TV. Go to Sky Gamestar on Sky Active and play ¡ê250k Dream Team. Scoring starts on Saturday, so register now!SKY OPT OUT to 88088",en,uci_sms_spam_collection_v1,spam,AD,,87419287a4d0,游戏促销广告推广梦幻足球游戏并告知注册方式
uci_03849,Can you plz tell me the ans. BSLVYL sent via fullonsms.com,en,uci_sms_spam_collection_v1,ham,NEEDS_REVIEW,,83385256c2d0,个人对话让转发答案
uci_03850,U in town alone?,en,uci_sms_spam_collection_v1,ham,NEEDS_REVIEW,,b051403e82a3,个人对话问是否一个人在城里
uci_03851,I to am looking forward to all the sex cuddling.. Only two more sleeps,en,uci_sms_spam_collection_v1,ham,NEEDS_REVIEW,qa_fix_v1,70749e522f3d,[fix:adult-or-secret-admirer NEEDS_REVIEW->HARASS] 个人对话情侣间期待亲密关系 [fix:revert-ham-kisses-xxx HARASS->NEEDS_REVIEW]
uci_03852,We have all rounder:)so not required:),en,uci_sms_spam_collection_v1,ham,NEEDS_REVIEW,,ec0944faeda4,个人对话关于板球选手的闲聊
uci_03853,"No, its true..k,Do u knw dis no. &lt;#&gt; ?",en,uci_sms_spam_collection_v1,ham,NEEDS_REVIEW,,a9401a301756,个人对话关于号码的闲聊
uci_03854,"Dont worry, 1 day very big lambu ji vl come..til then enjoy batchlor party:-)",en,uci_sms_spam_collection_v1,ham,NEEDS_REVIEW,,245605607b18,个人对话关于参加聚会的安排
uci_03855,oh ya... Got hip hop open. Haha i was thinking can go for jazz then zoom to cine... Actually tonight i'm free leh... And there's a kb lesson tonight,en,uci_sms_spam_collection_v1,ham,NEEDS_REVIEW,,b07152bebdfa,个人对话关于音乐课和活动的安排
uci_03856,Free msg: Single? Find a partner in your area! 1000s of real people are waiting to chat now!Send CHAT to 62220Cncl send STOPCS 08717890890¡ê1.50 per msg,en,uci_sms_spam_collection_v1,spam,HARASS,,fd339d8d2ce7,免费交友聊天推广诱导发送短信加入付费聊天网络属于骚扰广告
uci_03857,I'm ok. Will do my part tomorrow,en,uci_sms_spam_collection_v1,ham,NEEDS_REVIEW,,673ad1883726,个人对话说明天做自己的部分
uci_03858,"No! But we found a diff farm shop to buy some cheese. On way back now, can i call in?",en,uci_sms_spam_collection_v1,ham,NEEDS_REVIEW,,5b926aab5350,个人对话关于买奶酪的闲聊
uci_03859,R u still working now?,en,uci_sms_spam_collection_v1,ham,NEEDS_REVIEW,,91a8c6a5344a,个人对话问是否还在工作
uci_03860,"Win the newest ?Harry Potter and the Order of the Phoenix (Book 5) reply HARRY, answer 5 questions - chance to be the first among readers!",en,uci_sms_spam_collection_v1,spam,AD,,f3efc9c817dd,竞赛促销声称赢得哈利波特新书诱导回复短信参与
uci_03861,Yep. I do like the pink furniture tho.,en,uci_sms_spam_collection_v1,ham,NEEDS_REVIEW,,65d9ad989459,个人对话关于家具的闲聊
uci_03862,Free Msg: Ringtone!From: http://tms. widelive.com/index. wml?id=1b6a5ecef91ff9*37819&first=true18:0430-JUL-05,en,uci_sms_spam_collection_v1,spam,AD,,e32956f58af0,免费铃声订阅促销附带网站链接属于营销广告
uci_03863,"Customer place, i wil cal u sir.",en,uci_sms_spam_collection_v1,ham,NEEDS_REVIEW,,2c3c976c7f1c,个人对话客户来电相关
uci_03864,"Oh my god! I've found your number again! I'm so glad, text me back xafter this msgs cst std ntwk chg ¡ê1.50",en,uci_sms_spam_collection_v1,spam,NEEDS_REVIEW,,2c92bf39860c,说找到了你的号码但语气像个人对话无法确定来源
uci_03865,A pure hearted person can have a wonderful smile that makes even his/her enemies to feel guilty for being an enemy.. So catch the world with your smile..:) GOODMORNING &amp; HAVE A SMILEY SUNDAY..:),en,uci_sms_spam_collection_v1,ham,NEEDS_REVIEW,,147ee422df0f,转发鸡汤文关于微笑和善意
uci_03866,"THAT?S ALRITE GIRL, U KNOW GAIL IS NEVA WRONG!!TAKE CARE SWEET AND DON?T WORRY.C U L8TR HUN!LOVE Yaxxx",en,uci_sms_spam_collection_v1,ham,NEEDS_REVIEW,,9bd22119a525,个人对话关心对方让其别担心
uci_03867,"Theoretically yeah, he could be able to come",en,uci_sms_spam_collection_v1,ham,NEEDS_REVIEW,,02433f590bcf,个人对话关于某人是否能来的讨论
uci_03868,"Alright we're hooked up, where you guys at",en,uci_sms_spam_collection_v1,ham,NEEDS_REVIEW,,0274788e5d0e,个人对话说汇合了问对方在哪
uci_03869,"not that I know of, most people up here are still out of town",en,uci_sms_spam_collection_v1,ham,NEEDS_REVIEW,,f313c993c3c0,个人对话说大多数人还在城外
uci_03870,No let me do the math. Your not good at it.,en,uci_sms_spam_collection_v1,ham,NEEDS_REVIEW,,99b84b5eb318,个人对话关于数学的玩笑
uci_03871,Oh ok wait 4 me there... My lect havent finish,en,uci_sms_spam_collection_v1,ham,NEEDS_REVIEW,,ba6c900c30db,个人对话上课还没结束让等
uci_03872,Yeah my usual guy's out of town but there're definitely people around I know,en,uci_sms_spam_collection_v1,ham,NEEDS_REVIEW,,2d522815d417,个人对话关于有人在附近的闲聊
uci_03873,I am joining today formally.Pls keep praying.will talk later.,en,uci_sms_spam_collection_v1,ham,NEEDS_REVIEW,,ac9c5236aaf2,个人对话关于入职和祈祷
uci_03874,"Happy or sad , one thing about past is- ""Its no more"" GOOD MORNING :-):-).",en,uci_sms_spam_collection_v1,ham,NEEDS_REVIEW,,0203dd138441,转发鸡汤文关于过去和早晨的感悟
uci_03875,No. Did you multimedia message them or e-mail?,en,uci_sms_spam_collection_v1,ham,NEEDS_REVIEW,,ffe1d0c0d43d,个人对话问是用彩信还是邮件发送
uci_03876,Okie but i scared u say i fat... Then u dun wan me already...,en,uci_sms_spam_collection_v1,ham,NEEDS_REVIEW,,fb0b5a08df85,个人对话担心自己太胖的担忧
uci_03877,did u get that message,en,uci_sms_spam_collection_v1,ham,NEEDS_REVIEW,,815292f29470,个人对话问是否收到消息
uci_03878,"Sorry sir, i will call you tomorrow.  senthil.hsbc",en,uci_sms_spam_collection_v1,ham,NEEDS_REVIEW,,ed756f14afbc,个人对话说明天来电署名hsbc但像是个人借用
uci_03879,What you need. You have a person to give na.,en,uci_sms_spam_collection_v1,ham,NEEDS_REVIEW,,9db66e858bf6,个人对话有人可以给予某物
uci_03880,She left it very vague. She just said she would inform the person in accounting about the delayed rent and that i should discuss with the housing agency about my renting another place. But checking online now and all places around usc are  &lt;#&gt;  and up,en,uci_sms_spam_collection_v1,ham,NEEDS_REVIEW,,f80d6ab5db2e,个人对话关于房租和找房的详细讨论
uci_03881,Hi juan. Im coming home on fri hey. Of course i expect a welcome party and lots of presents. Ill phone u when i get back. Loads of love nicky x x x x x x x x x,en,uci_sms_spam_collection_v1,ham,NEEDS_REVIEW,,19a13673dc68,个人对话关于回家和生日派对的期待
uci_03882,Can you plz tell me the ans. BSLVYL sent via fullonsms.com,en,uci_sms_spam_collection_v1,ham,NEEDS_REVIEW,,83385256c2d0,个人对话让转发答案
uci_03883,"Short But Cute: ""Be a good person, but dont try to prove it.."" .Gud noon....",en,uci_sms_spam_collection_v1,ham,NEEDS_REVIEW,,38f8680c2c06,转发鸡汤文关于做好人的短句
uci_03884,"Gumby's has a special where a  &lt;#&gt; "" cheese pizza is $2 so I know what we're doin tonight",en,uci_sms_spam_collection_v1,ham,NEEDS_REVIEW,,1475dd57c237,个人对话关于披萨优惠和今晚安排
uci_03885,A link to your picture has been sent. You can also use http://alto18.co.uk/wave/wave.asp?o=44345,en,uci_sms_spam_collection_v1,spam,NEEDS_REVIEW,,376bd047012f,说已发送照片附带链接无法确认来源
uci_03886,Like a personal sized or what,en,uci_sms_spam_collection_v1,ham,NEEDS_REVIEW,,34392466ace3,个人对话关于分量的询问
uci_03887,"Same, I'm at my great aunts anniversary party in tarpon springs",en,uci_sms_spam_collection_v1,ham,NEEDS_REVIEW,,f554cc1abdc4,个人对话说在参加家庭聚会
uci_03888,Cab is available.they pick up and drop at door steps.,en,uci_sms_spam_collection_v1,ham,NEEDS_REVIEW,,9b07a09cfb0e,个人对话告知出租车可用
uci_03889,ok....take care.umma to you too...,en,uci_sms_spam_collection_v1,ham,NEEDS_REVIEW,,6857380d031c,个人对话告别关心
uci_03890,Unlimited texts. Limited minutes.,en,uci_sms_spam_collection_v1,ham,NEEDS_REVIEW,,59ef482d7400,一句话关于无限短信有限分钟无法归类
uci_03891,"Double Mins & 1000 txts on Orange tariffs. Latest Motorola, SonyEricsson & Nokia with Bluetooth FREE! Call MobileUpd8 on 08000839402 or call2optout/HF8",en,uci_sms_spam_collection_v1,spam,AD,,a7544ff9c3d7,促销广告推广Orange套餐双倍分钟和免费短信诱导拨打电话
uci_03892,No problem. We will be spending a lot of quality time together...,en,uci_sms_spam_collection_v1,ham,NEEDS_REVIEW,,0eea08ee8bac,个人对话关于共度时光的表达
uci_03893,URGENT This is our 2nd attempt to contact U. Your ¡ê900 prize from YESTERDAY is still awaiting collection. To claim CALL NOW 09061702893. ACL03530150PM,en,uci_sms_spam_collection_v1,spam,FRAUD,,a3e18a015be0,虚假中奖紧急声称昨日赢得900英镑奖品诱导拨打付费电话领取
uci_03894,Have you heard from this week?,en,uci_sms_spam_collection_v1,ham,NEEDS_REVIEW,,052ed63aed03,个人对话问是否有消息
uci_03895,Dear Dave this is your final notice to collect your 4* Tenerife Holiday or #5000 CASH award! Call 09061743806 from landline. TCs SAE Box326 CW25WX 150ppm,en,uci_sms_spam_collection_v1,spam,FRAUD,,47c6e1dfa5c0,虚假中奖声称最终通知领取假期或5000英镑奖金诱导拨打付费电话
uci_03896,Yes. Last  practice,en,uci_sms_spam_collection_v1,ham,NEEDS_REVIEW,,f89f6ae683f8,个人对话关于练习的闲聊
uci_03897,tells u 2 call 09066358152 to claim ¡ê5000 prize. U have 2 enter all ur mobile & personal details @ the prompts. Careful!,en,uci_sms_spam_collection_v1,spam,FRAUD,,736021de55ad,虚假中奖声称赢得5000英镑奖品要求提供手机和个人信息领取
uci_03898,No. Thank you. You've been wonderful,en,uci_sms_spam_collection_v1,ham,NEEDS_REVIEW,,07a5439dc4c3,个人对话感谢的客气话
uci_03899,Otherwise had part time job na-tuition..,en,uci_sms_spam_collection_v1,ham,NEEDS_REVIEW,,e9d9203cb976,个人对话关于兼职和家教的闲聊
uci_03900,¨¹ mean it's confirmed... I tot they juz say oni... Ok then...,en,uci_sms_spam_collection_v1,ham,NEEDS_REVIEW,,97a205bac4dc,简短日常沟通或确认回复，属于个人闲聊
uci_03901,Okie,en,uci_sms_spam_collection_v1,ham,NEEDS_REVIEW,,a6e73a86ca9d,简短日常沟通或确认回复，属于个人闲聊
uci_03902,That depends. How would you like to be treated? :),en,uci_sms_spam_collection_v1,ham,NEEDS_REVIEW,,44e5dac1736b,个人日常安排或闲聊，涉及衣食住行
uci_03903,"Right on brah, see you later",en,uci_sms_spam_collection_v1,ham,NEEDS_REVIEW,,656c3a31448f,简短日常沟通或确认回复，属于个人闲聊
uci_03904,Waiting in e car 4 my mum lor. U leh? Reach home already?,en,uci_sms_spam_collection_v1,ham,NEEDS_REVIEW,,0188a55bb834,简短日常沟通或确认回复，属于个人闲聊
uci_03905,Your 2004 account for 07XXXXXXXXX shows 786 unredeemed points. To claim call 08719181259 Identifier code: XXXXX Expires 26.03.05,en,uci_sms_spam_collection_v1,spam,FRAUD,,d4af999f389b,虚假积分兑换通知，冒充账户有786未兑现积分，要求拨打收费电话骗取高额话费
uci_03906,Do you want a new video handset? 750 anytime any network mins? Half Price Line Rental? Camcorder? Reply or call 08000930705 for delivery tomorrow,en,uci_sms_spam_collection_v1,spam,AD,,21e9f475a132,手机服务促销广告，推广视频手机、通话分钟套餐和半价线路租赁
uci_03907,Went fast asleep dear.take care.,en,uci_sms_spam_collection_v1,ham,NEEDS_REVIEW,,a5a4b644e652,个人见面/交通安排对话，属于私人沟通
uci_03908,No that just means you have a fat head,en,uci_sms_spam_collection_v1,ham,NEEDS_REVIEW,,3891ec59add7,私人闲聊内容，无法归入业务类别
uci_03909,Sounds like a plan! Cardiff is still here and still cold! I'm sitting on the radiator!,en,uci_sms_spam_collection_v1,ham,NEEDS_REVIEW,,33bb4a4d3e10,个人见面/交通安排对话，属于私人沟通
uci_03910,Serious? What like proper tongued her,en,uci_sms_spam_collection_v1,ham,NEEDS_REVIEW,,3435194da37f,私人闲聊内容，无法归入业务类别
uci_03911,She.s good. She was wondering if you wont say hi but she.s smiling now. So how are you coping with the long distance,en,uci_sms_spam_collection_v1,ham,NEEDS_REVIEW,,80fc127438be,个人见面/交通安排对话，属于私人沟通
uci_03912,How i noe... She's in da car now... Later then c lar... I'm wearing shorts...,en,uci_sms_spam_collection_v1,ham,NEEDS_REVIEW,,d0971db7f6e2,简短日常沟通或确认回复，属于个人闲聊
uci_03913,You have an important customer service announcement. Call FREEPHONE 0800 542 0825 now!,en,uci_sms_spam_collection_v1,spam,FRAUD,,004b4d58694d,冒充客服紧急通知，内容模糊制造紧张感要求回拨收费电话，典型欺诈手法
uci_03914,Yeah whatever lol,en,uci_sms_spam_collection_v1,ham,NEEDS_REVIEW,,5372416ac663,个人玩笑/幽默对话，属于私人闲聊
uci_03915,Today is ACCEPT DAY..U Accept me as? Brother Sister Lover Dear1 Best1 Clos1 Lvblefrnd Jstfrnd Cutefrnd Lifpartnr Belovd Swtheart Bstfrnd No rply means enemy,en,uci_sms_spam_collection_v1,ham,NEEDS_REVIEW,,43dcff411bd8,私人暧昧/情感对话，属于个人交流范畴
uci_03916,Ard 530 lor. I ok then message ¨¹ lor.,en,uci_sms_spam_collection_v1,ham,NEEDS_REVIEW,,78fbdb9528c6,简短日常沟通或确认回复，属于个人闲聊
uci_03917,Ok. C u then.,en,uci_sms_spam_collection_v1,ham,NEEDS_REVIEW,,4074b95bd9a8,简短日常沟通或确认回复，属于个人闲聊
uci_03918,Eh ur laptop got no stock lei... He say mon muz come again to take a look c got a not...,en,uci_sms_spam_collection_v1,ham,NEEDS_REVIEW,,10b43c9767d0,简短日常沟通或确认回复，属于个人闲聊
uci_03919,No need to ke qi... ¨¹ too bored izzit y suddenly thk of this...,en,uci_sms_spam_collection_v1,ham,NEEDS_REVIEW,,383f1f01d514,日常问候或打招呼，属于个人沟通
uci_03920,I wish! I don't think its gonna snow that much. But it will be more than those flurries we usually get that melt before they hit the ground. Eek! We haven't had snow since &lt;#&gt; before I was even born!,en,uci_sms_spam_collection_v1,ham,NEEDS_REVIEW,,e86a2e0cd3bb,个人见面/交通安排对话，属于私人沟通
uci_03921,FREE>Ringtone! Reply REAL or POLY eg REAL1 1. PushButton 2. DontCha 3. BabyGoodbye 4. GoldDigger 5. WeBeBurnin 1st tone FREE and 6 more when u join for ¡ê3/wk,en,uci_sms_spam_collection_v1,spam,AD,,4d28b7ce5508,铃声订阅广告，以免费铃声吸引订阅，后续每周收费3英镑
uci_03922,"Do 1 thing! Change that sentence into: ""Because i want 2 concentrate in my educational career im leaving here..""",en,uci_sms_spam_collection_v1,ham,NEEDS_REVIEW,,799ea697ddc4,个人见面/交通安排对话，属于私人沟通
uci_03923,"Oh really? perform, write a paper, go to a movie AND be home by midnight, huh?",en,uci_sms_spam_collection_v1,ham,NEEDS_REVIEW,,0c989b817081,简短日常沟通或确认回复，属于个人闲聊
uci_03924,Okay lor... Will they still let us go a not ah? Coz they will not know until later. We drop our cards into the box right?,en,uci_sms_spam_collection_v1,ham,NEEDS_REVIEW,,268409cd511d,简短日常沟通或确认回复，属于个人闲聊
uci_03925,How? Izzit still raining?,en,uci_sms_spam_collection_v1,ham,NEEDS_REVIEW,,a4c8202ad55a,天气话题闲聊，属于个人对话
uci_03926,As if i wasn't having enough trouble sleeping.,en,uci_sms_spam_collection_v1,ham,NEEDS_REVIEW,,73a972f20b36,私人闲聊内容，无法归入业务类别
uci_03927,I havent add ¨¹ yet right..,en,uci_sms_spam_collection_v1,ham,NEEDS_REVIEW,,440d4f67c722,私人闲聊内容，无法归入业务类别
uci_03928,Lol ... I really need to remember to eat when I'm drinking but I do appreciate you keeping me company that night babe *smiles*,en,uci_sms_spam_collection_v1,ham,NEEDS_REVIEW,,2d178ddb7855,私人暧昧/情感对话，属于个人交流范畴
uci_03929,Babe ? I lost you ... Will you try rebooting ?,en,uci_sms_spam_collection_v1,ham,NEEDS_REVIEW,,5655346246c5,私人暧昧/情感对话，属于个人交流范畴
uci_03930,Yes. Nigh you cant aha.,en,uci_sms_spam_collection_v1,ham,NEEDS_REVIEW,,4c605248541a,私人闲聊内容，无法归入业务类别
uci_03931,I thk ¨¹ gotta go home by urself. Cos i'll b going out shopping 4 my frens present.,en,uci_sms_spam_collection_v1,ham,NEEDS_REVIEW,,5f002bd5db3c,个人见面/交通安排对话，属于私人沟通
uci_03932,Nooooooo I'm gonna be bored to death all day. Cable and internet outage.,en,uci_sms_spam_collection_v1,ham,NEEDS_REVIEW,,db5413f82644,个人见面/交通安排对话，属于私人沟通
uci_03933,Sos! Any amount i can get pls.,en,uci_sms_spam_collection_v1,ham,NEEDS_REVIEW,,28f5f2698d1e,私人闲聊内容，无法归入业务类别
uci_03934,"Playin space poker, u?",en,uci_sms_spam_collection_v1,ham,NEEDS_REVIEW,,67793f1b7bb7,简短日常沟通或确认回复，属于个人闲聊
uci_03935,How come guoyang go n tell her? Then u told her?,en,uci_sms_spam_collection_v1,ham,NEEDS_REVIEW,,914cd615447c,个人见面/交通安排对话，属于私人沟通
uci_03936,You need to get up. Now.,en,uci_sms_spam_collection_v1,ham,NEEDS_REVIEW,,cee663400d9b,个人情感表达或心理状态分享，属于私人对话
uci_03937,They r giving a second chance to rahul dengra.,en,uci_sms_spam_collection_v1,ham,NEEDS_REVIEW,,b8f8422e3153,日常问候或打招呼，属于个人沟通
uci_03938,"Yeah, in fact he just asked if we needed anything like an hour ago. When and how much?",en,uci_sms_spam_collection_v1,ham,NEEDS_REVIEW,,bb602250f2d4,简短日常沟通或确认回复，属于个人闲聊
uci_03939,WHEN THE FIRST STRIKE IS A RED ONE. THE BIRD + ANTELOPE BEGIN TOPLAY IN THE FIELDOF SELFINDEPENDENCE BELIEVE THIS + THE FLOWER OF CONTENTION WILL GROW.RANDOM!,en,uci_sms_spam_collection_v1,ham,NEEDS_REVIEW,,1a6409e3dc3c,日常问候或打招呼，属于个人沟通
uci_03940,Y ¨¹ wan to go there? C doctor?,en,uci_sms_spam_collection_v1,ham,NEEDS_REVIEW,,54539930bbf3,个人见面/交通安排对话，属于私人沟通
uci_03941,Does daddy have a bb now.,en,uci_sms_spam_collection_v1,ham,NEEDS_REVIEW,,dcdbc39ffb0c,家庭朋友间的私人对话
uci_03942,"Free Msg: get Gnarls Barkleys ""Crazy"" ringtone TOTALLY FREE just reply GO to this message right now!",en,uci_sms_spam_collection_v1,spam,AD,,5bfb67435f50,免费铃声广告，要求回复GO获取铃声，订阅收费
uci_03943,She's borderline but yeah whatever.,en,uci_sms_spam_collection_v1,ham,NEEDS_REVIEW,,1aef533148f1,简短日常沟通或确认回复，属于个人闲聊
uci_03944,I got a call from a landline number. . . I am asked to come to anna nagar . . . I will go in the afternoon,en,uci_sms_spam_collection_v1,ham,NEEDS_REVIEW,,fef42753f434,个人见面/交通安排对话，属于私人沟通
uci_03945,"Until 545 lor... Ya, can go 4 dinner together...",en,uci_sms_spam_collection_v1,ham,NEEDS_REVIEW,,dd1020dee910,简短日常沟通或确认回复，属于个人闲聊
uci_03946,I will be gentle princess! We will make sweet gentle love...,en,uci_sms_spam_collection_v1,ham,NEEDS_REVIEW,,07e5bac5dd5e,私人暧昧/情感对话，属于个人交流范畴
uci_03947,How u doin baby girl ?? hope u are okay every time I call ure phone is off! I miss u get in touch,en,uci_sms_spam_collection_v1,ham,NEEDS_REVIEW,,a72ae128af60,私人暧昧/情感对话，属于个人交流范畴
uci_03948,"Sorry, went to bed early, nightnight",en,uci_sms_spam_collection_v1,ham,NEEDS_REVIEW,,c69a59bb0da9,简短日常沟通或确认回复，属于个人闲聊
uci_03949,I like to think there's always the possibility of being in a pub later.,en,uci_sms_spam_collection_v1,ham,NEEDS_REVIEW,,b2c0e2ba9908,简短日常沟通或确认回复，属于个人闲聊
uci_03950,HMM yeah if your not too grooved out! And im looking forward to my pound special :),en,uci_sms_spam_collection_v1,ham,NEEDS_REVIEW,,dbccef36418a,简短日常沟通或确认回复，属于个人闲聊
uci_03951,I got to video tape pple type in message lor. U so free wan 2 help me? Hee... Cos i noe u wan 2 watch infernal affairs so ask u along. Asking shuhui oso.,en,uci_sms_spam_collection_v1,ham,NEEDS_REVIEW,,bfdcbd027470,简短日常沟通或确认回复，属于个人闲聊
uci_03952,Hi dude hw r u da realy mising u today,en,uci_sms_spam_collection_v1,ham,NEEDS_REVIEW,,c47643707310,日常问候或打招呼，属于个人沟通
uci_03953,Me hungry buy some food good lei... But mum n yun dun wan juz buy a little bit...,en,uci_sms_spam_collection_v1,ham,NEEDS_REVIEW,,327a27018a43,个人见面/交通安排对话，属于私人沟通
uci_03954,Refused a loan? Secured or Unsecured? Can't get credit? Call free now 0800 195 6669 or text back 'help' & we will!,en,uci_sms_spam_collection_v1,spam,AD,,2bc7d9714e1e,贷款服务广告，推广无担保贷款和信用不良者贷款
uci_03955,I probably won't eat at all today. I think I'm gonna pop. How was your weekend? Did u miss me?,en,uci_sms_spam_collection_v1,ham,NEEDS_REVIEW,,e38fab82de82,私人暧昧/情感对话，属于个人交流范畴
uci_03956,I knew it... U slept v late yest? Wake up so late...,en,uci_sms_spam_collection_v1,ham,NEEDS_REVIEW,,a24ac5aca72e,私人闲聊内容，无法归入业务类别
uci_03957,Haha... dont be angry with yourself... Take it as a practice for the real thing. =),en,uci_sms_spam_collection_v1,ham,NEEDS_REVIEW,,9872f45c301e,个人玩笑/幽默对话，属于私人闲聊
uci_03958,Where is that one day training:-),en,uci_sms_spam_collection_v1,ham,NEEDS_REVIEW,,f9589ecf11ed,个人见面/交通安排对话，属于私人沟通
uci_03959,So i could kiss and feel you next to me...,en,uci_sms_spam_collection_v1,ham,NEEDS_REVIEW,,e8c56e94c1ff,私人暧昧/情感对话，属于个人交流范畴
uci_03960,Have a nice day my dear.,en,uci_sms_spam_collection_v1,ham,NEEDS_REVIEW,,58b3e463e2c7,私人闲聊内容，无法归入业务类别
uci_03961,I sent lanre fakeye's Eckankar details to the mail box,en,uci_sms_spam_collection_v1,ham,NEEDS_REVIEW,,fbbef98a0ad5,私人闲聊内容，无法归入业务类别
uci_03962,Your dad is back in ph?,en,uci_sms_spam_collection_v1,ham,NEEDS_REVIEW,,96d11ce7e6f7,家庭朋友间的私人对话
uci_03963,"You have been specially selected to receive a ""3000 award! Call 08712402050 BEFORE the lines close. Cost 10ppm. 16+. T&Cs apply. AG Promo",en,uci_sms_spam_collection_v1,spam,FRAUD,,be719f437845,虚假中奖通知，声称被选中获得3000英镑奖励，要求拨打收费电话领奖骗取话费
uci_03964,If you ask her or she say any please message.,en,uci_sms_spam_collection_v1,ham,NEEDS_REVIEW,,e830aca07ad4,个人通信安排或闲聊
uci_03965,"If e timing can, then i go w u lor...",en,uci_sms_spam_collection_v1,ham,NEEDS_REVIEW,,448068da83a5,简短日常沟通或确认回复，属于个人闲聊
uci_03966,Love you aathi..love u lot..,en,uci_sms_spam_collection_v1,ham,NEEDS_REVIEW,,2b5eb7b6cae1,私人暧昧/情感对话，属于个人交流范畴
uci_03967,I was just callin to say hi. Take care bruv!,en,uci_sms_spam_collection_v1,ham,NEEDS_REVIEW,,f3932fd4151c,个人见面/交通安排对话，属于私人沟通
uci_03968,YOU HAVE WON! As a valued Vodafone customer our computer has picked YOU to win a ¡ê150 prize. To collect is easy. Just call 09061743386,en,uci_sms_spam_collection_v1,spam,FRAUD,,cc780a50040b,冒充Vodafone虚假中奖通知，声称电脑抽中赢得150英镑奖金，要求拨打电话领取
uci_03969,Did u turn on the heater? The heater was on and set to &lt;#&gt; degrees.,en,uci_sms_spam_collection_v1,ham,NEEDS_REVIEW,,09f218edc9b8,个人日常安排或闲聊，涉及衣食住行
uci_03970,Thanks for your message. I really appreciate your sacrifice. I'm not sure of the process of direct pay but will find out on my way back from the test tomorrow. I'm in class now. Do have a wonderful day.,en,uci_sms_spam_collection_v1,ham,NEEDS_REVIEW,,2481683e748d,简短日常沟通或确认回复，属于个人闲聊
uci_03971,"That's the trouble with classes that go well - you're due a dodgey one ¡­ Expecting mine tomo! See you for recovery, same time, same place",en,uci_sms_spam_collection_v1,ham,NEEDS_REVIEW,,ced3aebe0021,个人见面/交通安排对话，属于私人沟通
uci_03972,Free video camera phones with Half Price line rental for 12 mths and 500 cross ntwk mins 100 txts. Call MobileUpd8 08001950382 or Call2OptOut/674&,en,uci_sms_spam_collection_v1,spam,AD,,817afd5c92e7,手机服务促销广告，推广免费视频手机、通话分钟和短信套餐
uci_03973,WOT U UP 2 J?,en,uci_sms_spam_collection_v1,ham,NEEDS_REVIEW,,8c9e87fa63ce,私人闲聊内容，无法归入业务类别
uci_03974,"Night night, see you tomorrow",en,uci_sms_spam_collection_v1,ham,NEEDS_REVIEW,,92cb0dc65187,简短日常沟通或确认回复，属于个人闲聊
uci_03975,Roger that. We¡®re probably going to rem in about 20,en,uci_sms_spam_collection_v1,ham,NEEDS_REVIEW,,59d508776b26,个人见面/交通安排对话，属于私人沟通
uci_03976,do u think that any girl will propose u today by seing ur bloody funky shit fucking face...............asssssholeeee................,en,uci_sms_spam_collection_v1,ham,NEEDS_REVIEW,,c8f99b945fda,私人暧昧/情感对话，属于个人交流范畴
uci_03977,I wish u were here. I feel so alone,en,uci_sms_spam_collection_v1,ham,NEEDS_REVIEW,,ffb2b99c0cf3,个人情感表达或心理状态分享，属于私人对话
uci_03978,Great NEW Offer - DOUBLE Mins & DOUBLE Txt on best Orange tariffs AND get latest camera phones 4 FREE! Call MobileUpd8 free on 08000839402 NOW! or 2stoptxt T&Cs,en,uci_sms_spam_collection_v1,spam,AD,,88063754637f,Orange套餐促销广告，推广双倍分钟数双倍短信和免费手机
uci_03979,Reason is if the team budget is available at last they buy the unsold players for at base rate..,en,uci_sms_spam_collection_v1,ham,NEEDS_REVIEW,,5c5a61376a07,日常问候或打招呼，属于个人沟通
uci_03980,CERI U REBEL! SWEET DREAMZ ME LITTLE BUDDY!! C YA 2MORO! WHO NEEDS BLOKES,en,uci_sms_spam_collection_v1,ham,NEEDS_REVIEW,,7cc1bd1cda96,简短日常沟通或确认回复，属于个人闲聊
uci_03981,ringtoneking 84484,en,uci_sms_spam_collection_v1,spam,AD,,84dae4aefac7,铃声服务广告，推广订阅铃声服务
uci_03982,Huh i cant thk of more oredi how many pages do we have?,en,uci_sms_spam_collection_v1,ham,NEEDS_REVIEW,,ac2d1202f087,私人闲聊内容，无法归入业务类别
uci_03983,His frens go then he in lor. Not alone wif my mum n sis lor.,en,uci_sms_spam_collection_v1,ham,NEEDS_REVIEW,,9ceb22d7de74,简短日常沟通或确认回复，属于个人闲聊
uci_03984,Nationwide auto centre (or something like that) on Newport road. I liked them there,en,uci_sms_spam_collection_v1,ham,NEEDS_REVIEW,,b48820c2fc23,日常问候或打招呼，属于个人沟通
uci_03985,"Hey, I missed you tm of last night as my phone was on the charge ... *smiles* ... I am meeting a friend shortly",en,uci_sms_spam_collection_v1,ham,NEEDS_REVIEW,,21f77b7483a7,私人暧昧/情感对话，属于个人交流范畴
uci_03986,"Whatever, juliana. Do whatever you want.",en,uci_sms_spam_collection_v1,ham,NEEDS_REVIEW,,26f5bfa2455c,个人情感表达或心理状态分享，属于私人对话
uci_03987,"Friendship is not a game to play, It is not a word to say, It doesn\'t start on March and ends on May, It is tomorrow, yesterday, today and e",en,uci_sms_spam_collection_v1,ham,NEEDS_REVIEW,,3f2a8eb59232,简短日常沟通或确认回复，属于个人闲聊
uci_03988,Ringtone Club: Gr8 new polys direct to your mobile every week !,en,uci_sms_spam_collection_v1,spam,AD,,53050760424f,铃声俱乐部广告，推广每周直接发送铃声订阅服务
uci_03989,"Hello. Sort of out in town already. That . So dont rush home, I am eating nachos. Will let you know eta.",en,uci_sms_spam_collection_v1,ham,NEEDS_REVIEW,,773e472864f7,个人见面/交通安排对话，属于私人沟通
uci_03990,Ok lor. Anyway i thk we cant get tickets now cos like quite late already. U wan 2 go look 4 ur frens a not? Darren is wif them now...,en,uci_sms_spam_collection_v1,ham,NEEDS_REVIEW,,a2113351b574,简短日常沟通或确认回复，属于个人闲聊
uci_03991,(Bank of Granite issues Strong-Buy) EXPLOSIVE PICK FOR OUR MEMBERS *****UP OVER 300% *********** Nasdaq Symbol CDGT That is a $5.00 per..,en,uci_sms_spam_collection_v1,spam,AD,,06a8cd96a8bb,股票投资广告，推广投资建议服务，声称股票上涨300%以上
uci_03992,I am on the way to ur home,en,uci_sms_spam_collection_v1,ham,NEEDS_REVIEW,,98567d786fb4,个人见面/交通安排对话，属于私人沟通
uci_03993,"Dizzamn, aight I'll ask my suitemates when I get back",en,uci_sms_spam_collection_v1,ham,NEEDS_REVIEW,,0cbb2a5db9b8,简短日常沟通或确认回复，属于个人闲聊
uci_03994,"Nimbomsons. Yep phone knows that one. Obviously, cos thats a real word",en,uci_sms_spam_collection_v1,ham,NEEDS_REVIEW,,79787ef6724c,简短日常沟通或确认回复，属于个人闲聊
uci_03995,I love to cuddle! I want to hold you in my strong arms right now...,en,uci_sms_spam_collection_v1,ham,NEEDS_REVIEW,,2543a9b8a173,私人暧昧/情感对话，属于个人交流范畴
uci_03996,R u in this continent?,en,uci_sms_spam_collection_v1,ham,NEEDS_REVIEW,,c967c9842de6,日常问候或打招呼，属于个人沟通
uci_03997,We'll you pay over like  &lt;#&gt; yrs so its not too difficult,en,uci_sms_spam_collection_v1,ham,NEEDS_REVIEW,,0547683aa991,私人闲聊内容，无法归入业务类别
uci_03998,Bored housewives! Chat n date now! 0871750.77.11! BT-national rate 10p/min only from landlines!,en,uci_sms_spam_collection_v1,spam,AD,,aa1405cd5cb0,成人聊天约会服务广告，推广按分钟收费的交友服务
uci_03999,We tried to call you re your reply to our sms for a video mobile 750 mins UNLIMITED TEXT free camcorder Reply or call now 08000930705 Del Thurs,en,uci_sms_spam_collection_v1,spam,AD,,2a15a35b8633,手机促销广告，推广免费通话分钟和免费摄像机
uci_04000,K...k...when will you give treat?,en,uci_sms_spam_collection_v1,ham,NEEDS_REVIEW,,22639469056f,个人日常安排或闲聊，涉及衣食住行
uci_04001,"This is the 2nd time we have tried to contact u. U have won the ¡ê400 prize. 2 claim is easy, just call 087104711148 NOW! Only 10p per minute. BT-national-rate",en,uci_sms_spam_collection_v1,spam,FRAUD,,51542efe4033,虚假中奖通知，声称已赢得400英镑奖品，要求拨打收费电话领取骗取话费
uci_04002,He's just gonna worry for nothing. And he won't give you money its no use.,en,uci_sms_spam_collection_v1,ham,NEEDS_REVIEW,,49781976988c,个人见面/交通安排对话，属于私人沟通
uci_04003,Did you get any gift? This year i didnt get anything. So bad,en,uci_sms_spam_collection_v1,ham,NEEDS_REVIEW,,f999a5bbb0d2,日常问候或打招呼，属于个人沟通
uci_04004,somewhere out there beneath the pale moon light someone think in of u some where out there where dreams come true... goodnite &amp; sweet dreams,en,uci_sms_spam_collection_v1,ham,NEEDS_REVIEW,,eca9d8a0d507,个人见面/交通安排对话，属于私人沟通
uci_04005,Well there's a pattern emerging of my friends telling me to drive up and come smoke with them and then telling me that I'm a weed fiend/make them smoke too much/impede their doing other things so you see how I'm hesitant,en,uci_sms_spam_collection_v1,ham,NEEDS_REVIEW,,ea18b27de46b,简短日常沟通或确认回复，属于个人闲聊
uci_04006,", ow u dey.i paid 60,400thousad.i told  u would call .",en,uci_sms_spam_collection_v1,ham,NEEDS_REVIEW,,cac71a37aebc,个人情感表达或心理状态分享，属于私人对话
uci_04007,IM FINE BABES AINT BEEN UP 2 MUCH THO! SAW SCARY MOVIE YEST ITS QUITE FUNNY! WANT 2MRW AFTERNOON? AT TOWN OR MALL OR SUMTHIN?xx,en,uci_sms_spam_collection_v1,ham,NEEDS_REVIEW,,2421b92c477b,私人暧昧/情感对话，属于个人交流范畴
uci_04008,I'm reaching home in 5 min.,en,uci_sms_spam_collection_v1,ham,NEEDS_REVIEW,,7c79e8126c30,个人见面/交通安排对话，属于私人沟通
uci_04009,"Forgot you were working today! Wanna chat, but things are ok so drop me a text when you're free / bored etc and i'll ring. Hope all is well, nose essay and all xx",en,uci_sms_spam_collection_v1,ham,NEEDS_REVIEW,,6ceca7d73ace,简短日常沟通或确认回复，属于个人闲聊
uci_04010,Ha... Then we must walk to everywhere... Cannot take tram. My cousin said can walk to vic market from our hotel,en,uci_sms_spam_collection_v1,ham,NEEDS_REVIEW,,88e22383e187,私人闲聊内容，无法归入业务类别
uci_04011,"Wan2 win a Meet+Greet with Westlife 4 U or a m8? They are currently on what tour? 1)Unbreakable, 2)Untamed, 3)Unkempt. Text 1,2 or 3 to 83049. Cost 50p +std text",en,uci_sms_spam_collection_v1,spam,AD,,b1f1a92b189d,娱乐竞猜广告，推广Westlife见面会竞猜活动，按条收费
uci_04012,Please call our customer service representative on FREEPHONE 0808 145 4742 between 9am-11pm as you have WON a guaranteed ¡ê1000 cash or ¡ê5000 prize!,en,uci_sms_spam_collection_v1,spam,FRAUD,,80204a8f2287,虚假客服中奖通知，声称中奖1000英镑现金或5000英镑奖品，要求回拨收费电话
uci_04013,Discussed with your mother ah?,en,uci_sms_spam_collection_v1,ham,NEEDS_REVIEW,,31f0948f8e58,私人闲聊内容，无法归入业务类别
uci_04014,Ok.,en,uci_sms_spam_collection_v1,ham,NEEDS_REVIEW,,7a85f4764bbd,简短日常沟通或确认回复，属于个人闲聊
uci_04015,"Sorry, I can't text &amp; drive coherently, see you in twenty",en,uci_sms_spam_collection_v1,ham,NEEDS_REVIEW,,161a9434a997,个人通信安排或闲聊
uci_04016,You will be receiving this week's Triple Echo ringtone shortly. Enjoy it!,en,uci_sms_spam_collection_v1,spam,AD,,1cc0159907de,铃声订阅服务通知，告知将发送铃声并要求付费
uci_04017,In which place i can get rooms cheap:-),en,uci_sms_spam_collection_v1,ham,NEEDS_REVIEW,,13fe9462ba70,日常问候或打招呼，属于个人沟通
uci_04018,Eek that's a lot of time especially since American Pie is like 8 minutes long. I can't stop singing it.,en,uci_sms_spam_collection_v1,ham,NEEDS_REVIEW,,720307cb48d7,私人闲聊内容，无法归入业务类别
uci_04019,"""GRAN ONLYFOUND OUT AFEW DAYS AGO.CUSOON HONI""",en,uci_sms_spam_collection_v1,ham,NEEDS_REVIEW,,0e0866849b80,简短日常沟通或确认回复，属于个人闲聊
uci_04020,"U've been selected to stay in 1 of 250 top British hotels - FOR NOTHING! Holiday valued at ¡ê350! Dial 08712300220 to claim - National Rate Call. Bx526, SW73SS",en,uci_sms_spam_collection_v1,spam,FRAUD,,549b3954be15,虚假免费酒店住宿通知，声称赢得价值350英镑假期，需拨打收费电话申领
uci_04021,University of southern california.,en,uci_sms_spam_collection_v1,ham,NEEDS_REVIEW,,5d349b6edec7,私人闲聊内容，无法归入业务类别
uci_04022,We have to pick rayan macleran there.,en,uci_sms_spam_collection_v1,ham,NEEDS_REVIEW,,d83fb01d9f9d,个人见面/交通安排对话，属于私人沟通
uci_04023,U gd lor go shopping i got stuff to do. U wan 2 watch infernal affairs a not? Come lar...,en,uci_sms_spam_collection_v1,ham,NEEDS_REVIEW,,8f346016d32c,简短日常沟通或确认回复，属于个人闲聊
uci_04024,Well. Balls. Time to make calls,en,uci_sms_spam_collection_v1,ham,NEEDS_REVIEW,,2756c152ae99,个人通信安排或闲聊
uci_04025,Wat time ¨¹ wan today?,en,uci_sms_spam_collection_v1,ham,NEEDS_REVIEW,,9469eb04a6d6,私人闲聊内容，无法归入业务类别
uci_04026,&lt;#&gt;  in mca. But not conform.,en,uci_sms_spam_collection_v1,ham,NEEDS_REVIEW,,b5d70316a000,私人闲聊内容，无法归入业务类别
uci_04027,Oh ok.. Wat's ur email?,en,uci_sms_spam_collection_v1,ham,NEEDS_REVIEW,,a5b4d427d92c,简短日常沟通或确认回复，属于个人闲聊
uci_04028,"Yes, princess. Are you going to make me moan?",en,uci_sms_spam_collection_v1,ham,NEEDS_REVIEW,,95889d809d41,私人暧昧/情感对话，属于个人交流范畴
uci_04029,Lol its ok I didn't remember til last nite,en,uci_sms_spam_collection_v1,ham,NEEDS_REVIEW,,6a519943d739,个人玩笑/幽默对话，属于私人闲聊
uci_04030,"[¡­] anyway, many good evenings to u! s",en,uci_sms_spam_collection_v1,ham,NEEDS_REVIEW,,11cc3cbed926,个人见面/交通安排对话，属于私人沟通
uci_04031,"Cool, I'll text you in a few",en,uci_sms_spam_collection_v1,ham,NEEDS_REVIEW,,9e98f451890c,简短日常沟通或确认回复，属于个人闲聊
uci_04032,"Sorry vikky, i'm Watching olave mandara movie kano in trishul theatre wit my frnds..",en,uci_sms_spam_collection_v1,ham,NEEDS_REVIEW,,eb5d659463ad,个人日常安排或闲聊，涉及衣食住行
uci_04033,I'm very happy for you babe ! Woo hoo party on dude!,en,uci_sms_spam_collection_v1,ham,NEEDS_REVIEW,,4b8c26dc95b0,私人暧昧/情感对话，属于个人交流范畴
uci_04034,I am taking you for italian food. How about a pretty dress with no panties? :),en,uci_sms_spam_collection_v1,ham,NEEDS_REVIEW,,b3f0e752569e,私人暧昧/情感对话，属于个人交流范畴
uci_04035,Wot u up 2? Thout u were gonna call me!! Txt bak luv K,en,uci_sms_spam_collection_v1,ham,NEEDS_REVIEW,,3cce83d956f2,个人见面/交通安排对话，属于私人沟通
uci_04036,YOU ARE CHOSEN TO RECEIVE A ¡ê350 AWARD! Pls call claim number 09066364311 to collect your award which you are selected to receive as a valued mobile customer.,en,uci_sms_spam_collection_v1,spam,FRAUD,,c772ba1a73b9,虚假中奖通知，要求拨打获奖电话领取350英镑奖金，骗取高额话费
uci_04037,How are you holding up?,en,uci_sms_spam_collection_v1,ham,NEEDS_REVIEW,,27bc2c16274c,私人闲聊内容，无法归入业务类别
uci_04038,Dont flatter yourself... Tell that man of mine two pints of carlin in ten minutes please....,en,uci_sms_spam_collection_v1,ham,NEEDS_REVIEW,,d7fcfe261878,个人见面/交通安排对话，属于私人沟通
uci_04039,Hope you are not scared!,en,uci_sms_spam_collection_v1,ham,NEEDS_REVIEW,,fdbd70b2727d,个人见面/交通安排对话，属于私人沟通
uci_04040,I cant pick the phone right now. Pls send a message,en,uci_sms_spam_collection_v1,ham,NEEDS_REVIEW,,ea4561f1db70,个人见面/交通安排对话，属于私人沟通
uci_04041,I'm at home n ready...,en,uci_sms_spam_collection_v1,ham,NEEDS_REVIEW,,640ce357b51b,个人见面/交通安排对话，属于私人沟通
uci_04042,Please call our customer service representative on FREEPHONE 0808 145 4742 between 9am-11pm as you have WON a guaranteed ¡ê1000 cash or ¡ê5000 prize!,en,uci_sms_spam_collection_v1,spam,FRAUD,,80204a8f2287,同上虚假客服中奖通知，声称中奖要求回拨领取，典型诈骗手法
uci_04043,What time do u get out?,en,uci_sms_spam_collection_v1,ham,NEEDS_REVIEW,,726b70cfd7c9,私人闲聊内容，无法归入业务类别
uci_04044,I am literally in bed and have been up for like  &lt;#&gt;  hours,en,uci_sms_spam_collection_v1,ham,NEEDS_REVIEW,,61845c9c2bf7,私人闲聊内容，无法归入业务类别
uci_04045,"Yes, my reg is  Ciao!",en,uci_sms_spam_collection_v1,ham,NEEDS_REVIEW,,906cb879b1d2,私人闲聊内容，无法归入业务类别
uci_04046,If You mean the website. Yes.,en,uci_sms_spam_collection_v1,ham,NEEDS_REVIEW,,41e936159c93,私人闲聊内容，无法归入业务类别
uci_04047,Win a ¡ê1000 cash prize or a prize worth ¡ê5000,en,uci_sms_spam_collection_v1,spam,FRAUD,,27a95d9b4125,虚假中奖通知，声称赢得1000或5000英镑，骗取回拨电话费
uci_04048,"Thanks for your ringtone order, reference number X49.Your mobile will be charged 4.50. Should your tone not arrive please call customer services 09065989182",en,uci_sms_spam_collection_v1,spam,AD,,bd86a6d87cbc,铃声订购服务通知，告知已下订单并将收取4.50英镑费用
uci_04049,Lol or I could just starve and lose a pound by the end of the day.,en,uci_sms_spam_collection_v1,ham,NEEDS_REVIEW,,eecd0d40966c,个人玩笑/幽默对话，属于私人闲聊
uci_04050,Yeah that's the impression I got,en,uci_sms_spam_collection_v1,ham,NEEDS_REVIEW,,e3b6c6b5fa40,简短日常沟通或确认回复，属于个人闲聊
uci_04051,Ok ok take care. I can understand.,en,uci_sms_spam_collection_v1,ham,NEEDS_REVIEW,,a9413114de30,简短日常沟通或确认回复，属于个人闲聊
uci_04052,"Motivate Behind every darkness, there is a shining light waiting for you to find it... Behind every best friend, there is always trust and love... BSLVYL",en,uci_sms_spam_collection_v1,ham,NEEDS_REVIEW,,54a94fb379a8,私人暧昧/情感对话，属于个人交流范畴
uci_04053,"Ya ok, then had dinner?",en,uci_sms_spam_collection_v1,ham,NEEDS_REVIEW,,ffa11a49e509,简短日常沟通或确认回复，属于个人闲聊
uci_04054,I was slept that time.you there?,en,uci_sms_spam_collection_v1,ham,NEEDS_REVIEW,,3601c2cb6568,私人闲聊内容，无法归入业务类别
uci_04055,dont make ne plans for nxt wknd coz she wants us to come down then ok,en,uci_sms_spam_collection_v1,ham,NEEDS_REVIEW,,8d1b3e7272d5,简短日常沟通或确认回复，属于个人闲聊
uci_04056,When is school starting. Where will you stay. What's the weather like. And the food. Do you have a social support system like friends in the school. All these things are important.,en,uci_sms_spam_collection_v1,ham,NEEDS_REVIEW,,1d4ae65e5a37,个人日常安排或闲聊，涉及衣食住行
uci_04057,"Ha ha nan yalrigu heltini..Iyo kothi chikku, u shared many things wit me..so far i didn't told any body and even uttered a word abt u.. If ur trusting me so much how can i tell these to others.. Plz nxt time dont use those words to me..ok, chikku:-);-)B-)",en,uci_sms_spam_collection_v1,ham,NEEDS_REVIEW,,67ebc1e74354,简短日常沟通或确认回复，属于个人闲聊
uci_04058,Noice. Text me when you're here,en,uci_sms_spam_collection_v1,ham,NEEDS_REVIEW,,f6908af716a4,个人通信安排或闲聊
uci_04059,Hi di is yijue we're meeting at 7 pm at esaplanade tonight.,en,uci_sms_spam_collection_v1,ham,NEEDS_REVIEW,,aa7ce3851893,简短日常沟通或确认回复，属于个人闲聊
uci_04060,Moby Pub Quiz.Win a ¡ê100 High Street prize if u know who the new Duchess of Cornwall will be? Txt her first name to 82277.unsub STOP ¡ê1.50 008704050406 SP,en,uci_sms_spam_collection_v1,spam,AD,,52f344271fc3,竞猜广告，推广竞猜活动赢取100英镑奖品
uci_04061,"This weeks SavaMob member offers are now accessible. Just call 08709501522 for details! SavaMob, POBOX 139, LA3 2WU. Only ¡ê1.50/week. SavaMob - offers mobile!",en,uci_sms_spam_collection_v1,spam,AD,,a54d3df71bc5,SavaMob促销广告，推广每周1.50英镑的移动优惠活动
uci_04062,"Aight I've been set free, think you could text me blake's address? It occurs to me I'm not quite as sure what I'm doing as I thought I was",en,uci_sms_spam_collection_v1,ham,NEEDS_REVIEW,,c9dd198d5dc5,简短日常沟通或确认回复，属于个人闲聊
uci_04063,Hi dear we saw dear. We both are happy. Where you my battery is low,en,uci_sms_spam_collection_v1,ham,NEEDS_REVIEW,,5c7e3fd37091,日常问候或打招呼，属于个人沟通
uci_04064,How are you. Its been ages. How's abj,en,uci_sms_spam_collection_v1,ham,NEEDS_REVIEW,,3b93bc472b4c,私人闲聊内容，无法归入业务类别
uci_04065,Prof: you have passed in all the papers in this sem congrats . . . . Student: Enna kalaachutaarama..!! Prof:???? Gud mrng!,en,uci_sms_spam_collection_v1,ham,NEEDS_REVIEW,,3aeed7ea0eef,日常问候或打招呼，属于个人沟通
uci_04066,Dont kick coco when he's down,en,uci_sms_spam_collection_v1,ham,NEEDS_REVIEW,,7eae149a04b8,私人闲聊内容，无法归入业务类别
uci_04067,Fyi I'm gonna call you sporadically starting at like  &lt;#&gt;  bc we are not not doin this shit,en,uci_sms_spam_collection_v1,ham,NEEDS_REVIEW,,e79e79d7543a,个人见面/交通安排对话，属于私人沟通
uci_04068,"You are being contacted by our Dating Service by someone you know! To find out who it is, call from your mobile or landline 09064017305 PoBox75LDNS7",en,uci_sms_spam_collection_v1,spam,HARASS,,f27802aa4cf7,交友服务骚扰，推广约会服务要求回拨收费电话确认身份
uci_04069,TBS/PERSOLVO. been chasing us since Sept for¡ê38 definitely not paying now thanks to your information. We will ignore them. Kath. Manchester.,en,uci_sms_spam_collection_v1,spam,NEEDS_REVIEW,,48611876c3ae,私人闲聊内容，无法归入业务类别
uci_04070,Hope you?re not having too much fun without me!! see u tomorrow love jess x,en,uci_sms_spam_collection_v1,ham,NEEDS_REVIEW,,3c04dd8170d7,私人暧昧/情感对话，属于个人交流范畴
uci_04071,Ok i wont call or disturb any one. I know all are avoiding me. I am a burden for all,en,uci_sms_spam_collection_v1,ham,NEEDS_REVIEW,,37d053a38680,简短日常沟通或确认回复，属于个人闲聊
uci_04072,I've reached home n i bathe liao... U can call me now...,en,uci_sms_spam_collection_v1,ham,NEEDS_REVIEW,,bd1af8c9fc59,个人见面/交通安排对话，属于私人沟通
uci_04073,Loans for any purpose even if you have Bad Credit! Tenants Welcome. Call NoWorriesLoans.com on 08717111821,en,uci_sms_spam_collection_v1,spam,NEEDS_REVIEW,,141e35129249,个人见面/交通安排对话，属于私人沟通
uci_04074,Was the actual exam harder than NBME,en,uci_sms_spam_collection_v1,ham,NEEDS_REVIEW,,79531957346a,工作学习相关个人对话，非业务通知
uci_04075,A lot of this sickness thing going round. Take it easy. Hope u feel better soon. Lol,en,uci_sms_spam_collection_v1,ham,NEEDS_REVIEW,,86c56e02a5e5,个人玩笑/幽默对话，属于私人闲聊
uci_04076,"God picked up a flower and dippeditinaDEW, lovingly touched itwhichturnedinto u, and the he gifted tomeandsaid,THIS FRIEND IS 4U",en,uci_sms_spam_collection_v1,ham,NEEDS_REVIEW,,35b751826d19,个人见面/交通安排对话，属于私人沟通
uci_04077,87077: Kick off a new season with 2wks FREE goals & news to ur mobile! Txt ur club name to 87077 eg VILLA to 87077,en,uci_sms_spam_collection_v1,spam,NEEDS_REVIEW,,15b2bc9687b0,个人见面/交通安排对话，属于私人沟通
uci_04078,Hey sathya till now we dint meet not even a single time then how can i saw the situation sathya.,en,uci_sms_spam_collection_v1,ham,NEEDS_REVIEW,,5aa1ab45e4cf,个人见面/交通安排对话，属于私人沟通
uci_04079,Gam gone after outstanding innings.,en,uci_sms_spam_collection_v1,ham,NEEDS_REVIEW,,4cb8dd34236d,个人见面/交通安排对话，属于私人沟通
uci_04080,O i played smash bros  &lt;#&gt;  religiously.,en,uci_sms_spam_collection_v1,ham,NEEDS_REVIEW,,765bc8735c3a,个人游戏/娱乐闲聊
uci_04081,"Sir, good morning. Hope you had a good weekend. I called to let you know that i was able to raise  &lt;#&gt;  from my dad. He however said he would make the rest available by mid feb. This amount is still quite short and i was hoping you would help. Do have a good day. Abiola",en,uci_sms_spam_collection_v1,ham,NEEDS_REVIEW,,69d497104ce1,个人见面/交通安排对话，属于私人沟通
uci_04082,Hurry home. Soup is DONE!,en,uci_sms_spam_collection_v1,ham,NEEDS_REVIEW,,b27d882c0f68,个人见面/交通安排对话，属于私人沟通
uci_04083,No no. I will check all rooms befor activities,en,uci_sms_spam_collection_v1,ham,NEEDS_REVIEW,,c989df5df119,私人闲聊内容，无法归入业务类别
uci_04084,"Good afternoon, my love. It was good to see your words on YM and get your tm. Very smart move, my slave ... *smiles* ... I drink my coffee and await you.",en,uci_sms_spam_collection_v1,ham,NEEDS_REVIEW,,d04518985edc,私人暧昧/情感对话，属于个人交流范畴
uci_04085,Quite ok but a bit ex... U better go eat smth now else i'll feel guilty...,en,uci_sms_spam_collection_v1,ham,NEEDS_REVIEW,,fdbe8a8b41aa,简短日常沟通或确认回复，属于个人闲聊
uci_04086,"Orange brings you ringtones from all time Chart Heroes, with a free hit each week! Go to Ringtones & Pics on wap. To stop receiving these tips reply STOP.",en,uci_sms_spam_collection_v1,spam,AD,,b7400595d9f9,Orange铃声服务广告，推广每周订阅铃声，可回复STOP退订
uci_04087,Lemme know when you're here,en,uci_sms_spam_collection_v1,ham,NEEDS_REVIEW,,99cfe9153bbb,私人闲聊内容，无法归入业务类别
uci_04088,PRIVATE! Your 2003 Account Statement for 07973788240 shows 800 un-redeemed S. I. M. points. Call 08715203649 Identifier Code: 40533 Expires 31/10/04,en,uci_sms_spam_collection_v1,spam,FRAUD,,fabe2760eace,虚假积分兑换通知，声称有800未兑现SIM积分，要求拨打收费电话骗取费用
uci_04089,He needs to stop going to bed and make with the fucking dealing,en,uci_sms_spam_collection_v1,ham,NEEDS_REVIEW,,82d7cefcade4,私人暧昧/情感对话，属于个人交流范畴
uci_04090,"How are you, my Love ? Are you with your brother ? Time to talk english with him ? *grins* Say : Hey Muhommad, Penny says hello from across the sea",en,uci_sms_spam_collection_v1,ham,NEEDS_REVIEW,,5d4ccab9f537,私人暧昧/情感对话，属于个人交流范畴
uci_04091,We tried to call you re your reply to our sms for a video mobile 750 mins UNLIMITED TEXT + free camcorder Reply of call 08000930705 Now,en,uci_sms_spam_collection_v1,spam,AD,,2a15a35b8633,手机促销广告，推广免费通话分钟和免费摄像机
uci_04092,"Hey doc pls I want to get nice t shirt for my hubby nice fiting ones my budget is  &lt;#&gt; k help pls I will load d card abi hw,keep me posted luv. 2 mj",en,uci_sms_spam_collection_v1,ham,NEEDS_REVIEW,,99b580b7ac52,个人见面/交通安排对话，属于私人沟通
uci_04093,I remain unconvinced that this isn't an elaborate test of my willpower,en,uci_sms_spam_collection_v1,ham,NEEDS_REVIEW,,7b6072b12fe3,日常问候或打招呼，属于个人沟通
uci_04094,"""Life is nothing wen v get everything"". But ""life is everything wen v miss something "". Real value of people wil be realized only in their absence.... gud mrng",en,uci_sms_spam_collection_v1,ham,NEEDS_REVIEW,,237077f04273,私人暧昧/情感对话，属于个人交流范畴
uci_04095,how are you? I miss you!,en,uci_sms_spam_collection_v1,ham,NEEDS_REVIEW,,4e4cfd880ea5,私人暧昧/情感对话，属于个人交流范畴
uci_04096,I ain't answerin no phone at what is actually a pretty reasonable hour but I'm sleepy,en,uci_sms_spam_collection_v1,ham,NEEDS_REVIEW,,3b6c5d8e4d94,个人通信安排或闲聊
uci_04097,"Hey , is * rite u put ?10 evey mnth is that all?",en,uci_sms_spam_collection_v1,ham,NEEDS_REVIEW,,bcb5f845153e,日常问候或打招呼，属于个人沟通
uci_04098,i am going to bed now prin,en,uci_sms_spam_collection_v1,ham,NEEDS_REVIEW,,f8b22d997966,个人见面/交通安排对话，属于私人沟通
uci_04099,I think just yourself ¡­Thanks and see you tomo,en,uci_sms_spam_collection_v1,ham,NEEDS_REVIEW,,7cfe8b0fb0a0,日常问候或打招呼，属于个人沟通
uci_04100,If u dun drive then how i go 2 sch.,en,uci_sms_spam_collection_v1,ham,NEEDS_REVIEW,,6ff91054436b,个人见面/交通安排对话，属于私人沟通
uci_04101,I not at home now lei...,en,uci_sms_spam_collection_v1,ham,NEEDS_REVIEW,,612574649786,个人见面/交通安排对话，属于私人沟通
uci_04102,GSOH? Good with SPAM the ladies?U could b a male gigolo? 2 join the uk's fastest growing mens club reply ONCALL. mjzgroup. 08714342399.2stop reply STOP. msg@¡ê1.50rcvd,en,uci_sms_spam_collection_v1,spam,HARASS,,cdb33d7a45f0,男性交友俱乐部骚扰广告，推广付费加入快速约会俱乐部
uci_04103,Ok then i will come to ur home after half an hour,en,uci_sms_spam_collection_v1,ham,NEEDS_REVIEW,,33c205643c2c,简短日常沟通或确认回复，属于个人闲聊
uci_04104,U have a secret admirer who is looking 2 make contact with U-find out who they R*reveal who thinks UR so special-call on 09058094599,en,uci_sms_spam_collection_v1,spam,HARASS,,2cc64639dece,暧昧骚扰，推广秘密仰慕者交友服务，要求回拨收费电话
uci_04105,Do u hav any frnd by name ashwini in ur college?,en,uci_sms_spam_collection_v1,ham,NEEDS_REVIEW,,6b972bf47484,私人闲聊内容，无法归入业务类别
uci_04106,Jus finish my lunch on my way home lor... I tot u dun wan 2 stay in sch today...,en,uci_sms_spam_collection_v1,ham,NEEDS_REVIEW,,68f007c2b7d8,简短日常沟通或确认回复，属于个人闲聊
uci_04107,K then 2marrow are you coming to class.,en,uci_sms_spam_collection_v1,ham,NEEDS_REVIEW,,717ea8d4147a,工作学习相关个人对话，非业务通知
uci_04108,"HOT LIVE FANTASIES call now 08707500020 Just 20p per min NTT Ltd, PO Box 1327 Croydon CR9 5WB 0870 is a national rate call",en,uci_sms_spam_collection_v1,spam,HARASS,,3c85e7e6d6e1,成人色情电话骚扰，推广付费色情聊天热线
uci_04109,Pls send me your address sir.,en,uci_sms_spam_collection_v1,ham,NEEDS_REVIEW,,d974c404e9cd,私人闲聊内容，无法归入业务类别
uci_04110,I want to lick your pussy now...,en,uci_sms_spam_collection_v1,ham,NEEDS_REVIEW,,d6771a5b3e02,私人暧昧/情感对话，属于个人交流范畴
uci_04111,"Yo, you gonna still be in stock tomorrow/today? I'm trying to get a dubsack",en,uci_sms_spam_collection_v1,ham,NEEDS_REVIEW,,d190a32d8d6a,简短日常沟通或确认回复，属于个人闲聊
uci_04112,URGENT! Your Mobile number has been awarded a <UKP>2000 prize GUARANTEED. Call 09061790125 from landline. Claim 3030. Valid 12hrs only 150ppm,en,uci_sms_spam_collection_v1,spam,FRAUD,,b4e9ceb7b1a5,虚假中奖通知，声称手机号码获2000英镑奖金保证，要求从固定电话拨打领取
uci_04113,"I'll see, but prolly yeah",en,uci_sms_spam_collection_v1,ham,NEEDS_REVIEW,,d03f1fee594d,简短日常沟通或确认回复，属于个人闲聊
uci_04114,Thought we could go out for dinner. I'll treat you! Seem ok?,en,uci_sms_spam_collection_v1,ham,NEEDS_REVIEW,,9107c62c44c9,简短日常沟通或确认回复，属于个人闲聊
uci_04115,Where are you ? What do you do ? How can you stand to be away from me ? Doesn't your heart ache without me ? Don't you wonder of me ? Don't you crave me ?,en,uci_sms_spam_collection_v1,ham,NEEDS_REVIEW,,3152966d280e,私人闲聊内容，无法归入业务类别
uci_04116,Sorry. You never hear unless you book it. One was kinda a joke--thet were really looking for skinny white girls. The other was one line--you can only do so much on camera with that. Something like that they're casting on the look.,en,uci_sms_spam_collection_v1,ham,NEEDS_REVIEW,,f336fc3477c0,个人玩笑/幽默对话，属于私人闲聊
uci_04117,What you doing?how are you?,en,uci_sms_spam_collection_v1,ham,NEEDS_REVIEW,,7b4028dbcc85,私人闲聊内容，无法归入业务类别
uci_04118,"Sure thing big man. i have hockey elections at 6, shouldn¡®t go on longer than an hour though",en,uci_sms_spam_collection_v1,ham,NEEDS_REVIEW,,7dd7bed2817d,简短日常沟通或确认回复，属于个人闲聊
uci_04119,Watch lor. I saw a few swatch one i thk quite ok. Ard 116 but i need 2nd opinion leh...,en,uci_sms_spam_collection_v1,ham,NEEDS_REVIEW,,c5c22baa2556,简短日常沟通或确认回复，属于个人闲聊
uci_04120,Hiya do u like the hlday pics looked horrible in them so took mo out! Hows the camp Amrca thing? Speak soon Serena:),en,uci_sms_spam_collection_v1,ham,NEEDS_REVIEW,,c578cdb3207a,简短日常沟通或确认回复，属于个人闲聊
uci_04121,"Babe! How goes that day ? What are you up to ? I miss you already, my Love ... * loving kiss* ... I hope everything goes well.",en,uci_sms_spam_collection_v1,ham,NEEDS_REVIEW,,2c2aba93c0dd,私人暧昧/情感对话，属于个人交流范畴
uci_04122,Yunny... I'm goin to be late,en,uci_sms_spam_collection_v1,ham,NEEDS_REVIEW,,363c2271e1b3,个人见面/交通安排对话，属于私人沟通
uci_04123,Doc prescribed me morphine cause the other pain meds aren't enough. Waiting for my mom to bring it. That med should kick in fast so I'm gonna try to be on later,en,uci_sms_spam_collection_v1,ham,NEEDS_REVIEW,,c976bd1a3ecd,简短日常沟通或确认回复，属于个人闲聊
uci_04124,"Cool, want me to go to kappa or should I meet you outside mu",en,uci_sms_spam_collection_v1,ham,NEEDS_REVIEW,,885f6532bd42,简短日常沟通或确认回复，属于个人闲聊
uci_04125,"Hey sexy buns ! Have I told you ? I adore you, loverboy. I hope you remember to thank your sister in law for those meatballs *grins* ... i love you, babe",en,uci_sms_spam_collection_v1,ham,NEEDS_REVIEW,qa_fix_v1,7eaac6f6c399,[fix:adult-or-secret-admirer NEEDS_REVIEW->HARASS] 私人暧昧/情感对话，属于个人交流范畴 [fix:revert-ham-kisses-xxx HARASS->NEEDS_REVIEW]
uci_04126,May b approve panalam...but it should have more posts..,en,uci_sms_spam_collection_v1,ham,NEEDS_REVIEW,,551c6427f4d9,私人闲聊内容，无法归入业务类别
uci_04127,"SPJanuary Male Sale! Hot Gay chat now cheaper, call 08709222922. National rate from 1.5p/min cheap to 7.8p/min peak! To stop texts call 08712460324 (10p/min)",en,uci_sms_spam_collection_v1,spam,AD,,9e180a0ec4b2,成人聊天服务广告，推广同性恋聊天服务，按分钟计费
uci_04128,"Sorry, I'll call later",en,uci_sms_spam_collection_v1,ham,NEEDS_REVIEW,,d5081f7715ce,简短日常沟通或确认回复，属于个人闲聊
uci_04129,I dont thnk its a wrong calling between us,en,uci_sms_spam_collection_v1,ham,NEEDS_REVIEW,,08326a364c0f,个人通信安排或闲聊
uci_04130,Me i'm not workin. Once i get job...,en,uci_sms_spam_collection_v1,ham,NEEDS_REVIEW,,a3e124534bde,工作学习相关个人对话，非业务通知
uci_04131,And by when you're done I mean now,en,uci_sms_spam_collection_v1,ham,NEEDS_REVIEW,,6afd20d8b2b0,私人闲聊内容，无法归入业务类别
uci_04132,"""Its Ur luck to Love someone. Its Ur fortune to Love the one who Loves U. But, its a miracle to Love a person who can't Love anyone except U..."" Gud nyt...",en,uci_sms_spam_collection_v1,ham,NEEDS_REVIEW,,63eab789f2e2,私人暧昧/情感对话，属于个人交流范畴
uci_04133,Hi baby ive just got back from work and i was wanting to see u allday! I hope i didnt piss u off on the phone today. If u are up give me a call xxx,en,uci_sms_spam_collection_v1,ham,NEEDS_REVIEW,qa_fix_v1,8b060ebec97e,[fix:adult-or-secret-admirer NEEDS_REVIEW->HARASS] 私人暧昧/情感对话，属于个人交流范畴 [fix:revert-ham-kisses-xxx HARASS->NEEDS_REVIEW]
uci_04134,FreeMsg Today's the day if you are ready! I'm horny & live in your town. I love sex fun & games! Netcollex Ltd 08700621170150p per msg reply Stop to end,en,uci_sms_spam_collection_v1,spam,HARASS,,53bdd86c3c12,成人色情聊天骚扰，推广付费色情内容服务
uci_04135,Is it your yahoo boys that bring in the perf? Or legal.,en,uci_sms_spam_collection_v1,ham,NEEDS_REVIEW,,90cbbb6d3b99,私人闲聊内容，无法归入业务类别
uci_04136,No need to say anything to me. I know i am an outsider,en,uci_sms_spam_collection_v1,ham,NEEDS_REVIEW,,337f4d951513,日常问候或打招呼，属于个人沟通
uci_04137,have you ever had one foot before?,en,uci_sms_spam_collection_v1,ham,NEEDS_REVIEW,,d557b027eba4,私人闲聊内容，无法归入业务类别
uci_04138,Just got to  &lt;#&gt;,en,uci_sms_spam_collection_v1,ham,NEEDS_REVIEW,,4ee4f0be282a,个人见面/交通安排对话，属于私人沟通
uci_04139,"Good! No, don¡®t need any receipts¡ªwell done! (¡­) Yes, please tell . What¡®s her number, i could ring her",en,uci_sms_spam_collection_v1,ham,NEEDS_REVIEW,,ab26fc808d18,个人见面/交通安排对话，属于私人沟通
uci_04140,"Ever green quote ever told by Jerry in cartoon ""A Person Who Irritates u Always Is the one Who Loves u Vry Much But Fails to Express It...!..!! :-) :-) gud nyt",en,uci_sms_spam_collection_v1,ham,NEEDS_REVIEW,,51d9714bb7d3,私人暧昧/情感对话，属于个人交流范畴
uci_04141,Leave it wif me lar... ¨¹ wan to carry meh so heavy... Is da num 98321561 familiar to ¨¹?,en,uci_sms_spam_collection_v1,ham,NEEDS_REVIEW,,cc69c2a612fd,个人见面/交通安排对话，属于私人沟通
uci_04142,Beautiful truth : Expression of the face could Be seen by everyone... But the depression of heart Could be understood only By the Loved ones.. Gud Ni8;-),en,uci_sms_spam_collection_v1,ham,NEEDS_REVIEW,,c329315e8f9a,私人暧昧/情感对话，属于个人交流范畴
uci_04143,Infact happy new year. How are you where are you when are we seeing,en,uci_sms_spam_collection_v1,ham,NEEDS_REVIEW,,229676a0f94b,个人情感表达或心理状态分享，属于私人对话
uci_04144,"In The Simpsons Movie released in July 2007 name the band that died at the start of the film? A-Green Day, B-Blue Day, C-Red Day. (Send A, B or C)",en,uci_sms_spam_collection_v1,spam,AD,,1c996ff921e9,短信竞猜广告，发送答案参与电影竞猜抽奖
uci_04145,That's a shame! Maybe cld meet for few hrs tomo?,en,uci_sms_spam_collection_v1,ham,NEEDS_REVIEW,,1b14a4f672b8,个人见面/交通安排对话，属于私人沟通
uci_04146,Lol I would but despite these cramps I like being a girl.,en,uci_sms_spam_collection_v1,ham,NEEDS_REVIEW,,965ca402fb0a,个人玩笑/幽默对话，属于私人闲聊
uci_04147,I can?t wait for cornwall. Hope tonight isn?t too bad as well but it?s rock night shite. Anyway i?m going for a kip now have a good night. Speak to you soon.,en,uci_sms_spam_collection_v1,ham,NEEDS_REVIEW,,b72ce513bf28,简短日常沟通或确认回复，属于个人闲聊
uci_04148,Pls help me tell sura that i'm expecting a battery from hont. And that if should pls send me a message about how to download movies. Thanks,en,uci_sms_spam_collection_v1,ham,NEEDS_REVIEW,,d1f1200951d5,娱乐活动闲聊，属于个人对话
uci_04149,Please call Amanda with regard to renewing or upgrading your current T-Mobile handset free of charge. Offer ends today. Tel 0845 021 3680 subject to T's and C's,en,uci_sms_spam_collection_v1,spam,AD,,db3945818298,T-Mobile手机升级促销广告，推广免费升级手机
uci_04150,"Haven't found a way to get another app for your phone, eh ? Will you go to the net cafe ? Did you take that job? Geeee I need you babe. I crave to see you ...",en,uci_sms_spam_collection_v1,ham,NEEDS_REVIEW,,3c9313f5f334,私人暧昧/情感对话，属于个人交流范畴
uci_04151,I only work from mon to thurs but Sat i cant leh... Booked liao... Which other day u free?,en,uci_sms_spam_collection_v1,ham,NEEDS_REVIEW,,0c64f3d2b0f3,简短日常沟通或确认回复，属于个人闲聊
uci_04152,¨¹ comin to fetch us oredi...,en,uci_sms_spam_collection_v1,ham,NEEDS_REVIEW,,9137c57da4a9,个人见面/交通安排对话，属于私人沟通
uci_04153,What's nannys address?,en,uci_sms_spam_collection_v1,ham,NEEDS_REVIEW,,de86dc1fb4f3,私人闲聊内容，无法归入业务类别
uci_04154,"URGENT!! Your 4* Costa Del Sol Holiday or ¡ê5000 await collection. Call 09050090044 Now toClaim. SAE, TC s, POBox334, Stockport, SK38xh, Cost¡ê1.50/pm, Max10mins",en,uci_sms_spam_collection_v1,spam,FRAUD,,ff7eb3245108,虚假中奖通知，声称赢得5000英镑现金或西班牙假期，要求紧急拨打电话领取
uci_04155,Haf u eaten? Wat time u wan me 2 come?,en,uci_sms_spam_collection_v1,ham,NEEDS_REVIEW,,cb1622dbc10b,个人见面/交通安排对话，属于私人沟通
uci_04156,Want a new Video Phone? 750 anytime any network mins? Half price line rental free text for 3 months? Reply or call 08000930705 for free delivery,en,uci_sms_spam_collection_v1,spam,AD,,66105cc1757d,视频手机促销广告，推广免费通话分钟和免费送机
uci_04157,"Yo, call me when you get the chance, a friend of mine wanted me to ask you about a big order",en,uci_sms_spam_collection_v1,ham,NEEDS_REVIEW,,cb6c26469a94,个人情感表达或心理状态分享，属于私人对话
uci_04158,This single single answers are we fighting? Plus i said am broke and you didnt reply,en,uci_sms_spam_collection_v1,ham,NEEDS_REVIEW,,5e5db0cb18b1,简短日常沟通或确认回复，属于个人闲聊
uci_04159,It certainly puts things into perspective when something like this happens,en,uci_sms_spam_collection_v1,ham,NEEDS_REVIEW,,900ec2333f55,日常问候或打招呼，属于个人沟通
uci_04160,Now got tv 2 watch meh? U no work today?,en,uci_sms_spam_collection_v1,ham,NEEDS_REVIEW,,fe9bce0594e0,个人见面/交通安排对话，属于私人沟通
uci_04161,i felt so...not any conveying reason.. Ese he... What about me?,en,uci_sms_spam_collection_v1,ham,NEEDS_REVIEW,,78ce96fd6df0,私人闲聊内容，无法归入业务类别
uci_04162,Had your mobile 11 months or more? U R entitled to Update to the latest colour mobiles with camera for Free! Call The Mobile Update Co FREE on 08002986030,en,uci_sms_spam_collection_v1,spam,AD,,2267205aa831,手机升级促销广告，推广免费最新彩色手机
uci_04163,How's it going? Got any exciting karaoke type activities planned? I'm debating whether to play football this eve. Feeling lazy though.,en,uci_sms_spam_collection_v1,ham,NEEDS_REVIEW,,6d68ab063f67,简短日常沟通或确认回复，属于个人闲聊
uci_04164,I told that am coming on wednesday.,en,uci_sms_spam_collection_v1,ham,NEEDS_REVIEW,,70f541fc8f35,私人闲聊内容，无法归入业务类别
uci_04165,"Its ok, called mom instead have fun",en,uci_sms_spam_collection_v1,ham,NEEDS_REVIEW,,8ece2c66faa2,简短日常沟通或确认回复，属于个人闲聊
uci_04166,"Dear Voucher Holder, To claim this weeks offer, at your PC please go to http://www.wtlp.co.uk/text. Ts&Cs apply.",en,uci_sms_spam_collection_v1,spam,AD,,301c7c239411,优惠券促销广告，推广每周PC产品优惠，需访问网站领取
uci_04167,Well if I'm that desperate I'll just call armand again,en,uci_sms_spam_collection_v1,ham,NEEDS_REVIEW,,04ccf6dadde3,个人通信安排或闲聊
uci_04168,Are you at work right now ?,en,uci_sms_spam_collection_v1,ham,NEEDS_REVIEW,,ce124abe0619,工作学习相关个人对话，非业务通知
uci_04169,Congrats! Nokia 3650 video camera phone is your Call 09066382422 Calls cost 150ppm Ave call 3mins vary from mobiles 16+ Close 300603 post BCM4284 Ldn WC1N3XX,en,uci_sms_spam_collection_v1,spam,AD,,4bf59461f7a9,手机促销广告，推广免费诺基亚摄像机手机
uci_04170,Haven't heard anything and he's not answering my texts so I'm guessing he flaked. That said the jb is fantastic,en,uci_sms_spam_collection_v1,ham,NEEDS_REVIEW,,b15089d90d72,日常问候或打招呼，属于个人沟通
uci_04171,"Mmmmmm ... I love you,so much, Ahmad ... I can't wait for this year to begin as every second takes me closer to being at your side. Happy New Year, my love!!",en,uci_sms_spam_collection_v1,ham,NEEDS_REVIEW,,50f6fbabcd5d,私人暧昧/情感对话，属于个人交流范畴
uci_04172,Pls what's the full name of joke's school cos fees in university of florida seem to actually be  &lt;#&gt; k. Pls holla back,en,uci_sms_spam_collection_v1,ham,NEEDS_REVIEW,,1e5ef4ece346,个人玩笑/幽默对话，属于私人闲聊
uci_04173,"Sorry, I'll call later",en,uci_sms_spam_collection_v1,ham,NEEDS_REVIEW,,d5081f7715ce,简短日常沟通或确认回复，属于个人闲聊
uci_04174,Ok... But they said i've got wisdom teeth hidden inside n mayb need 2 remove.,en,uci_sms_spam_collection_v1,ham,NEEDS_REVIEW,,27bd22fedfda,简短日常沟通或确认回复，属于个人闲聊
uci_04175,And pls pls drink plenty plenty water,en,uci_sms_spam_collection_v1,ham,NEEDS_REVIEW,,2a713aea659e,私人闲聊内容，无法归入业务类别
uci_04176,How are you doing. How's the queen. Are you going for the royal wedding,en,uci_sms_spam_collection_v1,ham,NEEDS_REVIEW,,3cb9e62e5bc0,个人见面/交通安排对话，属于私人沟通
uci_04177,He's in lag. That's just the sad part but we keep in touch thanks to skype,en,uci_sms_spam_collection_v1,ham,NEEDS_REVIEW,,982c0f7aa0bb,个人情感表达或心理状态分享，属于私人对话
uci_04178,Ok lor then we go tog lor...,en,uci_sms_spam_collection_v1,ham,NEEDS_REVIEW,,e59c3c864bc1,简短日常沟通或确认回复，属于个人闲聊
uci_04179,Two teams waiting for some players,en,uci_sms_spam_collection_v1,ham,NEEDS_REVIEW,,9c987c31291b,个人见面/交通安排对话，属于私人沟通
uci_04180,Can ¨¹ send me a copy of da report?,en,uci_sms_spam_collection_v1,ham,NEEDS_REVIEW,,162dd756d07a,私人闲聊内容，无法归入业务类别
uci_04181,"swhrt how u dey,hope ur ok, tot about u 2day.love n miss.take care.",en,uci_sms_spam_collection_v1,ham,NEEDS_REVIEW,,f663503f4ea1,私人暧昧/情感对话，属于个人交流范畴
uci_04182,"Ok da, i already planned. I wil pick you.",en,uci_sms_spam_collection_v1,ham,NEEDS_REVIEW,,cf83d822652a,简短日常沟通或确认回复，属于个人闲聊
uci_04183,"Urgent! Please call 0906346330. Your ABTA complimentary 4* Spanish Holiday or ¡ê10,000 cash await collection SAE T&Cs BOX 47 PO19 2EZ 150ppm 18+",en,uci_sms_spam_collection_v1,spam,FRAUD,,4b833d649e94,虚假中奖通知，声称赢得西班牙假期或10000英镑，要求紧急拨打电话领取
uci_04184,"Sorry, I'll call later in meeting",en,uci_sms_spam_collection_v1,ham,NEEDS_REVIEW,,9a99f9884fc2,简短日常沟通或确认回复，属于个人闲聊
uci_04185,I just really need shit before tomorrow and I know you won't be awake before like 6,en,uci_sms_spam_collection_v1,ham,NEEDS_REVIEW,,985c05b96a21,简短日常沟通或确认回复，属于个人闲聊
uci_04186,I'm good. Have you registered to vote?,en,uci_sms_spam_collection_v1,ham,NEEDS_REVIEW,,be83a11f4685,个人见面/交通安排对话，属于私人沟通
uci_04187,"Hmm ok, i'll stay for like an hour cos my eye is really sore!",en,uci_sms_spam_collection_v1,ham,NEEDS_REVIEW,,0e56ae4741d2,简短日常沟通或确认回复，属于个人闲聊
uci_04188,Dear got bus directly to calicut,en,uci_sms_spam_collection_v1,ham,NEEDS_REVIEW,,b1a61ffd08dd,个人见面/交通安排对话，属于私人沟通
uci_04189,Mm umma ask vava also to come tell him can play later together,en,uci_sms_spam_collection_v1,ham,NEEDS_REVIEW,,c1024c6361cc,简短日常沟通或确认回复，属于个人闲聊
uci_04190,"Well the general price is  &lt;#&gt; /oz, let me know if/when/how much you want",en,uci_sms_spam_collection_v1,ham,NEEDS_REVIEW,,6540f642d36b,个人情感表达或心理状态分享，属于私人对话
uci_04191,"Sorry, I'll call later",en,uci_sms_spam_collection_v1,ham,NEEDS_REVIEW,,d5081f7715ce,简短日常沟通或确认回复，属于个人闲聊
uci_04192,"Each Moment in a day,has its own value-Morning brings hope,afternoon brings faith,Evening brings luv,Night brings rest,Wish u find them all today.Good Morning",en,uci_sms_spam_collection_v1,ham,NEEDS_REVIEW,,721b752ca6a9,简短日常沟通或确认回复，属于个人闲聊
uci_04193,&lt;#&gt;  w jetton ave if you forgot,en,uci_sms_spam_collection_v1,ham,NEEDS_REVIEW,,0dc145b26fc2,个人见面/交通安排对话，属于私人沟通
uci_04194,Ok i'm coming home now.,en,uci_sms_spam_collection_v1,ham,NEEDS_REVIEW,,e16b298d9955,简短日常沟通或确认回复，属于个人闲聊
uci_04195,Can not use foreign stamps in this country.,en,uci_sms_spam_collection_v1,ham,NEEDS_REVIEW,,7c59bf166abc,日常问候或打招呼，属于个人沟通
uci_04196,"Double mins and txts 4 6months FREE Bluetooth on Orange. Available on Sony, Nokia Motorola phones. Call MobileUpd8 on 08000839402 or call2optout/N9DX",en,uci_sms_spam_collection_v1,spam,AD,,f3f38a15efff,Orange套餐促销广告，推广双倍分钟数和免费蓝牙
uci_04197,"Sorry, it's a lot of friend-of-a-friend stuff, I'm just now about to talk to the actual guy who wants to buy",en,uci_sms_spam_collection_v1,ham,NEEDS_REVIEW,,8694d4ca7b0a,个人情感表达或心理状态分享，属于私人对话
uci_04198,FREE for 1st week! No1 Nokia tone 4 ur mob every week just txt NOKIA to 8007 Get txting and tell ur mates www.getzed.co.uk POBox 36504 W45WQ norm150p/tone 16+,en,uci_sms_spam_collection_v1,spam,AD,,68248d71dcc0,铃声订阅广告，推广每周免费诺基亚铃声
uci_04199,"Want to funk up ur fone with a weekly new tone reply TONES2U 2 this text. www.ringtones.co.uk, the original n best. Tones 3GBP network operator rates apply",en,uci_sms_spam_collection_v1,spam,AD,,85bb67524ffd,铃声订阅服务广告，推广每周新铃声订阅，每周3英镑
uci_04200,"cmon babe, make me horny, *turn* me on! Txt me your fantasy now babe -) Im hot, sticky and need you now. All replies cost ¡ê1.50. 2 cancel send STOP",en,uci_sms_spam_collection_v1,spam,HARASS,,53ac2990c386,成人色情内容，要求回复并收取费用，属骚扰推销
uci_04201,I will come tomorrow di,en,uci_sms_spam_collection_v1,ham,NEEDS_REVIEW,,0d4a15fd0b30,个人日常简短消息，无法归入四类
uci_04202,Wylie update: my weed dealer carlos went to freedom and had a class with lunsford,en,uci_sms_spam_collection_v1,ham,NEEDS_REVIEW,,9862b115d317,私人关于drug dealer的闲聊，非业务信息
uci_04203,Are you happy baby ? Are you alright ? Did you take that job ? I hope your fine. I send you a kiss to make you smile from across the sea ... *kiss* *kiss*,en,uci_sms_spam_collection_v1,ham,NEEDS_REVIEW,,be0cc5b46912,亲密朋友间问候私聊，非业务信息
uci_04204,C movie is juz last minute decision mah. Juz watch 2 lar but i tot ¨¹ not interested.,en,uci_sms_spam_collection_v1,ham,NEEDS_REVIEW,,12c6c1134a0e,私人关于电影偏好的闲聊对话
uci_04205,How are you enjoying this semester? Take care brother.,en,uci_sms_spam_collection_v1,ham,NEEDS_REVIEW,,97544df013bc,朋友间问候，纯私人聊天
uci_04206,IMPORTANT INFORMATION 4 ORANGE USER 0796XXXXXX. TODAY IS UR LUCKY DAY!2 FIND OUT WHY LOG ONTO http://www.urawinner.com THERE'S A FANTASTIC PRIZEAWAITING YOU!,en,uci_sms_spam_collection_v1,spam,FRAUD,,03bfa31cd909,伪装运营商虚假中奖通知，含钓鱼链接，典型诈骗
uci_04207,"Get the door, I'm here",en,uci_sms_spam_collection_v1,ham,NEEDS_REVIEW,,75218054172d,日常生活简短通知，私人消息
uci_04208,"Lets use it next week, princess :)",en,uci_sms_spam_collection_v1,ham,NEEDS_REVIEW,,504872c3e8c8,情侣间私下对话，无法归类其他
uci_04209,Or i go home first lar ¨¹ wait 4 me lor.. I put down my stuff first..,en,uci_sms_spam_collection_v1,ham,NEEDS_REVIEW,,8424253821ac,家人/朋友间的日常位置和安排交流
uci_04210,I want kfc its Tuesday. Only buy 2 meals ONLY 2. No gravy. Only 2 Mark. 2!,en,uci_sms_spam_collection_v1,ham,NEEDS_REVIEW,,3158752630df,关于购买KFC餐食的私人聊天记录
uci_04211,No da:)he is stupid da..always sending like this:)don believe any of those message.pandy is a mental:),en,uci_sms_spam_collection_v1,ham,NEEDS_REVIEW,,503c843ff334,私人对某人的评价讨论，非业务信息
uci_04212,Oi when you gonna ring,en,uci_sms_spam_collection_v1,ham,NEEDS_REVIEW,,0edf474897e1,简短通话邀约，非业务信息
uci_04213,Missed call alert. These numbers called but left no message. 07008009200,en,uci_sms_spam_collection_v1,spam,AD,,df8d2116b15f,未接来电回拨服务推销，属商业广告
uci_04214,I attended but nothing is there.,en,uci_sms_spam_collection_v1,ham,NEEDS_REVIEW,,57d76300da1f,简短的私人回复消息
uci_04215,Ard 530 like dat lor. We juz meet in mrt station then ¨¹ dun haf to come out.,en,uci_sms_spam_collection_v1,ham,NEEDS_REVIEW,,13e507c5880c,关于地铁约会的日常聊天
uci_04216,No dear i was sleeping :-P,en,uci_sms_spam_collection_v1,ham,NEEDS_REVIEW,,e66e43832111,关于睡觉的简短私人消息
uci_04217,Er mw im filled tuth is aight,en,uci_sms_spam_collection_v1,ham,NEEDS_REVIEW,,0a6e0185a74d,私人简短消息，好友间的模糊回复
uci_04218,Will be office around 4 pm. Now i am going hospital.,en,uci_sms_spam_collection_v1,ham,NEEDS_REVIEW,,b184dc234298,关于工作和医院的个人行程告知
uci_04219,Actually i'm waiting for 2 weeks when they start putting ad.,en,uci_sms_spam_collection_v1,ham,NEEDS_REVIEW,,f953905d07ef,关于广告上线的日常讨论，个人对话
uci_04220,Anything lor if they all go then i go lor...,en,uci_sms_spam_collection_v1,ham,NEEDS_REVIEW,,7f03638e8e81,关于出行安排的私人聊天
uci_04221,U free on sat rite? U wan 2 watch infernal affairs wif me n darren n mayb xy?,en,uci_sms_spam_collection_v1,ham,NEEDS_REVIEW,,55ce7a746553,关于周末看电影邀约的私人社交安排
uci_04222,"Plz note: if anyone calling from a mobile Co. &amp; asks u to type # &lt;#&gt;  or # &lt;#&gt; . Do not do so. Disconnect the call,coz it iz an attempt of 'terrorist' to make use of the sim card no. Itz confirmd by nokia n motorola n has been verified by CNN IBN.",en,uci_sms_spam_collection_v1,ham,NEEDS_REVIEW,,97584c7521e1,关于SIM卡与恐怖分子的谣言转发消息
uci_04223,Yo you around? A friend of mine's lookin to pick up later tonight,en,uci_sms_spam_collection_v1,ham,NEEDS_REVIEW,,9b4af5df1076,朋友间询问是否在附近的私人社交消息
uci_04224,Stupid auto correct on my phone,en,uci_sms_spam_collection_v1,ham,NEEDS_REVIEW,,5b12b0a63df2,关于手机自动纠正的简短私人吐槽
uci_04225,Double eviction this week - Spiral and Michael and good riddance to them!,en,uci_sms_spam_collection_v1,ham,NEEDS_REVIEW,,e0929c173239,关于节目角色的私人讨论
uci_04226,"""The world suffers a lot... Not because of the violence of bad people. But because of the silence of good people!"", Gud night....",en,uci_sms_spam_collection_v1,ham,NEEDS_REVIEW,,24e639440458,转发的晚安励志格言，非业务信息
uci_04227,"Ok thats cool. Its , just off either raglan rd or edward rd. Behind the cricket ground. Gimme ring when ur closeby see you tuesday.",en,uci_sms_spam_collection_v1,ham,NEEDS_REVIEW,,e02d82c1de78,关于会面地点的日常生活安排
uci_04228,Buy one egg for me da..please:),en,uci_sms_spam_collection_v1,ham,NEEDS_REVIEW,,1853bdf037ef,请帮忙买鸡蛋的私人请求
uci_04229,Have you started in skye,en,uci_sms_spam_collection_v1,ham,NEEDS_REVIEW,,89f65f1993fa,简短私人询问消息
uci_04230,Have you bookedthe hut? And also your time off? How are you by the way?,en,uci_sms_spam_collection_v1,ham,NEEDS_REVIEW,,f7b28df0150e,关于旅行和朋友的问候私人消息
uci_04231,And several to you sir.,en,uci_sms_spam_collection_v1,ham,NEEDS_REVIEW,,a3bb36057163,简短私人对话回复
uci_04232,U really pig leh sleep so much. My dad wake me up at 10 smth 2 eat lunch today.,en,uci_sms_spam_collection_v1,ham,NEEDS_REVIEW,,b6eb4a864f70,关于睡眠和午餐的日常聊天
uci_04233,I'm at home. Please call,en,uci_sms_spam_collection_v1,ham,NEEDS_REVIEW,,73fe47bca296,简短私人消息告知在家并要求电话
uci_04234,My love ... I hope your not doing anything drastic. Don't you dare sell your pc or your phone ...,en,uci_sms_spam_collection_v1,ham,NEEDS_REVIEW,,c58db1b589d1,亲密朋友间的情感对话
uci_04235,Now only i reached home. . . I am very tired now. . I will come tomorro,en,uci_sms_spam_collection_v1,ham,NEEDS_REVIEW,,24ba6f90ea45,关于回家和行程的日常生活消息
uci_04236,FREEMSG: Our records indicate you may be entitled to 3750 pounds for the Accident you had. To claim for free reply with YES to this msg. To opt out text STOP,en,uci_sms_spam_collection_v1,spam,AD,qa_fix_v1,c2f8d5e4ff43,[fix:commercial-promo-not-fraud FRAUD->AD] 伪装事故记录虚假奖金通知，要求回复索取，典型诈骗
uci_04237,"U can WIN ¡ê100 of Music Gift Vouchers every week starting NOW Txt the word DRAW to 87066 TsCs www.Idew.com SkillGame, 1Winaweek, age16. 150ppermessSubscription",en,uci_sms_spam_collection_v1,spam,AD,,9dfa9052b11f,音乐礼品券订阅促销活动，付费赢取每周100镑
uci_04238,Life style garments account no please.,en,uci_sms_spam_collection_v1,ham,NEEDS_REVIEW,,3f2aef03481a,简短私人询问关于服装账户
uci_04239,Lol wtf random. Btw is that your lunch break,en,uci_sms_spam_collection_v1,ham,NEEDS_REVIEW,,30fafe897991,私人简短对话片段，难以明确分类
uci_04240,"Sez, hows u & de arab boy? Hope u r all good give my love 2 evry1 love ya eshxxxxxxxxxxx",en,uci_sms_spam_collection_v1,ham,NEEDS_REVIEW,,114e37685c64,恋爱对象间的亲昵问候消息
uci_04241,"The LAY MAN! Just to let you know you are missed and thought off. Do have a great day. And if you can send me bimbo and ugo's numbers, ill appreciate. Safe",en,uci_sms_spam_collection_v1,ham,NEEDS_REVIEW,,ad2a21bfe7c1,朋友间关心并问候的私人消息
uci_04242,Detroit. The home of snow. Enjoy it.,en,uci_sms_spam_collection_v1,ham,NEEDS_REVIEW,,545f149f12e6,关于底特律天气的简短私人评论
uci_04243,Show ur colours! Euro 2004 2-4-1 Offer! Get an England Flag & 3Lions tone on ur phone! Click on the following service message for info!,en,uci_sms_spam_collection_v1,spam,AD,,a4d87e10f1d2,欧洲杯促销服务通知，点击获取手机铃声和国旗
uci_04244,Okie...,en,uci_sms_spam_collection_v1,ham,NEEDS_REVIEW,,a6e73a86ca9d,简短确认回复，私人消息
uci_04245,"Aight, I'm chillin in a friend's room so text me when you're on the way",en,uci_sms_spam_collection_v1,ham,NEEDS_REVIEW,,0d07f1ec6330,关于等待探望的朋友间对话
uci_04246,Is toshiba portege m100 gd?,en,uci_sms_spam_collection_v1,ham,NEEDS_REVIEW,,865e62418457,关于Toshiba笔记本的简短技术询问
uci_04247,Well welp is sort of a semiobscure internet thing,en,uci_sms_spam_collection_v1,ham,NEEDS_REVIEW,,44e7ffa6d46b,关于某网络梗的简短私人讨论
uci_04248,Text PASS to 69669 to collect your polyphonic ringtones. Normal gprs charges apply only. Enjoy your tones,en,uci_sms_spam_collection_v1,spam,AD,,c137a397cba2,手机铃声订阅服务促销，收取GPRS费用
uci_04249,"accordingly. I repeat, just text the word ok on your mobile phone and send",en,uci_sms_spam_collection_v1,spam,AD,,32d2cbd5e685,垃圾短信，要求按指示发送ok字参与订阅
uci_04250,Loosu go to hospital. De dont let it careless.,en,uci_sms_spam_collection_v1,ham,NEEDS_REVIEW,,486dd061f6c8,关于去医院的简短私人消息
uci_04251,How much for an eighth?,en,uci_sms_spam_collection_v1,ham,NEEDS_REVIEW,,f1676d7e8310,询问毒品数量的模糊私人消息
uci_04252,Omg Joanna is freaking me out. She's looked thru all my friends to find photos of me. And then she's asking about stuff on my MySpace which I haven't even logged on in like a year. :/,en,uci_sms_spam_collection_v1,ham,NEEDS_REVIEW,,121053d5a28b,关于朋友翻照片的闲聊
uci_04253,"Send ur birthdate with month and year, I will tel u ur LIFE PARTNER'S name. and the method of calculation. Reply must.",en,uci_sms_spam_collection_v1,ham,NEEDS_REVIEW,,3aa73a3124a1,命理配对服务宣传，要求提供生日
uci_04254,Juz now havent woke up so a bit blur blur... Can? Dad went out liao... I cant cum now oso...,en,uci_sms_spam_collection_v1,ham,NEEDS_REVIEW,,47b74b417c9d,关于睡醒和家人的简短私人消息
uci_04255,"How about clothes, jewelry, and trips?",en,uci_sms_spam_collection_v1,ham,NEEDS_REVIEW,,02feea351815,私人关于购物推荐的模糊消息
uci_04256,Block Breaker now comes in deluxe format with new features and great graphics from T-Mobile. Buy for just ¡ê5 by replying GET BBDELUXE and take the challenge,en,uci_sms_spam_collection_v1,spam,AD,,cb638f84f00a,T-Mobile Block Breaker游戏促销，回复购买豪华版
uci_04257,Aah! A cuddle would be lush! I'd need lots of tea and soup before any kind of fumbling!,en,uci_sms_spam_collection_v1,ham,NEEDS_REVIEW,,3f105c6ec6e1,恋人间的亲密消息
uci_04258,important information 4 orange user . today is your lucky day!2find out why log onto http://www.urawinner.com THERE'S A FANTASTIC SURPRISE AWAITING YOU!,en,uci_sms_spam_collection_v1,spam,FRAUD,,d9fe28fe7da2,伪装运营商通知虚假惊喜，含钓鱼链接
uci_04259,I am late. I will be there at,en,uci_sms_spam_collection_v1,ham,NEEDS_REVIEW,,c6319f76384d,关于迟到的个人行程消息
uci_04260,Sad story of a Man - Last week was my b'day. My Wife did'nt wish me. My Parents forgot n so did my Kids . I went to work. Even my Colleagues did not wish.,en,uci_sms_spam_collection_v1,ham,NEEDS_REVIEW,,0de513b60c46,转发的关于生日和人际关系的感人故事
uci_04261,Are you plans with your family set in stone ?,en,uci_sms_spam_collection_v1,ham,NEEDS_REVIEW,,d74bdc4ed704,关于家庭计划的私人对话
uci_04262,Pls dont forget to study,en,uci_sms_spam_collection_v1,ham,NEEDS_REVIEW,,d52ea3f4500b,关于学习的简短私人关心消息
uci_04263,You'll never believe this but i have actually got off at taunton. Wow,en,uci_sms_spam_collection_v1,ham,NEEDS_REVIEW,,f4d9cc4007aa,关于到达某车站的简短私人消息
uci_04264,"Den only weekdays got special price... Haiz... Cant eat liao... Cut nails oso muz wait until i finish drivin wat, lunch still muz eat wat...",en,uci_sms_spam_collection_v1,ham,NEEDS_REVIEW,,ea947631fd36,关于价格、食物和修指甲的闲聊对话
uci_04265,She just broke down a list of reasons why nobody's in town and I can't tell if she's being sarcastic or just faggy,en,uci_sms_spam_collection_v1,ham,NEEDS_REVIEW,,b4666d656eb3,对朋友行为的私人讨论
uci_04266,&lt;DECIMAL&gt; m but its not a common car here so its better to buy from china or asia. Or if i find it less expensive. I.ll holla,en,uci_sms_spam_collection_v1,ham,NEEDS_REVIEW,,efbfd0a06c2f,关于从中国购买汽车的私人讨论
uci_04267,The greatest test of courage on earth is to bear defeat without losing heart....gn tc,en,uci_sms_spam_collection_v1,ham,NEEDS_REVIEW,,a5f49fc248b5,转发的励志格言
uci_04268,SORRY IM STIL FUCKED AFTER LAST NITE WENT TOBED AT 430 GOT UP 4 WORK AT 630,en,uci_sms_spam_collection_v1,ham,NEEDS_REVIEW,,e4d95cb1ab1d,关于昨晚喝酒的简短私人抱怨
uci_04269,Hey so whats the plan this sat?,en,uci_sms_spam_collection_v1,ham,NEEDS_REVIEW,,d53ac49cc5f3,关于周六计划的简短私人聊天
uci_04270,Beauty sleep can help ur pimples too.,en,uci_sms_spam_collection_v1,ham,NEEDS_REVIEW,,5a4cb1f9d73a,关于美容的简短私人推荐
uci_04271,Great. Hope you are using your connections from mode men also cos you can never know why old friends can lead you to today,en,uci_sms_spam_collection_v1,ham,NEEDS_REVIEW,,9d68f77f7b9f,关于加强人际关系的私人建议
uci_04272,Natalja (25/F) is inviting you to be her friend. Reply YES-440 or NO-440 See her: www.SMS.ac/u/nat27081980 STOP? Send STOP FRND to 62468,en,uci_sms_spam_collection_v1,spam,HARASS,,d4511910c11f,成人交友服务推广，邀请回复并可能收费
uci_04273,Where to get those?,en,uci_sms_spam_collection_v1,ham,NEEDS_REVIEW,,9d2c25eebaac,简短私人询问，含义模糊
uci_04274,"Kind of. Just missed train cos of asthma attack, nxt one in half hr so driving in. not sure where to park.",en,uci_sms_spam_collection_v1,ham,NEEDS_REVIEW,,9cadcbf4ef94,关于身体不适错过火车的私人消息
uci_04275,Ball is moving a lot.will spin in last :)so very difficult to bat:),en,uci_sms_spam_collection_v1,ham,NEEDS_REVIEW,,6f2d4be01a3d,关于球类比赛的简短私人评论
uci_04276,Haiyoh... Maybe your hamster was jealous of million,en,uci_sms_spam_collection_v1,ham,NEEDS_REVIEW,,63a5e29fab24,私人消息中开玩笑评论朋友仓鼠
uci_04277,Can you please send me my aunty's number,en,uci_sms_spam_collection_v1,ham,NEEDS_REVIEW,,dc523e555dc4,关于发送电话号码的私人请求
uci_04278,I'm glad. You are following your dreams.,en,uci_sms_spam_collection_v1,ham,NEEDS_REVIEW,,c12268973aa5,朋友间祝福追求梦想的关心消息
uci_04279,I've reached home finally...,en,uci_sms_spam_collection_v1,ham,NEEDS_REVIEW,,0bc42d9ee048,简短个人行程通知
uci_04280,"URGENT. Important information for 02 user. Today is your lucky day! 2 find out why , log onto http://www.urawinner.com there is a fantastic surprise awaiting you !",en,uci_sms_spam_collection_v1,spam,FRAUD,,932869a08a3f,伪装运营商虚假奖金通知，含钓鱼链接
uci_04281,WINNER!! As a valued network customer you have been selected to receivea ¡ê900 prize reward! To claim call 09061701461. Claim code KL341. Valid 12 hours only.,en,uci_sms_spam_collection_v1,spam,FRAUD,,c26743d0df31,虚假中奖900镑，需拨打电话领奖，典型付费诈骗
uci_04282,"Wn u r hurt by d prsn who s close 2 u, do fight wit dem. Coz somtimes dis fight saves a relation bt being quiet leaves nothin in a relation.. Gud eveB-)",en,uci_sms_spam_collection_v1,ham,NEEDS_REVIEW,,fecae8460bde,转发的情感人生建议
uci_04283,U can call now...,en,uci_sms_spam_collection_v1,ham,NEEDS_REVIEW,,f5ba502d0af3,简短私人消息告知可以回电话
uci_04284,"Science tells that chocolate will melt under the sunlight. Please don't walk under the sunlight. BCoz,I don't want to loss a sweet friend.",en,uci_sms_spam_collection_v1,ham,NEEDS_REVIEW,,790d3bcb64c0,巧克力笑话转发的私人消息
uci_04285,Yes. I come to nyc for audiitions and am trying to relocate.,en,uci_sms_spam_collection_v1,ham,NEEDS_REVIEW,,4f03a7bf19bc,关于纽约试听的简短私人消息
uci_04286,I pocked you up there before,en,uci_sms_spam_collection_v1,ham,NEEDS_REVIEW,,d25d1c4ee269,含义模糊的私人对话片段
uci_04287,Congrats. That's great. I wanted to tell you not to tell me your score cos it might make me relax. But its motivating me so thanks for sharing,en,uci_sms_spam_collection_v1,ham,NEEDS_REVIEW,,e6ebb464a730,朋友间关于成绩分享的对话
uci_04288,I wud never mind if u dont miss me or if u dont need me.. But u wil really hurt me wen u need me &amp; u dont tell me......... Take care:-),en,uci_sms_spam_collection_v1,ham,NEEDS_REVIEW,,6f0acf054068,表达个人感情的消息
uci_04289,Hey mr whats the name of that bill brison book the one about language and words,en,uci_sms_spam_collection_v1,ham,NEEDS_REVIEW,,2138e4dcb99f,关于一本语言书的简短私人询问
uci_04290,"Okay, good, no problem, and thanx!",en,uci_sms_spam_collection_v1,ham,NEEDS_REVIEW,,b9aca76ba268,简短的私人确认回复
uci_04291,"For you information, IKEA is spelled with all caps. That is not yelling. when you thought i had left you, you were sitting on the bed among the mess when i came in. i said we were going after you got home from class. please don't try and bullshit me. It makes me want to listen to you less.",en,uci_sms_spam_collection_v1,ham,NEEDS_REVIEW,,0b534e60397d,私人关于书籍和事件的对话
uci_04292,Call me when u're done...,en,uci_sms_spam_collection_v1,ham,NEEDS_REVIEW,,52361af4aada,简短私人通话邀约
uci_04293,G.W.R,en,uci_sms_spam_collection_v1,ham,NEEDS_REVIEW,,a98f49252c0e,含义不明的简短首字母缩写私人消息
uci_04294,You best watch what you say cause I get drunk as a motherfucker,en,uci_sms_spam_collection_v1,ham,NEEDS_REVIEW,,93f145585035,关于喝酒后易怒的闲聊消息
uci_04295,Kit Strip - you have been billed 150p. Netcollex Ltd. PO Box 1013 IG11 OJA,en,uci_sms_spam_collection_v1,spam,AD,,add568bb34d4,商业手机铃声服务计费通知
uci_04296,HMV BONUS SPECIAL 500 pounds of genuine HMV vouchers to be won. Just answer 4 easy questions. Play Now! Send HMV to 86688 More info:www.100percent-real.com,en,uci_sms_spam_collection_v1,spam,FRAUD,,f4738b21547b,虚假HMV奖金宣传，以回答问题为名骗取个人信息和费用
uci_04297,Please CALL 08712402578 immediately as there is an urgent message waiting for you,en,uci_sms_spam_collection_v1,spam,FRAUD,,c78fd2ac96fb,虚假紧急消息通知，要求拨打未知付费号码，典型电话诈骗
uci_04298,thesmszone.com lets you send free anonymous and masked messages..im sending this message from there..do you see the potential for abuse???,en,uci_sms_spam_collection_v1,spam,AD,,7b6cbb0eecb1,短信匿名发送平台的推广宣传
uci_04299,"WELL DONE! Your 4* Costa Del Sol Holiday or ¡ê5000 await collection. Call 09050090044 Now toClaim. SAE, TCs, POBox334, Stockport, SK38xh, Cost¡ê1.50/pm, Max10mins",en,uci_sms_spam_collection_v1,spam,FRAUD,,a97f305c7682,虚假中奖旅行或5000镑，包含钓鱼电话和PO Box地址
uci_04300,Hurt me... Tease me... Make me cry... But in the end of my life when i die plz keep one rose on my grave and say STUPID I MISS U.. HAVE A NICE DAY BSLVYL,en,uci_sms_spam_collection_v1,ham,NEEDS_REVIEW,,16657df8f6a4,转发的情感思念类私人消息
uci_04301,"Erm... Woodland avenue somewhere. Do you get the parish magazine, his telephone number will be in there.",en,uci_sms_spam_collection_v1,ham,NEEDS_REVIEW,,f760f649c8f0,私人关于地址和杂志的询问消息
uci_04302,Are there TA jobs available? Let me know please cos i really need to start working,en,uci_sms_spam_collection_v1,ham,NEEDS_REVIEW,,2731d21c88bf,关于求职的简短私人询问
uci_04303,Aiyar hard 2 type. U later free then tell me then i call n scold n tell u.,en,uci_sms_spam_collection_v1,ham,NEEDS_REVIEW,,009c1524d272,关于稍后打电话的简短私人消息
uci_04304,Yup i'm free...,en,uci_sms_spam_collection_v1,ham,NEEDS_REVIEW,,6f95086d2fd9,简短的私人确认回复
uci_04305,"Good good, billy mates all gone. Just been jogging, again! Did enjoy concert?",en,uci_sms_spam_collection_v1,ham,NEEDS_REVIEW,,5ddaab67f118,朋友间关于锻炼和音乐会的闲聊消息
uci_04306,Yo come over carlos will be here soon,en,uci_sms_spam_collection_v1,ham,NEEDS_REVIEW,,b247aa3f7cdc,关于朋友要来见的简短私人消息
uci_04307,Awww dat is sweet! We can think of something to do he he! Have a nice time tonight ill probably txt u later cos im lonely :( xxx.,en,uci_sms_spam_collection_v1,ham,NEEDS_REVIEW,qa_fix_v1,1b2115e57547,[fix:adult-or-secret-admirer NEEDS_REVIEW->HARASS] 表达孤单和思念的朋友间关心消息 [fix:revert-ham-kisses-xxx HARASS->NEEDS_REVIEW]
uci_04308,I guess it is useless calling u 4 something important.,en,uci_sms_spam_collection_v1,ham,NEEDS_REVIEW,,dbaca05f2c69,含义模糊的私人对话片段
uci_04309,Ha ha - had popped down to the loo when you hello-ed me. Hello!,en,uci_sms_spam_collection_v1,ham,NEEDS_REVIEW,,278fc072c777,关于洗手间打招呼的闲聊笑话消息
uci_04310,He dint tell anything. He is angry on me that why you told to abi.,en,uci_sms_spam_collection_v1,ham,NEEDS_REVIEW,,ae963728e6ef,私人关于朋友间矛盾的讨论
uci_04311,Someone U know has asked our dating service 2 contact you! Cant Guess who? CALL 09058091854 NOW all will be revealed. PO BOX385 M6 6WU,en,uci_sms_spam_collection_v1,spam,HARASS,,4365e140599b,商业约会服务推广，需付费获取谁联系你的信息
uci_04312,It so happens that there r 2waxsto do wat you want. She can come and ill get her medical insurance. And she'll be able to deliver and have basic care. I'm currently shopping for the right medical insurance for her. So just give me til friday morning. Thats when i.ll see the major person that can guide me to the right insurance.,en,uci_sms_spam_collection_v1,ham,NEEDS_REVIEW,,4dc8ab174e78,关于私人保险安排的详细讨论
uci_04313,I keep ten rs in my shelf:) buy two egg.,en,uci_sms_spam_collection_v1,ham,NEEDS_REVIEW,,0837a9b1d0f1,私人请求买鸡蛋的消息
uci_04314,"I wasn't well babe, i have swollen glands at my throat ... What did you end up doing ?",en,uci_sms_spam_collection_v1,ham,NEEDS_REVIEW,,f8f9e8126886,朋友间关于身体不适的关心消息
uci_04315,Is ur changes 2 da report big? Cos i've already made changes 2 da previous report.,en,uci_sms_spam_collection_v1,ham,NEEDS_REVIEW,,0d97744eb70a,关于工作报告询问的简短私人消息
uci_04316,Captain is in our room:),en,uci_sms_spam_collection_v1,ham,NEEDS_REVIEW,,0c1b2b2cf3e8,简短私人消息告知朋友在房间
uci_04317,"I can't speak, bcaz mobile have problem. I can listen you but you cann't listen my voice. So i calls you later.",en,uci_sms_spam_collection_v1,ham,NEEDS_REVIEW,,e3d5b08da3a0,因手机故障需晚点通话的个人通知消息
uci_04318,HIYA STU WOT U UP 2.IM IN SO MUCH TRUBLE AT HOME AT MOMENT EVONE HATES ME EVEN U! WOT THE HELL AV I DONE NOW? Y WONT U JUST TELL ME TEXT BCK PLEASE LUV DAN,en,uci_sms_spam_collection_v1,ham,NEEDS_REVIEW,,c09115577e93,私人情感倾诉消息
uci_04319,S...i will take mokka players only:),en,uci_sms_spam_collection_v1,ham,NEEDS_REVIEW,,288774809a8b,简短含义模糊的私人对话
uci_04320,Are you still playing with gautham?,en,uci_sms_spam_collection_v1,ham,NEEDS_REVIEW,,b5ba7fa05356,询问朋友近况的简短私人消息
uci_04321,Hey mr  and I are going to the sea view and having a couple of gays I mean games! Give me a bell when ya finish,en,uci_sms_spam_collection_v1,ham,NEEDS_REVIEW,,2e81aaabadda,关于去海边和游戏的私人社交安排
uci_04322,"K, jason says he's gonna be around so I'll be up there around  &lt;#&gt;",en,uci_sms_spam_collection_v1,ham,NEEDS_REVIEW,,a4c6d7cb02bd,简短私人确认消息
uci_04323,Sorry . I will be able to get to you. See you in the morning.,en,uci_sms_spam_collection_v1,ham,NEEDS_REVIEW,,c27a11d621bb,关于道歉和明天见面的私人消息
uci_04324,Aight well keep me informed,en,uci_sms_spam_collection_v1,ham,NEEDS_REVIEW,,98e1789a3979,简短私人回复
uci_04325,I am not having her number sir,en,uci_sms_spam_collection_v1,ham,NEEDS_REVIEW,,71d5674346ff,简短私人通知没有对方号码
uci_04326,Am only searching for good dual sim mobile pa.,en,uci_sms_spam_collection_v1,ham,NEEDS_REVIEW,,2643a85044e5,私人搜索手机的简短消息
uci_04327,That seems unnecessarily hostile,en,uci_sms_spam_collection_v1,ham,NEEDS_REVIEW,,dbf1ed4c27e4,含义模糊的私人简短消息
uci_04328,Dude got a haircut. Now its breezy up there,en,uci_sms_spam_collection_v1,ham,NEEDS_REVIEW,,37d98c7d1ac8,私人关于理发的简短评论
uci_04329,"Congrats! 2 mobile 3G Videophones R yours. call 09061744553 now! videochat wid ur mates, play java games, Dload polyH music, noline rentl. bx420. ip4. 5we. 150pm",en,uci_sms_spam_collection_v1,spam,AD,,cc5a1bb8128d,3G视频手机的付费推广服务
uci_04330,1Apple/Day=No Doctor. 1Tulsi Leaf/Day=No Cancer. 1Lemon/Day=No Fat. 1Cup Milk/day=No Bone Problms 3 Litres Watr/Day=No Diseases Snd ths 2 Whom U Care..:-),en,uci_sms_spam_collection_v1,ham,NEEDS_REVIEW,,dc22b01263f5,关于健康饮食习惯的转发消息
uci_04331,i thought we were doing a king of the hill thing there.,en,uci_sms_spam_collection_v1,ham,NEEDS_REVIEW,,83956d9ebb87,含义模糊的私人简短对话片段
uci_04332,Nope i'll come online now..,en,uci_sms_spam_collection_v1,ham,NEEDS_REVIEW,,cd5e9fbe8846,简短私人确认消息
uci_04333,ALSO TELL HIM I SAID HAPPY BIRTHDAY,en,uci_sms_spam_collection_v1,ham,NEEDS_REVIEW,,3b14e95a680f,传达生日祝福的简短私人消息
uci_04334,Y bishan lei... I tot ¨¹ say lavender?,en,uci_sms_spam_collection_v1,ham,NEEDS_REVIEW,,0fbc0a735684,关于地名/花名的简短私人讨论
uci_04335,Boo what time u get out? U were supposed to take me shopping today. :(,en,uci_sms_spam_collection_v1,ham,NEEDS_REVIEW,,3a5e41a131e2,关于未能去购物的私人抱怨消息
uci_04336,"Now u sound like manky scouse boy steve,like! I is travelling on da bus home.wot has u inmind 4 recreation dis eve?",en,uci_sms_spam_collection_v1,ham,NEEDS_REVIEW,,b1f8befa9f42,朋友间口音调侃和活动安排的私人消息
uci_04337,"Fyi I'm taking a quick shower, be at epsilon in like  &lt;#&gt;  min",en,uci_sms_spam_collection_v1,ham,NEEDS_REVIEW,,7bdfe66f0812,关于洗澡和见面的私人行程安排消息
uci_04338,on a Tuesday night r u 4 real,en,uci_sms_spam_collection_v1,ham,NEEDS_REVIEW,,5e0de180e0b5,询问朋友是否真实的简短私人消息
uci_04339,Yes when is the appt again?,en,uci_sms_spam_collection_v1,ham,NEEDS_REVIEW,,8faa0a0fe71b,询问预约时间的简短私人消息
uci_04340,Just got outta class gonna go gym.,en,uci_sms_spam_collection_v1,ham,NEEDS_REVIEW,,7940bbc078ef,关于去健身房的简短私人消息
uci_04341,I want to sent  &lt;#&gt; mesages today. Thats y. Sorry if i hurts,en,uci_sms_spam_collection_v1,ham,NEEDS_REVIEW,,84a7b80d6b6f,私人关于消息数量和感情表达的消息
uci_04342,¨¹ all write or wat..,en,uci_sms_spam_collection_v1,ham,NEEDS_REVIEW,,4537b314e192,含义不明的简短私人消息
uci_04343,Ha! I wouldn't say that I just didn't read anything into way u seemed. I don't like 2 be judgemental....i save that for fridays in the pub!,en,uci_sms_spam_collection_v1,ham,NEEDS_REVIEW,,03f6af5977f4,朋友间关于印象的闲聊消息
uci_04344,Its a valentine game. . . send dis msg to all ur friends. . If 5 answers r d same then someone really loves u. . Ques- which colour suits me the best?,en,uci_sms_spam_collection_v1,ham,NEEDS_REVIEW,,eb5e49262f0d,要求转发给所有朋友的感情测试连环信
uci_04345,Hi:)did you asked to waheeda fathima about leave?,en,uci_sms_spam_collection_v1,ham,NEEDS_REVIEW,,987648cb512f,简短私人询问消息
uci_04346,Enjoy urself tmr...,en,uci_sms_spam_collection_v1,ham,NEEDS_REVIEW,,ca5368fa072f,简短私人祝福消息
uci_04347,You still around? I could use a half-8th,en,uci_sms_spam_collection_v1,ham,NEEDS_REVIEW,,41538b11c282,询问毒品数量或暧昧含义的私人消息
uci_04348,U 447801259231 have a secret admirer who is looking 2 make contact with U-find out who they R*reveal who thinks UR so special-call on 09058094597,en,uci_sms_spam_collection_v1,spam,HARASS,,6cf92b09077d,商业暗恋者付费调查服务，需付费获取信息
uci_04349,You give us back my id proof and  &lt;#&gt;  rs. We wont allow you to work. We will come to your home within days,en,uci_sms_spam_collection_v1,ham,NEEDS_REVIEW,,8d336526b58a,关于ID和还款的威胁性消息，个人间纠纷
uci_04350,¨¹ bot notes oredi... Cos i juz rem i got...,en,uci_sms_spam_collection_v1,ham,NEEDS_REVIEW,,6b4d8f7ba606,关于笔记的简短私人确认消息
uci_04351,Yes. Rent is very expensive so its the way we save.,en,uci_sms_spam_collection_v1,ham,NEEDS_REVIEW,,96dc5f4cd492,关于租金和开销的私人讨论
uci_04352,"Night has ended for another day, morning has come in a special way. May you smile like the sunny rays and leaves your worries at the blue blue bay. Gud mrng",en,uci_sms_spam_collection_v1,ham,NEEDS_REVIEW,,1a315246ee2b,转发的早安祝福诗
uci_04353,Hows the pain dear?y r u smiling?,en,uci_sms_spam_collection_v1,ham,NEEDS_REVIEW,,7f6a5178d153,关心他人感受的私人消息
uci_04354,"Fun fact: although you would think armand would eventually build up a tolerance or some shit considering how much he smokes, he gets fucked up in like 2 hits",en,uci_sms_spam_collection_v1,ham,NEEDS_REVIEW,,eac9fa0d47bc,私人关于朋友酒量的笑话讨论
uci_04355,important information 4 orange user 0789xxxxxxx. today is your lucky day!2find out why log onto http://www.urawinner.com THERE'S A FANTASTIC SURPRISE AWAITING YOU!,en,uci_sms_spam_collection_v1,spam,FRAUD,,16941c6a9e22,伪装运营商虚假中奖通知，含钓鱼链接
uci_04356,"Sorry, I can't help you on this.",en,uci_sms_spam_collection_v1,ham,NEEDS_REVIEW,,8fbc78808202,简短私人回复消息
uci_04357,Great. So should i send you my account number.,en,uci_sms_spam_collection_v1,ham,NEEDS_REVIEW,,ec8e23fef961,关于发送银行账户的私人询问，含义模糊
uci_04358,"HELLOGORGEOUS, HOWS U? MY FONE WAS ON CHARGE LST NITW WEN U TEXD ME. HOPEU AD A NICE WKEND AS IM SURE U DID LOOKIN 4WARD 2 C-IN U 2MRW LUV JAZ",en,uci_sms_spam_collection_v1,ham,NEEDS_REVIEW,,4713d9cbaa00,朋友间的私人聊天消息
uci_04359,"Our dating service has been asked 2 contact U by someone shy! CALL 09058091870 NOW all will be revealed. POBox84, M26 3UZ 150p",en,uci_sms_spam_collection_v1,spam,HARASS,,4c2a60b0bbfc,垃圾约会服务推广，需付费获取谁联系你的信息
uci_04360,¨¹ only send me the contents page...,en,uci_sms_spam_collection_v1,ham,NEEDS_REVIEW,,e19c7d06d8ef,简短私人回复请求
uci_04361,"Night sweet, sleep well! I've just been to see The Exorcism of Emily Rose and may never sleep again! Hugs and snogs!",en,uci_sms_spam_collection_v1,ham,NEEDS_REVIEW,,c7a28048994d,私人关于电影的个人感受消息
uci_04362,"Don't Think About ""What u Have Got"" Think About ""How to Use It That You Have Got"" gooD ni8",en,uci_sms_spam_collection_v1,ham,NEEDS_REVIEW,,c0272da57fea,励志智慧转发消息
uci_04363,"I can't right this second, gotta hit people up first",en,uci_sms_spam_collection_v1,ham,NEEDS_REVIEW,,e6b399337510,关于稍后才能回复的简短私人消息
uci_04364,"Evry Emotion dsn't hav Words.Evry Wish dsn't hav Prayrs.. If u Smile,D World is wit u.Othrwise even d Drop of Tear dsn't lik 2 Stay wit u.So b happy.. Good morning, keep smiling:-)",en,uci_sms_spam_collection_v1,ham,NEEDS_REVIEW,,6e05efdc64fe,励志早安智慧转发
uci_04365,So what about you. What do you remember,en,uci_sms_spam_collection_v1,ham,NEEDS_REVIEW,,f9120c2625f4,私人关于记忆的讨论消息
uci_04366,Ujhhhhhhh computer shipped out with address to sandiago and parantella lane. Wtf. Poop.,en,uci_sms_spam_collection_v1,ham,NEEDS_REVIEW,,9f6b1becb511,关于快递地址的闲聊私人消息
uci_04367,Mm yes dear look how i am hugging you both. :-P,en,uci_sms_spam_collection_v1,ham,NEEDS_REVIEW,,74bfd478a275,表达思念和拥抱的私人消息
uci_04368,I like dis sweater fr mango but no more my size already so irritating.,en,uci_sms_spam_collection_v1,ham,NEEDS_REVIEW,,4fb464e0e474,私人关于毛衣尺寸问题的评论
uci_04369,1 I don't have her number and 2 its gonna be a massive pain in the ass and i'd rather not get involved if that's possible,en,uci_sms_spam_collection_v1,ham,NEEDS_REVIEW,,13cf4491b3c6,私人关于是否参与某事的讨论
uci_04370,Anytime lor...,en,uci_sms_spam_collection_v1,ham,NEEDS_REVIEW,,b5903427af5e,简短私人确认消息
uci_04371,Do you want a new Video handset? 750 any time any network mins? UNLIMITED TEXT? Camcorder? Reply or Call now 08000930705 for del Sat AM,en,uci_sms_spam_collection_v1,spam,AD,,157b819157af,视频手机的促销服务，含定价和联系方式
uci_04372,Purity of friendship between two is not about smiling after reading the forwarded message..Its about smiling just by seeing the name. Gud evng,en,uci_sms_spam_collection_v1,ham,NEEDS_REVIEW,,6c2c8d0a29db,关于友谊智慧的转发
uci_04373,"Ur balance is now ¡ê600. Next question: Complete the landmark, Big, A. Bob, B. Barry or C. Ben ?. Text A, B or C to 83738. Good luck!",en,uci_sms_spam_collection_v1,spam,FRAUD,,3840bbdf4d49,伪装账户余额的虚假奖金游戏，需付费回复问题
uci_04374,Me fine..absolutly fine,en,uci_sms_spam_collection_v1,ham,NEEDS_REVIEW,,718519066587,简短私人答复
uci_04375,K and you're sure I don't have to have consent forms to do it :V,en,uci_sms_spam_collection_v1,ham,NEEDS_REVIEW,,0b8f00754ddb,私人简短确认消息
uci_04376,Ur TONEXS subscription has been renewed and you have been charged ¡ê4.50. You can choose 10 more polys this month. www.clubzed.co.uk *BILLING MSG*,en,uci_sms_spam_collection_v1,spam,AD,,c7c336423fe4,手机音乐续费和收费通知的商业账单
uci_04377,"If you don't, your prize will go to another customer. T&C at www.t-c.biz 18+ 150p/min Polo Ltd Suite 373 London W1J 6HL Please call back if busy",en,uci_sms_spam_collection_v1,spam,FRAUD,,03f1a7d1d366,虚假有奖促销，要求回电或访问网站，典型付费电话陷阱
uci_04378,How much is torch in 9ja.,en,uci_sms_spam_collection_v1,ham,NEEDS_REVIEW,,6208dfc632c3,询问物品价格的简短私人消息
uci_04379,"Doing nothing, then u not having dinner w us?",en,uci_sms_spam_collection_v1,ham,NEEDS_REVIEW,,d6df0399a57c,关于是否一起吃晚饭的私人询问
uci_04380,How are you. Just checking up on you,en,uci_sms_spam_collection_v1,ham,NEEDS_REVIEW,,02bcf83ebe4d,关于近况的简短私人关怀消息
uci_04381,Done it but internet connection v slow and can¡®t send it. Will try again later or first thing tomo.,en,uci_sms_spam_collection_v1,ham,NEEDS_REVIEW,,dacd566de57b,关于网络连接和发送问题的简短私人消息
uci_04382,Mathews or tait or edwards or anderson,en,uci_sms_spam_collection_v1,ham,NEEDS_REVIEW,,7b2fea7b24f1,含义模糊的私人姓名列表
uci_04383,yeah sure thing mate haunt got all my stuff sorted but im going sound anyway promoting hex for .by the way who is this? dont know number. Joke,en,uci_sms_spam_collection_v1,ham,NEEDS_REVIEW,,c7d69a8825ce,关于拜访朋友和工作的闲聊私人消息
uci_04384,No need lar i go engin? Cos my sis at arts today...,en,uci_sms_spam_collection_v1,ham,NEEDS_REVIEW,,4cad3b663114,关于上学和专业的简短私人消息
uci_04385,Thanks honey but still haven't heard anything I will leave it a bit longer so not 2 crowd him and will try later - great advice thanks hope cardiff is still there!,en,uci_sms_spam_collection_v1,ham,NEEDS_REVIEW,,bbd6a60266a7,关于耐心等待某人消息的讨论
uci_04386,Do you want a New Nokia 3510i Colour Phone Delivered Tomorrow? With 200 FREE minutes to any mobile + 100 FREE text + FREE camcorder Reply or Call 8000930705,en,uci_sms_spam_collection_v1,spam,AD,,eeb8cb15d707,Nokia手机免费赠送促销活动，要求回电
uci_04387,", im .. On the snowboarding trip. I was wondering if your planning to get everyone together befor we go..a meet and greet kind of affair? Cheers,",en,uci_sms_spam_collection_v1,ham,NEEDS_REVIEW,,0579bdbb569d,关于聚会安排的私人消息
uci_04388,S.i'm watching it in live..,en,uci_sms_spam_collection_v1,ham,NEEDS_REVIEW,,acaa213cba9a,简短私人确认消息
uci_04389,"see you then, we're all christmassy here!",en,uci_sms_spam_collection_v1,ham,NEEDS_REVIEW,,e78f4846ab2b,简短私人约定消息
uci_04390,"K I'm ready,  &lt;#&gt; ?",en,uci_sms_spam_collection_v1,ham,NEEDS_REVIEW,,8874f57c9870,简短私人确认消息
uci_04391,"Do you know why god created gap between your fingers..? So that, One who is made for you comes &amp; fills those gaps by holding your hand with LOVE..!",en,uci_sms_spam_collection_v1,ham,NEEDS_REVIEW,,30b38c3d5eec,关于爱情的转发生理智慧消息
uci_04392,The greatest test of courage on earth is to bear defeat without losing heart....gn tc,en,uci_sms_spam_collection_v1,ham,NEEDS_REVIEW,,a5f49fc248b5,关于勇气的励志格言转发
uci_04393,what are your new years plans?,en,uci_sms_spam_collection_v1,ham,NEEDS_REVIEW,,76a8e8e8bd2c,关于新年计划的私人聊天消息
uci_04394,RECPT 1/3. You have ordered a Ringtone. Your order is being processed...,en,uci_sms_spam_collection_v1,spam,AD,,296d1f592b3c,手机铃声订单确认的商业通知
uci_04395,Baaaaaaaabe! Wake up ! I miss you ! I crave you! I need you!,en,uci_sms_spam_collection_v1,ham,NEEDS_REVIEW,,4c0e1537237b,关于想念某人的亲密私人消息
uci_04396,"Only just got this message, not ignoring you. Yes, i was. Shopping that is",en,uci_sms_spam_collection_v1,ham,NEEDS_REVIEW,,0753076f9ec3,关于购物的简短私人回复
uci_04397,Dear :-/ why you mood off. I cant drive so i brother to drive,en,uci_sms_spam_collection_v1,ham,NEEDS_REVIEW,,dee7084eaa5f,关于开车的简短私人消息
uci_04398,When did dad get back.,en,uci_sms_spam_collection_v1,ham,NEEDS_REVIEW,,b3f707037692,询问父亲回家的简短私人消息
uci_04399,"Can you tell Shola to please go to college of medicine and visit the academic department, tell the academic secretary what the current situation is and ask if she can transfer there. She should ask someone to check Sagamu for the same thing and lautech. Its vital she completes her medical education in Nigeria. Its less expensive much less expensive. Unless she will be getting citizen rates in new zealand.",en,uci_sms_spam_collection_v1,ham,NEEDS_REVIEW,,ac0b4537390f,关于大学和转学安排的详细私人消息
uci_04400,Yes just finished watching days of our lives. I love it.,en,uci_sms_spam_collection_v1,ham,NEEDS_REVIEW,,8cec62f8e5e7,关于电视剧观后感的私人消息
uci_04401,Juz go google n search 4 qet...,en,uci_sms_spam_collection_v1,ham,NEEDS_REVIEW,,4bbf8b3238d4,关于使用Google的简短私人消息
uci_04402,Many times we lose our best ones bcoz we are,en,uci_sms_spam_collection_v1,ham,NEEDS_REVIEW,,fea407570778,不完整的含义模糊转发消息
uci_04403,"Good FRIENDS CaRE for each Other.. CLoSE Friends UNDERSTaND each Other... and TRUE Friends STaY forever beyond words, beyond time. Gud ni8",en,uci_sms_spam_collection_v1,ham,NEEDS_REVIEW,,e84591cbc26a,关于友谊的转发智慧
uci_04404,Just getting back home,en,uci_sms_spam_collection_v1,ham,NEEDS_REVIEW,,a96c5821ac15,简短私人行程消息
uci_04405,"Sorry, I'll call later  &lt;#&gt; mins",en,uci_sms_spam_collection_v1,ham,NEEDS_REVIEW,,b117ee3f0bcf,简短私人道歉消息
uci_04406,Dun need to use dial up juz open da browser n surf...,en,uci_sms_spam_collection_v1,ham,NEEDS_REVIEW,,c0fb25351fec,关于使用浏览器上网的简短私人消息
uci_04407,As one of our registered subscribers u can enter the draw 4 a 100 G.B. gift voucher by replying with ENTER. To unsubscribe text STOP,en,uci_sms_spam_collection_v1,spam,AD,,a0af6c31ec77,订阅者抽奖促销可获得礼品券
uci_04408,"Awesome, plan to get here any time after like  &lt;#&gt; , I'll text you details in a wee bit",en,uci_sms_spam_collection_v1,ham,NEEDS_REVIEW,,a069772559af,关于行程安排的私人消息
uci_04409,Take care and sleep well.you need to learn to change in life.you only need to get CONVINCED on that.i will wait but no more conversations between us.GET CONVINCED by that time.Your family is over for you in many senses.respect them but not overemphasise.or u have no role in my life.,en,uci_sms_spam_collection_v1,ham,NEEDS_REVIEW,,f584ac5b77b0,个人关系中的情感对话
uci_04410,"For your chance to WIN a FREE Bluetooth Headset then simply reply back with ""ADP""",en,uci_sms_spam_collection_v1,spam,AD,,97d64ea48acd,免费蓝牙耳机抽奖促销活动
uci_04411,You also didnt get na hi hi hi hi hi,en,uci_sms_spam_collection_v1,ham,NEEDS_REVIEW,,2032ad8c093d,含义不明的简短私人消息
uci_04412,Ya but it cant display internal subs so i gotta extract them,en,uci_sms_spam_collection_v1,ham,NEEDS_REVIEW,,0ccb550e5b49,技术对话，含义模糊
uci_04413,If i said anything wrong sorry de:-),en,uci_sms_spam_collection_v1,ham,NEEDS_REVIEW,,336ac7310d8a,简短私人道歉消息
uci_04414,Sad story of a Man - Last week was my b'day. My Wife did'nt wish me. My Parents forgot n so did my Kids . I went to work. Even my Colleagues did not wish.,en,uci_sms_spam_collection_v1,ham,NEEDS_REVIEW,,0de513b60c46,关于生日的转发感人故事
uci_04415,How stupid to say that i challenge god.You dont think at all on what i write instead you respond immed.,en,uci_sms_spam_collection_v1,ham,NEEDS_REVIEW,,2cf779177735,私人关于挑战上帝的讨论
uci_04416,"Yeah I should be able to, I'll text you when I'm ready to meet up",en,uci_sms_spam_collection_v1,ham,NEEDS_REVIEW,,ae13aeedf4f9,简短私人确认消息
uci_04417,V skint too but fancied few bevies.waz gona go meet &othrs in spoon but jst bin watchng planet earth&sofa is v comfey; If i dont make it hav gd night,en,uci_sms_spam_collection_v1,ham,NEEDS_REVIEW,,4b59ff95dcf7,关于喝酒聚会的私人消息
uci_04418,"says that he's quitting at least5times a day so i wudn't take much notice of that. Nah, she didn't mind. Are you gonna see him again? Do you want to come to taunton tonight? U can tell me all about !",en,uci_sms_spam_collection_v1,ham,NEEDS_REVIEW,,b937652f6dfb,关于工作和感情生活的闲聊私人消息
uci_04419,"When you get free, call me",en,uci_sms_spam_collection_v1,ham,NEEDS_REVIEW,,e08fd0a90598,简短私人通话邀约消息
uci_04420,How have your little darlings been so far this week? Need a coffee run tomo?Can't believe it's that time of week already ¡­,en,uci_sms_spam_collection_v1,ham,NEEDS_REVIEW,,c65d52a0b57c,关于工作和聚会的私人关怀消息
uci_04421,Ok i msg u b4 i leave my house.,en,uci_sms_spam_collection_v1,ham,NEEDS_REVIEW,,995862b77902,简短私人预告消息
uci_04422,Still at west coast... Haiz... ¨¹'ll take forever to come back...,en,uci_sms_spam_collection_v1,ham,NEEDS_REVIEW,,58934edcca78,关于回家行程的抱怨式私人消息
uci_04423,MMM ... Fuck .... Merry Christmas to me,en,uci_sms_spam_collection_v1,ham,NEEDS_REVIEW,,c24978592cb8,私人圣诞节抱怨
uci_04424,alright. Thanks for the advice. Enjoy your night out. I'ma try to get some sleep...,en,uci_sms_spam_collection_v1,ham,NEEDS_REVIEW,,f302613bd76f,关于晚安的私人消息
uci_04425,Update your face book status frequently :),en,uci_sms_spam_collection_v1,ham,NEEDS_REVIEW,,5005496668b2,关于更新Facebook的简短私人建议
uci_04426,Just now saw your message.it k da:),en,uci_sms_spam_collection_v1,ham,NEEDS_REVIEW,,5c32c59b68b6,简短私人确认消息
uci_04427,Was it something u ate?,en,uci_sms_spam_collection_v1,ham,NEEDS_REVIEW,,1726814948e2,私人关于是否吃坏东西的关心消息
uci_04428,So what did the bank say about the money?,en,uci_sms_spam_collection_v1,ham,NEEDS_REVIEW,,cac67059e6b2,关于银行事务的简短私人询问
uci_04429,Aiyar dun disturb u liao... Thk u have lots 2 do aft ur cupboard come...,en,uci_sms_spam_collection_v1,ham,NEEDS_REVIEW,,8aaa689cccdc,关于家具到货的简短私人消息
uci_04430,Hey they r not watching movie tonight so i'll prob b home early...,en,uci_sms_spam_collection_v1,ham,NEEDS_REVIEW,,c850952c29e4,关于电影和回家的私人消息
uci_04431,Yar lor... How u noe? U used dat route too?,en,uci_sms_spam_collection_v1,ham,NEEDS_REVIEW,,4ea05479c976,关于交通路线的简短私人讨论
uci_04432,2mro i am not coming to gym machan. Goodnight.,en,uci_sms_spam_collection_v1,ham,NEEDS_REVIEW,,481b20caed1b,简短私人晚安消息
uci_04433,Dont think you need yellow card for uk travel. Ask someone that has gone before. If you do its just  &lt;#&gt; bucks,en,uci_sms_spam_collection_v1,ham,NEEDS_REVIEW,,0e1e8f55389f,关于旅行卡建议的私人消息
uci_04434,Can u look 4 me in da lib i got stuff havent finish yet.,en,uci_sms_spam_collection_v1,ham,NEEDS_REVIEW,,9bb15bc7d6bf,简短私人消息告知有工作未完成
uci_04435,Sounds great! Im going to sleep now. Have a good night!,en,uci_sms_spam_collection_v1,ham,NEEDS_REVIEW,,6b342746dd4c,简短私人晚安祝福消息
uci_04436,Don't b floppy... b snappy & happy! Only gay chat service with photo upload call 08718730666 (10p/min). 2 stop our texts call 08712460324,en,uci_sms_spam_collection_v1,spam,HARASS,,0cb4be42d119,成人聊天服务推广，按分钟计费
uci_04437,"House-Maid is the murderer, coz the man was murdered on  &lt;#&gt; th January.. As public holiday all govt.instituitions are closed,including post office..understand?",en,uci_sms_spam_collection_v1,ham,NEEDS_REVIEW,,2fb412b13400,私人关于故事的困惑讨论
uci_04438,How come u got nothing to do?,en,uci_sms_spam_collection_v1,ham,NEEDS_REVIEW,,4f83a4a917ea,私人简短询问消息
uci_04439,Nothing will ever be easy. But don't be looking for a reason not to take a risk on life and love,en,uci_sms_spam_collection_v1,ham,NEEDS_REVIEW,,9c7222151cf9,转发的人生智慧格言
uci_04440,i want to grasp your pretty booty :),en,uci_sms_spam_collection_v1,ham,NEEDS_REVIEW,qa_fix_v1,009034f7d254,[fix:adult-or-secret-admirer NEEDS_REVIEW->HARASS] 关于触摸的暧昧简短私人消息 [fix:revert-ham-kisses-xxx HARASS->NEEDS_REVIEW]
uci_04441,I've got it down to a tea. not sure which flavour,en,uci_sms_spam_collection_v1,ham,NEEDS_REVIEW,,eb08828238eb,关于茶的简短私人意见
uci_04442,I'm going 2 orchard now laready me reaching soon. U reaching?,en,uci_sms_spam_collection_v1,ham,NEEDS_REVIEW,,9d7b148280d6,关于行程安排的简短私人消息
uci_04443,Dear i am not denying your words please,en,uci_sms_spam_collection_v1,ham,NEEDS_REVIEW,,cbc50de7604c,私人道歉消息
uci_04444,You know my old Dom I told you about yesterday ? His name is Roger? He got in touch with me last night and wants me to meet him today at 2 pm,en,uci_sms_spam_collection_v1,ham,NEEDS_REVIEW,,7b38c276e853,关于见某人朋友的私人社交消息
uci_04445,COME BACK TO TAMPA FFFFUUUUUUU,en,uci_sms_spam_collection_v1,ham,NEEDS_REVIEW,,a2bbcdc59f73,私人简短情感消息
uci_04446,"2 celebrate my b?day, y else?",en,uci_sms_spam_collection_v1,ham,NEEDS_REVIEW,,5c055b439add,关于生日庆祝的私人讨论
uci_04447,Merry christmas to u too annie!,en,uci_sms_spam_collection_v1,ham,NEEDS_REVIEW,,3b573f047491,圣诞节祝福的简短私人消息
uci_04448,Please tell me you have some of that special stock you were talking about,en,uci_sms_spam_collection_v1,ham,NEEDS_REVIEW,,f42d71a10f74,关于私人关系的询问消息
uci_04449,I sent them. Do you like?,en,uci_sms_spam_collection_v1,ham,NEEDS_REVIEW,,c61d9595fff7,简短私人回复消息
uci_04450,"Urgent UR awarded a complimentary trip to EuroDisinc Trav, Aco&Entry41 Or ¡ê1000. To claim txt DIS to 87121 18+6*¡ê1.50(moreFrmMob. ShrAcomOrSglSuplt)10, LS1 3AJ",en,uci_sms_spam_collection_v1,spam,FRAUD,,33de1040600c,虚假中奖旅行或1000镑奖金通知，需回复付费短信领取
uci_04451,"Awesome, be there in a minute",en,uci_sms_spam_collection_v1,ham,NEEDS_REVIEW,,79c6a4b117c2,简短私人确认消息
uci_04452,"And that is the problem. You walk around in ""julianaland"" oblivious to what is going on around you. I say the same things constantly and they go in one ear and out the other while you go off doing whatever you want to do. It's not that you don't know why I'm upset--it's that you don't listen when i tell you WHAT is going to upset me. Then you want to be surprised when I'm mad.",en,uci_sms_spam_collection_v1,ham,NEEDS_REVIEW,,8787072460d7,关于私人关系的长消息
uci_04453,I've told you everything will stop. Just dont let her get dehydrated.,en,uci_sms_spam_collection_v1,ham,NEEDS_REVIEW,,7692f774a37b,关于补水的私人关怀消息
uci_04454,Or I guess  &lt;#&gt;  min,en,uci_sms_spam_collection_v1,ham,NEEDS_REVIEW,,c3ee6565ee67,含义模糊的简短私人消息
uci_04455,I'm home. Ard wat time will u reach?,en,uci_sms_spam_collection_v1,ham,NEEDS_REVIEW,,8ff54fd6d049,关于到达时间的私人消息
uci_04456,"Storming msg: Wen u lift d phne, u say ""HELLO"" Do u knw wt is d real meaning of HELLO?? . . . It's d name of a girl..! . . . Yes.. And u knw who is dat girl?? ""Margaret Hello"" She is d girlfrnd f Grahmbell who invnted telphone... . . . . Moral:One can 4get d name of a person, bt not his girlfrnd... G o o d n i g h t . . .@",en,uci_sms_spam_collection_v1,ham,NEEDS_REVIEW,,2f0bb1f45617,关于HELLO字源知识的转发冷知识消息
uci_04457,"If you want to mapquest it or something look up ""usf dogwood drive"", that's the tiny street where the parking lot is",en,uci_sms_spam_collection_v1,ham,NEEDS_REVIEW,,0d9f5aaf6a62,关于地址导航的简短私人消息
uci_04458,Aight should I just plan to come up later tonight?,en,uci_sms_spam_collection_v1,ham,NEEDS_REVIEW,,d801a3a23b72,关于今晚计划的私人确认消息
uci_04459,Die... I accidentally deleted e msg i suppose 2 put in e sim archive. Haiz... I so sad...,en,uci_sms_spam_collection_v1,ham,NEEDS_REVIEW,,66beaf69bf9f,关于删除消息的私人抱怨
uci_04460,"Welcome to UK-mobile-date this msg is FREE giving you free calling to 08719839835. Future mgs billed at 150p daily. To cancel send ""go stop"" to 89123",en,uci_sms_spam_collection_v1,spam,HARASS,,e342ede90b2e,商业约会服务推广，每日收费需发送STOP取消
uci_04461,This is wishing you a great day. Moji told me about your offer and as always i was speechless. You offer so easily to go to great lengths on my behalf and its stunning. My exam is next friday. After that i will keep in touch more. Sorry.,en,uci_sms_spam_collection_v1,ham,NEEDS_REVIEW,,a02081798133,关于申请和学校计划的长消息
uci_04462,"Thanks again for your reply today. When is ur visa coming in. And r u still buying the gucci and bags. My sister things are not easy, uncle john also has his own bills so i really need to think about how to make my own money. Later sha.",en,uci_sms_spam_collection_v1,ham,NEEDS_REVIEW,,42596a091cdc,关于购物和学费的私人讨论
uci_04463,"Sorry I flaked last night, shit's seriously goin down with my roommate, what you up to tonight?",en,uci_sms_spam_collection_v1,ham,NEEDS_REVIEW,,fdc0b8c11114,关于昨晚失约的道歉和聚会计划消息
uci_04464,He said i look pretty wif long hair wat. But i thk he's cutting quite short 4 me leh.,en,uci_sms_spam_collection_v1,ham,NEEDS_REVIEW,,6a6873638c01,关于发型的简短私人评论
uci_04465,Ranjith cal drpd Deeraj and deepak 5min hold,en,uci_sms_spam_collection_v1,ham,NEEDS_REVIEW,,e032fcfc5c97,关于转接电话的简短私人消息
uci_04466,"""CHEERS FOR CALLIN BABE.SOZI CULDNT TALKBUT I WANNATELL U DETAILS LATER WENWECAN CHAT PROPERLY X""",en,uci_sms_spam_collection_v1,ham,NEEDS_REVIEW,,0757a786bc6f,简短私人语音消息转文字
uci_04467,Hey u still at the gym?,en,uci_sms_spam_collection_v1,ham,NEEDS_REVIEW,,28753f95d38f,简短私人询问消息
uci_04468,"She said,'' do u mind if I go into the bedroom for a minute ? '' ''OK'', I sed in a sexy mood. She came out 5 minuts latr wid a cake...n My Wife,",en,uci_sms_spam_collection_v1,ham,NEEDS_REVIEW,qa_fix_v1,9e8cf5f74e37,[fix:adult-or-secret-admirer NEEDS_REVIEW->HARASS] 关于丈夫生日蛋糕的私人家庭对话 [fix:revert-ham-kisses-xxx HARASS->NEEDS_REVIEW]
uci_04469,Much better now thanks lol,en,uci_sms_spam_collection_v1,ham,NEEDS_REVIEW,,de34b10b026f,简短私人感谢消息
uci_04470,"Nothing, smsing u n xy lor. Sorry lor da guys neva c u in person but they sort of know u lor. So u wan 2 meet them xy ask me 2 bring u along 4 our next meeting.",en,uci_sms_spam_collection_v1,ham,NEEDS_REVIEW,,4af1f53a33b2,关于认识某人的私人社交讨论
uci_04471,"Lemme know when I can swing by and pick up, I'm free basically any time after 1 all this semester",en,uci_sms_spam_collection_v1,ham,NEEDS_REVIEW,,09c68ab3e47f,关于取东西的简短私人消息
uci_04472,Wa... U so efficient... Gee... Thanx...,en,uci_sms_spam_collection_v1,ham,NEEDS_REVIEW,,bca21939d23d,简短私人感谢消息
uci_04473,3. You have received your mobile content. Enjoy,en,uci_sms_spam_collection_v1,spam,AD,,8fa21a33496d,移动内容交付确认的商业消息
uci_04474,S but not able to sleep.,en,uci_sms_spam_collection_v1,ham,NEEDS_REVIEW,,bce7853288a6,关于失眠的简短私人消息
uci_04475,Want explicit SEX in 30 secs? Ring 02073162414 now! Costs 20p/min,en,uci_sms_spam_collection_v1,spam,HARASS,,717a25febba6,成人性服务推广，按分钟收费
uci_04476,We will meet soon princess! Ttyl!,en,uci_sms_spam_collection_v1,ham,NEEDS_REVIEW,,faefbc2b9436,简短私人思念消息
uci_04477,I'll pick you up at about 5.15pm to go to taunton if you still want to come.,en,uci_sms_spam_collection_v1,ham,NEEDS_REVIEW,,aef75daf6e60,关于接人的简短私人行程安排
uci_04478,Oh :-)only 4 outside players allowed to play know,en,uci_sms_spam_collection_v1,ham,NEEDS_REVIEW,,a52fecd5155d,关于比赛规则的简短私人评论
uci_04479,I anything lor.,en,uci_sms_spam_collection_v1,ham,NEEDS_REVIEW,,c08242dc545f,简短含义模糊的私人消息
uci_04480,Erutupalam thandiyachu,en,uci_sms_spam_collection_v1,ham,NEEDS_REVIEW,,1ffd7fdb8240,含义模糊的私人消息，可能是地方语言
uci_04481,"Y cant u try new invention to fly..i'm not joking.,",en,uci_sms_spam_collection_v1,ham,NEEDS_REVIEW,,7824ee7d17a0,私人简短笑话消息
uci_04482,No..its ful of song lyrics..,en,uci_sms_spam_collection_v1,ham,NEEDS_REVIEW,,f18b5196f002,关于歌曲含义的简短私人讨论
uci_04483,"What do u reckon as need 2 arrange transport if u can't do it, thanks",en,uci_sms_spam_collection_v1,ham,NEEDS_REVIEW,,3c5289fef8f8,关于交通安排的私人询问
uci_04484,True lov n care wil nevr go unrecognized. though somone often makes mistakes when valuing it. but they will definitly undrstnd once when they start missing it.,en,uci_sms_spam_collection_v1,ham,NEEDS_REVIEW,,e80623f14aff,关于真爱的转发智慧
uci_04485,Shopping? Eh ger i toking abt syd leh...Haha,en,uci_sms_spam_collection_v1,ham,NEEDS_REVIEW,,a6d97edde72d,关于购物行程的简短私人消息
uci_04486,What not under standing.,en,uci_sms_spam_collection_v1,ham,NEEDS_REVIEW,,ca3c71b55970,含义不明的简短私人消息
uci_04487,have * good weekend.,en,uci_sms_spam_collection_v1,ham,NEEDS_REVIEW,,48647a607db0,周末祝福的简短私人消息
uci_04488,Miss call miss call khelate kintu opponenter miss call dhorte lage. Thats d rule. One with great phone receiving quality wins.,en,uci_sms_spam_collection_v1,ham,NEEDS_REVIEW,,b393a39905d0,含义模糊的私人技术消息
uci_04489,Call me when you get the chance plz &lt;3,en,uci_sms_spam_collection_v1,ham,NEEDS_REVIEW,,cd720277d2d8,简短私人通话邀约消息
uci_04490,The new deus ex game comin early next yr,en,uci_sms_spam_collection_v1,ham,NEEDS_REVIEW,,ef26e6a255d4,关于游戏的简短私人消息
uci_04491,My computer just fried the only essential part we don't keep spares of because my fucking idiot roommates looovvve leaving the thing running on full  &lt;#&gt; /7,en,uci_sms_spam_collection_v1,ham,NEEDS_REVIEW,,e5bac49ec5db,关于室友的抱怨私人消息
uci_04492,"My friend, she's studying at warwick, we've planned to go shopping and to concert tmw, but it may be canceled, havn't seen  for ages, yeah we should get together sometime!",en,uci_sms_spam_collection_v1,ham,NEEDS_REVIEW,,00989983f2ff,关于聚会计划的私人消息
uci_04493,Probably a couple hours tops,en,uci_sms_spam_collection_v1,ham,NEEDS_REVIEW,,f0ae4b55dc21,关于到达时间的简短私人消息
uci_04494,"LOL .. *grins* .. I'm not babe, but thanks for thinking of me!",en,uci_sms_spam_collection_v1,ham,NEEDS_REVIEW,,3ad5812d4e2f,简短私人回复消息
uci_04495,Man this bus is so so so slow. I think you're gonna get there before me,en,uci_sms_spam_collection_v1,ham,NEEDS_REVIEW,,3aacc425b368,关于公交车的抱怨简短私人消息
uci_04496,Hope this text meets you smiling. If not then let this text give you a reason to smile. Have a beautiful day.,en,uci_sms_spam_collection_v1,ham,NEEDS_REVIEW,,b76e1ef36e50,关于阳光微笑的转发祝福消息
uci_04497,"In case you wake up wondering where I am, I forgot I have to take care of something for grandma today, should be done before the parade",en,uci_sms_spam_collection_v1,ham,NEEDS_REVIEW,,32fcd8b3bbcb,关于照顾祖母的简短私人行程消息
uci_04498,Ok,en,uci_sms_spam_collection_v1,ham,NEEDS_REVIEW,,7a85f4764bbd,简短私人确认回复
uci_04499,"Latest Nokia Mobile or iPOD MP3 Player +¡ê400 proze GUARANTEED! Reply with: WIN to 83355 now! Norcorp Ltd.¡ê1,50/Mtmsgrcvd18+",en,uci_sms_spam_collection_v1,spam,FRAUD,,6aeffbb5b62e,虚假中奖Nokia或iPod，需回复WIN支付短信费领取奖品
uci_04500,"SMS SERVICES. for your inclusive text credits, pls goto www.comuk.net login= 3qxj9 unsubscribe with STOP, no extra charge. help 08702840625.COMUK. 220-CM2 9AE",en,uci_sms_spam_collection_v1,spam,NEEDS_REVIEW,,25189d45c05a,私人闲聊/日常对话，不属于业务通知或商业推广
uci_04501,Nvm take ur time.,en,uci_sms_spam_collection_v1,ham,NEEDS_REVIEW,,1df58959dc9c,私人闲聊/日常对话，不属于业务通知或商业推广
uci_04502,So wat's da decision?,en,uci_sms_spam_collection_v1,ham,NEEDS_REVIEW,,ecada7b3b28d,私人闲聊/日常对话，不属于业务通知或商业推广
uci_04503,Wot is u up 2 then bitch?,en,uci_sms_spam_collection_v1,ham,NEEDS_REVIEW,,55afb6685f95,私人闲聊/日常对话，不属于业务通知或商业推广
uci_04504,Stupid.its not possible,en,uci_sms_spam_collection_v1,ham,NEEDS_REVIEW,,1f989e007ecb,私人闲聊/日常对话，不属于业务通知或商业推广
uci_04505,She told to hr that he want posting in chennai:)because i'm working here:),en,uci_sms_spam_collection_v1,ham,NEEDS_REVIEW,,95d277de231e,私人闲聊/日常对话，不属于业务通知或商业推广
uci_04506,Mobile Club: Choose any of the top quality items for your mobile. 7cfca1a,en,uci_sms_spam_collection_v1,spam,AD,,fb3e67d5e24c,正品手机配件订阅促销广告
uci_04507,When are you guys leaving?,en,uci_sms_spam_collection_v1,ham,NEEDS_REVIEW,,a5f7f74a4604,私人闲聊/日常对话，不属于业务通知或商业推广
uci_04508,He neva grumble but i sad lor... Hee... Buy tmr lor aft lunch. But we still meetin 4 lunch tmr a not. Neva hear fr them lei. ¨¹ got a lot of work ar?,en,uci_sms_spam_collection_v1,ham,NEEDS_REVIEW,,bb388f7ccaf5,私人闲聊/日常对话，不属于业务通知或商业推广
uci_04509,Not able to do anything.,en,uci_sms_spam_collection_v1,ham,NEEDS_REVIEW,,febb8b4b51b5,私人闲聊/日常对话，不属于业务通知或商业推广
uci_04510,¨¹ takin linear algebra today?,en,uci_sms_spam_collection_v1,ham,NEEDS_REVIEW,,ccb10e06bf80,私人闲聊/日常对话，不属于业务通知或商业推广
uci_04511,This weekend is fine (an excuse not to do too much decorating),en,uci_sms_spam_collection_v1,ham,NEEDS_REVIEW,,471b2cc72f84,私人闲聊/日常对话，不属于业务通知或商业推广
uci_04512,"Sorry I missed you babe. I was up late and slept in. I hope you enjoy your driving lesson, boytoy. I miss you too ... *teasing kiss*",en,uci_sms_spam_collection_v1,ham,NEEDS_REVIEW,,6d392141e50d,私人闲聊/日常对话，不属于业务通知或商业推广
uci_04513,Now project pa. After that only i can come.,en,uci_sms_spam_collection_v1,ham,NEEDS_REVIEW,,eee9cebdc6f0,私人闲聊/日常对话，不属于业务通知或商业推广
uci_04514,Money i have won wining number 946 wot do i do next,en,uci_sms_spam_collection_v1,spam,FRAUD,,4b18cf73daff,假冒中奖通知，询问中奖号码后续操作
uci_04515,"Sure, whenever you show the fuck up &gt;:(",en,uci_sms_spam_collection_v1,ham,NEEDS_REVIEW,,76953beb58ea,私人闲聊/日常对话，不属于业务通知或商业推广
uci_04516,That was random saw my old roomate on campus. He graduated,en,uci_sms_spam_collection_v1,ham,NEEDS_REVIEW,,399fa9c96f19,私人闲聊/日常对话，不属于业务通知或商业推广
uci_04517,"Congrats! 2 mobile 3G Videophones R yours. call 09061744553 now! videochat wid ur mates, play java games, Dload polyH music, noline rentl. bx420. ip4. 5we. 150pm",en,uci_sms_spam_collection_v1,spam,FRAUD,,cc5a1bb8128d,假中奖通知，诱导拨打付费电话
uci_04518,"Men always needs a beautiful, intelligent, caring, loving, adjustable, cooperative wife. But the law allows only one wife....",en,uci_sms_spam_collection_v1,ham,NEEDS_REVIEW,,13e42b1059bf,私人闲聊/日常对话，不属于业务通知或商业推广
uci_04519,That sucks. So what do you got planned for your yo valentine? I am your yo valentine aren't I?,en,uci_sms_spam_collection_v1,ham,NEEDS_REVIEW,,0d6991a63aec,私人闲聊/日常对话，不属于业务通知或商业推广
uci_04520,"Just got part Nottingham - 3 hrs 63miles. Good thing i love my man so much, but only doing 40mph. Hey ho",en,uci_sms_spam_collection_v1,ham,NEEDS_REVIEW,,078ae75e9f48,私人闲聊/日常对话，不属于业务通知或商业推广
uci_04521,What to think no one saying clearly. Ok leave no need to ask her. I will go if she come or not,en,uci_sms_spam_collection_v1,ham,NEEDS_REVIEW,,a86f9a05185b,私人闲聊/日常对话，不属于业务通知或商业推广
uci_04522,Hi good mornin.. Thanku wish u d same..,en,uci_sms_spam_collection_v1,ham,NEEDS_REVIEW,,787a009db6cc,私人闲聊/日常对话，不属于业务通知或商业推广
uci_04523,DO U WANT 2 MEET UP 2MORRO,en,uci_sms_spam_collection_v1,ham,NEEDS_REVIEW,,2c44d51f51c0,私人闲聊/日常对话，不属于业务通知或商业推广
uci_04524,Actually I decided I was too hungry so I haven't left yet :V,en,uci_sms_spam_collection_v1,ham,NEEDS_REVIEW,,2c973e48c2ef,私人闲聊/日常对话，不属于业务通知或商业推广
uci_04525,I've sent ¨¹ my part..,en,uci_sms_spam_collection_v1,ham,NEEDS_REVIEW,,fc388d39235a,私人闲聊/日常对话，不属于业务通知或商业推广
uci_04526,Cos i was out shopping wif darren jus now n i called him 2 ask wat present he wan lor. Then he started guessing who i was wif n he finally guessed darren lor.,en,uci_sms_spam_collection_v1,ham,NEEDS_REVIEW,,045127acb1bd,私人闲聊/日常对话，不属于业务通知或商业推广
uci_04527,"I want some cock! My hubby's away, I need a real man 2 satisfy me. Txt WIFE to 89938 for no strings action. (Txt STOP 2 end, txt rec ¡ê1.50ea. OTBox 731 LA1 7WS. )",en,uci_sms_spam_collection_v1,spam,HARASS,,8bbaf31cba59,成人约炮交友骚扰短信，诱导色情互动
uci_04528,Understand. his loss is my gain :) so do you work? School?,en,uci_sms_spam_collection_v1,ham,NEEDS_REVIEW,,c2b4d8563355,私人闲聊/日常对话，不属于业务通知或商业推广
uci_04529,HOW ARE U? I HAVE MISSED U! I HAVENT BEEN UP 2 MUCH A BIT BORED WITH THE HOLIDAY WANT 2 GO BAK 2 COLLEGE! SAD ISNT IT?xx,en,uci_sms_spam_collection_v1,ham,NEEDS_REVIEW,,cb55891583b2,私人闲聊/日常对话，不属于业务通知或商业推广
uci_04530,"Hiya, probably coming home * weekend after next",en,uci_sms_spam_collection_v1,ham,NEEDS_REVIEW,,a69382ddcc23,私人闲聊/日常对话，不属于业务通知或商业推广
uci_04531,Don't forget though that I love you .... And I walk beside you. Watching over you and keeping your heart warm.,en,uci_sms_spam_collection_v1,ham,NEEDS_REVIEW,,40224ad1dc5e,私人闲聊/日常对话，不属于业务通知或商业推广
uci_04532,I wish things were different. I wonder when i will be able to show you how much i value you. Pls continue the brisk walks no drugs without askin me please and find things to laugh about. I love you dearly.,en,uci_sms_spam_collection_v1,ham,NEEDS_REVIEW,,57034c8e9457,私人闲聊/日常对话，不属于业务通知或商业推广
uci_04533,Ok both our days. So what are you making for dinner tonite? Am I invited?,en,uci_sms_spam_collection_v1,ham,NEEDS_REVIEW,,29a34c78b3be,私人闲聊/日常对话，不属于业务通知或商业推广
uci_04534,Gr8 new service - live sex video chat on your mob - see the sexiest dirtiest girls live on ur phone - 4 details text horny to 89070 to cancel send STOP to 89070,en,uci_sms_spam_collection_v1,spam,HARASS,qa_fix_v1,0a8760ee9804,[fix:adult-or-secret-admirer AD->HARASS] 成人视频聊天订阅服务，付费观看商业广告
uci_04535,I have no money 4 steve mate! !,en,uci_sms_spam_collection_v1,ham,NEEDS_REVIEW,,4098120253ae,私人闲聊/日常对话，不属于业务通知或商业推广
uci_04536,IM LATE TELLMISS IM ON MY WAY,en,uci_sms_spam_collection_v1,ham,NEEDS_REVIEW,,6ddc644facaa,私人闲聊/日常对话，不属于业务通知或商业推广
uci_04537,Never blame a day in ur life. Good days give u happiness. Bad days give u experience. Both are essential in life! All are Gods blessings! good morning.:,en,uci_sms_spam_collection_v1,ham,NEEDS_REVIEW,,b3e94a4d54d4,私人闲聊/日常对话，不属于业务通知或商业推广
uci_04538,Normally i use to drink more water daily:),en,uci_sms_spam_collection_v1,ham,NEEDS_REVIEW,,278856e7e74c,私人闲聊/日常对话，不属于业务通知或商业推广
uci_04539,Dare i ask... Any luck with sorting out the car?,en,uci_sms_spam_collection_v1,ham,NEEDS_REVIEW,,f2db011c13fe,私人闲聊/日常对话，不属于业务通知或商业推广
uci_04540,"Party's at my place at usf, no charge (but if you can contribute in any way it is greatly appreciated) and yeah, we got room for one more",en,uci_sms_spam_collection_v1,ham,NEEDS_REVIEW,,5ed821637a86,私人闲聊/日常对话，不属于业务通知或商业推广
uci_04541,"Urgh, coach hot, smells of chip fat! Thanks again, especially for the duvet (not a predictive text word).",en,uci_sms_spam_collection_v1,ham,NEEDS_REVIEW,,94995b6f470c,私人闲聊/日常对话，不属于业务通知或商业推广
uci_04542,Hiya. How was last night? I've been naughty and bought myself clothes and very little ... Ready for more shopping tho! What kind of time do you wanna meet?,en,uci_sms_spam_collection_v1,ham,NEEDS_REVIEW,,2636af2633fd,私人闲聊/日常对话，不属于业务通知或商业推广
uci_04543,FreeMsg Hi baby wow just got a new cam moby. Wanna C a hot pic? or Fancy a chat?Im w8in 4uTxt / rply CHAT to 82242 Hlp 08712317606 Msg150p 2rcv,en,uci_sms_spam_collection_v1,spam,AD,,0ee93e6cc99f,付费聊天/图片服务促销广告
uci_04544,I've been trying to reach him without success,en,uci_sms_spam_collection_v1,ham,NEEDS_REVIEW,,b5e0647b1fd2,私人闲聊/日常对话，不属于业务通知或商业推广
uci_04545,when you and derek done with class?,en,uci_sms_spam_collection_v1,ham,NEEDS_REVIEW,,9e184702cad7,私人闲聊/日常对话，不属于业务通知或商业推广
uci_04546,Never y lei... I v lazy... Got wat? Dat day ¨¹ send me da url cant work one...,en,uci_sms_spam_collection_v1,ham,NEEDS_REVIEW,,d46be394587b,私人闲聊/日常对话，不属于业务通知或商业推广
uci_04547,Never try alone to take the weight of a tear that comes out of ur heart and falls through ur eyes... Always remember a STUPID FRIEND is here to share... BSLVYL,en,uci_sms_spam_collection_v1,ham,NEEDS_REVIEW,,b48ab00bbe81,私人闲聊/日常对话，不属于业务通知或商业推广
uci_04548,Hey mate. Spoke to the mag people. We¡®re on.  the is deliver by the end of the month. Deliver on the 24th sept. Talk later.,en,uci_sms_spam_collection_v1,ham,NEEDS_REVIEW,,b341b4158ed5,私人闲聊/日常对话，不属于业务通知或商业推广
uci_04549,Hope you are having a good week. Just checking in,en,uci_sms_spam_collection_v1,ham,NEEDS_REVIEW,,290c042168b1,私人闲聊/日常对话，不属于业务通知或商业推广
uci_04550,"Haha, my friend tyler literally just asked if you could get him a dubsack",en,uci_sms_spam_collection_v1,ham,NEEDS_REVIEW,,93f5bbd0a623,私人闲聊/日常对话，不属于业务通知或商业推广
uci_04551,"""Hey! do u fancy meetin me at 4 at cha ? hav a lil beverage on me. if not txt or ring me and we can meet up l8r. quite tired got in at 3 v.pist ;) love Pete x x x""",en,uci_sms_spam_collection_v1,ham,NEEDS_REVIEW,,f9f15b385405,私人闲聊/日常对话，不属于业务通知或商业推广
uci_04552,Great. Have a safe trip. Dont panic surrender all.,en,uci_sms_spam_collection_v1,ham,NEEDS_REVIEW,,7a5141d06a3e,私人闲聊/日常对话，不属于业务通知或商业推广
uci_04553,"""SYMPTOMS"" when U are in love: ""1.U like listening songs 2.U get stopped where u see the name of your beloved 3.U won't get angry when your",en,uci_sms_spam_collection_v1,ham,NEEDS_REVIEW,,9cc5ae78a88c,私人闲聊/日常对话，不属于业务通知或商业推广
uci_04554,Sun ah... Thk mayb can if dun have anythin on... Thk have to book e lesson... E pilates is at orchard mrt u noe hor...,en,uci_sms_spam_collection_v1,ham,NEEDS_REVIEW,,972d09c4491c,私人闲聊/日常对话，不属于业务通知或商业推广
uci_04555,Try to do something dear. You read something for exams,en,uci_sms_spam_collection_v1,ham,NEEDS_REVIEW,,3acc6349fbb5,私人闲聊/日常对话，不属于业务通知或商业推广
uci_04556,"7 wonders in My WORLD 7th You 6th Ur style 5th Ur smile 4th Ur Personality 3rd Ur Nature 2nd Ur SMS and 1st ""Ur Lovely Friendship""... good morning dear",en,uci_sms_spam_collection_v1,ham,NEEDS_REVIEW,,edc99b11134b,私人闲聊/日常对话，不属于业务通知或商业推广
uci_04557,Gettin rdy to ship comp,en,uci_sms_spam_collection_v1,ham,NEEDS_REVIEW,,c2bcf0d48f1c,私人闲聊/日常对话，不属于业务通知或商业推广
uci_04558,I am in hospital da. . I will return home in evening,en,uci_sms_spam_collection_v1,ham,NEEDS_REVIEW,,47e5187bfb5b,私人闲聊/日常对话，不属于业务通知或商业推广
uci_04559,PISS IS TALKING IS SOMEONE THAT REALISE U THAT POINT THIS AT IS IT.(NOW READ IT BACKWARDS),en,uci_sms_spam_collection_v1,ham,NEEDS_REVIEW,,439f669e331f,私人闲聊/日常对话，不属于业务通知或商业推广
uci_04560,Think + da. You wil do.,en,uci_sms_spam_collection_v1,ham,NEEDS_REVIEW,,50d12d2f89d2,私人闲聊/日常对话，不属于业务通知或商业推广
uci_04561,I'm awake oh. What's up.,en,uci_sms_spam_collection_v1,ham,NEEDS_REVIEW,,abb5850285f3,私人闲聊/日常对话，不属于业务通知或商业推广
uci_04562,Good afternoon my boytoy. How goes that walking here and there day ? Did you get that police abstract? Are you still out and about? I wake and miss you babe,en,uci_sms_spam_collection_v1,ham,NEEDS_REVIEW,,a09a946c6e5b,私人闲聊/日常对话，不属于业务通知或商业推广
uci_04563,How much u trying to get?,en,uci_sms_spam_collection_v1,ham,NEEDS_REVIEW,,dc150a7967a6,私人闲聊/日常对话，不属于业务通知或商业推广
uci_04564,"Come around  &lt;DECIMAL&gt; pm vikky..i'm otside nw, il come by tht time",en,uci_sms_spam_collection_v1,ham,NEEDS_REVIEW,,d47e833055fb,私人闲聊/日常对话，不属于业务通知或商业推广
uci_04565,Tell me again what your address is,en,uci_sms_spam_collection_v1,ham,NEEDS_REVIEW,,104cd0cc1685,私人闲聊/日常对话，不属于业务通知或商业推广
uci_04566,"Honeybee Said: *I'm d Sweetest in d World* God Laughed &amp; Said: *Wait,U Havnt Met d Person Reading This Msg* MORAL: Even GOD Can Crack Jokes! GM+GN+GE+GN:)",en,uci_sms_spam_collection_v1,ham,NEEDS_REVIEW,,76a21865fa37,私人闲聊/日常对话，不属于业务通知或商业推广
uci_04567,Should i buy him a blackberry bold 2 or torch. Should i buy him new or used. Let me know. Plus are you saying i should buy the  &lt;#&gt; g wifi ipad. And what are you saying about the about the  &lt;#&gt; g?,en,uci_sms_spam_collection_v1,ham,NEEDS_REVIEW,,02f35171178b,私人闲聊/日常对话，不属于业务通知或商业推广
uci_04568,But you were together so you should be thinkin about him,en,uci_sms_spam_collection_v1,ham,NEEDS_REVIEW,,0d49d0c4155f,私人闲聊/日常对话，不属于业务通知或商业推广
uci_04569,hiya hows it going in sunny africa? hope u r avin a good time. give that big old silver back a big kiss from me.,en,uci_sms_spam_collection_v1,ham,NEEDS_REVIEW,,0177062425ba,私人闲聊/日常对话，不属于业务通知或商业推广
uci_04570,At WHAT TIME should i come tomorrow,en,uci_sms_spam_collection_v1,ham,NEEDS_REVIEW,,26dc98a1756b,私人闲聊/日常对话，不属于业务通知或商业推广
uci_04571,Wanna have a laugh? Try CHIT-CHAT on your mobile now! Logon by txting the word: CHAT and send it to No: 8883 CM PO Box 4217 London W1A 6ZF 16+ 118p/msg rcvd,en,uci_sms_spam_collection_v1,spam,AD,,aa6917d988ae,手机聊天室订阅服务，付费聊天广告
uci_04572,"""CHA QUITEAMUZING THAT?SCOOL BABE,PROBPOP IN & CU SATTHEN HUNNY 4BREKKIE! LOVE JEN XXX. PSXTRA LRG PORTIONS 4 ME PLEASE """,en,uci_sms_spam_collection_v1,ham,NEEDS_REVIEW,qa_fix_v1,3545e9eaf8f9,[fix:adult-or-secret-admirer NEEDS_REVIEW->HARASS] 私人闲聊/日常对话，不属于业务通知或商业推广 [fix:revert-ham-kisses-xxx HARASS->NEEDS_REVIEW]
uci_04573,Omg how did u know what I ate?,en,uci_sms_spam_collection_v1,ham,NEEDS_REVIEW,,7ed2265cdac0,私人闲聊/日常对话，不属于业务通知或商业推广
uci_04574,"""URGENT! This is the 2nd attempt to contact U!U have WON ¡ê1000CALL 09071512432 b4 300603t&csBCM4235WC1N3XX.callcost150ppmmobilesvary. max¡ê7. 50""",en,uci_sms_spam_collection_v1,spam,FRAUD,,c8acb1eaabf5,假中奖/假冒领奖通知，诱导拨打付费电话领取虚假奖品
uci_04575,:( but your not here....,en,uci_sms_spam_collection_v1,ham,NEEDS_REVIEW,,d153f4e8be36,私人闲聊/日常对话，不属于业务通知或商业推广
uci_04576,Not directly behind... Abt 4 rows behind ¨¹...,en,uci_sms_spam_collection_v1,ham,NEEDS_REVIEW,,93629e824c97,私人闲聊/日常对话，不属于业务通知或商业推广
uci_04577,Congratulations ur awarded 500 of CD vouchers or 125gift guaranteed & Free entry 2 100 wkly draw txt MUSIC to 87066,en,uci_sms_spam_collection_v1,spam,AD,,6094ceb44934,CD礼品券抽奖促销，商业购物奖励广告
uci_04578,"Had your contract mobile 11 Mnths? Latest Motorola, Nokia etc. all FREE! Double Mins & Text on Orange tariffs. TEXT YES for callback, no to remove from records",en,uci_sms_spam_collection_v1,spam,AD,,f32318632611,合约手机续签促销广告，免费升级双份通话
uci_04579,"Urgent! call 09066350750 from your landline. Your complimentary 4* Ibiza Holiday or 10,000 cash await collection SAE T&Cs PO BOX 434 SK3 8WP 150 ppm 18+",en,uci_sms_spam_collection_v1,spam,FRAUD,,aef9292e5cb2,假冒紧急中奖通知，虚假度假/现金奖励诱导拨打付费电话
uci_04580,No plans yet. What are you doing ?,en,uci_sms_spam_collection_v1,ham,NEEDS_REVIEW,,c3a2984a5e9e,私人闲聊/日常对话，不属于业务通知或商业推广
uci_04581,Hi ....My engagement has been fixd on  &lt;#&gt; th of next month. I know its really shocking bt....hmm njan vilikkam....t ws al of a sudn;-(.,en,uci_sms_spam_collection_v1,ham,NEEDS_REVIEW,,16ec289ec908,私人闲聊/日常对话，不属于业务通知或商业推广
uci_04582,Not course. Only maths one day one chapter with in one month we can finish.,en,uci_sms_spam_collection_v1,ham,NEEDS_REVIEW,,416b7480f042,私人闲聊/日常对话，不属于业务通知或商业推广
uci_04583,Wow didn't think it was that common. I take it all back ur not a freak! Unless u chop it off:-),en,uci_sms_spam_collection_v1,ham,NEEDS_REVIEW,,a480711ca31c,私人闲聊/日常对话，不属于业务通知或商业推广
uci_04584,"For ur chance to win a ¡ê250 wkly shopping spree TXT: SHOP to 80878. T's&C's www.txt-2-shop.com custcare 08715705022, 1x150p/wk",en,uci_sms_spam_collection_v1,spam,AD,,283f3bbd46f6,每周购物抽奖促销广告，诱导参与
uci_04585,Noooooooo please. Last thing I need is stress. For once in your life be fair.,en,uci_sms_spam_collection_v1,ham,NEEDS_REVIEW,,b41948005b56,私人闲聊/日常对话，不属于业务通知或商业推广
uci_04586,U have a Secret Admirer who is looking 2 make contact with U-find out who they R*reveal who thinks UR so special-call on 09065171142-stopsms-08718727870150ppm,en,uci_sms_spam_collection_v1,spam,HARASS,qa_fix_v1,2cc64639dece,[fix:adult-or-secret-admirer AD->HARASS] 秘密暗恋者付费查询服务，付费揭秘商业广告
uci_04587,"Mila, age23, blonde, new in UK. I look sex with UK guys. if u like fun with me. Text MTALK to 69866.18 . 30pp/txt 1st 5free. ¡ê1.50 increments. Help08718728876",en,uci_sms_spam_collection_v1,spam,HARASS,qa_fix_v1,da454450872b,[fix:adult-or-secret-admirer AD->HARASS] 色情交友推广订阅服务，付费短信互动
uci_04588,"I'll see if I can swing by in a bit, got some things to take care of here firsg",en,uci_sms_spam_collection_v1,ham,NEEDS_REVIEW,,12e67aa8386b,私人闲聊/日常对话，不属于业务通知或商业推广
uci_04589,I wanted to wish you a Happy New Year and I wanted to talk to you about some legal advice to do with when Gary and I split but in person. I'll make a trip to Ptbo for that. I hope everything is good with you babe and I love ya :),en,uci_sms_spam_collection_v1,ham,NEEDS_REVIEW,,115f1121b44c,私人闲聊/日常对话，不属于业务通知或商业推广
uci_04590,Have you not finished work yet or something?,en,uci_sms_spam_collection_v1,ham,NEEDS_REVIEW,,d835b31b8aa6,私人闲聊/日常对话，不属于业务通知或商业推广
uci_04591,Tomorrow i am not going to theatre. . . So i can come wherever u call me. . . Tell me where and when to come tomorrow,en,uci_sms_spam_collection_v1,ham,NEEDS_REVIEW,,e6401ed639c7,私人闲聊/日常对话，不属于业务通知或商业推广
uci_04592,Well done ENGLAND! Get the official poly ringtone or colour flag on yer mobile! text TONE or FLAG to 84199 NOW! Opt-out txt ENG STOP. Box39822 W111WX ¡ê1.50,en,uci_sms_spam_collection_v1,spam,AD,,ff240d392cdb,英格兰主题彩铃/国旗下载订阅，商业娱乐促销
uci_04593,Right it wasnt you who phoned it was someone with a number like yours!,en,uci_sms_spam_collection_v1,ham,NEEDS_REVIEW,,677c7330d8d0,私人闲聊/日常对话，不属于业务通知或商业推广
uci_04594,It's ok i wun b angry. Msg u aft i come home tonight.,en,uci_sms_spam_collection_v1,ham,NEEDS_REVIEW,,2e9a1737a793,私人闲聊/日常对话，不属于业务通知或商业推广
uci_04595,I had a good time too. Its nice to do something a bit different with my weekends for a change. See ya soon,en,uci_sms_spam_collection_v1,ham,NEEDS_REVIEW,,14a4bdab637d,私人闲聊/日常对话，不属于业务通知或商业推广
uci_04596,Yo sorry was in the shower sup,en,uci_sms_spam_collection_v1,ham,NEEDS_REVIEW,,29654e81e1e2,私人闲聊/日常对话，不属于业务通知或商业推广
uci_04597,"Carlos is down but I have to pick it up from him, so I'll swing by usf in a little bit",en,uci_sms_spam_collection_v1,ham,NEEDS_REVIEW,,494142d7900e,私人闲聊/日常对话，不属于业务通知或商业推广
uci_04598,Full heat pa:-) i have applyed oil pa.,en,uci_sms_spam_collection_v1,ham,NEEDS_REVIEW,,56cb135be49c,私人闲聊/日常对话，不属于业务通知或商业推广
uci_04599,I'm stuck in da middle of da row on da right hand side of da lt...,en,uci_sms_spam_collection_v1,ham,NEEDS_REVIEW,,dca409456975,私人闲聊/日常对话，不属于业务通知或商业推广
uci_04600,Have you laid your airtel line to rest?,en,uci_sms_spam_collection_v1,ham,NEEDS_REVIEW,,9c859a6e8a6c,私人闲聊/日常对话，不属于业务通知或商业推广
uci_04601,Hi did u decide wot 2 get 4 his bday if not ill prob jus get him a voucher frm virgin or sumfing,en,uci_sms_spam_collection_v1,ham,NEEDS_REVIEW,,696e3d4cfc9d,私人闲聊/日常对话，不属于业务通知或商业推广
uci_04602,FreeMsg: Txt: CALL to No: 86888 & claim your reward of 3 hours talk time to use from your phone now! Subscribe6GBP/mnth inc 3hrs 16 stop?txtStop,en,uci_sms_spam_collection_v1,spam,AD,,d60735092926,通话时长奖励订阅服务，诱导付费订阅
uci_04603,"""Hey j! r u feeling any better, hopeSo hunny. i amnow feelin ill & ithink i may have tonsolitusaswell! damn iam layin in bedreal bored. lotsof luv me xxxx""",en,uci_sms_spam_collection_v1,ham,NEEDS_REVIEW,,d65aba0022de,私人闲聊/日常对话，不属于业务通知或商业推广
uci_04604,And I don't plan on staying the night but I prolly won't be back til late,en,uci_sms_spam_collection_v1,ham,NEEDS_REVIEW,,0b380448f339,私人闲聊/日常对话，不属于业务通知或商业推广
uci_04605,THANX 4 PUTTIN DA FONE DOWN ON ME!!,en,uci_sms_spam_collection_v1,ham,NEEDS_REVIEW,,6969951771ad,私人闲聊/日常对话，不属于业务通知或商业推广
uci_04606,"I need an 8th but I'm off campus atm, could I pick up in an hour or two?",en,uci_sms_spam_collection_v1,ham,NEEDS_REVIEW,,5dedc19ff879,私人闲聊/日常对话，不属于业务通知或商业推广
uci_04607,"Oh... Haha... Den we shld had went today too... Gee, nvm la... Kaiez, i dun mind goin jazz oso... Scared hiphop open cant catch up...",en,uci_sms_spam_collection_v1,ham,NEEDS_REVIEW,,33d1cc15ed79,私人闲聊/日常对话，不属于业务通知或商业推广
uci_04608,Been running but only managed 5 minutes and then needed oxygen! Might have to resort to the roller option!,en,uci_sms_spam_collection_v1,ham,NEEDS_REVIEW,,2874e241d15c,私人闲聊/日常对话，不属于业务通知或商业推广
uci_04609,We live in the next  &lt;#&gt; mins,en,uci_sms_spam_collection_v1,ham,NEEDS_REVIEW,,1489adf94103,私人闲聊/日常对话，不属于业务通知或商业推广
uci_04610,Y de asking like this.,en,uci_sms_spam_collection_v1,ham,NEEDS_REVIEW,,309def2f4cd4,私人闲聊/日常对话，不属于业务通知或商业推广
uci_04611,Just glad to be talking to you.,en,uci_sms_spam_collection_v1,ham,NEEDS_REVIEW,,8a0a66d26f19,私人闲聊/日常对话，不属于业务通知或商业推广
uci_04612,Wat time ¨¹ finish?,en,uci_sms_spam_collection_v1,ham,NEEDS_REVIEW,,6706696bf6f1,私人闲聊/日常对话，不属于业务通知或商业推广
uci_04613,Sorry da. I gone mad so many pending works what to do.,en,uci_sms_spam_collection_v1,ham,NEEDS_REVIEW,,ae54f70269ee,私人闲聊/日常对话，不属于业务通知或商业推广
uci_04614,How much you got for cleaning,en,uci_sms_spam_collection_v1,ham,NEEDS_REVIEW,,a14668d94973,私人闲聊/日常对话，不属于业务通知或商业推广
uci_04615,hows my favourite person today? r u workin hard? couldn't sleep again last nite nearly rang u at 4.30,en,uci_sms_spam_collection_v1,ham,NEEDS_REVIEW,,52acd0b4b103,私人闲聊/日常对话，不属于业务通知或商业推广
uci_04616,Sunshine Quiz! Win a super Sony DVD recorder if you canname the capital of Australia? Text MQUIZ to 82277. B,en,uci_sms_spam_collection_v1,spam,AD,,2fa0e4bb7fd9,商业问答竞赛促销，答题参与赢取奖品
uci_04617,¨¹ called dad oredi...,en,uci_sms_spam_collection_v1,ham,NEEDS_REVIEW,,dc587d8a5087,私人闲聊/日常对话，不属于业务通知或商业推广
uci_04618,Good. do you think you could send me some pix? I would love to see your top and bottom...,en,uci_sms_spam_collection_v1,ham,NEEDS_REVIEW,,a14f66faf30c,私人闲聊/日常对话，不属于业务通知或商业推广
uci_04619,Nvm... I'm going to wear my sport shoes anyway... I'm going to be late leh.,en,uci_sms_spam_collection_v1,ham,NEEDS_REVIEW,,900ec603a101,私人闲聊/日常对话，不属于业务通知或商业推广
uci_04620,"Sorry, I'll call later In meeting.",en,uci_sms_spam_collection_v1,ham,NEEDS_REVIEW,,9a99f9884fc2,私人闲聊/日常对话，不属于业务通知或商业推广
uci_04621,THIS IS A LONG FUCKIN SHOWR,en,uci_sms_spam_collection_v1,ham,NEEDS_REVIEW,,b82f77b3ec2c,私人闲聊/日常对话，不属于业务通知或商业推广
uci_04622,"Received, understood n acted upon!",en,uci_sms_spam_collection_v1,ham,NEEDS_REVIEW,,b04bca5d3f81,私人闲聊/日常对话，不属于业务通知或商业推广
uci_04623,They finally came to fix the ceiling.,en,uci_sms_spam_collection_v1,ham,NEEDS_REVIEW,,d4d1662277ad,私人闲聊/日常对话，不属于业务通知或商业推广
uci_04624,"U need my presnts always bcz U cant mis love. ""jeevithathile irulinae neekunna prakasamanu sneham"" prakasam ennal prabha 'That mns prabha is'LOVE' Got it. Dont mis me....",en,uci_sms_spam_collection_v1,ham,NEEDS_REVIEW,,8d302f99b321,私人闲聊/日常对话，不属于业务通知或商业推广
uci_04625,Jus finish blowing my hair. U finish dinner already?,en,uci_sms_spam_collection_v1,ham,NEEDS_REVIEW,,73512f04ad58,私人闲聊/日常对话，不属于业务通知或商业推广
uci_04626,I'm on the bus. Love you,en,uci_sms_spam_collection_v1,ham,NEEDS_REVIEW,,248a3bd8b33e,私人闲聊/日常对话，不属于业务通知或商业推广
uci_04627,Lol ... I knew that .... I saw him in the dollar store,en,uci_sms_spam_collection_v1,ham,NEEDS_REVIEW,,bb5c6f653e9b,私人闲聊/日常对话，不属于业务通知或商业推广
uci_04628,Please call our customer service representative on 0800 169 6031 between 10am-9pm as you have WON a guaranteed ¡ê1000 cash or ¡ê5000 prize!,en,uci_sms_spam_collection_v1,spam,FRAUD,,97c90bf3669f,假中奖/假冒领奖通知，诱导拨打付费电话领取虚假奖品
uci_04629,Todays Voda numbers ending with 7634 are selected to receive a ¡ê350 reward. If you have a match please call 08712300220 quoting claim code 7684 standard rates apply.,en,uci_sms_spam_collection_v1,spam,FRAUD,,2885dae1c7bf,假中奖/假冒领奖通知，诱导拨打付费电话领取虚假奖品
uci_04630,Only saturday and sunday holiday so its very difficult:),en,uci_sms_spam_collection_v1,ham,NEEDS_REVIEW,,d2b51038677e,私人闲聊/日常对话，不属于业务通知或商业推广
uci_04631,Everybody had fun this evening. Miss you.,en,uci_sms_spam_collection_v1,ham,NEEDS_REVIEW,,b581349c296e,私人闲聊/日常对话，不属于业务通知或商业推广
uci_04632,"Got hella gas money, want to go on a grand nature adventure with galileo in a little bit?",en,uci_sms_spam_collection_v1,ham,NEEDS_REVIEW,,c77bf274a234,私人闲聊/日常对话，不属于业务通知或商业推广
uci_04633,"I'm in a meeting, call me later at",en,uci_sms_spam_collection_v1,ham,NEEDS_REVIEW,,359f150b6411,私人闲聊/日常对话，不属于业务通知或商业推广
uci_04634,Oh wow thats gay. Will firmware update help,en,uci_sms_spam_collection_v1,ham,NEEDS_REVIEW,,c66a3bb68b1b,私人闲聊/日常对话，不属于业务通知或商业推广
uci_04635,These won't do. Have to move on to morphine,en,uci_sms_spam_collection_v1,ham,NEEDS_REVIEW,,1856aab9dcba,私人闲聊/日常对话，不属于业务通知或商业推广
uci_04636,How come i din c ¨¹... Yup i cut my hair...,en,uci_sms_spam_collection_v1,ham,NEEDS_REVIEW,,97155709653d,私人闲聊/日常对话，不属于业务通知或商业推广
uci_04637,K k pa Had your lunch aha.,en,uci_sms_spam_collection_v1,ham,NEEDS_REVIEW,,522a582e3193,私人闲聊/日常对话，不属于业务通知或商业推广
uci_04638,Oh ho. Is this the first time u use these type of words,en,uci_sms_spam_collection_v1,ham,NEEDS_REVIEW,,31d2335b2095,私人闲聊/日常对话，不属于业务通知或商业推广
uci_04639,Captain vijaykanth is doing comedy in captain tv..he is drunken :),en,uci_sms_spam_collection_v1,ham,NEEDS_REVIEW,,482887b52bb7,私人闲聊/日常对话，不属于业务通知或商业推广
uci_04640,Of course. I guess god's just got me on hold right now.,en,uci_sms_spam_collection_v1,ham,NEEDS_REVIEW,,28ccc450ad46,私人闲聊/日常对话，不属于业务通知或商业推广
uci_04641,Do you hide anythiing or keeping distance from me,en,uci_sms_spam_collection_v1,ham,NEEDS_REVIEW,,d5ea9944a119,私人闲聊/日常对话，不属于业务通知或商业推广
uci_04642,Havent.,en,uci_sms_spam_collection_v1,ham,NEEDS_REVIEW,,3b511a8292a5,私人闲聊/日常对话，不属于业务通知或商业推广
uci_04643,You are being ripped off! Get your mobile content from www.clubmoby.com call 08717509990 poly/true/Pix/Ringtones/Games six downloads for only 3,en,uci_sms_spam_collection_v1,spam,AD,,30a3971b17a5,手机铃声下载订阅服务，商业广告
uci_04644,Sorry i din lock my keypad.,en,uci_sms_spam_collection_v1,ham,NEEDS_REVIEW,,adcfeba6860e,私人闲聊/日常对话，不属于业务通知或商业推广
uci_04645,Did u got that persons story,en,uci_sms_spam_collection_v1,ham,NEEDS_REVIEW,,2935a9632d5f,私人闲聊/日常对话，不属于业务通知或商业推广
uci_04646,Are you planning to come chennai?,en,uci_sms_spam_collection_v1,ham,NEEDS_REVIEW,,e986b9f96daa,私人闲聊/日常对话，不属于业务通知或商业推广
uci_04647,We tried to contact you re your reply to our offer of a Video Phone 750 anytime any network mins Half Price Line Rental Camcorder Reply or call 08000930705,en,uci_sms_spam_collection_v1,spam,AD,,c104221dccbe,视频手机/摄像机促销广告，低价租赁线路
uci_04648,God created gap btwn ur fingers so dat sum1 vry special will fill those gaps by holding ur hands.. Now plz dont ask y he created so much gap between legs !!!,en,uci_sms_spam_collection_v1,ham,NEEDS_REVIEW,,8afb501db62d,私人闲聊/日常对话，不属于业务通知或商业推广
uci_04649,We are okay. Going to sleep now. Later,en,uci_sms_spam_collection_v1,ham,NEEDS_REVIEW,,9e99f819891a,私人闲聊/日常对话，不属于业务通知或商业推广
uci_04650,"Please protect yourself from e-threats. SIB never asks for sensitive information like Passwords,ATM/SMS PIN thru email. Never share your password with anybody.",en,uci_sms_spam_collection_v1,ham,NEEDS_REVIEW,,bac3647610b7,私人闲聊/日常对话，不属于业务通知或商业推广
uci_04651,"Finally it has happened..! Aftr decades..! BEER is now cheaper than PETROL! The goverment expects us to ""DRINK"". . . But don't ""DRIVE """,en,uci_sms_spam_collection_v1,ham,NEEDS_REVIEW,,204419b710c2,私人闲聊/日常对话，不属于业务通知或商业推广
uci_04652,A ¡ê400 XMAS REWARD IS WAITING FOR YOU! Our computer has randomly picked you from our loyal mobile customers to receive a ¡ê400 reward. Just call 09066380611,en,uci_sms_spam_collection_v1,spam,FRAUD,,44cd8d8819a6,假中奖/假冒领奖通知，诱导拨打付费电话领取虚假奖品
uci_04653,Where r e meeting tmr?,en,uci_sms_spam_collection_v1,ham,NEEDS_REVIEW,,712ee5f0e5e4,私人闲聊/日常对话，不属于业务通知或商业推广
uci_04654,Lol yes. But it will add some spice to your day.,en,uci_sms_spam_collection_v1,ham,NEEDS_REVIEW,,42807048e637,私人闲聊/日常对话，不属于业务通知或商业推广
uci_04655,Hope you are having a great day.,en,uci_sms_spam_collection_v1,ham,NEEDS_REVIEW,,b6d4876b4143,私人闲聊/日常对话，不属于业务通知或商业推广
uci_04656,Our Prasanth ettans mother passed away last night. Just pray for her and family.,en,uci_sms_spam_collection_v1,ham,NEEDS_REVIEW,,bdc4474868ec,私人闲聊/日常对话，不属于业务通知或商业推广
uci_04657,"K, I'll work something out",en,uci_sms_spam_collection_v1,ham,NEEDS_REVIEW,,b5a62916865c,私人闲聊/日常对话，不属于业务通知或商业推广
uci_04658,PRIVATE! Your 2003 Account Statement for shows 800 un-redeemed S. I. M. points. Call 08718738002 Identifier Code: 48922 Expires 21/11/04,en,uci_sms_spam_collection_v1,spam,FRAUD,,ce0313c5341e,假中奖/假冒领奖通知，诱导拨打付费电话领取虚假奖品
uci_04659,This message is from a great Doctor in India:-): 1) Do not drink APPY FIZZ. It contains Cancer causing age,en,uci_sms_spam_collection_v1,ham,NEEDS_REVIEW,,c08f7f0b6f8b,私人闲聊/日常对话，不属于业务通知或商业推广
uci_04660,I cant pick the phone right now. Pls send a message,en,uci_sms_spam_collection_v1,ham,NEEDS_REVIEW,,ea4561f1db70,私人闲聊/日常对话，不属于业务通知或商业推广
uci_04661,You call him and tell now infront of them. Call him now.,en,uci_sms_spam_collection_v1,ham,NEEDS_REVIEW,,25be0a6782aa,私人闲聊/日常对话，不属于业务通知或商业推广
uci_04662,Ok no prob...,en,uci_sms_spam_collection_v1,ham,NEEDS_REVIEW,,d3718c66e2c2,私人闲聊/日常对话，不属于业务通知或商业推广
uci_04663,Ladies first and genus second k .,en,uci_sms_spam_collection_v1,ham,NEEDS_REVIEW,,02a0a4f410b6,私人闲聊/日常对话，不属于业务通知或商业推广
uci_04664,No. Yes please. Been swimming?,en,uci_sms_spam_collection_v1,ham,NEEDS_REVIEW,,32137000d801,私人闲聊/日常对话，不属于业务通知或商业推广
uci_04665,Mum not going robinson already.,en,uci_sms_spam_collection_v1,ham,NEEDS_REVIEW,,e421332496b7,私人闲聊/日常对话，不属于业务通知或商业推广
uci_04666,Ok set let u noe e details later...,en,uci_sms_spam_collection_v1,ham,NEEDS_REVIEW,,0f430920e383,私人闲聊/日常对话，不属于业务通知或商业推广
uci_04667,Not..tel software name..,en,uci_sms_spam_collection_v1,ham,NEEDS_REVIEW,,28063b93d438,私人闲聊/日常对话，不属于业务通知或商业推广
uci_04668,I send the print  outs da.,en,uci_sms_spam_collection_v1,ham,NEEDS_REVIEW,,d3b45b850c50,私人闲聊/日常对话，不属于业务通知或商业推广
uci_04669,IM REALY SOZ IMAT MY MUMS 2NITE WHAT ABOUT 2MORO,en,uci_sms_spam_collection_v1,ham,NEEDS_REVIEW,,5a72608cfc47,私人闲聊/日常对话，不属于业务通知或商业推广
uci_04670,"When I was born, GOD said, ""Oh No! Another IDIOT"". When you were born, GOD said, ""OH No! COMPETITION"". Who knew, one day these two will become FREINDS FOREVER!",en,uci_sms_spam_collection_v1,ham,NEEDS_REVIEW,,6bf275312de7,私人闲聊/日常对话，不属于业务通知或商业推广
uci_04671,"I didnt get ur full msg..sometext is missing, send it again",en,uci_sms_spam_collection_v1,ham,NEEDS_REVIEW,,e6989df0538d,私人闲聊/日常对话，不属于业务通知或商业推广
uci_04672,"Probably not, I'm almost out of gas and I get some cash tomorrow",en,uci_sms_spam_collection_v1,ham,NEEDS_REVIEW,,6a6ee6b958c3,私人闲聊/日常对话，不属于业务通知或商业推广
uci_04673,"Customer service announcement. We recently tried to make a delivery to you but were unable to do so, please call 07099833605 to re-schedule. Ref:9280114",en,uci_sms_spam_collection_v1,spam,FRAUD,,a858af6c12df,假冒快递无法送达通知，诱导拨打客服电话
uci_04674,I forgot 2 ask ¨¹ all smth.. There's a card on da present lei... How? ¨¹ all want 2 write smth or sign on it?,en,uci_sms_spam_collection_v1,ham,NEEDS_REVIEW,,57509be1e809,私人闲聊/日常对话，不属于业务通知或商业推广
uci_04675,I'm leaving my house now.,en,uci_sms_spam_collection_v1,ham,NEEDS_REVIEW,,40ae6808df48,私人闲聊/日常对话，不属于业务通知或商业推广
uci_04676,"Hi babe its Chloe, how r u? I was smashed on saturday night, it was great! How was your weekend? U been missing me? SP visionsms.com Text stop to stop 150p/text",en,uci_sms_spam_collection_v1,spam,NEEDS_REVIEW,,846c5ed4839d,私人闲聊/日常对话，不属于业务通知或商业推广
uci_04677,¨¹ ready then call me...,en,uci_sms_spam_collection_v1,ham,NEEDS_REVIEW,,f5b2a9206077,私人闲聊/日常对话，不属于业务通知或商业推广
uci_04678,Wewa is 130. Iriver 255. All 128 mb.,en,uci_sms_spam_collection_v1,ham,NEEDS_REVIEW,,a9bb200dcb59,私人闲聊/日常对话，不属于业务通知或商业推广
uci_04679,It is a good thing I'm now getting the connection to bw,en,uci_sms_spam_collection_v1,ham,NEEDS_REVIEW,,89d4ba61fa42,私人闲聊/日常对话，不属于业务通知或商业推广
uci_04680,Sry da..jst nw only i came to home..,en,uci_sms_spam_collection_v1,ham,NEEDS_REVIEW,,3a48c5f70106,私人闲聊/日常对话，不属于业务通知或商业推广
uci_04681,"That's cool he'll be here all night, lemme know when you're around",en,uci_sms_spam_collection_v1,ham,NEEDS_REVIEW,,25a974d50b50,私人闲聊/日常对话，不属于业务通知或商业推广
uci_04682,Are you staying in town ?,en,uci_sms_spam_collection_v1,ham,NEEDS_REVIEW,,cd41a38cb5f0,私人闲聊/日常对话，不属于业务通知或商业推广
uci_04683,"Haha yeah, 2 oz is kind of a shitload",en,uci_sms_spam_collection_v1,ham,NEEDS_REVIEW,,86178abe6d2f,私人闲聊/日常对话，不属于业务通知或商业推广
uci_04684,Ok u can take me shopping when u get paid =D,en,uci_sms_spam_collection_v1,ham,NEEDS_REVIEW,,341a52b3d401,私人闲聊/日常对话，不属于业务通知或商业推广
uci_04685,"My life Means a lot to me, Not because I love my life, But because I love the people in my life, The world calls them friends, I call them my World:-).. Ge:-)..",en,uci_sms_spam_collection_v1,ham,NEEDS_REVIEW,,209a00ce1a1e,私人闲聊/日常对话，不属于业务通知或商业推广
uci_04686,"Alright we'll bring it to you, see you in like  &lt;#&gt;  mins",en,uci_sms_spam_collection_v1,ham,NEEDS_REVIEW,,728cf66f28be,私人闲聊/日常对话，不属于业务通知或商业推广
uci_04687,But pls dont play in others life.,en,uci_sms_spam_collection_v1,ham,NEEDS_REVIEW,,b3c6ce4bdeef,私人闲聊/日常对话，不属于业务通知或商业推广
uci_04688,Eatin my lunch...,en,uci_sms_spam_collection_v1,ham,NEEDS_REVIEW,,be4fbc34505c,私人闲聊/日常对话，不属于业务通知或商业推广
uci_04689,Hmmm.but you should give it on one day..,en,uci_sms_spam_collection_v1,ham,NEEDS_REVIEW,,ce146442328b,私人闲聊/日常对话，不属于业务通知或商业推广
uci_04690,"Didn't try, g and I decided not to head out",en,uci_sms_spam_collection_v1,ham,NEEDS_REVIEW,,a2fe1f652685,私人闲聊/日常对话，不属于业务通知或商业推广
uci_04691,Ok no prob,en,uci_sms_spam_collection_v1,ham,NEEDS_REVIEW,,d3718c66e2c2,私人闲聊/日常对话，不属于业务通知或商业推广
uci_04692,Surly ill give it to you:-) while coming to review.,en,uci_sms_spam_collection_v1,ham,NEEDS_REVIEW,,f6c149b288a6,私人闲聊/日常对话，不属于业务通知或商业推广
uci_04693,"By march ending, i should be ready. But will call you for sure. The problem is that my capital never complete. How far with you. How's work and the ladies",en,uci_sms_spam_collection_v1,ham,NEEDS_REVIEW,,c858e350f7d1,私人闲聊/日常对话，不属于业务通知或商业推广
uci_04694,Tessy..pls do me a favor. Pls convey my birthday wishes to Nimya..pls dnt forget it. Today is her birthday Shijas,en,uci_sms_spam_collection_v1,ham,NEEDS_REVIEW,,95395c1ec3d1,私人闲聊/日常对话，不属于业务通知或商业推广
uci_04695,Pls give her the food preferably pap very slowly with loads of sugar. You can take up to an hour to give it. And then some water. Very very slowly.,en,uci_sms_spam_collection_v1,ham,NEEDS_REVIEW,,ea58cca1a46a,私人闲聊/日常对话，不属于业务通知或商业推广
uci_04696,"URGENT! Your Mobile No 07808726822 was awarded a ¡ê2,000 Bonus Caller Prize on 02/09/03! This is our 2nd attempt to contact YOU! Call 0871-872-9758 BOX95QU",en,uci_sms_spam_collection_v1,spam,FRAUD,,b18a6296eb21,假中奖/假冒领奖通知，诱导拨打付费电话领取虚假奖品
uci_04697,A guy who gets used but is too dumb to realize it.,en,uci_sms_spam_collection_v1,ham,NEEDS_REVIEW,,aa6f824830de,私人闲聊/日常对话，不属于业务通知或商业推广
uci_04698,"Okey dokey, i¡®ll be over in a bit just sorting some stuff out.",en,uci_sms_spam_collection_v1,ham,NEEDS_REVIEW,,3a72662c2ce0,私人闲聊/日常对话，不属于业务通知或商业推广
uci_04699,Don no da:)whats you plan?,en,uci_sms_spam_collection_v1,ham,NEEDS_REVIEW,,735cc6bfd03f,私人闲聊/日常对话，不属于业务通知或商业推广
uci_04700,Yes fine,en,uci_sms_spam_collection_v1,ham,NEEDS_REVIEW,,3a16906ffed4,私人闲聊/日常对话，不属于业务通知或商业推广
uci_04701,"WIN: We have a winner! Mr. T. Foley won an iPod! More exciting prizes soon, so keep an eye on ur mobile or visit www.win-82050.co.uk",en,uci_sms_spam_collection_v1,spam,FRAUD,,e78f1325269f,虚假抽奖中奖通知，诱导访问链接领取iPod
uci_04702,I liked the new mobile,en,uci_sms_spam_collection_v1,ham,NEEDS_REVIEW,,38c55ca9e3ac,私人闲聊/日常对话，不属于业务通知或商业推广
uci_04703,Anytime...,en,uci_sms_spam_collection_v1,ham,NEEDS_REVIEW,,6f2cbfec8210,私人闲聊/日常对话，不属于业务通知或商业推广
uci_04704,Mmmmmmm *snuggles into you* ...*deep contented sigh* ... *whispers* ... I fucking love you so much I can barely stand it ...,en,uci_sms_spam_collection_v1,ham,NEEDS_REVIEW,,e3c656018afc,私人闲聊/日常对话，不属于业务通知或商业推广
uci_04705,Yar but they say got some error.,en,uci_sms_spam_collection_v1,ham,NEEDS_REVIEW,,11cc880634d4,私人闲聊/日常对话，不属于业务通知或商业推广
uci_04706,Hey anyway i have to :-),en,uci_sms_spam_collection_v1,ham,NEEDS_REVIEW,,6ad9db049337,私人闲聊/日常对话，不属于业务通知或商业推广
uci_04707,Wow so healthy. Old airport rd lor. Cant thk of anything else. But i'll b bathing my dog later.,en,uci_sms_spam_collection_v1,ham,NEEDS_REVIEW,,69b2b53843f7,私人闲聊/日常对话，不属于业务通知或商业推广
uci_04708,Wif my family booking tour package.,en,uci_sms_spam_collection_v1,ham,NEEDS_REVIEW,,949f3b4d2edc,私人闲聊/日常对话，不属于业务通知或商业推广
uci_04709,"Did you say bold, then torch later. Or one torch and 2bold?",en,uci_sms_spam_collection_v1,ham,NEEDS_REVIEW,,f68d98cb4711,私人闲聊/日常对话，不属于业务通知或商业推广
uci_04710,"Haha awesome, I might need to take you up on that, what you doin tonight?",en,uci_sms_spam_collection_v1,ham,NEEDS_REVIEW,,7b5f10cd0ccf,私人闲聊/日常对话，不属于业务通知或商业推广
uci_04711,Ya i knw u vl giv..its ok thanks kano..anyway enjoy wit ur family wit 1st salary..:-);-),en,uci_sms_spam_collection_v1,ham,NEEDS_REVIEW,,66fa4bc954b1,私人闲聊/日常对话，不属于业务通知或商业推广
uci_04712,Huh so slow i tot u reach long ago liao... U 2 more days only i 4 more leh...,en,uci_sms_spam_collection_v1,ham,NEEDS_REVIEW,,ea939cc88566,私人闲聊/日常对话，不属于业务通知或商业推广
uci_04713,Thats cool princess! I will cover your face in hot sticky cum :),en,uci_sms_spam_collection_v1,ham,NEEDS_REVIEW,,d9d0634f0642,私人闲聊/日常对话，不属于业务通知或商业推广
uci_04714,Big brother¡®s really scraped the barrel with this shower of social misfits,en,uci_sms_spam_collection_v1,ham,NEEDS_REVIEW,,bbc8bd581fe1,私人闲聊/日常对话，不属于业务通知或商业推广
uci_04715,Oops i thk i dun haf enuff... I go check then tell ¨¹..,en,uci_sms_spam_collection_v1,ham,NEEDS_REVIEW,,bed633128cc0,私人闲聊/日常对话，不属于业务通知或商业推广
uci_04716,S:)8 min to go for lunch:),en,uci_sms_spam_collection_v1,ham,NEEDS_REVIEW,,acb521536ec0,私人闲聊/日常对话，不属于业务通知或商业推广
uci_04717,"Hey. What happened? U switch off ur cell d whole day. This isnt good. Now if u do care, give me a call tomorrow.",en,uci_sms_spam_collection_v1,ham,NEEDS_REVIEW,,0b503c877b5e,私人闲聊/日常对话，不属于业务通知或商业推广
uci_04718,"K will do, addie &amp; I are doing some art so I'll be here when you get home",en,uci_sms_spam_collection_v1,ham,NEEDS_REVIEW,,099a6ff24ab2,私人闲聊/日常对话，不属于业务通知或商业推广
uci_04719,My uncles in Atlanta. Wish you guys a great semester.,en,uci_sms_spam_collection_v1,ham,NEEDS_REVIEW,,ef460a812426,私人闲聊/日常对话，不属于业务通知或商业推广
uci_04720,"Aiyo... Her lesson so early... I'm still sleepin, haha... Okie, u go home liao den confirm w me lor...",en,uci_sms_spam_collection_v1,ham,NEEDS_REVIEW,,89254fa80243,私人闲聊/日常对话，不属于业务通知或商业推广
uci_04721,Forgot to tell ¨¹ smth.. Can ¨¹ like number the sections so that it's clearer..,en,uci_sms_spam_collection_v1,ham,NEEDS_REVIEW,,4a5a744aa67d,私人闲聊/日常对话，不属于业务通知或商业推广
uci_04722,"Yup. Anything lor, if u dun wan it's ok...",en,uci_sms_spam_collection_v1,ham,NEEDS_REVIEW,,e9e889082eba,私人闲聊/日常对话，不属于业务通知或商业推广
uci_04723,"I'm home, my love ... If your still awake ... *loving kiss*",en,uci_sms_spam_collection_v1,ham,NEEDS_REVIEW,,d647332bb1f6,私人闲聊/日常对话，不属于业务通知或商业推广
uci_04724,HELLO PEACH! MY CAKE TASTS LUSH!,en,uci_sms_spam_collection_v1,ham,NEEDS_REVIEW,,3cc27457b713,私人闲聊/日常对话，不属于业务通知或商业推广
uci_04725,"FREE GAME. Get Rayman Golf 4 FREE from the O2 Games Arcade. 1st get UR games settings. Reply POST, then save & activ8. Press 0 key for Arcade. Termsapply",en,uci_sms_spam_collection_v1,spam,AD,,1bc9ad7ded82,游戏免费版下载推广，商业服务广告
uci_04726,"There'll be a minor shindig at my place later tonight, you interested?",en,uci_sms_spam_collection_v1,ham,NEEDS_REVIEW,,21c325dbb3d3,私人闲聊/日常对话，不属于业务通知或商业推广
uci_04727,Jason says it's cool if we pick some up from his place in like an hour,en,uci_sms_spam_collection_v1,ham,NEEDS_REVIEW,,48d38b752032,私人闲聊/日常对话，不属于业务通知或商业推广
uci_04728,"Had your mobile 10 mths? Update to the latest Camera/Video phones for FREE. KEEP UR SAME NUMBER, Get extra free mins/texts. Text YES for a call",en,uci_sms_spam_collection_v1,spam,AD,,bd18a5168fe9,手机免费升级促销广告，诱导签约最新机型
uci_04729,I (Career Tel) have added u as a contact on INDYAROCKS.COM to send FREE SMS. To remove from phonebook - sms NO to  &lt;#&gt;,en,uci_sms_spam_collection_v1,ham,NEEDS_REVIEW,,e567974219d4,私人闲聊/日常对话，不属于业务通知或商业推广
uci_04730,I've reached already.,en,uci_sms_spam_collection_v1,ham,NEEDS_REVIEW,,e0d29e9b2e19,私人闲聊/日常对话，不属于业务通知或商业推广
uci_04731,I dont know ask to my brother. Nothing problem some thing that. Just i told .,en,uci_sms_spam_collection_v1,ham,NEEDS_REVIEW,,ffda1af46697,私人闲聊/日常对话，不属于业务通知或商业推广
uci_04732,K:)eng rocking in ashes:),en,uci_sms_spam_collection_v1,ham,NEEDS_REVIEW,,ae47f4f57810,私人闲聊/日常对话，不属于业务通知或商业推广
uci_04733,Wat time r ¨¹ going to xin's hostel?,en,uci_sms_spam_collection_v1,ham,NEEDS_REVIEW,,52ab29d23a1d,私人闲聊/日常对话，不属于业务通知或商业推广
uci_04734,Good Morning my Dear Shijutta........... Have a great &amp; successful day.,en,uci_sms_spam_collection_v1,ham,NEEDS_REVIEW,,18ac42b5192c,私人闲聊/日常对话，不属于业务通知或商业推广
uci_04735,Buy Space Invaders 4 a chance 2 win orig Arcade Game console. Press 0 for Games Arcade (std WAP charge) See o2.co.uk/games 4 Terms + settings. No purchase,en,uci_sms_spam_collection_v1,spam,AD,,7db0a116c648,街机游戏购买推广，商业游戏广告
uci_04736,Oh k:)after that placement there ah?,en,uci_sms_spam_collection_v1,ham,NEEDS_REVIEW,,176c7481a2e5,私人闲聊/日常对话，不属于业务通知或商业推广
uci_04737,"Not for possession, especially not first offense",en,uci_sms_spam_collection_v1,ham,NEEDS_REVIEW,,c686742763bb,私人闲聊/日常对话，不属于业务通知或商业推广
uci_04738,"Nt only for driving even for many reasons she is called BBD..thts it chikku, then hw abt dvg cold..heard tht vinobanagar violence hw is the condition..and hw ru ? Any problem?",en,uci_sms_spam_collection_v1,ham,NEEDS_REVIEW,,070c68f8269b,私人闲聊/日常对话，不属于业务通知或商业推广
uci_04739,I bought the test yesterday. Its something that lets you know the exact day u ovulate.when will get 2u in about 2 to 3wks. But pls pls dont fret. I know u r worried. Pls relax. Also is there anything in ur past history u need to tell me?,en,uci_sms_spam_collection_v1,ham,NEEDS_REVIEW,,94355068574b,私人闲聊/日常对话，不属于业务通知或商业推广
uci_04740,We have pizza if u want,en,uci_sms_spam_collection_v1,ham,NEEDS_REVIEW,,b977096b9490,私人闲聊/日常对话，不属于业务通知或商业推广
uci_04741,"I keep seeing weird shit and bein all ""woah"" then realising it's actually reasonable and I'm all ""oh""",en,uci_sms_spam_collection_v1,ham,NEEDS_REVIEW,,e557ecd64ef1,私人闲聊/日常对话，不属于业务通知或商业推广
uci_04742,Many more happy returns of the day. I wish you happy birthday.,en,uci_sms_spam_collection_v1,ham,NEEDS_REVIEW,,564de082fd60,私人闲聊/日常对话，不属于业务通知或商业推广
uci_04743,Ya very nice. . .be ready on thursday,en,uci_sms_spam_collection_v1,ham,NEEDS_REVIEW,,a1a186e2d474,私人闲聊/日常对话，不属于业务通知或商业推广
uci_04744,I am in hospital da. . I will return home in evening,en,uci_sms_spam_collection_v1,ham,NEEDS_REVIEW,,47e5187bfb5b,私人闲聊/日常对话，不属于业务通知或商业推广
uci_04745,"""Thinking of u ;) x""",en,uci_sms_spam_collection_v1,ham,NEEDS_REVIEW,,34d78dfa3dbc,私人闲聊/日常对话，不属于业务通知或商业推广
uci_04746,Camera - You are awarded a SiPix Digital Camera! call 09061221066 fromm landline. Delivery within 28 days.,en,uci_sms_spam_collection_v1,spam,FRAUD,,dfd89697210d,假冒免费数码相机领奖通知，需拨打付费电话
uci_04747,Orh i tot u say she now still dun believe.,en,uci_sms_spam_collection_v1,ham,NEEDS_REVIEW,,dec96df3a8c2,私人闲聊/日常对话，不属于业务通知或商业推广
uci_04748,"When you just put in the + sign, choose my number and the pin will show. Right?",en,uci_sms_spam_collection_v1,ham,NEEDS_REVIEW,,aef1097c12dd,私人闲聊/日常对话，不属于业务通知或商业推广
uci_04749,The beauty of life is in next second.. which hides thousands of secrets. I wish every second will be wonderful in ur life...!! gud n8,en,uci_sms_spam_collection_v1,ham,NEEDS_REVIEW,,bcfc75ef9bf1,私人闲聊/日常对话，不属于业务通知或商业推广
uci_04750,Thanx u darlin!im cool thanx. A few bday drinks 2 nite. 2morrow off! Take care c u soon.xxx,en,uci_sms_spam_collection_v1,ham,NEEDS_REVIEW,qa_fix_v1,478695a738be,[fix:adult-or-secret-admirer NEEDS_REVIEW->HARASS] 私人闲聊/日常对话，不属于业务通知或商业推广 [fix:revert-ham-kisses-xxx HARASS->NEEDS_REVIEW]
uci_04751,"If you're still up, maybe leave the credit card so I can get gas when I get back like he told me to",en,uci_sms_spam_collection_v1,ham,NEEDS_REVIEW,,6d4a82494cec,私人闲聊/日常对话，不属于业务通知或商业推广
uci_04752,Your weekly Cool-Mob tones are ready to download !This weeks new Tones include: 1) Crazy Frog-AXEL F>>> 2) Akon-Lonely>>> 3) Black Eyed-Dont P >>>More info in n,en,uci_sms_spam_collection_v1,spam,AD,,11baa0fff510,手机铃声下载订阅服务，商业广告
uci_04753,Well boy am I glad G wasted all night at applebees for nothing,en,uci_sms_spam_collection_v1,ham,NEEDS_REVIEW,,f7646f4320d5,私人闲聊/日常对话，不属于业务通知或商业推广
uci_04754,Cashbin.co.uk (Get lots of cash this weekend!) www.cashbin.co.uk Dear Welcome to the weekend We have got our biggest and best EVER cash give away!! These..,en,uci_sms_spam_collection_v1,spam,FRAUD,,90ab2e36945a,虚假现金奖励链接，诱导点击领取
uci_04755,Ok lor... Or u wan me go look 4 u?,en,uci_sms_spam_collection_v1,ham,NEEDS_REVIEW,,bc5eaee1fda5,私人闲聊/日常对话，不属于业务通知或商业推广
uci_04756,U wan 2 haf lunch i'm in da canteen now.,en,uci_sms_spam_collection_v1,ham,NEEDS_REVIEW,,b47a0dc8da99,私人闲聊/日常对话，不属于业务通知或商业推广
uci_04757,Don't make life too stressfull.. Always find time to Laugh.. It may not add years to your Life! But surely adds more life to ur years!! Gud ni8..swt dreams..,en,uci_sms_spam_collection_v1,ham,NEEDS_REVIEW,,cf65164cba6e,私人闲聊/日常对话，不属于业务通知或商业推广
uci_04758,"hey, looks like I was wrong and one of the kappa guys numbers is still on my phone, if you want I can text him and see if he's around",en,uci_sms_spam_collection_v1,ham,NEEDS_REVIEW,,6d5cba5c37ec,私人闲聊/日常对话，不属于业务通知或商业推广
uci_04759,URGENT! Your Mobile number has been awarded with a ¡ê2000 prize GUARANTEED. Call 09061790121 from land line. Claim 3030. Valid 12hrs only 150ppm,en,uci_sms_spam_collection_v1,spam,FRAUD,,97d9641a0632,假中奖/假冒领奖通知，诱导拨打付费电话领取虚假奖品
uci_04760,Thanks 4 your continued support Your question this week will enter u in2 our draw 4 ¡ê100 cash. Name the NEW US President? txt ans to 80082,en,uci_sms_spam_collection_v1,spam,AD,,56516bbfaeed,每周问答抽奖活动，答题赢取现金奖励商业推广
uci_04761,I'm home. Doc gave me pain meds says everything is fine.,en,uci_sms_spam_collection_v1,ham,NEEDS_REVIEW,,33b6c632f8d9,私人闲聊/日常对话，不属于业务通知或商业推广
uci_04762,It's ¨¦ only $140 ard...¨¦ rest all ard $180 at least...Which is ¨¦ price 4 ¨¦ 2 bedrm ($900),en,uci_sms_spam_collection_v1,ham,NEEDS_REVIEW,,3124fbfe3c55,私人闲聊/日常对话，不属于业务通知或商业推广
uci_04763,Me too! Have a lovely night xxx,en,uci_sms_spam_collection_v1,ham,NEEDS_REVIEW,qa_fix_v1,274f42912cf7,[fix:adult-or-secret-admirer NEEDS_REVIEW->HARASS] 私人闲聊/日常对话，不属于业务通知或商业推广 [fix:revert-ham-kisses-xxx HARASS->NEEDS_REVIEW]
uci_04764,Prepare to be pleasured :),en,uci_sms_spam_collection_v1,ham,HARASS,,674c7a3c08a1,色情内容骚扰短信，暗示性服务
uci_04765,Hi.:)technical support.providing assistance to us customer through call and email:),en,uci_sms_spam_collection_v1,ham,NEEDS_REVIEW,,6eefc4b9efd7,私人闲聊/日常对话，不属于业务通知或商业推广
uci_04766,if you text on your way to cup stop that should work. And that should be BUS,en,uci_sms_spam_collection_v1,ham,NEEDS_REVIEW,,f95c0cb603ac,私人闲聊/日常对话，不属于业务通知或商业推广
uci_04767,Whens your radio show?,en,uci_sms_spam_collection_v1,ham,NEEDS_REVIEW,,a24d26f0950f,私人闲聊/日常对话，不属于业务通知或商业推广
uci_04768,Your unique user ID is 1172. For removal send STOP to 87239 customer services 08708034412,en,uci_sms_spam_collection_v1,spam,NEEDS_REVIEW,,9cfb12036155,私人闲聊/日常对话，不属于业务通知或商业推广
uci_04769,I'm not sure if its still available though,en,uci_sms_spam_collection_v1,ham,NEEDS_REVIEW,,0bdee747d718,私人闲聊/日常对话，不属于业务通知或商业推广
uci_04770,watever reLation u built up in dis world only thing which remains atlast iz lonlines with lotz n lot memories! feeling..,en,uci_sms_spam_collection_v1,ham,NEEDS_REVIEW,,cef22bcee5a9,私人闲聊/日常对话，不属于业务通知或商业推广
uci_04771,CHEERS LOU! YEAH WAS A GOODNITE SHAME U NEVA CAME! C YA GAILxx,en,uci_sms_spam_collection_v1,ham,NEEDS_REVIEW,,4e394e6281e8,私人闲聊/日常对话，不属于业务通知或商业推广
uci_04772,Hi..i got the money da:),en,uci_sms_spam_collection_v1,ham,NEEDS_REVIEW,,23137ac8a0b3,私人闲聊/日常对话，不属于业务通知或商业推广
uci_04773,"Hi, Mobile no.  &lt;#&gt;  has added you in their contact list on www.fullonsms.com It s a great place to send free sms to people For more visit fullonsms.com",en,uci_sms_spam_collection_v1,ham,NEEDS_REVIEW,,19c111ee9925,私人闲聊/日常对话，不属于业务通知或商业推广
uci_04774,Ok then u tell me wat time u coming later lor.,en,uci_sms_spam_collection_v1,ham,NEEDS_REVIEW,,77531a3430c0,私人闲聊/日常对话，不属于业务通知或商业推广
uci_04775,U repeat e instructions again. Wat's e road name of ur house?,en,uci_sms_spam_collection_v1,ham,NEEDS_REVIEW,,c18dc3c73120,私人闲聊/日常对话，不属于业务通知或商业推广
uci_04776,"So many people seems to be special at first sight, But only very few will remain special to you till your last sight.. Maintain them till life ends.. Sh!jas",en,uci_sms_spam_collection_v1,ham,NEEDS_REVIEW,,7c34324e825f,私人闲聊/日常对话，不属于业务通知或商业推广
uci_04777,Quite lor. But dun tell him wait he get complacent...,en,uci_sms_spam_collection_v1,ham,NEEDS_REVIEW,,9b44284aa81f,私人闲聊/日常对话，不属于业务通知或商业推广
uci_04778,Sorry completely forgot * will pop em round this week if your still here?,en,uci_sms_spam_collection_v1,ham,NEEDS_REVIEW,,df4600168855,私人闲聊/日常对话，不属于业务通知或商业推广
uci_04779,U R THE MOST BEAUTIFUL GIRL IVE EVER SEEN. U R MY BABY COME AND C ME IN THE COMMON ROOM,en,uci_sms_spam_collection_v1,ham,NEEDS_REVIEW,,f9c37c783ff5,私人闲聊/日常对话，不属于业务通知或商业推广
uci_04780,O we cant see if we can join denis and mina? Or does denis want alone time,en,uci_sms_spam_collection_v1,ham,NEEDS_REVIEW,,49a69ddd9805,私人闲聊/日常对话，不属于业务通知或商业推广
uci_04781,Sen told that he is going to join his uncle finance in cbe,en,uci_sms_spam_collection_v1,ham,NEEDS_REVIEW,,03f41b63a964,私人闲聊/日常对话，不属于业务通知或商业推广
uci_04782,Yup... Hey then one day on fri we can ask miwa and jiayin take leave go karaoke,en,uci_sms_spam_collection_v1,ham,NEEDS_REVIEW,,495ffc1f1d8b,私人闲聊/日常对话，不属于业务通知或商业推广
uci_04783,"Call me, i am senthil from hsbc.",en,uci_sms_spam_collection_v1,ham,NEEDS_REVIEW,,533a24c46ce7,私人闲聊/日常对话，不属于业务通知或商业推广
uci_04784,"Especially since i talk about boston all up in my personal statement, lol! I woulda changed that if i had realized it said nyc! It says boston now.",en,uci_sms_spam_collection_v1,ham,NEEDS_REVIEW,,33dc7bb92f44,私人闲聊/日常对话，不属于业务通知或商业推广
uci_04785,Indeed and by the way it was either or - not both !,en,uci_sms_spam_collection_v1,ham,NEEDS_REVIEW,,d9d2be00e511,私人闲聊/日常对话，不属于业务通知或商业推广
uci_04786,"Urgent -call 09066649731from Landline. Your complimentary 4* Ibiza Holiday or ¡ê10,000 cash await collection SAE T&Cs PO BOX 434 SK3 8WP 150ppm 18+",en,uci_sms_spam_collection_v1,spam,FRAUD,,e6e97e0284da,假冒紧急中奖通知，虚假度假/现金奖励诱导拨打付费电话
uci_04787,Holy living christ what is taking you so long,en,uci_sms_spam_collection_v1,ham,NEEDS_REVIEW,,a2352edaa6dd,私人闲聊/日常对话，不属于业务通知或商业推广
uci_04788,¨¹ thk of wat to eat tonight.,en,uci_sms_spam_collection_v1,ham,NEEDS_REVIEW,,0dc50870b49a,私人闲聊/日常对话，不属于业务通知或商业推广
uci_04789,"Thanx. Yup we coming back on sun. Finish dinner going back 2 hotel now. Time flies, we're tog 4 exactly a mth today. Hope we'll haf many more mths to come...",en,uci_sms_spam_collection_v1,ham,NEEDS_REVIEW,,708675b6a9bf,私人闲聊/日常对话，不属于业务通知或商业推广
uci_04790,We're on the opposite side from where we dropped you off,en,uci_sms_spam_collection_v1,ham,NEEDS_REVIEW,,b4a77aca11bd,私人闲聊/日常对话，不属于业务通知或商业推广
uci_04791,Yup. Izzit still raining heavily cos i'm in e mrt i can't c outside.,en,uci_sms_spam_collection_v1,ham,NEEDS_REVIEW,,fd1dfc4cda28,私人闲聊/日常对话，不属于业务通知或商业推广
uci_04792,Send me your resume:-),en,uci_sms_spam_collection_v1,ham,NEEDS_REVIEW,,7319841a3356,私人闲聊/日常对话，不属于业务通知或商业推广
uci_04793,Gd luck 4 ur exams :-),en,uci_sms_spam_collection_v1,ham,NEEDS_REVIEW,,26cc5a92a7bd,私人闲聊/日常对话，不属于业务通知或商业推广
uci_04794,Or u ask they all if next sat can a not. If all of them can make it then i'm ok lor.,en,uci_sms_spam_collection_v1,ham,NEEDS_REVIEW,,27bf05018cca,私人闲聊/日常对话，不属于业务通知或商业推广
uci_04795,Sorry that was my uncle. I.ll keep in touch,en,uci_sms_spam_collection_v1,ham,NEEDS_REVIEW,,e43221d00fb1,私人闲聊/日常对话，不属于业务通知或商业推广
uci_04796,Saw Guys and Dolls last night with Patrick Swayze it was great,en,uci_sms_spam_collection_v1,ham,NEEDS_REVIEW,,e2222886b3cb,私人闲聊/日常对话，不属于业务通知或商业推广
uci_04797,URGENT This is our 2nd attempt to contact U. Your ¡ê900 prize from YESTERDAY is still awaiting collection. To claim CALL NOW 09061702893,en,uci_sms_spam_collection_v1,spam,FRAUD,,a3e18a015be0,假中奖/假冒领奖通知，诱导拨打付费电话领取虚假奖品
uci_04798,Santa calling! Would your little ones like a call from Santa Xmas Eve? Call 09077818151 to book you time. Calls1.50ppm last 3mins 30s T&C www.santacalling.com,en,uci_sms_spam_collection_v1,spam,AD,,1dce108f048a,付费圣诞老人通话预约商业服务，盈利性质
uci_04799,Just come home. I don't want u to be miserable,en,uci_sms_spam_collection_v1,ham,NEEDS_REVIEW,,71ea4d8f6133,私人闲聊/日常对话，不属于业务通知或商业推广
uci_04800,I dont know why she.s not getting your messages,en,uci_sms_spam_collection_v1,ham,NEEDS_REVIEW,,2e180e218817,个人之间的闲聊交流，无法归入业务/诈骗/广告/骚扰
uci_04801,"its cool but tyler had to take off so we're gonna buy for him and drop it off at his place later tonight. Our total order is a quarter, you got enough?",en,uci_sms_spam_collection_v1,ham,NEEDS_REVIEW,,37e1837e877f,个人之间的闲聊交流，无法归入业务/诈骗/广告/骚扰
uci_04802,"The guy at the car shop who was flirting with me got my phone number from the paperwork and called and texted me. I'm nervous because of course now he may have my address. Should i call his boss and tell him, knowing this may get him fired?",en,uci_sms_spam_collection_v1,ham,NEEDS_REVIEW,,4ced8fc5c872,个人之间的闲聊交流，无法归入业务/诈骗/广告/骚扰
uci_04803,Reverse is cheating. That is not mathematics.,en,uci_sms_spam_collection_v1,ham,NEEDS_REVIEW,,e1d95b49df1d,个人之间的闲聊交流，无法归入业务/诈骗/广告/骚扰
uci_04804,How do you plan to manage that,en,uci_sms_spam_collection_v1,ham,NEEDS_REVIEW,,16cadbb849fb,个人之间的闲聊交流，无法归入业务/诈骗/广告/骚扰
uci_04805,"Er, hello, things didn¡®t quite go to plan ¨C is limping slowly home followed by aa and with exhaust hanging off",en,uci_sms_spam_collection_v1,ham,NEEDS_REVIEW,,46a0350f6a2d,个人之间的闲聊交流，无法归入业务/诈骗/广告/骚扰
uci_04806,Sorry for the delay. Yes masters,en,uci_sms_spam_collection_v1,ham,NEEDS_REVIEW,,8762e051978c,个人道歉/闲聊
uci_04807,Call me when u finish then i come n pick u.,en,uci_sms_spam_collection_v1,ham,NEEDS_REVIEW,,643079383f92,个人出行/联系安排
uci_04808,PRIVATE! Your 2004 Account Statement for 078498****7 shows 786 unredeemed Bonus Points. To claim call 08719180219 Identifier Code: 45239 Expires 06.05.05,en,uci_sms_spam_collection_v1,spam,FRAUD,,88338e2df2cc,虚假积分兑换诈骗，冒称账户有未兑积分诱导回拨高费率电话
uci_04809,What's up my own oga. Left my phone at home and just saw ur messages. Hope you are good. Have a great weekend.,en,uci_sms_spam_collection_v1,ham,NEEDS_REVIEW,,33492d3a3524,个人之间的闲聊交流，无法归入业务/诈骗/广告/骚扰
uci_04810,"Don't worry though, I understand how important it is that I be put in my place with a poorly thought out punishment in the face of the worst thing that has ever happened to me. Brb gonna go kill myself",en,uci_sms_spam_collection_v1,ham,NEEDS_REVIEW,,1794699bca1b,个人之间的闲聊交流，无法归入业务/诈骗/广告/骚扰
uci_04811,"Honey, can you pls find out how much they sell Predicte in Nigeria. And how many times can it be used. Its very important to have a reply before monday",en,uci_sms_spam_collection_v1,ham,NEEDS_REVIEW,,42a5cc39c7f7,个人之间的闲聊交流，无法归入业务/诈骗/广告/骚扰
uci_04812,E admin building there? I might b slightly earlier... I'll call u when i'm reaching...,en,uci_sms_spam_collection_v1,ham,NEEDS_REVIEW,,dc3df3c9527e,个人之间的闲聊交流，无法归入业务/诈骗/广告/骚扰
uci_04813,"fyi I'm at usf now, swing by the room whenever",en,uci_sms_spam_collection_v1,ham,NEEDS_REVIEW,,091d983ec512,个人之间的闲聊交流，无法归入业务/诈骗/广告/骚扰
uci_04814,i can call in  &lt;#&gt;  min if thats ok,en,uci_sms_spam_collection_v1,ham,NEEDS_REVIEW,,fdf73aa2ea23,个人之间的闲聊交流，无法归入业务/诈骗/广告/骚扰
uci_04815,Ummmmmaah Many many happy returns of d day my dear sweet heart.. HAPPY BIRTHDAY dear,en,uci_sms_spam_collection_v1,ham,NEEDS_REVIEW,,2d9852cfdff1,个人情感表达/问候
uci_04816,¨¹ no home work to do meh...,en,uci_sms_spam_collection_v1,ham,NEEDS_REVIEW,,6eb8dd7b575b,极短的个人闲聊/回复，无法归类
uci_04817,Anything is valuable in only 2 situations: First- Before getting it... Second- After loosing it...,en,uci_sms_spam_collection_v1,ham,NEEDS_REVIEW,,2afd6ae5eb1c,个人之间的闲聊交流，无法归入业务/诈骗/广告/骚扰
uci_04818,Me too. Mark is taking forever to pick up my prescription and the pain is coming back.,en,uci_sms_spam_collection_v1,ham,NEEDS_REVIEW,,41838d9cdc78,个人之间的闲聊交流，无法归入业务/诈骗/广告/骚扰
uci_04819,How's ur paper?,en,uci_sms_spam_collection_v1,ham,NEEDS_REVIEW,,a5e921f89e26,极短的个人闲聊/回复，无法归类
uci_04820,Got smaller capacity one? Quite ex...,en,uci_sms_spam_collection_v1,ham,NEEDS_REVIEW,,2fa94d3d15d7,个人间提问/闲聊
uci_04821,Check Out Choose Your Babe Videos @ sms.shsex.netUN fgkslpoPW fgkslpo,en,uci_sms_spam_collection_v1,spam,HARASS,,7cae188531b6,色情网站链接骚扰推广
uci_04822,Im good! I have been thinking about you...,en,uci_sms_spam_collection_v1,ham,NEEDS_REVIEW,,17e967729f2a,个人之间的闲聊交流，无法归入业务/诈骗/广告/骚扰
uci_04823,u r a winner U ave been specially selected 2 receive ¡ê1000 cash or a 4* holiday (flights inc) speak to a live operator 2 claim 0871277810710p/min (18 ),en,uci_sms_spam_collection_v1,spam,FRAUD,,792397c70ef9,虚假现金奖励诈骗
uci_04824,:-) :-),en,uci_sms_spam_collection_v1,ham,NEEDS_REVIEW,,da39a3ee5e6b,极短的个人闲聊/回复，无法归类
uci_04825,Not thought bout it... || Drink in tap & spile at seven. || Is that pub on gas st off broad st by canal. || Ok?,en,uci_sms_spam_collection_v1,ham,NEEDS_REVIEW,,1cb0e6f07563,个人之间的闲聊交流，无法归入业务/诈骗/广告/骚扰
uci_04826,I am going to sleep. I am tired of travel.,en,uci_sms_spam_collection_v1,ham,NEEDS_REVIEW,,a429e8dad0c8,个人之间的闲聊交流，无法归入业务/诈骗/广告/骚扰
uci_04827,"Haha, just what I was thinkin",en,uci_sms_spam_collection_v1,ham,NEEDS_REVIEW,,5c7f678a0a9a,极短的个人闲聊/回复，无法归类
uci_04828,Yup but it's not giving me problems now so mayb i'll jus leave it...,en,uci_sms_spam_collection_v1,ham,NEEDS_REVIEW,,a49cbe91805f,个人之间的闲聊交流，无法归入业务/诈骗/广告/骚扰
uci_04829,Lol no. Just trying to make your day a little more interesting,en,uci_sms_spam_collection_v1,ham,NEEDS_REVIEW,,ba68829146af,朋友间玩笑闲聊
uci_04830,"How long before you get reply, just defer admission til next semester",en,uci_sms_spam_collection_v1,ham,NEEDS_REVIEW,,2d6334304b08,个人之间的闲聊交流，无法归入业务/诈骗/广告/骚扰
uci_04831,"The word ""Checkmate"" in chess comes from the Persian phrase ""Shah Maat"" which means; ""the king is dead.."" Goodmorning.. Have a good day..:)",en,uci_sms_spam_collection_v1,ham,NEEDS_REVIEW,,4a8f54a6777a,个人出行/联系安排
uci_04832,Po de :-):):-):-):-). No need job aha.,en,uci_sms_spam_collection_v1,ham,NEEDS_REVIEW,,4761cf520289,个人之间的闲聊交流，无法归入业务/诈骗/广告/骚扰
uci_04833,Rats. Hey did u ever vote for the next themes?,en,uci_sms_spam_collection_v1,ham,NEEDS_REVIEW,,e0a443a4bca7,个人间提问/闲聊
uci_04834,"New Mobiles from 2004, MUST GO! Txt: NOKIA to No: 89545 & collect yours today! From ONLY ¡ê1. www.4-tc.biz 2optout 087187262701.50gbp/mtmsg18 TXTAUCTION.",en,uci_sms_spam_collection_v1,spam,AD,,ff0d4fe498c6,短信抽奖促销，推广诺基亚手机
uci_04835,I hope your pee burns tonite.,en,uci_sms_spam_collection_v1,ham,NEEDS_REVIEW,,2b0b0db85b5f,极短的个人闲聊/回复，无法归类
uci_04836,"OH RITE. WELL IM WITH MY BEST MATE PETE, WHO I WENT OUT WITH 4 A WEEK+ NOW WERE 2GEVA AGAIN. ITS BEEN LONGER THAN A WEEK.",en,uci_sms_spam_collection_v1,ham,NEEDS_REVIEW,,ab8b0e6704da,个人之间的闲聊交流，无法归入业务/诈骗/广告/骚扰
uci_04837,Yay can't wait to party together!,en,uci_sms_spam_collection_v1,ham,NEEDS_REVIEW,,bebc7175c9bb,个人之间的闲聊交流，无法归入业务/诈骗/广告/骚扰
uci_04838,....photoshop makes my computer shut down.,en,uci_sms_spam_collection_v1,ham,NEEDS_REVIEW,,1e0cf6e160f0,个人之间的闲聊交流，无法归入业务/诈骗/广告/骚扰
uci_04839,All boys made fun of me today. Ok i have no problem. I just sent one message just for fun,en,uci_sms_spam_collection_v1,ham,NEEDS_REVIEW,,0d1b416ebabe,个人之间的闲聊交流，无法归入业务/诈骗/广告/骚扰
uci_04840,That's one of the issues but california is okay. No snow so its manageable,en,uci_sms_spam_collection_v1,ham,NEEDS_REVIEW,,cfe49c2dc0bc,个人之间的闲聊交流，无法归入业务/诈骗/广告/骚扰
uci_04841,PRIVATE! Your 2003 Account Statement for shows 800 un-redeemed S. I. M. points. Call 08715203652 Identifier Code: 42810 Expires 29/10/0,en,uci_sms_spam_collection_v1,spam,FRAUD,,ce0313c5341e,虚假SIM积分兑换诈骗，冒称有未兑积分诱导回拨
uci_04842,"Hmmm.... Mayb can try e shoppin area one, but forgot e name of hotel...",en,uci_sms_spam_collection_v1,ham,NEEDS_REVIEW,,849147be8eef,个人之间的闲聊交流，无法归入业务/诈骗/广告/骚扰
uci_04843,"Awesome, that gonna be soon or later tonight?",en,uci_sms_spam_collection_v1,ham,NEEDS_REVIEW,,9d91768d3475,个人间提问/闲聊
uci_04844,I need details about that online job.,en,uci_sms_spam_collection_v1,ham,NEEDS_REVIEW,,892f6e81db70,个人之间的闲聊交流，无法归入业务/诈骗/广告/骚扰
uci_04845,YOU HAVE WON! As a valued Vodafone customer our computer has picked YOU to win a ¡ê150 prize. To collect is easy. Just call 09061743386,en,uci_sms_spam_collection_v1,spam,FRAUD,,cc780a50040b,虚假中奖通知，冒称被抽中奖品要求回拨领取
uci_04846,Missing you too.pray inshah allah,en,uci_sms_spam_collection_v1,ham,NEEDS_REVIEW,,a213e647d228,个人之间的闲聊交流，无法归入业务/诈骗/广告/骚扰
uci_04847,Pls help me tell Ashley that i cant find her number oh,en,uci_sms_spam_collection_v1,ham,NEEDS_REVIEW,,681f7720fb4e,个人之间的闲聊交流，无法归入业务/诈骗/广告/骚扰
uci_04848,I am in escape theatre now. . Going to watch KAVALAN in a few minutes,en,uci_sms_spam_collection_v1,ham,NEEDS_REVIEW,,6732353cd1ed,个人之间的闲聊交流，无法归入业务/诈骗/广告/骚扰
uci_04849,S.this will increase the chance of winning.,en,uci_sms_spam_collection_v1,ham,NEEDS_REVIEW,,894b41d2cccd,个人之间的闲聊交流，无法归入业务/诈骗/广告/骚扰
uci_04850,either way works for me. I am  &lt;#&gt;  years old. Hope that doesnt bother you.,en,uci_sms_spam_collection_v1,ham,NEEDS_REVIEW,,ef821e93146d,个人之间的闲聊交流，无法归入业务/诈骗/广告/骚扰
uci_04851,Maybe you should find something else to do instead???,en,uci_sms_spam_collection_v1,ham,NEEDS_REVIEW,,827bab8b5ca7,个人间提问/闲聊
uci_04852,Gain the rights of a wife.dont demand it.i am trying as husband too.Lets see,en,uci_sms_spam_collection_v1,ham,NEEDS_REVIEW,,3afba2efd070,个人之间的闲聊交流，无法归入业务/诈骗/广告/骚扰
uci_04853,I liked your new house,en,uci_sms_spam_collection_v1,ham,NEEDS_REVIEW,,6cd936818f7f,极短的个人闲聊/回复，无法归类
uci_04854,I'm fine. Hope you are also,en,uci_sms_spam_collection_v1,ham,NEEDS_REVIEW,,e03e7c6245ba,极短的个人闲聊/回复，无法归类
uci_04855,"Also north carolina and texas atm, you would just go to the gre site and pay for the test results to be sent.",en,uci_sms_spam_collection_v1,ham,NEEDS_REVIEW,,fb2db215eb56,个人之间的闲聊交流，无法归入业务/诈骗/广告/骚扰
uci_04856,Same to u...,en,uci_sms_spam_collection_v1,ham,NEEDS_REVIEW,,255fea28faa0,极短的个人闲聊/回复，无法归类
uci_04857,yes baby! I need to stretch open your pussy!,en,uci_sms_spam_collection_v1,ham,HARASS,,feda4a25899f,露骨性骚扰短信
uci_04858,Thanks  and ! Or bomb and date as my phone wanted to say!,en,uci_sms_spam_collection_v1,ham,NEEDS_REVIEW,,6c64ab7132cf,个人之间的闲聊交流，无法归入业务/诈骗/广告/骚扰
uci_04859,Ok...,en,uci_sms_spam_collection_v1,ham,NEEDS_REVIEW,,7a85f4764bbd,极短的个人闲聊/回复，无法归类
uci_04860,"Hey, a guy I know is breathing down my neck to get him some bud, anyway you'd be able to get a half track to usf tonight?",en,uci_sms_spam_collection_v1,ham,NEEDS_REVIEW,,7a53ad0bbe8c,个人之间的闲聊交流，无法归入业务/诈骗/广告/骚扰
uci_04861,"""Response"" is one of d powerful weapon 2 occupy a place in others 'HEART'... So, always give response 2 who cares 4 U""... Gud night..swt dreams..take care",en,uci_sms_spam_collection_v1,ham,NEEDS_REVIEW,,b79a0182ed6d,个人之间的闲聊交流，无法归入业务/诈骗/广告/骚扰
uci_04862,Nokia phone is lovly..,en,uci_sms_spam_collection_v1,ham,NEEDS_REVIEW,,c5957fa1a6ea,个人对手机的看法，非广告
uci_04863,**FREE MESSAGE**Thanks for using the Auction Subscription Service. 18 . 150p/MSGRCVD 2 Skip an Auction txt OUT. 2 Unsubscribe txt STOP CustomerCare 08718726270,en,uci_sms_spam_collection_v1,spam,AD,,a554672e8e5a,竞拍订阅服务推广短信
uci_04864,Bored housewives! Chat n date now! 0871750.77.11! BT-national rate 10p/min only from landlines!,en,uci_sms_spam_collection_v1,spam,HARASS,,aa1405cd5cb0,灰色交友骚扰推广
uci_04865,Sorry da..today i wont come to play..i have driving clas..,en,uci_sms_spam_collection_v1,ham,NEEDS_REVIEW,,f23ff5249f43,个人出行/联系安排
uci_04866,I'm really sorry I lit your hair on fire,en,uci_sms_spam_collection_v1,ham,NEEDS_REVIEW,,6b1a767ae2d0,个人道歉/闲聊
uci_04867,"Oh! Shit, I thought that was your trip! Loooooool ... That just makes SO much more sense now ... *grins* and the sofa reference was ... The ""sleep on a couch"" link you sent me ... Wasn't that how you went on your trip ? Oh ... And didn't your babe go with you for that celebration with your rents?",en,uci_sms_spam_collection_v1,ham,NEEDS_REVIEW,,d0dff2df8054,个人之间的闲聊交流，无法归入业务/诈骗/广告/骚扰
uci_04868,Okey dokey swashbuckling stuff what oh.,en,uci_sms_spam_collection_v1,ham,NEEDS_REVIEW,,78534afb03fc,个人之间的闲聊交流，无法归入业务/诈骗/广告/骚扰
uci_04869,"Watching cartoon, listening music &amp; at eve had to go temple &amp; church.. What about u?",en,uci_sms_spam_collection_v1,ham,NEEDS_REVIEW,,edc89c62e308,个人之间的闲聊交流，无法归入业务/诈骗/广告/骚扰
uci_04870,1. Tension face 2. Smiling face 3. Waste face 4. Innocent face 5.Terror face 6.Cruel face 7.Romantic face 8.Lovable face 9.decent face  &lt;#&gt; .joker face.,en,uci_sms_spam_collection_v1,ham,NEEDS_REVIEW,,ff5473f5ca8f,个人之间的闲聊交流，无法归入业务/诈骗/广告/骚扰
uci_04871,Dip's cell dead. So i m coming with him. U better respond else we shall come back.,en,uci_sms_spam_collection_v1,ham,NEEDS_REVIEW,,fbdfbd0f88dd,个人出行/联系安排
uci_04872,Well. You know what i mean. Texting,en,uci_sms_spam_collection_v1,ham,NEEDS_REVIEW,,8b3e0edeef1f,个人之间的闲聊交流，无法归入业务/诈骗/广告/骚扰
uci_04873,Hi dis is yijue i would be happy to work wif ¨¹ all for gek1510...,en,uci_sms_spam_collection_v1,ham,NEEDS_REVIEW,,a277ef5d63bb,个人情感表达/问候
uci_04874,Lol! Oops sorry! Have fun.,en,uci_sms_spam_collection_v1,ham,NEEDS_REVIEW,,3cfeb6f31618,极短的个人闲聊/回复，无法归类
uci_04875,Wat happened to the cruise thing,en,uci_sms_spam_collection_v1,ham,NEEDS_REVIEW,,49d14d4d3092,个人之间的闲聊交流，无法归入业务/诈骗/广告/骚扰
uci_04876,"I know dat feelin had it with Pete! Wuld get with em , nuther place nuther time mayb?",en,uci_sms_spam_collection_v1,ham,NEEDS_REVIEW,,4d9819258bcb,个人之间的闲聊交流，无法归入业务/诈骗/广告/骚扰
uci_04877,lyricalladie(21/F) is inviting you to be her friend. Reply YES-910 or NO-910. See her: www.SMS.ac/u/hmmross STOP? Send STOP FRND to 62468,en,uci_sms_spam_collection_v1,spam,HARASS,,4f99a2dd7589,灰色交友平台邀请骚扰
uci_04878,The world's most happiest frnds never have the same characters... Dey just have the best understanding of their differences...,en,uci_sms_spam_collection_v1,ham,NEEDS_REVIEW,,3eded5f433bc,个人之间的闲聊交流，无法归入业务/诈骗/广告/骚扰
uci_04879,No 1 POLYPHONIC tone 4 ur mob every week! Just txt PT2 to 87575. 1st Tone FREE ! so get txtin now and tell ur friends. 150p/tone. 16 reply HL 4info,en,uci_sms_spam_collection_v1,spam,AD,,9411da9da895,订阅彩铃推广短信
uci_04880,Yeah just open chat and click friend lists. Then make the list. Easy as pie,en,uci_sms_spam_collection_v1,ham,NEEDS_REVIEW,,f1f6edb2ed14,个人之间的闲聊交流，无法归入业务/诈骗/广告/骚扰
uci_04881,alright tyler's got a minor crisis and has to be home sooner than he thought so be here asap,en,uci_sms_spam_collection_v1,ham,NEEDS_REVIEW,,f104116213fa,个人之间的闲聊交流，无法归入业务/诈骗/广告/骚扰
uci_04882,When/where do I pick you up,en,uci_sms_spam_collection_v1,ham,NEEDS_REVIEW,,a2647b03fffe,极短的个人闲聊/回复，无法归类
uci_04883,As usual u can call me ard 10 smth.,en,uci_sms_spam_collection_v1,ham,NEEDS_REVIEW,,1b5f4ba10fb7,个人出行/联系安排
uci_04884,"New Theory: Argument wins d SITUATION, but loses the PERSON. So dont argue with ur friends just.. . . . kick them &amp; say, I'm always correct.!",en,uci_sms_spam_collection_v1,ham,NEEDS_REVIEW,,cb5bd9f852ce,个人之间的闲聊交流，无法归入业务/诈骗/广告/骚扰
uci_04885,For many things its an antibiotic and it can be used for chest abdomen and gynae infections even bone infections.,en,uci_sms_spam_collection_v1,ham,NEEDS_REVIEW,,77ae170e4bd5,个人之间的闲聊交流，无法归入业务/诈骗/广告/骚扰
uci_04886,Poor girl can't go one day lmao,en,uci_sms_spam_collection_v1,ham,NEEDS_REVIEW,,02f337322cfb,朋友间玩笑闲聊
uci_04887,Or just do that 6times,en,uci_sms_spam_collection_v1,ham,NEEDS_REVIEW,,bc2c6d91f9d1,极短的个人闲聊/回复，无法归类
uci_04888,Todays Vodafone numbers ending with 4882 are selected to a receive a ¡ê350 award. If your number matches call 09064019014 to receive your ¡ê350 award.,en,uci_sms_spam_collection_v1,spam,FRAUD,,6be06fb7c32b,虚假奖励通知，冒称Vodafone用户中奖
uci_04889,You have to pls make a note of all she.s exposed to. Also find out from her school if anyone else was vomiting. Is there a dog or cat in the house? Let me know later.,en,uci_sms_spam_collection_v1,ham,NEEDS_REVIEW,,a107f1ad20e5,个人之间的闲聊交流，无法归入业务/诈骗/广告/骚扰
uci_04890,"Japanese Proverb: If one Can do it, U too Can do it, If none Can do it,U must do it Indian version: If one Can do it, LET HIM DO it.. If none Can do it,LEAVE it!! And finally Kerala version: If one can do it, Stop him doing it.. If none can do it, Make a strike against it ...",en,uci_sms_spam_collection_v1,ham,NEEDS_REVIEW,,c2169214b76f,个人之间的闲聊交流，无法归入业务/诈骗/广告/骚扰
uci_04891,Sounds like there could be a lot of time spent in that chastity device boy ... *grins* ... Or take your beatings like a good dog. Going to lounge in a nice long bath now ?,en,uci_sms_spam_collection_v1,ham,NEEDS_REVIEW,,817811e929d2,个人之间的闲聊交流，无法归入业务/诈骗/广告/骚扰
uci_04892,Its worse if if uses half way then stops. Its better for him to complete it.,en,uci_sms_spam_collection_v1,ham,NEEDS_REVIEW,,df264b08a854,个人之间的闲聊交流，无法归入业务/诈骗/广告/骚扰
uci_04893,Miserable. They don't tell u that the side effects of birth control are massive gut wrenching cramps for the first 2 months. I didn't sleep at all last night.,en,uci_sms_spam_collection_v1,ham,NEEDS_REVIEW,,6ad0a6eeff71,个人之间的闲聊交流，无法归入业务/诈骗/广告/骚扰
uci_04894,Send me the new number,en,uci_sms_spam_collection_v1,ham,NEEDS_REVIEW,,dff3f77ce546,极短的个人闲聊/回复，无法归类
uci_04895,Convey my regards to him,en,uci_sms_spam_collection_v1,ham,NEEDS_REVIEW,,f283cad92fa2,极短的个人闲聊/回复，无法归类
uci_04896,Want the latest Video handset? 750 anytime any network mins? Half price line rental? Reply or call 08000930705 for delivery tomorrow,en,uci_sms_spam_collection_v1,spam,AD,,0c968535e4b2,免费手机促销推广
uci_04897,2 and half years i missed your friendship:-),en,uci_sms_spam_collection_v1,ham,NEEDS_REVIEW,,7dd74dd932f7,个人之间的闲聊交流，无法归入业务/诈骗/广告/骚扰
uci_04898,I cant pick the phone right now. Pls send a message,en,uci_sms_spam_collection_v1,ham,NEEDS_REVIEW,,ea4561f1db70,个人之间的闲聊交流，无法归入业务/诈骗/广告/骚扰
uci_04899,Oh for fuck's sake she's in like tallahassee,en,uci_sms_spam_collection_v1,ham,NEEDS_REVIEW,,e00a1d0dcaaf,个人之间的闲聊交流，无法归入业务/诈骗/广告/骚扰
uci_04900,"Haha, that was the first person I was gonna ask",en,uci_sms_spam_collection_v1,ham,NEEDS_REVIEW,,585b2d44de5c,朋友间玩笑闲聊
uci_04901,"ou are guaranteed the latest Nokia Phone, a 40GB iPod MP3 player or a ¡ê500 prize! Txt word: COLLECT to No: 83355! IBHltd LdnW15H 150p/Mtmsgrcvd18",en,uci_sms_spam_collection_v1,spam,NEEDS_REVIEW,,5240f1c7d24d,虚假保证奖品诈骗
uci_04902,Taka lor. Wat time u wan 2 come n look 4 us?,en,uci_sms_spam_collection_v1,ham,NEEDS_REVIEW,,f4f5e9dcb9b2,个人间提问/闲聊
uci_04903,* FREE* POLYPHONIC RINGTONE Text SUPER to 87131 to get your FREE POLY TONE of the week now! 16 SN PoBox202 NR31 7ZS subscription 450pw,en,uci_sms_spam_collection_v1,spam,AD,,4419a905691e,订阅彩铃推广短信
uci_04904,"""I;m reaching in another 2 stops.""",en,uci_sms_spam_collection_v1,ham,NEEDS_REVIEW,,c7f539083221,个人之间的闲聊交流，无法归入业务/诈骗/广告/骚扰
uci_04905,"no, i *didn't* mean to post it. I wrote it, and like so many other times i've ritten stuff to you, i let it sit there. it WAS what i was feeling at the time. I was angry. Before i left, i hit send, then stop. It wasn't there. I checked on my phone when i got to my car. It wasn't there. You said you didn't sleep, you were bored. So why wouldn't THAT be the time to clean, fold laundry, etc.? At least make the bed?",en,uci_sms_spam_collection_v1,ham,NEEDS_REVIEW,,8e62dc4415f8,个人之间的闲聊交流，无法归入业务/诈骗/广告/骚扰
uci_04906,Warner Village 83118 C Colin Farrell in SWAT this wkend @Warner Village & get 1 free med. Popcorn!Just show msg+ticket@kiosk.Valid 4-7/12. C t&c @kiosk. Reply SONY 4 mre film offers,en,uci_sms_spam_collection_v1,spam,AD,,00b030d52bf4,电影院促销推广
uci_04907,Will you come online today night,en,uci_sms_spam_collection_v1,ham,NEEDS_REVIEW,,4c64d70aeb76,个人出行/联系安排
uci_04908,Then anything special?,en,uci_sms_spam_collection_v1,ham,NEEDS_REVIEW,,71073c2ae1af,极短的个人闲聊/回复，无法归类
uci_04909,"I'm in solihull, | do you want anything?",en,uci_sms_spam_collection_v1,ham,NEEDS_REVIEW,,61f2ea38325a,个人间提问/闲聊
uci_04910,Will do. Have a good day,en,uci_sms_spam_collection_v1,ham,NEEDS_REVIEW,,de9bac65fc02,极短的个人闲聊/回复，无法归类
uci_04911,WE REGRET TO INFORM U THAT THE NHS HAS MADE A MISTAKE.U WERE NEVER ACTUALLY BORN.PLEASE REPORT 2 YOR LOCAL HOSPITAL 2B TERMINATED.WE R SORRY 4 THE INCONVENIENCE,en,uci_sms_spam_collection_v1,ham,NEEDS_REVIEW,,8eecf84700ae,个人道歉/闲聊
uci_04912,Love that holiday Monday feeling even if I have to go to the dentists in an hour,en,uci_sms_spam_collection_v1,ham,NEEDS_REVIEW,,58d1bdc7ce18,个人情感表达/问候
uci_04913,I am on the way to tirupur.,en,uci_sms_spam_collection_v1,ham,NEEDS_REVIEW,,f8b7b3be44dd,极短的个人闲聊/回复，无法归类
uci_04914,"Goal! Arsenal 4 (Henry, 7 v Liverpool 2 Henry scores with a simple shot from 6 yards from a pass by Bergkamp to give Arsenal a 2 goal margin after 78 mins.",en,uci_sms_spam_collection_v1,spam,NEEDS_REVIEW,,eccd803c15a5,个人之间的闲聊交流，无法归入业务/诈骗/广告/骚扰
uci_04915,You've already got a flaky parent. It'snot supposed to be the child's job to support the parent...not until they're The Ride age anyway. I'm supposed to be there to support you. And now i've hurt you. unintentional. But hurt nonetheless.,en,uci_sms_spam_collection_v1,ham,NEEDS_REVIEW,,50f3a8b4b575,个人之间的闲聊交流，无法归入业务/诈骗/广告/骚扰
uci_04916,We took hooch for a walk toaday and i fell over! Splat! Grazed my knees and everything! Should have stayed at home! See you tomorrow!,en,uci_sms_spam_collection_v1,ham,NEEDS_REVIEW,,159527a9ed43,个人之间的闲聊交流，无法归入业务/诈骗/广告/骚扰
uci_04917,"Just dropped em off, omw back now",en,uci_sms_spam_collection_v1,ham,NEEDS_REVIEW,,fe515a992faf,个人之间的闲聊交流，无法归入业务/诈骗/广告/骚扰
uci_04918,"This is the 2nd time we have tried 2 contact u. U have won the 750 Pound prize. 2 claim is easy, call 08712101358 NOW! Only 10p per min. BT-national-rate",en,uci_sms_spam_collection_v1,spam,FRAUD,,7e959529ca51,无法明确归入四类，归为待审核
uci_04919,Sitting in mu waiting for everyone to get out of my suite so I can take a shower,en,uci_sms_spam_collection_v1,ham,NEEDS_REVIEW,,a226a9482d35,个人之间的闲聊交流，无法归入业务/诈骗/广告/骚扰
uci_04920,Re your call; You didn't see my facebook huh?,en,uci_sms_spam_collection_v1,ham,NEEDS_REVIEW,,d2e8e8e61085,个人间提问/闲聊
uci_04921,"G says you never answer your texts, confirm/deny",en,uci_sms_spam_collection_v1,ham,NEEDS_REVIEW,,12d69000db52,个人之间的闲聊交流，无法归入业务/诈骗/广告/骚扰
uci_04922,"Its so common hearin How r u? Wat r u doing? How was ur day? So let me ask u something different. Did u smile today? If not, do it now.... Gud evng.",en,uci_sms_spam_collection_v1,ham,NEEDS_REVIEW,,9feeb40a85a5,个人之间的闲聊交流，无法归入业务/诈骗/广告/骚扰
uci_04923,Hi Dear Call me its urgnt. I don't know whats your problem. You don't want to work or if you have any other problem at least tell me. Wating for your reply.,en,uci_sms_spam_collection_v1,ham,NEEDS_REVIEW,,42e8f2882a21,个人情感表达/问候
uci_04924,Oh yah... We never cancel leh... Haha,en,uci_sms_spam_collection_v1,ham,NEEDS_REVIEW,,f44ea2ccc9f4,朋友间玩笑闲聊
uci_04925,We can go 4 e normal pilates after our intro...,en,uci_sms_spam_collection_v1,ham,NEEDS_REVIEW,,d1f58288a80d,个人之间的闲聊交流，无法归入业务/诈骗/广告/骚扰
uci_04926,Ok... Let u noe when i leave my house.,en,uci_sms_spam_collection_v1,ham,NEEDS_REVIEW,,9f096bcbb04e,个人之间的闲聊交流，无法归入业务/诈骗/广告/骚扰
uci_04927,"Oh yes, why is it like torture watching england?",en,uci_sms_spam_collection_v1,ham,NEEDS_REVIEW,,81b3adb2c211,个人间提问/闲聊
uci_04928,Wanna do some art?! :D,en,uci_sms_spam_collection_v1,ham,NEEDS_REVIEW,,89b6dfda75ac,极短的个人闲聊/回复，无法归类
uci_04929,Just hopeing that wasn¡®t too pissed up to remember and has gone off to his sisters or something!,en,uci_sms_spam_collection_v1,ham,NEEDS_REVIEW,,332f2a55590e,个人之间的闲聊交流，无法归入业务/诈骗/广告/骚扰
uci_04930,"Got what it takes 2 take part in the WRC Rally in Oz? U can with Lucozade Energy! Text RALLY LE to 61200 (25p), see packs or lucozade.co.uk/wrc & itcould be u!",en,uci_sms_spam_collection_v1,spam,AD,,fdea11c19575,能量饮料/赛事营销短信
uci_04931,"Hi, the SEXYCHAT girls are waiting for you to text them. Text now for a great night chatting. send STOP to stop this service",en,uci_sms_spam_collection_v1,spam,HARASS,,1289f7ad23a2,色情聊天骚扰，推广成人聊天服务
uci_04932,"Good morning, my boytoy! How's those yummy lips ? Where's my sexy buns now ? What do you do ? Do you think of me ? Do you crave me ? Do you need me ?",en,uci_sms_spam_collection_v1,ham,NEEDS_REVIEW,qa_fix_v1,a87bb2d10795,[fix:adult-or-secret-admirer NEEDS_REVIEW->HARASS] 个人之间的闲聊交流，无法归入业务/诈骗/广告/骚扰 [fix:revert-ham-kisses-xxx HARASS->NEEDS_REVIEW]
uci_04933,Match started.india  &lt;#&gt;  for 2,en,uci_sms_spam_collection_v1,ham,NEEDS_REVIEW,,6d8929dc4cf3,个人之间的闲聊交流，无法归入业务/诈骗/广告/骚扰
uci_04934,Once free call me sir.,en,uci_sms_spam_collection_v1,ham,NEEDS_REVIEW,,909f7b93b4f9,极短的个人闲聊/回复，无法归类
uci_04935,Hey do you want anything to buy:),en,uci_sms_spam_collection_v1,ham,NEEDS_REVIEW,,005e0e8b53b7,个人之间的闲聊交流，无法归入业务/诈骗/广告/骚扰
uci_04936,"Hey babe, how's it going ? Did you ever figure out where your going for New Years ?",en,uci_sms_spam_collection_v1,ham,NEEDS_REVIEW,,bf320116c174,个人之间的闲聊交流，无法归入业务/诈骗/广告/骚扰
uci_04937,K..k.:)congratulation ..,en,uci_sms_spam_collection_v1,ham,NEEDS_REVIEW,,36effa00405d,极短的个人闲聊/回复，无法归类
uci_04938,G wants to know where the fuck you are,en,uci_sms_spam_collection_v1,ham,NEEDS_REVIEW,,51e6dfe8385b,个人之间的闲聊交流，无法归入业务/诈骗/广告/骚扰
uci_04939,No it was cancelled yeah baby! Well that sounds important so i understand my darlin give me a ring later on this fone love Kate x,en,uci_sms_spam_collection_v1,ham,NEEDS_REVIEW,,7a9b620e8c55,个人情感表达/问候
uci_04940,Tomarrow i want to got to court. At  &lt;DECIMAL&gt; . So you come to bus stand at 9.,en,uci_sms_spam_collection_v1,ham,NEEDS_REVIEW,,459f2929a7c2,个人出行/联系安排
uci_04941,¨¹ go home liao? Ask dad to pick me up at 6...,en,uci_sms_spam_collection_v1,ham,NEEDS_REVIEW,,cc3e6fcf78d0,个人间提问/闲聊
uci_04942,Omg you can make a wedding chapel in frontierville? Why do they get all the good stuff?,en,uci_sms_spam_collection_v1,ham,NEEDS_REVIEW,,bdd2ef27ddf4,个人之间的闲聊交流，无法归入业务/诈骗/广告/骚扰
uci_04943,"I'm eatin now lor, but goin back to work soon... E mountain deer show huh... I watch b4 liao, very nice...",en,uci_sms_spam_collection_v1,ham,NEEDS_REVIEW,,1cb99e2e7ed5,个人之间的闲聊交流，无法归入业务/诈骗/广告/骚扰
uci_04944,Check mail.i have mailed varma and kept copy to you regarding membership.take care.insha allah.,en,uci_sms_spam_collection_v1,ham,NEEDS_REVIEW,,3c0f3084165e,个人之间的闲聊交流，无法归入业务/诈骗/广告/骚扰
uci_04945,Wrong phone! This phone! I answer this one but assume the other is people i don't well,en,uci_sms_spam_collection_v1,ham,NEEDS_REVIEW,,6c2a89c4c630,个人之间的闲聊交流，无法归入业务/诈骗/广告/骚扰
uci_04946,"Anyway I don't think I can secure anything up here, lemme know if you want me to drive down south and chill",en,uci_sms_spam_collection_v1,ham,NEEDS_REVIEW,,0423aafaa6e7,个人之间的闲聊交流，无法归入业务/诈骗/广告/骚扰
uci_04947,I'm already back home so no probably not,en,uci_sms_spam_collection_v1,ham,NEEDS_REVIEW,,944ddab81de3,个人之间的闲聊交流，无法归入业务/诈骗/广告/骚扰
uci_04948,Great News! Call FREEFONE 08006344447 to claim your guaranteed ¡ê1000 CASH or ¡ê2000 gift. Speak to a live operator NOW!,en,uci_sms_spam_collection_v1,spam,FRAUD,,81b27e33a6a7,虚假现金奖励诈骗
uci_04949,"Hi this is Amy, we will be sending you a free phone number in a couple of days, which will give you an access to all the adult parties...",en,uci_sms_spam_collection_v1,spam,HARASS,,ff4a8e533af1,成人聚会骚扰推广
uci_04950,I am in bus on the way to calicut,en,uci_sms_spam_collection_v1,ham,NEEDS_REVIEW,,41934e708c7e,个人之间的闲聊交流，无法归入业务/诈骗/广告/骚扰
uci_04951,Hi its me you are probably having too much fun to get this message but i thought id txt u cos im bored! and james has been farting at me all night,en,uci_sms_spam_collection_v1,ham,NEEDS_REVIEW,,89d732cb2606,个人之间的闲聊交流，无法归入业务/诈骗/广告/骚扰
uci_04952,hi baby im sat on the bloody bus at the mo and i wont be home until about 7:30 wanna do somethin later? call me later ortxt back jess xx,en,uci_sms_spam_collection_v1,ham,NEEDS_REVIEW,,03172ff8d698,个人出行/联系安排
uci_04953,"Welcome to Select, an O2 service with added benefits. You can now call our specially trained advisors FREE from your mobile by dialling 402.",en,uci_sms_spam_collection_v1,spam,AD,,7dd115bf5aeb,O2运营商增值服务推广
uci_04954,I lost 4 pounds since my doc visit last week woot woot! Now I'm gonna celebrate by stuffing my face!,en,uci_sms_spam_collection_v1,ham,NEEDS_REVIEW,,67c6a824d5ca,个人之间的闲聊交流，无法归入业务/诈骗/广告/骚扰
uci_04955,U coming back 4 dinner rite? Dad ask me so i re confirm wif u...,en,uci_sms_spam_collection_v1,ham,NEEDS_REVIEW,,7abcbba494da,个人之间的闲聊交流，无法归入业务/诈骗/广告/骚扰
uci_04956,Doing my masters. When will you buy a bb cos i have for sale and how's bf,en,uci_sms_spam_collection_v1,ham,NEEDS_REVIEW,,6fffcf9569c6,个人之间的闲聊交流，无法归入业务/诈骗/广告/骚扰
uci_04957,"Ahhhh...just woken up!had a bad dream about u tho,so i dont like u right now :) i didnt know anything about comedy night but i guess im up for it.",en,uci_sms_spam_collection_v1,ham,NEEDS_REVIEW,,3f6a5d353f30,个人出行/联系安排
uci_04958,I'm vivek:)i got call from your number.,en,uci_sms_spam_collection_v1,ham,NEEDS_REVIEW,,f0fe0285e9a5,个人之间的闲聊交流，无法归入业务/诈骗/广告/骚扰
uci_04959,Why didn't u call on your lunch?,en,uci_sms_spam_collection_v1,ham,NEEDS_REVIEW,,41d410beacf3,个人间提问/闲聊
uci_04960,"What i mean was i left too early to check, cos i'm working a 9-6.",en,uci_sms_spam_collection_v1,ham,NEEDS_REVIEW,,5e5d6ec5f931,个人之间的闲聊交流，无法归入业务/诈骗/广告/骚扰
uci_04961,I want  &lt;#&gt;  rs da:)do you have it?,en,uci_sms_spam_collection_v1,ham,NEEDS_REVIEW,,a1800f84a03a,个人间提问/闲聊
uci_04962,"A bit of Ur smile is my hppnss, a drop of Ur tear is my sorrow, a part of Ur heart is my life, a heart like mine wil care for U, forevr as my GOODFRIEND",en,uci_sms_spam_collection_v1,ham,NEEDS_REVIEW,,9ad54f943ef7,个人之间的闲聊交流，无法归入业务/诈骗/广告/骚扰
uci_04963,Yup ok...,en,uci_sms_spam_collection_v1,ham,NEEDS_REVIEW,,d505df084ff5,极短的个人闲聊/回复，无法归类
uci_04964,I want to see your pretty pussy...,en,uci_sms_spam_collection_v1,ham,HARASS,,e17e41ebd510,露骨性骚扰短信
uci_04965,Dear Voucher holder Have your next meal on us. Use the following link on your pc 2 enjoy a 2 4 1 dining experiencehttp://www.vouch4me.com/etlp/dining.asp,en,uci_sms_spam_collection_v1,spam,AD,,a31bfcd05f54,折扣券促销推广
uci_04966,"A few people are at the game, I'm at the mall with iouri and kaila",en,uci_sms_spam_collection_v1,ham,NEEDS_REVIEW,,14fe52ee67e4,个人之间的闲聊交流，无法归入业务/诈骗/广告/骚扰
uci_04967,URGENT! We are trying to contact U. Todays draw shows that you have won a ¡ê2000 prize GUARANTEED. Call 09058094507 from land line. Claim 3030. Valid 12hrs only,en,uci_sms_spam_collection_v1,spam,FRAUD,,5e21faa9d2c0,虚假中奖通知，冒称被抽中奖品要求回拨领取
uci_04968,You can donate ¡ê2.50 to UNICEF's Asian Tsunami disaster support fund by texting DONATE to 864233. ¡ê2.50 will be added to your next bill,en,uci_sms_spam_collection_v1,spam,AD,,cb51fb42e959,慈善捐款短信推广（通过高费率短信扣款）
uci_04969,Future is not what we planned for tomorrow.....! it is the result of what we do today...! Do the best in present... enjoy the future.,en,uci_sms_spam_collection_v1,ham,NEEDS_REVIEW,,5ec67d39ff2d,个人之间的闲聊交流，无法归入业务/诈骗/广告/骚扰
uci_04970,I will cme i want to go to hos 2morow. After that i wil cme. This what i got from her dear what to do. She didnt say any time,en,uci_sms_spam_collection_v1,ham,NEEDS_REVIEW,,19da896afd83,个人情感表达/问候
uci_04971,We are supposed to meet to discuss abt our trip... Thought xuhui told you? In the afternoon. Thought we can go for lesson after that,en,uci_sms_spam_collection_v1,ham,NEEDS_REVIEW,,b771d78c5ae9,个人之间的闲聊交流，无法归入业务/诈骗/广告/骚扰
uci_04972,Hey come online! Use msn... We are all there,en,uci_sms_spam_collection_v1,ham,NEEDS_REVIEW,,23c0dd7ad484,个人出行/联系安排
uci_04973,I'm fine. Hope you are good. Do take care.,en,uci_sms_spam_collection_v1,ham,NEEDS_REVIEW,,75219e2ea1e0,个人之间的闲聊交流，无法归入业务/诈骗/广告/骚扰
uci_04974,Oops I was in the shower when u called. Hey a parking garage collapsed at university hospital. See I'm not crazy. Stuff like that DOES happen.,en,uci_sms_spam_collection_v1,ham,NEEDS_REVIEW,,c3ac3c67dbc2,个人之间的闲聊交流，无法归入业务/诈骗/广告/骚扰
uci_04975,Aiyo u so poor thing... Then u dun wan 2 eat? U bathe already?,en,uci_sms_spam_collection_v1,ham,NEEDS_REVIEW,,b47a3730e863,个人之间的闲聊交流，无法归入业务/诈骗/广告/骚扰
uci_04976,Yar... I tot u knew dis would happen long ago already.,en,uci_sms_spam_collection_v1,ham,NEEDS_REVIEW,,4e2334e71a0c,个人之间的闲聊交流，无法归入业务/诈骗/广告/骚扰
uci_04977,You are gorgeous! keep those pix cumming :) thank you!,en,uci_sms_spam_collection_v1,ham,NEEDS_REVIEW,,672b0cbfe811,个人之间的闲聊交流，无法归入业务/诈骗/广告/骚扰
uci_04978,"A boy was late 2 home. His father: ""POWER OF FRNDSHIP""",en,uci_sms_spam_collection_v1,ham,NEEDS_REVIEW,,811114f6b749,个人之间的闲聊交流，无法归入业务/诈骗/广告/骚扰
uci_04979,JADE ITS PAUL. Y DIDN?T U TXT ME? DO U REMEMBER ME FROM BARMED? I WANT 2 TALK 2 U! TXT ME,en,uci_sms_spam_collection_v1,ham,NEEDS_REVIEW,,93efa51c7422,个人之间的闲聊交流，无法归入业务/诈骗/广告/骚扰
uci_04980,Spending new years with my brother and his family. Lets plan to meet next week. Are you ready to be spoiled? :),en,uci_sms_spam_collection_v1,ham,NEEDS_REVIEW,,54b0f30a9565,个人之间的闲聊交流，无法归入业务/诈骗/广告/骚扰
uci_04981,So what u doing today?,en,uci_sms_spam_collection_v1,ham,NEEDS_REVIEW,,4f036a71c897,极短的个人闲聊/回复，无法归类
uci_04982,I said its okay. Sorry,en,uci_sms_spam_collection_v1,ham,NEEDS_REVIEW,,3117726feafa,极短的个人闲聊/回复，无法归类
uci_04983,Slept? I thinkThis time ( &lt;#&gt;  pm) is not dangerous,en,uci_sms_spam_collection_v1,ham,NEEDS_REVIEW,,b385b11db930,个人间提问/闲聊
uci_04984,Networking job is there.,en,uci_sms_spam_collection_v1,ham,NEEDS_REVIEW,,f5ea4dc448f6,极短的个人闲聊/回复，无法归类
uci_04985,goldviking (29/M) is inviting you to be his friend. Reply YES-762 or NO-762 See him: www.SMS.ac/u/goldviking STOP? Send STOP FRND to 62468,en,uci_sms_spam_collection_v1,spam,HARASS,,18b21962a5d3,灰色交友平台邀请骚扰
uci_04986,Dont let studying stress you out. L8r.,en,uci_sms_spam_collection_v1,ham,NEEDS_REVIEW,,b1467cf26fb3,个人之间的闲聊交流，无法归入业务/诈骗/广告/骚扰
uci_04987,That's y u haf 2 keep me busy...,en,uci_sms_spam_collection_v1,ham,NEEDS_REVIEW,,09d136a54172,个人之间的闲聊交流，无法归入业务/诈骗/广告/骚扰
uci_04988,No rushing. I'm not working. I'm in school so if we rush we go hungry.,en,uci_sms_spam_collection_v1,ham,NEEDS_REVIEW,,0136b68b472e,个人之间的闲聊交流，无法归入业务/诈骗/广告/骚扰
uci_04989,Which channel:-):-):):-).,en,uci_sms_spam_collection_v1,ham,NEEDS_REVIEW,,8a045401eb74,极短的个人闲聊/回复，无法归类
uci_04990,So your telling me I coulda been your real Valentine and I wasn't? U never pick me for NOTHING!!,en,uci_sms_spam_collection_v1,ham,NEEDS_REVIEW,,b3d2b7229392,个人之间的闲聊交流，无法归入业务/诈骗/广告/骚扰
uci_04991,Phony ¡ê350 award - Todays Voda numbers ending XXXX are selected to receive a ¡ê350 award. If you have a match please call 08712300220 quoting claim code 3100 standard rates app,en,uci_sms_spam_collection_v1,spam,FRAUD,,1d57c856f249,虚假奖励通知，冒称Vodafone用户中奖
uci_04992,"We made it! Eta at taunton is 12:30 as planned, hope that¡®s still okday?! Good to see you! :-xx",en,uci_sms_spam_collection_v1,ham,NEEDS_REVIEW,,1f05c09b09a3,个人之间的闲聊交流，无法归入业务/诈骗/广告/骚扰
uci_04993,I'm hungry buy smth home...,en,uci_sms_spam_collection_v1,ham,NEEDS_REVIEW,,635b58ef4731,极短的个人闲聊/回复，无法归类
uci_04994,"""HEY KATE, HOPE UR OK... WILL GIVE U A BUZ WEDLUNCH. GO OUTSOMEWHERE 4 ADRINK IN TOWN..CUD GO 2WATERSHD 4 A BIT? PPL FROMWRK WILL BTHERE. LOVE PETEXXX.""",en,uci_sms_spam_collection_v1,ham,NEEDS_REVIEW,,cc80be51c982,个人情感表达/问候
uci_04995,My drive can only be read. I need to write,en,uci_sms_spam_collection_v1,ham,NEEDS_REVIEW,,be72d3e438e4,个人之间的闲聊交流，无法归入业务/诈骗/广告/骚扰
uci_04996,"Just looked it up and addie goes back Monday, sucks to be her",en,uci_sms_spam_collection_v1,ham,NEEDS_REVIEW,,1ccb18507746,个人之间的闲聊交流，无法归入业务/诈骗/广告/骚扰
uci_04997,Happy new year. Hope you are having a good semester,en,uci_sms_spam_collection_v1,ham,NEEDS_REVIEW,,13ff04b4e145,个人情感表达/问候
uci_04998,Esplanade lor. Where else...,en,uci_sms_spam_collection_v1,ham,NEEDS_REVIEW,,40491ec31d76,极短的个人闲聊/回复，无法归类
uci_04999,Can you talk with me..,en,uci_sms_spam_collection_v1,ham,NEEDS_REVIEW,,4c6e504221ee,极短的个人闲聊/回复，无法归类
uci_05000,"Hmph. Go head, big baller.",en,uci_sms_spam_collection_v1,ham,NEEDS_REVIEW,,79866a5a5e60,极短的个人闲聊/回复，无法归类
uci_05001,Well its not like you actually called someone a punto. That woulda been worse.,en,uci_sms_spam_collection_v1,ham,NEEDS_REVIEW,,72251f4d5572,个人之间的闲聊交流，无法归入业务/诈骗/广告/骚扰
uci_05002,"Nope. Since ayo travelled, he has forgotten his guy",en,uci_sms_spam_collection_v1,ham,NEEDS_REVIEW,,ba185f691684,个人之间的闲聊交流，无法归入业务/诈骗/广告/骚扰
uci_05003,You still around? Looking to pick up later,en,uci_sms_spam_collection_v1,ham,NEEDS_REVIEW,,bcd0466453b0,个人间提问/闲聊
uci_05004,CDs 4u: Congratulations ur awarded ¡ê500 of CD gift vouchers or ¡ê125 gift guaranteed & Freeentry 2 ¡ê100 wkly draw xt MUSIC to 87066 TnCs www.ldew.com1win150ppmx3age16,en,uci_sms_spam_collection_v1,spam,AD,,c32101a8d47f,虚假保证奖品诈骗
uci_05005,There's someone here that has a year  &lt;#&gt;  toyota camry like mr olayiwola's own. Mileage is  &lt;#&gt; k.its clean but i need to know how much will it sell for. If i can raise the dough for it how soon after landing will it sell. Holla back.,en,uci_sms_spam_collection_v1,ham,NEEDS_REVIEW,,51a7b93e8242,个人之间的闲聊交流，无法归入业务/诈骗/广告/骚扰
uci_05006,Guess which pub im in? Im as happy as a pig in clover or whatever the saying is!,en,uci_sms_spam_collection_v1,ham,NEEDS_REVIEW,,60afed0d0070,个人情感表达/问候
uci_05007,ILL B DOWN SOON,en,uci_sms_spam_collection_v1,ham,NEEDS_REVIEW,,9f17795581e5,极短的个人闲聊/回复，无法归类
uci_05008,Oh k. . I will come tomorrow,en,uci_sms_spam_collection_v1,ham,NEEDS_REVIEW,,3ec016c296c7,极短的个人闲聊/回复，无法归类
uci_05009,Go fool dont cheat others ok,en,uci_sms_spam_collection_v1,ham,NEEDS_REVIEW,,d669476af79a,极短的个人闲聊/回复，无法归类
uci_05010,"My mobile number.pls sms ur mail id.convey regards to achan,amma.Rakhesh.Qatar",en,uci_sms_spam_collection_v1,ham,NEEDS_REVIEW,,526e313c3341,个人之间的闲聊交流，无法归入业务/诈骗/广告/骚扰
uci_05011,"By the way, 'rencontre' is to meet again. Mountains dont....",en,uci_sms_spam_collection_v1,ham,NEEDS_REVIEW,,f594a3534a52,个人之间的闲聊交流，无法归入业务/诈骗/广告/骚扰
uci_05012,You have WON a guaranteed ¡ê1000 cash or a ¡ê2000 prize. To claim yr prize call our customer service representative on 08714712412 between 10am-7pm Cost 10p,en,uci_sms_spam_collection_v1,spam,FRAUD,,47e18e33c678,虚假中奖通知，冒称被抽中奖品要求回拨领取
uci_05013,U attend ur driving lesson how many times a wk n which day?,en,uci_sms_spam_collection_v1,ham,NEEDS_REVIEW,,95a17edda8d5,个人间提问/闲聊
uci_05014,"Uncle G, just checking up on you. Do have a rewarding month",en,uci_sms_spam_collection_v1,ham,NEEDS_REVIEW,,3eab6cac572a,个人之间的闲聊交流，无法归入业务/诈骗/广告/骚扰
uci_05015,Hello boytoy ! Geeee ... I'm missing you today. I like to send you a tm and remind you I'm thinking of you ... And you are loved ... *loving kiss*,en,uci_sms_spam_collection_v1,ham,NEEDS_REVIEW,,494c57a5e300,个人情感表达/问候
uci_05016,I think the other two still need to get cash but we can def be ready by 9,en,uci_sms_spam_collection_v1,ham,NEEDS_REVIEW,,85081cf4a136,个人之间的闲聊交流，无法归入业务/诈骗/广告/骚扰
uci_05017,Hey gals...U all wanna meet 4 dinner at n¨¬te?,en,uci_sms_spam_collection_v1,ham,NEEDS_REVIEW,,aa511cb3a5e6,个人间提问/闲聊
uci_05018,Dear 0776xxxxxxx U've been invited to XCHAT. This is our final attempt to contact u! Txt CHAT to 86688 150p/MsgrcvdHG/Suite342/2Lands/Row/W1J6HL LDN 18yrs,en,uci_sms_spam_collection_v1,spam,NEEDS_REVIEW,,622a906653be,个人情感表达/问候
uci_05019,Babe ! What are you doing ? Where are you ? Who are you talking to ? Do you think of me ? Are you being a good boy? Are you missing me? Do you love me ?,en,uci_sms_spam_collection_v1,ham,NEEDS_REVIEW,,897d63373dfe,个人情感表达/问候
uci_05020,Great! How is the office today?,en,uci_sms_spam_collection_v1,ham,NEEDS_REVIEW,,225e6f6772c4,个人间提问/闲聊
uci_05021,"It's cool, we can last a little while. Getting more any time soon?",en,uci_sms_spam_collection_v1,ham,NEEDS_REVIEW,,42642f476101,个人之间的闲聊交流，无法归入业务/诈骗/广告/骚扰
uci_05022,:-( sad puppy noise,en,uci_sms_spam_collection_v1,ham,NEEDS_REVIEW,,d3dd919b8465,极短的个人闲聊/回复，无法归类
uci_05023,Yes its possible but dint try. Pls dont tell to any one k,en,uci_sms_spam_collection_v1,ham,NEEDS_REVIEW,,f5641945da89,个人之间的闲聊交流，无法归入业务/诈骗/广告/骚扰
uci_05024,Anyway holla at me whenever you're around because I need an excuse to go creep on people in sarasota,en,uci_sms_spam_collection_v1,ham,NEEDS_REVIEW,,156109e2575e,个人之间的闲聊交流，无法归入业务/诈骗/广告/骚扰
uci_05025,Where you. What happen,en,uci_sms_spam_collection_v1,ham,NEEDS_REVIEW,,ea451a6eec12,极短的个人闲聊/回复，无法归类
uci_05026,I was gonna ask you lol but i think its at 7,en,uci_sms_spam_collection_v1,ham,NEEDS_REVIEW,,80d3d1882abb,朋友间玩笑闲聊
uci_05027,Ur cash-balance is currently 500 pounds - to maximize ur cash-in now send GO to 86688 only 150p/meg. CC: 08718720201 HG/Suite342/2lands Row/W1j6HL,en,uci_sms_spam_collection_v1,spam,FRAUD,,30216cebbdfb,虚假余额通知诈骗
uci_05028,PRIVATE! Your 2003 Account Statement for shows 800 un-redeemed S.I.M. points. Call 08715203685 Identifier Code:4xx26 Expires 13/10/04,en,uci_sms_spam_collection_v1,spam,FRAUD,,ce0313c5341e,伪造账户账单通知，冒称有积分/奖金待领取
uci_05029,Go chase after her and run her over while she's crossing the street,en,uci_sms_spam_collection_v1,ham,NEEDS_REVIEW,,99a45dca3010,个人之间的闲聊交流，无法归入业务/诈骗/广告/骚扰
uci_05030,I'd like to tell you my deepest darkest fantasies. Call me 09094646631 just 60p/min. To stop texts call 08712460324 (nat rate),en,uci_sms_spam_collection_v1,spam,HARASS,,d7fc3accf59f,付费成人幻想热线骚扰推广
uci_05031,Is there coming friday is leave for pongal?do you get any news from your work place.,en,uci_sms_spam_collection_v1,ham,NEEDS_REVIEW,,f0f9f321f95a,个人之间的闲聊交流，无法归入业务/诈骗/广告/骚扰
uci_05032,Hey... Very inconvenient for your sis a not huh?,en,uci_sms_spam_collection_v1,ham,NEEDS_REVIEW,,6ec9e8269e7d,个人间提问/闲聊
uci_05033,Ok i vl..do u know i got adsense approved..,en,uci_sms_spam_collection_v1,ham,NEEDS_REVIEW,,7af752a66bb8,个人之间的闲聊交流，无法归入业务/诈骗/广告/骚扰
uci_05034,"* Was really good to see you the other day dudette, been missing you!",en,uci_sms_spam_collection_v1,ham,NEEDS_REVIEW,,e70bb4f55b4e,个人之间的闲聊交流，无法归入业务/诈骗/广告/骚扰
uci_05035,I want to go to perumbavoor,en,uci_sms_spam_collection_v1,ham,NEEDS_REVIEW,,1296bca223e2,极短的个人闲聊/回复，无法归类
uci_05036,How many times i told in the stage all use to laugh. You not listen aha.,en,uci_sms_spam_collection_v1,ham,NEEDS_REVIEW,,ed6992918e28,个人之间的闲聊交流，无法归入业务/诈骗/广告/骚扰
uci_05037,You won't believe it but it's true. It's Incredible Txts! Reply G now to learn truly amazing things that will blow your mind. From O2FWD only 18p/txt,en,uci_sms_spam_collection_v1,spam,NEEDS_REVIEW,,242fb4a6c275,个人之间的闲聊交流，无法归入业务/诈骗/广告/骚扰
uci_05038,(You didn't hear it from me),en,uci_sms_spam_collection_v1,ham,NEEDS_REVIEW,,b425d1e94992,极短的个人闲聊/回复，无法归类
uci_05039,Thanks for being there for me just to talk to on saturday. You are very dear to me. I cherish having you as a brother and role model.,en,uci_sms_spam_collection_v1,ham,NEEDS_REVIEW,,0d1be4263e6e,个人情感表达/问候
uci_05040,Pls clarify back if an open return ticket that i have can be preponed for me to go back to kerala.,en,uci_sms_spam_collection_v1,ham,NEEDS_REVIEW,,0446dffe7cd9,个人之间的闲聊交流，无法归入业务/诈骗/广告/骚扰
uci_05041,Natalie (20/F) is inviting you to be her friend. Reply YES-165 or NO-165 See her: www.SMS.ac/u/natalie2k9 STOP? Send STOP FRND to 62468,en,uci_sms_spam_collection_v1,spam,HARASS,,058e03b042f8,灰色交友平台邀请骚扰
uci_05042,She ran off with a younger man. we will make pretty babies together :),en,uci_sms_spam_collection_v1,ham,NEEDS_REVIEW,,69ec5af790d9,个人之间的闲聊交流，无法归入业务/诈骗/广告/骚扰
uci_05043,Jamster! To get your free wallpaper text HEART to 88888 now! T&C apply. 16 only. Need Help? Call 08701213186.,en,uci_sms_spam_collection_v1,spam,HARASS,,3fd10c1d0236,手机铃声/壁纸订阅推广
uci_05044,O ic lol. Should play 9 doors sometime yo,en,uci_sms_spam_collection_v1,ham,NEEDS_REVIEW,,10adc09d50cd,朋友间玩笑闲聊
uci_05045,"Dunno, my dad said he coming home 2 bring us out 4 lunch. Yup i go w u lor. I call u when i reach school lor...",en,uci_sms_spam_collection_v1,ham,NEEDS_REVIEW,,861c87497b69,个人之间的闲聊交流，无法归入业务/诈骗/广告/骚扰
uci_05046,"We have sent JD for Customer Service cum Accounts Executive to ur mail id, For details contact us",en,uci_sms_spam_collection_v1,ham,AD,,ff097ea98adb,招聘广告推广
uci_05047,Desires- u going to doctor 4 liver. And get a bit stylish. Get ur hair managed. Thats it.,en,uci_sms_spam_collection_v1,ham,NEEDS_REVIEW,,717b1d5a0cf3,个人之间的闲聊交流，无法归入业务/诈骗/广告/骚扰
uci_05048,Hmmm.still we dont have opener?,en,uci_sms_spam_collection_v1,ham,NEEDS_REVIEW,,6cca7cbe298e,个人间提问/闲聊
uci_05049,Yeah so basically any time next week you can get away from your mom &amp; get up before 3,en,uci_sms_spam_collection_v1,ham,NEEDS_REVIEW,,fc149b653a3a,个人之间的闲聊交流，无法归入业务/诈骗/广告/骚扰
uci_05050,"Edison has rightly said, ""A fool can ask more questions than a wise man can answer"" Now you know why all of us are speechless during ViVa.. GM,GN,GE,GNT:-)",en,uci_sms_spam_collection_v1,ham,NEEDS_REVIEW,,c02c360824c1,个人之间的闲聊交流，无法归入业务/诈骗/广告/骚扰
uci_05051,I will vote for wherever my heart guides me,en,uci_sms_spam_collection_v1,ham,NEEDS_REVIEW,,83b7c98bda6c,个人之间的闲聊交流，无法归入业务/诈骗/广告/骚扰
uci_05052,With my sis lor... We juz watched italian job.,en,uci_sms_spam_collection_v1,ham,NEEDS_REVIEW,,37930e138630,个人之间的闲聊交流，无法归入业务/诈骗/广告/骚扰
uci_05053,"Tick, tick, tick .... Where are you ? I could die of loneliness you know ! *pouts* *stomps feet* I need you ...",en,uci_sms_spam_collection_v1,ham,NEEDS_REVIEW,,f63f23992b9e,个人之间的闲聊交流，无法归入业务/诈骗/广告/骚扰
uci_05054,Lmao you know me so well...,en,uci_sms_spam_collection_v1,ham,NEEDS_REVIEW,,e0c5d89900a3,极短的个人闲聊/回复，无法归类
uci_05055,Double Mins & Double Txt & 1/2 price Linerental on Latest Orange Bluetooth mobiles. Call MobileUpd8 for the very latest offers. 08000839402 or call2optout/LF56,en,uci_sms_spam_collection_v1,spam,AD,,39056fa05897,移动套餐促销活动（双倍通话/短信）
uci_05056,Am on a train back from northampton so i'm afraid not! I'm staying skyving off today ho ho! Will be around wednesday though. Do you fancy the comedy club this week by the way?,en,uci_sms_spam_collection_v1,ham,NEEDS_REVIEW,,4af871d51b32,个人出行/联系安排
uci_05057,Goodnight da thangam I really miss u dear.,en,uci_sms_spam_collection_v1,ham,NEEDS_REVIEW,,c1514a9de11c,个人情感表达/问候
uci_05058,Hey next sun 1030 there's a basic yoga course... at bugis... We can go for that... Pilates intro next sat.... Tell me what time you r free,en,uci_sms_spam_collection_v1,ham,NEEDS_REVIEW,,e85a6e97fa70,个人之间的闲聊交流，无法归入业务/诈骗/广告/骚扰
uci_05059,"Geeeee ... Your internet is really bad today, eh ?",en,uci_sms_spam_collection_v1,ham,NEEDS_REVIEW,,e7f991e6b288,个人间提问/闲聊
uci_05060,Free video camera phones with Half Price line rental for 12 mths and 500 cross ntwk mins 100 txts. Call MobileUpd8 08001950382 or Call2OptOut/674,en,uci_sms_spam_collection_v1,spam,AD,,817afd5c92e7,移动优惠信息推广
uci_05061,I think i am disturbing her da,en,uci_sms_spam_collection_v1,ham,NEEDS_REVIEW,,5b424dee902c,个人之间的闲聊交流，无法归入业务/诈骗/广告/骚扰
uci_05062,"Sorry, I'll call you  later. I am in meeting sir.",en,uci_sms_spam_collection_v1,ham,NEEDS_REVIEW,,b3c008603d98,个人道歉/闲聊
uci_05063,Havent stuck at orchard in my dad's car. Going 4 dinner now. U leh? So r they free tonight?,en,uci_sms_spam_collection_v1,ham,NEEDS_REVIEW,,55eb030368c2,个人之间的闲聊交流，无法归入业务/诈骗/广告/骚扰
uci_05064,Ok i also wan 2 watch e 9 pm show...,en,uci_sms_spam_collection_v1,ham,NEEDS_REVIEW,,20a1c58937cf,个人之间的闲聊交流，无法归入业务/诈骗/广告/骚扰
uci_05065,I dunno lei... Like dun haf...,en,uci_sms_spam_collection_v1,ham,NEEDS_REVIEW,,52be3ce9adbf,个人之间的闲聊交流，无法归入业务/诈骗/广告/骚扰
uci_05066,But your brother transfered only  &lt;#&gt;  +  &lt;#&gt; . Pa.,en,uci_sms_spam_collection_v1,ham,NEEDS_REVIEW,,201d7813c671,个人之间的闲聊交流，无法归入业务/诈骗/广告/骚扰
uci_05067,I calls you later. Afternoon onwords mtnl service get problem in south mumbai. I can hear you but you cann't listen me.,en,uci_sms_spam_collection_v1,ham,NEEDS_REVIEW,,347f34665a30,个人之间的闲聊交流，无法归入业务/诈骗/广告/骚扰
uci_05068,83039 62735=¡ê450 UK Break AccommodationVouchers terms & conditions apply. 2 claim you mustprovide your claim number which is 15541,en,uci_sms_spam_collection_v1,spam,AD,,d86706022d1d,旅游折扣券推广短信
uci_05069,Talk to g and x about that,en,uci_sms_spam_collection_v1,ham,NEEDS_REVIEW,,2b44953660bb,极短的个人闲聊/回复，无法归类
uci_05070,Hai dear friends... This is my new &amp; present number..:) By Rajitha Raj (Ranju),en,uci_sms_spam_collection_v1,ham,NEEDS_REVIEW,,53fda4aeb096,个人情感表达/问候
uci_05071,5p 4 alfie Moon's Children in need song on ur mob. Tell ur m8s. Txt Tone charity to 8007 for Nokias or Poly charity for polys: zed 08701417012 profit 2 charity.,en,uci_sms_spam_collection_v1,spam,AD,,146931efdbbc,慈善短信下载推广
uci_05072,As in different styles?,en,uci_sms_spam_collection_v1,ham,NEEDS_REVIEW,,5c3c902a529b,极短的个人闲聊/回复，无法归类
uci_05073,WIN a ¡ê200 Shopping spree every WEEK Starting NOW. 2 play text STORE to 88039. SkilGme. TsCs08714740323 1Winawk! age16 ¡ê1.50perweeksub.,en,uci_sms_spam_collection_v1,spam,AD,,7e86f73e4488,购物奖励抽奖促销
uci_05074,Gud ni8 dear..slp well..take care..swt dreams..Muah..,en,uci_sms_spam_collection_v1,ham,NEEDS_REVIEW,,91fe2c446893,个人情感表达/问候
uci_05075,I want to sent  &lt;#&gt; mesages today. Thats y. Sorry if i hurts,en,uci_sms_spam_collection_v1,ham,NEEDS_REVIEW,,84a7b80d6b6f,个人道歉/闲聊
uci_05076,"This is the 2nd attempt to contract U, you have won this weeks top prize of either ¡ê1000 cash or ¡ê200 prize. Just call 09066361921",en,uci_sms_spam_collection_v1,spam,FRAUD,,59b092919434,虚假中奖通知，冒称被抽中奖品要求回拨领取
uci_05077,"Well, i'm glad you didn't find it totally disagreeable ... Lol",en,uci_sms_spam_collection_v1,ham,NEEDS_REVIEW,,61aee79b5c1a,朋友间玩笑闲聊
uci_05078,"Guy, no flash me now. If you go call me, call me. How madam. Take care oh.",en,uci_sms_spam_collection_v1,ham,NEEDS_REVIEW,,478fd60ef940,个人出行/联系安排
uci_05079,Do you want a New Nokia 3510i colour phone DeliveredTomorrow? With 300 free minutes to any mobile + 100 free texts + Free Camcorder reply or call 08000930705.,en,uci_sms_spam_collection_v1,spam,AD,,369ece1fabbb,诺基亚手机促销推广
uci_05080,Mark works tomorrow. He gets out at 5. His work is by your house so he can meet u afterwards.,en,uci_sms_spam_collection_v1,ham,NEEDS_REVIEW,,7b7847b6fd1c,个人之间的闲聊交流，无法归入业务/诈骗/广告/骚扰
uci_05081,"""Keep ur problems in ur heart, b'coz nobody will fight for u. Only u &amp; u have to fight for ur self &amp; win the battle. -VIVEKANAND- G 9t.. SD..",en,uci_sms_spam_collection_v1,ham,NEEDS_REVIEW,,9c04404ad3f1,个人之间的闲聊交流，无法归入业务/诈骗/广告/骚扰
uci_05082,"Yeah, give me a call if you've got a minute",en,uci_sms_spam_collection_v1,ham,NEEDS_REVIEW,,ba79f1513497,个人之间的闲聊交流，无法归入业务/诈骗/广告/骚扰
uci_05083,"""HI BABE UAWAKE?FEELLIKW SHIT.JUSTFOUND OUT VIA ALETTER THATMUM GOTMARRIED 4thNOV.BEHIND OURBACKS ? FUCKINNICE!SELFISH,DEVIOUSBITCH.ANYWAY,I?L CALL U""",en,uci_sms_spam_collection_v1,ham,NEEDS_REVIEW,,ef0118e77345,个人之间的闲聊交流，无法归入业务/诈骗/广告/骚扰
uci_05084,Amazing : If you rearrange these letters it gives the same meaning... Dormitory = Dirty room Astronomer = Moon starer The eyes = They see Election results = Lies lets recount Mother-in-law = Woman Hitler Eleven plus two =Twelve plus one Its Amazing... !:-),en,uci_sms_spam_collection_v1,ham,NEEDS_REVIEW,,5ccaf531944a,个人之间的闲聊交流，无法归入业务/诈骗/广告/骚扰
uci_05085,Aiya we discuss later lar... Pick ¨¹ up at 4 is it?,en,uci_sms_spam_collection_v1,ham,NEEDS_REVIEW,,6955e62cfb4e,个人间提问/闲聊
uci_05086,Hey happy birthday...,en,uci_sms_spam_collection_v1,ham,NEEDS_REVIEW,,289da49c0bb3,极短的个人闲聊/回复，无法归类
uci_05087,Sorry i missed your call. Can you please call back.,en,uci_sms_spam_collection_v1,ham,NEEDS_REVIEW,,0ce5ef8bbc49,个人道歉/闲聊
uci_05088,Omg if its not one thing its another. My cat has worms :/ when does this bad day end?,en,uci_sms_spam_collection_v1,ham,NEEDS_REVIEW,,16bbf3574b51,个人之间的闲聊交流，无法归入业务/诈骗/广告/骚扰
uci_05089,"Good morning, im suffering from fever and dysentry ..will not be able to come to office today.",en,uci_sms_spam_collection_v1,ham,NEEDS_REVIEW,,32fcb737b890,个人出行/联系安排
uci_05090,I wont do anything de.,en,uci_sms_spam_collection_v1,ham,NEEDS_REVIEW,,77ccbc05f6ac,极短的个人闲聊/回复，无法归类
uci_05091,What type of stuff do you sing?,en,uci_sms_spam_collection_v1,ham,NEEDS_REVIEW,,ee358aa06fda,个人间提问/闲聊
uci_05092,"St andre, virgil's cream",en,uci_sms_spam_collection_v1,ham,NEEDS_REVIEW,,28313383e44c,极短的个人闲聊/回复，无法归类
uci_05093,No no. I will check all rooms befor activities,en,uci_sms_spam_collection_v1,ham,NEEDS_REVIEW,,c989df5df119,个人之间的闲聊交流，无法归入业务/诈骗/广告/骚扰
uci_05094,"My fri ah... Okie lor,goin 4 my drivin den go shoppin after tt...",en,uci_sms_spam_collection_v1,ham,NEEDS_REVIEW,,472500d9c6cd,个人之间的闲聊交流，无法归入业务/诈骗/广告/骚扰
uci_05095,Gokila is talking with you aha:),en,uci_sms_spam_collection_v1,ham,NEEDS_REVIEW,,f454ef363cef,个人之间的闲聊交流，无法归入业务/诈骗/广告/骚扰
uci_05096,"Hi Shanil,Rakhesh here.thanks,i have exchanged the uncut diamond stuff.leaving back. Excellent service by Dino and Prem.",en,uci_sms_spam_collection_v1,ham,NEEDS_REVIEW,,e3d4c3240192,个人之间的闲聊交流，无法归入业务/诈骗/广告/骚扰
uci_05097,K.k.this month kotees birthday know?,en,uci_sms_spam_collection_v1,ham,NEEDS_REVIEW,,8b80d500f133,个人间提问/闲聊
uci_05098,But i'm really really broke oh. No amount is too small even  &lt;#&gt;,en,uci_sms_spam_collection_v1,ham,NEEDS_REVIEW,,34163a0eac4a,个人之间的闲聊交流，无法归入业务/诈骗/广告/骚扰
uci_05099,Sorry about that this is my mates phone and i didnt write it love Kate,en,uci_sms_spam_collection_v1,ham,NEEDS_REVIEW,,56b8a56a5602,个人情感表达/问候
uci_05100,"TheMob>Hit the link to get a premium Pink Panther game, the new no. 1 from Sugababes, a crazy Zebra animation or a badass Hoody wallpaper-all 4 FREE!",en,uci_sms_spam_collection_v1,spam,AD,,dc893bb292fb,推广免费手机彩铃/游戏/壁纸下载，属于移动内容订阅广告
uci_05101,"Ah, well that confuses things, doesnt it? I thought was friends with now. Maybe i did the wrong thing but i already sort of invited -tho he may not come cos of money.",en,uci_sms_spam_collection_v1,ham,NEEDS_REVIEW,,2552fadf9ce7,朋友间闲聊，内容涉及社交关系困惑，私人对话
uci_05102,"Aight, call me once you're close",en,uci_sms_spam_collection_v1,ham,NEEDS_REVIEW,,d6495126a186,约定见面后电话联系，私人出行协调
uci_05103,Nope thats fine. I might have a nap tho!,en,uci_sms_spam_collection_v1,ham,NEEDS_REVIEW,,c2a6bcffbc06,回复对方说可以小睡，个人闲聊
uci_05104,This msg is for your mobile content order It has been resent as previous attempt failed due to network error Queries to customersqueries@netvision.uk.com,en,uci_sms_spam_collection_v1,spam,AD,,b70b8b3c50cd,重新发送移动内容订单通知，属于商家广告推送
uci_05105,In other news after hassling me to get him weed for a week andres has no money. HAUGHAIGHGTUJHYGUJ,en,uci_sms_spam_collection_v1,ham,NEEDS_REVIEW,,7da4eae5981f,抱怨朋友没钱，个人之间的闲聊内容
uci_05106,"A Boy loved a gal. He propsd bt she didnt mind. He gv lv lttrs, Bt her frnds threw thm. Again d boy decided 2 aproach d gal , dt time a truck was speeding towards d gal. Wn it was about 2 hit d girl,d boy ran like hell n saved her. She asked 'hw cn u run so fast?' D boy replied ""Boost is d secret of my energy"" n instantly d girl shouted ""our energy"" n Thy lived happily 2gthr drinking boost evrydy Moral of d story:- I hv free msgs:D;): gud ni8",en,uci_sms_spam_collection_v1,ham,NEEDS_REVIEW,,befe8df454c1,转发幽默故事/笑话，属转发娱乐内容
uci_05107,I wnt to buy a BMW car urgently..its vry urgent.but hv a shortage of  &lt;#&gt; Lacs.there is no source to arng dis amt. &lt;#&gt; lacs..thats my prob,en,uci_sms_spam_collection_v1,ham,NEEDS_REVIEW,,91d2e9075b42,提及想买宝马缺钱，私人倾诉/闲聊
uci_05108,Ding me on ya break fassyole! Blacko from londn,en,uci_sms_spam_collection_v1,ham,NEEDS_REVIEW,,8ecc03a4a79f,个人问候Ding me on ya break，俚语/方言闲聊
uci_05109,I REALLY NEED 2 KISS U I MISS U MY BABY FROM UR BABY 4EVA,en,uci_sms_spam_collection_v1,ham,NEEDS_REVIEW,,9611fa003e63,情侣间亲密表达，私人情感消息
uci_05110,"The sign of maturity is not when we start saying big things.. But actually it is, when we start understanding small things... *HAVE A NICE EVENING* BSLVYL",en,uci_sms_spam_collection_v1,ham,NEEDS_REVIEW,,a806c4dcd9d4,转发晚安励志语录，属于转发内容
uci_05111,Oh you got many responsibilities.,en,uci_sms_spam_collection_v1,ham,NEEDS_REVIEW,,c539d28ca081,评论对方责任多，私人闲聊
uci_05112,You have 1 new message. Please call 08715205273,en,uci_sms_spam_collection_v1,spam,HARASS,,795af1f37909,诱导回拨高额收费电话（08715205273），收费骚扰短信
uci_05113,I've reached sch already...,en,uci_sms_spam_collection_v1,ham,NEEDS_REVIEW,,954d5d56298d,告知已到学校，私人行程通知
uci_05114,December only! Had your mobile 11mths+? You are entitled to update to the latest colour camera mobile for Free! Call The Mobile Update VCo FREE on 08002986906,en,uci_sms_spam_collection_v1,spam,AD,,9a321c2fcc76,免费升级最新彩色手机促销，正规商家升级优惠广告
uci_05115,U definitely need a module from e humanities dis sem izzit? U wan 2 take other modules 1st?,en,uci_sms_spam_collection_v1,ham,NEEDS_REVIEW,,62bd210042bb,询问是否选人文学科模块，学业讨论闲聊
uci_05116,Argh why the fuck is nobody in town ;_;,en,uci_sms_spam_collection_v1,ham,NEEDS_REVIEW,,218c80babbbd,抱怨城里没人，个人发泄闲聊
uci_05117,"Get 3 Lions England tone, reply lionm 4 mono or lionp 4 poly. 4 more go 2 www.ringtones.co.uk, the original n best. Tones 3GBP network operator rates apply.",en,uci_sms_spam_collection_v1,spam,AD,,a8a22fda6cdc,推广狮子队英格兰彩铃下载服务，手机铃声订阅广告
uci_05118,Thanks. Fills me with complete calm and reassurance!,en,uci_sms_spam_collection_v1,ham,NEEDS_REVIEW,,6ba53a09079e,表达安心和感谢，私人情感消息
uci_05119,Aslamalaikkum....insha allah tohar beeen muht albi mufti mahfuuz...meaning same here....,en,uci_sms_spam_collection_v1,ham,NEEDS_REVIEW,,40c6b1d11a17,回教问候语回复Aslamalaikkum，私人宗教问候
uci_05120,Are you driving or training?,en,uci_sms_spam_collection_v1,ham,NEEDS_REVIEW,,951381a8f2c3,询问在开车还是培训，私人日常询问
uci_05121,Lol for real. She told my dad I have cancer,en,uci_sms_spam_collection_v1,ham,NEEDS_REVIEW,,fe007c6db2bc,玩笑式吐槽女友告诉爸爸自己得癌，个人调侃
uci_05122,PRIVATE! Your 2003 Account Statement for 078,en,uci_sms_spam_collection_v1,spam,FRAUD,,cf505c412090,冒充银行账单通知PRIVATE Account Statement，典型诈骗短信
uci_05123,"Oops I did have it,  &lt;#&gt; ?",en,uci_sms_spam_collection_v1,ham,NEEDS_REVIEW,,b603c0424b0f,确认某事没问题，私人简短对话
uci_05124,"""NOT ENUFCREDEIT TOCALL.SHALL ILEAVE UNI AT 6 +GET A BUS TO YOR HOUSE?""",en,uci_sms_spam_collection_v1,ham,NEEDS_REVIEW,,9329233807dd,询问是否该6点离开大学去对方家，出行安排
uci_05125,"Hi Chikku, send some nice msgs",en,uci_sms_spam_collection_v1,ham,NEEDS_REVIEW,,ae15146f3c26,要求发温馨短信，私人情感互动
uci_05126,"He is impossible to argue with and he always treats me like his sub, like he never released me ... Which he did and I will remind him of that if necessary",en,uci_sms_spam_collection_v1,ham,NEEDS_REVIEW,,5bf5bbf316a2,倾诉感情中男友控制欲问题，私人情感聊天
uci_05127,"After my work ah... Den 6 plus lor... U workin oso rite... Den go orchard lor, no other place to go liao...",en,uci_sms_spam_collection_v1,ham,NEEDS_REVIEW,,6c4c434e3180,Singlish聊天讨论下班后去乌节路，私人行程安排
uci_05128,"To the wonderful Okors, have a great month. We cherish you guys and wish you well each day. MojiBiola",en,uci_sms_spam_collection_v1,ham,NEEDS_REVIEW,,085de59dc3a0,发送美好月度祝福，私人祝愿消息
uci_05129,Cuz ibored. And don wanna study,en,uci_sms_spam_collection_v1,ham,NEEDS_REVIEW,,d177533b28dc,说无聊不想学习，个人状态吐槽
uci_05130,Wot about on wed nite I am 3 then but only til 9!,en,uci_sms_spam_collection_v1,ham,NEEDS_REVIEW,,5f539c3105e4,约周三晚上见面，私人事安排
uci_05131,"Rose for red,red for blood,blood for heart,heart for u. But u for me.... Send tis to all ur friends.. Including me.. If u like me.. If u get back, 1-u r poor in relation! 2-u need some 1 to support 3-u r frnd 2 many 4-some1 luvs u 5+- some1 is praying god to marry u.:-) try it....",en,uci_sms_spam_collection_v1,ham,NEEDS_REVIEW,,01bba1935d41,转发爱情寓言故事加人情测试，属转发内容
uci_05132,Any way where are you and what doing.,en,uci_sms_spam_collection_v1,ham,NEEDS_REVIEW,,d5fb250fba59,询问在哪在干嘛，私人日常询问
uci_05133,That sucks. I'll go over so u can do my hair. You'll do it free right?,en,uci_sms_spam_collection_v1,ham,NEEDS_REVIEW,,42882d82a183,询问去帮做头发是否免费，私人玩笑对话
uci_05134,it's still not working. And this time i also tried adding zeros. That was the savings. The checking is  &lt;#&gt;,en,uci_sms_spam_collection_v1,ham,NEEDS_REVIEW,,40b2f94cd28a,讨论银行支票和储蓄账户余额，私人财务聊天
uci_05135,"Hmm... Dunno leh, mayb a bag 4 goigng out dat is not too small. Or jus anything except perfume, smth dat i can keep.",en,uci_sms_spam_collection_v1,ham,NEEDS_REVIEW,,c72ec5b214e5,讨论买什么礼物，个人购物选择闲聊
uci_05136,Sday only joined.so training we started today:),en,uci_sms_spam_collection_v1,ham,NEEDS_REVIEW,,abb54d7251a8,告知今天开始培训，私人行程通知
uci_05137,Sorry * was at the grocers.,en,uci_sms_spam_collection_v1,ham,NEEDS_REVIEW,,804b92797829,说抱歉刚才在杂货店，私人简短告知
uci_05138,There are some nice pubs near here or there is Frankie n Bennys near the warner cinema?,en,uci_sms_spam_collection_v1,ham,NEEDS_REVIEW,,7180e49796bb,推荐附近餐馆或酒吧，私人休闲建议
uci_05139,"YOU VE WON! Your 4* Costa Del Sol Holiday or ¡ê5000 await collection. Call 09050090044 Now toClaim. SAE, TC s, POBox334, Stockport, SK38xh, Cost¡ê1.50/pm, Max10mins",en,uci_sms_spam_collection_v1,spam,FRAUD,,8745dae7667b,虚假中奖Costa Del Holiday or 5000英镑骗取高额话费，典型假中奖诈骗
uci_05140,Yup... I havent been there before... You want to go for the yoga? I can call up to book,en,uci_sms_spam_collection_v1,ham,NEEDS_REVIEW,,6bc01b64b634,回复没去过瑜伽馆，私人活动安排
uci_05141,Oh shut it. Omg yesterday I had a dream that I had 2 kids both boys. I was so pissed. Not only about the kids but them being boys. I even told mark in my dream that he was changing diapers cause I'm not getting owed in the face.,en,uci_sms_spam_collection_v1,ham,NEEDS_REVIEW,,d253885b9d18,梦见有俩儿子的梦境吐槽，私人闲聊内容
uci_05142,Yeah I imagine he would be really gentle. Unlike the other docs who treat their patients like turkeys.,en,uci_sms_spam_collection_v1,ham,NEEDS_REVIEW,,88ec6f5e79da,调侃医生对待病人像火鸡，私人幽默对话
uci_05143,FREE for 1st week! No1 Nokia tone 4 ur mobile every week just txt NOKIA to 8077 Get txting and tell ur mates. www.getzed.co.uk POBox 36504 W45WQ 16+ norm150p/tone,en,uci_sms_spam_collection_v1,spam,AD,,4608d0ab9f63,推广诺基亚彩铃订阅服务，每周发NOKIA即可订阅，铃声广告
uci_05144,Now that you have started dont stop. Just pray for more good ideas and anything i see that can help you guys i.ll forward you a link.,en,uci_sms_spam_collection_v1,ham,NEEDS_REVIEW,,12901697164c,请对方不停祈祷并承诺转发有用链接，私人宗教聊天
uci_05145,Hi darlin im on helens fone im gonna b up the princes 2 nite please come up tb love Kate,en,uci_sms_spam_collection_v1,ham,NEEDS_REVIEW,,3cdcb67618bb,Kate让对方晚上去Princes，私人约会邀请
uci_05146,I'm in office now da:)where are you?,en,uci_sms_spam_collection_v1,ham,NEEDS_REVIEW,,6e30a6696a93,告知在办公室问对方在哪，私人行踪通知
uci_05147,Aiyar u so poor thing... I give u my support k... Jia you! I'll think of u...,en,uci_sms_spam_collection_v1,ham,NEEDS_REVIEW,,0416265febdd,鼓励对方说会想着对方，私人支持性消息
uci_05148,Oh unintentionally not bad timing. Great. Fingers  the trains play along! Will give fifteen min warning.,en,uci_sms_spam_collection_v1,ham,NEEDS_REVIEW,,14e51e60271d,说时机不错会给15分钟通知等火车，私人出行协调
uci_05149,Get your garden ready for summer with a FREE selection of summer bulbs and seeds worth ¡ê33:50 only with The Scotsman this Saturday. To stop go2 notxt.co.uk,en,uci_sms_spam_collection_v1,spam,AD,,a94eaf33b10f,推广夏季球茎种子免费抽奖活动，商家促销广告
uci_05150,K..then come wenever u lik to come and also tel vikky to come by getting free time..:-),en,uci_sms_spam_collection_v1,ham,NEEDS_REVIEW,,12263d54938f,让Vikky有空时也来，私人聚会安排
uci_05151,Pls call me da. What happen.,en,uci_sms_spam_collection_v1,ham,NEEDS_REVIEW,,b31a833f7277,让对方打电话说怎么了，私人紧急联系请求
uci_05152,"Happy new year to u and ur family...may this new year bring happiness , stability and tranquility to ur vibrant colourful life:):)",en,uci_sms_spam_collection_v1,ham,NEEDS_REVIEW,,bcb52f5c408e,发送新年祝福给对方和家人，私人节日祝福
uci_05153,No problem with the renewal. I.ll do it right away but i dont know his details.,en,uci_sms_spam_collection_v1,ham,NEEDS_REVIEW,,7403fdcd8122,讨论续订相关事宜，个人业务处理
uci_05154,Idk. I'm sitting here in a stop and shop parking lot right now bawling my eyes out because i feel like i'm a failure in everything. Nobody wants me and now i feel like i'm failing you.,en,uci_sms_spam_collection_v1,ham,NEEDS_REVIEW,,a97246f3a2df,倾诉觉得自己一事无成，私人情感表达
uci_05155,Haven't left yet so probably gonna be here til dinner,en,uci_sms_spam_collection_v1,ham,NEEDS_REVIEW,,ac1e556a2226,说没走可能要待到晚饭，私人行程通知
uci_05156,"Like  &lt;#&gt; , same question",en,uci_sms_spam_collection_v1,ham,NEEDS_REVIEW,,ee54a4e18f9e,说同一样问题，私人简短聊天
uci_05157,MY NEW YEARS EVE WAS OK. I WENT TO A PARTY WITH MY BOYFRIEND. WHO IS THIS SI THEN HEY,en,uci_sms_spam_collection_v1,ham,NEEDS_REVIEW,,c9a7b38f6dd5,聊新年夜聚会和他是谁，私人聚会聊天
uci_05158,"Sir, I need Velusamy sir's date of birth and company bank facilities details.",en,uci_sms_spam_collection_v1,ham,NEEDS_REVIEW,,567fcb4132ec,索要Velusamy出生日期和银行财务信息，需审核确认意图
uci_05159,K k:) sms chat with me.,en,uci_sms_spam_collection_v1,ham,NEEDS_REVIEW,,e9cdbdfcfac2,发sms chat with me请对方聊天，私人邀约
uci_05160,I will come with karnan car. Please wait till 6pm will directly goto doctor.,en,uci_sms_spam_collection_v1,ham,NEEDS_REVIEW,,77f897cf3172,说会跟Karnan的车来请等到6pm，私人出行安排
uci_05161,No but the bluray player can,en,uci_sms_spam_collection_v1,ham,NEEDS_REVIEW,,c245d728f8c8,说蓝光播放器可以，私人简短对话
uci_05162,Ok... Then r we meeting later?,en,uci_sms_spam_collection_v1,ham,NEEDS_REVIEW,,adf8e76f3073,问等下是否见面，私人行程确认
uci_05163,Lol no. I just need to cash in my nitros. Hurry come on before I crash out!,en,uci_sms_spam_collection_v1,ham,NEEDS_REVIEW,,6c6277fe876a,游戏相关吐槽需要兑现nitros，游戏闲聊
uci_05164,Just send a text. We'll skype later.,en,uci_sms_spam_collection_v1,ham,NEEDS_REVIEW,,ea012038829a,让发短信等下Skype，私人通讯安排
uci_05165,Ok leave no need to ask,en,uci_sms_spam_collection_v1,ham,NEEDS_REVIEW,,1f6592f5b501,说走不用问了，私人简短告知
uci_05166,"Congrats 2 mobile 3G Videophones R yours. call 09063458130 now! videochat wid ur mates, play java games, Dload polypH music, noline rentl. bx420. ip4. 5we. 150p",en,uci_sms_spam_collection_v1,spam,AD,,cc5a1bb8128d,促销3G可视电话拨打高额收费号码获取，手机视频通话推广广告
uci_05167,¨¹ still got lessons?  ¨¹ in sch?,en,uci_sms_spam_collection_v1,ham,NEEDS_REVIEW,,f4c0fe43fdbb,问对方还有课没在学校没，私人日常询问
uci_05168,Y she dun believe leh? I tot i told her it's true already. I thk she muz c us tog then she believe.,en,uci_sms_spam_collection_v1,ham,NEEDS_REVIEW,,003f522625c7,Singlish对话说对方不相信，私人日常聊天
uci_05169,Oh did you charge camera,en,uci_sms_spam_collection_v1,ham,NEEDS_REVIEW,,634ce287b1f1,问是否给相机充电了，私人简短询问
uci_05170,"I¡®ve got some salt, you can rub it in my open wounds if you like!",en,uci_sms_spam_collection_v1,ham,NEEDS_REVIEW,,4a57b0fe5fdf,说你那有盐可以擦伤口，私人玩笑调侃
uci_05171,Now i'm going for lunch.,en,uci_sms_spam_collection_v1,ham,NEEDS_REVIEW,,02a3f1660caf,告知去吃饭了，私人行程通知
uci_05172,I'm in school now n i'll be in da lab doing some stuff give me a call when ¨¹ r done.,en,uci_sms_spam_collection_v1,ham,NEEDS_REVIEW,,2ab1e1e8a8a9,说在学校实验室忙让打过来，私人行踪通知
uci_05173,Oh k. . I will come tomorrow,en,uci_sms_spam_collection_v1,ham,NEEDS_REVIEW,,3ec016c296c7,说明天来，私人行程安排
uci_05174,"Aight, text me tonight and we'll see what's up",en,uci_sms_spam_collection_v1,ham,NEEDS_REVIEW,,b36a56487c94,让今晚发短信看看怎样，私人约会安排
uci_05175,U 2.,en,uci_sms_spam_collection_v1,ham,NEEDS_REVIEW,,43ff0991ff38,回复U 2（你也是），私人简短回应
uci_05176,Water logging in desert. Geoenvironmental implications.,en,uci_sms_spam_collection_v1,ham,NEEDS_REVIEW,,ee2ded2acf7d,关于沙漠water logging的学术讨论，个人学术交流
uci_05177,Raji..pls do me a favour. Pls convey my Birthday wishes to Nimya. Pls. Today is her birthday.,en,uci_sms_spam_collection_v1,ham,NEEDS_REVIEW,,d48dc0b93e2d,请转达对Nimya的生日祝福，私人礼节性请求
uci_05178,Company is very good.environment is terrific and food is really nice:),en,uci_sms_spam_collection_v1,ham,NEEDS_REVIEW,,4279f0f7e7ee,夸公司环境好食物好，个人工作感受分享
uci_05179,"Very strange.  and  are watching the 2nd one now but i'm in bed. Sweet dreams, miss u",en,uci_sms_spam_collection_v1,ham,NEEDS_REVIEW,,136f75804e21,说在床里看电影晚安，私人亲昵聊天
uci_05180,SMS AUCTION - A BRAND NEW Nokia 7250 is up 4 auction today! Auction is FREE 2 join & take part! Txt NOKIA to 86021 now!,en,uci_sms_spam_collection_v1,spam,AD,,a66ee42176b0,推广诺基亚7250免费拍卖活动，短信竞拍广告
uci_05181,"Hi hope u r both ok, he said he would text and he hasn't, have u seen him, let me down gently please",en,uci_sms_spam_collection_v1,ham,NEEDS_REVIEW,,0327635b45cb,请温柔地让对方失望等朋友消息，私人情感交流
uci_05182,"Babe! I fucking love you too !! You know? Fuck it was so good to hear your voice. I so need that. I crave it. I can't get enough. I adore you, Ahmad *kisses*",en,uci_sms_spam_collection_v1,ham,NEEDS_REVIEW,,a0fa03d5aee4,情侣间亲密表达fucking love you，私人情感消息
uci_05183,K sure am in my relatives home. Sms me de. Pls:-),en,uci_sms_spam_collection_v1,ham,NEEDS_REVIEW,,1295a3bf778b,说在亲戚家让自己发短信，私人行踪告知
uci_05184,I sent them. Do you like?,en,uci_sms_spam_collection_v1,ham,NEEDS_REVIEW,,c61d9595fff7,问对方喜不喜欢发的东西，私人询问
uci_05185,"Fuuuuck I need to stop sleepin, sup",en,uci_sms_spam_collection_v1,ham,NEEDS_REVIEW,,ef103ba19ba8,吐槽需要停止睡觉，个人调侃
uci_05186,I'm in town now so i'll jus take mrt down later.,en,uci_sms_spam_collection_v1,ham,NEEDS_REVIEW,,e146cb3e611b,说在城里等下坐MRT，私人行程通知
uci_05187,I just cooked a rather nice salmon a la you,en,uci_sms_spam_collection_v1,ham,NEEDS_REVIEW,,7a81a8cbe0cd,说刚做了三文鱼招待对方，私人聊天
uci_05188,I uploaded mine to Facebook,en,uci_sms_spam_collection_v1,ham,NEEDS_REVIEW,,fcbf1e295d92,说上传到了Facebook，私人分享通知
uci_05189,WHAT TIME U WRKIN?,en,uci_sms_spam_collection_v1,ham,NEEDS_REVIEW,,e9abb6fb298d,问几点工作，私人日程询问
uci_05190,Okie,en,uci_sms_spam_collection_v1,ham,NEEDS_REVIEW,,a6e73a86ca9d,回复Okie（好的），私人简短确认
uci_05191,ree entry in 2 a weekly comp for a chance to win an ipod. Txt POD to 80182 to get entry (std txt rate) T&C's apply 08452810073 for details 18+,en,uci_sms_spam_collection_v1,spam,AD,,728758ac96d6,推广iPod周竞赛抽奖付费短信订阅参与，抽奖广告
uci_05192,Our records indicate u maybe entitled to 5000 pounds in compensation for the Accident you had. To claim 4 free reply with CLAIM to this msg. 2 stop txt STOP,en,uci_sms_spam_collection_v1,spam,AD,qa_fix_v1,5214a78617f9,[fix:commercial-promo-not-fraud FRAUD->AD] 伪装事故赔偿通知5000 pounds compensation骗取个人信息，典型虚假赔偿诈骗
uci_05193,"Sorry, I'll call later",en,uci_sms_spam_collection_v1,ham,NEEDS_REVIEW,,d5081f7715ce,说抱歉等下再打，私人简短致歉
uci_05194,Oh oh... Den muz change plan liao... Go back have to yan jiu again...,en,uci_sms_spam_collection_v1,ham,NEEDS_REVIEW,,10ff652cb3fc,Singlish讨论计划改变要重新研究，私人协商
uci_05195,"It's wylie, you in tampa or sarasota?",en,uci_sms_spam_collection_v1,ham,NEEDS_REVIEW,,ebd7eccd0c42,问在坦帕还是萨拉索塔，私人位置询问
uci_05196,Ok... Take ur time n enjoy ur dinner...,en,uci_sms_spam_collection_v1,ham,NEEDS_REVIEW,,6cf474730db5,让慢慢来享受晚餐，私人关怀消息
uci_05197,Darren was saying dat if u meeting da ge den we dun meet 4 dinner. Cos later u leave xy will feel awkward. Den u meet him 4 lunch lor.,en,uci_sms_spam_collection_v1,ham,NEEDS_REVIEW,,f74d61cd76ab,Singlish讨论和见面对象吃饭安排，私人社交协调
uci_05198,"Spook up your mob with a Halloween collection of a logo & pic message plus a free eerie tone, txt CARD SPOOK to 8007 zed 08701417012150p per logo/pic",en,uci_sms_spam_collection_v1,spam,AD,,bcd6cc37ffac,推广万圣节主题彩铃/logo下载，付费订阅短信服务广告
uci_05199,I like cheap! But i¡®m happy to splash out on the wine if it makes you feel better..,en,uci_sms_spam_collection_v1,ham,NEEDS_REVIEW,,9f6496a23bd7,讨论喜欢便宜但愿意请喝酒，私人聊天
uci_05200,She.s fine. I have had difficulties with her phone. It works with mine. Can you pls send her another friend request.,en,uci_sms_spam_collection_v1,ham,NEEDS_REVIEW,,4cdab3e79e8e,说对方手机有问题让自己加好友，私人通讯协助
uci_05201,Ugh my leg hurts. Musta overdid it on mon.,en,uci_sms_spam_collection_v1,ham,NEEDS_REVIEW,,c83bb5c998e1,说腿疼可能是周一过度了，私人健康闲聊
uci_05202,Call Germany for only 1 pence per minute! Call from a fixed line via access number 0844 861 85 85. No prepayment. Direct access! www.telediscount.co.uk,en,uci_sms_spam_collection_v1,spam,AD,,ce11830da3db,推广国际长途便宜拨打德国，付费电话折扣广告
uci_05203,"YOU VE WON! Your 4* Costa Del Sol Holiday or ¡ê5000 await collection. Call 09050090044 Now toClaim. SAE, TC s, POBox334, Stockport, SK38xh, Cost¡ê1.50/pm, Max10mins",en,uci_sms_spam_collection_v1,spam,FRAUD,,8745dae7667b,同uci_05139假中奖骗取高额话费，典型诈骗
uci_05204,WOT STUDENT DISCOUNT CAN U GET ON BOOKS?,en,uci_sms_spam_collection_v1,ham,NEEDS_REVIEW,,461c486ef38a,问学生能否在书上打折，私人优惠咨询
uci_05205,Me fine..absolutly fine,en,uci_sms_spam_collection_v1,ham,NEEDS_REVIEW,,718519066587,说自己绝对没事，私人简短回应
uci_05206,How come she can get it? Should b quite diff to guess rite...,en,uci_sms_spam_collection_v1,ham,NEEDS_REVIEW,,bd1d088d1b4a,问为什么她能拿到应该很难猜，私人疑问
uci_05207,Had your mobile 11mths ? Update for FREE to Oranges latest colour camera mobiles & unlimited weekend calls. Call Mobile Upd8 on freefone 08000839402 or 2StopTxt,en,uci_sms_spam_collection_v1,spam,AD,,903c7c7c013d,推广免费升级到Orange最新彩色手机，手机升级促销广告
uci_05208,I will reach ur home in  &lt;#&gt;  minutes,en,uci_sms_spam_collection_v1,ham,NEEDS_REVIEW,,c2d3bd8694cb,说到家还有几分钟，私人行程通知
uci_05209,"Babe, I'm answering you, can't you see me ? Maybe you'd better reboot YM ... I got the photo ... It's great !",en,uci_sms_spam_collection_v1,ham,NEEDS_REVIEW,,7b8eb9b311dd,说在回对方消息照片很棒，私人社交互动
uci_05210,Hi.what you think about match?,en,uci_sms_spam_collection_v1,ham,NEEDS_REVIEW,,60e69cd7f588,问对方对比赛怎么看，私人日常询问
uci_05211,"I know you are thinkin malaria. But relax, children cant handle malaria. She would have been worse and its gastroenteritis. If she takes enough to replace her loss her temp will reduce. And if you give her malaria meds now she will just vomit. Its a self limiting illness she has which means in a few days it will completely stop",en,uci_sms_spam_collection_v1,ham,NEEDS_REVIEW,,f96f14f5a7ec,讨论孩子得的是肠胃炎不是疟疾及用药，私人健康讨论
uci_05212,Dai i downloaded but there is only exe file which i can only run that exe after installing.,en,uci_sms_spam_collection_v1,ham,NEEDS_REVIEW,,3101b00906bd,讨论下载的是exe安装文件，个人技术闲聊
uci_05213,It is only yesterday true true.,en,uci_sms_spam_collection_v1,ham,NEEDS_REVIEW,,3299dd142e55,说昨天才真的是真的，私人简短回应
uci_05214,K.k.how is your business now?,en,uci_sms_spam_collection_v1,ham,NEEDS_REVIEW,,d931c2a39daf,问生意怎样，私人日常问候
uci_05215,3 pa but not selected.,en,uci_sms_spam_collection_v1,ham,NEEDS_REVIEW,,7319810e34e9,说3 pa没被选中，私人简短消息
uci_05216,Natalja (25/F) is inviting you to be her friend. Reply YES-440 or NO-440 See her: www.SMS.ac/u/nat27081980 STOP? Send STOP FRND to 62468,en,uci_sms_spam_collection_v1,spam,HARASS,,d4511910c11f,陌生交友邀请Natalja邀请成为朋友回复交友服务，属社交骚扰诱导
uci_05217,I keep ten rs in my shelf:) buy two egg.,en,uci_sms_spam_collection_v1,ham,NEEDS_REVIEW,,0837a9b1d0f1,说有10卢比买两个鸡蛋，私人生活闲聊
uci_05218,I am late. I will be there at,en,uci_sms_spam_collection_v1,ham,NEEDS_REVIEW,,c6319f76384d,说迟到会按时到，私人出行通知
uci_05219,Well thats nice. Too bad i cant eat it,en,uci_sms_spam_collection_v1,ham,NEEDS_REVIEW,,ea72776f124e,说可惜不能吃，私人吐槽
uci_05220,I accidentally brought em home in the box,en,uci_sms_spam_collection_v1,ham,NEEDS_REVIEW,,df26f6103a39,说意外把东西放盒子里带回家了，私人生活琐事
uci_05221,Pls she needs to dat slowly or she will vomit more.,en,uci_sms_spam_collection_v1,ham,NEEDS_REVIEW,,e33e66dcba28,让对方慢慢给吃不然会吐，私人健康关怀
uci_05222,I have to take exam with in march 3,en,uci_sms_spam_collection_v1,ham,NEEDS_REVIEW,,c422e674e062,说要参加3月3日考试，私人学业通知
uci_05223,"Jane babes not goin 2 wrk, feel ill after lst nite. Foned in already cover 4 me chuck.:-)",en,uci_sms_spam_collection_v1,ham,NEEDS_REVIEW,,44349e21425c,说Jane生病了已打电话请假，私人工作协助
uci_05224,5 nights...We nt staying at port step liao...Too ex,en,uci_sms_spam_collection_v1,ham,NEEDS_REVIEW,,beecd8dfd5aa,Singlish说5晚太贵了，私人住宿安排
uci_05225,If I die I want u to have all my stuffs.,en,uci_sms_spam_collection_v1,ham,NEEDS_REVIEW,,e9b224be9b93,说如果自己死了想要自己所有东西，私人情感表达
uci_05226,"""OH FUCK. JUSWOKE UP IN A BED ON A BOATIN THE DOCKS. SLEPT WID 25 YEAR OLD. SPINOUT! GIV U DA GOSSIP L8R. XXX""",en,uci_sms_spam_collection_v1,ham,NEEDS_REVIEW,qa_fix_v1,f9efc08b3a22,[fix:adult-or-secret-admirer NEEDS_REVIEW->HARASS] 吐槽睡在码头船上25岁的人的离奇经历，私人调侃 [fix:revert-ham-kisses-xxx HARASS->NEEDS_REVIEW]
uci_05227,Smile in Pleasure Smile in Pain Smile when trouble pours like Rain Smile when sum1 Hurts U Smile becoz SOMEONE still Loves to see u Smiling!!,en,uci_sms_spam_collection_v1,ham,NEEDS_REVIEW,,0b06868cfa73,转发微笑励志语录，属转发内容
uci_05228,Prabha..i'm soryda..realy..frm heart i'm sory,en,uci_sms_spam_collection_v1,ham,NEEDS_REVIEW,,99e5a0efad24,说对不起真的对不起，私人道歉消息
uci_05229,I re-met alex nichols from middle school and it turns out he's dealing!,en,uci_sms_spam_collection_v1,ham,NEEDS_REVIEW,,d4793ce10a76,说重遇中学同学发现他在贩毒，私人聊天分享
uci_05230,PRIVATE! Your 2003 Account Statement for <fone no> shows 800 un-redeemed S. I. M. points. Call 08715203656 Identifier Code: 42049 Expires 26/10/04,en,uci_sms_spam_collection_v1,spam,FRAUD,,a2e34aeae6e8,伪装账单800 un-redeemed SIM points骗取高额话费，典型虚假积分兑换诈骗
uci_05231,It means u could not keep ur words.,en,uci_sms_spam_collection_v1,ham,NEEDS_REVIEW,,de16cedcfca6,说对方不能守信用，私人简短吐槽
uci_05232,"Nope, I'm still in the market",en,uci_sms_spam_collection_v1,ham,NEEDS_REVIEW,,429bc97a46cf,说还在市场里，私人行踪通知
uci_05233,I realise you are a busy guy and i'm trying not to be a bother. I have to get some exams outta the way and then try the cars. Do have a gr8 day,en,uci_sms_spam_collection_v1,ham,NEEDS_REVIEW,,a08e48124035,说理解对方很忙不想打扰，私人礼貌聊天
uci_05234,YOU ARE CHOSEN TO RECEIVE A ¡ê350 AWARD! Pls call claim number 09066364311 to collect your award which you are selected to receive as a valued mobile customer.,en,uci_sms_spam_collection_v1,spam,FRAUD,,c772ba1a73b9,虚假获奖350英镑AWARD骗取高额话费，典型假奖励诈骗
uci_05235,Hey what how about your project. Started aha da.,en,uci_sms_spam_collection_v1,ham,NEEDS_REVIEW,,ea9c98d5e3a0,问对方项目开始怎样了，私人日常询问
uci_05236,Ok cool. See ya then.,en,uci_sms_spam_collection_v1,ham,NEEDS_REVIEW,,8c26148ae0c6,说好的到时见，私人简短确认
uci_05237,Am on the uworld site. Am i buying the qbank only or am i buying it with the self assessment also?,en,uci_sms_spam_collection_v1,ham,NEEDS_REVIEW,,d677e8666bda,问是只买题库还是连带自测一起买，私人学习购买咨询
uci_05238,Your opinion about me? 1. Over 2. Jada 3. Kusruthi 4. Lovable 5. Silent 6. Spl character 7. Not matured 8. Stylish 9. Simple Pls reply..,en,uci_sms_spam_collection_v1,ham,NEEDS_REVIEW,,c12d6b402956,性格测试游戏让回复数字，属转发娱乐内容
uci_05239,Someonone you know is trying to contact you via our dating service! To find out who it could be call from your mobile or landline 09064015307 BOX334SK38ch,en,uci_sms_spam_collection_v1,spam,HARASS,,baac6d7a6ea0,陌生人交友服务诱导回拨高额收费电话，属社交骚扰交友诱导
uci_05240,Yeah I can still give you a ride,en,uci_sms_spam_collection_v1,ham,NEEDS_REVIEW,,9440a54f0c6d,说还可以让你搭便车，私人出行安排
uci_05241,"Jay wants to work out first, how's 4 sound?",en,uci_sms_spam_collection_v1,ham,NEEDS_REVIEW,,10cbdb0f0ccb,Jay想先锻炼问4点如何，私人运动安排
uci_05242,"Gud gud..k, chikku tke care.. sleep well gud nyt",en,uci_sms_spam_collection_v1,ham,NEEDS_REVIEW,,bd2a6067323e,说保重晚安，私人关怀问候
uci_05243,Its a part of checking IQ,en,uci_sms_spam_collection_v1,ham,NEEDS_REVIEW,,8d1a367604e9,说是IQ测试一部分，私人简短回复
uci_05244,Hmm thinking lor...,en,uci_sms_spam_collection_v1,ham,NEEDS_REVIEW,,8ad105804f51,说在想事情，私人状态通知
uci_05245,Of course ! Don't tease me ... You know I simply must see ! *grins* ... Do keep me posted my prey ... *loving smile* *devouring kiss*,en,uci_sms_spam_collection_v1,ham,NEEDS_REVIEW,,fe96ddb87257,亲密聊天说想见面loving smile，私人情感消息
uci_05246,thanks for the temales it was wonderful. Thank. Have a great week.,en,uci_sms_spam_collection_v1,ham,NEEDS_REVIEW,,026f17db6799,感谢说希望一周愉快，私人礼貌回应
uci_05247,Thank you princess! I want to see your nice juicy booty...,en,uci_sms_spam_collection_v1,ham,NEEDS_REVIEW,qa_fix_v1,fb98f0e670d4,[fix:adult-or-secret-admirer NEEDS_REVIEW->HARASS] 情侣间调情说想看看你的翘臀，私人亲密消息 [fix:revert-ham-kisses-xxx HARASS->NEEDS_REVIEW]
uci_05248,Haven't eaten all day. I'm sitting here staring at this juicy pizza and I can't eat it. These meds are ruining my life.,en,uci_sms_spam_collection_v1,ham,NEEDS_REVIEW,,b90443946d9b,说盯着披萨不能吃因为药害的，私人健康吐槽
uci_05249,Gud ni8 dear..slp well..take care..swt dreams..Muah..,en,uci_sms_spam_collection_v1,ham,NEEDS_REVIEW,,91fe2c446893,说晚安保重甜蜜梦吻你，私人晚安问候
uci_05250,U come n search tat vid..not finishd..,en,uci_sms_spam_collection_v1,ham,NEEDS_REVIEW,,b2516c65f124,让来找那个视频还没看完，私人视频分享相关
uci_05251,"K I'm leaving soon, be there a little after 9",en,uci_sms_spam_collection_v1,ham,NEEDS_REVIEW,,6872ec64066e,说快走了9点后到，私人行程通知
uci_05252,Urgent! Please call 09061213237 from a landline. ¡ê5000 cash or a 4* holiday await collection. T &Cs SAE PO Box 177 M227XY. 16+,en,uci_sms_spam_collection_v1,spam,FRAUD,,987ac591ebaf,虚假紧急中奖5000 cash or holiday骗取高额话费，典型紧急假中奖诈骗
uci_05253,"Yeah work is fine, started last week, all the same stuff as before, dull but easy and guys are fun!",en,uci_sms_spam_collection_v1,ham,NEEDS_REVIEW,,c3d9194b9e8d,说工作还行上周开始，私人工作聊天
uci_05254,You do your studies alone without anyones help. If you cant no need to study.,en,uci_sms_spam_collection_v1,ham,NEEDS_REVIEW,,9ef8d8f2ab3c,说不需要别人帮助也能学习，私人学习态度讨论
uci_05255,Please tell me not all of my car keys are in your purse,en,uci_sms_spam_collection_v1,ham,NEEDS_REVIEW,,32d79cd0700a,问车钥匙是不是全在钱包里，私人日常询问
uci_05256,I didnt get anything da,en,uci_sms_spam_collection_v1,ham,NEEDS_REVIEW,,de1afeb4dcf4,说没拿到什么，私人简短回复
uci_05257,Ok... Sweet dreams...,en,uci_sms_spam_collection_v1,ham,NEEDS_REVIEW,,b05ed8470cd5,说晚安好梦，私人晚安问候
uci_05258,Well she's in for a big surprise!,en,uci_sms_spam_collection_v1,ham,NEEDS_REVIEW,,4626016ffbad,说她会有大惊喜，私人聊天
uci_05259,"As usual..iam fine, happy &amp; doing well..:)",en,uci_sms_spam_collection_v1,ham,NEEDS_REVIEW,,75fd8500bbb2,说和往常一样开心安康，私人日常回应
uci_05260,1 in cbe. 2 in chennai.,en,uci_sms_spam_collection_v1,ham,NEEDS_REVIEW,,efea42b3d89c,说一个在CBE两个在钦奈，私人位置行程通知
uci_05261,Can help u swoop by picking u up from wherever ur other birds r meeting if u want.,en,uci_sms_spam_collection_v1,ham,NEEDS_REVIEW,,35ab9e9b97ff,提出可以顺便接对方，私人出行协助
uci_05262,If anyone calls for a treadmill say you'll buy it. Make sure its working. I found an ad on Craigslist selling for $ &lt;#&gt; .,en,uci_sms_spam_collection_v1,ham,NEEDS_REVIEW,,f1ab8ecfd004,说有人问跑步机就说要买，私人二手买卖相关
uci_05263,I absolutely LOVE South Park! I only recently started watching the office.,en,uci_sms_spam_collection_v1,ham,NEEDS_REVIEW,,c06037010cff,说超爱南方公园刚看办公室美剧，私人影视讨论
uci_05264,Did you see that film:),en,uci_sms_spam_collection_v1,ham,NEEDS_REVIEW,,ab51e1796af9,问有没有看过那个电影，私人影视讨论
uci_05265,Pls speak with me. I wont ask anything other then you friendship.,en,uci_sms_spam_collection_v1,ham,NEEDS_REVIEW,,f8fcc6506ae0,让和自己聊天不会要别的只要友谊，私人社交请求
uci_05266,"Storming msg: Wen u lift d phne, u say ""HELLO"" Do u knw wt is d real meaning of HELLO?? . . . It's d name of a girl..! . . . Yes.. And u knw who is dat girl?? ""Margaret Hello"" She is d girlfrnd f Grahmbell who invnted telphone... . . . . Moral:One can 4get d name of a person, bt not his girlfrnd... G o o d n i g h t . . .@",en,uci_sms_spam_collection_v1,ham,NEEDS_REVIEW,,2f0bb1f45617,转发关于HELLO名字由来的趣味知识，属转发内容
uci_05267,Gud ni8.swt drms.take care,en,uci_sms_spam_collection_v1,ham,NEEDS_REVIEW,,565cb0678923,说晚安甜梦保重，私人晚安问候
uci_05268,HI DARLIN ITS KATE ARE U UP FOR DOIN SOMETHIN TONIGHT? IM GOING TO A PUB CALLED THE SWAN OR SOMETHING WITH MY PARENTS FOR ONE DRINK SO PHONE ME IF U CAN,en,uci_sms_spam_collection_v1,ham,NEEDS_REVIEW,,42506cbd44d1,Kate问今晚要不要做什么去天鹅酒吧，私人约会邀请
uci_05269,Anything lar then ¨¹ not going home 4 dinner?,en,uci_sms_spam_collection_v1,ham,NEEDS_REVIEW,,4bf1144b5647,问对方是不是不回家吃晚饭，私人行程确认
uci_05270,"""ER, ENJOYIN INDIANS AT THE MO..yeP. SaLL gOoD HehE ;> hows bout u shexy? Pete Xx""",en,uci_sms_spam_collection_v1,ham,NEEDS_REVIEW,,5f13cddcfd79,Singlish闲聊吐槽印度人很有趣，私人聊天
uci_05271,"If you don't, your prize will go to another customer. T&C at www.t-c.biz 18+ 150p/min Polo Ltd Suite 373 London W1J 6HL Please call back if busy",en,uci_sms_spam_collection_v1,spam,FRAUD,,03f1a7d1d366,伪装奖品通知prize will go to another customer含钓鱼链接www.t-c.biz，典型虚假奖品钓鱼诈骗
uci_05272,Did u fix the teeth?if not do it asap.ok take care.,en,uci_sms_spam_collection_v1,ham,NEEDS_REVIEW,,92cd6c62aa12,问修了牙没让尽快去，私人健康关怀
uci_05273,So u wan 2 come for our dinner tonight a not?,en,uci_sms_spam_collection_v1,ham,NEEDS_REVIEW,,01835cb14cbd,问今晚要不要来吃饭，私人用餐邀请
uci_05274,"Hello.How u doing?What u been up 2?When will u b moving out of the flat, cos I will need to arrange to pick up the lamp, etc. Take care. Hello caroline!",en,uci_sms_spam_collection_v1,ham,NEEDS_REVIEW,,302010116e31,问何时搬家自己去拿灯，私人居住安排
uci_05275,Its too late:)but its k.wish you the same.,en,uci_sms_spam_collection_v1,ham,NEEDS_REVIEW,,a3cf7a835421,说太晚了送上同样祝福，私人简短祝福
uci_05276,"Hi. Hope ur day * good! Back from walk, table booked for half eight. Let me know when ur coming over.",en,uci_sms_spam_collection_v1,ham,NEEDS_REVIEW,,e887372ee005,说散步回来了订了八点半的桌，私人行程通知
uci_05277,Oh yeah clearly it's my fault,en,uci_sms_spam_collection_v1,ham,NEEDS_REVIEW,,06dbdd294e5b,说哦显然这是我的错，私人调侃吐槽
uci_05278,Dunno leh cant remember mayb lor. So wat time r we meeting tmr?,en,uci_sms_spam_collection_v1,ham,NEEDS_REVIEW,,0ee284169baf,Singlish说记不清明天几点见面，私人行程确认
uci_05279,"Best msg: It's hard to be with a person, when u know that one more step foward will make u fall in love.. &amp; One step back can ruin ur friendship.. good night:-) ...",en,uci_sms_spam_collection_v1,ham,NEEDS_REVIEW,,589f7b815744,转发关于爱情的哲理短信，属转发内容
uci_05280,URGENT! Your Mobile number has been awarded with a ¡ê2000 prize GUARANTEED. Call 09061790126 from land line. Claim 3030. Valid 12hrs only 150ppm,en,uci_sms_spam_collection_v1,spam,FRAUD,,97d9641a0632,虚假中奖2000英镑prize GUARANTEED骗取高额话费，典型假中奖诈骗
uci_05281,"Helloooo... Wake up..! ""Sweet"" ""morning"" ""welcomes"" ""You"" ""Enjoy"" ""This Day"" ""with full of joy"".. ""GUD MRNG"".",en,uci_sms_spam_collection_v1,ham,NEEDS_REVIEW,,bc7899ccd488,转发早安问候语录，属转发内容
uci_05282,"Vikky, come around  &lt;TIME&gt; ..",en,uci_sms_spam_collection_v1,ham,NEEDS_REVIEW,,ff2f57a17730,让对方过来，私人简短邀约
uci_05283,"And how you will do that, princess? :)",en,uci_sms_spam_collection_v1,ham,NEEDS_REVIEW,,ad266ffdba57,调侃说公主怎么做呢，私人玩笑
uci_05284,I have gone into get info bt dont know what to do,en,uci_sms_spam_collection_v1,ham,NEEDS_REVIEW,,d1c79021d368,说进去查资料但不知道怎么用，私人技术求助
uci_05285,"Yeah, probably here for a while",en,uci_sms_spam_collection_v1,ham,NEEDS_REVIEW,,9671ca9c88f8,说可能还要待一会，私人行程通知
uci_05286,Sent me ur email id soon,en,uci_sms_spam_collection_v1,ham,NEEDS_REVIEW,,284a01d65a6e,让发邮箱地址，私人联系方式交换
uci_05287,"URGENT! You have won a 1 week FREE membership in our ¡ê100,000 Prize Jackpot! Txt the word: CLAIM to No: 81010 T&C www.dbuk.net LCCLTD POBOX 4403LDNW1A7RW18",en,uci_sms_spam_collection_v1,spam,FRAUD,,ba48639a2115,虚假中奖100000英镑Prize Jackpot骗取高额话费，典型假中奖诈骗
uci_05288,I'm still pretty weak today .. Bad day ?,en,uci_sms_spam_collection_v1,ham,NEEDS_REVIEW,,2ffc155bf3c3,说今天还很虚弱问是否糟糕的一天，私人健康倾诉
uci_05289,Hey ! Don't forget ... You are MINE ... For ME ... My possession ... MY property ... MMM ... *childish smile* ...,en,uci_sms_spam_collection_v1,ham,NEEDS_REVIEW,,06627b708a78,亲密聊天说你属于我我的财产，私人情感消息
uci_05290,An excellent thought by a misundrstud frnd: I knw u hate me bt the day wen u'll knw the truth u'll hate urself:-( Gn:-),en,uci_sms_spam_collection_v1,ham,NEEDS_REVIEW,,77ee520cdb63,转发哲理短信关于误解的朋友，属转发内容
uci_05291,Hey! Congrats 2u2. id luv 2 but ive had 2 go home!,en,uci_sms_spam_collection_v1,ham,NEEDS_REVIEW,,32805f1a23ec,说恭喜但要回家了，私人简短回应
uci_05292,Dear where you. Call me,en,uci_sms_spam_collection_v1,ham,NEEDS_REVIEW,,b506a0c58514,让打电话，私人简短请求
uci_05293,Xy trying smth now. U eat already? We havent...,en,uci_sms_spam_collection_v1,ham,NEEDS_REVIEW,,95b6993444ea,Singlish说在试着吃东西了吗我们还没，私人用餐聊天
uci_05294,Urgent! Please call 09061213237 from landline. ¡ê5000 cash or a luxury 4* Canary Islands Holiday await collection. T&Cs SAE PO Box 177. M227XY. 150ppm. 16+,en,uci_sms_spam_collection_v1,spam,FRAUD,,a5ba2a92de7d,虚假紧急中奖5000 cash or Canary Islands Holiday骗取高额话费，典型假中奖诈骗
uci_05295,I donno its in your genes or something,en,uci_sms_spam_collection_v1,ham,NEEDS_REVIEW,,938da9133bf8,说你不知道这在基因里还是什么，私人调侃
uci_05296,XMAS iscoming & ur awarded either ¡ê500 CD gift vouchers & free entry 2 r ¡ê100 weekly draw txt MUSIC to 87066 TnC www.Ldew.com1win150ppmx3age16subscription,en,uci_sms_spam_collection_v1,spam,AD,,080da5a53ce3,推广圣诞节CD礼券和每周抽奖活动，音乐订阅促销广告
uci_05297,Alex says he's not ok with you not being ok with it,en,uci_sms_spam_collection_v1,ham,NEEDS_REVIEW,,cb1a0ada0c8f,说Alex对你对他有意见也不开心，私人关系转述
uci_05298,Are u coming to the funeral home,en,uci_sms_spam_collection_v1,ham,NEEDS_REVIEW,,ff42beb534f7,问是否来殡仪馆，私人丧事相关通知
uci_05299,My darling sister. How are you doing. When's school resuming. Is there a minimum wait period before you reapply? Do take care,en,uci_sms_spam_collection_v1,ham,NEEDS_REVIEW,,527b2e876923,姐姐问学校何时复课，私人家庭学业聊天
uci_05300,I.ll hand her my phone to chat wit u,en,uci_sms_spam_collection_v1,ham,NEEDS_REVIEW,,6e6954195b05,说把手机给她和你聊天，私人通讯协助
uci_05301,Well good morning mr . Hows london treatin' ya treacle?,en,uci_sms_spam_collection_v1,ham,NEEDS_REVIEW,,a9b6f7fdae69,问候早上好伦敦待你如何，私人日常问候
uci_05302,I can't make it tonight,en,uci_sms_spam_collection_v1,ham,NEEDS_REVIEW,,8d68fcfce01b,说今晚去不了，私人行程拒绝
uci_05303,At WHAT TIME should i come tomorrow,en,uci_sms_spam_collection_v1,ham,NEEDS_REVIEW,,26dc98a1756b,问明天该几点来，私人行程确认
uci_05304,About  &lt;#&gt; bucks. The banks fees are fixed. Better to call the bank and find out.,en,uci_sms_spam_collection_v1,ham,NEEDS_REVIEW,,25dade59ba7a,说大概多少钱银行费用固定，私人财务聊天
uci_05305,"I can. But it will tell quite long, cos i haven't finish my film yet...",en,uci_sms_spam_collection_v1,ham,NEEDS_REVIEW,,bcdb148530a0,说可以但会比较长因为电影没看完，私人通讯安排
uci_05306,Pls ask macho how much is budget for bb bold 2 is cos i saw a new one for  &lt;#&gt;  dollars.,en,uci_sms_spam_collection_v1,ham,NEEDS_REVIEW,,95dcef644b7e,问macho BB Bold 2的预算，私人购机咨询
uci_05307,"""Hi missed your Call and my mumHas beendropping red wine all over theplace! what is your adress?""",en,uci_sms_spam_collection_v1,ham,NEEDS_REVIEW,,f50e46d8e421,说抱歉妈妈把红酒洒了问地址，私人家庭琐事
uci_05308,Ill be at yours in about 3 mins but look out for me,en,uci_sms_spam_collection_v1,ham,NEEDS_REVIEW,,6473149c826f,说大约3分钟后到你那等着，私人出行通知
uci_05309,What you did in  leave.,en,uci_sms_spam_collection_v1,ham,NEEDS_REVIEW,,3324841af978,问请假期间做了什么，私人闲聊
uci_05310,I'm coming back on Thursday. Yay. Is it gonna be ok to get the money. Cheers. Oh yeah and how are you. Everything alright. Hows school. Or do you call it work now,en,uci_sms_spam_collection_v1,ham,NEEDS_REVIEW,,551b29783f7f,说周四回来能拿钱吗学校怎样，私人财务学业聊天
uci_05311,"Jolly good! By the way,  will give u tickets for sat eve 7.30. Speak before then x",en,uci_sms_spam_collection_v1,ham,NEEDS_REVIEW,,c5ee27378ea0,聊周六晚上7:30送票事宜，私人社交安排
uci_05312,"yeah, that's what I was thinking",en,uci_sms_spam_collection_v1,ham,NEEDS_REVIEW,,9a8c5ab2f970,说我也这么想，私人简短回应
uci_05313,K.k:)i'm going to tirunelvali this week to see my uncle ..i already spend the amount by taking dress .so only i want money.i will give it on feb 1,en,uci_sms_spam_collection_v1,ham,NEEDS_REVIEW,,894991a2906b,说去蒂鲁内尔维利看叔叔买衣服花了钱想要钱，私人财务聊天
uci_05314,Here got ur favorite oyster... N got my favorite sashimi... Ok lar i dun say already... Wait ur stomach start rumbling...,en,uci_sms_spam_collection_v1,ham,NEEDS_REVIEW,,1a2e080b674f,讨论寿司和生蚝已经点了等肚子叫，私人用餐聊天
uci_05315,My sister going to earn more than me da.,en,uci_sms_spam_collection_v1,ham,NEEDS_REVIEW,,6bc04da93fc3,说我姐会比自己赚得多，私人家庭聊天
uci_05316,Get the official ENGLAND poly ringtone or colour flag on yer mobile for tonights game! Text TONE or FLAG to 84199. Optout txt ENG STOP Box39822 W111WX ¡ê1.50,en,uci_sms_spam_collection_v1,spam,AD,,04e614915ac7,推广英格兰队比赛彩铃/国旗服务，手机主题订阅广告
uci_05317,Hahaha..use your brain dear,en,uci_sms_spam_collection_v1,ham,NEEDS_REVIEW,,62f2628d2270,说哈哈用你的脑子亲爱的，私人调侃
uci_05318,Jus finish watching tv... U?,en,uci_sms_spam_collection_v1,ham,NEEDS_REVIEW,,bc160824b7e1,说刚看完电视你呢，私人日常闲聊
uci_05319,"K, fyi I'm back in my parents' place in south tampa so I might need to do the deal somewhere else",en,uci_sms_spam_collection_v1,ham,NEEDS_REVIEW,,f5854ae14d4d,说回到父母家在南坦帕可能得换地方交易，私人行程通知
uci_05320,"Good morning, my Love ... I go to sleep now and wish you a great day full of feeling better and opportunity ... You are my last thought babe, I LOVE YOU *kiss*",en,uci_sms_spam_collection_v1,ham,NEEDS_REVIEW,,a33d7f393d61,情侣间说你是我的最后一个念头吻你，私人情感消息
uci_05321,Kothi print out marandratha.,en,uci_sms_spam_collection_v1,ham,NEEDS_REVIEW,,ee7e88e4d028,说Kothi打印出来了，私人简短通知
uci_05322,But we havent got da topic yet rite?,en,uci_sms_spam_collection_v1,ham,NEEDS_REVIEW,,86d01cba9a2a,说我们还没拿到话题，私人讨论协调
uci_05323,Ok no problem... Yup i'm going to sch at 4 if i rem correctly...,en,uci_sms_spam_collection_v1,ham,NEEDS_REVIEW,,28c67e9fdbae,说要去学校4点，私人行程通知
uci_05324,"Thanks, I'll keep that in mind",en,uci_sms_spam_collection_v1,ham,NEEDS_REVIEW,,90a5240fb8c8,说谢谢会记在心里，私人礼貌回复
uci_05325,Aah bless! How's your arm?,en,uci_sms_spam_collection_v1,ham,NEEDS_REVIEW,,1872690ceee9,说祝福你的手臂怎样了，私人健康关怀
uci_05326,"Dear Sir,Salam Alaikkum.Pride and Pleasure meeting you today at the Tea Shop.We are pleased to send you our contact number at Qatar.Rakhesh an Indian.Pls save our Number.Respectful Regards.",en,uci_sms_spam_collection_v1,ham,NEEDS_REVIEW,,289cd8e44315,说很高兴认识你在茶店给你号码致敬意，私人社交联系方式交换
uci_05327,"Gal n boy walking in d park. gal-can i hold ur hand? boy-y? do u think i would run away? gal-no, jst wana c how it feels walking in heaven with an prince..GN:-)",en,uci_sms_spam_collection_v1,ham,NEEDS_REVIEW,,2935856cd3b9,转发关于王子公主在公园散步的寓言，属转发内容
uci_05328,What makes you most happy?,en,uci_sms_spam_collection_v1,ham,NEEDS_REVIEW,,6fe1fa2acaa8,问什么让你最开心，私人日常询问
uci_05329,Wishing you a wonderful week.,en,uci_sms_spam_collection_v1,ham,NEEDS_REVIEW,,742205174bd7,祝愿美好一周，私人祝福消息
uci_05330,Sweet heart how are you?,en,uci_sms_spam_collection_v1,ham,NEEDS_REVIEW,,9b403a0867c0,问亲爱的你好吗，私人日常问候
uci_05331,"Sir, waiting for your letter.",en,uci_sms_spam_collection_v1,ham,NEEDS_REVIEW,,8824bd464bd9,说等待你的信，私人简短通知
uci_05332,Dude im no longer a pisces. Im an aquarius now.,en,uci_sms_spam_collection_v1,ham,NEEDS_REVIEW,,5ef7aa1b6c95,说自己是水瓶座不是双鱼座，私人星座闲聊
uci_05333,X course it 2yrs. Just so her messages on messenger lik you r sending me,en,uci_sms_spam_collection_v1,ham,NEEDS_REVIEW,,22ebb8af500a,说当然是两年像你在信使上发的一样，私人简短聊天
uci_05334,I think steyn surely get one wicket:),en,uci_sms_spam_collection_v1,ham,NEEDS_REVIEW,,35f83f9f116e,说Steyn肯定会拿一个wicket，私人板球闲聊
uci_05335,"Neither [in sterm voice] - i'm studying. All fine with me! Not sure the  thing will be resolved, tho. Anyway. Have a fab hols",en,uci_sms_spam_collection_v1,ham,NEEDS_REVIEW,,d3805a6ae550,说在学习一切顺利假期愉快，私人状态通知
uci_05336,"Garbage bags, eggs, jam, bread, hannaford wheat chex",en,uci_sms_spam_collection_v1,ham,NEEDS_REVIEW,,93fbfe50ec7f,列出购物清单垃圾袋鸡蛋果酱面包等，私人生活琐事
uci_05337,No. It's not pride. I'm almost  &lt;#&gt;  years old and shouldn't be takin money from my kid. You're not supposed to have to deal with this stuff. This is grownup stuff--why i don't tell you.,en,uci_sms_spam_collection_v1,ham,NEEDS_REVIEW,,138f0f739791,说不应该找孩子要钱这是大人的事，私人家庭财务讨论
uci_05338,Sounds better than my evening im just doing my costume. Im not sure what time i finish tomorrow but i will txt you at the end.,en,uci_sms_spam_collection_v1,ham,NEEDS_REVIEW,,5ef1c5d3edc5,说在做戏服明天下班会发短信，私人手工行程通知
uci_05339,My birthday is on feb  &lt;#&gt;  da. .,en,uci_sms_spam_collection_v1,ham,NEEDS_REVIEW,,ba8c411fcbcf,说生日在X月X日，私人个人信息分享
uci_05340,So when do you wanna gym?,en,uci_sms_spam_collection_v1,ham,NEEDS_REVIEW,,53259d32cd8a,问何时去健身房，私人运动安排
uci_05341,You'd like that wouldn't you? Jerk!,en,uci_sms_spam_collection_v1,ham,NEEDS_REVIEW,,e994febe4468,调侃说你喜欢吧混蛋，私人玩笑
uci_05342,Are u awake? Is there snow there?,en,uci_sms_spam_collection_v1,ham,NEEDS_REVIEW,,19d93174a5d8,问醒了吗那里有雪吗，私人日常询问
uci_05343,And of course you should make a stink!,en,uci_sms_spam_collection_v1,ham,NEEDS_REVIEW,,a14363955005,说当然你应该大闹一场，私人简短回应
uci_05344,"u r subscribed 2 TEXTCOMP 250 wkly comp. 1st wk?s free question follows, subsequent wks charged@150p/msg.2 unsubscribe txt STOP 2 84128,custcare 08712405020",en,uci_sms_spam_collection_v1,spam,AD,,e1c248caecea,推广TEXTCOMP周竞赛订阅服务，付费短信竞赛广告
uci_05345,No go. No openings for that room 'til after thanksgiving without an upcharge.,en,uci_sms_spam_collection_v1,ham,NEEDS_REVIEW,,dfcaf07f2d37,说不行直到感恩节后才有空房，私人住宿安排
uci_05346,When you guys planning on coming over?,en,uci_sms_spam_collection_v1,ham,NEEDS_REVIEW,,798c2ab215ab,问你们计划什么时候过来，私人聚会安排
uci_05347,Wat ¨¹ doing now?,en,uci_sms_spam_collection_v1,ham,NEEDS_REVIEW,,d7c26c3ebe0e,问对方在做什么，私人日常询问
uci_05348,"My Parents, My Kidz, My Friends n My Colleagues. All screaming.. SURPRISE !! and I was waiting on the sofa.. ... ..... ' NAKED...!",en,uci_sms_spam_collection_v1,ham,NEEDS_REVIEW,qa_fix_v1,bd7e8f64a8bb,[fix:adult-or-secret-admirer NEEDS_REVIEW->HARASS] 描述惊喜派对整蛊场景，私人派对相关聊天 [fix:revert-ham-kisses-xxx HARASS->NEEDS_REVIEW]
uci_05349,No sir. That's why i had an 8-hr trip on the bus last week. Have another audition next wednesday but i think i might drive this time.,en,uci_sms_spam_collection_v1,ham,NEEDS_REVIEW,,ca3608805ba5,说上周坐了8小时公交下周三有试镜，私人出行安排
uci_05350,Do I? I thought I put it back in the box,en,uci_sms_spam_collection_v1,ham,NEEDS_REVIEW,,bf78de0801fc,问我以为放回盒子里了，私人日常对话
uci_05351,I'm home...,en,uci_sms_spam_collection_v1,ham,NEEDS_REVIEW,,d22f693929f9,说我到家了，私人行程通知
uci_05352,No one interested. May be some business plan.,en,uci_sms_spam_collection_v1,ham,NEEDS_REVIEW,,96ed37e7724e,说没人感兴趣也许有些商业计划，私人简短消息
uci_05353,Yup it's at paragon... I havent decided whether 2 cut yet... Hee...,en,uci_sms_spam_collection_v1,ham,NEEDS_REVIEW,,fe11bc11bbf5,说在百汇还没决定要不要剪，私人购物安排
uci_05354,Good morning princess! Have a great day!,en,uci_sms_spam_collection_v1,ham,NEEDS_REVIEW,,9e67b420522f,说早上好公主祝一天好，私人日常问候
uci_05355,Guai... ¨¹ shd haf seen him when he's naughty... ¨¹ so free today? Can go jogging...,en,uci_sms_spam_collection_v1,ham,NEEDS_REVIEW,,5a649705ccb4,Singlish说应该看到调皮的样子今天有空慢跑吗，私人运动安排
uci_05356,Aiyo cos i sms ¨¹ then ¨¹ neva reply so i wait 4 ¨¹ to reply lar. I tot ¨¹ havent finish ur lab wat.,en,uci_sms_spam_collection_v1,ham,NEEDS_REVIEW,,b65c9be60137,Singlish说发短信没回所以等回复，私人通讯协调
uci_05357,"Living is very simple.. Loving is also simple.. Laughing is too simple.. Winning is tooo simple.. But, Being 'SIMPLE' is very difficult...;-) :-)",en,uci_sms_spam_collection_v1,ham,NEEDS_REVIEW,,5a9221b56f72,转发关于简单生活的哲理短信，属转发内容
uci_05358,Tell me something. Thats okay.,en,uci_sms_spam_collection_v1,ham,NEEDS_REVIEW,,d75d9a593335,说告诉我一些事没关系，私人日常聊天
uci_05359,Ok,en,uci_sms_spam_collection_v1,ham,NEEDS_REVIEW,,7a85f4764bbd,回复Ok，私人简短确认
uci_05360,Hmm. Shall i bring a bottle of wine to keep us amused? Just joking! I'll still bring a bottle. Red or white? See you tomorrow,en,uci_sms_spam_collection_v1,ham,NEEDS_REVIEW,,90e65b3b8422,讨论带红酒明天见，私人聚会安排
uci_05361,This is ur face test ( 1 2 3 4 5 6 7 8 9  &lt;#&gt;  ) select any number i will tell ur face astrology.... am waiting. quick reply...,en,uci_sms_spam_collection_v1,ham,NEEDS_REVIEW,,fd64f298f1b0,占卜趣味测试游戏，属转发娱乐内容
uci_05362,"Hey, iouri gave me your number, I'm wylie, ryan's friend",en,uci_sms_spam_collection_v1,ham,NEEDS_REVIEW,,237e3417a5e9,说Iouri给了号码我是Wylie Ryan的朋友，私人社交介绍
uci_05363,Yep get with the program. You're slacking.,en,uci_sms_spam_collection_v1,ham,NEEDS_REVIEW,,4d8595f4da84,说快点跟上你在偷懒，私人调侃
uci_05364,I'm in inside office..still filling forms.don know when they leave me.,en,uci_sms_spam_collection_v1,ham,NEEDS_REVIEW,,f403332e9849,说在办公室填表不知道他们何时让我走，私人工作状态通知
uci_05365,"I think your mentor is , but not 100 percent sure.",en,uci_sms_spam_collection_v1,ham,NEEDS_REVIEW,,dd63033a717f,说我想你的导师是谁但不完全确定，私人猜测聊天
uci_05366,Call 09095350301 and send our girls into erotic ecstacy. Just 60p/min. To stop texts call 08712460324 (nat rate),en,uci_sms_spam_collection_v1,spam,HARASS,,58d2661063af,推广色情服务拨打高额收费电话（60p/min），属色情骚扰诱导
uci_05367,Camera - You are awarded a SiPix Digital Camera! call 09061221066 fromm landline. Delivery within 28 days.,en,uci_sms_spam_collection_v1,spam,FRAUD,,dfd89697210d,虚假赢得数码相机骗取高额话费，典型假奖品诈骗
uci_05368,A ¡ê400 XMAS REWARD IS WAITING FOR YOU! Our computer has randomly picked you from our loyal mobile customers to receive a ¡ê400 reward. Just call 09066380611,en,uci_sms_spam_collection_v1,spam,FRAUD,,44cd8d8819a6,虚假圣诞节400英镑REWARD骗取高额话费，典型假中奖诈骗
uci_05369,Just trying to figure out when I'm suppose to see a couple different people this week. We said we'd get together but I didn't set dates,en,uci_sms_spam_collection_v1,ham,NEEDS_REVIEW,,1b157627f59e,说在想这周何时见几个人但没定日子，私人行程安排
uci_05370,IMPORTANT MESSAGE. This is a final contact attempt. You have important messages waiting out our customer claims dept. Expires 13/4/04. Call 08717507382 NOW!,en,uci_sms_spam_collection_v1,spam,FRAUD,,ee41729f8322,伪装客服最后通牒IMPORTANT MESSAGE骗取高额话费，典型虚假客服紧急通知诈骗
uci_05371,Hi mom we might be back later than  &lt;#&gt;,en,uci_sms_spam_collection_v1,ham,NEEDS_REVIEW,,4ab0669a6133,说妈妈我们可能比X回来晚，私人行程通知
uci_05372,dating:i have had two of these. Only started after i sent a text to talk sport radio last week. Any connection do you think or coincidence?,en,uci_sms_spam_collection_v1,spam,NEEDS_REVIEW,,6f17e1710593,说收到交友短信是否和给体育电台发短信有关，个人猜测闲聊
uci_05373,"Lol, oh you got a friend for the dog ?",en,uci_sms_spam_collection_v1,ham,NEEDS_REVIEW,,003a6d03c6f1,调侃说狗有朋友了，私人玩笑
uci_05374,"Ok., is any problem to u frm him? Wats matter?",en,uci_sms_spam_collection_v1,ham,NEEDS_REVIEW,,919ee57605e7,Singlish问他有什么问题事关什么，私人关心询问
uci_05375,"K I'll head out in a few mins, see you there",en,uci_sms_spam_collection_v1,ham,NEEDS_REVIEW,,f0060e896b39,说马上出发去那见，私人出行安排
uci_05376,Do u konw waht is rael FRIENDSHIP Im gving yuo an exmpel: Jsut ese tihs msg.. Evrey splleing of tihs msg is wrnog.. Bt sitll yuo can raed it wihtuot ayn mitsake.. GOODNIGHT &amp; HAVE A NICE SLEEP..SWEET DREAMS..,en,uci_sms_spam_collection_v1,ham,NEEDS_REVIEW,,3065806574ac,转发趣味短信关于拼写错误但能读懂，属转发内容
uci_05377,I cant pick the phone right now. Pls send a message,en,uci_sms_spam_collection_v1,ham,NEEDS_REVIEW,,ea4561f1db70,说现在不能接电话请发短信，私人通讯安排
uci_05378,I don't want you to leave. But i'm barely doing what i can to stay sane. fighting with you constantly isn't helping.,en,uci_sms_spam_collection_v1,ham,NEEDS_REVIEW,,54bc396418c2,说不想你走但和你吵架不是办法，私人情感倾诉
uci_05379,The current leading bid is 151. To pause this auction send OUT. Customer Care: 08718726270,en,uci_sms_spam_collection_v1,spam,AD,,20f5535cc14d,推广竞拍服务当前最高出价151，付费拍卖广告
uci_05380,"Free entry to the gr8prizes wkly comp 4 a chance to win the latest Nokia 8800, PSP or ¡ê250 cash every wk.TXT GREAT to 80878 http//www.gr8prizes.com 08715705022",en,uci_sms_spam_collection_v1,spam,AD,,c7d597d4fbad,推广Nokia 8800/PSP/250现金抽奖，付费短信抽奖广告
uci_05381,Somebody set up a website where you can play hold em using eve online spacebucks,en,uci_sms_spam_collection_v1,ham,NEEDS_REVIEW,,72a862b515dc,说有人建了网站可以用EVE在线游戏币玩扑克，私人游戏分享
uci_05382,Its sunny in california. The weather's just cool,en,uci_sms_spam_collection_v1,ham,NEEDS_REVIEW,,5a06ec17a71a,说加州阳光正好天气凉，私人天气聊天
uci_05383,You have 1 new message. Call 0207-083-6089,en,uci_sms_spam_collection_v1,spam,AD,,0ae00c0149f2,诱导拨打高额收费号码（0207-083-6089）查新消息，收费信息服务广告
uci_05384,"I can make it up there, squeezed  &lt;#&gt;  bucks out of my dad",en,uci_sms_spam_collection_v1,ham,NEEDS_REVIEW,,071516357ed7,说从爸爸那挤出X bucks，私人财务聊天
uci_05385,Good day to You too.Pray for me.Remove the teeth as its painful maintaining other stuff.,en,uci_sms_spam_collection_v1,ham,NEEDS_REVIEW,,025b1811120f,祈祷让自己把牙拔了因为太疼，私人健康宗教聊天
uci_05386,How are you babes. Hope your doing ok. I had a shit nights sleep. I fell asleep at 5.I?m knackered and i?m dreading work tonight. What are thou upto tonight. X,en,uci_sms_spam_collection_v1,ham,NEEDS_REVIEW,,de25691d8c84,说昨晚睡得很糟5点才睡着今晚上班害怕，私人健康倾诉
uci_05387,How do friends help us in problems? They give the most stupid suggestion that Lands us into another problem and helps us forgt the previous problem,en,uci_sms_spam_collection_v1,ham,NEEDS_REVIEW,,ba535c118b48,转发关于朋友给愚蠢建议的哲理短信，属转发内容
uci_05388,I'm at work. Please call,en,uci_sms_spam_collection_v1,ham,NEEDS_REVIEW,,a81ed1591415,说在工作请打电话，私人通讯安排
uci_05389,I will be gentle baby! Soon you will be taking all  &lt;#&gt;  inches deep inside your tight pussy...,en,uci_sms_spam_collection_v1,ham,HARASS,,372f933f959b,发送露骨色情内容taking all inches deep inside your tight pussy，属色情骚扰短信
uci_05390,NOT MUCH NO FIGHTS. IT WAS A GOOD NITE!!,en,uci_sms_spam_collection_v1,ham,NEEDS_REVIEW,,03437471ebb4,说没有打架昨晚很好，私人状态通知
uci_05391,Ok.ok ok..then..whats ur todays plan,en,uci_sms_spam_collection_v1,ham,NEEDS_REVIEW,,69dd5c723641,问今天计划是什么，私人日常询问
uci_05392,Nt joking seriously i told,en,uci_sms_spam_collection_v1,ham,NEEDS_REVIEW,,07137449233a,说不笑是认真的说了，私人简短回复
uci_05393,Watching ajith film ah?,en,uci_sms_spam_collection_v1,ham,NEEDS_REVIEW,,a6ec519a6c7c,问在看Ajith电影吗，私人影视询问
uci_05394,Ooooooh I forgot to tell u I can get on yoville on my phone,en,uci_sms_spam_collection_v1,ham,NEEDS_REVIEW,,c322183deca5,说忘了告诉你能上yoville，私人游戏分享通知
uci_05395,"All done, all handed in. Don't know if mega shop in asda counts as celebration but thats what i'm doing!",en,uci_sms_spam_collection_v1,ham,NEEDS_REVIEW,,1f318e07d353,说都完成了交了正在阿斯达购物庆祝，私人学业庆祝聊天
uci_05396,I dont know exactly could you ask chechi.,en,uci_sms_spam_collection_v1,ham,NEEDS_REVIEW,,381a0b009f35,说不知道确切你可以问Chechi，私人简短回复
uci_05397,Dunno lei shd b driving lor cos i go sch 1 hr oni.,en,uci_sms_spam_collection_v1,ham,NEEDS_REVIEW,,748204c27e3b,Singlish说应该开车因为上学只有一小时，私人出行安排
uci_05398,As in i want custom officer discount oh.,en,uci_sms_spam_collection_v1,ham,NEEDS_REVIEW,,69f9400fdda6,说想拿公务员折扣哦，私人优惠咨询
uci_05399,That's necessarily respectful,en,uci_sms_spam_collection_v1,ham,NEEDS_REVIEW,,23e1eb81ac7d,说那不必要地有礼貌，私人调侃回复
uci_05400,Hi. Hope you had a good day. Have a better night.,en,uci_sms_spam_collection_v1,ham,NEEDS_REVIEW,,d666af91ab23,私人问候闲聊，无法归入业务类别
uci_05401,And he's apparently bffs with carly quick now,en,uci_sms_spam_collection_v1,ham,NEEDS_REVIEW,,cb63ece8460e,私人聊天提及朋友关系，无业务性质
uci_05402,HARD BUT TRUE: How much you show &amp;  express your love to someone....that much it will hurt when they leave you or you get seperated...!â©â??©Gud evening...,en,uci_sms_spam_collection_v1,ham,NEEDS_REVIEW,,ffe10d2bf0dd,转发的情感/人生感悟类内容，无法归入业务类别
uci_05403,Babes I think I got ur brolly I left it in English wil bring it in 2mrw 4 u luv Franxx,en,uci_sms_spam_collection_v1,ham,NEEDS_REVIEW,,bed4a5f249fb,私人借还物品对话，属于个人闲聊
uci_05404,Hi babe its me thanks for coming even though it didnt go that well!i just wanted my bed! Hope to see you soon love and kisses xxx,en,uci_sms_spam_collection_v1,ham,NEEDS_REVIEW,qa_fix_v1,418f943b2989,[fix:adult-or-secret-admirer NEEDS_REVIEW->HARASS] 恋人/亲密朋友之间的个人聊天 [fix:revert-ham-kisses-xxx HARASS->NEEDS_REVIEW]
uci_05405,So gd got free ice cream... I oso wan...,en,uci_sms_spam_collection_v1,ham,NEEDS_REVIEW,,65887e6b772c,个人闲聊提及冰淇淋，非业务性质
uci_05406,Pls give her prometazine syrup. 5mls then  &lt;#&gt; mins later feed.,en,uci_sms_spam_collection_v1,ham,NEEDS_REVIEW,,a2ad7094e686,个人间医疗建议对话，属于私人通讯
uci_05407,So how many days since then?,en,uci_sms_spam_collection_v1,ham,NEEDS_REVIEW,,f3293544899f,私人聊天中询问时间，非业务通讯
uci_05408,Dear are you angry i was busy dear,en,uci_sms_spam_collection_v1,ham,NEEDS_REVIEW,,1df216280a63,恋人/朋友之间解释和日常的私人对话
uci_05409,Yup he msg me: is tat yijue? Then i tot it's my group mate cos we meeting today mah... I'm askin if ¨¹ leaving earlier or wat mah cos mayb ¨¹ haf to walk v far...,en,uci_sms_spam_collection_v1,ham,NEEDS_REVIEW,,1dd58657570d,朋友间见面安排的私人短信
uci_05410,... Are you in the pub?,en,uci_sms_spam_collection_v1,ham,NEEDS_REVIEW,,49e92b332ddd,私人见面询问，纯粹的社交对话
uci_05411,There is a first time for everything :),en,uci_sms_spam_collection_v1,ham,NEEDS_REVIEW,,0f343a0de527,个人感悟类短信，无法归入业务类别
uci_05412,"Daddy, shu shu is looking 4 u... U wan me 2 tell him u're not in singapore or wat?",en,uci_sms_spam_collection_v1,ham,NEEDS_REVIEW,,d4f3dfbf1873,家庭私人对话，询问行踪
uci_05413,I ask if u meeting da ge tmr nite...,en,uci_sms_spam_collection_v1,ham,NEEDS_REVIEW,,c484afad93f8,私人聚餐邀约短信
uci_05414,Gr8. So how do you handle the victoria island traffic. Plus when's the album due,en,uci_sms_spam_collection_v1,ham,NEEDS_REVIEW,,0c050045557f,朋友间的私人闲聊
uci_05415,Nite nite pocay wocay luv u more than n e thing 4eva I promise ring u 2morrowxxxx,en,uci_sms_spam_collection_v1,ham,NEEDS_REVIEW,,74fa142c9b50,恋人晚安问候，属于私人通讯
uci_05416,East coast,en,uci_sms_spam_collection_v1,ham,NEEDS_REVIEW,,5ff45e77808d,极简回复，属于私人对话一部分
uci_05417,You should get more chicken broth if you want ramen unless there's some I don't know about,en,uci_sms_spam_collection_v1,ham,NEEDS_REVIEW,,37cb10e066b7,私人闲聊关于食物，非业务通讯
uci_05418,My slave! I want you to take 2 or 3 pictures of yourself today in bright light on your cell phone! Bright light!,en,uci_sms_spam_collection_v1,ham,NEEDS_REVIEW,,729332cfeece,恋人/亲密朋友间的调侃信息
uci_05419,Nope. I just forgot. Will show next week,en,uci_sms_spam_collection_v1,ham,NEEDS_REVIEW,,f5371303059f,私人确认信息的回复
uci_05420,So how are you really. What are you up to. How's the masters. And so on.,en,uci_sms_spam_collection_v1,ham,NEEDS_REVIEW,,1272674bfbd1,问候朋友近况的私人短信
uci_05421,I'm at bruce &amp; fowler now but I'm in my mom's car so I can't park (long story),en,uci_sms_spam_collection_v1,ham,NEEDS_REVIEW,,3328c808434f,私人位置描述和日常聊天
uci_05422,I dont know oh. Hopefully this month.,en,uci_sms_spam_collection_v1,ham,NEEDS_REVIEW,,ece051ad3b7a,模糊的个人对话回复
uci_05423,"Hi elaine, is today's meeting confirmed?",en,uci_sms_spam_collection_v1,ham,NEEDS_REVIEW,,119448455fb1,询问工作安排的私人短信
uci_05424,Ok k..sry i knw 2 siva..tats y i askd..,en,uci_sms_spam_collection_v1,ham,NEEDS_REVIEW,,fa457faca6c8,简短的私人回复
uci_05425,"Sorry, I'll call later",en,uci_sms_spam_collection_v1,ham,NEEDS_REVIEW,,d5081f7715ce,极简私人短信回复
uci_05426,U horrible gal... U knew dat i was going out wif him yest n u still come n ask me...,en,uci_sms_spam_collection_v1,ham,NEEDS_REVIEW,,865895403a60,表达不满情绪的私人对话
uci_05427,Otherwise had part time job na-tuition..,en,uci_sms_spam_collection_v1,ham,NEEDS_REVIEW,,e9d9203cb976,简短个人提及兼职
uci_05428,Oh yeah! And my diet just flew out the window,en,uci_sms_spam_collection_v1,ham,NEEDS_REVIEW,,37a222ec457f,个人闲聊关于减肥
uci_05429,Santa Calling! Would your little ones like a call from Santa Xmas eve? Call 09058094583 to book your time.,en,uci_sms_spam_collection_v1,spam,AD,,1dce108f048a,商业促销：圣诞节Santa来电服务，属于付费娱乐服务的营销推广
uci_05430,You didnt complete your gist oh.,en,uci_sms_spam_collection_v1,ham,NEEDS_REVIEW,,02a71c9ee01e,私人对话，不符合业务通讯
uci_05431,"Er yeah, i will b there at 15:26, sorry! Just tell me which pub/cafe to sit in and come wen u can",en,uci_sms_spam_collection_v1,ham,NEEDS_REVIEW,,8d69b24f9d09,约见朋友时间地点的私人短信
uci_05432,"If you can make it any time tonight or whenever you can it's cool, just text me whenever you're around",en,uci_sms_spam_collection_v1,ham,NEEDS_REVIEW,,d212cb2ee913,社交邀约，私人朋友间的对话
uci_05433,If I was I wasn't paying attention,en,uci_sms_spam_collection_v1,ham,NEEDS_REVIEW,,8264335bb152,私人玩笑回复
uci_05434,Thanx a lot 4 ur help!,en,uci_sms_spam_collection_v1,ham,NEEDS_REVIEW,,61e1aaf93736,私人感谢短信
uci_05435,You're gonna have to be way more specific than that,en,uci_sms_spam_collection_v1,ham,NEEDS_REVIEW,,1ab748266b73,私人对话中要求对方澄清
uci_05436,Jesus armand really is trying to tell everybody he can find,en,uci_sms_spam_collection_v1,ham,NEEDS_REVIEW,,ed3226575064,传播他人轶事的私人闲聊
uci_05437,I'm wif him now buying tix lar...,en,uci_sms_spam_collection_v1,ham,NEEDS_REVIEW,,e083a55acb71,私人日常行程告知
uci_05438,Mode men or have you left.,en,uci_sms_spam_collection_v1,ham,NEEDS_REVIEW,,07a1eb8ff16c,极简私人询问回复
uci_05439,Am slow in using biola's fne,en,uci_sms_spam_collection_v1,ham,NEEDS_REVIEW,,0a20fb5c1fc6,私人漫谈回复
uci_05440,"""What are youdoing later? Sar xxx""",en,uci_sms_spam_collection_v1,ham,NEEDS_REVIEW,qa_fix_v1,04e58e20b09f,[fix:adult-or-secret-admirer NEEDS_REVIEW->HARASS] 私人交往中询问约会打算 [fix:revert-ham-kisses-xxx HARASS->NEEDS_REVIEW]
uci_05441,Hey i've booked the 2 lessons on sun liao...,en,uci_sms_spam_collection_v1,ham,NEEDS_REVIEW,,54c05c4c50ff,个人安排课程通知（非机构对外通知）
uci_05442,Thank you. do you generally date the brothas?,en,uci_sms_spam_collection_v1,ham,NEEDS_REVIEW,,e3e7fcfcbada,私人社交问题闲聊
uci_05443,"By the way, make sure u get train to worc foregate street not shrub hill. Have fun night x",en,uci_sms_spam_collection_v1,ham,NEEDS_REVIEW,,b104d65cc666,朋友间交通指引和个人聚会
uci_05444,"I thought i'd get him a watch, just cos thats the kind of thing u get4an18th. And he loves so much!",en,uci_sms_spam_collection_v1,ham,NEEDS_REVIEW,,1528a7abca46,私人礼物挑选讨论
uci_05445,You have won a guaranteed 32000 award or maybe even ¡ê1000 cash to claim ur award call free on 0800 ..... (18+). Its a legitimat efreefone number wat do u think???,en,uci_sms_spam_collection_v1,spam,FRAUD,,bdcc5b62882a,虚假中奖诈骗：声称获得32000奖金或1000英镑现金，通过免费电话行骗
uci_05446,Good morning. At the repair shop--the ONLY reason i'm up at this hour.,en,uci_sms_spam_collection_v1,ham,NEEDS_REVIEW,,f7aaa2508aaf,个人早起描述闲聊
uci_05447,"And that's fine, I got enough bud to last most of the night at least",en,uci_sms_spam_collection_v1,ham,NEEDS_REVIEW,,3960da14e8bd,私人闲聊提及大麻
uci_05448,I am back. Good journey! Let me know if you need any of the receipts. Shall i tell you like the pendent?,en,uci_sms_spam_collection_v1,ham,NEEDS_REVIEW,,1b1f631f7dc5,个人旅行归来聊天
uci_05449,So that takes away some money worries,en,uci_sms_spam_collection_v1,ham,NEEDS_REVIEW,,8d4cf2bab8c8,简短私人提及经济状况
uci_05450,"aight we can pick some up, you open before tonight?",en,uci_sms_spam_collection_v1,ham,NEEDS_REVIEW,,79ea6a4e6cb0,朋友会面安排的私人短信
uci_05451,"Latest News! Police station toilet stolen, cops have nothing to go on!",en,uci_sms_spam_collection_v1,spam,NEEDS_REVIEW,,3b0cbea3ba39,转发幽默新闻（警察厕所失窃），属于转发内容
uci_05452,Sac needs to carry on:),en,uci_sms_spam_collection_v1,ham,NEEDS_REVIEW,,266b981bca7c,简短私人回复
uci_05453,Just sing HU. I think its also important to find someone female that know the place well preferably a citizen that is also smart to help you navigate through. Even things like choosing a phone plan require guidance. When in doubt ask especially girls.,en,uci_sms_spam_collection_v1,ham,NEEDS_REVIEW,,d76085dfa7df,个人经验分享和建议，属于个人信息
uci_05454,What???? Hello wats talks email address?,en,uci_sms_spam_collection_v1,ham,NEEDS_REVIEW,,3ac0c648d436,简短私人询问邮箱
uci_05455,Except theres a chick with huge boobs.,en,uci_sms_spam_collection_v1,ham,NEEDS_REVIEW,,50c99a965535,私人评论回复
uci_05456,Im just wondering what your doing right now?,en,uci_sms_spam_collection_v1,ham,NEEDS_REVIEW,,55db0c5ddeac,私人询问对方在做什么
uci_05457,Wishing you a beautiful day. Each moment revealing even more things to keep you smiling. Do enjoy it.,en,uci_sms_spam_collection_v1,ham,NEEDS_REVIEW,,572d314a3483,个人祝福短信
uci_05458,"""For the most sparkling shopping breaks from 45 per person; call 0121 2025050 or visit www.shortbreaks.org.uk""",en,uci_sms_spam_collection_v1,spam,AD,,2425cae8a510,旅行产品广告：促销特价旅游产品，含预订电话和网址
uci_05459,Arun can u transfr me d amt,en,uci_sms_spam_collection_v1,ham,NEEDS_REVIEW,,741c57f51e81,私人之间请求转账，非业务通知
uci_05460,"Sorry, I'll call later",en,uci_sms_spam_collection_v1,ham,NEEDS_REVIEW,,d5081f7715ce,极简私人短信回复
uci_05461,If you hear a loud scream in about &lt;#&gt; minutes its cause my Gyno will be shoving things up me that don't belong :/,en,uci_sms_spam_collection_v1,ham,NEEDS_REVIEW,,ab58925f4907,私人玩笑提及就医
uci_05462,December only! Had your mobile 11mths+? You are entitled to update to the latest colour camera mobile for Free! Call The Mobile Update Co FREE on 08002986906,en,uci_sms_spam_collection_v1,spam,AD,,9a321c2fcc76,手机升级促销：以免费手机吸引用户拨打付费热线，属于商业广告
uci_05463,Ok i thk i got it. Then u wan me 2 come now or wat?,en,uci_sms_spam_collection_v1,ham,NEEDS_REVIEW,,141ab4256161,简短私人回复
uci_05464,Txt: CALL to No: 86888 & claim your reward of 3 hours talk time to use from your phone now! Subscribe6GBP/mnth inc 3hrs 16 stop?txtStop www.gamb.tv,en,uci_sms_spam_collection_v1,spam,AD,,bf05a5967d1b,通话时长奖励促销：吸引用户订阅付费服务，属于商业营销广告
uci_05465,U GOIN OUT 2NITE?,en,uci_sms_spam_collection_v1,ham,NEEDS_REVIEW,,fb2edf6aa36d,私人邀约询问
uci_05466,I will treasure every moment we spend together...,en,uci_sms_spam_collection_v1,ham,NEEDS_REVIEW,,5effbe0c34b6,恋人私人留言
uci_05467,Shall I bring us a bottle of wine to keep us amused? Only joking! I¡®ll bring one anyway,en,uci_sms_spam_collection_v1,ham,NEEDS_REVIEW,,8d022870c142,私人玩笑约酒
uci_05468,http//tms. widelive.com/index. wml?id=820554ad0a1705572711&first=true?C C Ringtone?,en,uci_sms_spam_collection_v1,spam,AD,,355f789ee495,铃声订阅服务：提供手机铃声下载链接，属于商业订阅营销
uci_05469,Get your garden ready for summer with a FREE selection of summer bulbs and seeds worth ¡ê33:50 only with The Scotsman this Saturday. To stop go2 notxt.co.uk,en,uci_sms_spam_collection_v1,spam,AD,,a94eaf33b10f,园艺产品促销：吸引用户购买种子和灯泡，含退订方式
uci_05470,"URGENT! Last weekend's draw shows that you have won ¡ê1000 cash or a Spanish holiday! CALL NOW 09050000332 to claim. T&C: RSTM, SW7 3SS. 150ppm",en,uci_sms_spam_collection_v1,spam,FRAUD,,3df1fbcd4b6b,虚假中奖诈骗：声称赢得1000英镑现金或西班牙假期，要求拨打付费电话领奖
uci_05471,Ok lor.,en,uci_sms_spam_collection_v1,ham,NEEDS_REVIEW,,0df9b6706102,极简私人回复
uci_05472,I thought slide is enough.,en,uci_sms_spam_collection_v1,ham,NEEDS_REVIEW,,8e14a0bf3ea2,简短私人回复
uci_05473,Yup,en,uci_sms_spam_collection_v1,ham,NEEDS_REVIEW,,4defd3fdb651,极简确认回复
uci_05474,Well obviously not because all the people in my cool college life went home ;_;,en,uci_sms_spam_collection_v1,ham,NEEDS_REVIEW,,9d424f7eb4b9,私人吐槽校园生活
uci_05475,Ok lor ¨¹ reaching then message me.,en,uci_sms_spam_collection_v1,ham,NEEDS_REVIEW,,4e561ac0ac03,简短私人见面安排
uci_05476,Where's mummy's boy ? Is he being good or bad ? Is he being positive or negative ? Why is mummy being made to wait? Hmmmm?,en,uci_sms_spam_collection_v1,ham,NEEDS_REVIEW,,da1a8c6103f8,私人和家人玩笑
uci_05477,Dhoni have luck to win some big title.so we will win:),en,uci_sms_spam_collection_v1,ham,NEEDS_REVIEW,,0698f33b5ce0,私人板球讨论
uci_05478,Yes princess! I want to please you every night. Your wish is my command...,en,uci_sms_spam_collection_v1,ham,NEEDS_REVIEW,,f098d821e461,恋人调情私人短信
uci_05479,What Today-sunday..sunday is holiday..so no work..,en,uci_sms_spam_collection_v1,ham,NEEDS_REVIEW,,3d953d6687d9,闲聊提及假期安排
uci_05480,No probably  &lt;#&gt; %.,en,uci_sms_spam_collection_v1,ham,NEEDS_REVIEW,,cd4ac4119c47,简短百分比回复，属于私人对话
uci_05481,Really do hope the work doesnt get stressful. Have a gr8 day.,en,uci_sms_spam_collection_v1,ham,NEEDS_REVIEW,,edcce5efff0d,私人祝福语
uci_05482,Have you seen who's back at Holby?!,en,uci_sms_spam_collection_v1,ham,NEEDS_REVIEW,,4ff755331f40,私人对话提及电视剧
uci_05483,Shall call now dear having food,en,uci_sms_spam_collection_v1,ham,NEEDS_REVIEW,,a7e658f1eb16,私人简短回复正在吃饭
uci_05484,URGENT We are trying to contact you Last weekends draw shows u have won a ¡ê1000 prize GUARANTEED Call 09064017295 Claim code K52 Valid 12hrs 150p pm,en,uci_sms_spam_collection_v1,spam,FRAUD,,b7acb67e30ce,虚假中奖诈骗：承诺1000英镑奖金，要求拨打付费号码并输入领奖码
uci_05485,So li hai... Me bored now da lecturer repeating last weeks stuff waste time...,en,uci_sms_spam_collection_v1,ham,NEEDS_REVIEW,,af74fda5be53,私人抱怨课堂无聊
uci_05486,", ,  and  picking them up from various points | going 2 yeovil | and they will do the motor project 4 3 hours | and then u take them home. || 12 2 5.30 max. || Very easy",en,uci_sms_spam_collection_v1,ham,NEEDS_REVIEW,,6858db8fc3bf,私人行程接送安排
uci_05487,Also fuck you and your family for going to rhode island or wherever the fuck and leaving me all alone the week I have a new bong &gt;:(,en,uci_sms_spam_collection_v1,ham,NEEDS_REVIEW,,1e5654512af2,私人表达不满
uci_05488,Ofcourse I also upload some songs,en,uci_sms_spam_collection_v1,ham,NEEDS_REVIEW,,492181e5e227,私人简短回复
uci_05489,2p per min to call Germany 08448350055 from your BT line. Just 2p per min. Check PlanetTalkInstant.com for info & T's & C's. Text stop to opt out,en,uci_sms_spam_collection_v1,spam,AD,,76088c068da2,国际通话资费促销：推广拨打德国的低费率通话服务
uci_05490,K. I will sent it again,en,uci_sms_spam_collection_v1,ham,NEEDS_REVIEW,,4b725132c83d,简短私人重新发送确认
uci_05491,Oh thanks a lot..i already bought 2 eggs ..,en,uci_sms_spam_collection_v1,ham,NEEDS_REVIEW,,29b4f9942668,私人购物闲聊
uci_05492,K. I will sent it again,en,uci_sms_spam_collection_v1,ham,NEEDS_REVIEW,,4b725132c83d,简短私人重新发送确认
uci_05493,U studying in sch or going home? Anyway i'll b going 2 sch later.,en,uci_sms_spam_collection_v1,ham,NEEDS_REVIEW,,83697f684121,私人间询问行程
uci_05494,Marvel Mobile Play the official Ultimate Spider-man game (¡ê4.50) on ur mobile right now. Text SPIDER to 83338 for the game & we ll send u a FREE 8Ball wallpaper,en,uci_sms_spam_collection_v1,spam,AD,,fbb11d7615cf,手机游戏下载促销：含免费赠品，属于付费娱乐产品营销
uci_05495,I think if he rule tamilnadu..then its very tough for our people.,en,uci_sms_spam_collection_v1,ham,NEEDS_REVIEW,,3d5d6ce83eff,私人政治讨论
uci_05496,"Cool, we shall go and see, have to go to tip anyway. Are you at home, got something to drop in later? So lets go to town tonight! Maybe mum can take us in.",en,uci_sms_spam_collection_v1,ham,NEEDS_REVIEW,,81d0ba045ae6,朋友晚间出行安排的私人短信
uci_05497,"Good afternoon, my love ... How goes your day ? How did you sleep ? I hope your well, my boytoy ... I think of you ...",en,uci_sms_spam_collection_v1,ham,NEEDS_REVIEW,,8c30793990f0,恋人问候晚安短信
uci_05498,Yes... I trust u to buy new stuff ASAP so I can try it out,en,uci_sms_spam_collection_v1,ham,NEEDS_REVIEW,,d2489b8c4fd6,私人委托购物闲聊
uci_05499,"SMS SERVICES. for your inclusive text credits, pls goto www.comuk.net login= 3qxj9 unsubscribe with STOP, no extra charge. help 08702840625.COMUK. 220-CM2 9AE",en,uci_sms_spam_collection_v1,spam,AD,,25189d45c05a,短信订阅服务广告：推广短信积分服务，含退订方式和计费说明
uci_05500,Why did I wake up on my own &gt;:(,en,uci_sms_spam_collection_v1,ham,NEEDS_REVIEW,,e5b3838c1d20,私人简短抱怨
uci_05501,Now get step 2 outta the way. Congrats again.,en,uci_sms_spam_collection_v1,ham,NEEDS_REVIEW,,578c9b131dee,私人简短鼓励对话
uci_05502,Love has one law; Make happy the person you love. In the same way friendship has one law; Never make ur friend feel alone until you are alive.... Gud night,en,uci_sms_spam_collection_v1,ham,NEEDS_REVIEW,,d2e8e782b407,转发爱情/友谊感悟类内容
uci_05503,PRIVATE! Your 2003 Account Statement for 07808247860 shows 800 un-redeemed S. I. M. points. Call 08719899229 Identifier Code: 40411 Expires 06/11/04,en,uci_sms_spam_collection_v1,spam,FRAUD,,fabe2760eace,冒充账户积分兑换诈骗：虚假声称账户有800未兑换积分，要求拨打付费电话
uci_05504,Apo all other are mokka players only,en,uci_sms_spam_collection_v1,ham,NEEDS_REVIEW,,d79022a6c942,简短私人板球评论
uci_05505,"Perhaps * is much easy give your account identification, so i will tomorrow at UNI",en,uci_sms_spam_collection_v1,ham,NEEDS_REVIEW,,c3d7ed250c5b,私人简短提及安排
uci_05506,Wait . I will msg after  &lt;#&gt;  min.,en,uci_sms_spam_collection_v1,ham,NEEDS_REVIEW,,dfdbde761169,简短私人稍后联系信息
uci_05507,What i told before i tell. Stupid hear after i wont tell anything to you. You dad called to my brother and spoken. Not with me.,en,uci_sms_spam_collection_v1,ham,NEEDS_REVIEW,,45a8b51b6aae,私人家庭对话
uci_05508,God's love has no limit. God's grace has no measure. God's power has no boundaries. May u have God's endless blessings always in ur life...!! Gud ni8,en,uci_sms_spam_collection_v1,ham,NEEDS_REVIEW,,101dc1c33a18,转发宗教祝福内容
uci_05509,I want to be inside you every night...,en,uci_sms_spam_collection_v1,ham,NEEDS_REVIEW,,0636f113cd53,恋人调情私人短信
uci_05510,"Machan you go to gym tomorrow,  i wil come late goodnight.",en,uci_sms_spam_collection_v1,ham,NEEDS_REVIEW,,7270d3a90219,私人健身和晚安安排
uci_05511,Lol they were mad at first but then they woke up and gave in.,en,uci_sms_spam_collection_v1,ham,NEEDS_REVIEW,,de71a13fe00b,私人简短轶事分享
uci_05512,I went to project centre,en,uci_sms_spam_collection_v1,ham,NEEDS_REVIEW,,f7123c028f00,简短私人行程描述
uci_05513,"It¡®s reassuring, in this crazy world.",en,uci_sms_spam_collection_v1,ham,NEEDS_REVIEW,,4d09df7646fb,私人简短安慰回复
uci_05514,"Just making dinner, you ?",en,uci_sms_spam_collection_v1,ham,NEEDS_REVIEW,,d621cb8632dd,私人问候做饭
uci_05515,Yes. Please leave at  &lt;#&gt; . So that at  &lt;#&gt;  we can leave,en,uci_sms_spam_collection_v1,ham,NEEDS_REVIEW,,e13290bf763e,私人行程时间约定
uci_05516,Oh... Okie lor...We go on sat...,en,uci_sms_spam_collection_v1,ham,NEEDS_REVIEW,,0fff3c9316db,简短私人回复周末安排
uci_05517,You are a great role model. You are giving so much and i really wish each day for a miracle but God as a reason for everything and i must say i wish i knew why but i dont. I've looked up to you since i was young and i still do. Have a great day.,en,uci_sms_spam_collection_v1,ham,NEEDS_REVIEW,,9b7dc0599e28,私人长文表达感谢
uci_05518,"Ya, i'm referin to mei's ex wat... No ah, waitin 4 u to treat, somebody shld b rich liao...So gd, den u dun have to work frm tmr onwards...",en,uci_sms_spam_collection_v1,ham,NEEDS_REVIEW,,b60679552d06,私人社交聚餐安排
uci_05519,Miles and smiles r made frm same letters but do u know d difference..? smile on ur face keeps me happy even though I am miles away from u.. :-)keep smiling.. Good nyt,en,uci_sms_spam_collection_v1,ham,NEEDS_REVIEW,,e2bc463c095b,转发情感短信（字母笑话，思念类）
uci_05520,"By the way, i've put a skip right outside the front of the house so you can see which house it is. Just pull up before it.",en,uci_sms_spam_collection_v1,ham,NEEDS_REVIEW,,18cd9a6d93bd,私人指引停车位置
uci_05521,Can you pls send me that company name. In saibaba colany,en,uci_sms_spam_collection_v1,ham,NEEDS_REVIEW,,9f98caeac3d3,私人简短询问公司名
uci_05522,No. I dont want to hear anything,en,uci_sms_spam_collection_v1,ham,NEEDS_REVIEW,,4025f428be82,简短私人拒绝回复
uci_05523,You are a big chic. Common. Declare,en,uci_sms_spam_collection_v1,ham,NEEDS_REVIEW,,d84116e151d8,简短私人要求表白
uci_05524,Thats cool. I want to please you...,en,uci_sms_spam_collection_v1,ham,NEEDS_REVIEW,,b5f2ddc29e5d,恋人调情私人短信
uci_05525,Going to join tomorrow.,en,uci_sms_spam_collection_v1,ham,NEEDS_REVIEW,,e018e6e6028d,简短私人回复加入安排
uci_05526,You are awarded a SiPix Digital Camera! call 09061221061 from landline. Delivery within 28days. T Cs Box177. M221BP. 2yr warranty. 150ppm. 16 . p p¡ê3.99,en,uci_sms_spam_collection_v1,spam,FRAUD,,ce76a4fbddf9,虚假中奖诈骗：声称赢得数码相机，要求拨打付费电话领奖
uci_05527,I want to tell you how bad I feel that basically the only times I text you lately are when I need drugs,en,uci_sms_spam_collection_v1,ham,NEEDS_REVIEW,,d94ca5934a83,私人坦诚对话关于毒品
uci_05528,PRIVATE! Your 2003 Account Statement for shows 800 un-redeemed S.I.M. points. Call 08718738001 Identifier Code: 49557 Expires 26/11/04,en,uci_sms_spam_collection_v1,spam,FRAUD,,ce0313c5341e,冒充账户积分兑换诈骗：虚假声称账户有800未兑换SIM积分，要求拨打付费电话
uci_05529,"Total disappointment, when I texted you was the craziest shit got :(",en,uci_sms_spam_collection_v1,ham,NEEDS_REVIEW,,453d8a883723,私人关系抱怨闲聊
uci_05530,Its just the effect of irritation. Just ignore it,en,uci_sms_spam_collection_v1,ham,NEEDS_REVIEW,,da0e3a90ac1d,私人简短安慰回复
uci_05531,What about this one then.,en,uci_sms_spam_collection_v1,ham,NEEDS_REVIEW,,6d93a8cc9880,简短私人询问
uci_05532,I think that tantrum's finished so yeah I'll be by at some point,en,uci_sms_spam_collection_v1,ham,NEEDS_REVIEW,,53bff56bf6ca,私人简短行为解释
uci_05533,Compliments to you. Was away from the system. How your side.,en,uci_sms_spam_collection_v1,ham,NEEDS_REVIEW,,e72ffeeb453c,私人简短问好
uci_05534,happened here while you were adventuring,en,uci_sms_spam_collection_v1,ham,NEEDS_REVIEW,,cc956cefd6e1,简短私人行程提及
uci_05535,"Hey chief, can you give me a bell when you get this. Need to talk to you about this royal visit on the 1st june.",en,uci_sms_spam_collection_v1,ham,NEEDS_REVIEW,,24c7957690a7,私人工作相关联络（非机构对外业务通知）
uci_05536,Ok which your another number,en,uci_sms_spam_collection_v1,ham,NEEDS_REVIEW,,4e7ca0a14fe0,简短私人询问号码
uci_05537,"I know you are thinkin malaria. But relax, children cant handle malaria. She would have been worse and its gastroenteritis. If she takes enough to replace her loss her temp will reduce. And if you give her malaria meds now she will just vomit. Its a self limiting illness she has which means in a few days it will completely stop",en,uci_sms_spam_collection_v1,ham,NEEDS_REVIEW,,f96f14f5a7ec,私人间医疗建议详细讨论
uci_05538,Aiyah ok wat as long as got improve can already wat...,en,uci_sms_spam_collection_v1,ham,NEEDS_REVIEW,,98e362fd099f,简短私人进步确认
uci_05539,Want explicit SEX in 30 secs? Ring 02073162414 now! Costs 20p/min Gsex POBOX 2667 WC1N 3XX,en,uci_sms_spam_collection_v1,spam,HARASS,,717a25febba6,成人色情骚扰：推广付费性服务电话，含明确性行为描述，属于成人骚扰类短信
uci_05540,I can't believe how attached I am to seeing you every day. I know you will do the best you can to get to me babe. I will go to teach my class at your midnight,en,uci_sms_spam_collection_v1,ham,NEEDS_REVIEW,,35fc48edd752,恋人倾诉想念的私人短信
uci_05541,Just sleeping..and surfing,en,uci_sms_spam_collection_v1,ham,NEEDS_REVIEW,,0d3c95a0235a,简短私人日常状态
uci_05542,ASKED 3MOBILE IF 0870 CHATLINES INCLU IN FREE MINS. INDIA CUST SERVs SED YES. L8ER GOT MEGA BILL. 3 DONT GIV A SHIT. BAILIFF DUE IN DAYS. I O ¡ê250 3 WANT ¡ê800,en,uci_sms_spam_collection_v1,spam,NEEDS_REVIEW,,bc5ddfcb5f58,个人投诉0870高费率收费经历，属于私人经历描述
uci_05543,Yeah it's jus rite...,en,uci_sms_spam_collection_v1,ham,NEEDS_REVIEW,,1ca4031b6d04,简短私人确认回复
uci_05544,Armand says get your ass over to epsilon,en,uci_sms_spam_collection_v1,ham,NEEDS_REVIEW,,e27d225c092e,简短私人调侃
uci_05545,U still havent got urself a jacket ah?,en,uci_sms_spam_collection_v1,ham,NEEDS_REVIEW,,dab71f571b40,简短私人衣物询问
uci_05546,"I'm taking derek &amp; taylor to walmart, if I'm not back by the time you're done just leave the mouse on my desk and I'll text you when priscilla's ready",en,uci_sms_spam_collection_v1,ham,NEEDS_REVIEW,,60f225425072,私人行程和购物安排
uci_05547,Hi its in durban are you still on this number,en,uci_sms_spam_collection_v1,ham,NEEDS_REVIEW,,9ff2944dceea,私人问候和是否在原地
uci_05548,Ic. There are a lotta childporn cars then.,en,uci_sms_spam_collection_v1,ham,NEEDS_REVIEW,,68bcf17c2611,怪异私人评论，含义不明
uci_05549,"Had your contract mobile 11 Mnths? Latest Motorola, Nokia etc. all FREE! Double Mins & Text on Orange tariffs. TEXT YES for callback, no to remove from records.",en,uci_sms_spam_collection_v1,spam,AD,,f32318632611,运营商套餐促销：以免费手机和通话时长吸引用户签约或回复，属于商业营销广告
uci_05550,"No, I was trying it all weekend ;V",en,uci_sms_spam_collection_v1,ham,NEEDS_REVIEW,,7b433ccecc96,简短私人周末活动提及
uci_05551,"You know, wot people wear. T shirts, jumpers, hat, belt, is all we know. We r at Cribbs",en,uci_sms_spam_collection_v1,ham,NEEDS_REVIEW,,646bda8d3983,私人闲聊穿着
uci_05552,"Cool, what time you think you can get here?",en,uci_sms_spam_collection_v1,ham,NEEDS_REVIEW,,735c0ef56c33,简短私人约会时间询问
uci_05553,Wen did you get so spiritual and deep. That's great,en,uci_sms_spam_collection_v1,ham,NEEDS_REVIEW,,f5660e677351,私人简短评价
uci_05554,Have a safe trip to Nigeria. Wish you happiness and very soon company to share moments with,en,uci_sms_spam_collection_v1,ham,NEEDS_REVIEW,,4ad8bd0c16d7,私人旅行祝福
uci_05555,Hahaha..use your brain dear,en,uci_sms_spam_collection_v1,ham,NEEDS_REVIEW,,62f2628d2270,简短私人玩笑
uci_05556,Well keep in mind I've only got enough gas for one more round trip barring a sudden influx of cash,en,uci_sms_spam_collection_v1,ham,NEEDS_REVIEW,,557dac8821a3,私人提及汽油预算
uci_05557,Yeh. Indians was nice. Tho it did kane me off a bit he he. We shud go out 4 a drink sometime soon. Mite hav 2 go 2 da works 4 a laugh soon. Love Pete x x,en,uci_sms_spam_collection_v1,ham,NEEDS_REVIEW,,586d4b694efb,私人社交约会安排
uci_05558,Yes i have. So that's why u texted. Pshew...missing you so much,en,uci_sms_spam_collection_v1,ham,NEEDS_REVIEW,,2b82719c6a93,私人简短回复思念
uci_05559,No. I meant the calculation is the same. That  &lt;#&gt; units at  &lt;#&gt; . This school is really expensive. Have you started practicing your accent. Because its important. And have you decided if you are doing 4years of dental school or if you'll just do the nmde exam.,en,uci_sms_spam_collection_v1,ham,NEEDS_REVIEW,,8cc0f6b87a4c,私人学业讨论
uci_05560,"Sorry, I'll call later",en,uci_sms_spam_collection_v1,ham,NEEDS_REVIEW,,d5081f7715ce,极简私人短信回复
uci_05561,if you aren't here in the next  &lt;#&gt;  hours imma flip my shit,en,uci_sms_spam_collection_v1,ham,NEEDS_REVIEW,,09123156d505,私人简短催促
uci_05562,Anything lor. Juz both of us lor.,en,uci_sms_spam_collection_v1,ham,NEEDS_REVIEW,,655fb2f9cdc0,简短私人回复
uci_05563,Get me out of this dump heap. My mom decided to come to lowes. BORING.,en,uci_sms_spam_collection_v1,ham,NEEDS_REVIEW,,cca7a27aff96,私人抱怨行程无聊
uci_05564,Ok lor... Sony ericsson salesman... I ask shuhui then she say quite gd 2 use so i considering...,en,uci_sms_spam_collection_v1,ham,NEEDS_REVIEW,,60ad8581949a,私人闲聊购买手机
uci_05565,Ard 6 like dat lor.,en,uci_sms_spam_collection_v1,ham,NEEDS_REVIEW,,b403deb27e9c,简短私人回复
uci_05566,Why don't you wait 'til at least wednesday to see if you get your .,en,uci_sms_spam_collection_v1,ham,NEEDS_REVIEW,,22cb2fb44bd8,简短私人催促
uci_05567,Huh y lei...,en,uci_sms_spam_collection_v1,ham,NEEDS_REVIEW,,f5175040de9a,极简私人回复
uci_05568,"REMINDER FROM O2: To get 2.50 pounds free call credit and details of great offers pls reply 2 this text with your valid name, house no and postcode",en,uci_sms_spam_collection_v1,spam,AD,,58ae396ef628,O2通话积分促销：吸引用户回复个人数据以获取免费话费，属于商业营销广告
uci_05569,"This is the 2nd time we have tried 2 contact u. U have won the ¡ê750 Pound prize. 2 claim is easy, call 087187272008 NOW1! Only 10p per minute. BT-national-rate.",en,uci_sms_spam_collection_v1,spam,FRAUD,,7e959529ca51,虚假中奖诈骗：声称第二次联系用户赢得750英镑，要求拨打付费电话领奖
uci_05570,Will ¨¹ b going to esplanade fr home?,en,uci_sms_spam_collection_v1,ham,NEEDS_REVIEW,,2e0941721347,简短私人行程询问
uci_05571,"Pity, * was in mood for that. So...any other suggestions?",en,uci_sms_spam_collection_v1,ham,NEEDS_REVIEW,,eb658d150393,私人简短提议
uci_05572,The guy did some bitching but I acted like i'd be interested in buying something else next week and he gave it to us for free,en,uci_sms_spam_collection_v1,ham,NEEDS_REVIEW,,d55ce325cacd,私人购物轶事分享
uci_05573,Rofl. Its true to its name,en,uci_sms_spam_collection_v1,ham,NEEDS_REVIEW,,c05bd33bfee4,私人简短玩笑回复
