id,text,language,source,uci_binary,suggested_label,suggest_reason,label,annotator,template_group,notes
uci_pilot_0000,"Your account has been credited with 500 FREE Text Messages. To activate, just txt the word: CREDIT to No: 80488 T&Cs www.80488.biz",en,uci_sms_spam_collection_v1,spam,TRANSACTION,account/order/auth/logistics-result,,,cebfc6471850,
uci_pilot_0001,Someonone you know is trying to contact you via our dating service! To find out who it could be call from your mobile or landline 09064015307 BOX334SK38ch,en,uci_sms_spam_collection_v1,spam,HARASS,adult-dating-debt-harass,,,baac6d7a6ea0,
uci_pilot_0002,"FreeMsg Hey there darling it's been 3 week's now and no word back! I'd like some fun you up for it still? Tb ok! XxX std chgs to send, £1.50 to rcv",en,uci_sms_spam_collection_v1,spam,AD,merchant-or-subscription-promo,,,2ee960a1b7eb,
uci_pilot_0003,RECPT 1/3. You have ordered a Ringtone. Your order is being processed...,en,uci_sms_spam_collection_v1,spam,AD,merchant-or-subscription-promo,,,296d1f592b3c,
uci_pilot_0004,Let me know how it changes in the next 6hrs. It can even be appendix but you are out of that age range. However its not impossible. So just chill and let me know in 6hrs,en,uci_sms_spam_collection_v1,ham,HARASS,adult-dating-debt-harass,,,6fa9fda514ae,
uci_pilot_0005,Raji..pls do me a favour. Pls convey my Birthday wishes to Nimya. Pls. Today is her birthday.,en,uci_sms_spam_collection_v1,ham,NEEDS_REVIEW,ham-personal-or-unclear,,,d48dc0b93e2d,
uci_pilot_0006,Dear good morning now only i am up,en,uci_sms_spam_collection_v1,ham,NEEDS_REVIEW,ham-personal-or-unclear,,,719bc023ff99,
uci_pilot_0007,Argh why the fuck is nobody in town ;_;,en,uci_sms_spam_collection_v1,ham,NEEDS_REVIEW,ham-personal-or-unclear,,,218c80babbbd,
uci_pilot_0008,HI ITS JESS I DONT KNOW IF YOU ARE AT WORK BUT CALL ME WHEN U CAN IM AT HOME ALL EVE. XXX,en,uci_sms_spam_collection_v1,ham,HARASS,adult-dating-debt-harass,,,a4af12b60a6c,
uci_pilot_0009,wamma get laid?want real doggin locations sent direct to your mobile? join the UKs largest dogging network. txt dogs to 69696 now!nyt. ec2a. 3lp £1.50/msg.,en,uci_sms_spam_collection_v1,spam,HARASS,adult-dating-debt-harass,,,9ceefab53ab9,
uci_pilot_0010,Did u got that persons story,en,uci_sms_spam_collection_v1,ham,NEEDS_REVIEW,ham-personal-or-unclear,,,2935a9632d5f,
uci_pilot_0011,URGENT This is our 2nd attempt to contact U. Your £900 prize from YESTERDAY is still awaiting collection. To claim CALL NOW 09061702893. ACL03530150PM,en,uci_sms_spam_collection_v1,spam,FRAUD,fraud-intent-keywords,,,a3e18a015be0,
uci_pilot_0012,"""CHEERS U TEX MECAUSE U WEREBORED! YEAH OKDEN HUNNY R UIN WK SAT?SOUNDS LIKEYOUR HAVIN GR8FUN J! KEEP UPDAT COUNTINLOTS OF LOVEME XXXXX.""",en,uci_sms_spam_collection_v1,ham,HARASS,adult-dating-debt-harass,,,d10f6970699f,
uci_pilot_0013,Not heard from U4 a while. Call 4 rude chat private line 01223585334 to cum. Wan 2C pics of me gettin shagged then text PIX to 8552. 2End send STOP 8552 SAM xxx,en,uci_sms_spam_collection_v1,spam,HARASS,adult-dating-debt-harass,,,c3c627cb5f69,
uci_pilot_0014,Please call our customer service representative on 0800 169 6031 between 10am-9pm as you have WON a guaranteed £1000 cash or £5000 prize!,en,uci_sms_spam_collection_v1,spam,FRAUD,fraud-intent-keywords,,,97c90bf3669f,
uci_pilot_0015,i want to grasp your pretty booty :),en,uci_sms_spam_collection_v1,ham,HARASS,adult-dating-debt-harass,,,009034f7d254,
uci_pilot_0016,"Hello darling how are you today? I would love to have a chat, why dont you tell me what you look like and what you are in to sexy?",en,uci_sms_spam_collection_v1,spam,HARASS,adult-dating-debt-harass,,,9d8d4365ebc1,
uci_pilot_0017,Omg it could snow here tonite!,en,uci_sms_spam_collection_v1,ham,NEEDS_REVIEW,ham-personal-or-unclear,,,58de4395f3d8,
uci_pilot_0018,4mths half price Orange line rental & latest camera phones 4 FREE. Had your phone 11mths ? Call MobilesDirect free on 08000938767 to update now! or2stoptxt,en,uci_sms_spam_collection_v1,spam,NEEDS_REVIEW,spam-unclear-subtype,,,29d3faf35d22,
uci_pilot_0019,He's an adult and would learn from the experience. There's no real danger. I just dont like peeps using drugs they dont need. But no comment,en,uci_sms_spam_collection_v1,ham,HARASS,adult-dating-debt-harass,,,1e8cbf4659b4,
uci_pilot_0020,R u over scratching it?,en,uci_sms_spam_collection_v1,ham,NEEDS_REVIEW,ham-personal-or-unclear,,,0ebf29aa07cb,
uci_pilot_0021,"Urgent UR awarded a complimentary trip to EuroDisinc Trav, Aco&Entry41 Or £1000. To claim txt DIS to 87121 18+6*£1.50(moreFrmMob. ShrAcomOrSglSuplt)10, LS1 3AJ",en,uci_sms_spam_collection_v1,spam,FRAUD,fraud-intent-keywords,,,33de1040600c,
uci_pilot_0022,"URGENT! Your Mobile No 07808726822 was awarded a £2,000 Bonus Caller Prize on 02/09/03! This is our 2nd attempt to contact YOU! Call 0871-872-9758 BOX95QU",en,uci_sms_spam_collection_v1,spam,FRAUD,fraud-intent-keywords,,,b18a6296eb21,
uci_pilot_0023,"HOT LIVE FANTASIES call now 08707509020 Just 20p per min NTT Ltd, PO Box 1327 Croydon CR9 5WB 0870..k",en,uci_sms_spam_collection_v1,spam,NEEDS_REVIEW,spam-unclear-subtype,,,3c85e7e6d6e1,
uci_pilot_0024,K...k:)why cant you come here and search job:),en,uci_sms_spam_collection_v1,ham,NEEDS_REVIEW,ham-personal-or-unclear,,,77e3c3e04a3b,
uci_pilot_0025,"Aight that'll work, thanks",en,uci_sms_spam_collection_v1,ham,NEEDS_REVIEW,ham-personal-or-unclear,,,4dc71d5507c6,
uci_pilot_0026,XMAS iscoming & ur awarded either £500 CD gift vouchers & free entry 2 r £100 weekly draw txt MUSIC to 87066 TnC www.Ldew.com1win150ppmx3age16subscription,en,uci_sms_spam_collection_v1,spam,AD,spam-link-promo-candidate,,,080da5a53ce3,
uci_pilot_0027,"K give me a sec, breaking a  &lt;#&gt;  at cstore",en,uci_sms_spam_collection_v1,ham,NEEDS_REVIEW,ham-personal-or-unclear,,,7e7de4abb4b0,
uci_pilot_0028,Want 2 get laid tonight? Want real Dogging locations sent direct 2 ur mob? Join the UK's largest Dogging Network bt Txting GRAVEL to 69888! Nt. ec2a. 31p.msg@150p,en,uci_sms_spam_collection_v1,spam,HARASS,adult-dating-debt-harass,,,29a6c0e35ef9,
uci_pilot_0029,Congratulations ur awarded 500 of CD vouchers or 125gift guaranteed & Free entry 2 100 wkly draw txt MUSIC to 87066 TnCs www.Ldew.com1win150ppmx3age16,en,uci_sms_spam_collection_v1,spam,AD,spam-link-promo-candidate,,,6094ceb44934,
uci_pilot_0030,"Thanks for your ringtone order, reference number X49. Your mobile will be charged 4.50. Should your tone not arrive please call customer services 09065989182. From: [colour=red]text[/colour]TXTstar",en,uci_sms_spam_collection_v1,spam,AD,merchant-or-subscription-promo,,,bd86a6d87cbc,
uci_pilot_0031,Awww dat is sweet! We can think of something to do he he! Have a nice time tonight ill probably txt u later cos im lonely :( xxx.,en,uci_sms_spam_collection_v1,ham,HARASS,adult-dating-debt-harass,,,1b2115e57547,
uci_pilot_0032,New TEXTBUDDY Chat 2 horny guys in ur area 4 just 25p Free 2 receive Search postcode or at gaytextbuddy.com. TXT ONE name to 89693,en,uci_sms_spam_collection_v1,spam,HARASS,adult-dating-debt-harass,,,d09ca81770e3,
uci_pilot_0033,"Get 3 Lions England tone, reply lionm 4 mono or lionp 4 poly. 4 more go 2 www.ringtones.co.uk, the original n best. Tones 3GBP network operator rates apply",en,uci_sms_spam_collection_v1,spam,AD,merchant-or-subscription-promo,,,a8a22fda6cdc,
uci_pilot_0034,"1) Go to write msg 2) Put on Dictionary mode 3)Cover the screen with hand, 4)Press  &lt;#&gt; . 5)Gently remove Ur hand.. Its interesting..:)",en,uci_sms_spam_collection_v1,ham,NEEDS_REVIEW,ham-personal-or-unclear,,,a4f8401436f5,
uci_pilot_0035,YOU ARE CHOSEN TO RECEIVE A £350 AWARD! Pls call claim number 09066364311 to collect your award which you are selected to receive as a valued mobile customer.,en,uci_sms_spam_collection_v1,spam,FRAUD,fraud-social-engineering-pattern,,,c772ba1a73b9,
uci_pilot_0036,"Urgent! Please call 0906346330. Your ABTA complimentary 4* Spanish Holiday or £10,000 cash await collection SAE T&Cs BOX 47 PO19 2EZ 150ppm 18+",en,uci_sms_spam_collection_v1,spam,AD,merchant-or-subscription-promo,,,4b833d649e94,
uci_pilot_0037,Yetunde i'm in class can you not run water on it to make it ok. Pls now.,en,uci_sms_spam_collection_v1,ham,NEEDS_REVIEW,ham-personal-or-unclear,,,c81e5eb8f67b,
uci_pilot_0038,"For ur chance to win a £250 cash every wk TXT: ACTION to 80608. T's&C's www.movietrivia.tv custcare 08712405022, 1x150p/wk.",en,uci_sms_spam_collection_v1,spam,AD,spam-link-promo-candidate,,,8043ee66f6de,
uci_pilot_0039,GENT! We are trying to contact you. Last weekends draw shows that you won a £1000 prize GUARANTEED. Call 09064012160. Claim Code K52. Valid 12hrs only. 150ppm,en,uci_sms_spam_collection_v1,spam,FRAUD,fraud-intent-keywords,,,e9ec92d192eb,
uci_pilot_0040,Bought one ringtone and now getting texts costing 3 pound offering more tones etc,en,uci_sms_spam_collection_v1,spam,AD,merchant-or-subscription-promo,,,c1800e3c4b55,
uci_pilot_0041,I am back. Good journey! Let me know if you need any of the receipts. Shall i tell you like the pendent?,en,uci_sms_spam_collection_v1,ham,NEEDS_REVIEW,ham-personal-or-unclear,,,1b1f631f7dc5,
uci_pilot_0042,"Hey, I missed you tm of last night as my phone was on the charge ... *smiles* ... I am meeting a friend shortly",en,uci_sms_spam_collection_v1,ham,NEEDS_REVIEW,ham-personal-or-unclear,,,21f77b7483a7,
uci_pilot_0043,YOU HAVE WON! As a valued Vodafone customer our computer has picked YOU to win a £150 prize. To collect is easy. Just call 09061743386,en,uci_sms_spam_collection_v1,spam,FRAUD,fraud-intent-keywords,,,cc780a50040b,
uci_pilot_0044,"He is impossible to argue with and he always treats me like his sub, like he never released me ... Which he did and I will remind him of that if necessary",en,uci_sms_spam_collection_v1,ham,NEEDS_REVIEW,ham-personal-or-unclear,,,5bf5bbf316a2,
uci_pilot_0045,Congratulations ur awarded either £500 of CD gift vouchers & Free entry 2 our £100 weekly draw txt MUSIC to 87066 TnCs www.Ldew.com 1 win150ppmx3age16,en,uci_sms_spam_collection_v1,spam,AD,spam-link-promo-candidate,,,ea9b58e55d9b,
uci_pilot_0046,"Thanx 4 the time weve spent 2geva, its bin mint! Ur my Baby and all I want is u!xxxx",en,uci_sms_spam_collection_v1,ham,HARASS,adult-dating-debt-harass,,,3b7269f78f9b,
uci_pilot_0047,"Okay. No no, just shining on. That was meant to be signing, but that sounds better.",en,uci_sms_spam_collection_v1,ham,NEEDS_REVIEW,ham-personal-or-unclear,,,29acef880ffe,
uci_pilot_0048,"You have won ?1,000 cash or a ?2,000 prize! To claim, call09050000327. T&C: RSTM, SW7 3SS. 150ppm",en,uci_sms_spam_collection_v1,spam,FRAUD,fraud-intent-keywords,,,5714ae640462,
uci_pilot_0049,URGENT We are trying to contact you Last weekends draw shows u have won a £1000 prize GUARANTEED Call 09064017295 Claim code K52 Valid 12hrs 150p pm,en,uci_sms_spam_collection_v1,spam,FRAUD,fraud-intent-keywords,,,b7acb67e30ce,
uci_pilot_0050,Todays Voda numbers ending with 7634 are selected to receive a £350 reward. If you have a match please call 08712300220 quoting claim code 7684 standard rates apply.,en,uci_sms_spam_collection_v1,spam,FRAUD,fraud-intent-keywords,,,2885dae1c7bf,
uci_pilot_0051,You have WON a guaranteed £1000 cash or a £2000 prize. To claim yr prize call our customer service representative on 08714712412 between 10am-7pm Cost 10p,en,uci_sms_spam_collection_v1,spam,FRAUD,fraud-intent-keywords,,,47e18e33c678,
uci_pilot_0052,"As a valued customer, I am pleased to advise you that following recent review of your Mob No. you are awarded with a £1500 Bonus Prize, call 09066364589",en,uci_sms_spam_collection_v1,spam,FRAUD,fraud-intent-keywords,,,227a8e0fcbad,
uci_pilot_0053,LORD OF THE RINGS:RETURN OF THE KING in store NOW!REPLY LOTR by 2 June 4 Chance 2 WIN LOTR soundtrack CDs StdTxtRate. Reply STOP to end txts,en,uci_sms_spam_collection_v1,spam,AD,merchant-or-subscription-promo,,,6d3d20e7bbbe,
uci_pilot_0054,Oh k :)why you got job then whats up?,en,uci_sms_spam_collection_v1,ham,NEEDS_REVIEW,ham-personal-or-unclear,,,f7d563ca702d,
uci_pilot_0055,"YOU 07801543489 are guaranteed the latests Nokia Phone, a 40GB iPod MP3 player or a £500 prize! Txt word:COLLECT to No:83355! TC-LLC NY-USA 150p/Mt msgrcvd18+",en,uci_sms_spam_collection_v1,spam,FRAUD,fraud-social-engineering-pattern,,,9679e7f5547e,
uci_pilot_0056,Rats. Hey did u ever vote for the next themes?,en,uci_sms_spam_collection_v1,ham,NEEDS_REVIEW,ham-personal-or-unclear,,,e0a443a4bca7,
uci_pilot_0057,Great News! Call FREEFONE 08006344447 to claim your guaranteed £1000 CASH or £2000 gift. Speak to a live operator NOW!,en,uci_sms_spam_collection_v1,spam,FRAUD,fraud-intent-keywords,,,81b27e33a6a7,
uci_pilot_0058,Aiyah ok wat as long as got improve can already wat...,en,uci_sms_spam_collection_v1,ham,NEEDS_REVIEW,ham-personal-or-unclear,,,98e362fd099f,
uci_pilot_0059,U are subscribed to the best Mobile Content Service in the UK for £3 per ten days until you send STOP to 83435. Helpline 08706091795.,en,uci_sms_spam_collection_v1,spam,AD,merchant-or-subscription-promo,,,7f643c314006,
uci_pilot_0060,todays vodafone numbers ending with 0089(my last four digits) are selected to received a £350 award. If your number matches please call 09063442151 to claim your £350 award,en,uci_sms_spam_collection_v1,spam,FRAUD,fraud-intent-keywords,,,f35bd9309747,
uci_pilot_0061,Sitting in mu waiting for everyone to get out of my suite so I can take a shower,en,uci_sms_spam_collection_v1,ham,HARASS,adult-dating-debt-harass,,,a226a9482d35,
uci_pilot_0062,Hope you enjoyed your new content. text stop to 61610 to unsubscribe. help:08712400602450p Provided by tones2you.co.uk,en,uci_sms_spam_collection_v1,spam,AD,merchant-or-subscription-promo,,,7c0e27e39727,
uci_pilot_0063,Does uncle timi help in clearing cars,en,uci_sms_spam_collection_v1,ham,NEEDS_REVIEW,ham-personal-or-unclear,,,7833f3908253,
uci_pilot_0064,"We have sent JD for Customer Service cum Accounts Executive to ur mail id, For details contact us",en,uci_sms_spam_collection_v1,ham,NEEDS_REVIEW,ham-personal-or-unclear,,,ff097ea98adb,
uci_pilot_0065,Reply with your name and address and YOU WILL RECEIVE BY POST a weeks completely free accommodation at various global locations www.phb1.com ph:08700435505150p,en,uci_sms_spam_collection_v1,spam,AD,spam-link-promo-candidate,,,afc7bce3d9fc,
uci_pilot_0066,"Bored of speed dating? Try SPEEDCHAT, txt SPEEDCHAT to 80155, if you don't like em txt SWAP and get a new chatter! Chat80155 POBox36504W45WQ 150p/msg rcd 16",en,uci_sms_spam_collection_v1,spam,HARASS,adult-dating-debt-harass,,,623eac4f124a,
uci_pilot_0067,I forgot 2 ask ü all smth.. There's a card on da present lei... How? Ü all want 2 write smth or sign on it?,en,uci_sms_spam_collection_v1,ham,NEEDS_REVIEW,ham-personal-or-unclear,,,57509be1e809,
uci_pilot_0068,Call to the number which is available in appointment. And ask to connect the call to waheed fathima.,en,uci_sms_spam_collection_v1,ham,NEEDS_REVIEW,ham-personal-or-unclear,,,bd0d37c31da4,
uci_pilot_0069,"Hey sexy buns ! Have I told you ? I adore you, loverboy. I hope you remember to thank your sister in law for those meatballs *grins* ... i love you, babe",en,uci_sms_spam_collection_v1,ham,HARASS,adult-dating-debt-harass,,,7eaac6f6c399,
uci_pilot_0070,CALL 09090900040 & LISTEN TO EXTREME DIRTY LIVE CHAT GOING ON IN THE OFFICE RIGHT NOW TOTAL PRIVACY NO ONE KNOWS YOUR [sic] LISTENING 60P MIN 24/7MP 0870753331018+,en,uci_sms_spam_collection_v1,spam,AD,merchant-or-subscription-promo,,,36ffd1c7776a,
uci_pilot_0071,Bloomberg -Message center +447797706009 Why wait? Apply for your future http://careers. bloomberg.com,en,uci_sms_spam_collection_v1,spam,AD,spam-link-promo-candidate,,,617b108c87d1,
uci_pilot_0072,Send a logo 2 ur lover - 2 names joined by a heart. Txt LOVE NAME1 NAME2 MOBNO eg LOVE ADAM EVE 07123456789 to 87077 Yahoo! POBox36504W45WQ TxtNO 4 no ads 150p,en,uci_sms_spam_collection_v1,spam,NEEDS_REVIEW,spam-unclear-subtype,,,a69268ca5044,
uci_pilot_0073,You still at the game?,en,uci_sms_spam_collection_v1,ham,NEEDS_REVIEW,ham-personal-or-unclear,,,1d8ff488645f,
uci_pilot_0074,URGENT! We are trying to contact U. Todays draw shows that you have won a £2000 prize GUARANTEED. Call 09058094507 from land line. Claim 3030. Valid 12hrs only,en,uci_sms_spam_collection_v1,spam,FRAUD,fraud-intent-keywords,,,5e21faa9d2c0,
uci_pilot_0075,"Forgot it takes me 3 years to shower, sorry. Where you at/your phone dead yet?",en,uci_sms_spam_collection_v1,ham,HARASS,adult-dating-debt-harass,,,981d29b42d75,
uci_pilot_0076,"Open rebtel with firefox. When it loads just put plus sign in the user name place, and it will show you two numbers. The lower number is my number. Once you pick that number the pin will display okay!",en,uci_sms_spam_collection_v1,ham,HARASS,adult-dating-debt-harass,,,b2e0bac924aa,
uci_pilot_0077,How much she payed. Suganya.,en,uci_sms_spam_collection_v1,ham,NEEDS_REVIEW,ham-personal-or-unclear,,,62a52d6da2e3,
uci_pilot_0078,Guess who am I?This is the first time I created a web page WWW.ASJESUS.COM read all I wrote. I'm waiting for your opinions. I want to be your friend 1/1,en,uci_sms_spam_collection_v1,spam,AD,spam-link-promo-candidate,,,d343e709b342,
uci_pilot_0079,"Urgent! call 09061749602 from Landline. Your complimentary 4* Tenerife Holiday or £10,000 cash await collection SAE T&Cs BOX 528 HP20 1YF 150ppm 18+",en,uci_sms_spam_collection_v1,spam,AD,merchant-or-subscription-promo,,,d5112ac077e3,
uci_pilot_0080,SMS AUCTION You have won a Nokia 7250i. This is what you get when you win our FREE auction. To take part send Nokia to 86021 now. HG/Suite342/2Lands Row/W1JHL 16+,en,uci_sms_spam_collection_v1,spam,FRAUD,fraud-intent-keywords,,,a031e53b406b,
uci_pilot_0081,Todays Vodafone numbers ending with 4882 are selected to a receive a £350 award. If your number matches call 09064019014 to receive your £350 award.,en,uci_sms_spam_collection_v1,spam,FRAUD,fraud-social-engineering-pattern,,,6be06fb7c32b,
uci_pilot_0082,"Each Moment in a day,has its own value-Morning brings hope,afternoon brings faith,Evening brings luv,Night brings rest,Wish u find them all today.Good Morning",en,uci_sms_spam_collection_v1,ham,NEEDS_REVIEW,ham-personal-or-unclear,,,721b752ca6a9,
uci_pilot_0083,FREE for 1st week! No1 Nokia tone 4 ur mob every week just txt NOKIA to 8007 Get txting and tell ur mates www.getzed.co.uk POBox 36504 W45WQ norm150p/tone 16+,en,uci_sms_spam_collection_v1,spam,AD,merchant-or-subscription-promo,,,68248d71dcc0,
uci_pilot_0084,"naughty little thought: 'its better to flirt, flirt n flirt, rather than loving someone n gettin hurt, hurt n hurt...:-) Gud nyt",en,uci_sms_spam_collection_v1,ham,HARASS,adult-dating-debt-harass,,,69b66f417552,
uci_pilot_0085,Cool. Do you like swimming? I have a pool and jacuzzi at my house.,en,uci_sms_spam_collection_v1,ham,NEEDS_REVIEW,ham-personal-or-unclear,,,7d4b345bc43e,
uci_pilot_0086,Lol ... I really need to remember to eat when I'm drinking but I do appreciate you keeping me company that night babe *smiles*,en,uci_sms_spam_collection_v1,ham,NEEDS_REVIEW,ham-personal-or-unclear,,,2d178ddb7855,
uci_pilot_0087,"Urgent Urgent! We have 800 FREE flights to Europe to give away, call B4 10th Sept & take a friend 4 FREE. Call now to claim on 09050000555. BA128NNFWFLY150ppm",en,uci_sms_spam_collection_v1,spam,FRAUD,fraud-intent-keywords,,,c55c80147357,
uci_pilot_0088,Talk sexy!! Make new friends or fall in love in the worlds most discreet text dating service. Just text VIP to 83110 and see who you could meet.,en,uci_sms_spam_collection_v1,spam,HARASS,adult-dating-debt-harass,,,a0f511a88229,
uci_pilot_0089,THIS IS A LONG FUCKIN SHOWR,en,uci_sms_spam_collection_v1,ham,NEEDS_REVIEW,ham-personal-or-unclear,,,b82f77b3ec2c,
uci_pilot_0090,"This is the 2nd time we have tried 2 contact u. U have won the 750 Pound prize. 2 claim is easy, call 08718726970 NOW! Only 10p per min. BT-national-rate",en,uci_sms_spam_collection_v1,spam,FRAUD,fraud-social-engineering-pattern,,,7e959529ca51,
uci_pilot_0091,"This is the 2nd time we have tried to contact u. U have won the £400 prize. 2 claim is easy, just call 087104711148 NOW! Only 10p per minute. BT-national-rate",en,uci_sms_spam_collection_v1,spam,FRAUD,fraud-social-engineering-pattern,,,51542efe4033,
uci_pilot_0092,PRIVATE! Your 2003 Account Statement for 07808 XXXXXX shows 800 un-redeemed S. I. M. points. Call 08719899217 Identifier Code: 41685 Expires 07/11/04,en,uci_sms_spam_collection_v1,spam,FRAUD,fraud-intent-keywords,,,e5e2fcee515c,
uci_pilot_0093,I donno if they are scorable,en,uci_sms_spam_collection_v1,ham,NEEDS_REVIEW,ham-personal-or-unclear,,,b53e9079368a,
uci_pilot_0094,Please call our customer service representative on FREEPHONE 0808 145 4742 between 9am-11pm as you have WON a guaranteed £1000 cash or £5000 prize!,en,uci_sms_spam_collection_v1,spam,FRAUD,fraud-intent-keywords,,,80204a8f2287,
uci_pilot_0095,I want to send something that can sell fast.  &lt;#&gt; k is not easy money.,en,uci_sms_spam_collection_v1,ham,NEEDS_REVIEW,ham-personal-or-unclear,,,9218142da262,
uci_pilot_0096,They released vday shirts and when u put it on it makes your bottom half naked instead of those white underwear.,en,uci_sms_spam_collection_v1,ham,HARASS,adult-dating-debt-harass,,,c37fca126329,
uci_pilot_0097,"Aight, I should be there by 8 at the latest, probably closer to 7. Are jay and tyler down or should we just do two trips?",en,uci_sms_spam_collection_v1,ham,NEEDS_REVIEW,ham-personal-or-unclear,,,78bb4d0d557f,
uci_pilot_0098,IMPORTANT INFORMATION 4 ORANGE USER 0796XXXXXX. TODAY IS UR LUCKY DAY!2 FIND OUT WHY LOG ONTO http://www.urawinner.com THERE'S A FANTASTIC PRIZEAWAITING YOU!,en,uci_sms_spam_collection_v1,spam,HARASS,adult-dating-debt-harass,,,03bfa31cd909,
uci_pilot_0099,"You aren't coming home between class, right? I need to work out and shower!",en,uci_sms_spam_collection_v1,ham,HARASS,adult-dating-debt-harass,,,1b4933cfc144,
uci_pilot_0100,"Call 09094100151 to use ur mins! Calls cast 10p/min (mob vary). Service provided by AOM, just GBP5/month. AOM Box61,M60 1ER until u stop. Ages 18+ only!",en,uci_sms_spam_collection_v1,spam,AD,merchant-or-subscription-promo,,,b04432404257,
uci_pilot_0101,Studying. But i.ll be free next weekend.,en,uci_sms_spam_collection_v1,ham,NEEDS_REVIEW,ham-personal-or-unclear,,,aac244e621f8,
uci_pilot_0102,PRIVATE! Your 2003 Account Statement for 07973788240 shows 800 un-redeemed S. I. M. points. Call 08715203649 Identifier Code: 40533 Expires 31/10/04,en,uci_sms_spam_collection_v1,spam,FRAUD,fraud-intent-keywords,,,fabe2760eace,
uci_pilot_0103,Yo come over carlos will be here soon,en,uci_sms_spam_collection_v1,ham,NEEDS_REVIEW,ham-personal-or-unclear,,,b247aa3f7cdc,
uci_pilot_0104,You are now unsubscribed all services. Get tons of sexy babes or hunks straight to your phone! go to http://gotbabes.co.uk. No subscriptions.,en,uci_sms_spam_collection_v1,spam,AD,merchant-or-subscription-promo,,,57c1df1729dc,
uci_pilot_0105,"SMS. ac Blind Date 4U!: Rodds1 is 21/m from Aberdeen, United Kingdom. Check Him out http://img. sms. ac/W/icmb3cktz8r7!-4 no Blind Dates send HIDE",en,uci_sms_spam_collection_v1,spam,AD,spam-link-promo-candidate,,,7d5d0e3cb160,
uci_pilot_0106,"Sir, good morning. Hope you had a good weekend. I called to let you know that i was able to raise  &lt;#&gt;  from my dad. He however said he would make the rest available by mid feb. This amount is still quite short and i was hoping you would help. Do have a good day. Abiola",en,uci_sms_spam_collection_v1,ham,HARASS,adult-dating-debt-harass,,,69d497104ce1,
uci_pilot_0107,"Dont pack what you can buy at any store.like cereals. If you must pack food, pack gari or something 9ja that you will miss.",en,uci_sms_spam_collection_v1,ham,NEEDS_REVIEW,ham-personal-or-unclear,,,482945886ded,
uci_pilot_0108,"Great. I'm in church now, will holla when i get out",en,uci_sms_spam_collection_v1,ham,NEEDS_REVIEW,ham-personal-or-unclear,,,bdc273f43801,
uci_pilot_0109,Todays Voda numbers ending 7548 are selected to receive a $350 award. If you have a match please call 08712300220 quoting claim code 4041 standard rates app,en,uci_sms_spam_collection_v1,spam,FRAUD,fraud-intent-keywords,,,a9108aef8c30,
uci_pilot_0110,"URGENT! Last weekend's draw shows that you have won £1000 cash or a Spanish holiday! CALL NOW 09050000332 to claim. T&C: RSTM, SW7 3SS. 150ppm",en,uci_sms_spam_collection_v1,spam,FRAUD,fraud-intent-keywords,,,3df1fbcd4b6b,
uci_pilot_0111,New TEXTBUDDY Chat 2 horny guys in ur area 4 just 25p Free 2 receive Search postcode or at gaytextbuddy.com. TXT ONE name to 89693. 08715500022 rpl Stop 2 cnl,en,uci_sms_spam_collection_v1,spam,HARASS,adult-dating-debt-harass,,,d09ca81770e3,
uci_pilot_0112,"Good afternoon sexy buns! How goes the job search ? I wake and you are my first thought as always, my love. I wish your fine and happy and know I adore you!",en,uci_sms_spam_collection_v1,ham,HARASS,adult-dating-debt-harass,,,2ed5153215c1,
uci_pilot_0113,How come it takes so little time for a child who is afraid of the dark to become a teenager who wants to stay out all night?,en,uci_sms_spam_collection_v1,spam,NEEDS_REVIEW,spam-unclear-subtype,,,cc589928ff20,
uci_pilot_0114,HI DARLIN I FINISH AT 3 DO U 1 2 PICK ME UP OR MEET ME? TEXT BACK ON THIS NUMBER LUV KATE XXX,en,uci_sms_spam_collection_v1,ham,HARASS,adult-dating-debt-harass,,,d30e51316370,
uci_pilot_0115,Wanna have a laugh? Try CHIT-CHAT on your mobile now! Logon by txting the word: CHAT and send it to No: 8883 CM PO Box 4217 London W1A 6ZF 16+ 118p/msg rcvd,en,uci_sms_spam_collection_v1,spam,AD,merchant-or-subscription-promo,,,aa6917d988ae,
uci_pilot_0116,NEFT Transaction with reference number  &lt;#&gt;  for Rs. &lt;DECIMAL&gt;  has been credited to the beneficiary account on  &lt;#&gt;  at  &lt;TIME&gt; : &lt;#&gt;,en,uci_sms_spam_collection_v1,ham,TRANSACTION,account/order/auth/logistics-result,,,3a489ce8a99a,
uci_pilot_0117,FREE UNLIMITED HARDCORE PORN direct 2 your mobile Txt PORN to 69200 & get FREE access for 24 hrs then chrgd@50p per day txt Stop 2exit. This msg is free,en,uci_sms_spam_collection_v1,spam,AD,merchant-or-subscription-promo,,,a3bf08f840d3,
uci_pilot_0118,This message is brought to you by GMW Ltd. and is not connected to the,en,uci_sms_spam_collection_v1,spam,NEEDS_REVIEW,spam-unclear-subtype,,,8e13a3f9c5f7,
uci_pilot_0119,85233 FREE>Ringtone!Reply REAL,en,uci_sms_spam_collection_v1,spam,AD,merchant-or-subscription-promo,,,7bdd4ac039b6,
uci_pilot_0120,Cashbin.co.uk (Get lots of cash this weekend!) www.cashbin.co.uk Dear Welcome to the weekend We have got our biggest and best EVER cash give away!! These..,en,uci_sms_spam_collection_v1,spam,AD,spam-link-promo-candidate,,,90ab2e36945a,
uci_pilot_0121,PRIVATE! Your 2003 Account Statement for shows 800 un-redeemed S.I.M. points. Call 08718738001 Identifier Code: 49557 Expires 26/11/04,en,uci_sms_spam_collection_v1,spam,FRAUD,fraud-intent-keywords,,,ce0313c5341e,
uci_pilot_0122,You are a winner U have been specially selected 2 receive £1000 cash or a 4* holiday (flights inc) speak to a live operator 2 claim 0871277810810,en,uci_sms_spam_collection_v1,spam,FRAUD,fraud-intent-keywords,,,730240f0aa0b,
uci_pilot_0123,URGENT! Your Mobile number has been awarded with a £2000 prize GUARANTEED. Call 09061790121 from land line. Claim 3030. Valid 12hrs only 150ppm,en,uci_sms_spam_collection_v1,spam,FRAUD,fraud-intent-keywords,,,97d9641a0632,
uci_pilot_0124,Your account has been refilled successfully by INR  &lt;DECIMAL&gt; . Your KeralaCircle prepaid account balance is Rs  &lt;DECIMAL&gt; . Your Transaction ID is KR &lt;#&gt; .,en,uci_sms_spam_collection_v1,ham,TRANSACTION,account/order/auth/logistics-result,,,3098fabb0ed2,
uci_pilot_0125,R ü going 4 today's meeting?,en,uci_sms_spam_collection_v1,ham,NEEDS_REVIEW,ham-personal-or-unclear,,,99c9b1f6ab17,
uci_pilot_0126,"Download as many ringtones as u like no restrictions, 1000s 2 choose. U can even send 2 yr buddys. Txt Sir to 80082 £3",en,uci_sms_spam_collection_v1,spam,AD,merchant-or-subscription-promo,,,272dd493571c,
uci_pilot_0127,"FREE MESSAGE Activate your 500 FREE Text Messages by replying to this message with the word FREE For terms & conditions, visit www.07781482378.com",en,uci_sms_spam_collection_v1,spam,AD,spam-link-promo-candidate,,,0ba0618a4615,
uci_pilot_0128,22 days to kick off! For Euro2004 U will be kept up to date with the latest news and results daily. To be removed send GET TXT STOP to 83222,en,uci_sms_spam_collection_v1,spam,AD,merchant-or-subscription-promo,,,ec14faab1666,
uci_pilot_0129,FreeMsg: Txt: CALL to No: 86888 & claim your reward of 3 hours talk time to use from your phone now! Subscribe6GBP/mnth inc 3hrs 16 stop?txtStop,en,uci_sms_spam_collection_v1,spam,FRAUD,fraud-intent-keywords,,,d60735092926,
uci_pilot_0130,"You are being contacted by our dating service by someone you know! To find out who it is, call from a land line 09050000928. PoBox45W2TG150P",en,uci_sms_spam_collection_v1,spam,HARASS,adult-dating-debt-harass,,,f27802aa4cf7,
uci_pilot_0131,PRIVATE! Your 2004 Account Statement for 07742676969 shows 786 unredeemed Bonus Points. To claim call 08719180248 Identifier Code: 45239 Expires,en,uci_sms_spam_collection_v1,spam,FRAUD,fraud-intent-keywords,,,5b389fcf109d,
uci_pilot_0132,Your credits have been topped up for http://www.bubbletext.com Your renewal Pin is tgxxrz,en,uci_sms_spam_collection_v1,spam,AD,spam-link-promo-candidate,,,fa8dd2e2899b,
uci_pilot_0133,I am on the way to tirupur.,en,uci_sms_spam_collection_v1,ham,NEEDS_REVIEW,ham-personal-or-unclear,,,f8b7b3be44dd,
uci_pilot_0134,"Hi this is Amy, we will be sending you a free phone number in a couple of days, which will give you an access to all the adult parties...",en,uci_sms_spam_collection_v1,spam,HARASS,adult-dating-debt-harass,,,ff4a8e533af1,
uci_pilot_0135,No prob. I will send to your email.,en,uci_sms_spam_collection_v1,ham,NEEDS_REVIEW,ham-personal-or-unclear,,,c3393418944b,
uci_pilot_0136,"Dear Hero,i am leaving to qatar tonite for an apt opportunity.pls do keep in touch at  &lt;EMAIL&gt; ,kerala",en,uci_sms_spam_collection_v1,ham,NEEDS_REVIEW,ham-personal-or-unclear,,,5a6b68d74771,
uci_pilot_0137,"""AH POOR BABY!HOPE URFEELING BETTERSN LUV! PROBTHAT OVERDOSE OF WORK HEY GO CAREFUL SPK 2 U SN LOTS OF LOVEJEN XXX.""",en,uci_sms_spam_collection_v1,ham,HARASS,adult-dating-debt-harass,,,b417dd8f2d1d,
uci_pilot_0138,Hey hun-onbus goin 2 meet him. He wants 2go out 4a meal but I donyt feel like it cuz have 2 get last bus home!But hes sweet latelyxxx,en,uci_sms_spam_collection_v1,ham,HARASS,adult-dating-debt-harass,,,ae75e58416aa,
uci_pilot_0139,Congratulations ur awarded either £500 of CD gift vouchers & Free entry 2 our £100 weekly draw txt MUSIC to 87066 TnCs www.Ldew.com1win150ppmx3age16,en,uci_sms_spam_collection_v1,spam,AD,spam-link-promo-candidate,,,ea9b58e55d9b,
uci_pilot_0140,"URGENT. Important information for 02 user. Today is your lucky day! 2 find out why , log onto http://www.urawinner.com there is a fantastic surprise awaiting you !",en,uci_sms_spam_collection_v1,spam,AD,spam-link-promo-candidate,,,932869a08a3f,
uci_pilot_0141,"Someone has contacted our dating service and entered your phone becausethey fancy you! To find out who it is call from a landline 09058098002. PoBox1, W14RG 150p",en,uci_sms_spam_collection_v1,spam,HARASS,adult-dating-debt-harass,,,2a3988af97e1,
uci_pilot_0142,"This is the 2nd time we have tried 2 contact u. U have won the 750 Pound prize. 2 claim is easy, call 08712101358 NOW! Only 10p per min. BT-national-rate",en,uci_sms_spam_collection_v1,spam,FRAUD,fraud-social-engineering-pattern,,,7e959529ca51,
uci_pilot_0143,"Final Chance! Claim ur £150 worth of discount vouchers today! Text YES to 85023 now! SavaMob, member offers mobile! T Cs SavaMob POBOX84, M263UZ. £3.00 Subs 16",en,uci_sms_spam_collection_v1,spam,AD,merchant-or-subscription-promo,,,b251ab128a48,
uci_pilot_0144,"Mostly sports type..lyk footbl,crckt..",en,uci_sms_spam_collection_v1,ham,AD,merchant-or-subscription-promo,,,7543bdd4fa96,
uci_pilot_0145,"FREE NOKIA Or Motorola with upto 12mths 1/2price linerental, 500 FREE x-net mins&100txt/mth FREE B'tooth*. Call Mobileupd8 on 08001950382 or call 2optout/D3WV",en,uci_sms_spam_collection_v1,spam,AD,merchant-or-subscription-promo,,,fd2345334df2,
uci_pilot_0146,"Sez, hows u & de arab boy? Hope u r all good give my love 2 evry1 love ya eshxxxxxxxxxxx",en,uci_sms_spam_collection_v1,ham,HARASS,adult-dating-debt-harass,,,114e37685c64,
uci_pilot_0147,Congratulations U can claim 2 VIP row A Tickets 2 C Blu in concert in November or Blu gift guaranteed Call 09061104276 to claim TS&Cs www.smsco.net cost£3.75max,en,uci_sms_spam_collection_v1,spam,AD,spam-link-promo-candidate,,,beffe96b272c,
uci_pilot_0148,Purity of friendship between two is not about smiling after reading the forwarded message..Its about smiling just by seeing the name. Gud evng musthu,en,uci_sms_spam_collection_v1,ham,NEEDS_REVIEW,ham-personal-or-unclear,,,6c2c8d0a29db,
uci_pilot_0149,"Free-message: Jamster!Get the crazy frog sound now! For poly text MAD1, for real text MAD2 to 88888. 6 crazy sounds for just 3 GBP/week! 16+only! T&C's apply",en,uci_sms_spam_collection_v1,spam,AD,merchant-or-subscription-promo,,,e44a10ce2ff6,
uci_pilot_0150,"Eerie Nokia tones 4u, rply TONE TITLE to 8007 eg TONE DRACULA to 8007 Titles: GHOST, ADDAMSFA, MUNSTERS, EXORCIST, TWILIGHT www.getzed.co.uk POBox36504W45WQ 150p",en,uci_sms_spam_collection_v1,spam,AD,spam-link-promo-candidate,,,374ce13a1296,
uci_pilot_0151,Urgent Ur £500 guaranteed award is still unclaimed! Call 09066368327 NOW closingdate04/09/02 claimcode M39M51 £1.50pmmorefrommobile2Bremoved-MobyPOBox734LS27YF,en,uci_sms_spam_collection_v1,spam,FRAUD,fraud-social-engineering-pattern,,,8c55e9b77fea,
uci_pilot_0152,URGENT! Your Mobile number has been awarded with a £2000 prize GUARANTEED. Call 09058094455 from land line. Claim 3030. Valid 12hrs only,en,uci_sms_spam_collection_v1,spam,FRAUD,fraud-intent-keywords,,,97d9641a0632,
uci_pilot_0153,money!!! you r a lucky winner ! 2 claim your prize text money 2 88600 over £1million to give away ! ppt150x3+normal text rate box403 w1t1jy,en,uci_sms_spam_collection_v1,spam,FRAUD,fraud-intent-keywords,,,693e67f24313,
uci_pilot_0154,URGENT! We are trying to contact U Todays draw shows that you have won a £800 prize GUARANTEED. Call 09050000460 from land line. Claim J89. po box245c2150pm,en,uci_sms_spam_collection_v1,spam,FRAUD,fraud-intent-keywords,,,5e21faa9d2c0,
uci_pilot_0155,"Hottest pics straight to your phone!! See me getting Wet and Wanting, just for you xx Text PICS to 89555 now! txt costs 150p textoperator g696ga 18 XxX",en,uci_sms_spam_collection_v1,spam,HARASS,adult-dating-debt-harass,,,fc225441df44,
uci_pilot_0156,FREE MSG:We billed your mobile number by mistake from shortcode 83332.Please call 08081263000 to have charges refunded.This call will be free from a BT landline,en,uci_sms_spam_collection_v1,spam,AD,merchant-or-subscription-promo,,,d1378d2f2656,
uci_pilot_0157,Dear got train and seat mine lower seat,en,uci_sms_spam_collection_v1,ham,HARASS,adult-dating-debt-harass,,,85d23da448b7,
uci_pilot_0158,You have won a guaranteed 32000 award or maybe even £1000 cash to claim ur award call free on 0800 ..... (18+). Its a legitimat efreefone number wat do u think???,en,uci_sms_spam_collection_v1,spam,FRAUD,fraud-intent-keywords,,,bdcc5b62882a,
uci_pilot_0159,THING R GOOD THANX GOT EXAMS IN MARCH IVE DONE NO REVISION? IS FRAN STILL WITH BOYF? IVE GOTTA INTERVIW 4 EXETER BIT WORRIED!x,en,uci_sms_spam_collection_v1,ham,NEEDS_REVIEW,ham-personal-or-unclear,,,b9a23d7209d8,
uci_pilot_0160,Thanx 4 2day! U r a goodmate I THINK UR RITE SARY! ASUSUAL!1 U CHEERED ME UP! LOVE U FRANYxxxxx,en,uci_sms_spam_collection_v1,ham,HARASS,adult-dating-debt-harass,,,d9c02063a282,
uci_pilot_0161,Are you willing to go for aptitude class.,en,uci_sms_spam_collection_v1,ham,NEEDS_REVIEW,ham-personal-or-unclear,,,01d97c6399ee,
uci_pilot_0162,Anything lor... U decide...,en,uci_sms_spam_collection_v1,ham,NEEDS_REVIEW,ham-personal-or-unclear,,,70f633d12106,
uci_pilot_0163,T-Mobile customer you may now claim your FREE CAMERA PHONE upgrade & a pay & go sim card for your loyalty. Call on 0845 021 3680.Offer ends 28thFeb.T&C's apply,en,uci_sms_spam_collection_v1,spam,FRAUD,fraud-intent-keywords,,,ca67fec103c5,
uci_pilot_0164,Urgent! Please call 09061213237 from landline. £5000 cash or a luxury 4* Canary Islands Holiday await collection. T&Cs SAE PO Box 177. M227XY. 150ppm. 16+,en,uci_sms_spam_collection_v1,spam,AD,merchant-or-subscription-promo,,,a5ba2a92de7d,
uci_pilot_0165,Hmmm:)how many players selected?,en,uci_sms_spam_collection_v1,ham,NEEDS_REVIEW,ham-personal-or-unclear,,,bd222294b9ed,
uci_pilot_0166,She's borderline but yeah whatever.,en,uci_sms_spam_collection_v1,ham,NEEDS_REVIEW,ham-personal-or-unclear,,,1aef533148f1,
uci_pilot_0167,okmail: Dear Dave this is your final notice to collect your 4* Tenerife Holiday or #5000 CASH award! Call 09061743806 from landline. TCs SAE Box326 CW25WX 150ppm,en,uci_sms_spam_collection_v1,spam,FRAUD,fraud-social-engineering-pattern,,,468624a1ca38,
uci_pilot_0168,Free 1st week entry 2 TEXTPOD 4 a chance 2 win 40GB iPod or £250 cash every wk. Txt POD to 84128 Ts&Cs www.textpod.net custcare 08712405020.,en,uci_sms_spam_collection_v1,spam,AD,spam-link-promo-candidate,,,4954b011831b,
uci_pilot_0169,I'm in office now da:)where are you?,en,uci_sms_spam_collection_v1,ham,NEEDS_REVIEW,ham-personal-or-unclear,,,6e30a6696a93,
uci_pilot_0170,Hey.. Something came up last min.. Think i wun be signing up tmr.. Hee,en,uci_sms_spam_collection_v1,ham,NEEDS_REVIEW,ham-personal-or-unclear,,,817b30ed89a4,
uci_pilot_0171,Enjoy the jamster videosound gold club with your credits for 2 new videosounds+2 logos+musicnews! get more fun from jamster.co.uk! 16+only Help? call: 09701213186,en,uci_sms_spam_collection_v1,spam,AD,merchant-or-subscription-promo,,,62e3071af03f,
uci_pilot_0172,Great News! Call FREEFONE 08006344447 to claim your guaranteed £1000 CASH or £2000 gift. Speak to a live operator NOW!,en,uci_sms_spam_collection_v1,spam,FRAUD,fraud-intent-keywords,,,81b27e33a6a7,
uci_pilot_0173,PRIVATE! Your 2003 Account Statement for shows 800 un-redeemed S. I. M. points. Call 08719899230 Identifier Code: 41685 Expires 07/11/04,en,uci_sms_spam_collection_v1,spam,FRAUD,fraud-intent-keywords,,,ce0313c5341e,
uci_pilot_0174,I taught that Ranjith sir called me. So only i sms like that. Becaus hes verifying about project. Prabu told today so only pa dont mistake me..,en,uci_sms_spam_collection_v1,ham,NEEDS_REVIEW,ham-personal-or-unclear,,,6ef30e9c8073,
uci_pilot_0175,R ü comin back for dinner?,en,uci_sms_spam_collection_v1,ham,NEEDS_REVIEW,ham-personal-or-unclear,,,0d06ad5718e6,
uci_pilot_0176,NEFT Transaction with reference number  &lt;#&gt;  for Rs. &lt;DECIMAL&gt;  has been credited to the beneficiary account on  &lt;#&gt;  at  &lt;TIME&gt; : &lt;#&gt;,en,uci_sms_spam_collection_v1,ham,TRANSACTION,account/order/auth/logistics-result,,,3a489ce8a99a,
uci_pilot_0177,For taking part in our mobile survey yesterday! You can now have 500 texts 2 use however you wish. 2 get txts just send TXT to 80160 T&C www.txt43.com 1.50p,en,uci_sms_spam_collection_v1,spam,HARASS,adult-dating-debt-harass,,,4e646a487931,
uci_pilot_0178,Hey I am really horny want to chat or see me naked text hot to 69698 text charged at 150pm to unsubscribe text stop 69698,en,uci_sms_spam_collection_v1,spam,AD,merchant-or-subscription-promo,,,d1e8612f5f17,
uci_pilot_0179,:-( that's not v romantic!,en,uci_sms_spam_collection_v1,ham,NEEDS_REVIEW,ham-personal-or-unclear,,,362d8a986b4e,
uci_pilot_0180,HMV BONUS SPECIAL 500 pounds of genuine HMV vouchers to be won. Just answer 4 easy questions. Play Now! Send HMV to 86688 More info:www.100percent-real.com,en,uci_sms_spam_collection_v1,spam,AD,spam-link-promo-candidate,,,f4738b21547b,
uci_pilot_0181,Our records indicate u maybe entitled to 5000 pounds in compensation for the Accident you had. To claim 4 free reply with CLAIM to this msg. 2 stop txt STOP,en,uci_sms_spam_collection_v1,spam,AD,merchant-or-subscription-promo,,,5214a78617f9,
uci_pilot_0182,"Give her something to drink, if she takes it and doesn't vomit then you her temp might drop. If she unmits however let me know.",en,uci_sms_spam_collection_v1,ham,HARASS,adult-dating-debt-harass,,,d9fd88c6b556,
uci_pilot_0183,"Hmmm... Guess we can go 4 kb n power yoga... Haha, dunno we can tahan power yoga anot... Thk got lo oso, forgot liao...",en,uci_sms_spam_collection_v1,ham,HARASS,adult-dating-debt-harass,,,1b643e91dedf,
uci_pilot_0184,Hey you around? I've got enough for a half + the ten I owe you,en,uci_sms_spam_collection_v1,ham,HARASS,adult-dating-debt-harass,,,c9184a75151f,
uci_pilot_0185,URGENT! We are trying to contact U. Todays draw shows that you have won a £800 prize GUARANTEED. Call 09050001295 from land line. Claim A21. Valid 12hrs only,en,uci_sms_spam_collection_v1,spam,FRAUD,fraud-intent-keywords,,,5e21faa9d2c0,
uci_pilot_0186,Monthly password for wap. mobsi.com is 391784. Use your wap phone not PC.,en,uci_sms_spam_collection_v1,spam,AD,spam-link-promo-candidate,,,01f733d38ca9,
uci_pilot_0187,Hi baby ive just got back from work and i was wanting to see u allday! I hope i didnt piss u off on the phone today. If u are up give me a call xxx,en,uci_sms_spam_collection_v1,ham,HARASS,adult-dating-debt-harass,,,8b060ebec97e,
uci_pilot_0188,"My Parents, My Kidz, My Friends n My Colleagues. All screaming.. SURPRISE !! and I was waiting on the sofa.. ... ..... ' NAKED...!",en,uci_sms_spam_collection_v1,ham,HARASS,adult-dating-debt-harass,,,bd7e8f64a8bb,
uci_pilot_0189,XMAS Prize draws! We are trying to contact U. Todays draw shows that you have won a £2000 prize GUARANTEED. Call 09058094565 from land line. Valid 12hrs only,en,uci_sms_spam_collection_v1,spam,FRAUD,fraud-intent-keywords,,,8ddbfdc783f7,
uci_pilot_0190,The beauty of life is in next second.. which hides thousands of secrets. I wish every second will be wonderful in ur life...!! gud n8,en,uci_sms_spam_collection_v1,ham,NEEDS_REVIEW,ham-personal-or-unclear,,,bcfc75ef9bf1,
uci_pilot_0191,From here after The performance award is calculated every two month.not for current one month period..,en,uci_sms_spam_collection_v1,ham,NEEDS_REVIEW,ham-personal-or-unclear,,,74f4bdb01f4c,
uci_pilot_0192,"G says you never answer your texts, confirm/deny",en,uci_sms_spam_collection_v1,ham,NEEDS_REVIEW,ham-personal-or-unclear,,,12d69000db52,
uci_pilot_0193,How did you find out in a way that didn't include all of these details,en,uci_sms_spam_collection_v1,ham,NEEDS_REVIEW,ham-personal-or-unclear,,,54093cc107b7,
uci_pilot_0194,Cheers for the message Zogtorius. Ive been staring at my phone for an age deciding whether to text or not.,en,uci_sms_spam_collection_v1,ham,NEEDS_REVIEW,ham-personal-or-unclear,,,f9ee3c343f0b,
uci_pilot_0195,Dont show yourself. How far. Put new pictures up on facebook.,en,uci_sms_spam_collection_v1,ham,NEEDS_REVIEW,ham-personal-or-unclear,,,5e42e0d2e2d5,
uci_pilot_0196,"Enjoy the showers of possessiveness poured on u by ur loved ones, bcoz in this world of lies, it is a golden gift to be loved truly..",en,uci_sms_spam_collection_v1,ham,HARASS,adult-dating-debt-harass,,,740f99cb078d,
uci_pilot_0197,I luv u soo much u dont understand how special u r 2 me ring u 2morrow luv u xxx,en,uci_sms_spam_collection_v1,ham,HARASS,adult-dating-debt-harass,,,3516487a9f9e,
uci_pilot_0198,"As a valued customer, I am pleased to advise you that following recent review of your Mob No. you are awarded with a £1500 Bonus Prize, call 09066368470",en,uci_sms_spam_collection_v1,spam,FRAUD,fraud-intent-keywords,,,227a8e0fcbad,
uci_pilot_0199,Gudnite....tc...practice going on,en,uci_sms_spam_collection_v1,ham,NEEDS_REVIEW,ham-personal-or-unclear,,,555aef7c613a,
uci_pilot_0200,Hey i will be really pretty late... You want to go for the lesson first? I will join you. I'm only reaching tp mrt,en,uci_sms_spam_collection_v1,ham,NEEDS_REVIEW,ham-personal-or-unclear,,,e6e70f1b162d,
uci_pilot_0201,"Hey babe, my friend had to cancel, still up for a visit ?",en,uci_sms_spam_collection_v1,ham,NEEDS_REVIEW,ham-personal-or-unclear,,,618332dda130,
uci_pilot_0202,You have won a Nokia 7250i. This is what you get when you win our FREE auction. To take part send Nokia to 86021 now. HG/Suite342/2Lands Row/W1JHL 16+,en,uci_sms_spam_collection_v1,spam,FRAUD,fraud-intent-keywords,,,f39f9e2ca541,
uci_pilot_0203,hi baby im cruisin with my girl friend what r u up 2? give me a call in and hour at home if thats alright or fone me on this fone now love jenny xxx,en,uci_sms_spam_collection_v1,ham,HARASS,adult-dating-debt-harass,,,8e382b8b116c,
uci_pilot_0204,"Tick, tick, tick .... Where are you ? I could die of loneliness you know ! *pouts* *stomps feet* I need you ...",en,uci_sms_spam_collection_v1,ham,NEEDS_REVIEW,ham-personal-or-unclear,,,f63f23992b9e,
uci_pilot_0205,PRIVATE! Your 2003 Account Statement for 07753741225 shows 800 un-redeemed S. I. M. points. Call 08715203677 Identifier Code: 42478 Expires 24/10/04,en,uci_sms_spam_collection_v1,spam,FRAUD,fraud-intent-keywords,,,fabe2760eace,
uci_pilot_0206,And maybe some pressies,en,uci_sms_spam_collection_v1,ham,NEEDS_REVIEW,ham-personal-or-unclear,,,4a8abb8f6968,
uci_pilot_0207,URGENT! We are trying to contact U. Todays draw shows that you have won a £800 prize GUARANTEED. Call 09050001808 from land line. Claim M95. Valid12hrs only,en,uci_sms_spam_collection_v1,spam,FRAUD,fraud-intent-keywords,,,5e21faa9d2c0,
uci_pilot_0208,When're you guys getting back? G said you were thinking about not staying for mcr,en,uci_sms_spam_collection_v1,ham,NEEDS_REVIEW,ham-personal-or-unclear,,,3e832b3401f3,
uci_pilot_0209,FREE entry into our £250 weekly comp just send the word WIN to 80086 NOW. 18 T&C www.txttowin.co.uk,en,uci_sms_spam_collection_v1,spam,AD,spam-link-promo-candidate,,,714859e425ee,
uci_pilot_0210,"Hm good morning, headache anyone? :-)",en,uci_sms_spam_collection_v1,ham,NEEDS_REVIEW,ham-personal-or-unclear,,,f8407a507928,
uci_pilot_0211,Just curious because my cuz asked what I was up to,en,uci_sms_spam_collection_v1,ham,NEEDS_REVIEW,ham-personal-or-unclear,,,dacca5526c00,
uci_pilot_0212,"The guy at the car shop who was flirting with me got my phone number from the paperwork and called and texted me. I'm nervous because of course now he may have my address. Should i call his boss and tell him, knowing this may get him fired?",en,uci_sms_spam_collection_v1,ham,HARASS,adult-dating-debt-harass,,,4ced8fc5c872,
uci_pilot_0213,HI DARLIN IVE JUST GOT BACK AND I HAD A REALLY NICE NIGHT AND THANKS SO MUCH FOR THE LIFT SEE U TOMORROW XXX,en,uci_sms_spam_collection_v1,ham,HARASS,adult-dating-debt-harass,,,442e28831d56,
uci_pilot_0214,"Cool, text me when you're ready",en,uci_sms_spam_collection_v1,ham,NEEDS_REVIEW,ham-personal-or-unclear,,,505be239fc45,
uci_pilot_0215,You are a winner you have been specially selected to receive £1000 cash or a £2000 award. Speak to a live operator to claim call 087147123779am-7pm. Cost 10p,en,uci_sms_spam_collection_v1,spam,FRAUD,fraud-intent-keywords,,,df258a4bb926,
uci_pilot_0216,"You are guaranteed the latest Nokia Phone, a 40GB iPod MP3 player or a £500 prize! Txt word: COLLECT to No: 83355! IBHltd LdnW15H 150p/Mtmsgrcvd18",en,uci_sms_spam_collection_v1,spam,FRAUD,fraud-social-engineering-pattern,,,b77dca8a9a14,
uci_pilot_0217,"""ALRITE HUNNY!WOT U UP 2 2NITE? DIDNT END UP GOIN DOWN TOWN JUS DA PUB INSTEAD! JUS CHILLIN AT DA MO IN ME BEDROOM!LOVE JEN XXX.""",en,uci_sms_spam_collection_v1,ham,HARASS,adult-dating-debt-harass,,,506844341e36,
uci_pilot_0218,Serious? What like proper tongued her,en,uci_sms_spam_collection_v1,ham,NEEDS_REVIEW,ham-personal-or-unclear,,,3435194da37f,
uci_pilot_0219,Hey u still at the gym?,en,uci_sms_spam_collection_v1,ham,NEEDS_REVIEW,ham-personal-or-unclear,,,28753f95d38f,
uci_pilot_0220,URGENT! Your Mobile number has been awarded with a £2000 prize GUARANTEED. Call 09061790126 from land line. Claim 3030. Valid 12hrs only 150ppm,en,uci_sms_spam_collection_v1,spam,FRAUD,fraud-intent-keywords,,,97d9641a0632,
uci_pilot_0221,"That's the trouble with classes that go well - you're due a dodgey one … Expecting mine tomo! See you for recovery, same time, same place",en,uci_sms_spam_collection_v1,ham,NEEDS_REVIEW,ham-personal-or-unclear,,,ced3aebe0021,
uci_pilot_0222,"Derp. Which is worse, a dude who always wants to party or a dude who files a complaint about the three drug abusers he lives with",en,uci_sms_spam_collection_v1,ham,NEEDS_REVIEW,ham-personal-or-unclear,,,fdc7669d4a57,
uci_pilot_0223,"Our dating service has been asked 2 contact U by someone shy! CALL 09058091870 NOW all will be revealed. POBox84, M26 3UZ 150p",en,uci_sms_spam_collection_v1,spam,HARASS,adult-dating-debt-harass,,,4c2a60b0bbfc,
uci_pilot_0224,"Urgent! call 09066612661 from landline. Your complementary 4* Tenerife Holiday or £10,000 cash await collection SAE T&Cs PO Box 3 WA14 2PX 150ppm 18+ Sender: Hol Offer",en,uci_sms_spam_collection_v1,spam,AD,merchant-or-subscription-promo,,,74dea0b47e59,
uci_pilot_0225,"(I should add that I don't really care and if you can't I can at least get this dude to fuck off but hey, your money if you want it)",en,uci_sms_spam_collection_v1,ham,NEEDS_REVIEW,ham-personal-or-unclear,,,e2b61f8d4cfa,
uci_pilot_0226,Double your mins & txts on Orange or 1/2 price linerental - Motorola and SonyEricsson with B/Tooth FREE-Nokia FREE Call MobileUpd8 on 08000839402 or2optout/HV9D,en,uci_sms_spam_collection_v1,spam,FRAUD,fraud-social-engineering-pattern,,,893edf51eef5,
uci_pilot_0227,December only! Had your mobile 11mths+? You are entitled to update to the latest colour camera mobile for Free! Call The Mobile Update VCo FREE on 08002986906,en,uci_sms_spam_collection_v1,spam,AD,merchant-or-subscription-promo,,,9a321c2fcc76,
uci_pilot_0228,"SMSSERVICES. for yourinclusive text credits, pls goto www.comuk.net login= 3qxj9 unsubscribe with STOP, no extra charge. help 08702840625.COMUK. 220-CM2 9AE",en,uci_sms_spam_collection_v1,spam,AD,merchant-or-subscription-promo,,,6d593d0d4162,
uci_pilot_0229,"""NONE!NOWHERE IKNO DOESDISCOUNT!SHITINNIT""",en,uci_sms_spam_collection_v1,ham,AD,merchant-or-subscription-promo,,,d85fbe5a4c6b,
uci_pilot_0230,1's reach home call me.,en,uci_sms_spam_collection_v1,ham,NEEDS_REVIEW,ham-personal-or-unclear,,,42c9795797ca,
uci_pilot_0231,Free entry in 2 a wkly comp to win FA Cup final tkts 21st May 2005. Text FA to 87121 to receive entry question(std txt rate)T&C's apply 08452810075over18's,en,uci_sms_spam_collection_v1,spam,AD,merchant-or-subscription-promo,,,e0774c76ad85,
uci_pilot_0232,U have a Secret Admirer who is looking 2 make contact with U-find out who they R*reveal who thinks UR so special-call on 09065171142-stopsms-08718727870150ppm,en,uci_sms_spam_collection_v1,spam,HARASS,adult-dating-debt-harass,,,2cc64639dece,
uci_pilot_0233,As in i want custom officer discount oh.,en,uci_sms_spam_collection_v1,ham,AD,merchant-or-subscription-promo,,,69f9400fdda6,
uci_pilot_0234,hi my darlin im on my way to London and we have just been smashed into by another driver! and have a big dent! im really missing u what have u been up to? xxx,en,uci_sms_spam_collection_v1,ham,HARASS,adult-dating-debt-harass,,,8c1d519f3d62,
uci_pilot_0235,"Thanks for your ringtone order, reference number X49.Your mobile will be charged 4.50. Should your tone not arrive please call customer services 09065989182",en,uci_sms_spam_collection_v1,spam,AD,merchant-or-subscription-promo,,,bd86a6d87cbc,
uci_pilot_0236,Please call our customer service representative on 0800 169 6031 between 10am-9pm as you have WON a guaranteed £1000 cash or £5000 prize!,en,uci_sms_spam_collection_v1,spam,FRAUD,fraud-intent-keywords,,,97c90bf3669f,
uci_pilot_0237,dating:i have had two of these. Only started after i sent a text to talk sport radio last week. Any connection do you think or coincidence?,en,uci_sms_spam_collection_v1,spam,HARASS,adult-dating-debt-harass,,,6f17e1710593,
uci_pilot_0238,Hai dear friends... This is my new &amp; present number..:) By Rajitha Raj (Ranju),en,uci_sms_spam_collection_v1,ham,NEEDS_REVIEW,ham-personal-or-unclear,,,53fda4aeb096,
uci_pilot_0239,"England v Macedonia - dont miss the goals/team news. Txt ur national team to 87077 eg ENGLAND to 87077 Try:WALES, SCOTLAND 4txt/ú1.20 POBOXox36504W45WQ 16+",en,uci_sms_spam_collection_v1,spam,AD,merchant-or-subscription-promo,,,3b8af00c5caa,
uci_pilot_0240,"URGENT! Your mobile No 07xxxxxxxxx won a £2,000 bonus caller prize on 02/06/03! this is the 2nd attempt to reach YOU! call 09066362231 ASAP! BOX97N7QP, 150PPM",en,uci_sms_spam_collection_v1,spam,FRAUD,fraud-intent-keywords,,,75349e389d4c,
uci_pilot_0241,Ü log off 4 wat. It's sdryb8i,en,uci_sms_spam_collection_v1,ham,NEEDS_REVIEW,ham-personal-or-unclear,,,760b50882250,
uci_pilot_0242,Do you think i can move  &lt;#&gt;  in a week,en,uci_sms_spam_collection_v1,ham,NEEDS_REVIEW,ham-personal-or-unclear,,,3503e3df1391,
uci_pilot_0243,Alright i have a new goal now,en,uci_sms_spam_collection_v1,ham,NEEDS_REVIEW,ham-personal-or-unclear,,,756cfc087a51,
uci_pilot_0244,WINNER! As a valued network customer you hvae been selected to receive a £900 reward! To collect call 09061701444. Valid 24 hours only. ACL03530150PM,en,uci_sms_spam_collection_v1,spam,FRAUD,fraud-intent-keywords,,,d1a84047a65b,
uci_pilot_0245,"This is the 2nd time we have tried 2 contact u. U have won the 750 Pound prize. 2 claim is easy, call 08712101358 NOW! Only 10p per min. BT-national-rate",en,uci_sms_spam_collection_v1,spam,FRAUD,fraud-social-engineering-pattern,,,7e959529ca51,
uci_pilot_0246,"You are a £1000 winner or Guaranteed Caller Prize, this is our Final attempt to contact you! To Claim Call 09071517866 Now! 150ppmPOBox10183BhamB64XE",en,uci_sms_spam_collection_v1,spam,FRAUD,fraud-intent-keywords,,,32fdb12cc353,
uci_pilot_0247,"Sir Goodmorning, Once free call me.",en,uci_sms_spam_collection_v1,ham,NEEDS_REVIEW,ham-personal-or-unclear,,,ee305b46fe96,
uci_pilot_0248,"Hey Boys. Want hot XXX pics sent direct 2 ur phone? Txt PORN to 69855, 24Hrs free and then just 50p per day. To stop text STOPBCM SF WC1N3XX",en,uci_sms_spam_collection_v1,spam,AD,merchant-or-subscription-promo,,,010e9cbe8565,
uci_pilot_0249,Fuck cedar key and fuck her (come over anyway tho),en,uci_sms_spam_collection_v1,ham,NEEDS_REVIEW,ham-personal-or-unclear,,,8945e8e4260d,
uci_pilot_0250,Ok no problem... Yup i'm going to sch at 4 if i rem correctly...,en,uci_sms_spam_collection_v1,ham,NEEDS_REVIEW,ham-personal-or-unclear,,,28c67e9fdbae,
uci_pilot_0251,Aww that's the first time u said u missed me without asking if I missed u first. You DO love me! :),en,uci_sms_spam_collection_v1,ham,NEEDS_REVIEW,ham-personal-or-unclear,,,3215d70dd41b,
uci_pilot_0252,Txt: CALL to No: 86888 & claim your reward of 3 hours talk time to use from your phone now! Subscribe6GBP/mnth inc 3hrs 16 stop?txtStop www.gamb.tv,en,uci_sms_spam_collection_v1,spam,FRAUD,fraud-intent-keywords,,,bf05a5967d1b,
uci_pilot_0253,"FREE MESSAGE Activate your 500 FREE Text Messages by replying to this message with the word FREE For terms & conditions, visit www.07781482378.com",en,uci_sms_spam_collection_v1,spam,AD,spam-link-promo-candidate,,,0ba0618a4615,
uci_pilot_0254,Join the UK's horniest Dogging service and u can have sex 2nite!. Just sign up and follow the instructions. Txt ENTRY to 69888 now! Nyt.EC2A.3LP.msg@150p,en,uci_sms_spam_collection_v1,spam,HARASS,adult-dating-debt-harass,,,d6ea62a4fdc1,
uci_pilot_0255,I hope you arnt pissed off but id would really like to see you tomorrow. Love me xxxxxxxxxxxxxX,en,uci_sms_spam_collection_v1,ham,HARASS,adult-dating-debt-harass,,,32e220c04ca5,
uci_pilot_0256,December only! Had your mobile 11mths+? You are entitled to update to the latest colour camera mobile for Free! Call The Mobile Update Co FREE on 08002986906,en,uci_sms_spam_collection_v1,spam,AD,merchant-or-subscription-promo,,,9a321c2fcc76,
uci_pilot_0257,India have to take lead:),en,uci_sms_spam_collection_v1,ham,NEEDS_REVIEW,ham-personal-or-unclear,,,96e39d3717ec,
uci_pilot_0258,"For ur chance to win a £250 wkly shopping spree TXT: SHOP to 80878. T's&C's www.txt-2-shop.com custcare 08715705022, 1x150p/wk",en,uci_sms_spam_collection_v1,spam,AD,spam-link-promo-candidate,,,283f3bbd46f6,
uci_pilot_0259,PRIVATE! Your 2003 Account Statement for shows 800 un-redeemed S. I. M. points. Call 08718738002 Identifier Code: 48922 Expires 21/11/04,en,uci_sms_spam_collection_v1,spam,FRAUD,fraud-intent-keywords,,,ce0313c5341e,
uci_pilot_0260,Please call our customer service representative on FREEPHONE 0808 145 4742 between 9am-11pm as you have WON a guaranteed £1000 cash or £5000 prize!,en,uci_sms_spam_collection_v1,spam,FRAUD,fraud-intent-keywords,,,80204a8f2287,
uci_pilot_0261,I love to wine and dine my lady!,en,uci_sms_spam_collection_v1,ham,NEEDS_REVIEW,ham-personal-or-unclear,,,b906a0ceb92e,
uci_pilot_0262,"URGENT! Your mobile No 077xxx WON a £2,000 Bonus Caller Prize on 02/06/03! This is the 2nd attempt to reach YOU! Call 09066362206 ASAP! BOX97N7QP, 150ppm",en,uci_sms_spam_collection_v1,spam,FRAUD,fraud-intent-keywords,,,73c346cc506a,
uci_pilot_0263,"Solve d Case : A Man Was Found Murdered On  &lt;DECIMAL&gt; . &lt;#&gt;  AfterNoon. 1,His wife called Police. 2,Police questioned everyone. 3,Wife: Sir,I was sleeping, when the murder took place. 4.Cook: I was cooking. 5.Gardener: I was picking vegetables. 6.House-Maid: I went 2 d post office. 7.Children: We went 2 play. 8.Neighbour: We went 2 a marriage. Police arrested d murderer Immediately. Who's It? Reply With Reason, If U r Brilliant.",en,uci_sms_spam_collection_v1,ham,NEEDS_REVIEW,ham-personal-or-unclear,,,c73433d1aba6,
uci_pilot_0264,URGENT! We are trying to contact you. Last weekends draw shows that you have won a £900 prize GUARANTEED. Call 09061701939. Claim code S89. Valid 12hrs only,en,uci_sms_spam_collection_v1,spam,FRAUD,fraud-intent-keywords,,,b7acb67e30ce,
uci_pilot_0265,Panasonic & BluetoothHdset FREE. Nokia FREE. Motorola FREE & DoubleMins & DoubleTxt on Orange contract. Call MobileUpd8 on 08000839402 or call 2optout,en,uci_sms_spam_collection_v1,spam,NEEDS_REVIEW,spam-unclear-subtype,,,428f905f1015,
uci_pilot_0266,EASTENDERS TV Quiz. What FLOWER does DOT compare herself to? D= VIOLET E= TULIP F= LILY txt D E or F to 84025 NOW 4 chance 2 WIN £100 Cash WKENT/150P16+,en,uci_sms_spam_collection_v1,spam,AD,merchant-or-subscription-promo,,,dfee5f3aea90,
uci_pilot_0267,HMV BONUS SPECIAL 500 pounds of genuine HMV vouchers to be won. Just answer 4 easy questions. Play Now! Send HMV to 86688 More info:www.100percent-real.com,en,uci_sms_spam_collection_v1,spam,AD,spam-link-promo-candidate,,,f4738b21547b,
uci_pilot_0268,"Yeah, probably but not sure. Ilol let u know, but personally I wuldnt bother, then again if ur goin to then I mite as well!!",en,uci_sms_spam_collection_v1,ham,NEEDS_REVIEW,ham-personal-or-unclear,,,71411db60f23,
uci_pilot_0269,Take something for pain. If it moves however to any side in the next 6hrs see a doctor.,en,uci_sms_spam_collection_v1,ham,HARASS,adult-dating-debt-harass,,,1a6ea54dd207,
uci_pilot_0270,"You've won tkts to the EURO2004 CUP FINAL or £800 CASH, to collect CALL 09058099801 b4190604, POBOX 7876150ppm",en,uci_sms_spam_collection_v1,spam,FRAUD,fraud-intent-keywords,,,ce4c84c4a0d5,
uci_pilot_0271,"Urgent! call 09066350750 from your landline. Your complimentary 4* Ibiza Holiday or 10,000 cash await collection SAE T&Cs PO BOX 434 SK3 8WP 150 ppm 18+",en,uci_sms_spam_collection_v1,spam,AD,merchant-or-subscription-promo,,,aef9292e5cb2,
uci_pilot_0272,URGENT! We are trying to contact U. Todays draw shows that you have won a £2000 prize GUARANTEED. Call 09066358361 from land line. Claim Y87. Valid 12hrs only,en,uci_sms_spam_collection_v1,spam,FRAUD,fraud-intent-keywords,,,5e21faa9d2c0,
uci_pilot_0273,Oh great. I.ll disturb him more so that we can talk.,en,uci_sms_spam_collection_v1,ham,NEEDS_REVIEW,ham-personal-or-unclear,,,5f07f6a5f149,
uci_pilot_0274,PRIVATE! Your 2003 Account Statement for shows 800 un-redeemed S. I. M. points. Call 08715203694 Identifier Code: 40533 Expires 31/10/04,en,uci_sms_spam_collection_v1,spam,FRAUD,fraud-intent-keywords,,,ce0313c5341e,
uci_pilot_0275,sexy sexy cum and text me im wet and warm and ready for some porn! u up for some fun? THIS MSG IS FREE RECD MSGS 150P INC VAT 2 CANCEL TEXT STOP,en,uci_sms_spam_collection_v1,spam,AD,merchant-or-subscription-promo,,,fb82e483e20b,
uci_pilot_0276,This message is free. Welcome to the new & improved Sex & Dogging club! To unsubscribe from this service reply STOP. msgs@150p 18 only,en,uci_sms_spam_collection_v1,spam,AD,merchant-or-subscription-promo,,,bbebf9577083,
uci_pilot_0277,"Oh, yes, I've just been a little under the weather so i've kind of been coccooning at home",en,uci_sms_spam_collection_v1,ham,NEEDS_REVIEW,ham-personal-or-unclear,,,49dd8791866c,
uci_pilot_0278,"URGENT! Your mobile number *************** WON a £2000 Bonus Caller prize on 10/06/03! This is the 2nd attempt to reach you! Call 09066368753 ASAP! Box 97N7QP, 150ppm",en,uci_sms_spam_collection_v1,spam,FRAUD,fraud-intent-keywords,,,ce9c647580a2,
uci_pilot_0279,"our mobile number has won £5000, to claim calls us back or ring the claims hot line on 09050005321.",en,uci_sms_spam_collection_v1,spam,FRAUD,fraud-intent-keywords,,,a6bf9cb06769,
uci_pilot_0280,I‘m going to try for 2 months ha ha only joking,en,uci_sms_spam_collection_v1,ham,NEEDS_REVIEW,ham-personal-or-unclear,,,9f8f1fc99016,
uci_pilot_0281,URGENT! Your Mobile number has been awarded with a £2000 prize GUARANTEED. Call 09061790121 from land line. Claim 3030. Valid 12hrs only 150ppm,en,uci_sms_spam_collection_v1,spam,FRAUD,fraud-intent-keywords,,,97d9641a0632,
uci_pilot_0282,Me too baby! I promise to treat you well! I bet you will take good care of me...,en,uci_sms_spam_collection_v1,ham,NEEDS_REVIEW,ham-personal-or-unclear,,,2303880dec66,
uci_pilot_0283,Jus finish blowing my hair. U finish dinner already?,en,uci_sms_spam_collection_v1,ham,NEEDS_REVIEW,ham-personal-or-unclear,,,73512f04ad58,
uci_pilot_0284,Lul im gettin some juicy gossip at the hospital. Two nurses are talking about how fat they are gettin. And one thinks shes obese. Oyea.,en,uci_sms_spam_collection_v1,ham,NEEDS_REVIEW,ham-personal-or-unclear,,,0022d281c758,
uci_pilot_0285,Dear Dave this is your final notice to collect your 4* Tenerife Holiday or #5000 CASH award! Call 09061743806 from landline. TCs SAE Box326 CW25WX 150ppm,en,uci_sms_spam_collection_v1,spam,FRAUD,fraud-social-engineering-pattern,,,47c6e1dfa5c0,
uci_pilot_0286,Fwiw the reason I'm only around when it's time to smoke is that because of gas I can only afford to be around when someone tells me to be and that apparently only happens when somebody wants to light up,en,uci_sms_spam_collection_v1,ham,NEEDS_REVIEW,ham-personal-or-unclear,,,5e8814282d89,
uci_pilot_0287,PRIVATE! Your 2004 Account Statement for 07742676969 shows 786 unredeemed Bonus Points. To claim call 08719180248 Identifier Code: 45239 Expires,en,uci_sms_spam_collection_v1,spam,FRAUD,fraud-intent-keywords,,,5b389fcf109d,
uci_pilot_0288,You have won a guaranteed £200 award or even £1000 cashto claim UR award call free on 08000407165 (18+) 2 stop getstop on 88222 PHP,en,uci_sms_spam_collection_v1,spam,FRAUD,fraud-intent-keywords,,,3226803a244c,
uci_pilot_0289,Please call our customer service representative on FREEPHONE 0808 145 4742 between 9am-11pm as you have WON a guaranteed £1000 cash or £5000 prize!,en,uci_sms_spam_collection_v1,spam,FRAUD,fraud-intent-keywords,,,80204a8f2287,
uci_pilot_0290,URGENT This is our 2nd attempt to contact U. Your £900 prize from YESTERDAY is still awaiting collection. To claim CALL NOW 09061702893,en,uci_sms_spam_collection_v1,spam,FRAUD,fraud-intent-keywords,,,a3e18a015be0,
uci_pilot_0291,BIG BROTHER ALERT! The computer has selected u for 10k cash or #150 voucher. Call 09064018838. NTT PO Box CRO1327 18+ BT Landline Cost 150ppm mobiles vary,en,uci_sms_spam_collection_v1,spam,AD,merchant-or-subscription-promo,,,31b9fb61abde,
uci_pilot_0292,"URGENT!: Your Mobile No. was awarded a £2,000 Bonus Caller Prize on 02/09/03! This is our 2nd attempt to contact YOU! Call 0871-872-9755 BOX95QU",en,uci_sms_spam_collection_v1,spam,FRAUD,fraud-intent-keywords,,,dfa141e2aaa6,
uci_pilot_0293,Thanks for sending this mental ability question..,en,uci_sms_spam_collection_v1,ham,NEEDS_REVIEW,ham-personal-or-unclear,,,5b016b5df488,
uci_pilot_0294,GENT! We are trying to contact you. Last weekends draw shows that you won a £1000 prize GUARANTEED. Call 09064012160. Claim Code K52. Valid 12hrs only. 150ppm,en,uci_sms_spam_collection_v1,spam,FRAUD,fraud-intent-keywords,,,e9ec92d192eb,
uci_pilot_0295,"My Parents, My Kidz, My Friends n My Colleagues. All screaming.. SURPRISE !! and I was waiting on the sofa.. ... ..... ' NAKED...!",en,uci_sms_spam_collection_v1,ham,HARASS,adult-dating-debt-harass,,,bd7e8f64a8bb,
uci_pilot_0296,Does not operate after  &lt;#&gt;  or what,en,uci_sms_spam_collection_v1,ham,NEEDS_REVIEW,ham-personal-or-unclear,,,da519fc8742b,
uci_pilot_0297,Ringtone Club: Gr8 new polys direct to your mobile every week !,en,uci_sms_spam_collection_v1,spam,AD,merchant-or-subscription-promo,,,53050760424f,
uci_pilot_0298,Sex up ur mobile with a FREE sexy pic of Jordan! Just text BABE to 88600. Then every wk get a sexy celeb! PocketBabe.co.uk 4 more pics. 16 £3/wk 087016248,en,uci_sms_spam_collection_v1,spam,HARASS,adult-dating-debt-harass,,,53fc3a50c450,
uci_pilot_0299,Get the official ENGLAND poly ringtone or colour flag on yer mobile for tonights game! Text TONE or FLAG to 84199. Optout txt ENG STOP Box39822 W111WX £1.50,en,uci_sms_spam_collection_v1,spam,AD,merchant-or-subscription-promo,,,04e614915ac7,
uci_pilot_0300,Adult 18 Content Your video will be with you shortly,en,uci_sms_spam_collection_v1,spam,HARASS,adult-dating-debt-harass,,,40cd1d7752b2,
uci_pilot_0301,"""Response"" is one of d powerful weapon 2 occupy a place in others 'HEART'... So, always give response 2 who cares 4 U""... Gud night..swt dreams..take care",en,uci_sms_spam_collection_v1,ham,HARASS,adult-dating-debt-harass,,,b79a0182ed6d,
uci_pilot_0302,Not heard from U4 a while. Call 4 rude chat private line 01223585334 to cum. Wan 2C pics of me gettin shagged then text PIX to 8552. 2End send STOP 8552 SAM xxx,en,uci_sms_spam_collection_v1,spam,HARASS,adult-dating-debt-harass,,,c3c627cb5f69,
uci_pilot_0303,A link to your picture has been sent. You can also use http://alto18.co.uk/wave/wave.asp?o=44345,en,uci_sms_spam_collection_v1,spam,AD,spam-link-promo-candidate,,,376bd047012f,
uci_pilot_0304,Collect your VALENTINE'S weekend to PARIS inc Flight & Hotel + £200 Prize guaranteed! Text: PARIS to No: 69101. www.rtf.sphosting.com,en,uci_sms_spam_collection_v1,spam,FRAUD,fraud-intent-keywords,,,615010bc8ab6,
uci_pilot_0305,"It‘s £6 to get in, is that ok?",en,uci_sms_spam_collection_v1,ham,NEEDS_REVIEW,ham-personal-or-unclear,,,cd844b12ca1d,
uci_pilot_0306,"A boy was late 2 home. His father: ""POWER OF FRNDSHIP""",en,uci_sms_spam_collection_v1,ham,HARASS,adult-dating-debt-harass,,,811114f6b749,
uci_pilot_0307,"SMS SERVICES. for your inclusive text credits, pls goto www.comuk.net login= ***** unsubscribe with STOP. no extra charge. help:08700469649. PO BOX420. IP4 5WE",en,uci_sms_spam_collection_v1,spam,AD,merchant-or-subscription-promo,,,25189d45c05a,
uci_pilot_0308,"K, I'll work something out",en,uci_sms_spam_collection_v1,ham,NEEDS_REVIEW,ham-personal-or-unclear,,,b5a62916865c,
uci_pilot_0309,You have been specially selected to receive a 2000 pound award! Call 08712402050 BEFORE the lines close. Cost 10ppm. 16+. T&Cs apply. AG Promo,en,uci_sms_spam_collection_v1,spam,FRAUD,fraud-intent-keywords,,,b2a8ae22b80b,
uci_pilot_0310,Don't b floppy... b snappy & happy! Only gay chat service with photo upload call 08718730666 (10p/min). 2 stop our texts call 08712460324,en,uci_sms_spam_collection_v1,spam,HARASS,adult-dating-debt-harass,,,0cb4be42d119,
uci_pilot_0311,PRIVATE! Your 2003 Account Statement for shows 800 un-redeemed S. I. M. points. Call 08715203652 Identifier Code: 42810 Expires 29/10/0,en,uci_sms_spam_collection_v1,spam,FRAUD,fraud-intent-keywords,,,ce0313c5341e,
uci_pilot_0312,Free entry in 2 a wkly comp to win FA Cup final tkts 21st May 2005. Text FA to 87121 to receive entry question(std txt rate)T&C's apply 08452810075over18's,en,uci_sms_spam_collection_v1,spam,AD,merchant-or-subscription-promo,,,e0774c76ad85,
uci_pilot_0313,URGENT! Your Mobile number has been awarded with a £2000 prize GUARANTEED. Call 09058094454 from land line. Claim 3030. Valid 12hrs only,en,uci_sms_spam_collection_v1,spam,FRAUD,fraud-intent-keywords,,,97d9641a0632,
uci_pilot_0314,Really dun bluff me leh... U sleep early too. Nite...,en,uci_sms_spam_collection_v1,ham,NEEDS_REVIEW,ham-personal-or-unclear,,,0c4d3c518687,
uci_pilot_0315,Do we have any spare power supplies,en,uci_sms_spam_collection_v1,ham,HARASS,adult-dating-debt-harass,,,fe1e125d76fb,
uci_pilot_0316,"Er, hello, things didn‘t quite go to plan – is limping slowly home followed by aa and with exhaust hanging off",en,uci_sms_spam_collection_v1,ham,HARASS,adult-dating-debt-harass,,,46a0350f6a2d,
uci_pilot_0317,Natalja (25/F) is inviting you to be her friend. Reply YES-440 or NO-440 See her: www.SMS.ac/u/nat27081980 STOP? Send STOP FRND to 62468,en,uci_sms_spam_collection_v1,spam,AD,spam-link-promo-candidate,,,d4511910c11f,
uci_pilot_0318,"You have won ?1,000 cash or a ?2,000 prize! To claim, call09050000327",en,uci_sms_spam_collection_v1,spam,FRAUD,fraud-intent-keywords,,,5714ae640462,
uci_pilot_0319,"cmon babe, make me horny, *turn* me on! Txt me your fantasy now babe -) Im hot, sticky and need you now. All replies cost £1.50. 2 cancel send STOP",en,uci_sms_spam_collection_v1,spam,HARASS,adult-dating-debt-harass,,,53ac2990c386,
uci_pilot_0320,"""OH FUCK. JUSWOKE UP IN A BED ON A BOATIN THE DOCKS. SLEPT WID 25 YEAR OLD. SPINOUT! GIV U DA GOSSIP L8R. XXX""",en,uci_sms_spam_collection_v1,ham,HARASS,adult-dating-debt-harass,,,f9efc08b3a22,
uci_pilot_0321,U still painting ur wall?,en,uci_sms_spam_collection_v1,ham,NEEDS_REVIEW,ham-personal-or-unclear,,,57a707979c40,
uci_pilot_0322,"""What are youdoing later? Sar xxx""",en,uci_sms_spam_collection_v1,ham,HARASS,adult-dating-debt-harass,,,04e58e20b09f,
uci_pilot_0323,U’ve Bin Awarded £50 to Play 4 Instant Cash. Call 08715203028 To Claim. EVERY 9th Player Wins Min £50-£500. OptOut 08718727870,en,uci_sms_spam_collection_v1,spam,FRAUD,fraud-intent-keywords,,,133a30b53832,
uci_pilot_0324,"Like I made him throw up when we were smoking in our friend's car one time, it was awesome",en,uci_sms_spam_collection_v1,ham,NEEDS_REVIEW,ham-personal-or-unclear,,,0f292e73b0aa,
uci_pilot_0325,"""For the most sparkling shopping breaks from 45 per person; call 0121 2025050 or visit www.shortbreaks.org.uk""",en,uci_sms_spam_collection_v1,spam,AD,spam-link-promo-candidate,,,2425cae8a510,
uci_pilot_0326,Wanna get laid 2nite? Want real Dogging locations sent direct to ur mobile? Join the UK's largest Dogging Network. Txt PARK to 69696 now! Nyt. ec2a. 3lp £1.50/msg,en,uci_sms_spam_collection_v1,spam,HARASS,adult-dating-debt-harass,,,e755804bc08e,
uci_pilot_0327,You have WON a guaranteed £1000 cash or a £2000 prize.To claim yr prize call our customer service representative on,en,uci_sms_spam_collection_v1,spam,FRAUD,fraud-intent-keywords,,,47e18e33c678,
uci_pilot_0328,Aight ill get on fb in a couple minutes,en,uci_sms_spam_collection_v1,ham,NEEDS_REVIEW,ham-personal-or-unclear,,,68b43d27895e,
uci_pilot_0329,Ur ringtone service has changed! 25 Free credits! Go to club4mobiles.com to choose content now! Stop? txt CLUB STOP to 87070. 150p/wk Club4 PO Box1146 MK45 2WT,en,uci_sms_spam_collection_v1,spam,AD,merchant-or-subscription-promo,,,6ab485a9d1c9,
uci_pilot_0330,"A few people are at the game, I'm at the mall with iouri and kaila",en,uci_sms_spam_collection_v1,ham,NEEDS_REVIEW,ham-personal-or-unclear,,,14fe52ee67e4,
uci_pilot_0331,-PLS STOP bootydelious (32/F) is inviting you to be her friend. Reply YES-434 or NO-434 See her: www.SMS.ac/u/bootydelious STOP? Send STOP FRND to 62468,en,uci_sms_spam_collection_v1,spam,HARASS,adult-dating-debt-harass,,,2ef01a2419d6,
uci_pilot_0332,"Rock yr chik. Get 100's of filthy films &XXX pics on yr phone now. rply FILTH to 69669. Saristar Ltd, E14 9YT 08701752560. 450p per 5 days. Stop2 cancel",en,uci_sms_spam_collection_v1,spam,HARASS,adult-dating-debt-harass,,,2c55085e0864,
uci_pilot_0333,I will come to ur home now,en,uci_sms_spam_collection_v1,ham,NEEDS_REVIEW,ham-personal-or-unclear,,,0e2da4b2ae53,
uci_pilot_0334,"No we put party 7 days a week and study lightly, I think we need to draw in some custom checkboxes so they know we're hardcore",en,uci_sms_spam_collection_v1,ham,HARASS,adult-dating-debt-harass,,,65500abc849e,
uci_pilot_0335,I was about to do it when i texted. I finished a long time ago and showered and er'ything!,en,uci_sms_spam_collection_v1,ham,HARASS,adult-dating-debt-harass,,,68681e9d0196,
uci_pilot_0336,U have a secret admirer. REVEAL who thinks U R So special. Call 09065174042. To opt out Reply REVEAL STOP. 1.50 per msg recd. Cust care 07821230901,en,uci_sms_spam_collection_v1,spam,HARASS,adult-dating-debt-harass,,,83d233915711,
uci_pilot_0337,"Thank you, winner notified by sms. Good Luck! No future marketing reply STOP to 84122 customer services 08450542832",en,uci_sms_spam_collection_v1,spam,AD,merchant-or-subscription-promo,,,78d72b54104e,
uci_pilot_0338,"""HEY HEY WERETHE MONKEESPEOPLE SAY WE MONKEYAROUND! HOWDY GORGEOUS, HOWU DOIN? FOUNDURSELF A JOBYET SAUSAGE?LOVE JEN XXX""",en,uci_sms_spam_collection_v1,ham,HARASS,adult-dating-debt-harass,,,061568a6bebb,
uci_pilot_0339,December only! Had your mobile 11mths+? You are entitled to update to the latest colour camera mobile for Free! Call The Mobile Update Co FREE on 08002986906,en,uci_sms_spam_collection_v1,spam,AD,merchant-or-subscription-promo,,,9a321c2fcc76,
uci_pilot_0340,18 days to Euro2004 kickoff! U will be kept informed of all the latest news and results daily. Unsubscribe send GET EURO STOP to 83222.,en,uci_sms_spam_collection_v1,spam,AD,merchant-or-subscription-promo,,,c1eb53c1d89f,
uci_pilot_0341,Your account has been refilled successfully by INR  &lt;DECIMAL&gt; . Your KeralaCircle prepaid account balance is Rs  &lt;DECIMAL&gt; . Your Transaction ID is KR &lt;#&gt; .,en,uci_sms_spam_collection_v1,ham,TRANSACTION,account/order/auth/logistics-result,,,3098fabb0ed2,
uci_pilot_0342,"""HEY KATE, HOPE UR OK... WILL GIVE U A BUZ WEDLUNCH. GO OUTSOMEWHERE 4 ADRINK IN TOWN..CUD GO 2WATERSHD 4 A BIT? PPL FROMWRK WILL BTHERE. LOVE PETEXXX.""",en,uci_sms_spam_collection_v1,ham,HARASS,adult-dating-debt-harass,,,cc80be51c982,
uci_pilot_0343,Do have a nice day today. I love you so dearly.,en,uci_sms_spam_collection_v1,ham,NEEDS_REVIEW,ham-personal-or-unclear,,,cb5486cd99f6,
uci_pilot_0344,"""Speak only when you feel your words are better than the silence..."" Gud mrng:-)",en,uci_sms_spam_collection_v1,ham,NEEDS_REVIEW,ham-personal-or-unclear,,,b1ca8c8d5090,
uci_pilot_0345,URGENT! Your Mobile number has been awarded a <UKP>2000 prize GUARANTEED. Call 09061790125 from landline. Claim 3030. Valid 12hrs only 150ppm,en,uci_sms_spam_collection_v1,spam,FRAUD,fraud-intent-keywords,,,b4e9ceb7b1a5,
uci_pilot_0346,Nite nite pocay wocay luv u more than n e thing 4eva I promise ring u 2morrowxxxx,en,uci_sms_spam_collection_v1,ham,HARASS,adult-dating-debt-harass,,,74fa142c9b50,
uci_pilot_0347,FreeMsg Hi baby wow just got a new cam moby. Wanna C a hot pic? or Fancy a chat?Im w8in 4uTxt / rply CHAT to 82242 Hlp 08712317606 Msg150p 2rcv,en,uci_sms_spam_collection_v1,spam,AD,merchant-or-subscription-promo,,,0ee93e6cc99f,
uci_pilot_0348,88800 and 89034 are premium phone services call 08718711108,en,uci_sms_spam_collection_v1,spam,NEEDS_REVIEW,spam-unclear-subtype,,,0a4db9cfe17b,
uci_pilot_0349,URGENT! We are trying to contact U. Todays draw shows that you have won a £800 prize GUARANTEED. Call 09050001808 from land line. Claim M95. Valid12hrs only,en,uci_sms_spam_collection_v1,spam,FRAUD,fraud-intent-keywords,,,5e21faa9d2c0,
uci_pilot_0350,"You are guaranteed the latest Nokia Phone, a 40GB iPod MP3 player or a £500 prize! Txt word: COLLECT to No: 83355! IBHltd LdnW15H 150p/Mtmsgrcvd18+",en,uci_sms_spam_collection_v1,spam,FRAUD,fraud-social-engineering-pattern,,,b77dca8a9a14,
uci_pilot_0351,Which channel:-):-):):-).,en,uci_sms_spam_collection_v1,ham,NEEDS_REVIEW,ham-personal-or-unclear,,,8a045401eb74,
uci_pilot_0352,"""Hi missed your Call and my mumHas beendropping red wine all over theplace! what is your adress?""",en,uci_sms_spam_collection_v1,ham,NEEDS_REVIEW,ham-personal-or-unclear,,,f50e46d8e421,
uci_pilot_0353,"FREE2DAY sexy St George's Day pic of Jordan!Txt PIC to 89080 dont miss out, then every wk a saucy celeb!4 more pics c PocketBabe.co.uk 0870241182716 £3/wk",en,uci_sms_spam_collection_v1,spam,HARASS,adult-dating-debt-harass,,,866bcb0aad3c,
uci_pilot_0354,As one of our registered subscribers u can enter the draw 4 a 100 G.B. gift voucher by replying with ENTER. To unsubscribe text STOP,en,uci_sms_spam_collection_v1,spam,AD,merchant-or-subscription-promo,,,a0af6c31ec77,
uci_pilot_0355,"U can WIN £100 of Music Gift Vouchers every week starting NOW Txt the word DRAW to 87066 TsCs www.Idew.com SkillGame, 1Winaweek, age16. 150ppermessSubscription",en,uci_sms_spam_collection_v1,spam,AD,spam-link-promo-candidate,,,9dfa9052b11f,
uci_pilot_0356,It has everything to do with the weather. Keep extra warm. Its a cold but nothing serious. Pls lots of vitamin c,en,uci_sms_spam_collection_v1,ham,NEEDS_REVIEW,ham-personal-or-unclear,,,cc59d907f08b,
uci_pilot_0357,Todays Vodafone numbers ending with 4882 are selected to a receive a £350 award. If your number matches call 09064019014 to receive your £350 award.,en,uci_sms_spam_collection_v1,spam,FRAUD,fraud-social-engineering-pattern,,,6be06fb7c32b,
uci_pilot_0358,The evo. I just had to download flash. Jealous?,en,uci_sms_spam_collection_v1,ham,NEEDS_REVIEW,ham-personal-or-unclear,,,2e1c8a65d85b,
uci_pilot_0359,PRIVATE! Your 2003 Account Statement for 07815296484 shows 800 un-redeemed S.I.M. points. Call 08718738001 Identifier Code 41782 Expires 18/11/04,en,uci_sms_spam_collection_v1,spam,FRAUD,fraud-intent-keywords,,,fabe2760eace,
uci_pilot_0360,K:)k.are you in college?,en,uci_sms_spam_collection_v1,ham,NEEDS_REVIEW,ham-personal-or-unclear,,,aec445dd8bc0,
uci_pilot_0361,"Watching cartoon, listening music &amp; at eve had to go temple &amp; church.. What about u?",en,uci_sms_spam_collection_v1,ham,NEEDS_REVIEW,ham-personal-or-unclear,,,edc89c62e308,
uci_pilot_0362,"09066362231 URGENT! Your mobile No 07xxxxxxxxx won a £2,000 bonus caller prize on 02/06/03! this is the 2nd attempt to reach YOU! call 09066362231 ASAP!",en,uci_sms_spam_collection_v1,spam,FRAUD,fraud-intent-keywords,,,451a3f0d3d37,
uci_pilot_0363,"URGENT! Your Mobile No. was awarded £2000 Bonus Caller Prize on 5/9/03 This is our final try to contact U! Call from Landline 09064019788 BOX42WR29C, 150PPM",en,uci_sms_spam_collection_v1,spam,FRAUD,fraud-intent-keywords,,,870d9c1b93e5,
uci_pilot_0364,Win a £1000 cash prize or a prize worth £5000,en,uci_sms_spam_collection_v1,spam,FRAUD,fraud-intent-keywords,,,27a95d9b4125,
uci_pilot_0365,"URGENT! Your Mobile No was awarded a £2,000 Bonus Caller Prize on 1/08/03! This is our 2nd attempt to contact YOU! Call 0871-4719-523 BOX95QU BT National Rate",en,uci_sms_spam_collection_v1,spam,FRAUD,fraud-intent-keywords,,,dfa141e2aaa6,
uci_pilot_0366,Hey we can go jazz power yoga hip hop kb and yogasana,en,uci_sms_spam_collection_v1,ham,HARASS,adult-dating-debt-harass,,,97e9ce970683,
uci_pilot_0367,"Urgent! call 09066350750 from your landline. Your complimentary 4* Ibiza Holiday or 10,000 cash await collection SAE T&Cs PO BOX 434 SK3 8WP 150 ppm 18+",en,uci_sms_spam_collection_v1,spam,AD,merchant-or-subscription-promo,,,aef9292e5cb2,
uci_pilot_0368,"No i'm not. I can't give you everything you want and need. You actually could do better for yourself on yor own--you've got more money than i do. I can't get work, i can't get a man, i can't pay the rent, i can't even fill my fucking gas tank. yes, i'm stressed and depressed. I didn't even call home for thanksgiving cuz i'll have to tell them i,m up to nothing.",en,uci_sms_spam_collection_v1,ham,NEEDS_REVIEW,ham-personal-or-unclear,,,9381a9e8f059,
uci_pilot_0369,"Hi babe its Jordan, how r u? Im home from abroad and lonely, text me back if u wanna chat xxSP visionsms.com Text stop to stopCost 150p 08712400603",en,uci_sms_spam_collection_v1,spam,AD,merchant-or-subscription-promo,,,c1b6af48bf8c,
uci_pilot_0370,May i call You later Pls,en,uci_sms_spam_collection_v1,ham,NEEDS_REVIEW,ham-personal-or-unclear,,,077dea72a5a9,
uci_pilot_0371,"Friendship is not a game to play, It is not a word to say, It doesn\'t start on March and ends on May, It is tomorrow, yesterday, today and e",en,uci_sms_spam_collection_v1,ham,NEEDS_REVIEW,ham-personal-or-unclear,,,3f2a8eb59232,
uci_pilot_0372,"Oops - am at my mum's in somerset... Bit far! Back tomo, see you soon x",en,uci_sms_spam_collection_v1,ham,NEEDS_REVIEW,ham-personal-or-unclear,,,e81eff5ee06d,
uci_pilot_0373,You have won a Nokia 7250i. This is what you get when you win our FREE auction. To take part send Nokia to 86021 now. HG/Suite342/2Lands Row/W1JHL 16+,en,uci_sms_spam_collection_v1,spam,FRAUD,fraud-intent-keywords,,,f39f9e2ca541,
uci_pilot_0374,Free Msg: Ringtone!From: http://tms. widelive.com/index. wml?id=1b6a5ecef91ff9*37819&first=true18:0430-JUL-05,en,uci_sms_spam_collection_v1,spam,AD,merchant-or-subscription-promo,,,e32956f58af0,
uci_pilot_0375,http//tms. widelive.com/index. wml?id=820554ad0a1705572711&first=true¡C C Ringtone¡,en,uci_sms_spam_collection_v1,spam,AD,merchant-or-subscription-promo,,,355f789ee495,
uci_pilot_0376,PLEASSSSSSSEEEEEE TEL ME V AVENT DONE SPORTSx,en,uci_sms_spam_collection_v1,ham,AD,merchant-or-subscription-promo,,,a0ef90b29e4d,
uci_pilot_0377,Text & meet someone sexy today. U can find a date or even flirt its up to U. Join 4 just 10p. REPLY with NAME & AGE eg Sam 25. 18 -msg recd@thirtyeight pence,en,uci_sms_spam_collection_v1,spam,HARASS,adult-dating-debt-harass,,,c17f45a1ebbb,
uci_pilot_0378,"She said,'' do u mind if I go into the bedroom for a minute ? '' ''OK'', I sed in a sexy mood. She came out 5 minuts latr wid a cake...n My Wife,",en,uci_sms_spam_collection_v1,ham,HARASS,adult-dating-debt-harass,,,9e8cf5f74e37,
uci_pilot_0379,SO IS TH GOWER MATE WHICH IS WHERE I AM!?! HOW R U MAN? ALL IS GOOD IN WALES ILL B BACK MORROW. C U THIS WK? WHO WAS THE MSG 4?  RANDOM!,en,uci_sms_spam_collection_v1,ham,HARASS,adult-dating-debt-harass,,,80d8949873a4,
uci_pilot_0380,Had your mobile 11 months or more? U R entitled to Update to the latest colour mobiles with camera for Free! Call The Mobile Update Co FREE on 08002986030,en,uci_sms_spam_collection_v1,spam,AD,merchant-or-subscription-promo,,,2267205aa831,
uci_pilot_0381,"all the lastest from Stereophonics, Marley, Dizzee Racal, Libertines and The Strokes! Win Nookii games with Flirt!! Click TheMob WAP Bookmark or text WAP to 82468",en,uci_sms_spam_collection_v1,spam,HARASS,adult-dating-debt-harass,,,8aa3ed6ea6f8,
uci_pilot_0382,I am hot n horny and willing I live local to you - text a reply to hear strt back from me 150p per msg Netcollex LtdHelpDesk: 02085076972 reply Stop to end,en,uci_sms_spam_collection_v1,spam,AD,merchant-or-subscription-promo,,,24c7bf803a10,
uci_pilot_0383,Ringtone Club: Get the UK singles chart on your mobile each week and choose any top quality ringtone! This message is free of charge.,en,uci_sms_spam_collection_v1,spam,AD,merchant-or-subscription-promo,,,594374457344,
uci_pilot_0384,"As a SIM subscriber, you are selected to receive a Bonus! Get it delivered to your door, Txt the word OK to No: 88600 to claim. 150p/msg, EXP. 30Apr",en,uci_sms_spam_collection_v1,spam,AD,merchant-or-subscription-promo,,,44c99b6947a1,
uci_pilot_0385,"Hello, yeah i've just got out of the bath and need to do my hair so i'll come up when i'm done, yeah?",en,uci_sms_spam_collection_v1,ham,NEEDS_REVIEW,ham-personal-or-unclear,,,7fc5861ec750,
uci_pilot_0386,"Geeeee ... Your internet is really bad today, eh ?",en,uci_sms_spam_collection_v1,ham,NEEDS_REVIEW,ham-personal-or-unclear,,,e7f991e6b288,
uci_pilot_0387,"URGENT! Your mobile was awarded a £1,500 Bonus Caller Prize on 27/6/03. Our final attempt 2 contact U! Call 08714714011",en,uci_sms_spam_collection_v1,spam,FRAUD,fraud-intent-keywords,,,5ec349cd9c74,
uci_pilot_0388,EASTENDERS TV Quiz. What FLOWER does DOT compare herself to? D= VIOLET E= TULIP F= LILY txt D E or F to 84025 NOW 4 chance 2 WIN £100 Cash WKENT/150P16+,en,uci_sms_spam_collection_v1,spam,AD,merchant-or-subscription-promo,,,dfee5f3aea90,
uci_pilot_0389,I not free today i haf 2 pick my parents up tonite...,en,uci_sms_spam_collection_v1,ham,NEEDS_REVIEW,ham-personal-or-unclear,,,ca89932ac5c5,
uci_pilot_0390,FREE for 1st week! No1 Nokia tone 4 ur mobile every week just txt NOKIA to 8077 Get txting and tell ur mates. www.getzed.co.uk POBox 36504 W45WQ 16+ norm150p/tone,en,uci_sms_spam_collection_v1,spam,AD,merchant-or-subscription-promo,,,4608d0ab9f63,
uci_pilot_0391,"""EY! CALM DOWNON THEACUSATIONS.. ITXT U COS IWANA KNOW WOTU R DOIN AT THEW/END... HAVENTCN U IN AGES..RING ME IF UR UP4 NETHING SAT.LOVE J XXX.""",en,uci_sms_spam_collection_v1,ham,HARASS,adult-dating-debt-harass,,,e34e6e4a5e29,
uci_pilot_0392,somewhere out there beneath the pale moon light someone think in of u some where out there where dreams come true... goodnite &amp; sweet dreams,en,uci_sms_spam_collection_v1,ham,NEEDS_REVIEW,ham-personal-or-unclear,,,eca9d8a0d507,
uci_pilot_0393,"She said,'' do u mind if I go into the bedroom for a minute ? '' ''OK'', I sed in a sexy mood. She came out 5 minuts latr wid a cake...n My Wife,",en,uci_sms_spam_collection_v1,ham,HARASS,adult-dating-debt-harass,,,9e8cf5f74e37,
uci_pilot_0394,Jesus christ bitch I'm trying to give you drugs answer your fucking phone,en,uci_sms_spam_collection_v1,ham,NEEDS_REVIEW,ham-personal-or-unclear,,,dfcfb81dae09,
uci_pilot_0395,Is ur lecture over?,en,uci_sms_spam_collection_v1,ham,NEEDS_REVIEW,ham-personal-or-unclear,,,4cfc18ded158,
uci_pilot_0396,"If you don't, your prize will go to another customer. T&C at www.t-c.biz 18+ 150p/min Polo Ltd Suite 373 London W1J 6HL Please call back if busy",en,uci_sms_spam_collection_v1,spam,AD,merchant-or-subscription-promo,,,03f1a7d1d366,
uci_pilot_0397,Hi its Kate how is your evening? I hope i can see you tomorrow for a bit but i have to bloody babyjontet! Txt back if u can. :) xxx,en,uci_sms_spam_collection_v1,ham,HARASS,adult-dating-debt-harass,,,1e14fa1179d7,
uci_pilot_0398,"XXXMobileMovieClub: To use your credit, click the WAP link in the next txt message or click here>> http://wap. xxxmobilemovieclub.com?n=QJKGIGHJJGCBL",en,uci_sms_spam_collection_v1,spam,HARASS,adult-dating-debt-harass,,,b9dc40bb1627,
uci_pilot_0399,"Good morning, my boytoy! How's those yummy lips ? Where's my sexy buns now ? What do you do ? Do you think of me ? Do you crave me ? Do you need me ?",en,uci_sms_spam_collection_v1,ham,HARASS,adult-dating-debt-harass,,,a87bb2d10795,
uci_pilot_0400,We have new local dates in your area - Lots of new people registered in YOUR AREA. Reply DATE to start now! 18 only www.flirtparty.us REPLYS150,en,uci_sms_spam_collection_v1,spam,HARASS,adult-dating-debt-harass,,,22d1bedc7a06,
uci_pilot_0401,True dear..i sat to pray evening and felt so.so i sms'd you in some time...,en,uci_sms_spam_collection_v1,ham,NEEDS_REVIEW,ham-personal-or-unclear,,,8c3a2da843b8,
uci_pilot_0402,"You have been specially selected to receive a ""3000 award! Call 08712402050 BEFORE the lines close. Cost 10ppm. 16+. T&Cs apply. AG Promo",en,uci_sms_spam_collection_v1,spam,FRAUD,fraud-intent-keywords,,,be719f437845,
uci_pilot_0403,"Living is very simple.. Loving is also simple.. Laughing is too simple.. Winning is tooo simple.. But, being 'SIMPLE' is very difficult.. Gud nte.:-",en,uci_sms_spam_collection_v1,ham,NEEDS_REVIEW,ham-personal-or-unclear,,,5a9221b56f72,
uci_pilot_0404,Todays Voda numbers ending 5226 are selected to receive a ?350 award. If you hava a match please call 08712300220 quoting claim code 1131 standard rates app,en,uci_sms_spam_collection_v1,spam,FRAUD,fraud-intent-keywords,,,a9108aef8c30,
uci_pilot_0405,FREE for 1st week! No1 Nokia tone 4 ur mobile every week just txt NOKIA to 8077 Get txting and tell ur mates. www.getzed.co.uk POBox 36504 W45WQ 16+ norm150p/tone,en,uci_sms_spam_collection_v1,spam,AD,merchant-or-subscription-promo,,,4608d0ab9f63,
uci_pilot_0406,U have a secret admirer. REVEAL who thinks U R So special. Call 09065174042. To opt out Reply REVEAL STOP. 1.50 per msg recd. Cust care 07821230901,en,uci_sms_spam_collection_v1,spam,HARASS,adult-dating-debt-harass,,,83d233915711,
uci_pilot_0407,Please call our customer service representative on FREEPHONE 0808 145 4742 between 9am-11pm as you have WON a guaranteed £1000 cash or £5000 prize!,en,uci_sms_spam_collection_v1,spam,FRAUD,fraud-intent-keywords,,,80204a8f2287,
uci_pilot_0408,Thank you princess! You are so sexy...,en,uci_sms_spam_collection_v1,ham,HARASS,adult-dating-debt-harass,,,50fba9987675,
uci_pilot_0409,"""Si.como no?!listened2the plaid album-quite gd&the new air1 which is hilarious-also boughtbraindancea comp.ofstuff on aphexs ;abel,u hav2hear it!c u sn xxxx""",en,uci_sms_spam_collection_v1,ham,HARASS,adult-dating-debt-harass,,,82cf4dafc3c7,
uci_pilot_0410,Where can download clear movies. Dvd copies.,en,uci_sms_spam_collection_v1,ham,NEEDS_REVIEW,ham-personal-or-unclear,,,7e6f6c9b9131,
uci_pilot_0411,07732584351 - Rodger Burns - MSG = We tried to call you re your reply to our sms for a free nokia mobile + free camcorder. Please call now 08000930705 for delivery tomorrow,en,uci_sms_spam_collection_v1,spam,FRAUD,fraud-social-engineering-pattern,,,71cf69ab3731,
uci_pilot_0412,"WIN: We have a winner! Mr. T. Foley won an iPod! More exciting prizes soon, so keep an eye on ur mobile or visit www.win-82050.co.uk",en,uci_sms_spam_collection_v1,spam,FRAUD,fraud-intent-keywords,,,e78f1325269f,
uci_pilot_0413,Thanks for your subscription to Ringtone UK your mobile will be charged £5/month Please confirm by replying YES or NO. If you reply NO you will not be charged,en,uci_sms_spam_collection_v1,spam,AD,merchant-or-subscription-promo,,,64eb90fa4da1,
uci_pilot_0414,Just woke up. Yeesh its late. But I didn't fall asleep til &lt;#&gt; am :/,en,uci_sms_spam_collection_v1,ham,NEEDS_REVIEW,ham-personal-or-unclear,,,c7f86eef320f,
uci_pilot_0415,This is the 2nd time we have tried to contact u. U have won the £1450 prize to claim just call 09053750005 b4 310303. T&Cs/stop SMS 08718725756. 140ppm,en,uci_sms_spam_collection_v1,spam,FRAUD,fraud-social-engineering-pattern,,,51542efe4033,
uci_pilot_0416,Yeah my usual guy's out of town but there're definitely people around I know,en,uci_sms_spam_collection_v1,ham,NEEDS_REVIEW,ham-personal-or-unclear,,,2d522815d417,
uci_pilot_0417,Oi when you gonna ring,en,uci_sms_spam_collection_v1,ham,NEEDS_REVIEW,ham-personal-or-unclear,,,0edf474897e1,
uci_pilot_0418,Do you want a New Nokia 3510i Colour Phone Delivered Tomorrow? With 200 FREE minutes to any mobile + 100 FREE text + FREE camcorder Reply or Call 8000930705,en,uci_sms_spam_collection_v1,spam,TRANSACTION,account/order/auth/logistics-result,,,eeb8cb15d707,
uci_pilot_0419,Yeah do! Don‘t stand to close tho- you‘ll catch something!,en,uci_sms_spam_collection_v1,ham,NEEDS_REVIEW,ham-personal-or-unclear,,,336994e977c7,
uci_pilot_0420,"Good afternoon sunshine! How dawns that day ? Are we refreshed and happy to be alive? Do we breathe in the air and smile ? I think of you, my love ... As always",en,uci_sms_spam_collection_v1,ham,NEEDS_REVIEW,ham-personal-or-unclear,,,4390d6674346,
uci_pilot_0421,Wat makes u thk i'll fall down. But actually i thk i'm quite prone 2 falls. Lucky my dad at home i ask him come n fetch me already.,en,uci_sms_spam_collection_v1,ham,NEEDS_REVIEW,ham-personal-or-unclear,,,c53f3112eccc,
uci_pilot_0422,"Congrats! 1 year special cinema pass for 2 is yours. call 09061209465 now! C Suprman V, Matrix3, StarWars3, etc all 4 FREE! bx420-ip4-5we. 150pm. Dont miss out!",en,uci_sms_spam_collection_v1,spam,AD,merchant-or-subscription-promo,,,eedcb588d9de,
uci_pilot_0423,"Want to funk up ur fone with a weekly new tone reply TONES2U 2 this text. www.ringtones.co.uk, the original n best. Tones 3GBP network operator rates apply",en,uci_sms_spam_collection_v1,spam,AD,merchant-or-subscription-promo,,,85bb67524ffd,
uci_pilot_0424,Someone has contacted our dating service and entered your phone because they fancy you! To find out who it is call from a landline 09111032124 . PoBox12n146tf150p,en,uci_sms_spam_collection_v1,spam,HARASS,adult-dating-debt-harass,,,2a3988af97e1,
uci_pilot_0425,8007 FREE for 1st week! No1 Nokia tone 4 ur mob every week just txt NOKIA to 8007 Get txting and tell ur mates www.getzed.co.uk POBox 36504 W4 5WQ norm 150p/tone 16+,en,uci_sms_spam_collection_v1,spam,AD,merchant-or-subscription-promo,,,27de2ab8e4c0,
uci_pilot_0426,K k pa Had your lunch aha.,en,uci_sms_spam_collection_v1,ham,NEEDS_REVIEW,ham-personal-or-unclear,,,522a582e3193,
uci_pilot_0427,say thanks2.,en,uci_sms_spam_collection_v1,ham,NEEDS_REVIEW,ham-personal-or-unclear,,,b43af1f8a6ac,
uci_pilot_0428,URGENT! We are trying to contact you. Last weekends draw shows that you have won a £900 prize GUARANTEED. Call 09061701851. Claim code K61. Valid 12hours only,en,uci_sms_spam_collection_v1,spam,FRAUD,fraud-intent-keywords,,,b7acb67e30ce,
uci_pilot_0429,"Sad story of a Man - Last week was my b'day. My Wife did'nt wish me. My Parents forgot n so did my Kids . I went to work. Even my Colleagues did not wish. As I entered my cabin my PA said, '' Happy B'day Boss !!''. I felt special. She askd me 4 lunch. After lunch she invited me to her apartment. We went there. She said,'' do u mind if I go into the bedroom for a minute ? '' ''OK'', I sed in a sexy mood. She came out 5 minuts latr wid a cake...n My Wife, My Parents, My Kidz, My Friends n My Colleagues. All screaming.. SURPRISE !! and I was waiting on the sofa.. ... ..... ' NAKED...!",en,uci_sms_spam_collection_v1,ham,HARASS,adult-dating-debt-harass,,,0de513b60c46,
uci_pilot_0430,Hello darlin ive finished college now so txt me when u finish if u can love Kate xxx,en,uci_sms_spam_collection_v1,ham,HARASS,adult-dating-debt-harass,,,267028321885,
uci_pilot_0431,"Today's Offer! Claim ur £150 worth of discount vouchers! Text YES to 85023 now! SavaMob, member offers mobile! T Cs 08717898035. £3.00 Sub. 16 . Unsub reply X",en,uci_sms_spam_collection_v1,spam,AD,merchant-or-subscription-promo,,,a897a8152f5e,
uci_pilot_0432,Bloomberg -Message center +447797706009 Why wait? Apply for your future http://careers. bloomberg.com,en,uci_sms_spam_collection_v1,spam,AD,spam-link-promo-candidate,,,617b108c87d1,
uci_pilot_0433,"You have been selected to stay in 1 of 250 top British hotels - FOR NOTHING! Holiday Worth £350! To Claim, Call London 02072069400. Bx 526, SW73SS",en,uci_sms_spam_collection_v1,spam,FRAUD,fraud-intent-keywords,,,b1f7de3e026b,
uci_pilot_0434,"Same here, but I consider walls and bunkers and shit important just because I never play on peaceful but I guess your place is high enough that it don't matter",en,uci_sms_spam_collection_v1,ham,NEEDS_REVIEW,ham-personal-or-unclear,,,3772332d3caf,
uci_pilot_0435,It will stop on itself. I however suggest she stays with someone that will be able to give ors for every stool.,en,uci_sms_spam_collection_v1,ham,HARASS,adult-dating-debt-harass,,,4c3a2ed5bb64,
uci_pilot_0436,Thank you princess! I want to see your nice juicy booty...,en,uci_sms_spam_collection_v1,ham,HARASS,adult-dating-debt-harass,,,fb98f0e670d4,
uci_pilot_0437,"Last Chance! Claim ur £150 worth of discount vouchers today! Text SHOP to 85023 now! SavaMob, offers mobile! T Cs SavaMob POBOX84, M263UZ. £3.00 Sub. 16",en,uci_sms_spam_collection_v1,spam,AD,merchant-or-subscription-promo,,,b07e0e9f31f5,
uci_pilot_0438,"URGENT! You have won a 1 week FREE membership in our £100,000 Prize Jackpot! Txt the word: CLAIM to No: 81010 T&C www.dbuk.net LCCLTD POBOX 4403LDNW1A7RW18",en,uci_sms_spam_collection_v1,spam,FRAUD,fraud-intent-keywords,,,ba48639a2115,
uci_pilot_0439,You are a winner U have been specially selected 2 receive £1000 or a 4* holiday (flights inc) speak to a live operator 2 claim 0871277810910p/min (18+),en,uci_sms_spam_collection_v1,spam,FRAUD,fraud-intent-keywords,,,730240f0aa0b,
uci_pilot_0440,"This is the 2nd time we have tried 2 contact u. U have won the £750 Pound prize. 2 claim is easy, call 087187272008 NOW1! Only 10p per minute. BT-national-rate.",en,uci_sms_spam_collection_v1,spam,FRAUD,fraud-social-engineering-pattern,,,7e959529ca51,
uci_pilot_0441,You have won a Nokia 7250i. This is what you get when you win our FREE auction. To take part send Nokia to 86021 now. HG/Suite342/2Lands Row/W1JHL 16+,en,uci_sms_spam_collection_v1,spam,FRAUD,fraud-intent-keywords,,,f39f9e2ca541,
uci_pilot_0442,"Well, I meant as opposed to my drunken night of before",en,uci_sms_spam_collection_v1,ham,NEEDS_REVIEW,ham-personal-or-unclear,,,bda09f60fb28,
uci_pilot_0443,"Urgent UR awarded a complimentary trip to EuroDisinc Trav, Aco&Entry41 Or £1000. To claim txt DIS to 87121 18+6*£1.50(moreFrmMob. ShrAcomOrSglSuplt)10, LS1 3AJ",en,uci_sms_spam_collection_v1,spam,FRAUD,fraud-intent-keywords,,,33de1040600c,
uci_pilot_0444,Natalie (20/F) is inviting you to be her friend. Reply YES-165 or NO-165 See her: www.SMS.ac/u/natalie2k9 STOP? Send STOP FRND to 62468,en,uci_sms_spam_collection_v1,spam,AD,spam-link-promo-candidate,,,058e03b042f8,
uci_pilot_0445,Oh shut it. Omg yesterday I had a dream that I had 2 kids both boys. I was so pissed. Not only about the kids but them being boys. I even told mark in my dream that he was changing diapers cause I'm not getting owed in the face.,en,uci_sms_spam_collection_v1,ham,HARASS,adult-dating-debt-harass,,,d253885b9d18,
uci_pilot_0446,You are a winner you have been specially selected to receive £1000 cash or a £2000 award. Speak to a live operator to claim call 087123002209am-7pm. Cost 10p,en,uci_sms_spam_collection_v1,spam,FRAUD,fraud-intent-keywords,,,df258a4bb926,
uci_pilot_0447,Going to join tomorrow.,en,uci_sms_spam_collection_v1,ham,NEEDS_REVIEW,ham-personal-or-unclear,,,e018e6e6028d,
uci_pilot_0448,Wife.how she knew the time of murder exactly,en,uci_sms_spam_collection_v1,ham,NEEDS_REVIEW,ham-personal-or-unclear,,,b2e75c4d3231,
uci_pilot_0449,"URGENT! Your mobile No *********** WON a £2,000 Bonus Caller Prize on 02/06/03! This is the 2nd attempt to reach YOU! Call 09066362220 ASAP! BOX97N7QP, 150ppm",en,uci_sms_spam_collection_v1,spam,FRAUD,fraud-intent-keywords,,,0deaa58880d9,
uci_pilot_0450,"January Male Sale! Hot Gay chat now cheaper, call 08709222922. National rate from 1.5p/min cheap to 7.8p/min peak! To stop texts call 08712460324 (10p/min)",en,uci_sms_spam_collection_v1,spam,AD,merchant-or-subscription-promo,,,52a519c70eea,
uci_pilot_0451,"What will we do in the shower, baby?",en,uci_sms_spam_collection_v1,ham,HARASS,adult-dating-debt-harass,,,6ccfe7d60cd1,
uci_pilot_0452,"Spook up your mob with a Halloween collection of a logo & pic message plus a free eerie tone, txt CARD SPOOK to 8007 zed 08701417012150p per logo/pic",en,uci_sms_spam_collection_v1,spam,HARASS,adult-dating-debt-harass,,,bcd6cc37ffac,
uci_pilot_0453,"FREE2DAY sexy St George's Day pic of Jordan!Txt PIC to 89080 dont miss out, then every wk a saucy celeb!4 more pics c PocketBabe.co.uk 0870241182716 £3/wk",en,uci_sms_spam_collection_v1,spam,HARASS,adult-dating-debt-harass,,,866bcb0aad3c,
uci_pilot_0454,Dear 0776xxxxxxx U've been invited to XCHAT. This is our final attempt to contact u! Txt CHAT to 86688 150p/MsgrcvdHG/Suite342/2Lands/Row/W1J6HL LDN 18yrs,en,uci_sms_spam_collection_v1,spam,HARASS,adult-dating-debt-harass,,,622a906653be,
uci_pilot_0455,"A Boy loved a gal. He propsd bt she didnt mind. He gv lv lttrs, Bt her frnds threw thm. Again d boy decided 2 aproach d gal , dt time a truck was speeding towards d gal. Wn it was about 2 hit d girl,d boy ran like hell n saved her. She asked 'hw cn u run so fast?' D boy replied ""Boost is d secret of my energy"" n instantly d girl shouted ""our energy"" n Thy lived happily 2gthr drinking boost evrydy Moral of d story:- I hv free msgs:D;): gud ni8",en,uci_sms_spam_collection_v1,ham,AD,merchant-or-subscription-promo,,,befe8df454c1,
uci_pilot_0456,You have won a guaranteed £200 award or even £1000 cashto claim UR award call free on 08000407165 (18+) 2 stop getstop on 88222 PHP. RG21 4JX,en,uci_sms_spam_collection_v1,spam,FRAUD,fraud-intent-keywords,,,3226803a244c,
uci_pilot_0457,Do you like shaking your booty on the dance floor?,en,uci_sms_spam_collection_v1,ham,HARASS,adult-dating-debt-harass,,,011b8e48106e,
uci_pilot_0458,You are a winner U have been specially selected 2 receive £1000 cash or a 4* holiday (flights inc) speak to a live operator 2 claim 0871277810810,en,uci_sms_spam_collection_v1,spam,FRAUD,fraud-intent-keywords,,,730240f0aa0b,
uci_pilot_0459,"I do know what u mean,  is the king of not havin credit! I'm goin2bed now. Night night sweet! Only1more sleep!",en,uci_sms_spam_collection_v1,ham,NEEDS_REVIEW,ham-personal-or-unclear,,,37d9d770c645,
uci_pilot_0460,They just talking thats it de. They wont any other.,en,uci_sms_spam_collection_v1,ham,NEEDS_REVIEW,ham-personal-or-unclear,,,9de9f33f53e7,
uci_pilot_0461,Havent planning to buy later. I check already lido only got 530 show in e afternoon. U finish work already?,en,uci_sms_spam_collection_v1,ham,NEEDS_REVIEW,ham-personal-or-unclear,,,4a2896cbf7e5,
uci_pilot_0462,"Sir, I have been late in paying rent for the past few months and had to pay a $ &lt;#&gt;  charge. I felt it would be inconsiderate of me to nag about something you give at great cost to yourself and that's why i didnt speak up. I however am in a recession and wont be able to pay the charge this month hence my askin well ahead of month's end. Can you please help. Thanks",en,uci_sms_spam_collection_v1,ham,HARASS,adult-dating-debt-harass,,,15648ab2edb9,
uci_pilot_0463,"""Hi darlin i cantdo anythingtomorrow as myparents aretaking me outfor a meal. when are u free? Katexxx""",en,uci_sms_spam_collection_v1,ham,HARASS,adult-dating-debt-harass,,,56a5c0f364bd,
uci_pilot_0464,YOU HAVE WON! As a valued Vodafone customer our computer has picked YOU to win a £150 prize. To collect is easy. Just call 09061743386,en,uci_sms_spam_collection_v1,spam,FRAUD,fraud-intent-keywords,,,cc780a50040b,
uci_pilot_0465,"Spook up your mob with a Halloween collection of a logo & pic message plus a free eerie tone, txt CARD SPOOK to 8007 zed 08701417012150p per logo/pic",en,uci_sms_spam_collection_v1,spam,HARASS,adult-dating-debt-harass,,,bcd6cc37ffac,
uci_pilot_0466,"No shit, but I wasn't that surprised, so I went and spent the evening with that french guy I met in town here and we fooled around a bit but I didn't let him fuck me",en,uci_sms_spam_collection_v1,ham,NEEDS_REVIEW,ham-personal-or-unclear,,,98abae5d1717,
uci_pilot_0467,"FreeMsg Why haven't you replied to my text? I'm Randy, sexy, female and live local. Luv to hear from u. Netcollex Ltd 08700621170150p per msg reply Stop to end",en,uci_sms_spam_collection_v1,spam,AD,merchant-or-subscription-promo,,,4b4e07cffb3b,
uci_pilot_0468,No I'm in the same boat. Still here at my moms. Check me out on yo. I'm half naked.,en,uci_sms_spam_collection_v1,ham,HARASS,adult-dating-debt-harass,,,5035db335d3e,
uci_pilot_0469,FreeMsg>FAV XMAS TONES!Reply REAL,en,uci_sms_spam_collection_v1,spam,AD,merchant-or-subscription-promo,,,67fea081cf16,
uci_pilot_0470,Where wuld I be without my baby? The thought alone mite break me and I dont wanna go crazy but everyboy needs his lady xxxxxxxx,en,uci_sms_spam_collection_v1,ham,HARASS,adult-dating-debt-harass,,,338d46877876,
uci_pilot_0471,"""Hey sorry I didntgive ya a a bellearlier hunny,just been in bedbut mite go 2 thepub l8tr if uwana mt up?loads a luv Jenxxx.""",en,uci_sms_spam_collection_v1,ham,HARASS,adult-dating-debt-harass,,,972d9246635b,
uci_pilot_0472,Gr8 new service - live sex video chat on your mob - see the sexiest dirtiest girls live on ur phone - 4 details text horny to 89070 to cancel send STOP to 89070,en,uci_sms_spam_collection_v1,spam,HARASS,adult-dating-debt-harass,,,0a8760ee9804,
uci_pilot_0473,How are you holding up?,en,uci_sms_spam_collection_v1,ham,NEEDS_REVIEW,ham-personal-or-unclear,,,27bc2c16274c,
uci_pilot_0474,Message Important information for O2 user. Today is your lucky day! 2 find out why log onto http://www.urawinner.com there is a fantastic surprise awaiting you,en,uci_sms_spam_collection_v1,spam,AD,spam-link-promo-candidate,,,f493b07ba28d,
uci_pilot_0475,"UpgrdCentre Orange customer, you may now claim your FREE CAMERA PHONE upgrade for your loyalty. Call now on 0207 153 9153. Offer ends 26th July. T&C's apply. Opt-out available",en,uci_sms_spam_collection_v1,spam,FRAUD,fraud-intent-keywords,,,c68a8c1e1313,
uci_pilot_0476,This message is free. Welcome to the new & improved Sex & Dogging club! To unsubscribe from this service reply STOP. msgs@150p 18+only,en,uci_sms_spam_collection_v1,spam,AD,merchant-or-subscription-promo,,,bbebf9577083,
uci_pilot_0477,"Free entry to the gr8prizes wkly comp 4 a chance to win the latest Nokia 8800, PSP or £250 cash every wk.TXT GREAT to 80878 http//www.gr8prizes.com 08715705022",en,uci_sms_spam_collection_v1,spam,AD,merchant-or-subscription-promo,,,c7d597d4fbad,
uci_pilot_0478,Do you want a New Nokia 3510i Colour Phone Delivered Tomorrow? With 200 FREE minutes to any mobile + 100 FREE text + FREE camcorder Reply or Call 08000930705,en,uci_sms_spam_collection_v1,spam,TRANSACTION,account/order/auth/logistics-result,,,eeb8cb15d707,
uci_pilot_0479,Pls accept me for one day. Or am begging you change the number.,en,uci_sms_spam_collection_v1,ham,NEEDS_REVIEW,ham-personal-or-unclear,,,3431754219c9,
uci_pilot_0480,"Honey ? Sweetheart ? Darling ? Sexy buns ? Sugar plum ? Loverboy ? I miss you, boytoy ... *smacks your ass* Did you go to the gym too ?",en,uci_sms_spam_collection_v1,ham,HARASS,adult-dating-debt-harass,,,7bb720c5aa3e,
uci_pilot_0481,FREE for 1st week! No1 Nokia tone 4 ur mob every week just txt NOKIA to 87077 Get txting and tell ur mates. zed POBox 36504 W45WQ norm150p/tone 16+,en,uci_sms_spam_collection_v1,spam,AD,merchant-or-subscription-promo,,,68248d71dcc0,
uci_pilot_0482,SMS SERVICES For your inclusive text credits pls gotto www.comuk.net login 3qxj9 unsubscribe with STOP no extra charge help 08702840625 comuk.220cm2 9AE,en,uci_sms_spam_collection_v1,spam,AD,merchant-or-subscription-promo,,,f0239f056c7b,
uci_pilot_0483,U have a secret admirer who is looking 2 make contact with U-find out who they R*reveal who thinks UR so special-call on 09058094599,en,uci_sms_spam_collection_v1,spam,HARASS,adult-dating-debt-harass,,,2cc64639dece,
uci_pilot_0484,Sexy Singles are waiting for you! Text your AGE followed by your GENDER as wither M or F E.G.23F. For gay men text your AGE followed by a G. e.g.23G.,en,uci_sms_spam_collection_v1,spam,HARASS,adult-dating-debt-harass,,,668644063d07,
uci_pilot_0485,"WIN: We have a winner! Mr. T. Foley won an iPod! More exciting prizes soon, so keep an eye on ur mobile or visit www.win-82050.co.uk",en,uci_sms_spam_collection_v1,spam,FRAUD,fraud-intent-keywords,,,e78f1325269f,
uci_pilot_0486,Oh for fuck's sake she's in like tallahassee,en,uci_sms_spam_collection_v1,ham,NEEDS_REVIEW,ham-personal-or-unclear,,,e00a1d0dcaaf,
uci_pilot_0487,I will be outside office take all from there,en,uci_sms_spam_collection_v1,ham,NEEDS_REVIEW,ham-personal-or-unclear,,,d4701c0c27c0,
uci_pilot_0488,Someone has conacted our dating service and entered your phone because they fancy you!To find out who it is call from landline 09111030116. PoBox12n146tf15,en,uci_sms_spam_collection_v1,spam,HARASS,adult-dating-debt-harass,,,bcceed6ac7c3,
uci_pilot_0489,"For ur chance to win a £250 wkly shopping spree TXT: SHOP to 80878. T's&C's www.txt-2-shop.com custcare 08715705022, 1x150p/wk",en,uci_sms_spam_collection_v1,spam,AD,spam-link-promo-candidate,,,283f3bbd46f6,
uci_pilot_0490,Anything lar then ü not going home 4 dinner?,en,uci_sms_spam_collection_v1,ham,NEEDS_REVIEW,ham-personal-or-unclear,,,4bf1144b5647,
uci_pilot_0491,Good. No swimsuit allowed :),en,uci_sms_spam_collection_v1,ham,HARASS,adult-dating-debt-harass,,,91def3656b66,
uci_pilot_0492,"If you don't, your prize will go to another customer. T&C at www.t-c.biz 18+ 150p/min Polo Ltd Suite 373 London W1J 6HL Please call back if busy",en,uci_sms_spam_collection_v1,spam,AD,merchant-or-subscription-promo,,,03f1a7d1d366,
uci_pilot_0493,"You've won tkts to the EURO2004 CUP FINAL or £800 CASH, to collect CALL 09058099801 b4190604, POBOX 7876150ppm",en,uci_sms_spam_collection_v1,spam,FRAUD,fraud-intent-keywords,,,ce4c84c4a0d5,
uci_pilot_0494,Your 2004 account for 07XXXXXXXXX shows 786 unredeemed points. To claim call 08719181259 Identifier code: XXXXX Expires 26.03.05,en,uci_sms_spam_collection_v1,spam,FRAUD,fraud-intent-keywords,,,d4af999f389b,
uci_pilot_0495,"Hi, the SEXYCHAT girls are waiting for you to text them. Text now for a great night chatting. send STOP to stop this service",en,uci_sms_spam_collection_v1,spam,HARASS,adult-dating-debt-harass,,,1289f7ad23a2,
uci_pilot_0496,"FreeMsg Hey U, i just got 1 of these video/pic fones, reply WILD to this txt & ill send U my pics, hurry up Im so bored at work xxx (18 150p/rcvd STOP2stop)",en,uci_sms_spam_collection_v1,spam,AD,merchant-or-subscription-promo,,,762706dc210d,
uci_pilot_0497,Thanks love. But am i doing torch or bold.,en,uci_sms_spam_collection_v1,ham,NEEDS_REVIEW,ham-personal-or-unclear,,,0015ac838169,
uci_pilot_0498,Free Top ringtone -sub to weekly ringtone-get 1st week free-send SUBPOLY to 81618-?3 per week-stop sms-08718727870,en,uci_sms_spam_collection_v1,spam,AD,merchant-or-subscription-promo,,,f187c83794f5,
uci_pilot_0499,FreeMsg:Feelin kinda lnly hope u like 2 keep me company! Jst got a cam moby wanna c my pic?Txt or reply DATE to 82242 Msg150p 2rcv Hlp 08712317606 stop to 82242,en,uci_sms_spam_collection_v1,spam,AD,merchant-or-subscription-promo,,,98d7b0ef656a,
