id,text,language,source,binary_label,suggested_label,suggest_reason,label,annotator,template_group,notes
zh_pilot_0000,"【买4G就上www.10010.com】""",zh,gitcode_zh_sms_8a104,0,NEEDS_REVIEW,normal-unclear,,,deb98cee1e4a,
zh_pilot_0001,你好，我行为企业，个人提供小额贷款，方便快捷，当天放款，有意详询，13925512927杨经理。,zh,gitcode_zh_sms_8a104,1,AD,merchant-promo,,,1044d2334b43,
zh_pilot_0002,查询余额服务：您总账户余额为89.46元。详情为：主账户余额89.46元，副账户余额0.00元。感谢您的使用，中国移动。,zh,gitcode_zh_sms_8a104,0,NEEDS_REVIEW,normal-unclear,,,3d5017fc72db,
zh_pilot_0003,做生意难，找对市场更难。〖鼎丰国际〗衡阳市中心首家鞋业箱包皮具城为你开辟财富大道，原始旺铺全国火爆招商中…财富热电：0734-8288666,zh,gitcode_zh_sms_8a104,1,NEEDS_REVIEW,spam-unclear,,,78abbb382300,
zh_pilot_0004,真人真钱斗地主、牛牛、扎金花等火爆游戏尽在中华棋牌网，每天三场游戏比赛奖金5888元，资金兑换5分钟到帐，详情登入www.zh444.com,zh,gitcode_zh_sms_8a104,1,FRAUD,fraud-intent-keywords,,,4f32f39f54fa,
zh_pilot_0005,360fangdao#：我正在使用360手机卫士防盗功能，能帮我找回被盗手机，推荐你也使用：http://shouji.360.cn,zh,gitcode_zh_sms_8a104,0,NEEDS_REVIEW,normal-unclear,,,ae7b198c391b,
zh_pilot_0006,【手机软件推荐：天下趣闻】一只绵羊跳下悬崖身亡，1500只绵羊随后从同一处悬崖跳下。这是2013年3月发生在土耳其东部城市盖瓦什的一件新鲜事，想知道为什么吗？天下趣闻为你展示出乎意料的世界！点击下载 http://139url.cn/98r6hc,zh,gitcode_zh_sms_8a104,1,AD,spam-link-promo-candidate,,,6cbbcffa125b,
zh_pilot_0007,您尾号5595的华夏信用卡于18:03消费人民币94.80元，欲查询可用余额，请回复YE5595【华夏信用卡】,zh,gitcode_zh_sms_8a104,0,TRANSACTION,account/order/auth/logistics-result,,,7a981f74286b,
zh_pilot_0008,会员通知：嗨~很久没来麦包包啦？赠您98元牛皮包，礼品券ESH3D85B2，购包输券即送 mbaobao.com 退订回复TD【麦包包官网】,zh,gitcode_zh_sms_8a104,0,NEEDS_REVIEW,normal-unclear,,,9afe798846f0,
zh_pilot_0009,kisscat接吻猫女鞋今日品牌团聚划算，30款2013新品最低3.3折189元，全场包邮，现在10点活动已经开抢【聚划算-品牌团】,zh,gitcode_zh_sms_8a104,1,NEEDS_REVIEW,spam-unclear,,,1fb4679ce494,
zh_pilot_0010,【大众点评】温馨提示：08月02日 19:00 京基？粤菜王府(大梅沙店)(大梅沙店)恭候您来就餐！若临时改变心意，请在就餐时间前直接回复 1 取消预订，以免影响到您的信誉等级哦~如果您确定会到店消费可回复3，谢谢！,zh,gitcode_zh_sms_8a104,0,AD,merchant-promo,,,a1585d97197d,
zh_pilot_0011,你好！我公司代理，商业建材，广告服务业等发票。用后付款。需要来电：136 325 66616周晓慧  如有打扰，敬请谅解。谢谢,zh,gitcode_zh_sms_8a104,1,NEEDS_REVIEW,spam-unclear,,,a031dfd879cb,
zh_pilot_0012,纸袋碰腿北京2孕妇地铁内互殴[人民]-中国移动冲浪助手:http://go.10086.cn/nd/mgP/WHDDU,zh,gitcode_zh_sms_8a104,1,AD,spam-link-promo-candidate,,,acba29da0882,
zh_pilot_0013,尊敬的王冰女士：即日起，邀请满3位好友体验现金宝充话费（97折，全网最低）、还信用卡（跨行实时免费）、快速取现（瞬时到账，免费）3功能任意一项1次，即可有机会免费获赠Ipadmini一台！登录www.99fund.com即可参与【汇添富】,zh,gitcode_zh_sms_8a104,1,TRANSACTION,account/order/auth/logistics-result,,,ef70c681598d,
zh_pilot_0014,现在买11选5中奖额外送彩金，单注最高奖金580元，别错过！ http://518.qq.com/p?105,zh,gitcode_zh_sms_8a104,1,FRAUD,fraud-intent-keywords,,,866eb37c7448,
zh_pilot_0015,【支付宝】你正在手机支付宝客户端上提现， 验证码：9944。【请勿向任何人提供收到的短信校验码】,zh,gitcode_zh_sms_8a104,0,TRANSACTION,account/order/auth/logistics-result,,,7f77f7a15435,
zh_pilot_0016,"【财付通】363431(微信支付验证码,请勿泄露),您于09:23使用尾号7544的工商银行卡发起交易2200.00元",zh,gitcode_zh_sms_8a104,0,TRANSACTION,account/order/auth/logistics-result,,,d97e166d0482,
zh_pilot_0017,顶级信誉葡京国际娱乐城网址：12991299.com首存赠送30线上游戏有足彩、六合采、时时彩、百家乐、股票等，欢迎阁下光临！,zh,gitcode_zh_sms_8a104,1,HARASS,collection/gray/adult/gambling,,,edff312cd3ff,
zh_pilot_0018,7.5万加币全家枫叶卡最后时机，2014子女限龄18岁，各省关门改法倒计时！25日周六14点凤凰大厦2栋19楼【瑞得福4008148222】,zh,gitcode_zh_sms_8a104,1,NEEDS_REVIEW,spam-unclear,,,bdbe3c7eb0e0,
zh_pilot_0019,现在买11选5中奖额外送彩金，单注最高奖金580元，别错过！ http://518.qq.com/p?105,zh,gitcode_zh_sms_8a104,1,FRAUD,fraud-intent-keywords,,,866eb37c7448,
zh_pilot_0020,【天上掉下个Iphone5！】通信助手的众亲们，回对应数字设置优先接收的回执精品资讯：2、健康；4体育；6娱乐。成功设置可参与次月Iphone5和1000元话费抽奖。您还可登录 http://v1x.cn/V2X 设置，访问产生的流量费按标准收费。中国移动,zh,gitcode_zh_sms_8a104,1,TRANSACTION,account/order/auth/logistics-result,,,7df64b8e94cb,
zh_pilot_0021,尊敬的客户您好，动感地带客户可以发送“CXMZ”至10086，查询目前M值，此条信息免费。,zh,gitcode_zh_sms_8a104,0,NEEDS_REVIEW,normal-unclear,,,43cc6442848a,
zh_pilot_0022,因急需用钱，现优惠出售定慧小区套房116平方米，单价3600元/平方米，可帮办贷款。联系电话：13961079612,zh,gitcode_zh_sms_8a104,1,AD,merchant-promo,,,68ec854922fb,
zh_pilot_0023,"清华大学高级工商管理研究生进修班，5月24日开学，权威名师授课,学习企业经营致胜宝典，拓展高端人脉关系；报名电话010-56018628",zh,gitcode_zh_sms_8a104,1,AD,merchant-promo,,,3f58ceaec368,
zh_pilot_0024,团购二环边现房住宅，均价6000元每平，可正常贷款，配套高标准学校，开发商直销垂询热线：18787187126 （欢迎实地看房）【春城慧谷】,zh,gitcode_zh_sms_8a104,1,AD,merchant-promo,,,27bda440db3d,
zh_pilot_0025,你好！有车有房急用钱，找中金，短期周转贷款，当日放款，车辆抵押最快5分钟拿钱，银行抵押贷款2-5天可批贷，咨询：51292222,zh,gitcode_zh_sms_8a104,1,HARASS,collection/gray/adult/gambling,,,79a41d9863a3,
zh_pilot_0026,蒋哥，您好，我是广州鑫盛新贾荣，座机：020-28085319 qq:78789969密码贾荣 以后请多指教。谢谢！,zh,gitcode_zh_sms_8a104,1,NEEDS_REVIEW,spam-unclear,,,18bf30bd86cc,
zh_pilot_0027,美媒曝光中国地下空军:不可战胜[搜狐]-中国移动冲浪助手:http://go.10086.cn/nd/mgp/14LM3D,zh,gitcode_zh_sms_8a104,1,AD,spam-link-promo-candidate,,,ca88947f04e5,
zh_pilot_0028,您好！截至到2014年09月04日14时29分，您定制的（1）预存返话费捆绑10元流量包，数据流量剩余49.15MB，本地移动数据流量剩余25.56MB，（2）全球通套餐专属短信包，短信剩余117条，（3）全球通88商旅套餐，语音剩余296分钟，数据流量剩余30.0MB，感谢您的使用。中国移动,zh,gitcode_zh_sms_8a104,0,TRANSACTION,account/order/auth/logistics-result,,,e8326146aee3,
zh_pilot_0029,今天带学员建【300223北京君正】明天早盘拉高抛出，为了公司和客户共同盈利，明天午盘继续建仓个股.合作热线4006898973【鑫光投资】,zh,gitcode_zh_sms_8a104,1,AD,merchant-promo,,,5f3edc0f88e8,
zh_pilot_0030,"承蒙厚爱,全球拍特效摄影5月22日早9:20在中国教育一台《今非昔比》播出，敬请收看.热线01063368666凭短信直降伍仟元【中创华天】",zh,gitcode_zh_sms_8a104,1,AD,merchant-promo,,,431b61ad226c,
zh_pilot_0031,"富权酒店乡里湘味(原服务大楼)即日起正式营业,为打造大悟百姓厨房,现推出指定酒水免费畅饮活动并有礼相送,电话：7238446【大悟县全通】",zh,gitcode_zh_sms_8a104,1,NEEDS_REVIEW,spam-unclear,,,1aee3038bb8e,
zh_pilot_0032,纸袋碰腿北京2孕妇地铁内互殴[人民]-中国移动冲浪助手:http://go.10086.cn/nd/mgR/QdNfv,zh,gitcode_zh_sms_8a104,1,AD,spam-link-promo-candidate,,,acba29da0882,
zh_pilot_0033,【开心辞典】新交规出台以后，紧跟着爆笑新型红绿灯也出现了哦！想知道长啥样吗？点击如下网址查看 http://wap.139sz.cn/kx/kxyxpic.jsp?phone=&pic=1&id=277,zh,gitcode_zh_sms_8a104,1,AD,spam-link-promo-candidate,,,dc4e9f260450,
zh_pilot_0034,"瞬间将股票收益提高25!南京最专业最诚信的股票配资:1-5倍放大炒股资金,不参与分红,费用全城最低,联系电话:68563324即刻电联",zh,gitcode_zh_sms_8a104,1,NEEDS_REVIEW,spam-unclear,,,602085aebba3,
zh_pilot_0035,【潍坊中心】潍坊唯一纯商务楼宇，7000/㎡精装大堂。自由组合，40-570㎡，宜商宜居，火爆预约中！更有两万元购房大礼，热线8180788,zh,gitcode_zh_sms_8a104,1,AD,merchant-promo,,,aca957f2e33f,
zh_pilot_0036,【北京银行】您尾号为6707的京卡于14年12月21日10:00医保转账收入0.02元。活期余额13675.50元。详询95526,zh,gitcode_zh_sms_8a104,0,AD,merchant-promo,,,3b63e12d9c8f,
zh_pilot_0037,联通感恩特惠月，4.29-5.31日到联通营业厅购买海信大屏四核3G手机的用户均可参加每周日的抽奖活动，手机大奖等您拿！询7777777,zh,gitcode_zh_sms_8a104,1,AD,merchant-promo,,,5134f62a9fb5,
zh_pilot_0038,东四环臻品楼王华侨城120-350平现房开盘在即，黄冈中学伊顿幼儿园15年名校教育，尊享欢乐谷VIP，办卡享20万优惠4000092766,zh,gitcode_zh_sms_8a104,1,AD,merchant-promo,,,28a53691b1fb,
zh_pilot_0039,建鑫●金海岸C区：离一中更近一步！22#26#95㎡，看江大三房，24日早9点，全城狂欢大抽奖，人人有机会6315666【建鑫地产】,zh,gitcode_zh_sms_8a104,1,NEEDS_REVIEW,spam-unclear,,,ce0c2905bf17,
zh_pilot_0040,点击链接即可免费下载http://estoresrvice.189store.com//share/143538,zh,gitcode_zh_sms_8a104,1,FRAUD,fraud-intent-keywords,,,e2ed9c63a019,
zh_pilot_0041,【合宏奥迪4S店】恭请阁下参加5月18日（本周六晚19:30）【国产Q3灵动之夜上市发布团购会 】，六重好礼送不停。当日订车可参与抽奖，A4、A6还可享“三保计划”。星级认证，信心的保证，江门地区奥迪唯一授权4S店 新会大道东8号 详询6368888,zh,gitcode_zh_sms_8a104,1,AD,merchant-promo,,,3e74399946cb,
zh_pilot_0042,感谢您对热线的支持！请您访问12345.qidong.gov.cn网站，点击“求助查询”，输入诉求号及密码（0659483），查询您的诉求件办理情况。【启东12345热线】[启东12345热线],zh,gitcode_zh_sms_8a104,1,AD,merchant-promo,,,d9425defa4e6,
zh_pilot_0043,代开发票，点数优惠，可验后付款，有需要请来电18055534369张先生,zh,gitcode_zh_sms_8a104,1,AD,merchant-promo,,,a82409dc78a1,
zh_pilot_0044,"16800元/㎡起，最高优惠20万,抢世界级综合体国际商街【华悦城泡芙街】，即买净赚18，VIP限量认筹30席，预购从速85501888",zh,gitcode_zh_sms_8a104,1,AD,merchant-promo,,,8f7532f0b4e8,
zh_pilot_0045,联通感恩特惠月，4.29-5.31日到联通营业厅购买海信大屏四核3G手机的用户均可参加每周日的抽奖活动，手机大奖等您拿！询7777777,zh,gitcode_zh_sms_8a104,1,AD,merchant-promo,,,5134f62a9fb5,
zh_pilot_0046,升温！升温！华邦世家继续引爆巢湖市场，二期开盘火爆热卖，五一黄金周精品80-120平户型王房源热献，抢到就赚到！来电有礼82681999,zh,gitcode_zh_sms_8a104,1,NEEDS_REVIEW,spam-unclear,,,939e213832cf,
zh_pilot_0047,抢红包的机会又来了！登录 new.tmall.com，天猫新风尚红包疯抢中，T2/T3会员中奖率翻3倍。春装新品5折起！【天猫】,zh,gitcode_zh_sms_8a104,1,FRAUD,fraud-intent-keywords,,,9d43217da482,
zh_pilot_0048,尊敬的罗志远您好，权威内部提供你所需要的6月1~2号的/2/建的考/前资料，可通过后付款，详询QQ 846392482[阳光教育],zh,gitcode_zh_sms_8a104,1,AD,merchant-promo,,,dbfa6bd0639f,
zh_pilot_0049,《全面绩效考核、薪酬体系设计与劳动用工风险控制实战班》5月23日在清华授课，助力企业打造精英团队！电话:010-82865969【开课通知】,zh,gitcode_zh_sms_8a104,1,NEEDS_REVIEW,spam-unclear,,,8e5ee9bdba10,
zh_pilot_0050,"您好！您套餐内包含的包月增值业务有：一、家庭计划：4、生活好管家(免费)；上述套餐内包含的包月增值业务可单独退订，退订后原有套餐费金额不变；优惠活动订购的增值业务退订规则，以优惠活动规则为准；各业务实际费用信息见账单,发送CXZD+年月（如CXZD201307）至10086即可查询账单信息。回复“业务序号”可取消对应业务，2小时内回复有效，回复免费。中国移动",zh,gitcode_zh_sms_8a104,0,AD,merchant-promo,,,cd325ae6ca68,
zh_pilot_0051,额度紧，贷款难？找平安！平安易贷险助您从银行获取无抵押贷款，月入3000即可，最快1天放款，详询10100000或回复Y【中国平安】,zh,gitcode_zh_sms_8a104,1,AD,merchant-promo,,,938763cab559,
zh_pilot_0052,公司有发票代开，国地税发票，建材，住宿，商业，租赁发票，服务业发票等。电话13662629185钱生。【代发短信18026916611】,zh,gitcode_zh_sms_8a104,1,HARASS,collection/gray/adult/gambling,,,5dbc31fe960f,
zh_pilot_0053,注意了注意了！南沙区府旁唯一独立商业街龙光“尚街”紧急加推！40-90㎡绝版6米铺王买一用二，醇熟高端社区租售两旺！财富热线39070888,zh,gitcode_zh_sms_8a104,1,AD,merchant-promo,,,85e647637f5a,
zh_pilot_0054,"您个人信用卡01月账单￥14,226.42，$0.00，到期还款日01月28日，点 t.cn/zTWP4j4 查明细办分期[招商银行]",zh,gitcode_zh_sms_8a104,0,AD,merchant-promo,,,b6e351f8cf57,
zh_pilot_0055,您尾号7544卡9日12:57POS支出252元。【工商银行】,zh,gitcode_zh_sms_8a104,0,TRANSACTION,account/order/auth/logistics-result,,,25da9f7e86bd,
zh_pilot_0056,淘宝卖家成都牵手家居赠送您彩票1注，请登录 http://cp.taobao.com 我的彩票 查看中奖情况。 【淘宝网】,zh,gitcode_zh_sms_8a104,1,FRAUD,fraud-intent-keywords,,,5da03e68a692,
zh_pilot_0057,5月26日株洲美宝行拉响空“降”警报，总经理限时签售会，全系车型悦享百万钜惠，1.59超低利率。询：073122220000【株洲美宝行】,zh,gitcode_zh_sms_8a104,1,NEEDS_REVIEW,spam-unclear,,,82aaf84648d4,
zh_pilot_0058,澳洲永久产权精装公寓别墅，周四至周日，东方君悦大酒店。澳洲开发商现场说明会，讲解人在北京如何首期10即可拥有。咨询010-51288718,zh,gitcode_zh_sms_8a104,1,NEEDS_REVIEW,spam-unclear,,,0a7f95e61c1f,
zh_pilot_0059,真人真钱斗地主、牛牛、扎金花等火爆游戏尽在中华棋牌网，每天三场游戏比赛奖金5888元，资金兑换5分钟到帐，详情登录www.bf444.com,zh,gitcode_zh_sms_8a104,1,FRAUD,fraud-intent-keywords,,,4f32f39f54fa,
zh_pilot_0060,积分余额：2012,zh,gitcode_zh_sms_8a104,0,NEEDS_REVIEW,normal-unclear,,,780b907e8f47,
zh_pilot_0061,"白色情人节约会邦购网！春装硬货低至3.5折，3件再7折；限时购周三重磅呈现。详情请登陆www.banggo.com,回复TD退订!【邦购网】",zh,gitcode_zh_sms_8a104,1,AD,spam-link-promo-candidate,,,42e6bee437bd,
zh_pilot_0062,点击链接，即可激活您的淘宝账号，完成注册 http://u.m.taobao.com/r/8jjwrjsnj31.htm【淘宝网】,zh,gitcode_zh_sms_8a104,1,FRAUD,fraud-intent-keywords,,,273d751799c1,
zh_pilot_0063,学生如何调整状态赢在期末考！一线教师为你答疑解惑，梳理难点，改善学习方法，20天语数外物化突破高分，另设暑假特色托管！询82191880,zh,gitcode_zh_sms_8a104,1,NEEDS_REVIEW,spam-unclear,,,5bf0c5f36a8e,
zh_pilot_0064,《澳门线上娱乐城》顶级博彩平台真人百家乐.足球.时时彩.彩金天天送，返水1.6，提款三分钟到帐。详情登www.1305678.com查看。,zh,gitcode_zh_sms_8a104,1,AD,spam-link-promo-candidate,,,d2f9c2ee7086,
zh_pilot_0065,现在买11选5中奖额外送彩金，单注最高奖金580元，别错过！ http://518.qq.com/p?105,zh,gitcode_zh_sms_8a104,1,FRAUD,fraud-intent-keywords,,,866eb37c7448,
zh_pilot_0066,"匯豐:本行已根據您的指示更新了您的辦公室電話號碼, 流動電話號碼紀錄。查詢詳情，請致電22333000。",zh,gitcode_zh_sms_8a104,1,NEEDS_REVIEW,spam-unclear,,,0f4b43d4d4f1,
zh_pilot_0067,您好：我公司有发票可向外代开，如：商业，服务业，建筑业，17增值税等。价格优惠可验证后付款。欢迎来电咨询：13917772893江小姐,zh,gitcode_zh_sms_8a104,1,AD,merchant-promo,,,93cc9cdab3a8,
zh_pilot_0068,30分钟速达国贸!55万起买88-192平南北通透观景户型，超大面宽270度采光，排卡火爆6月开盘，到访抽奖赢精美礼品4000606003,zh,gitcode_zh_sms_8a104,1,NEEDS_REVIEW,spam-unclear,,,77821ad29e42,
zh_pilot_0069,移动微博调查:你最喜欢哪个话题？A黄金价格走势，B戛纳电影节，C毕业季，回复参与抽奖，礼品详情http://139url.cn/9jef6g,zh,gitcode_zh_sms_8a104,1,AD,spam-link-promo-candidate,,,c2b1778d8ecc,
zh_pilot_0070,您好！截至到2014年04月13日21时52分，您已使用数据流量82.21MB，套餐内剩余流量67.79MB，上网流量不够，您可发送“加油包”到10086，选择更优惠的流量套餐中国移动,zh,gitcode_zh_sms_8a104,0,AD,merchant-promo,,,92b9aaee2e05,
zh_pilot_0071,你好，我是[平安银行]信贷部小罗，做无抵押免担保信用贷款的，1_80W办理简单，放款快18121259703，尽请保留。【善兼】,zh,gitcode_zh_sms_8a104,1,HARASS,collection/gray/adult/gambling,,,c7fb2bbb95f5,
zh_pilot_0072,纸袋碰腿北京2孕妇地铁内互殴[人民]-中国移动冲浪助手:http://go.10086.cn/nd/mgR/ThjTE,zh,gitcode_zh_sms_8a104,1,AD,spam-link-promo-candidate,,,acba29da0882,
zh_pilot_0073,移动微博调查:你最喜欢哪个话题？A黄金价格走势，B戛纳电影节，C毕业季，回复参与抽奖，礼品详情http://139url.cn/9jef6g,zh,gitcode_zh_sms_8a104,1,AD,spam-link-promo-candidate,,,c2b1778d8ecc,
zh_pilot_0074,本公司长期办理各种发票，联系电话:13810019936,zh,gitcode_zh_sms_8a104,1,NEEDS_REVIEW,spam-unclear,,,edc54cc2fb67,
zh_pilot_0075,【KK娱乐】宋承宪晒与林志玲合影 网友留言调侃称“在一起”       http://ah.kk3g.net/i/1/jOUZ36fI,zh,gitcode_zh_sms_8a104,1,AD,spam-link-promo-candidate,,,f2b37ec4d586,
zh_pilot_0076,【猎聘网】猎聘秘书台:16:53与您通话的是猎头赵艳铃(ID号:LT1138906)可登录网站查询联系.请您回复短信对此次通话进行评价，1为满意，2为一般，3为不满意。,zh,gitcode_zh_sms_8a104,0,NEEDS_REVIEW,normal-unclear,,,889b5d7bdb73,
zh_pilot_0077,2013最给力的“发短信、夺宝箱”活动开始啦！回复1-5000000之间任一数字即可参与夺宝，笔记本电脑、数码相机、话费等大奖等您挖，每月1000份奖品等您拿，发个短信试试运气吧。回复字母JP或数字0了解奖品清单！无信息费，短信资费按标准资费收取。,zh,gitcode_zh_sms_8a104,1,TRANSACTION,account/order/auth/logistics-result,,,ead90a613b42,
zh_pilot_0078,移动微博调查:你最喜欢哪个话题？A黄金价格走势，B戛纳电影节，C毕业季，回复参与抽奖，礼品详情http://139url.cn/9jef6g,zh,gitcode_zh_sms_8a104,1,AD,spam-link-promo-candidate,,,c2b1778d8ecc,
zh_pilot_0079,链家办理个人及企业房产抵 押 贷 款，不用款无利息，循环使用，利率百６起，放款快，详情咨询链家金融部于志远１５８１１１２１６６７,zh,gitcode_zh_sms_8a104,1,HARASS,collection/gray/adult/gambling,,,5f419685e2e0,
zh_pilot_0080,查询余额服务：您的账户余额为0.00元，移动官网充值（ www.10086.cn）优惠便捷。感谢您的使用，中国移动。,zh,gitcode_zh_sms_8a104,0,AD,merchant-promo,,,688dd3525f79,
zh_pilot_0081,"""截至2014年09月28日，您的帐户可用余额为97.40元。",zh,gitcode_zh_sms_8a104,0,NEEDS_REVIEW,normal-unclear,,,051d142f401b,
zh_pilot_0082,移动微博调查:你最喜欢哪个话题？A黄金价格走势，B戛纳电影节，C毕业季，回复参与抽奖，礼品详情http://139url.cn/9jef6g,zh,gitcode_zh_sms_8a104,1,AD,spam-link-promo-candidate,,,c2b1778d8ecc,
zh_pilot_0083,截至20日22时04分，您现在正在使用动感地带2G网聊卡19元套餐，您当前月剩余GPRS流量约76MB；您现在正在使用TD单模流量套餐（500M），您当前月剩余GPRS流量约500MB；统计时间延迟24小时左右，以上数据仅供参考，感谢您的使用。免费拨打1008612专线查询更多GPRS业务。中国移动,zh,gitcode_zh_sms_8a104,1,TRANSACTION,account/order/auth/logistics-result,,,80676cd6f78c,
zh_pilot_0084,澳洲房产第一展！永久产权￥30万起，贷款低息仅2！本周六广州丽思卡尔顿酒店2楼，澳籍专家全解澳房发展，详询邦拓国际：400-6381168,zh,gitcode_zh_sms_8a104,1,AD,merchant-promo,,,12043b979ec8,
zh_pilot_0085,长安街东首，15分钟国贸，20分钟机场，180-260平精装官邸！绿城葛洲坝强强联合，尊享希尔顿酒店服务。4006225778【京杭府】,zh,gitcode_zh_sms_8a104,1,NEEDS_REVIEW,spam-unclear,,,a9c585c71868,
zh_pilot_0086,姜燕北先生个人卡额度不足交易失败，最高可调临时额度至80000元，2014年10月12日12点17分前回#TLEY申请，短信回复为准。巧用额度理财，猛戳 t.cn/8FdmPg8 查询[招商银行],zh,gitcode_zh_sms_8a104,0,NEEDS_REVIEW,normal-unclear,,,d07edba5e3c7,
zh_pilot_0087,您尾号4842的信用卡09日18:16网上交易人民币6.00元。iPhone6免费抢！ t.cn/R7HfMHK 。[招商银行],zh,gitcode_zh_sms_8a104,0,TRANSACTION,account/order/auth/logistics-result,,,b1b6262c2620,
zh_pilot_0088,现在买11选5中奖额外送彩金，单注最高奖金580元，别错过！ http://518.qq.com/p?105,zh,gitcode_zh_sms_8a104,1,FRAUD,fraud-intent-keywords,,,866eb37c7448,
zh_pilot_0089,【天上掉下个Iphone5！】通信助手的众亲们，回对应数字设置优先接收的回执精品资讯：2、健康；4体育；6娱乐。成功设置可参与次月Iphone5和1000元话费抽奖。您还可登录 http://v1x.cn/V2X 设置，访问产生的流量费按标准收费。中国移动,zh,gitcode_zh_sms_8a104,1,TRANSACTION,account/order/auth/logistics-result,,,7df64b8e94cb,
zh_pilot_0090,尊敬的客户，您开通的社区经典业务，信息费10.00元，服务提供商深圳市腾讯计算机系统有限公司，服务代码10661700。如果该业务是随服务包或套餐包赠送开通，则免收信息费。,zh,gitcode_zh_sms_8a104,0,NEEDS_REVIEW,normal-unclear,,,16c988c11276,
zh_pilot_0091,有人富贵有人平凡，想知道你命里有几座金山？想看你今年是否命犯桃花？回21加8位出生日期（如2119810527）生活娱乐为您探知蛇年开运法2,zh,gitcode_zh_sms_8a104,1,NEEDS_REVIEW,spam-unclear,,,115755ed5b22,
zh_pilot_0092,"【凤凰汽车i询价】标致308 2013款 1.6L 自动优尚型(指导价11.59万元),近期铜仁地区暂无优惠.【凤凰汽车】",zh,gitcode_zh_sms_8a104,1,AD,merchant-promo,,,cd4f61766127,
zh_pilot_0093,移动微博调查:你最喜欢哪个话题？A黄金价格走势，B戛纳电影节，C毕业季，回复参与抽奖，礼品详情http://139url.cn/9jef6g,zh,gitcode_zh_sms_8a104,1,AD,spam-link-promo-candidate,,,c2b1778d8ecc,
zh_pilot_0094,亲爱的用户，今天下午3点，将举行小米手机剩余订单专场，欢迎届时访问小米网xiaomi.com购买。【小米】,zh,gitcode_zh_sms_8a104,1,TRANSACTION,account/order/auth/logistics-result,,,f99faeeffb23,
zh_pilot_0095,专业办理房产抵押贷款，最高可贷8成。抵押房也可再贷款。个人及企业无抵押贷款（3天放款）全程银行操作！咨询58600870【百恩克贷款】,zh,gitcode_zh_sms_8a104,1,HARASS,collection/gray/adult/gambling,,,0c3b310d81cc,
zh_pilot_0096,您好，专业提供短信群发，106全网网关直连通道，70字无签名，【活动促销】【商业推广】【贷款】【房产】【教育】均可大量发送。短信找客户，方便又快捷。详询Q:2622500175或电：18924264845张先生,zh,gitcode_zh_sms_8a104,1,AD,merchant-promo,,,7fc3f51329e3,
zh_pilot_0097,美媒曝光中国地下空军:不可战胜[搜狐]-中国移动冲浪助手:http://go.10086.cn/nd/mgp/10DqLf,zh,gitcode_zh_sms_8a104,1,AD,spam-link-promo-candidate,,,ca88947f04e5,
zh_pilot_0098,"急用钱吗，有房产/轿车短期借款当日放款。银行借款3-5日批贷，已有银行借款房屋还可贷房屋评估值的100,办大额信用K,详询51291111",zh,gitcode_zh_sms_8a104,1,AD,merchant-promo,,,f274ee3b9e11,
zh_pilot_0099,名师一对一，针对期末考试进行知识系统梳理，抓重点攻考点，提高学习效率，快速提升孩子成绩！详询4000878322【乐恩特教育】,zh,gitcode_zh_sms_8a104,1,AD,merchant-promo,,,e86427968a5b,
zh_pilot_0100,查询余额服务：您总账户余额为71.16元。详情为：主账户余额71.16元，副账户余额0.00元。感谢您的使用，中国移动。,zh,gitcode_zh_sms_8a104,0,NEEDS_REVIEW,normal-unclear,,,3d5017fc72db,
zh_pilot_0101,海王星辰顺义店5月11-12日凭短信购物送U品牙膏1支，购物满38抽奖，满98送洗衣棒，满198送抽纸，满298送卷纸，多买多赠[海王星辰],zh,gitcode_zh_sms_8a104,1,NEEDS_REVIEW,spam-unclear,,,6353e6a097ee,
zh_pilot_0102,"我公司今带客户15.7元重仓买入300223北京君正,明天必爆涨,重点关注,切勿追高!合作熱線:020-29122903【广发投资公司】",zh,gitcode_zh_sms_8a104,1,NEEDS_REVIEW,spam-unclear,,,a6cfe1c1433b,
zh_pilot_0103,58元300分钟语音套餐（4G）：58.00元,zh,gitcode_zh_sms_8a104,0,NEEDS_REVIEW,normal-unclear,,,09f5728fae42,
zh_pilot_0104,探秘中国唯一核武器生产单位[搜狐]-中国移动冲浪助手:http://go.10086.cn/nd/mf2/91y0f,zh,gitcode_zh_sms_8a104,1,AD,spam-link-promo-candidate,,,f2f5d251f5a9,
zh_pilot_0105,专业办理房产抵押贷款，最高可贷8成。抵押房也可再贷款。个人及企业无抵押贷款（3天放款）全程银行操作！咨询58600870【百恩克贷款】,zh,gitcode_zh_sms_8a104,1,HARASS,collection/gray/adult/gambling,,,0c3b310d81cc,
zh_pilot_0106,5月19全国助残日，酒泉丽声助听器举办大型优惠活动，活动日期5月18-31日，“零噪音”听的更清晰，咨询热线09372671168【丽声】,zh,gitcode_zh_sms_8a104,1,AD,merchant-promo,,,447cf06f552e,
zh_pilot_0107,回复任意数字，仅需6积分/M值，即可兑换500元的大润发购物券抽奖，共10个中奖名额！未中奖用户也可得佐藤家日本料理50元抵用券1张！您可登录http://tuan.12580777.com 查看详情！【12580商户联盟】,zh,gitcode_zh_sms_8a104,1,FRAUD,fraud-intent-keywords,,,cabc2cfa2de7,
zh_pilot_0108,点击链接即可免费下载http://estoresrvice.189store.com//share/143538,zh,gitcode_zh_sms_8a104,1,FRAUD,fraud-intent-keywords,,,e2ed9c63a019,
zh_pilot_0109,移动微博调查:你最喜欢哪个话题？A黄金价格走势，B戛纳电影节，C毕业季，回复参与抽奖，礼品详情http://139url.cn/9jef6g,zh,gitcode_zh_sms_8a104,1,AD,spam-link-promo-candidate,,,c2b1778d8ecc,
zh_pilot_0110,昨建【601588北辰实业】今学员收益10！午盘2亿建周末强牛，周一有望漲停，现招学员参与操作，咨询速电4006330658【广福基金】,zh,gitcode_zh_sms_8a104,1,NEEDS_REVIEW,spam-unclear,,,b78285c927cc,
zh_pilot_0111,【淳度】亲爱的，听说宝贝已经安全到您身边，感谢您的耐心等待，满意请给淳家五分好评哦~衣衣保养和售后问题可关注淳度微信：iqueend，回复“建议”即可获得！回复TD退订,zh,gitcode_zh_sms_8a104,0,NEEDS_REVIEW,normal-unclear,,,b4b9fe87c092,
zh_pilot_0112,"(1/2)尊敬的客户，您合同号为*110*96的住房贷款，将于10/13进行扣款，本息合计3,077.87元，请您于还款日前一天【交通银行】",zh,gitcode_zh_sms_8a104,0,TRANSACTION,account/order/auth/logistics-result,,,1099fd6b6137,
zh_pilot_0113,平安产险助您轻松获取农业银行无抵押贷款。额度高放款快！详询徐经理13368188779如打扰敬请谅解(资金不得用于股市房市等领域)中国平安[福肯机电],zh,gitcode_zh_sms_8a104,1,AD,merchant-promo,,,eceda8b24356,
zh_pilot_0114,复旦研究生遭室友投毒，破案缘于一条神秘短信，点击查看详细内容： http://t.cn/zTIS10X,zh,gitcode_zh_sms_8a104,1,FRAUD,fraud-intent-keywords,,,dbdd99dd6a5c,
zh_pilot_0115,您尾号4118的招行信用卡在04日21:03发生消费人民币598.00元。[招商银行],zh,gitcode_zh_sms_8a104,0,TRANSACTION,account/order/auth/logistics-result,,,fb915098f5f1,
zh_pilot_0116,您尾号7544卡31日06:41工商银行收入16.41元。【工商银行】,zh,gitcode_zh_sms_8a104,0,TRANSACTION,account/order/auth/logistics-result,,,82d5df6d74be,
zh_pilot_0117,【24节气之幸福小满】今天是5.21小满，快来点击查看你的综合运势哦~ http://wap.zjicity.com/wxcs/W4mbG0,zh,gitcode_zh_sms_8a104,1,FRAUD,fraud-intent-keywords,,,66bb4ba8db1d,
zh_pilot_0118,纸袋碰腿北京2孕妇地铁内互殴[人民]-中国移动冲浪助手:http://go.10086.cn/nd/mhd/c4sNq,zh,gitcode_zh_sms_8a104,1,AD,spam-link-promo-candidate,,,acba29da0882,
zh_pilot_0119,房产投资良机尽在花园城市新加坡，可贷款7成，利率低于2.0，购房无限制，精装低税永久地契，考察团咨询4006531800,zh,gitcode_zh_sms_8a104,1,NEEDS_REVIEW,spam-unclear,,,cbfd91050abe,
zh_pilot_0120,快速路/BRT/地铁口，【正商华钻】接待中心、精装样板间璀璨绽放，86-128平米通透臻品礼献全城！写出梦想，万元惊喜68762111,zh,gitcode_zh_sms_8a104,1,NEEDS_REVIEW,spam-unclear,,,9a41e684cd20,
zh_pilot_0121,移动微博调查:你最喜欢哪个话题？A黄金价格走势，B戛纳电影节，C毕业季，回复参与抽奖，礼品详情http://139url.cn/9jef6g,zh,gitcode_zh_sms_8a104,1,AD,spam-link-promo-candidate,,,c2b1778d8ecc,
zh_pilot_0122,"尊敬的用户您好，您的套餐内有上网流量，请记得使用，特为您推荐 传赵薇陈坤友情破裂,因为周迅 点击查看详情：http://ent.3g.cn/IPNewsContent.php?nid=345826&sid=&cin=-2605&waped=10",zh,gitcode_zh_sms_8a104,1,FRAUD,fraud-intent-keywords,,,398bafbf5f81,
zh_pilot_0123,【链家咨询】办理赎楼.过桥.无抵.押.抵.押贷.款.利率基准起，2日可放款，循环授信不用不产生利息，链家金融部梁晓琴18201016055,zh,gitcode_zh_sms_8a104,1,HARASS,collection/gray/adult/gambling,,,6ce53b373c64,
zh_pilot_0124,恒生：本行已向閣下發出信用卡戶口5520-3720-06XX-X637(付款到期日：2013-06-17)的新電子月結單，請即登入個人e-Banking查閱。,zh,gitcode_zh_sms_8a104,1,NEEDS_REVIEW,spam-unclear,,,ee0f4c074e6d,
zh_pilot_0125,你好，我公司优惠代开增值税，普通国税，地税等各行业发票。需要请联系13392199916林经理。,zh,gitcode_zh_sms_8a104,1,AD,merchant-promo,,,42f0cc0909f1,
zh_pilot_0126,开盘热销人气爆棚！现紧急加推！地铁旁88平三居，近100得房率，实验二小招生在即，抢到即赚到!到访有礼! 5722300,zh,gitcode_zh_sms_8a104,1,NEEDS_REVIEW,spam-unclear,,,18b7b584ff79,
zh_pilot_0127,"尊敬的炫铃用户，最新炫铃推荐:1 sorry,2 come back to me,3 会不会,4 无声占有,5 致青春,6 仙侠世界之错过,7 法海我不爱你(拨打10157888试听下载）",zh,gitcode_zh_sms_8a104,1,NEEDS_REVIEW,spam-unclear,,,a011e5eb4c65,
zh_pilot_0128,网曝大学女生最好嫁人的五大专业[腾讯]-中国移动冲浪助手:http://go.10086.cn/nd/lX0/OANCK,zh,gitcode_zh_sms_8a104,1,AD,spam-link-promo-candidate,,,3465f9d0a7f7,
zh_pilot_0129,【大众点评】恭喜中奖！您订座成功并到店消费，抽奖获得了5元抵用券，优惠代码：103157506859429190，有效期至2014年9月30日，请至大众点评团使用。如有疑问，详询400-820-5527,zh,gitcode_zh_sms_8a104,0,FRAUD,fraud-intent-keywords,,,c5b49326efa3,
zh_pilot_0130,"订单1029389839,戚佳，5月22日20:05北京首都-杭州萧山,CA1714，变更为【2014-05-22 21:25北京首都-杭州萧山,CA1714 】请回电10106666确认机位【携程网】如需屏蔽，回复0000",zh,gitcode_zh_sms_8a104,0,NEEDS_REVIEW,normal-unclear,,,f42447567cbb,
zh_pilot_0131,您账户9068于09月24日11:38网上支付人民币95.00。限时特惠9块9全国包邮 e95555.cn/99。[招商银行],zh,gitcode_zh_sms_8a104,0,NEEDS_REVIEW,normal-unclear,,,00d28c0b3bd4,
zh_pilot_0132,置业海南明星小岛，全生态纯氧之境，万宁核心大盘36万/套起，健康度假养老投资首选，尊享热带亲海生活4000401899,zh,gitcode_zh_sms_8a104,1,NEEDS_REVIEW,spam-unclear,,,6c6b3e91732d,
zh_pilot_0133,短期借贷，中小企业贷款，房产汽车抵押贷款，承兑汇票，当天放款。67830109顾经理13817105408【瞿银投资】,zh,gitcode_zh_sms_8a104,1,HARASS,collection/gray/adult/gambling,,,a38c2d77c386,
zh_pilot_0134,360fangdao#：我正在使用360手机卫士防盗功能，能帮我找回被盗手机，推荐你也使用：http://shouji.360.cn,zh,gitcode_zh_sms_8a104,0,NEEDS_REVIEW,normal-unclear,,,ae7b198c391b,
zh_pilot_0135,浑南红星美凯龙联盟专属VIP团购会！家具建材品牌3折起，凭短信专享购物满5000送100元加油卡！300张先到先得！报名送礼31371111,zh,gitcode_zh_sms_8a104,1,AD,merchant-promo,,,a1210da9d05f,
zh_pilot_0136,好消息！现免佣代理福田路与福中路交界中心区华润万家旁彩德城转角小铺火爆发售28-64平，总价3-4百万70产权军产可贷款港台人士不限，带五厘租约，今年8月交铺，肯德基，必胜客进驻有意请来电中原地产蒋军18675587097取消订阅回复0000【中原地产】,zh,gitcode_zh_sms_8a104,1,NEEDS_REVIEW,spam-unclear,,,b8dd9f44afbe,
zh_pilot_0137,美媒曝光中国地下空军:不可战胜[搜狐]-中国移动冲浪助手:http://go.10086.cn/nd/mgi/NloRz,zh,gitcode_zh_sms_8a104,1,AD,spam-link-promo-candidate,,,ca88947f04e5,
zh_pilot_0138,一建《法规》5月25日首次开课可试听一节课，满意交费，华建中远领航一建通过率，北四环北大医学部逸夫楼702室9点4008008292,zh,gitcode_zh_sms_8a104,1,NEEDS_REVIEW,spam-unclear,,,27f16399cf30,
zh_pilot_0139,爆笑二货老外雷人囧事集锦  http://g.wo.com.cn/h1L/9qjnor&h=1&f=a11Hh,zh,gitcode_zh_sms_8a104,1,AD,spam-link-promo-candidate,,,c0c987e87da2,
zh_pilot_0140,融汇财富携手银行合作，免抵押免担保贷款，月利息9哩，最高贷款额度50万，按揭中房产再贷款，详询：15980020168【国际经济】,zh,gitcode_zh_sms_8a104,1,AD,merchant-promo,,,966601141e19,
zh_pilot_0141,皇家壹里双节两重礼！特价准现房限时抢购，重磅抽奖送惊喜。5月隆重推出245平米花园洋房，独享欧式台地园林，私藏超大楼间距。3166666,zh,gitcode_zh_sms_8a104,1,AD,merchant-promo,,,9a3f6fb48101,
zh_pilot_0142,现在买11选5中奖额外送彩金，单注最高奖金580元，别错过！ http://518.qq.com/p?105,zh,gitcode_zh_sms_8a104,1,FRAUD,fraud-intent-keywords,,,866eb37c7448,
zh_pilot_0143,建鑫●金海岸C区：离一中更近一步！22#26#95㎡，看江大三房，24日早9点，全城狂欢大抽奖，人人有机会6315666【建鑫地产】,zh,gitcode_zh_sms_8a104,1,NEEDS_REVIEW,spam-unclear,,,ce0c2905bf17,
zh_pilot_0144,超炫的iPod touch5来啦！免费回复任意数字，6个积分/M值即可兑换抽奖，共2个中奖名额，快试试运气吧！所有参与用户还送100元旅游抵用券1张！您也可登录http://tuan.12580777.com查看详情！【12580商户联盟】,zh,gitcode_zh_sms_8a104,1,FRAUD,fraud-intent-keywords,,,21587dbb4918,
zh_pilot_0145,"【春秋航空】恭喜您成为春秋绿翼会员，您的卡号9206030150074448469,交易密码为382202。为了保障您的合法权益，我们推荐您在春秋官网www.china-sss.com订购机票。您还可关注春秋航空微信，获取乘机提示及航班动态等专享服务。",zh,gitcode_zh_sms_8a104,0,NEEDS_REVIEW,normal-unclear,,,89feae022843,
zh_pilot_0146,探秘中国唯一核武器生产单位[搜狐]-中国移动冲浪助手:http://go.10086.cn/nd/mfy/pHkEr,zh,gitcode_zh_sms_8a104,1,AD,spam-link-promo-candidate,,,f2f5d251f5a9,
zh_pilot_0147,"31号周末没地去，数钱乐！数多少送多少，还有寻宝、抽奖参加！3098/㎡起,购房0月供,最高省6万！63273333【溪畔美域】",zh,gitcode_zh_sms_8a104,1,NEEDS_REVIEW,spam-unclear,,,b9e5431f2fab,
zh_pilot_0148,现在买11选5中奖额外送彩金，单注最高奖金580元，别错过！ http://518.qq.com/p?105,zh,gitcode_zh_sms_8a104,1,FRAUD,fraud-intent-keywords,,,866eb37c7448,
zh_pilot_0149,你好：我公司可向外优惠代开发票，如：商业，服务业，建筑业，17增值税等。验证后付款。联系：13538208408林生,zh,gitcode_zh_sms_8a104,1,AD,merchant-promo,,,a9cdfc019fbe,
zh_pilot_0150,嗨~亲！欢迎您首次访问联通WO+分享平台，点击连接即可成为会员享受联通最新优惠，每天参加幸运大抽奖，奖品多多iphone4s送不停喔。 http://t.17wo.cn/5X3781,zh,gitcode_zh_sms_8a104,1,AD,merchant-promo,,,c33fb2b882b6,
zh_pilot_0151,你好！有车有房急用钱，找中金，短期周转贷款，当日放款，车辆抵押最快5分钟拿钱，银行抵押贷款2-5天可批贷，咨询：51292222,zh,gitcode_zh_sms_8a104,1,HARASS,collection/gray/adult/gambling,,,79a41d9863a3,
zh_pilot_0152,2013年04月17日是您招商银行信用卡（尾号8389）还款提醒日。【支付宝】,zh,gitcode_zh_sms_8a104,1,TRANSACTION,account/order/auth/logistics-result,,,1d762d75a445,
zh_pilot_0153,敲响的是钟声，走过的是岁月，留下的是故事，带走的是希望，盼望的是美好，送来的是祝福。祝您生日快乐！【杭州西溪宾馆86-571-85396666】,zh,gitcode_zh_sms_8a104,0,NEEDS_REVIEW,normal-unclear,,,b3b928e486e0,
zh_pilot_0154,"工银信用卡爱购（IGO）全球——新加坡航空A380北京启航，使用工银环球旅行信用卡、工银白金卡及金卡支付可享超值特惠，北京往返新加坡含税费2,500元起，快点击链接抢票：http://www.singaporeair.com/booking-flow.form?promotionType=commercial＆id=36189。更多优惠票价详询新航客服010-65052233。工银信用卡【工商银行】",zh,gitcode_zh_sms_8a104,0,FRAUD,fraud-intent-keywords,,,bb963f781cc6,
zh_pilot_0155,5月，去武汉北看铺，来访即有机会抽奖中铺子！首付10万买铺，年收租2万，5年回本！免费热线400-027-5886【融园.中国家具第一城】,zh,gitcode_zh_sms_8a104,1,AD,merchant-promo,,,a0099d5645fa,
zh_pilot_0156,白色床只要280元！月星家具工厂抄底价销售，4月20日起疯狂回馈龙城市民15天，光华路东首198号月星大厦88879531【月星家具工厂】,zh,gitcode_zh_sms_8a104,1,NEEDS_REVIEW,spam-unclear,,,070c10a11d6f,
zh_pilot_0157,8/31前，在惠州地区汉拿山所有门店刷平安信用卡消费尊享指定菜品买一送一，数量有限，送完即止，详询网站。【平安银行】,zh,gitcode_zh_sms_8a104,1,AD,merchant-promo,,,59dbf2b46d4b,
zh_pilot_0158,广汉铺王！中心商业核心，世界500强法国欧尚鼎力入住，广信鹭镇40平起临街金铺折上折火爆热销，财富热线5506666【广信鹭镇】,zh,gitcode_zh_sms_8a104,1,AD,merchant-promo,,,1f84acc6102a,
zh_pilot_0159,【味多美】您好，感谢您购买味多美产品，您的订单号是bj2014111236300。若您收到蛋糕后在微博或微信朋友圈晒图好评，可获赠蛋糕代金券。,zh,gitcode_zh_sms_8a104,0,NEEDS_REVIEW,normal-unclear,,,dcf3c27cbe23,
zh_pilot_0160,财富早间版：三中全会闭幕通过全面深化改革决定，国防军工板块存利好；投资者担忧联储削减QE美股下跌。A股指数昨日虽上涨然量能不济，判断为弱势反弹，目前整体仍处下降通道应继续保持谨慎观望为宜。康美药业、中新药业可逢高了结。投资建议仅供参考。【招商证券】,zh,gitcode_zh_sms_8a104,0,NEEDS_REVIEW,normal-unclear,,,a933f4ae73aa,
zh_pilot_0161,付款校验码897204，购买网票网(50.00元)。【支付宝】,zh,gitcode_zh_sms_8a104,0,TRANSACTION,account/order/auth/logistics-result,,,c8c72a54b156,
zh_pilot_0162,急用钱，找宜信。无抵押，无担保，信用贷款。资料简单，2~3天放款，无前期费用，贷款额度1~50万。咨询电话：18657495775【杜经理】,zh,gitcode_zh_sms_8a104,1,HARASS,collection/gray/adult/gambling,,,31e91da5ca35,
zh_pilot_0163,"""截止到2014年08月07日，您的帐户当月可用余额为36.40元。",zh,gitcode_zh_sms_8a104,0,NEEDS_REVIEW,normal-unclear,,,48fdf49f9430,
zh_pilot_0164,您的宽带密码本次已次修为831536，如需重新修改，请拨10001+3+1+1按语音提示修改。如果您使用了路由器拨号，需您登陆到路由器上更改成重置后的密码，保存重启测试。,zh,gitcode_zh_sms_8a104,1,NEEDS_REVIEW,spam-unclear,,,7f78901d304f,
zh_pilot_0165,你好！本公司可代开各种税票（用票后付款）需要请联系：13967898093刘先生,zh,gitcode_zh_sms_8a104,1,NEEDS_REVIEW,spam-unclear,,,761b02537193,
zh_pilot_0166,成都平安信用贷款为您解决资金困难，依托平安集团优势，无需任何房产作抵，无需他人作保，您的借款专家：罗经理13980903932【平安银行】,zh,gitcode_zh_sms_8a104,1,NEEDS_REVIEW,spam-unclear,,,5324995a7c51,
zh_pilot_0167,纸袋碰腿北京2孕妇地铁内互殴[人民]-中国移动冲浪助手:http://go.10086.cn/nd/mhl/xvteN,zh,gitcode_zh_sms_8a104,1,AD,spam-link-promo-candidate,,,acba29da0882,
zh_pilot_0168,2013最给力的“发短信、夺宝箱”活动开始啦！回复1-5000000之间任一数字即可参与夺宝，笔记本电脑、数码相机、话费等大奖等您挖，每月1000份奖品等您拿，发个短信试试运气吧。回复字母JP或数字0了解奖品清单！无信息费，短信资费按标准资费收取。,zh,gitcode_zh_sms_8a104,1,TRANSACTION,account/order/auth/logistics-result,,,ead90a613b42,
zh_pilot_0169,"【中国平安】尊敬的客户您好，平安直通车险为您私人定制承保方案，请点击 u.pingan.com/u/2Izym2 查看，还享超多专属回馈。报价详情：交强险765.41元,商业险2617.51元，含(车辆损失险96800,商业第三者责任险500000,全车盗抢险47432,司机座位责任险10000,乘客座位责任险4*10000,玻璃单独破碎险(国产),及相关不计免陪)车船税350元，仅供参考，最终价格以出单为准。详询95511转4转2转1朱滔工号810473。",zh,gitcode_zh_sms_8a104,0,AD,merchant-promo,,,7e316762dc18,
zh_pilot_0170,成考报名中，在职人员、高起专、专升本、专业齐全。需要学历提升的可以来咨询或者报名，www.jxczw.com 15870005288廖老师,zh,gitcode_zh_sms_8a104,1,AD,merchant-promo,,,09d537a945eb,
zh_pilot_0171,澳门网上娱乐城：真人百家乐，足球投注，时时彩，港彩1：48，股票T+0，免费试玩，首次充值即送30彩金，网址：www.d5525.com,zh,gitcode_zh_sms_8a104,1,AD,spam-link-promo-candidate,,,ec0a8e0f4659,
zh_pilot_0172,影院搬上车，全新帕萨特影院版23.98万，全川最低价，购车送iPhone 5、置换享8千礼包、分-期两年零利-息38169929【天牛坤泰】,zh,gitcode_zh_sms_8a104,1,NEEDS_REVIEW,spam-unclear,,,6e4c61b90268,
zh_pilot_0173,移动微博调查:你最喜欢哪个话题？A黄金价格走势，B戛纳电影节，C毕业季，回复参与抽奖，礼品详情http://139url.cn/9jef6g,zh,gitcode_zh_sms_8a104,1,AD,spam-link-promo-candidate,,,c2b1778d8ecc,
zh_pilot_0174,"急用钱吗，有房产/轿车短期借款当日放款。银行借款3-5日批贷，已有银行借款房屋还可贷房屋评估值的100,办大额信用K,详询51291111",zh,gitcode_zh_sms_8a104,1,AD,merchant-promo,,,f274ee3b9e11,
zh_pilot_0175,600223鲁商置业明日必涨，不涨我司免费赔偿５个点。欢迎来电把握精准买卖点双赢致富热线：02066228129 南方私募基金,zh,gitcode_zh_sms_8a104,1,AD,merchant-promo,,,7ca7d2eca775,
zh_pilot_0176,新股发行提示：6月20日发行732168莎普爱思21.85元/股，申购上限0.6万股。仅供参考，以沪深交易所公告为准。【招商证券】,zh,gitcode_zh_sms_8a104,0,NEEDS_REVIEW,normal-unclear,,,4492a782fc88,
zh_pilot_0177,接上:7。即日起至11/30期间，申请满额可获刷卡金及积分，首次申请额外奖励5万积分，详询卡背面客服热线。【浦发银行】,zh,gitcode_zh_sms_8a104,0,AD,merchant-promo,,,214d8d4724f3,
zh_pilot_0178,查询余额服务：您的账户余额为4.80元，移动官网充值（ www.10086.cn）优惠便捷。感谢您的使用，中国移动。,zh,gitcode_zh_sms_8a104,0,AD,merchant-promo,,,688dd3525f79,
zh_pilot_0179,铁岭正规贷丨款，无担保，无抵押贷丨款，2-5个工作日放款，无贷前费用，利息1分6起，欢迎来电咨询：18341048882  【天顺祥传媒】,zh,gitcode_zh_sms_8a104,1,HARASS,collection/gray/adult/gambling,,,cd226510b913,
zh_pilot_0180,专业代开（上海本地）房租租赁，服务业，商业，建材，广告，咨询，等各类發票。验证后付款，联系电话：13921404208 本信息长期有效,zh,gitcode_zh_sms_8a104,1,NEEDS_REVIEW,spam-unclear,,,616c3a325473,
zh_pilot_0181,【招商证券】601688华泰证券：公司因有重要事项正在商谈中，为维护投资者利益，今起停牌。仅供参考，以沪深交易所公告为准,zh,gitcode_zh_sms_8a104,0,NEEDS_REVIEW,normal-unclear,,,c5f6de91c185,
zh_pilot_0182,您好！我公司有河南省税票可以代开；有普通票和增值票；合作热线：13530009896。联系人：陈先生。,zh,gitcode_zh_sms_8a104,1,AD,merchant-promo,,,e57ff94e88d5,
zh_pilot_0183,真恐怖！孕妇乘飞机晕机呕吐，结果吐出来的东西令人出乎意料！详情点击http://wap.189hz.com/r/QnIv6z,zh,gitcode_zh_sms_8a104,1,AD,spam-link-promo-candidate,,,1f3e875ec9cb,
zh_pilot_0184,移动微博调查:你最喜欢哪个话题？A黄金价格走势，B戛纳电影节，C毕业季，回复参与抽奖，礼品详情http://139url.cn/9jef6g,zh,gitcode_zh_sms_8a104,1,AD,spam-link-promo-candidate,,,c2b1778d8ecc,
zh_pilot_0185,尊敬的苏宁会员：在节能补贴结束之际，诚邀您参加21日康佳彩电33周年生日夜宴，50吋3DLED最后补贴价3999!询:13926412596,zh,gitcode_zh_sms_8a104,1,NEEDS_REVIEW,spam-unclear,,,a2827f414eac,
zh_pilot_0186,(预约成功)10月10日 14:00，朝阳区SOHO现代城1号楼507，。保洁员：郭红恩，电话：13126626245 【阿姨帮】,zh,gitcode_zh_sms_8a104,0,NEEDS_REVIEW,normal-unclear,,,5ad8b7bd7fd6,
zh_pilot_0187,温馨提示，截止12月21日24时，您当月套餐内流量已使用155.67MB，剩余流量144.33MB。登录 wap.10010.com 直充话费，方便又打折!,zh,gitcode_zh_sms_8a104,0,AD,merchant-promo,,,89479835eb07,
zh_pilot_0188,纸袋碰腿北京2孕妇地铁内互殴[人民]-中国移动冲浪助手:http://go.10086.cn/nd/mh9/YlvHC,zh,gitcode_zh_sms_8a104,1,AD,spam-link-promo-candidate,,,acba29da0882,
zh_pilot_0189,你好！我处长期和建行合作提供贷款，年息10，手续简单，当天放款，李主任13244781870,zh,gitcode_zh_sms_8a104,1,HARASS,collection/gray/adult/gambling,,,b2d9839fb1f9,
zh_pilot_0190,现在买11选5中奖额外送彩金，单注最高奖金580元，别错过！ http://518.qq.com/p?105,zh,gitcode_zh_sms_8a104,1,FRAUD,fraud-intent-keywords,,,866eb37c7448,
zh_pilot_0191,【联通热门应用推荐】疯狂斗地主(赢奖)――网络真人对战斗地主，体验秒杀对方的快感！免费下载:http://wostore.cn/I3IRFn,zh,gitcode_zh_sms_8a104,1,AD,spam-link-promo-candidate,,,036d47b605e6,
zh_pilot_0192,乐享无线城市，五月好运好礼领航！新用户成功注册就抽奖，老朋友幸运号码赢好运。辽宁无线城市诚邀新友、旧交一起来把精彩好礼抱回家！详情点击：http://shenyang.wap.wxcs.cn,zh,gitcode_zh_sms_8a104,1,AD,spam-link-promo-candidate,,,513ee26f0c81,
zh_pilot_0193,"急用钱吗，有房产/轿车短期借款当日放款。银行借款3-5日批贷，已有银行借款房屋还可贷房屋评估值的100,办大额信用K,详询51291111",zh,gitcode_zh_sms_8a104,1,AD,merchant-promo,,,f274ee3b9e11,
zh_pilot_0194,【北京银行】您的尾号为6707的京卡已成功注册北京银行短信天使服务。详询95526,zh,gitcode_zh_sms_8a104,0,AD,merchant-promo,,,c5710d5e9184,
zh_pilot_0195,查询余额服务：您总账户余额为251.61元。详情为：主账户余额251.61元，副账户余额0.00元。感谢您的使用，中国移动。,zh,gitcode_zh_sms_8a104,0,NEEDS_REVIEW,normal-unclear,,,3d5017fc72db,
zh_pilot_0196,【百度】【百度外卖】亲爱的用户，您的外卖已送达，感谢您对我们的支持！您有任何意见都请不吝评价：1、非常满意，赞一个；2、一般，还会来体验；3、很不满意（请告知下原因吧，我们一定竭力改进，例如：配送速度、菜品问题、压根没送到等）。,zh,gitcode_zh_sms_8a104,0,NEEDS_REVIEW,normal-unclear,,,c0d6966f67f5,
zh_pilot_0197,建鑫●金海岸C区：离一中更近一步！22#26#95㎡，看江大三房，24日早9点，全城狂欢大抽奖，人人有机会6315666【建鑫地产】,zh,gitcode_zh_sms_8a104,1,NEEDS_REVIEW,spam-unclear,,,ce0c2905bf17,
zh_pilot_0198,入住世界500强安全社区，品质生活一步到位！绿地世纪城90-200平美宅3988元/㎡起，抽奖活动百分百中 奖！报打车费5051111,zh,gitcode_zh_sms_8a104,1,NEEDS_REVIEW,spam-unclear,,,315aad1c9371,
zh_pilot_0199,移动微博调查:你最喜欢哪个话题？A黄金价格走势，B戛纳电影节，C毕业季，回复参与抽奖，礼品详情http://139url.cn/9jef6g,zh,gitcode_zh_sms_8a104,1,AD,spam-link-promo-candidate,,,c2b1778d8ecc,
zh_pilot_0200,建鑫●金海岸C区：离一中更近一步！22#26#95㎡，看江大三房，24日早9点，全城狂欢大抽奖，人人有机会6315666【建鑫地产】,zh,gitcode_zh_sms_8a104,1,NEEDS_REVIEW,spam-unclear,,,ce0c2905bf17,
zh_pilot_0201,【天上掉下个Iphone5！】通信助手的众亲们，回对应数字设置优先接收的回执精品资讯：2、健康；4体育；6娱乐。成功设置可参与次月Iphone5和1000元话费抽奖。您还可登录 http://v1x.cn/V2X 设置，访问产生的流量费按标准收费。中国移动,zh,gitcode_zh_sms_8a104,1,TRANSACTION,account/order/auth/logistics-result,,,7df64b8e94cb,
zh_pilot_0202,额度紧，贷款难？找平安！平安易贷险助您从银行获取无抵押贷款，月入3000即可，最快1天放款，详询10100000或回复Y【中国平安】,zh,gitcode_zh_sms_8a104,1,AD,merchant-promo,,,938763cab559,
zh_pilot_0203,9周年特惠!玉兰油多效美白防晒霜50g特价69.9!个护、男士用品、化妆多品牌联合大促159减50【苏宁美妆频道】4006160066,zh,gitcode_zh_sms_8a104,1,AD,merchant-promo,,,1b1fe873e38c,
zh_pilot_0204,有人富贵有人平凡，想知道你命里有几座金山？想看你今年是否命犯桃花？回21加8位出生日期（如2119810527）生活娱乐为您探知蛇年开运法2,zh,gitcode_zh_sms_8a104,1,NEEDS_REVIEW,spam-unclear,,,115755ed5b22,
zh_pilot_0205,"【YY语音】换图注册验证码:6761, 请尽快在注册页面输入并完成注册流程.",zh,gitcode_zh_sms_8a104,0,TRANSACTION,account/order/auth/logistics-result,,,e2055c68e0fb,
zh_pilot_0206,"【买4G就上www.10010.com】""",zh,gitcode_zh_sms_8a104,0,NEEDS_REVIEW,normal-unclear,,,deb98cee1e4a,
zh_pilot_0207,限量双重优惠，全城开抢【万科森林公园】梦想卡申领、优惠资格升级双重大礼限量发布。主城中心，双名校学区、21年金牌物业68999888【万科】,zh,gitcode_zh_sms_8a104,1,AD,merchant-promo,,,93cb0edf461c,
zh_pilot_0208,乐享无线城市，五月好运好礼领航！新用户成功注册就抽奖，老朋友幸运号码赢好运。辽宁无线城市诚邀新友、旧交一起来把精彩好礼抱回家！详情点击：http://shenyang.wap.wxcs.cn,zh,gitcode_zh_sms_8a104,1,AD,spam-link-promo-candidate,,,513ee26f0c81,
zh_pilot_0209,"澳门网上娱乐有活动啦！真人百家乐,足球投注,时时彩,香港彩48倍,新开户即送体验金58元,首存送30彩金.网址 www.8343.com",zh,gitcode_zh_sms_8a104,1,AD,spam-link-promo-candidate,,,138a6b62bd79,
zh_pilot_0210,珠江东都国际，全家庭国际生活区！三轨交汇，大站快轨，三甲医院，10万平米商业，全程教育。精装样板盛装绽放！预约品鉴4000812001,zh,gitcode_zh_sms_8a104,1,NEEDS_REVIEW,spam-unclear,,,f0fad5f37bc9,
zh_pilot_0211,【网票网】您购买的影票:博纳悠唐国际影城 06月08日20:55 明日边缘（数字３Ｄ） 60分钟后上映，请提前至影院取票。,zh,gitcode_zh_sms_8a104,0,NEEDS_REVIEW,normal-unclear,,,66da80440eef,
zh_pilot_0212,团购二环边现房住宅，均价6000元每平，可正常贷款，配套高标准学校，开发商直销垂询热线：15887174183 （欢迎实地看房）【春城慧谷】,zh,gitcode_zh_sms_8a104,1,AD,merchant-promo,,,27bda440db3d,
zh_pilot_0213,额度紧，贷款难？找平安！平安易贷险助您从银行获取无抵押贷款，月入3000即可，最快1天放款，详询10100000或回复Y【中国平安】,zh,gitcode_zh_sms_8a104,1,AD,merchant-promo,,,938763cab559,
zh_pilot_0214,接上:网淘利器浦发E-GO卡打造可安全掌控的虚拟账户，在线网银或官方微信一分钟发卡。四大卡组织优惠轻松享，更享消费返现礼遇。【浦发银行】,zh,gitcode_zh_sms_8a104,0,AD,merchant-promo,,,4d0fb9795052,
zh_pilot_0215,【翼周刊—美食】你见过美食的纵切面吗？看艺术家为你展现食物不为人知的一面！详情请点击>>（本周刊免费，载入首页仅需0.1M流量，如退订请发送TYZF至10001）http://m.bj189.cn/3187?taskId=3380,zh,gitcode_zh_sms_8a104,1,AD,spam-link-promo-candidate,,,2309d0ca4362,
zh_pilot_0216,您好！中信集团在本地长期提供小额贷款，免担保，免抵押，年息15，当天办理可当天放款。联13587677836 刘经理,zh,gitcode_zh_sms_8a104,1,HARASS,collection/gray/adult/gambling,,,f37856e13c12,
zh_pilot_0217,日立挖机性能更稳定，一年免息，旧机置换，7吨新机型更省油，ZX210K型机针对搞头作业更专业，液压泵无偿换修。请咨询日立业务员或周经理18601777837【北斗通】,zh,gitcode_zh_sms_8a104,1,NEEDS_REVIEW,spam-unclear,,,c6c8835fba51,
zh_pilot_0218,您尾号4118的信用卡26日10:39消费人民币425.00元。送你99积分，马上领 t.cn/8s52qAr 。[招商银行],zh,gitcode_zh_sms_8a104,0,TRANSACTION,account/order/auth/logistics-result,,,8df52e1df6c5,
zh_pilot_0219,感觉生活空虚寂寞吗？让沃看湖北手机电视给你添加不一样的生活色彩吧！超火剧集，精彩大片随你挑！免费下载客户端，直至6月还全免流量费哦！       http://hao.hb165.com/i/1/eM2HdNbm,zh,gitcode_zh_sms_8a104,1,AD,spam-link-promo-candidate,,,586ad167f28a,
zh_pilot_0220,3賬單:截數日期18/05/13流動電話賬戶39674666話音2114分鐘數據1.0GB文字0多媒體0應繳 $396到期日01/06/13閣下可透過 www.three.com.hk 或Planet 3進入客戶服務查詢賬單詳細資料或按*231查詢客戶號碼及應繳款項。此外，閣下按此連結 http://www.three.com.hk/QRCode/qrcode.jsp?lang=chi&parm=ZIDWXVx9fcZfciyTEJFXbPP0MCXniWhMlY50%2Fu7v31dkbboUOBpQKA%3D%3D 收取QR碼，即可於全線屈臣氏個人護理店以 QR 碼繳費。在漫遊時瀏覽 QR 碼，須繳付漫遊數據費。,zh,gitcode_zh_sms_8a104,1,AD,spam-link-promo-candidate,,,f0e0d97818ff,
zh_pilot_0221,【信托理财】100万起，固定收益8.8％-12％；询13913557225园区环球188-11楼。世界500强、央企下属理财机构【大唐财富】,zh,gitcode_zh_sms_8a104,1,NEEDS_REVIEW,spam-unclear,,,784689a65e21,
zh_pilot_0222,您账户4371于09月04日17:17ATM取款人民币500.00。微信无卡取款立享便捷:t.cn/8sKVdxN。[招商银行],zh,gitcode_zh_sms_8a104,0,NEEDS_REVIEW,normal-unclear,,,dc6c7ff9dd5d,
zh_pilot_0223,21日15:56致15017828405短信送达。#1块读好书#汕头读书月第二波活动火热启动啦！5月底前发“三周年庆”到10658080进入“1块读好书”专区，每天1元即可淘尽专区内图书！,zh,gitcode_zh_sms_8a104,1,AD,merchant-promo,,,848b1982d375,
zh_pilot_0224,"澳门网上娱乐有活动啦！真人百家乐,足球投注,时时彩,香港彩48倍,新开户即送体验金58元,首存送30彩金.网址 www.8343.com",zh,gitcode_zh_sms_8a104,1,AD,spam-link-promo-candidate,,,138a6b62bd79,
zh_pilot_0225,有房产车辆急用钱？短期应急，当天下款！银行贷款5日下款，贷款中的房可按现市值满成再贷！理财年收益12详询李强406998628【中鼎智德】,zh,gitcode_zh_sms_8a104,1,AD,merchant-promo,,,68bbd0480293,
zh_pilot_0226,"【携程】十一假期早规划,即日起至8月15日,凡购买任我游满10000元送300,依次类推，上不封顶,详询10106666*7. 回T退订",zh,gitcode_zh_sms_8a104,0,AD,merchant-promo,,,dd11b201dc58,
zh_pilot_0227,【天上掉下个Iphone5！】通信助手的众亲们，回对应数字设置优先接收的回执精品资讯：2、健康；4体育；6娱乐。成功设置可参与次月Iphone5和1000元话费抽奖。您还可登录 http://v1x.cn/V2X 设置，访问产生的流量费按标准收费。中国移动,zh,gitcode_zh_sms_8a104,1,TRANSACTION,account/order/auth/logistics-result,,,7df64b8e94cb,
zh_pilot_0228,贝克汉姆宣布退役，结束足球生涯，详情点击：http://m.zj.com/uni/news/?cid=8&did=925172,zh,gitcode_zh_sms_8a104,1,AD,spam-link-promo-candidate,,,0dc0d42cee09,
zh_pilot_0229,尊敬的客人：欢迎选乘中国民航出行。“北京万达嘉华酒店”温馨提示：由于近期机场加强安检，请提前90分钟到达机场办理登机手续。如免收，请回复qxdy。点入 feilv.com/BJ/ 可获得您意想不到的服务。【中国民航信息】,zh,gitcode_zh_sms_8a104,0,NEEDS_REVIEW,normal-unclear,,,88f9f95ff7f7,
zh_pilot_0230,贺新华凌市场旁，会展大道核心地段，弘域·欣源精品社区喜封金顶，特推出4558元/平限量准现房，您还犹豫吗？询3370966  3370956,zh,gitcode_zh_sms_8a104,1,AD,merchant-promo,,,48339d0b1d8f,
zh_pilot_0231,现在买11选5中奖额外送彩金，单注最高奖金580元，别错过！ http://518.qq.com/p?105,zh,gitcode_zh_sms_8a104,1,FRAUD,fraud-intent-keywords,,,866eb37c7448,
zh_pilot_0232,文丰南疆码头装，运费８０元，好装车。于岩：１３９２００８７２５１　　１８９２０２２７７３２【东盛】,zh,gitcode_zh_sms_8a104,1,NEEDS_REVIEW,spam-unclear,,,5ae9074f1544,
zh_pilot_0233,"您尾号7544卡1日09:48工商银行收入(李海溶)4,200元。【工商银行】",zh,gitcode_zh_sms_8a104,0,TRANSACTION,account/order/auth/logistics-result,,,abce02857e37,
zh_pilot_0234,纸袋碰腿北京2孕妇地铁内互殴[人民]-中国移动冲浪助手:http://go.10086.cn/nd/mhd/hQp8j,zh,gitcode_zh_sms_8a104,1,AD,spam-link-promo-candidate,,,acba29da0882,
zh_pilot_0235,"您尾号7544卡30日20:25POS支出1,449元。【工商银行】",zh,gitcode_zh_sms_8a104,0,TRANSACTION,account/order/auth/logistics-result,,,dc37226dee75,
zh_pilot_0236,现在买11选5中奖额外送彩金，单注最高奖金580元，别错过！ http://518.qq.com/p?105,zh,gitcode_zh_sms_8a104,1,FRAUD,fraud-intent-keywords,,,866eb37c7448,
zh_pilot_0237,您还在因为资金问题而烦恼吗？本公司提供专业贷款简单快捷。当天可放款1-100万，电话15337270275，请保留此信息以备用。,zh,gitcode_zh_sms_8a104,1,HARASS,collection/gray/adult/gambling,,,c3169a313283,
zh_pilot_0238,临近小长假，涤短市场整体趋于平稳，询盘不多，江浙1.4D涤短报10200－10300现款自提，局部商谈优惠仍存在。【中纤】,zh,gitcode_zh_sms_8a104,1,AD,merchant-promo,,,7d89a15d52c0,
zh_pilot_0239,上海人不限购可贷款!首付46万起拥双拼亲海私宅，送全明空间、私家花园、游艇码头，五一期间免过路费4008286333【恒大海上威尼斯】,zh,gitcode_zh_sms_8a104,1,NEEDS_REVIEW,spam-unclear,,,db534dd913b3,
zh_pilot_0240,现在买11选5中奖额外送彩金，单注最高奖金580元，别错过！ http://518.qq.com/p?105,zh,gitcode_zh_sms_8a104,1,FRAUD,fraud-intent-keywords,,,866eb37c7448,
zh_pilot_0241,"""截止到2014年08月10日，您的帐户当月可用余额为36.40元。",zh,gitcode_zh_sms_8a104,0,NEEDS_REVIEW,normal-unclear,,,48fdf49f9430,
zh_pilot_0242,现有深圳广告，运输，贸易，建筑等公司真发票。网络联网税局开票，杜绝假票可凭发票网上或者税局当面验证。需要请联系：13689558655蓝先生,zh,gitcode_zh_sms_8a104,1,NEEDS_REVIEW,spam-unclear,,,d2ce0fadb768,
zh_pilot_0243,[小米]您的小米发货单已出库，配送公司为顺丰(北京)，快递单号：199780098257。详情请登陆小米网,zh,gitcode_zh_sms_8a104,0,TRANSACTION,account/order/auth/logistics-result,,,204143208d95,
zh_pilot_0244,【优听西安】陕西地区优秀的本土化手机电台，可以通过网络方式播放电台节目，给你带来全新的广播品质。点击链接下载体验：http://189.io/javynn,zh,gitcode_zh_sms_8a104,1,FRAUD,fraud-intent-keywords,,,e62a21b2320c,
zh_pilot_0245,绿宸万华城京南第二机场区三百万平大盘，巴士直达4号线，全能商业双公园双会所抢占空港经济最佳机会3期6500元起4000303366[房讯通],zh,gitcode_zh_sms_8a104,1,NEEDS_REVIEW,spam-unclear,,,6247b0ad7b41,
zh_pilot_0246,您好！我公司有代开:增值税发票，国税地税发票，建筑材料发票等等。联系13528602053董生，QQ：1587749767打扰之处，敬请见谅,zh,gitcode_zh_sms_8a104,1,NEEDS_REVIEW,spam-unclear,,,65054cbe8e3e,
zh_pilot_0247,新华快讯：浙江省高级人民法院今对张辉、张高平叔侄冤案作出国家赔偿决定，支付每人国家赔偿金110.57万元。详见 www.xhqm.cn,zh,gitcode_zh_sms_8a104,1,AD,spam-link-promo-candidate,,,91fc597b8ea9,
zh_pilot_0248,告别您的移动电源吧！湖北联通现推出免流量费下载金山电池医生，电池保养、电池维护很专业，延长手机续航时间就这么轻松！免流量费下载地址       http://hao.hb165.com/i/1/j1XAVFr1,zh,gitcode_zh_sms_8a104,1,AD,spam-link-promo-candidate,,,b9db1f02f741,
zh_pilot_0249,额度紧，贷款难？找平安！平安易贷险助您从银行获取无抵押贷款，月入3000即可，最快1天放款，详询10100000或回复Y【中国平安】,zh,gitcode_zh_sms_8a104,1,AD,merchant-promo,,,938763cab559,
zh_pilot_0250,在线听歌、神曲下载、订购彩铃，还有什么爱音乐客户端不能满足？最好声音尽在爱音乐！http://189.3gbc.cn/d?a=az51901,zh,gitcode_zh_sms_8a104,1,AD,spam-link-promo-candidate,,,cd9b54a60f58,
zh_pilot_0251,鸿泰信贷：本公司提供大、中、小额贷`款，月息3半年10年息15，无抵押无担保，当天办理当天放款，联系人13675875126【张主任】,zh,gitcode_zh_sms_8a104,1,HARASS,collection/gray/adult/gambling,,,71722b6e569e,
zh_pilot_0252,名师一对一，针对期末考试进行知识系统梳理，抓重点攻考点，提高学习效率，快速提升孩子成绩！详询4000878322【乐恩特教育】,zh,gitcode_zh_sms_8a104,1,AD,merchant-promo,,,e86427968a5b,
zh_pilot_0253,绥化维纳斯形象代言人评选活动开始报名 凭短信到店即获1000元感恩代金卡一张（数量有限）中直路维纳斯的尊爵皇家店热线:15046554040,zh,gitcode_zh_sms_8a104,1,AD,merchant-promo,,,f278a892ab08,
zh_pilot_0254,您尾号7544卡10日10:39工商银行收入157.50元。【工商银行】,zh,gitcode_zh_sms_8a104,0,TRANSACTION,account/order/auth/logistics-result,,,82d5df6d74be,
zh_pilot_0255,"【嘉禾2周年巨馈】至6.30,五折会员全天观影按最低票价2D253D30元,会员升级充值可赠票更有IPHONE等你拿,详询28638733",zh,gitcode_zh_sms_8a104,1,AD,merchant-promo,,,c610a9b25726,
zh_pilot_0256,买家电，淘宝价，南街海尔专卖店24-28日五周年店 庆32寸1199，全自动799冰箱1199，热水器999空调1699询【3015201】,zh,gitcode_zh_sms_8a104,1,NEEDS_REVIEW,spam-unclear,,,a0811f56d1b3,
zh_pilot_0257,您好！截至到2014年09月13日15时46分，您定制的（1）预存返话费捆绑10元流量包，数据流量剩余0.0MB，本地移动数据流量剩余0.0MB，（2）全球通套餐专属短信包，短信剩余57条，（3）全球通88商旅套餐，语音剩余115分钟，数据流量剩余0.0MB，（4）15元数据流量加油包，数据流量剩余110.0MB，感谢您的使用。中国移动,zh,gitcode_zh_sms_8a104,0,TRANSACTION,account/order/auth/logistics-result,,,e8326146aee3,
zh_pilot_0258,你好！本公司可代开各种税票（用票后付款）需要请联系：13967898093刘先生,zh,gitcode_zh_sms_8a104,1,NEEDS_REVIEW,spam-unclear,,,761b02537193,
zh_pilot_0259,"客户您好！涨停板会员料已公开,专家指导提前一天介入日收益不低于7,请登陆www.707770.com用户:770密码:999【国泰君安】",zh,gitcode_zh_sms_8a104,1,AD,spam-link-promo-candidate,,,98df0ef0a3e1,
zh_pilot_0260,名师一对一，针对期末考试进行知识系统梳理，抓重点攻考点，提高学习效率，快速提升孩子成绩！详询4000878322【乐恩特教育】,zh,gitcode_zh_sms_8a104,1,AD,merchant-promo,,,e86427968a5b,
zh_pilot_0261,丽江酒吧摆千万“艳遇佛”引游客疯狂膜拜，网友争议炸开锅http://180.3gbc.cn/?a=139341,zh,gitcode_zh_sms_8a104,1,AD,spam-link-promo-candidate,,,93e46ffe93f3,
zh_pilot_0262,祝：生意兴隆/财源广进！代 各 发开 种 票咨询电话：13826516319张经理注：可回收各种贵公司剩余进项票据。,zh,gitcode_zh_sms_8a104,1,TRANSACTION,account/order/auth/logistics-result,,,ef6c4fe6ad3d,
zh_pilot_0263,【宜家俱乐部】亲爱的会员，宜家将在8月快递最新330页2015宜家《家居指南》至你的注册地址。7/14前回复N可改平信投递。回复0退订,zh,gitcode_zh_sms_8a104,0,TRANSACTION,account/order/auth/logistics-result,,,6eb0ad586f07,
zh_pilot_0264,“现贷派”无担保个人贷款，0担保，最低50万，最长5年，1天放款，立即申请：http://xdp.l.cn 【渣打银行】,zh,gitcode_zh_sms_8a104,1,AD,spam-link-promo-candidate,,,820e6007f09a,
zh_pilot_0265,点击链接即可免费下载http://estoresrvice.189store.com//share/143538,zh,gitcode_zh_sms_8a104,1,FRAUD,fraud-intent-keywords,,,e2ed9c63a019,
zh_pilot_0266,您尾号4118的信用卡09日17:16消费人民币446.00元。购物盛典，名品4折起 t.cn/8F1vL9n 。[招商银行],zh,gitcode_zh_sms_8a104,0,TRANSACTION,account/order/auth/logistics-result,,,a867fe889a39,
zh_pilot_0267,你好，我是[平安银行]信贷部小罗，做无抵押免担保信用贷款的，1_80W办理简单，放款快18121259703，尽请保留。【善兼】,zh,gitcode_zh_sms_8a104,1,HARASS,collection/gray/adult/gambling,,,c7fb2bbb95f5,
zh_pilot_0268,现在买11选5中奖额外送彩金，单注最高奖金580元，别错过！ http://518.qq.com/p?105,zh,gitcode_zh_sms_8a104,1,FRAUD,fraud-intent-keywords,,,866eb37c7448,
zh_pilot_0269,中铁信托聚利1327期，2年期固定收益产品，50万起，年收益8.4-8.9。本息安全，收益保证。询82777501【长沙大定财富】,zh,gitcode_zh_sms_8a104,1,NEEDS_REVIEW,spam-unclear,,,8f488a023327,
zh_pilot_0270,购游戏包送大礼，iPad3、天翼话费周周奖、月月送，等你来拿！http://game.189.cn/hd/yxbslj?PUSHID=4256070135&P=18957138546,zh,gitcode_zh_sms_8a104,1,TRANSACTION,account/order/auth/logistics-result,,,0c673b5d134a,
zh_pilot_0271,【天上掉下个Iphone5！】通信助手的众亲们，回对应数字设置优先接收的回执精品资讯：2、健康；4体育；6娱乐。成功设置可参与次月Iphone5和1000元话费抽奖。您还可登录 http://v1x.cn/V2X 设置，访问产生的流量费按标准收费。中国移动,zh,gitcode_zh_sms_8a104,1,TRANSACTION,account/order/auth/logistics-result,,,7df64b8e94cb,
zh_pilot_0272,2000元抢占建业华宅！5月22日【建业十八城】二期88-176平建业会员招募启动，入会即享钜惠另享日增值200元2678888【信息服务】,zh,gitcode_zh_sms_8a104,1,NEEDS_REVIEW,spam-unclear,,,6c2671992083,
zh_pilot_0273,【招商证券】提示：今日新股申购732609禾丰牧业，申购价格5.88/股，申购上限2.4万股。仅供参考--胡东升,zh,gitcode_zh_sms_8a104,0,NEEDS_REVIEW,normal-unclear,,,8efdadbbb313,
zh_pilot_0274,【清水湾壹号公.馆】足疗、养生、棋牌大优惠，免费海鲜自助、哈根达斯任吃，爱她就带她来清水湾，更多惊喜，等您来体验83311999,zh,gitcode_zh_sms_8a104,1,AD,merchant-promo,,,56dadfc75e05,
zh_pilot_0275,本公司代开普通，国税地税，17增值税发票。可用后付款；另售：银行卡（带U盾，有效身份证和开户资料）联系18898619021陈先生,zh,gitcode_zh_sms_8a104,1,NEEDS_REVIEW,spam-unclear,,,c0528642dfa5,
zh_pilot_0276,沃3G伴您欢乐度长假！五一时节，与亲友一同狂享3G大礼吧！分享应用给亲友，就有惊喜来敲门！点击加转发，iPhone大礼在眼前！       http://hao.hb165.com/i/1/UkKzvExC,zh,gitcode_zh_sms_8a104,1,AD,spam-link-promo-candidate,,,eda5e64628c9,
zh_pilot_0277,纸袋碰腿北京2孕妇地铁内互殴[人民]-中国移动冲浪助手:http://go.10086.cn/nd/mhd/m4yUW,zh,gitcode_zh_sms_8a104,1,AD,spam-link-promo-candidate,,,acba29da0882,
zh_pilot_0278,有人富贵有人平凡，想知道你命里有几座金山？想看你今年是否命犯桃花？回21加8位出生日期（如2119810527）生活娱乐为您探知蛇年开运法2,zh,gitcode_zh_sms_8a104,1,NEEDS_REVIEW,spam-unclear,,,115755ed5b22,
zh_pilot_0279,移动微博调查:你最喜欢哪个话题？A黄金价格走势，B戛纳电影节，C毕业季，回复参与抽奖，礼品详情http://139url.cn/9jef6g,zh,gitcode_zh_sms_8a104,1,AD,spam-link-promo-candidate,,,c2b1778d8ecc,
zh_pilot_0280,"【买4G就上www.10010.com】""",zh,gitcode_zh_sms_8a104,0,NEEDS_REVIEW,normal-unclear,,,deb98cee1e4a,
zh_pilot_0281,九龙仓国宾1号!顶级别墅内130-310平全进口石材官邸、3.5米层高，88得房率！双湖地段名校相伴！马丹13862420970【国宾山】,zh,gitcode_zh_sms_8a104,1,NEEDS_REVIEW,spam-unclear,,,5cfb8675e012,
zh_pilot_0282,"""截止当前，您的WCDMA(3G)-66元套餐套餐包外资费A的3G语音50分钟,已使用1分钟,剩余49分钟;3G套餐内流量307200KB,已使用184729KB,剩余122471KB;国内短信240条,已使用1条,剩余239条;可视电话10分钟,已使用0分钟,剩余10分钟;M值6M,已使用0M,剩余6M;T值10T,已使用0T,剩余10T;通信费用请以帐详单为准。",zh,gitcode_zh_sms_8a104,0,TRANSACTION,account/order/auth/logistics-result,,,e4f095657f29,
zh_pilot_0283,华夏学员昨日建仓【000060中金岭南】今日盘中将巨资拉高6以上，敬请期待，请勿追高！预约内线020-61059778紧跟主力【华夏投资】,zh,gitcode_zh_sms_8a104,1,NEEDS_REVIEW,spam-unclear,,,6dbb0610aa4a,
zh_pilot_0284,订单状态更新：已安排阿姨，如有变更请随时联系客服小妹【阿姨帮】,zh,gitcode_zh_sms_8a104,0,NEEDS_REVIEW,normal-unclear,,,02bb5979a73c,
zh_pilot_0285,你好！我公司有正规发票可优惠向外代开。如：商业，服务业，建筑业，17增值税等等（保真票）；验证后付款。联系：13851791335唐经理,zh,gitcode_zh_sms_8a104,1,AD,merchant-promo,,,9e18a54ddccd,
zh_pilot_0286,"我公司贷款500万起，可先放款，并诚招地区代办。缺钱找中金,满足多种用途，轻松解燃眉之急。联系电话:400-648-7772.",zh,gitcode_zh_sms_8a104,1,HARASS,collection/gray/adult/gambling,,,60297b02cee5,
zh_pilot_0287,有房产车辆急用钱？短期应急，当天下款！银行贷款5日下款，贷款中的房可按现市值满成再贷！理财年收益12询李强4006998628【中鼎智德】,zh,gitcode_zh_sms_8a104,1,HARASS,collection/gray/adult/gambling,,,68bbd0480293,
zh_pilot_0288,宁波银行余杭支行隆重推出行庆特别版理财产品，5月22号起售，期限120天，预期年化收益率5.1，详情咨询89277050、89277060,zh,gitcode_zh_sms_8a104,1,NEEDS_REVIEW,spam-unclear,,,7a0a6334eb78,
zh_pilot_0289,构建和谐家庭，提高幸福指数，关注生殖健康，大连长城医院妇科男科即日起至6月15日凭此短信可抵200元爱心诊疗基金，询84065888,zh,gitcode_zh_sms_8a104,1,NEEDS_REVIEW,spam-unclear,,,0bfd504c8d18,
zh_pilot_0290,世裕汽车纳智捷汽车大7SUV七座MPV尊享礼包购车，更有汽车购车增值税抵扣，0利率贷款0首付悠享计划4007287374,zh,gitcode_zh_sms_8a104,1,NEEDS_REVIEW,spam-unclear,,,467d47338971,
zh_pilot_0291,【天上掉下个Iphone5！】通信助手的众亲们，回对应数字设置优先接收的回执精品资讯：2、健康；4体育；6娱乐。成功设置可参与次月Iphone5和1000元话费抽奖。您还可登录 http://v1x.cn/V2X 设置，访问产生的流量费按标准收费。中国移动,zh,gitcode_zh_sms_8a104,1,TRANSACTION,account/order/auth/logistics-result,,,7df64b8e94cb,
zh_pilot_0292,易站帮您的iPhone个性化升级，享受抖动解锁、免费购买游戏装备、节电40％等更多酷炫功能。华纺易城19号楼十号底商58777645,zh,gitcode_zh_sms_8a104,1,NEEDS_REVIEW,spam-unclear,,,b63fd1484f5d,
zh_pilot_0293,澳洲移民新政发布！15万移民新西兰；美国医生移民，5年主治医经验，全家轻松拿绿卡；欧洲买房移民。周六5国对比移民讲座，澳星59070566,zh,gitcode_zh_sms_8a104,1,NEEDS_REVIEW,spam-unclear,,,4f4daf345bbb,
zh_pilot_0294,(2/2)d.gjdx.cc 上自行修改短信内容，用户名为您的固话号码，密码为您手机号码后6位，咨询热线：4006066676,zh,gitcode_zh_sms_8a104,1,AD,merchant-promo,,,fdc9e937b5da,
zh_pilot_0295,尊敬的客户，您的浦发银行信用卡上期账单金额已过最后还款日，请尽快处理；如已还款，敬表感谢。详情致电021-38784988/待续【浦发银行】,zh,gitcode_zh_sms_8a104,0,TRANSACTION,account/order/auth/logistics-result,,,d9e841a093c8,
zh_pilot_0296,你好！诚信公司有咨询，广告，运输，建材，商品以及各种材料等公司发票优惠提供！（高价回收增值税）详询张先生：13380306623,zh,gitcode_zh_sms_8a104,1,AD,merchant-promo,,,47fc1900db44,
zh_pilot_0297,点击链接，即可激活您的淘宝账号，完成注册 http://u.m.taobao.com/r/8dw23a4f5cr.htm[淘宝网],zh,gitcode_zh_sms_8a104,1,FRAUD,fraud-intent-keywords,,,273d751799c1,
zh_pilot_0298,全国品牌小荷作文公开课将于5月25、26再次开讲，只要拨打15203464268，把您的时间告诉我们，马上预约。在小荷没有不会写作文的孩子,zh,gitcode_zh_sms_8a104,1,NEEDS_REVIEW,spam-unclear,,,ff190a0d0173,
zh_pilot_0299,沪深A股T+0交易平台，可买涨买跌现买现卖，资金杠.杆100倍当天自由存取款，持有工商营业执照，顶级信誉网址600931.com【津元国际】,zh,gitcode_zh_sms_8a104,1,NEEDS_REVIEW,spam-unclear,,,fb78688a348c,
zh_pilot_0300,"您的小型汽车京N119J5于2014-11-26 09:47在西城区北太平桥南天桥 南向北，因未按尾号限制通行的违法行为,被西城交通支队拍摄记录【北京交管局】",zh,gitcode_zh_sms_8a104,0,TRANSACTION,account/order/auth/logistics-result,,,f9f2014021a5,
zh_pilot_0301,建鑫●金海岸C区：离一中更近一步！22#26#95㎡，看江大三房，24日早9点，全城狂欢大抽奖，人人有机会6315999【建鑫地产】,zh,gitcode_zh_sms_8a104,1,NEEDS_REVIEW,spam-unclear,,,ce0c2905bf17,
zh_pilot_0302,建鑫●金海岸C区：离一中更近一步！22#26#95㎡，看江大三房，24日早9点，全城狂欢大抽奖，人人有机会6315999【建鑫地产】,zh,gitcode_zh_sms_8a104,1,NEEDS_REVIEW,spam-unclear,,,ce0c2905bf17,
zh_pilot_0303,享国贸，唯红杉！300平别墅，仅450万起，现房！5万平加州艺墅、2万平水杉溪谷！新品在售，实景呈现！【红杉溪谷】89538888[房讯通],zh,gitcode_zh_sms_8a104,1,NEEDS_REVIEW,spam-unclear,,,85720519f589,
zh_pilot_0304,尊敬的会员，尚品三周年店庆感恩回馈再延一天至21日24点！优惠继续、热力不减！赶快登陆shangpin.com尊享不容错过的精彩![尚品网],zh,gitcode_zh_sms_8a104,1,AD,merchant-promo,,,572978294e6c,
zh_pilot_0305,[视频]首部太空取景拍摄MV发布，引发千万网友围观  http://g.wo.com.cn/h4P/9rC3Lh&h=1&f=e1e8Q,zh,gitcode_zh_sms_8a104,1,AD,spam-link-promo-candidate,,,f61b868d418f,
zh_pilot_0306,"【网票网】您已成功购买影票。请凭确认号WKCJDG2至影城柜台或影城自动出票机取票。影票信息：05月31日15:35,X战警：逆转未来（数字3D）,卢米埃北京芳草地影城 LD厅 杜比全景声,7排7座。",zh,gitcode_zh_sms_8a104,0,NEEDS_REVIEW,normal-unclear,,,c61e49b57969,
zh_pilot_0307,亲，高温难耐！东方电器携志高空调本周五至周日邀您参加超值抢购会（大1P定速1699大1P变频2599）先到先得！询2151158,zh,gitcode_zh_sms_8a104,1,NEEDS_REVIEW,spam-unclear,,,d22dd0ebe42d,
zh_pilot_0308,外交部领保中心祝您平安：文明出游，入乡随俗，遵纪守法，加强防范，规避风险。请遵守泰国法律，车辆右舵左行，出行、游泳注意安全，防盗防抢。谨慎选择租车船自驾。 勿非法购买携带象牙等制品。 驻泰使馆电话0066-85-4833327 ，驻清迈总领馆 81-8823283 ，驻宋卡总领馆 81-7665560 ，驻孔敬总领馆 80-9366070 。,zh,gitcode_zh_sms_8a104,0,NEEDS_REVIEW,normal-unclear,,,e10311d02348,
zh_pilot_0309,【满租小金铺开盘】★总价10余万！★年稳收租超2万，买就收租！★全.产.权，5年可退！4000028210【成都港】,zh,gitcode_zh_sms_8a104,1,NEEDS_REVIEW,spam-unclear,,,ffe410b60233,
zh_pilot_0310,纸袋碰腿北京2孕妇地铁内互殴[人民]-中国移动冲浪助手:http://go.10086.cn/nd/mh0/WCLzt,zh,gitcode_zh_sms_8a104,1,AD,spam-link-promo-candidate,,,acba29da0882,
zh_pilot_0311,中国建行携唯信易贷推出信用贷款，无需任何抵押，无需担保，额度1-100万，最快1天放款。闫经理18628393020【唯信易贷】,zh,gitcode_zh_sms_8a104,1,HARASS,collection/gray/adult/gambling,,,3281e6146a50,
zh_pilot_0312,本公司可优惠代开本地正规发*票13955257448黄星,zh,gitcode_zh_sms_8a104,1,AD,merchant-promo,,,3bf6af2025b7,
zh_pilot_0313,工银环球旅行卡Bose音响门市消费，回馈率最高可达9%！即日起至8月14日，持工银环球旅行信用卡在Bose音响门市消费尊享2倍BoseClub会员积分，遇会员生日更享3倍积分，回馈最高可达9%（每100积分可抵3元使用）！其他工银信用卡也可享1.5倍会员积分，遇会员生日享2.5倍积分，回馈可达7.5%。积分规则及活动细则详询Bose音响服务热线400-880-2266。工银信用卡【工商银行】,zh,gitcode_zh_sms_8a104,0,AD,merchant-promo,,,b1245866f2b1,
zh_pilot_0314,您账户4371于10月31日入账报销款，人民币1709.40。你刷卡我返现 e95555.cn/mm。[招商银行],zh,gitcode_zh_sms_8a104,0,NEEDS_REVIEW,normal-unclear,,,365201779674,
zh_pilot_0315,您的中康国际酒店88元糯米券800027601611，有效期至2014/03/31。无需预约，商家电话：010-85859999。【糯米网】,zh,gitcode_zh_sms_8a104,0,NEEDS_REVIEW,normal-unclear,,,87c723a044ad,
zh_pilot_0316,今15元建【300223】明主力进入必涨5！我司做庄控股，今买明卖，稳定收益！切勿错失赚钱最佳良机，内线电4006330658【广福基金】,zh,gitcode_zh_sms_8a104,1,NEEDS_REVIEW,spam-unclear,,,160d394b97db,
zh_pilot_0317,[乐讯]用户密码修改：http://login.lexun.com/pw/?v=C37E85952E3E4419,zh,gitcode_zh_sms_8a104,1,AD,spam-link-promo-candidate,,,727dd04a182e,
zh_pilot_0318,您尾号7544卡31日06:52网上银行支出(消费)57元。【工商银行】,zh,gitcode_zh_sms_8a104,0,TRANSACTION,account/order/auth/logistics-result,,,15f4942e38b8,
zh_pilot_0319,【招商证券】财富早间版：我国10月份PMI指数50.8%略低于预期；日本扩大货币刺激政策规模提振投资者信心，美股收盘创历史新高。指数二八分化明显，持股应重视业绩，可在控制整体仓位的前提下继续中线持有金融、机械、家电、医药消费等优质品种。仅供参考，回A退订。,zh,gitcode_zh_sms_8a104,0,NEEDS_REVIEW,normal-unclear,,,55cabe1a4ca9,
zh_pilot_0320,尊敬的客户您好，您于今日16点28分在北京移动网站进行了用户话费详单查询，特此提醒。谢谢您的使用。本条短信免费。,zh,gitcode_zh_sms_8a104,0,TRANSACTION,account/order/auth/logistics-result,,,2d3b74a5a04f,
zh_pilot_0321,江苏联通3G晚间随意玩流量包月优惠套餐全新上市，回复1701开通10元包1G省内流量、回复1702开通30元包5G省内流量，晚间时段为每日23点至次日8点。订制立即生效，点击链接也可轻松办理：       http://go.js165.com/i/1/QQwX3eQn,zh,gitcode_zh_sms_8a104,1,FRAUD,fraud-intent-keywords,,,2142cf8cbc6d,
zh_pilot_0322,总价150多万五居，南北通透纯板，临2万平景观绿地，公立名中小学学区房，西北五环外地铁旁，电80763377,zh,gitcode_zh_sms_8a104,1,NEEDS_REVIEW,spam-unclear,,,d0fab28576fd,
zh_pilot_0323,您好我们是农业银行信贷部汪坤林，我们公司主做无抵押贷款，所需资料.上班族       1.工作证明 2.银行流水 3.身份证 4.住址证明  地铁 4号线  中关村A1口     开车  海淀桥北  大地新技术大厦517室   传真82887030汪坤林,zh,gitcode_zh_sms_8a104,1,HARASS,collection/gray/adult/gambling,,,163c64472022,
zh_pilot_0324,购游戏包送大礼，iPad3、天翼话费周周奖、月月送，等你来拿！http://game.189.cn/hd/yxbslj?PUSHID=4256070135&P=18062918026,zh,gitcode_zh_sms_8a104,1,TRANSACTION,account/order/auth/logistics-result,,,0c673b5d134a,
zh_pilot_0325,"""尊敬的全球通客户，您2014年09月份话费165.30元，其中：",zh,gitcode_zh_sms_8a104,0,TRANSACTION,account/order/auth/logistics-result,,,c5f5873741af,
zh_pilot_0326,3D每当组三间隔中周期中出后间隔1期连开之后会有两种趋势。一是间隔0-1期内再次中出，二是间隔长周期中出，提示近两期可防守组三，如果没有开出则组三极可能走冷，继续主推跨3、8、7，防双跨4、6。看更多荐号信息请点击：http://t.jssjb.net/fc,zh,gitcode_zh_sms_8a104,1,AD,spam-link-promo-candidate,,,8d8260883736,
zh_pilot_0327,现在买11选5中奖额外送彩金，单注最高奖金580元，别错过！ http://518.qq.com/p?105,zh,gitcode_zh_sms_8a104,1,FRAUD,fraud-intent-keywords,,,866eb37c7448,
zh_pilot_0328,汤贝贝～工四: {http://n.sdo.com/URuUBmzr} 汤贝贝2020.08...(我用盛大有你短信给你发了条消息，请点击链接查看),zh,gitcode_zh_sms_8a104,1,FRAUD,fraud-intent-keywords,,,dac28c53a9c6,
zh_pilot_0329,【支付宝】414810（支付宝短信校验码，请勿泄露），需要你进行身份校验。如非本人操作，请致电95188。,zh,gitcode_zh_sms_8a104,0,TRANSACTION,account/order/auth/logistics-result,,,e1f1c430ad00,
zh_pilot_0330,现有深圳广告，运输，贸易，建筑等公司真发票。网络联网税局开票，杜绝假票可凭发票网上或者税局当面验证。需要请联系：13689558655蓝先生,zh,gitcode_zh_sms_8a104,1,NEEDS_REVIEW,spam-unclear,,,d2ce0fadb768,
zh_pilot_0331,今天带学员建【300223北京君正】明天早盘拉高抛出，为了公司和客户共同盈利，明天午盘继续建仓金股.合作热线4006479778【鑫光投资】,zh,gitcode_zh_sms_8a104,1,AD,merchant-promo,,,5f3edc0f88e8,
zh_pilot_0332,【新浪】欢迎注册新浪邮箱，请在页面输入六位验证码：710885，完成帐户注册。如非本人操作，请不予理会。,zh,gitcode_zh_sms_8a104,0,TRANSACTION,account/order/auth/logistics-result,,,929187e4ab95,
zh_pilot_0333,中国工行携融易贷推出信用贷款，无需任何抵押，无需担保，额度1-100万，最快1天放款。宋经理15928986694【融宜贷】,zh,gitcode_zh_sms_8a104,1,HARASS,collection/gray/adult/gambling,,,9a568b38f807,
zh_pilot_0334,你好，建行推出个人与企业信誉贷5-200万，无需担~保，放款前无费用，需求者请联系：13472662220李经理,zh,gitcode_zh_sms_8a104,1,HARASS,collection/gray/adult/gambling,,,535d1b667f24,
zh_pilot_0335,【天上掉下个Iphone5！】通信助手的众亲们，回对应数字设置优先接收的回执精品资讯：2、健康；4体育；6娱乐。成功设置可参与次月Iphone5和1000元话费抽奖。您还可登录 http://v1x.cn/V2X 设置，访问产生的流量费按标准收费。中国移动,zh,gitcode_zh_sms_8a104,1,TRANSACTION,account/order/auth/logistics-result,,,7df64b8e94cb,
zh_pilot_0336,真人真钱斗地主、牛牛、扎金花等火爆游戏尽在中华棋牌网，每天三场游戏比赛奖金5888元，资金兑换5分钟到帐，详情登入www.zh444.com,zh,gitcode_zh_sms_8a104,1,FRAUD,fraud-intent-keywords,,,4f32f39f54fa,
zh_pilot_0337,点击链接即可免费下载http://estoresrvice.189store.com//share/143538,zh,gitcode_zh_sms_8a104,1,FRAUD,fraud-intent-keywords,,,e2ed9c63a019,
zh_pilot_0338,"尊敬的用户：武都移动公司携手厂家推出""智能大屏手机特惠""活动，移动新老用户只交1099元即可获得：9寸平板电脑+品牌智能G3手机一部+高额话费包（最高1000元话费）。限量200位名额。欢迎移动用户前来预订。 预订电话：18293912111.活动时间5月20日到5月26日，活动地点：新市街营业厅，南桥北路营业厅。",zh,gitcode_zh_sms_8a104,1,AD,merchant-promo,,,6d8cc547b161,
zh_pilot_0339,好消息！www.328282.com同花顺娱乐城真人在线赌博；百家乐，皇冠体彩，时时彩，六合彩投注，注册开户即送28元，百万提款五分钟到帐。,zh,gitcode_zh_sms_8a104,1,AD,spam-link-promo-candidate,,,f4785ec38643,
zh_pilot_0340,流量短信提醒默认按周发送，您将在每周一和每月第一天收到短信提醒。您可直接回复ATTX更改为按天提醒，或回复QXTX取消短信提醒功能。,zh,gitcode_zh_sms_8a104,0,NEEDS_REVIEW,normal-unclear,,,1082e4ad5c30,
zh_pilot_0341,"购买开盘洋房产品有机会获得欧洲十日游,东方今典境界99-226㎡洛河绝版电梯洋房，现房2万抵5万日进千金65622777",zh,gitcode_zh_sms_8a104,1,NEEDS_REVIEW,spam-unclear,,,3905dc8cc66a,
zh_pilot_0342,你好！本单位长期有各种行业【正规税票】可对外代开，若需要请来电：13983731878刘东升。谢谢！,zh,gitcode_zh_sms_8a104,1,NEEDS_REVIEW,spam-unclear,,,bbb7b63c568c,
zh_pilot_0343,28万起【天鹅湖HOLI公馆】精装拎包入住！70年产权任意购！还有5折房大抽奖！热线4000728809,zh,gitcode_zh_sms_8a104,1,AD,merchant-promo,,,980a432ee2f3,
zh_pilot_0344,在家可玩转澳门！都坊娱乐城www.3811.com，信誉好提款快，真人百家乐`老虎机`时时彩`体育等赛事投注，开户免费即送体验金298元！,zh,gitcode_zh_sms_8a104,1,AD,spam-link-promo-candidate,,,ff4f9ec79210,
zh_pilot_0345,【minicute米乔专卖店】亲爱的陈广大，感谢购买我们的商品！我们将随时跟踪播报状态，方便您随时了解。亲如果有问题可以联系客服哦。,zh,gitcode_zh_sms_8a104,0,NEEDS_REVIEW,normal-unclear,,,16ded621b005,
zh_pilot_0346,"双色球 第2014029期实战9+3专家推荐:红球02,03,07,10,12,18,24,27,33；蓝球03,09,12。上述内容仅供参考，不保证中奖。双色球自选回“S#投注号码*倍数”（投注号码为6个红球1个蓝球，多注用#隔开，最大为5注）。帮助回H。本期截止时间为19:23，22:00后回复购买下期。【中国移动手机彩票】",zh,gitcode_zh_sms_8a104,0,FRAUD,fraud-intent-keywords,,,deafd6e700d5,
zh_pilot_0347,"Q1 DSR梦想计划星级勋章奖励名单新鲜出炉了, 快去看榜单吧, 详情请点击链接  http://w217154.s15.myverydz.com/forum.php?mod=viewthread&tid=2584&extra= 【联合利华】",zh,gitcode_zh_sms_8a104,1,FRAUD,fraud-intent-keywords,,,50df61b9481f,
zh_pilot_0348,急！急！急！城南CBD最后48万买两套机会，仅限5.18一天！48变110㎡，【汇锦城MINI小跃】明日开盘15828461194,zh,gitcode_zh_sms_8a104,1,NEEDS_REVIEW,spam-unclear,,,b3c63756d025,
zh_pilot_0349,诚信办正（学历，职称，上岗证，驾照，章等）电话：13974699920。请君保留，以备急用。,zh,gitcode_zh_sms_8a104,1,NEEDS_REVIEW,spam-unclear,,,08ae9185e8e3,
zh_pilot_0350,曝王晶22岁爱女开睡衣派对，与嫩模贴面热吻！请看“最多观看”视频： http://t.cn/zH2Pgpk 全省观看免流量费。另，现在到联通营业厅下载软件可获赠500M省内流量，赶快行动吧！,zh,gitcode_zh_sms_8a104,1,AD,spam-link-promo-candidate,,,91b9b2472d78,
zh_pilot_0351,长期代办各院大专大本，一二级建造师及各类资格证。另可办理真实驾驶证车管所可查一个月拿证。网上实名制注册终身有效QQ2675828111王老师,zh,gitcode_zh_sms_8a104,1,NEEDS_REVIEW,spam-unclear,,,10eeab2b478c,
zh_pilot_0352,您尾号7544卡31日06:41工商银行收入16.41元。【工商银行】,zh,gitcode_zh_sms_8a104,0,TRANSACTION,account/order/auth/logistics-result,,,82d5df6d74be,
zh_pilot_0353,"本机构今日带客户15.67元买进300223北京君正,明天将巨资拉 升,切勿追高.详情请电合作电话：020－29068887【国金投资】",zh,gitcode_zh_sms_8a104,1,NEEDS_REVIEW,spam-unclear,,,dc708afc7402,
zh_pilot_0354,淘彩娱乐城www.15599.com 网上真钱博彩，开户即送58彩金.体育 .港彩.时时彩.真人游戏24小时娱乐不打烊.存取款3分钟即时到帐,zh,gitcode_zh_sms_8a104,1,AD,spam-link-promo-candidate,,,36e7f0ae4d4f,
zh_pilot_0355,温馨提示：本公司长期代开正规发票，点数优惠，欢迎来电咨询合作。13613058085沈经理QQ：1786122873,zh,gitcode_zh_sms_8a104,1,AD,merchant-promo,,,30e97ed7d417,
zh_pilot_0356,龙建菊花茶免费另有1号特技表演，全场只需要498元，这价格这菜系沪上无敌，斜土路456号，中西餐任选，咨询：13120518579[白玉兰],zh,gitcode_zh_sms_8a104,1,NEEDS_REVIEW,spam-unclear,,,59360f4de181,
zh_pilot_0357,低总价，小三房。【荣盛.花语城】72平米套3，低总价进驻西三环！5大公园、一站式教育体系就近享有。诚意优惠紧急预约61682555,zh,gitcode_zh_sms_8a104,1,AD,merchant-promo,,,82123cbe3ec9,
zh_pilot_0358,赌具揭秘隐形眼睛，遥控麻将机，牌九，骰子等高科技牌具，来人可现场演示，以防上当受骗，慈溪慈百路152号13606888827【慈溪小东麻将】,zh,gitcode_zh_sms_8a104,1,NEEDS_REVIEW,spam-unclear,,,5cab65bb8936,
zh_pilot_0359,预算首付12万也能挑出你合适的奔驰车。中升聚星行奔驰仓储车辆不惜成本，0利润销售，11台现车销售！85587777【厚街聚星行奔驰】,zh,gitcode_zh_sms_8a104,1,NEEDS_REVIEW,spam-unclear,,,717ed9b42f11,
zh_pilot_0360,【惠生活】3月1日（明日农历正月廿一，宜开光、祭祀）【商讯】品尚豆捞两周年消费满300元以上，即获精美礼品1份，数量有限送完为止，并可参与抽奖活动，活动时间3月1日-31日，订餐电话：0772-3712777。【娱乐】老师：有口皆碑，怎样解释？学生：有口皆杯的意思就是凡杯，都有口，如酒杯、茶杯等。（发送KTHSH到10086永久免费开通）,zh,gitcode_zh_sms_8a104,1,NEEDS_REVIEW,spam-unclear,,,5c9d5014ec84,
zh_pilot_0361,5月，去武汉北看铺，来访即有机会抽奖中铺子！首付10万买铺，年收租2万，5年回本！免费热线400-027-5886【融园.中国家具第一城】,zh,gitcode_zh_sms_8a104,1,AD,merchant-promo,,,a0099d5645fa,
zh_pilot_0362,您好！本公司可代开增值票和本地商业.建材.咨询服务.工程等（税票） 13813826575陈鹏。打扰请谅解,zh,gitcode_zh_sms_8a104,1,NEEDS_REVIEW,spam-unclear,,,9abc698945a3,
zh_pilot_0363,慈母心，儿女情。感恩母亲节，优惠享健康，免费就拿iphone5！福州长青口腔：0591-87833111或400-004-1086,zh,gitcode_zh_sms_8a104,1,AD,merchant-promo,,,66166ef8787d,
zh_pilot_0364,5万88折限量预约！200－500平精品写字楼，中粮20万平商业配套，领世界500强，中 央别墅区核心4006888382【中粮祥云写字楼】,zh,gitcode_zh_sms_8a104,1,AD,merchant-promo,,,237bbef5b2dd,
zh_pilot_0365,【天上掉下个Iphone5！】通信助手的众亲们，回对应数字设置优先接收的回执精品资讯：2、健康；4体育；6娱乐。成功设置可参与次月Iphone5和1000元话费抽奖。您还可登录 http://v1x.cn/V2X 设置，访问产生的流量费按标准收费。中国移动,zh,gitcode_zh_sms_8a104,1,TRANSACTION,account/order/auth/logistics-result,,,7df64b8e94cb,
zh_pilot_0366,8399元/平！北站核心！31-108平金融中心唯一可办营业执照注册公司的精装住宅，钻石地段，恒久硬通货！华府新天地22518888,zh,gitcode_zh_sms_8a104,1,NEEDS_REVIEW,spam-unclear,,,2e24fe3b290b,
zh_pilot_0367,"您的3G辅导员送来专为您精选的开心背单词应用，请点击链接安装体验,http://0591.coolcube.net/coolblueweb/admin/appSoft/GetSoft/app/apk/com.gker.ch_5_3749_20120111.apk",zh,gitcode_zh_sms_8a104,1,FRAUD,fraud-intent-keywords,,,76f787a5cc89,
zh_pilot_0368,纸袋碰腿北京2孕妇地铁内互殴[人民]-中国移动冲浪助手:http://go.10086.cn/nd/mhl/x07Fu,zh,gitcode_zh_sms_8a104,1,AD,spam-link-promo-candidate,,,acba29da0882,
zh_pilot_0369,【大众点评】北京优惠券#224037:凭此短信[者火料理店]指定八款和牛套餐88折优惠，限定麒麟啤酒5折优惠，以上餐前出示，6-1至7-31。详询商家,zh,gitcode_zh_sms_8a104,0,AD,merchant-promo,,,ccdd81256388,
zh_pilot_0370,"正规银行小额贷 款,无需抵 押,最快三天放款.抵 押贷 款,利息低,额度可循环使用，随借随还.详情请致电13249164477",zh,gitcode_zh_sms_8a104,1,HARASS,collection/gray/adult/gambling,,,f550e94500af,
zh_pilot_0371,午盘带客户锁仓【000060中金岭南】明早主力必拉7个点以上！请散户关注勿追，明日午盘建仓下档金股，建仓内线4006322658【金源财经】,zh,gitcode_zh_sms_8a104,1,NEEDS_REVIEW,spam-unclear,,,21ebbc9533ab,
zh_pilot_0372,移动微博调查:你最喜欢哪个话题？A黄金价格走势，B戛纳电影节，C毕业季，回复参与抽奖，礼品详情http://139url.cn/9jef6g,zh,gitcode_zh_sms_8a104,1,AD,spam-link-promo-candidate,,,c2b1778d8ecc,
zh_pilot_0373,移动微博调查:你最喜欢哪个话题？A黄金价格走势，B戛纳电影节，C毕业季，回复参与抽奖，礼品详情http://139url.cn/9jef6g,zh,gitcode_zh_sms_8a104,1,AD,spam-link-promo-candidate,,,c2b1778d8ecc,
zh_pilot_0374,亲爱的常常思念，您购买的第2013057期双色球已中奖，奖金为10.00元。请登录财付通彩票查看详情。【财付通】,zh,gitcode_zh_sms_8a104,1,FRAUD,fraud-intent-keywords,,,ac3947d22869,
zh_pilot_0375,亲，我看明天上午他有个会能不能早些结束，如果可以，我给你电话。：）【王然】,zh,gitcode_zh_sms_8a104,0,NEEDS_REVIEW,normal-unclear,,,c9c7e6f7b0f6,
zh_pilot_0376,有人富贵有人平凡，想知道你命里有几座金山？想看你今年是否命犯桃花？回21加8位出生日期（如2119810527）生活娱乐为您探知蛇年开运法2,zh,gitcode_zh_sms_8a104,1,NEEDS_REVIEW,spam-unclear,,,115755ed5b22,
zh_pilot_0377,您好；代开增值，普通，服务，建筑，运输，广告等单据，点数低联系人杨15000199208,zh,gitcode_zh_sms_8a104,1,NEEDS_REVIEW,spam-unclear,,,f6961ee5b5ec,
zh_pilot_0378,闪耀京城新品即将开盘！燕莎东北中央别墅区核心，地铁旁，120-200平两梯两户低密绿色健康华宅。详询4006038377【万通·溪悦府】,zh,gitcode_zh_sms_8a104,1,AD,merchant-promo,,,4a0d3027760f,
zh_pilot_0379,您好！我是您单位的客户经理邓倩，如有移动请与我联系.电话13992244512祝您工作愉快！ 榆林移动榆阳分公司 客户经理:邓倩1 电话:13992244512 来源于10088,zh,gitcode_zh_sms_8a104,1,NEEDS_REVIEW,spam-unclear,,,6b042cec4f72,
zh_pilot_0380,多出一个房间怎么办？【中央城邦2期】可以变大的房子，超大面积赠送。两房变三房，三房变四房，49-164平新品上市！3616666【精准信息】,zh,gitcode_zh_sms_8a104,1,NEEDS_REVIEW,spam-unclear,,,e64e283d9e8a,
zh_pilot_0381,移动微博调查:你最喜欢哪个话题？A黄金价格走势，B戛纳电影节，C毕业季，回复参与抽奖，礼品详情http://139url.cn/9jef6g,zh,gitcode_zh_sms_8a104,1,AD,spam-link-promo-candidate,,,c2b1778d8ecc,
zh_pilot_0382,您好！截至到2014年09月18日23时51分，您已使用数据流量249.75MB，其中套餐外流量8.88MB，已产生套餐外流量费用4.54元，套餐内剩余流量19.13MB，感谢您使用流量查询服务。中国移动,zh,gitcode_zh_sms_8a104,0,TRANSACTION,account/order/auth/logistics-result,,,094ecfe0976c,
zh_pilot_0383,【招商证券】财富版：上交所称A股已具备恢复T+0条件；中澳经贸合作升级，矿产农业领域受益。昨主板指数再创本轮反弹新高，短期仍将维持震荡上行格局，关注金融、参股券商、基建等优质板块投资机会。投资建议仅供参考。回复N退订。,zh,gitcode_zh_sms_8a104,0,NEEDS_REVIEW,normal-unclear,,,fc46b7c85479,
zh_pilot_0384,幸福短信发发发，电信好礼送送送！本月每转发3条种子短信即可获得5元话费抽奖机会一次，机会可累积，奖品充足（100个名额），奖品于次月送出，动动你的手指，下一个幸运儿就是你！详情可登陆http://xin.ln.189.cn/  ，无信息费，详询10000,zh,gitcode_zh_sms_8a104,1,AD,merchant-promo,,,d30d21dc3576,
zh_pilot_0385,「江音·国际」代开正规税票，建材/设备/园林/广告/设计/住宿/办公等發票。13512331235陈然『专业·速办』,zh,gitcode_zh_sms_8a104,1,NEEDS_REVIEW,spam-unclear,,,aa1d67ada9c7,
zh_pilot_0386,建鑫●金海岸C区：离一中更近一步！22#26#95㎡，看江大三房，24日早9点，全城狂欢大抽奖，人人有机会6315999【建鑫地产】,zh,gitcode_zh_sms_8a104,1,NEEDS_REVIEW,spam-unclear,,,ce0c2905bf17,
zh_pilot_0387,【院线通】即日至5月17日一次订购《钢铁侠3》2张或以上，即可参与16台TCL手机抽奖。活动详情 http://t.cn/zTO1Kly ；即日至5月5日，一次购买三张或以上小朋友喜爱的《疯狂原始人》，即送一张院线通兑换券。若不需接收此类短信，请回qxyx取消。,zh,gitcode_zh_sms_8a104,1,AD,spam-link-promo-candidate,,,4fce6dfea843,
zh_pilot_0388,领导好，臻稀海墅限量20席，一墅三层准现房，享地铁全配套，送90-416平超大花园，送车位， 198万封顶，世茂龙湾诚邀莅临84977777,zh,gitcode_zh_sms_8a104,1,AD,merchant-promo,,,5b31eb7f7ff3,
zh_pilot_0389,您尾号7544卡14日10:32工商银行收入149.60元。【工商银行】,zh,gitcode_zh_sms_8a104,0,TRANSACTION,account/order/auth/logistics-result,,,82d5df6d74be,
zh_pilot_0390,尊敬的客户，即日起通过工银瑞信官网（www.icbccs.com.cn）购买工银货币基金，就可享受快速赎回服务，单日20万内随用随赎，实时划款！回复T立即体验，还有机会赢取百元话费好礼！4008119999（投资需谨慎)[工银瑞信],zh,gitcode_zh_sms_8a104,1,TRANSACTION,account/order/auth/logistics-result,,,28a1c033a872,
zh_pilot_0391,美媒曝光中国地下空军:不可战胜[搜狐]-中国移动冲浪助手:http://go.10086.cn/nd/mgp/10FPYA,zh,gitcode_zh_sms_8a104,1,AD,spam-link-promo-candidate,,,ca88947f04e5,
zh_pilot_0392,亲，手机不只能上网哟！最热门的应用软件推荐，更有最新的天津移动优惠活动，各种奖品等你来拿，快来访问 http://wap.3gtianjin.com/app/index.jsp?mobiletype=2&changeday=7,zh,gitcode_zh_sms_8a104,1,AD,merchant-promo,,,1611dcbf1045,
zh_pilot_0393,【佳和NISSAN 4S店】新阳光超低首付2.28万轻松开回家！逍客赠送两年保险！截止5月31日！欢迎速来订购!询2891558【信西直通】,zh,gitcode_zh_sms_8a104,1,NEEDS_REVIEW,spam-unclear,,,d7ec4d294ade,
zh_pilot_0394,尊敬的贵宾，全新护养品牌#东方季道#上市后，获得业界专家、媒体、消费者无数好评。其独创肌质寒平热之性，创新呈现肌肤调养系列。夏三月，循四季调养之序，特推出切合面部的护理臻品。28天朔望之间，缔造灵透无暇如玉美肌，期待您的莅临 ji.tmall.com【东方季道旗舰店】,zh,gitcode_zh_sms_8a104,1,NEEDS_REVIEW,spam-unclear,,,c843429f3c59,
zh_pilot_0395,【天上掉下个Iphone5！】通信助手的众亲们，回对应数字设置优先接收的回执精品资讯：2、健康；4体育；6娱乐。成功设置可参与次月Iphone5和1000元话费抽奖。您还可登录 http://v1x.cn/V2X 设置，访问产生的流量费按标准收费。中国移动,zh,gitcode_zh_sms_8a104,1,TRANSACTION,account/order/auth/logistics-result,,,7df64b8e94cb,
zh_pilot_0396,想在短时间内学好外语吗？请个外/教吧！一对一授课，月均仅需千余元，一步到位学好外语！学不会不收费！详询86086567【哈迪森】,zh,gitcode_zh_sms_8a104,1,AD,merchant-promo,,,fb57755de441,
zh_pilot_0397,您好！截至到2014年09月28日04时05分，您已使用数据流量340.61MB，其中套餐外流量8.88MB，已产生套餐外流量费用4.54元，套餐内剩余流量38.27MB，感谢您使用流量查询服务。中国移动,zh,gitcode_zh_sms_8a104,0,TRANSACTION,account/order/auth/logistics-result,,,094ecfe0976c,
zh_pilot_0398,[手机电话]: +8615011194254,zh,gitcode_zh_sms_8a104,0,NEEDS_REVIEW,normal-unclear,,,60d7c74ba36f,
zh_pilot_0399,有快递，在楼下一层，申通，十点前都在，,zh,gitcode_zh_sms_8a104,0,TRANSACTION,account/order/auth/logistics-result,,,dc646310979b,
zh_pilot_0400,"我公司贷款500万起，可先放款，并诚招地区代办。缺钱找中金,满足多种用途，轻松解燃眉之急。联系电话:400-657-2220.",zh,gitcode_zh_sms_8a104,1,HARASS,collection/gray/adult/gambling,,,60297b02cee5,
zh_pilot_0401,查询余额服务：您的账户余额为13.01元，移动官网充值（ www.10086.cn）优惠便捷。感谢您的使用，中国移动。,zh,gitcode_zh_sms_8a104,0,AD,merchant-promo,,,688dd3525f79,
zh_pilot_0402,世界五百强欧尚超市进驻【汇仁阳光花园】！户户大赠送，地铁学区房2千抵2万认筹倒计时！本周末精彩活动有豪礼85709999【汇仁地产】,zh,gitcode_zh_sms_8a104,1,NEEDS_REVIEW,spam-unclear,,,037e52f3c7b9,
zh_pilot_0403,顶级信誉葡京国际娱乐城网址：12551255.com首存赠送30线上游戏有足彩、六合采、时时彩、百家乐、股票等，欢迎阁下光临！,zh,gitcode_zh_sms_8a104,1,HARASS,collection/gray/adult/gambling,,,edff312cd3ff,
zh_pilot_0404,11号地铁口，纯正台湾风情，是昆山台商的精神归属。精致70平温存设计，48万亲民价。绿地遍野，鸟语花香。王鑫13501806765【宝原】,zh,gitcode_zh_sms_8a104,1,NEEDS_REVIEW,spam-unclear,,,96f7b7037852,
zh_pilot_0405,贷款额度紧，申请要趁早！平安易贷险助您从银行获取无抵押贷款，月入3000即可，最快1天放款，详询10100000或回复Y【中国平安】,zh,gitcode_zh_sms_8a104,1,AD,merchant-promo,,,03ee69bf70ff,
zh_pilot_0406,新空港绝版低密度大盘，首付19万起，享剑桥学院生活，85-115平瞰景洋房，买三居得四居！拥英式皇家园林，新城核心配套4000119225,zh,gitcode_zh_sms_8a104,1,NEEDS_REVIEW,spam-unclear,,,b22d6100638a,
zh_pilot_0407,【360】故障机房:   现象: 联通到电信故障情况  详情: 北京联通集团回复，联通骨干网到电信骨干网流量异常，原因还在排查中，ops还在跟进。,zh,gitcode_zh_sms_8a104,0,NEEDS_REVIEW,normal-unclear,,,e19f554242dc,
zh_pilot_0408,"深益田：代表沪深300指数样本股中规模最大的100只股票，覆盖大部分行业龙头，中证100指数,与蓝筹共起舞。关注大成中证100ETF，基金代码159923风格鲜明的大盘蓝筹ETF，目前仍处于折价。详询82766302，仅供参考。－招商深益田【招商证券】",zh,gitcode_zh_sms_8a104,1,AD,merchant-promo,,,907e01a5bd87,
zh_pilot_0409,【功夫熊】今天只要给你心仪的人在功夫熊预约推拿，写下你爱的宣言，我们就“免费”上门。为你的爱而宣言。 t.cn/R7BIvnJ,zh,gitcode_zh_sms_8a104,0,NEEDS_REVIEW,normal-unclear,,,28c0931a0bd9,
zh_pilot_0410,你好！我公司代理商业，建材，广告，服务业等发票。用后付款。需要联系：135 1053 1898林经理  如有打扰，敬请谅解,zh,gitcode_zh_sms_8a104,1,NEEDS_REVIEW,spam-unclear,,,dcebbfc81bdd,
zh_pilot_0411,甜，520正在爱欧莱雅300减100再送300，再送您欧莱雅300减50券87664579密码9df1dcf088洗护除外仅今日用【乐蜂网】,zh,gitcode_zh_sms_8a104,1,NEEDS_REVIEW,spam-unclear,,,83670215eab3,
zh_pilot_0412,查询余额服务：您的账户余额为47.71元，移动官网充值（ www.10086.cn）优惠便捷。感谢您的使用，中国移动。,zh,gitcode_zh_sms_8a104,0,AD,merchant-promo,,,688dd3525f79,
zh_pilot_0413,您好！我公司有河南省税票可以代开；有普通票和增值票；合作热线：13926565260。联系人：陈毅。,zh,gitcode_zh_sms_8a104,1,AD,merchant-promo,,,dc7bc04234d7,
zh_pilot_0414,【猎聘网】猎聘秘书台:您17:06未接到猎头张云娟(ID号:LT2072119)的来电02862858173，您可回电或登录网站联系。,zh,gitcode_zh_sms_8a104,0,NEEDS_REVIEW,normal-unclear,,,c7429791f0b1,
zh_pilot_0415,青春是什么？是永远梦想的家。。。和泓四季恋城圆您青春梦想！60-84平青春型、灵动性、田园范小家，首付18万起，样板间已开放24286666,zh,gitcode_zh_sms_8a104,1,NEEDS_REVIEW,spam-unclear,,,8470fa802bd2,
zh_pilot_0416,"""截止当前，您的WCDMA(3G)-66元套餐套餐包外资费A的3G语音50分钟,已使用1分钟,剩余49分钟;3G套餐内流量307200KB,已使用104524KB,剩余202676KB;国内短信240条,已使用0条,剩余240条;可视电话10分钟,已使用0分钟,剩余10分钟;M值6M,已使用0M,剩余6M;T值10T,已使用0T,剩余10T;通信费用请以帐详单为准。",zh,gitcode_zh_sms_8a104,0,TRANSACTION,account/order/auth/logistics-result,,,e4f095657f29,
zh_pilot_0417,钻石优惠券限时送，最后两天，点击即领。http://jiayuan.cn/brH1N6 .【世纪佳缘】,zh,gitcode_zh_sms_8a104,1,AD,merchant-promo,,,573b7e7d82e5,
zh_pilot_0418,"天猫娱乐城 www.9tm9tm.com 亚洲最大线上娱乐波音平台,服务好提款快,真人百家乐,六合彩,时时彩,体育赛事投注,开户即送28元",zh,gitcode_zh_sms_8a104,1,AD,spam-link-promo-candidate,,,a6385fca9577,
zh_pilot_0419,"【买4G就上10010.com】""",zh,gitcode_zh_sms_8a104,0,NEEDS_REVIEW,normal-unclear,,,913ca5e3a07d,
zh_pilot_0420,移动微博调查:你最喜欢哪个话题？A黄金价格走势，B戛纳电影节，C毕业季，回复参与抽奖，礼品详情http://139url.cn/9jef6g,zh,gitcode_zh_sms_8a104,1,AD,spam-link-promo-candidate,,,c2b1778d8ecc,
zh_pilot_0421,"花滩国际新城：引进全人教育体系，全国知名幼、小、中学即将入驻！御榕庄5公里江岸线纯别墅，双车位+超大面积赠送,VIP卡办理中42888888",zh,gitcode_zh_sms_8a104,1,NEEDS_REVIEW,spam-unclear,,,f6908abb70c8,
zh_pilot_0422,「江音·国际」代开正规税票，建材/设备/园林/广告/设计/住宿/办公等發票。13512331235陈然『专业·速办』,zh,gitcode_zh_sms_8a104,1,NEEDS_REVIEW,spam-unclear,,,aa1d67ada9c7,
zh_pilot_0423,您好！本公司可以代开发票。有需要请联系！ 罗经理 13544500866,zh,gitcode_zh_sms_8a104,1,HARASS,collection/gray/adult/gambling,,,14562a8e0070,
zh_pilot_0424,"你好，中信集团长期在本地发放小额贷款，免抵押，免担保，年息15， 当天办理可放款。联；15267798515,刘经理。",zh,gitcode_zh_sms_8a104,1,HARASS,collection/gray/adult/gambling,,,b474a484aa1a,
zh_pilot_0425,炎炎夏日，玩什么最High? 《火拼斗地主》引爆新一轮斗地主狂潮！画面精美，奖励不断，带给您不一样的极致体验，快点来，进入火拼时代！下载地址：  http://ah-3g.cn/cp.jsp?id=6799,zh,gitcode_zh_sms_8a104,1,AD,spam-link-promo-candidate,,,86fd3ad2c78c,
zh_pilot_0426,建鑫●金海岸C区：离一中更近一步！22#26#95㎡，看江大三房，24日早9点，全城狂欢大抽奖，人人有机会6315999【建鑫地产】,zh,gitcode_zh_sms_8a104,1,NEEDS_REVIEW,spam-unclear,,,ce0c2905bf17,
zh_pilot_0427,你好，我公司有发票代开，需要请联系；13818339678李小姐,zh,gitcode_zh_sms_8a104,1,HARASS,collection/gray/adult/gambling,,,8e3d28e56135,
zh_pilot_0428,美媒曝光中国地下空军:不可战胜[搜狐]-中国移动冲浪助手:http://go.10086.cn/nd/mgx/DKzwG,zh,gitcode_zh_sms_8a104,1,AD,spam-link-promo-candidate,,,ca88947f04e5,
zh_pilot_0429,巴塞罗那喜封金顶，感恩回馈。5月21-31日到场即有机会参加幸运转盘抽奖，购房更有惊喜豪礼，惊爆特价5672元/㎡起3316888【新顺德】,zh,gitcode_zh_sms_8a104,1,AD,merchant-promo,,,fee770f65332,
zh_pilot_0430,原装进口荷兰乳牛婴幼儿奶粉，官方直购，资质完整，保障齐全，营养好易吸收，线上热销，众多妈妈好评！高利润高返利，无风险不压库，区域专卖授权！全方位育儿、营养知识服务及售后，送货到家，可货到付款，一乡镇一街道限一家，联系电话010-58016168[全球食品]【梦网科技】,zh,gitcode_zh_sms_8a104,1,NEEDS_REVIEW,spam-unclear,,,752ff71dbe81,
zh_pilot_0431,新华快讯：外交部今宣布，习近平将出访特立尼达和多巴哥、哥斯达黎加、墨西哥三国，并于6月7日至8日在美国会晤奥巴马。 www.xhqm.cn,zh,gitcode_zh_sms_8a104,1,AD,spam-link-promo-candidate,,,5932d0dee483,
zh_pilot_0432,"澳门网上娱乐有活动啦！真人百家乐,足球投注,时时彩,香港彩48倍,新开户即送体验金58元,首存送30彩金.网址 www.8343.com",zh,gitcode_zh_sms_8a104,1,AD,spam-link-promo-candidate,,,138a6b62bd79,
zh_pilot_0433,"兴业理财产品:(38天，4.35),(59天,4.45),(90天,4.65),(181天,4.75).5万起，（59天，4.85，500万起）月末发行(一年期,6.3,100万起),欢迎认购! 详询：57762733，13587735886【兴业银行】",zh,gitcode_zh_sms_8a104,1,AD,merchant-promo,,,6cc7f684d374,
zh_pilot_0434,自考大专、本科保证毕业名额，大专一年内、本科两年内毕业，国家教育网永久查询，协议入学，不过全额退费。详询招办：4008909797,zh,gitcode_zh_sms_8a104,1,AD,merchant-promo,,,612a8812899c,
zh_pilot_0435,您好！截至到2014年09月04日10时22分，您已使用数据流量52.22MB，其中套餐外流量52.22MB，已产生套餐外流量费用0.0元，套餐内剩余流量20.0MB，感谢您使用流量查询服务。中国移动,zh,gitcode_zh_sms_8a104,0,TRANSACTION,account/order/auth/logistics-result,,,094ecfe0976c,
zh_pilot_0436,您好！本公司可代开增值票和本地商业.建材.咨询服务.工程等（税票） 13813826575陈鹏。打扰请谅解,zh,gitcode_zh_sms_8a104,1,NEEDS_REVIEW,spam-unclear,,,9abc698945a3,
zh_pilot_0437,中阳金伯利钻石品牌黄金，品质好，含量高，款式新！每克332元！限五天！美钻家园:中阳县金伯利钻石店凤城街6号美钻热线5028868【中阳】,zh,gitcode_zh_sms_8a104,1,AD,merchant-promo,,,0995015018fe,
zh_pilot_0438,现金不闲置，行情不错过，银华日利将成为您的保证金加油站！银华交易型货币基金（简称：银华日利，认购代码511883）3月18日起在各大券商有售，募集时间有限，请及时安排您的投资，客服热线400-6783333，投资须谨慎。【银华基金】,zh,gitcode_zh_sms_8a104,0,AD,merchant-promo,,,46c08842b311,
zh_pilot_0439,"您尾号4842的信用卡03日18:55消费人民币1,299.00元。送你99积分，马上领 t.cn/8s52qAr 。[招商银行]",zh,gitcode_zh_sms_8a104,0,TRANSACTION,account/order/auth/logistics-result,,,b0e177530aa0,
zh_pilot_0440,急需调头资金、垫资等？上海抵押（接受二抵）、无抵押贷款，轻松帮您解决资金难题。15221337106杨经理，祝您一切顺利【谐智】,zh,gitcode_zh_sms_8a104,1,HARASS,collection/gray/adult/gambling,,,b066273f23f0,
zh_pilot_0441,六.一曲江演出携手莱安集团邀您共享亲子时光：中国杂技团＂金小丑＂奖杂技剧《金小丑的梦》6月1日2日曲江国际会议中心，抢票热线81545309,zh,gitcode_zh_sms_8a104,1,AD,merchant-promo,,,9bd3300b8c0c,
zh_pilot_0442,5月，去武汉北看铺，来访即有机会抽奖中铺子！首付10万买铺，年收租2万，5年回本！免费热线400-027-5886【融园.中国家具第一城】,zh,gitcode_zh_sms_8a104,1,AD,merchant-promo,,,a0099d5645fa,
zh_pilot_0443,财富早间版：美国债限谈判现曙光道指大涨逾2%；央行副行长易纲称地方债影子银行问题可控。目前A股板块与个股活跃度不减说明市场赚钱效应较为突出，即使有回调也属正常整理范围。可逢低吸纳金融、电子科技、医药、三季报预增预喜等优质品种。投资建议仅供参考。【招商证券】,zh,gitcode_zh_sms_8a104,0,NEEDS_REVIEW,normal-unclear,,,7c0ff639fdd6,
zh_pilot_0444,"你的快递到了,一层收发室大厅,中通",zh,gitcode_zh_sms_8a104,0,TRANSACTION,account/order/auth/logistics-result,,,a2a4f6ada470,
zh_pilot_0445,乐享无线城市，五月好运好礼领航！新用户成功注册就抽奖，老朋友幸运号码赢好运。辽宁无线城市诚邀新友、旧交一起来把精彩好礼抱回家！详情点击：http://shenyang.wap.wxcs.cn,zh,gitcode_zh_sms_8a104,1,AD,spam-link-promo-candidate,,,513ee26f0c81,
zh_pilot_0446,【阿里旅行·去啊】01-09 21:25首都国际机场T2飞-22:50大连机场--降南方航空CZ6138， 订单39198891398已出票，陈广大(票号：784-2153547127)。请提前2小时到达机场办理登机。卖家服务电话：4006695539，阿里旅行·去啊热线：400-1688-688。【重要提醒】为了您的资金安全，如您收到任何退改签、航班变动短信或电话，请联系淘宝卖家核实。,zh,gitcode_zh_sms_8a104,0,AD,merchant-promo,,,4ca24cbf0b67,
zh_pilot_0447,5月底前购雷克萨斯车，仅需首付50，即可享零利率、半年供的空前奖励，以及长达18个月的还款期限。详情：64776200【上海美跃雷克萨斯】,zh,gitcode_zh_sms_8a104,1,NEEDS_REVIEW,spam-unclear,,,d395b4dc2c0f,
zh_pilot_0448,纸袋碰腿北京2孕妇地铁内互殴[人民]-中国移动冲浪助手:http://go.10086.cn/nd/mh9/Tp2l0,zh,gitcode_zh_sms_8a104,1,AD,spam-link-promo-candidate,,,acba29da0882,
zh_pilot_0449,你好！我公司代理商业，建材，广告，服务业等发票。验后付款。需要联系：135 1053 1898林经理  如有打扰，敬请谅解,zh,gitcode_zh_sms_8a104,1,NEEDS_REVIEW,spam-unclear,,,ca9e8a549721,
zh_pilot_0450,本公司可代开全国：商品，广告，服务，住宿，餐饮，增值等等正规發票。注：也代收增值。咨询电话：18201881521刘经理如有打扰请谅解！,zh,gitcode_zh_sms_8a104,1,NEEDS_REVIEW,spam-unclear,,,4e9f290ed544,
zh_pilot_0451,【歌华有线】歌华宽带8档产品32种套餐乍鲜上市！8M-22M互联网电视套餐宽带最低15元/月，详询www.gehua.net。回复QX退订,zh,gitcode_zh_sms_8a104,0,AD,merchant-promo,,,0407f001b4de,
zh_pilot_0452,移动微博调查:你最喜欢哪个话题？A黄金价格走势，B戛纳电影节，C毕业季，回复参与抽奖，礼品详情http://139url.cn/9jef6g,zh,gitcode_zh_sms_8a104,1,AD,spam-link-promo-candidate,,,c2b1778d8ecc,
zh_pilot_0453,嗨~亲！欢迎您首次访问联通WO+分享平台，点击连接即可成为会员享受联通最新优惠，每天参加幸运大抽奖，奖品多多iphone4s送不停喔。 http://t.17wo.cn/Sjok71,zh,gitcode_zh_sms_8a104,1,AD,merchant-promo,,,c33fb2b882b6,
zh_pilot_0454,太平广场（太平禅寺）有经营用房招租，可经营超市、茶楼、素餐馆等。电话13861361278 详情登陆 www.yzszyl.com【园林处】,zh,gitcode_zh_sms_8a104,1,AD,spam-link-promo-candidate,,,779f103fd313,
zh_pilot_0455,艺龙确认:陈广大1月12日20:50南方航空CZ6127大连周水子-22:20北京首都机场2号航站楼260元 拒收所有短信直接回复TD,zh,gitcode_zh_sms_8a104,0,NEEDS_REVIEW,normal-unclear,,,88dd2afe0e0e,
zh_pilot_0456,"信用卡1984于12月8日12:30消费人民币213.80元,详询信用卡网站在线账户服务或洽4008208788【浦发银行】",zh,gitcode_zh_sms_8a104,0,TRANSACTION,hard-txn-signal-over-promo-footer,,,bcf406d15a39,
zh_pilot_0457,尊敬的客户：您于2014年03月25日成功充话费20元【中国移动和包】,zh,gitcode_zh_sms_8a104,0,TRANSACTION,account/order/auth/logistics-result,,,0ee71ab22f1c,
zh_pilot_0458,您好，CBA“天猫T恤节”活动进行中！40款新品5折起，折后2件7折，3件6折，5件5折，数量有限cbagh.tmall.com/【CBA】,zh,gitcode_zh_sms_8a104,1,NEEDS_REVIEW,spam-unclear,,,294ef9f4d734,
zh_pilot_0459,招商银行大众版网上支付验证码：981577。支付金额29.80元。请勿将验证码告知他人并确认支付网址为合法的招商银行网址！[招商银行],zh,gitcode_zh_sms_8a104,0,TRANSACTION,account/order/auth/logistics-result,,,f608c613a7cd,
zh_pilot_0460,澳洲房产第一展！永久产权￥30万起，贷款低息仅2！本周六广州丽思卡尔顿酒店2楼，澳籍专家全解澳房发展，详询邦拓国际：400-6381168,zh,gitcode_zh_sms_8a104,1,AD,merchant-promo,,,12043b979ec8,
zh_pilot_0461,尊敬的会员，您好！“凤凰知音”将于北京时间2013年10月18日18时至2013年10月21日23时进行系统升级，在此期间，将暂停办理各项会员业务操作。建议您提早办理相关信息修改、里程补录和兑换等业务；由此给您带来的不便，敬请谅解。【中国国航】,zh,gitcode_zh_sms_8a104,0,NEEDS_REVIEW,normal-unclear,,,848f4055de0a,
zh_pilot_0462,您好！本税务司可长期优惠代开国地税（发一票），有需要请来电：13739264153李经理，如有打扰请多多包涵！,zh,gitcode_zh_sms_8a104,1,AD,merchant-promo,,,830b00167555,
zh_pilot_0463,澳洲房产第一展！永久产权￥30万起，贷款低息仅2！本周六广州丽思卡尔顿酒店2楼，澳籍专家全解澳房发展，详询邦拓国际：400-6381168,zh,gitcode_zh_sms_8a104,1,AD,merchant-promo,,,12043b979ec8,
zh_pilot_0464,"公司今天带学员买入300223北京君正,明天冲高出货,请重点关注!如需操作请来电咨询:020-29182180杨成老师(容维创富)",zh,gitcode_zh_sms_8a104,1,NEEDS_REVIEW,spam-unclear,,,232b25ec8ece,
zh_pilot_0465,现在买11选5中奖额外送彩金，单注最高奖金580元，别错过！ http://518.qq.com/p?105,zh,gitcode_zh_sms_8a104,1,FRAUD,fraud-intent-keywords,,,866eb37c7448,
zh_pilot_0466,有房产/轿车急用钱？短期借款当日放，银行贷款5日批贷/有房款可按7成至满成二次贷款。热线010-51291888,zh,gitcode_zh_sms_8a104,1,AD,merchant-promo,,,8a514c5e23c3,
zh_pilot_0467,点击链接 to.taobao.com/mYTD9iy  ，马上提前下单，手机购阿芙新品，还送iPhone5！【聚划算】,zh,gitcode_zh_sms_8a104,1,FRAUD,fraud-intent-keywords,,,12efc830dc4e,
zh_pilot_0468,你好！本公司可代开各种税票（用票后付款）需要请联系：13967898093刘先生,zh,gitcode_zh_sms_8a104,1,NEEDS_REVIEW,spam-unclear,,,761b02537193,
zh_pilot_0469,中国移动客户，您好！中洲贵金属联合中国移动开展商家联盟活动。【回复短信：1】 即获赠价值188元高尔夫球练习券一张及有机会获赠价值398元银币一枚。咨询电话：8252333[柳州中洲贵金属],zh,gitcode_zh_sms_8a104,1,NEEDS_REVIEW,spam-unclear,,,e0f1a8a79b14,
zh_pilot_0470,全新开通各家银行联保信用贷款，不限行业，额度充足，年息8.4，最快7天放款，单户最高500万，董经理：13331110516,zh,gitcode_zh_sms_8a104,1,HARASS,collection/gray/adult/gambling,,,b9c53efeccc3,
zh_pilot_0471,今15元建【300223】明主力进入必涨5！我司做庄控股，今买明卖，稳定收益！切勿错失赚钱最佳良机，内线电4006330658【广福基金】,zh,gitcode_zh_sms_8a104,1,NEEDS_REVIEW,spam-unclear,,,160d394b97db,
zh_pilot_0472,您参与的‘动感秋季迎新-承诺消费优惠’活动，本月返还话费20元，已注入副账户。祝您消费愉快。,zh,gitcode_zh_sms_8a104,0,AD,merchant-promo,,,f6500d00af27,
zh_pilot_0473,这可能是你最有面子的一套房！地铁5号线上，140米超甲级写字楼，世界500强帮你运营，首付40万，限量发售：67180999【绿地】,zh,gitcode_zh_sms_8a104,1,AD,merchant-promo,,,ba8a87f2e606,
zh_pilot_0474,你好，建行推出个人与企业信誉贷5-200万，无需担~保，放款前无费用，需求者请联系：15150113873李经理,zh,gitcode_zh_sms_8a104,1,HARASS,collection/gray/adult/gambling,,,535d1b667f24,
zh_pilot_0475,你好！本单位长期有各种行业【正规税票】可对外代开，若需要请来电：13983731878刘东升。谢谢！,zh,gitcode_zh_sms_8a104,1,NEEDS_REVIEW,spam-unclear,,,bbb7b63c568c,
zh_pilot_0476,温馨提示，截止10月26日24时，您当月套餐内流量已使用180.33MB，剩余流量119.67MB。登录 wap.10010.com 直充话费，方便又打折!,zh,gitcode_zh_sms_8a104,0,AD,merchant-promo,,,89479835eb07,
zh_pilot_0477,小升初分班考试在即，名师精讲各校分班考试重点、难点、押题率80，奥数奥英速提分数，进重点班让孩子初中学习更轻松。询80967977【时代】,zh,gitcode_zh_sms_8a104,1,NEEDS_REVIEW,spam-unclear,,,a85b82a95065,
zh_pilot_0478,三星I9082五寸屏大有可观，双卡双待左右逢源，5月底前办理，更有两年免费打，更多惊喜登 http://xa10010.tmall.com,zh,gitcode_zh_sms_8a104,1,AD,spam-link-promo-candidate,,,6249924089e4,
zh_pilot_0479,尊敬的滴滴用户，您还有即将过期的专车代金券么？一定记得使用哦！祝生活愉快！（退订回复TD）,zh,gitcode_zh_sms_8a104,0,NEEDS_REVIEW,normal-unclear,,,a750ecdf9edc,
zh_pilot_0480,你好！诚信公司有咨询，广告，运输，建材，商品以及各种材料等公司发票优惠提供！（高价回收增值税）详询张先生：13380306623,zh,gitcode_zh_sms_8a104,1,AD,merchant-promo,,,47fc1900db44,
zh_pilot_0481,"【申通快递】您的订单:20140904150454358,预约取件时间为:09月04日15时00分至19时00分,目前已分配至北京第三分公司,取件员沈晓磊(13370109712)。请保持手机畅通，取件员将尽快上门揽件，感谢您的支持。",zh,gitcode_zh_sms_8a104,0,TRANSACTION,account/order/auth/logistics-result,,,e0732c85c65f,
zh_pilot_0482,"亲：如有资金需求，请联系崔经理13472743947.现推出个人和企业大额无抵/押贷/款，房屋抵/押、二次抵/押,可贷8-12成，银行放款！",zh,gitcode_zh_sms_8a104,1,HARASS,collection/gray/adult/gambling,,,31289dd6d1c4,
zh_pilot_0483,点击链接即可免费下载http://estoresrvice.189store.com//share/143538,zh,gitcode_zh_sms_8a104,1,FRAUD,fraud-intent-keywords,,,e2ed9c63a019,
zh_pilot_0484,有本地增值票、普通票、国税票、地税票、建材票对外代开，如有需要请联系13826567989杨会计，敬请保留，验证后付款！,zh,gitcode_zh_sms_8a104,1,NEEDS_REVIEW,spam-unclear,,,eeef5097e1e0,
zh_pilot_0485,东易日盛装饰集团强势进驻上海，定于5月26日13：00东方路969号中油阳光大酒店31楼宴会厅面向全市征集50套样板房活动，每套最高优惠12万！名额有限，先到先得，机会难逢，绝无仅有！详情登入官网http://sh.dyrs.com.cn/,zh,gitcode_zh_sms_8a104,1,AD,merchant-promo,,,5ebbfaa84b6c,
zh_pilot_0486,??假日出行好保障，VIP用户特享〖免费〗意外保险限量体验.??5万意外伤残保险??每日限量1000份??每人仅限申请1份?免费申请链接 http://189.io/KZwRnn??关爱自己，关爱家人??,zh,gitcode_zh_sms_8a104,1,AD,merchant-promo,,,f28d74caba1b,
zh_pilot_0487,欢迎使用彩铃业务！密码648225。拨打12530300，或回复歌曲或歌手名，即可轻松选择好听音乐。更多精彩尽在cr.135-139.com,zh,gitcode_zh_sms_8a104,1,NEEDS_REVIEW,spam-unclear,,,cfd7f204725c,
zh_pilot_0488,你好，我公司有发票代开，需要请联系；13818339678李小姐,zh,gitcode_zh_sms_8a104,1,HARASS,collection/gray/adult/gambling,,,8e3d28e56135,
zh_pilot_0489,开盘热销人气爆棚！现紧急加推！地铁旁88平三居，近100得房率，实验二小招生在即，抢到即赚到!到访有礼! 5722300,zh,gitcode_zh_sms_8a104,1,NEEDS_REVIEW,spam-unclear,,,18b7b584ff79,
zh_pilot_0490,"尊敬的客户，您好！大屏高端商务明星机三星S4上市了：5英寸1080P屏、四核1.9GHz、1300万+200万双摄像头，零售价5199元全球热销中、货源紧俏。如您有购买意向，请联系您的中国移动集团客户经理可享受超低4999的优惠价购买哦！数量有限，先定先得哦！客户经理：陈太娟,联系电话：13862587505！",zh,gitcode_zh_sms_8a104,1,AD,merchant-promo,,,e4ed930c2dd2,
zh_pilot_0491,成南【双铁站铺王】总价15万起！5年稳收近10万！全.满.租，买就收！全临街，金口岸！全产权，高增值！抢占热线：4000877888【成投】,zh,gitcode_zh_sms_8a104,1,AD,merchant-promo,,,4a1333582236,
zh_pilot_0492,行情来了，操盘手最新高端实盘指导，加Q群：322302896，盘前提示潜力股，盘中实盘指导；把握实时热点，学炒股方法，免费体验【益盟操盘手】,zh,gitcode_zh_sms_8a104,1,NEEDS_REVIEW,spam-unclear,,,13ba29124026,
zh_pilot_0493,端午度假好去处，来世界花卉大观园，看天下奇花异草，放飞心情！点击 http://t.cn/Rvw818Z 订票。回复TD退订【同程旅游】,zh,gitcode_zh_sms_8a104,0,NEEDS_REVIEW,normal-unclear,,,27680db379ed,
zh_pilot_0494,"国服信奥迪“清凉一夏”促销季，A4L最高降5.6万，A6L最高降8万，A8L最高降21万。石景山店68867373,苏州桥店62567373",zh,gitcode_zh_sms_8a104,1,AD,merchant-promo,,,3160046d84c6,
zh_pilot_0495,广州中信广场附近有深圳发展、中信银行、中国银行，附近体育西路的TOP吧，非常不错还带有自助餐。2元/条，客服电话：020-28913429,zh,gitcode_zh_sms_8a104,1,NEEDS_REVIEW,spam-unclear,,,0c2d45309ed0,
zh_pilot_0496,"你好，中信集团长期在本地发放小额贷款，免抵押，免担保，年息15， 当天办理可放款。联；13857744114,刘经理。",zh,gitcode_zh_sms_8a104,1,HARASS,collection/gray/adult/gambling,,,b474a484aa1a,
zh_pilot_0497,六.一曲江演出携手莱安集团邀您共享亲子时光：中国杂技团＂金小丑＂奖杂技剧《金小丑的梦》6月1日2日曲江国际会议中心，抢票热线81545309,zh,gitcode_zh_sms_8a104,1,AD,merchant-promo,,,9bd3300b8c0c,
zh_pilot_0498,移动微博调查:你最喜欢哪个话题？A黄金价格走势，B戛纳电影节，C毕业季，回复参与抽奖，礼品详情http://139url.cn/9jef6g,zh,gitcode_zh_sms_8a104,1,AD,spam-link-promo-candidate,,,c2b1778d8ecc,
zh_pilot_0499,【阿里旅行·去啊】机票订单34462093398申请单号为10659998的退票申请已经成功退款，退款金额为280.0元， 请查询您的支付宝帐户。 卖家服务电话： 4006695539，阿里旅行·去啊热线：400-1688-688,zh,gitcode_zh_sms_8a104,0,AD,merchant-promo,,,b665c45e70f5,
zh_pilot_0500,【KK健康】养生警惕：西红柿豆芽 11种很危险的家常食物（图）       http://ah.kk3g.net/i/1/7ENOzegu,zh,gitcode_zh_sms_8a104,1,AD,spam-link-promo-candidate,,,7d12a6cf010e,
zh_pilot_0501,顶级信誉葡京国际娱乐城网址：12551255.com首存赠送30线上游戏有足彩、六合采、时时彩、百家乐、股票等，欢迎阁下光临！,zh,gitcode_zh_sms_8a104,1,HARASS,collection/gray/adult/gambling,,,edff312cd3ff,
zh_pilot_0502,"http://item.taobao.com/item.htm?id=42472279994""",zh,gitcode_zh_sms_8a104,0,NEEDS_REVIEW,normal-unclear,,,8a9330f0f9d2,
zh_pilot_0503,"你好，中信集团长期在本地发放小额贷款，免抵押，免担保，年息15 ，当天办理可放款。联；13544453008,刘经理。.",zh,gitcode_zh_sms_8a104,1,HARASS,collection/gray/adult/gambling,,,b474a484aa1a,
zh_pilot_0504,【招行惠报】10月底前每周三到北京热辣壹号刷招行信用卡享肥牛一号、草原羔羊肉5折优惠！询掌上生活 t.cn/8kxISvS 。[招商银行],zh,gitcode_zh_sms_8a104,0,AD,merchant-promo,,,e2d1c354e864,
zh_pilot_0505,移动微博调查:你最喜欢哪个话题？A黄金价格走势，B戛纳电影节，C毕业季，回复参与抽奖，礼品详情http://139url.cn/9jef6g,zh,gitcode_zh_sms_8a104,1,AD,spam-link-promo-candidate,,,c2b1778d8ecc,
zh_pilot_0506,温馨提示：本公司长期代开正规发票，点数优惠，欢迎来电咨询合作。13613058085沈经理QQ：1786122873,zh,gitcode_zh_sms_8a104,1,AD,merchant-promo,,,30e97ed7d417,
zh_pilot_0507,88商旅88套餐：88.00元,zh,gitcode_zh_sms_8a104,0,NEEDS_REVIEW,normal-unclear,,,9291f893978f,
zh_pilot_0508,网友神解“致青春”火爆原因-图[凤凰]-中国移动冲浪助手:http://go.10086.cn/nd/lHW/7q2As,zh,gitcode_zh_sms_8a104,1,AD,spam-link-promo-candidate,,,f04cb961ac05,
zh_pilot_0509,特惠！7980元/平起！可贷款，不限购！首都机场商圈五星级公寓，一居两居、复式户型多样，地铁15和L1线直达。热线：01056247673,zh,gitcode_zh_sms_8a104,1,AD,merchant-promo,,,33dc5758ba7e,
zh_pilot_0510,你好：我公司代办各类普通，增值税等发票，联系13560095332陈先生,zh,gitcode_zh_sms_8a104,1,NEEDS_REVIEW,spam-unclear,,,9cd5aa416d9c,
zh_pilot_0511,【网银在线】您的京东白条（订单2587207963）还差2天就到最后付款日，请及时付款，以免逾期违约，如已付款无需理会。【白条】,zh,gitcode_zh_sms_8a104,0,HARASS,collection/gray/adult/gambling,,,f0ad0ea8f4c5,
zh_pilot_0512,温馨提示；本公司长期优惠代开国/地税票据，专业房屋租赁，服务业，建筑业，商业等各行业(税票），电；13809053586王小姐，谢谢咨询！,zh,gitcode_zh_sms_8a104,1,AD,merchant-promo,,,f2298c05d547,
zh_pilot_0513,财富收盘版：三月CPI同比涨2.4%基本符合预期，如早盘提示指数震荡消化获利盘后探底回收强势不改，预计反弹行情有望延续。仅供参考【招商证券】,zh,gitcode_zh_sms_8a104,0,NEEDS_REVIEW,normal-unclear,,,5ace4ae4d3f1,
zh_pilot_0514,预存返话费惊喜再延续！充多少送多少，多充就多送！当月累计充值（或预存）及办理活动时主账户余额均达到180元，每月承诺58元，连续承诺10个月，即可发送短信“KTCFSF58”至10086参与活动。参与成功后可一次性获赠180元话费，同时从活动生效月起，可连续两个月每月分别获赠70MB国内流量（不含港澳台）。更多档位及活动详情请发送短信“预存返话费”至10086详询。活动限定参与，转发无效。,zh,gitcode_zh_sms_8a104,0,AD,merchant-promo,,,c63af78fa5a1,
zh_pilot_0515,"转账汇款验证码417308。收款人戚佳(329861790213)，金额50,000.00元。请保密并确认本人操作[招商银行]",zh,gitcode_zh_sms_8a104,0,FRAUD,fraud-intent-keywords,,,40921a6937e2,
zh_pilot_0516,不做巴菲特，不做索罗斯，只做涨T板，南易涨T板俱乐部马上将要埋伏在连续三个涨停板的个股，领先一步，步步领先！4006547800【南易基金】,zh,gitcode_zh_sms_8a104,1,NEEDS_REVIEW,spam-unclear,,,4e9eed7ab1a9,
zh_pilot_0517,有房产车辆急用钱？短期应急，当天下款！银行贷款5日下款，贷款中的房可按现市值满成再贷！理财年收益12详询李强406998628【中鼎智德】,zh,gitcode_zh_sms_8a104,1,AD,merchant-promo,,,68bbd0480293,
zh_pilot_0518,88商旅88套餐：88.00元,zh,gitcode_zh_sms_8a104,0,NEEDS_REVIEW,normal-unclear,,,9291f893978f,
zh_pilot_0519,您好；代开增值，普通，服务，建筑，运输，广告等单据，点数低联系人杨15000199208,zh,gitcode_zh_sms_8a104,1,NEEDS_REVIEW,spam-unclear,,,f6961ee5b5ec,
zh_pilot_0520,【支付宝】(2/2) d.alipay.com/z,zh,gitcode_zh_sms_8a104,0,NEEDS_REVIEW,normal-unclear,,,5efd5afcba57,
zh_pilot_0521,点击链接，即可激活您的淘宝账号，完成注册 http://u.m.taobao.com/r/8jqsn3435ms.htm[淘宝网],zh,gitcode_zh_sms_8a104,1,FRAUD,fraud-intent-keywords,,,273d751799c1,
zh_pilot_0522,BMW用户您好：凡5月25日/26日在武汉中达江宝办理车险用户，均可获赠价值5000元大礼包并可参加抽奖赢BMW自行车，惊喜不断，大 奖等着您！18627899715【武汉中达江宝】,zh,gitcode_zh_sms_8a104,1,NEEDS_REVIEW,spam-unclear,,,807805f5226d,
zh_pilot_0523,"我公司贷款500万起，可先放款，并诚招地区代办。缺钱找中金,满足多种用途，轻松解燃眉之急。联系电话:400-684-7772.",zh,gitcode_zh_sms_8a104,1,HARASS,collection/gray/adult/gambling,,,60297b02cee5,
zh_pilot_0524,美媒曝光中国地下空军:不可战胜[搜狐]-中国移动冲浪助手:http://go.10086.cn/nd/mgp/128UcU,zh,gitcode_zh_sms_8a104,1,AD,spam-link-promo-candidate,,,ca88947f04e5,
zh_pilot_0525,"北漂人,蓝Se来信问您要QQ号,点击查看http://youyuan.com/?y=14qlkmQ6e【有缘网】",zh,gitcode_zh_sms_8a104,1,FRAUD,fraud-intent-keywords,,,0b8857357d75,
zh_pilot_0526,★May.小帮★宝宝每天给大人的世界增添了无比的快乐，汇总一起就是妈妈的全世界。在今天这个特殊的日子里，小帮“呀呀呓语”给妈妈们最温馨的祝福：点滴快乐，感谢一路有你！关注最新育儿资讯，敬请前往 pampers.tmall.com【帮宝适天猫旗舰店】,zh,gitcode_zh_sms_8a104,1,NEEDS_REVIEW,spam-unclear,,,7c1343516927,
zh_pilot_0527,站前地标，尚层精筑，开美国际40-138平极致美宅，3990元/平起。6246666打电话抽大奖，苹果iphone5、豆浆机、电水壶等你拿,zh,gitcode_zh_sms_8a104,1,NEEDS_REVIEW,spam-unclear,,,042a03da781a,
zh_pilot_0528,天翼桌面！话费、流量实时显示，短信、通讯录永久备份，帮您解决手机小状况造成的大麻烦，最贴心实用的手机管家，下载地址：http://180.3gbc.cn/?a=138727,zh,gitcode_zh_sms_8a104,1,TRANSACTION,account/order/auth/logistics-result,,,33bb50ab0371,
zh_pilot_0529,还在担心骚扰电话，隐私泄漏么？让“360手机安全卫士”为你保驾护航吧，一键式安全扫描，手机加速，为您带来全方位隐私保护，让手机卸掉重担，运转如飞！亲，联通用户免流量费下载哟！下载地址：       http://hao.hb165.com/i/1/VwFBPbhF,zh,gitcode_zh_sms_8a104,1,AD,spam-link-promo-candidate,,,e0efd08c9f7f,
zh_pilot_0530,微信可以用语音发短信，挺简单的，推荐你用一下。下载地址: http://weixin.qq.com/m ，记得安装后加我的微信号: wxid_q45nrlotc1ri22陈,zh,gitcode_zh_sms_8a104,1,AD,spam-link-promo-candidate,,,94015c60051f,
zh_pilot_0531,今日午盘带学员以15.7左右介入【300223北京君正】明日将炫目拉升，与庄同步共襄盛举！咨询专线：18070269415【赢富投 资】,zh,gitcode_zh_sms_8a104,1,NEEDS_REVIEW,spam-unclear,,,0434ec0df4cb,
zh_pilot_0532,移动微博调查:你最喜欢哪个话题？A黄金价格走势，B戛纳电影节，C毕业季，回复参与抽奖，礼品详情http://139url.cn/9jef6g,zh,gitcode_zh_sms_8a104,1,AD,spam-link-promo-candidate,,,c2b1778d8ecc,
zh_pilot_0533,5月24－26日国美和谐广场店联手创维彩电惊世钜惠，享三重补贴，更有订金翻倍用再增8GU盘，42吋3D智能网络LED补贴后2999元，47吋3D智能网络LED补贴后3799元，55吋健康云电视补贴后6599元，58吋健康云电视补贴后5999元，详情咨询81615398【创维集团】,zh,gitcode_zh_sms_8a104,1,NEEDS_REVIEW,spam-unclear,,,3496bc587dc5,
zh_pilot_0534,好消息！www.328282.com同花顺娱乐城真人在线赌博；百家乐，皇冠体彩，时时彩，六合彩投注，注册开户即送28元，百万提款五分钟到帐。,zh,gitcode_zh_sms_8a104,1,AD,spam-link-promo-candidate,,,f4785ec38643,
zh_pilot_0535,"【买4G就上www.10010.com】""",zh,gitcode_zh_sms_8a104,0,NEEDS_REVIEW,normal-unclear,,,deb98cee1e4a,
zh_pilot_0536,川福汉森宫韩国烧烤自助火锅城试营业，特价38元/位畅吃烧烤火锅，29元/位畅吃火锅，150个菜品任选，询85010049[新华中路川福火锅],zh,gitcode_zh_sms_8a104,1,AD,merchant-promo,,,72146be8c586,
zh_pilot_0537,天翼阅读送豪礼，您离大奖只差一步！满5送3，满10送5，阅点免费拿，好书轻松看。还有NOTE2等你抽http://t.cn/zT6JjuL,zh,gitcode_zh_sms_8a104,1,AD,spam-link-promo-candidate,,,7d71c5c0304d,
zh_pilot_0538,奥体东，龙江南【招商雍华府】125平三房，143平四房御制精装大宅全新加推，地暖、中央空调、全厨房电器，河西改善一步到位！86615888,zh,gitcode_zh_sms_8a104,1,NEEDS_REVIEW,spam-unclear,,,ff764c1d0e0c,
zh_pilot_0539,【矩惠】交2万抵4万【假日润园】约76-79 平新品景观楼 王震撼亮相。大品牌更实惠，比比算算，这个地方最划算6455111,zh,gitcode_zh_sms_8a104,1,NEEDS_REVIEW,spam-unclear,,,a0d682a78cdb,
zh_pilot_0540,江苏联通3G晚间随意玩流量包月优惠套餐全新上市，回复1701开通10元包1G省内流量、回复1702开通30元包5G省内流量，晚间时段为每日23点至次日8点。订制立即生效，点击链接也可轻松办理：       http://go.js165.com/i/1/5BzUDjul,zh,gitcode_zh_sms_8a104,1,FRAUD,fraud-intent-keywords,,,2142cf8cbc6d,
zh_pilot_0541,您好，您的天翼3G辅导专员今日向您推荐一个精彩应用【微信】，点击链接 http://yyzl.me/3g/phone/effective?use=18150229923&age=18959313066&batch=17208 即可下载安装！ 如果您不想接到此类型信息，请回复R,zh,gitcode_zh_sms_8a104,1,FRAUD,fraud-intent-keywords,,,6373273a900a,
zh_pilot_0542,建鑫●金海岸C区：离一中更近一步！22#26#95㎡，看江大三房，24日早9点，全城狂欢大抽奖，人人有机会6315999【建鑫地产】,zh,gitcode_zh_sms_8a104,1,NEEDS_REVIEW,spam-unclear,,,ce0c2905bf17,
zh_pilot_0543,田永茂亲，5月22日柯玛妮克品牌团，聚划算震撼开抢，单品低至三折，满减更优惠！包顺丰http://t.cn/h5AdCC 【柯玛妮克】,zh,gitcode_zh_sms_8a104,1,AD,merchant-promo,,,86f1110885e9,
zh_pilot_0544,浦发信用卡祝您生日快乐，如意安康！感谢您对浦发信用卡的支持。【浦发银行】,zh,gitcode_zh_sms_8a104,0,NEEDS_REVIEW,normal-unclear,,,c21fd1016bd2,
zh_pilot_0545,纸袋碰腿北京2孕妇地铁内互殴[人民]-中国移动冲浪助手:http://go.10086.cn/nd/mhd/ra7FU,zh,gitcode_zh_sms_8a104,1,AD,spam-link-promo-candidate,,,acba29da0882,
zh_pilot_0546,最美三月，赏之江醉美华宅。一线山景，5重园林，9年双名校，88-170方多变户型；周末更有钢琴演奏等活动。81060888【佳兆业·玖珑山】,zh,gitcode_zh_sms_8a104,1,NEEDS_REVIEW,spam-unclear,,,3d8e31513e8e,
zh_pilot_0547,想永保年轻漂亮吗？本院运用高科技不开刀，不手术，一次祛除斑，痘，皱纹，眼袋，提升下垂脸，新增女性私密养护。咨询电话84477501,zh,gitcode_zh_sms_8a104,1,NEEDS_REVIEW,spam-unclear,,,c0a0b689fd0b,
zh_pilot_0548,感谢您对12345热线的支持！您可以访问http://www.gn12345.com查询您诉求的办理情况，你的查询密码是6247569。[12345热线],zh,gitcode_zh_sms_8a104,1,AD,merchant-promo,,,8e818c31af17,
zh_pilot_0549,看万达豪宅，赢豪华大礼！凡5月18日至19日至万达公馆售楼处并参观奢装样板房，即可参加整点抽奖，现场还可品美食！询28688888【万达】,zh,gitcode_zh_sms_8a104,1,AD,merchant-promo,,,43859d7de88e,
zh_pilot_0550,"专业办理企业个人信用无抵押/汽车无抵押贷款,汽车/房产抵押贷款.奚经理:18217112192 短信请保留以备不时之需.【中国宜信】",zh,gitcode_zh_sms_8a104,1,HARASS,collection/gray/adult/gambling,,,4f2ebedd4e7f,
zh_pilot_0551,现在买11选5中奖额外送彩金，单注最高奖金580元，别错过！ http://518.qq.com/p?105,zh,gitcode_zh_sms_8a104,1,FRAUD,fraud-intent-keywords,,,866eb37c7448,
zh_pilot_0552,美媒曝光中国地下空军:不可战胜[搜狐]-中国移动冲浪助手:http://go.10086.cn/nd/mgp/15X9pZ,zh,gitcode_zh_sms_8a104,1,AD,spam-link-promo-candidate,,,ca88947f04e5,
zh_pilot_0553,"【买4G就上10010.com】""",zh,gitcode_zh_sms_8a104,0,NEEDS_REVIEW,normal-unclear,,,913ca5e3a07d,
zh_pilot_0554,好信息，我处可以免抵押免担保，息低至0.8-1.5前期无任何费用(10万--300万）贷款有意请电15521319907李生,zh,gitcode_zh_sms_8a104,1,NEEDS_REVIEW,spam-unclear,,,362692093bc4,
zh_pilot_0555,你好，我是[平安银行]信贷部小罗，做无抵押免担保信用贷款的，1_80W办理简单，放款快18121256005，尽请保留。【善兼】,zh,gitcode_zh_sms_8a104,1,HARASS,collection/gray/adult/gambling,,,c7fb2bbb95f5,
zh_pilot_0556,移动微博调查:你最喜欢哪个话题？A黄金价格走势，B戛纳电影节，C毕业季，回复参与抽奖，礼品详情http://139url.cn/9jef6g,zh,gitcode_zh_sms_8a104,1,AD,spam-link-promo-candidate,,,c2b1778d8ecc,
zh_pilot_0557,您好，您的短信验证码是【6387】,zh,gitcode_zh_sms_8a104,0,TRANSACTION,account/order/auth/logistics-result,,,3c14e0172570,
zh_pilot_0558,移动微博调查:你最喜欢哪个话题？A黄金价格走势，B戛纳电影节，C毕业季，回复参与抽奖，礼品详情http://139url.cn/9jef6g,zh,gitcode_zh_sms_8a104,1,AD,spam-link-promo-candidate,,,c2b1778d8ecc,
zh_pilot_0559,中国建行携唯信易贷推出信用贷款，无需任何抵押，无需担保，额度1-100万，最快1天放款。王经理13980858041【唯信易贷】,zh,gitcode_zh_sms_8a104,1,HARASS,collection/gray/adult/gambling,,,3281e6146a50,
zh_pilot_0560,查询余额服务：您的账户余额为47.30元，其中6.0元只可用于冲抵除通信账户支付业务以外的费用。移动官网充值（ www.10086.cn）优惠便捷。感谢您的使用，中国移动。,zh,gitcode_zh_sms_8a104,0,AD,merchant-promo,,,949128a59824,
zh_pilot_0561,企业及个人专业无抵押信用贷款1到80万，汽车贷款无需抵押车子，当天放款，以备后用！王经理：13641777757,zh,gitcode_zh_sms_8a104,1,HARASS,collection/gray/adult/gambling,,,82b7f0a8cb5e,
zh_pilot_0562,我的电话13811168809,zh,gitcode_zh_sms_8a104,0,NEEDS_REVIEW,normal-unclear,,,84a800cf5d74,
zh_pilot_0563,在家可玩转澳门！都坊娱乐城www.3811.com，信誉好提款快，真人百家乐`老虎机`时时彩`体育等赛事投注，开户免费即送体验金298元！,zh,gitcode_zh_sms_8a104,1,AD,spam-link-promo-candidate,,,ff4f9ec79210,
zh_pilot_0564,【南航】您在南航官网购票订单C1406180013084支付成功。9月04日CZ6128航班，北京-大连，预计23:00起飞，请至少提前45分钟前往北京首都机场机场办理乘机手续。陈广大，票号7842134223922。更多信息请访问http://m.csair.com/d/bNreUR或关注南航微信、微博。感谢您选择南航，祝您旅途愉快！,zh,gitcode_zh_sms_8a104,0,TRANSACTION,account/order/auth/logistics-result,,,160562a167ec,
zh_pilot_0565,"澳门网上娱乐有活动啦！真人百家乐,足球投注,时时彩,香港彩48倍,新开户即送体验金58元,首存送30彩金.网址 www.8343.com",zh,gitcode_zh_sms_8a104,1,AD,spam-link-promo-candidate,,,138a6b62bd79,
zh_pilot_0566,"您个人信用卡03月账单￥5,456.77，$0.00，到期还款日03月28日，点 t.cn/zTWP4j4 查明细办分期[招商银行]",zh,gitcode_zh_sms_8a104,0,AD,merchant-promo,,,b6e351f8cf57,
zh_pilot_0567,"全国十大橱柜品牌--中美合资【我乐厨柜】针对融科东南海小区业主样板橱柜招募中，您的服务顾问黄蓉-18874885459,89721747，体验店址：长沙各高端卖场。【我乐厨柜】",zh,gitcode_zh_sms_8a104,1,NEEDS_REVIEW,spam-unclear,,,e8615d097cee,
zh_pilot_0568,今天带学员买进【300223北京君正】明天必强势表现，关注勿追！现招募诚信新学员！提前预留仓位名额专线：0752-3079017【惠金投资】,zh,gitcode_zh_sms_8a104,1,NEEDS_REVIEW,spam-unclear,,,640bdffb6b85,
zh_pilot_0569,便民提示：您的京N119J5车辆将于2015年01月31日达到检验有效期，请您确认涉及车辆的违法行为或交通事故已处理完毕后，持行驶证、车船税纳税或免税凭证、交强险原件和经办人身份证明原件到机动车检测场验车，在办理过程中请不要找非法中介代办，以免上当受骗。我局已开通“网上预约验车”服务，详情可登陆交管局网站（www.bjjtgl.gov.cn）网上车检栏目或拨打“12122”查询，顺祝平安！[北京交管局车管所]。,zh,gitcode_zh_sms_8a104,0,NEEDS_REVIEW,normal-unclear,,,e2d9ca2765f3,
zh_pilot_0570,建鑫●金海岸C区：离一中更近一步！22#26#95㎡，看江大三房，24日早9点，全城狂欢大抽奖，人人有机会6315999【建鑫地产】,zh,gitcode_zh_sms_8a104,1,NEEDS_REVIEW,spam-unclear,,,ce0c2905bf17,
zh_pilot_0571,中信贷款 （1-50w) 无抵押 免担保  年利15 门坎低 下款快 让你从此不再为资金而烦恼 需要请联系：18725116712刘经理,zh,gitcode_zh_sms_8a104,1,HARASS,collection/gray/adult/gambling,,,5c1f597fad49,
zh_pilot_0572,《澳门线上娱乐城》顶级博彩平台真人百家乐.足球.时时彩.彩金天天送，返水1.6，提款三分钟到帐。详情登www.1305678.com查看。,zh,gitcode_zh_sms_8a104,1,AD,spam-link-promo-candidate,,,d2f9c2ee7086,
zh_pilot_0573,"昂展公园里，首付3万起，10首付，最高优惠3万，43-125㎡，高新区地铁旁，仅5套特价房,89371111,89351333",zh,gitcode_zh_sms_8a104,1,AD,merchant-promo,,,eb2edf716cb2,
zh_pilot_0574,"新股发行提示：1月20日申购002718友邦吊顶28.02元/股；002719麦趣尔25.38元/股；002720宏良股份16.18元/股；002722金轮股份7.18元/股；002723金莱特13.38元/股；002725跃岭股份15.36元/股；300379东方通22元/股；300382斯莱克35.15元/股；提请您注意个股申购上限。内容仅供参考,以沪深交易所最新公告为准。【招商证券】",zh,gitcode_zh_sms_8a104,0,NEEDS_REVIEW,normal-unclear,,,3d32f0eab1fc,
zh_pilot_0575,"急用钱吗，有房产/轿车短期借款当日放款。银行借款3-5日批贷，已有银行借款房屋还可贷房屋评估值的100,办大额信用K,详询51291111",zh,gitcode_zh_sms_8a104,1,AD,merchant-promo,,,f274ee3b9e11,
zh_pilot_0576,你好，我是[平安银行]信贷部小罗，做无抵押免担保信用贷款的，1_80W办理简单，放款快18121256005，尽请保留。【善兼】,zh,gitcode_zh_sms_8a104,1,HARASS,collection/gray/adult/gambling,,,c7fb2bbb95f5,
zh_pilot_0577,点击链接即可免费下载http://estoresrvice.189store.com//share/143538,zh,gitcode_zh_sms_8a104,1,FRAUD,fraud-intent-keywords,,,e2ed9c63a019,
zh_pilot_0578,借钱不难！银行推出信用贷、抵押贷、按揭房（不结清）再贷款，手续简便、最快当天放款。不成功无费用。咨询电话：028-66003939【快融】,zh,gitcode_zh_sms_8a104,1,HARASS,collection/gray/adult/gambling,,,8e85dcd666e7,
zh_pilot_0579,【支付宝】张毅夫向你付款100.00元。用支付宝钱包查详情 d.alipay.com/z,zh,gitcode_zh_sms_8a104,0,NEEDS_REVIEW,normal-unclear,,,3616b554a69a,
zh_pilot_0580,江景房！公园边！商圈上！金科世界城【御江】VIP卡抢办倒计时！70-110平江景豪宅任您选，更能参与10万元豪车大抽奖！42660888,zh,gitcode_zh_sms_8a104,1,NEEDS_REVIEW,spam-unclear,,,b6008bb78fa1,
zh_pilot_0581,特别消息！东莞中心铺王，投30万即赚7.2万，5年回本足10倍收益！月月收租，轻轨上盖，龙头商家真功夫等保旺23139986,zh,gitcode_zh_sms_8a104,1,NEEDS_REVIEW,spam-unclear,,,6e150b4b6324,
zh_pilot_0582,商城鑫盛小额贷款有限公司，经河南省人民政府批准成立，方便快捷灵活地办理贷款业务。地址金刚台大道东段。请保存电话7892678【鑫盛小贷】,zh,gitcode_zh_sms_8a104,1,NEEDS_REVIEW,spam-unclear,,,626306dbf63e,
zh_pilot_0583,您爱他（她）吗？爱就带着一起来吧，绿地集团社区活动第二站贵溪发电厂门口5月18、19日我们一起见证爱的时刻6667777【绿地月湖国际星城】,zh,gitcode_zh_sms_8a104,1,NEEDS_REVIEW,spam-unclear,,,f265b61e9132,
zh_pilot_0584,美媒曝光中国地下空军:不可战胜[搜狐]-中国移动冲浪助手:http://go.10086.cn/nd/mgy/17Gb,zh,gitcode_zh_sms_8a104,1,AD,spam-link-promo-candidate,,,ca88947f04e5,
zh_pilot_0585,"急用钱吗，有房产/轿车短期借款当日放款。银行借款3-5日批贷，已有银行借款房屋还可贷房屋评估值的100,办大额信用K,详询51291111",zh,gitcode_zh_sms_8a104,1,AD,merchant-promo,,,f274ee3b9e11,
zh_pilot_0586,恒生Hang Seng:贵公司的商业户口228-XXX557-883已成功开立。未领取户口支票簿、自动理财卡及服务密码之客户，将于一星期内开始收到有关项目或领取通知书。查询EN:21988000,zh,gitcode_zh_sms_8a104,1,NEEDS_REVIEW,spam-unclear,,,8ca397204b39,
zh_pilot_0587,"下班挤公交,??刷微博,????iPhone又没电了!??幸亏买了个移动电源，真不错，随时随地爱机充电。??最棒的是，这电源电量可以充5次iPhone，??真是太逆天了。刚才又去看了一下，??他们家搞【520活动】，今天只要159元包邮！??我可是408元买的啊！限时抢购 http://t.cn/zHZu5p9",zh,gitcode_zh_sms_8a104,1,AD,spam-link-promo-candidate,,,f3b3ffa267b9,
zh_pilot_0588,【当当网】主公：当当店庆并双11，百万图书1—4.9折，送您10元红包买书无门槛抵现，手机首单还能再减！现在下单比别人到货更早！回复TD退订,zh,gitcode_zh_sms_8a104,0,AD,merchant-promo,,,963e409eea0d,
zh_pilot_0589,【天上掉下个Iphone5！】通信助手的众亲们，回对应数字设置优先接收的回执精品资讯：2、健康；4体育；6娱乐。成功设置可参与次月Iphone5和1000元话费抽奖。您还可登录 http://v1x.cn/V2X 设置，访问产生的流量费按标准收费。中国移动,zh,gitcode_zh_sms_8a104,1,TRANSACTION,account/order/auth/logistics-result,,,7df64b8e94cb,
zh_pilot_0590,纸袋碰腿北京2孕妇地铁内互殴[人民]-中国移动冲浪助手:http://go.10086.cn/nd/mgP/VIrMY,zh,gitcode_zh_sms_8a104,1,AD,spam-link-promo-candidate,,,acba29da0882,
zh_pilot_0591,3G小贴士提醒您可不要让您套餐内流量白白浪费了哦，快来体验吧！与您分享‘猴姆独家’艾薇儿新单曲超清mv首播 点击观看流畅版：http://yuny.com.cn:3042/tpo/SU/nUb2qq,zh,gitcode_zh_sms_8a104,1,AD,spam-link-promo-candidate,,,e14cae679fd2,
zh_pilot_0592,点击链接即可免费下载http://estoresrvice.189store.com//share/143538,zh,gitcode_zh_sms_8a104,1,FRAUD,fraud-intent-keywords,,,e2ed9c63a019,
zh_pilot_0593,网友总结公交车易走光的5个座位[搜狐]-中国移动冲浪助手:http://go.10086.cn/nd/mbZ/tqzDQ,zh,gitcode_zh_sms_8a104,1,AD,spam-link-promo-candidate,,,73a4c6ccbe49,
zh_pilot_0594,(7249)嘀嘀打车验证码 .【嘀嘀打车】,zh,gitcode_zh_sms_8a104,0,TRANSACTION,account/order/auth/logistics-result,,,d5f5803b9f6f,
zh_pilot_0595,江苏联通3G晚间随意玩流量包月优惠套餐全新上市，回复1701开通10元包1G省内流量、回复1702开通30元包5G省内流量，晚间时段为每日23点至次日8点。订制立即生效，点击链接也可轻松办理：       http://go.js165.com/i/1/YJzxNdvJ,zh,gitcode_zh_sms_8a104,1,FRAUD,fraud-intent-keywords,,,2142cf8cbc6d,
zh_pilot_0596,万万树四期【东君府MOMA】中央别墅区独栋现 房5月盛放，380-550平赠送300-500庭院，10万抵30万限时优惠4000552261,zh,gitcode_zh_sms_8a104,1,AD,merchant-promo,,,77e8df7e6fb8,
zh_pilot_0597,语音信箱提醒您： 北京的18910951760在10月20日20时04分给您来电并留言，拨打 1259950033 免费收听完整留言。,zh,gitcode_zh_sms_8a104,0,NEEDS_REVIEW,normal-unclear,,,241867cf0dba,
zh_pilot_0598,温馨提示；本公司长期优惠代开国/地税票据，专业房屋租赁，服务业，建筑业，商业等各行业(税票），电；13809053586王小姐，谢谢咨询！,zh,gitcode_zh_sms_8a104,1,AD,merchant-promo,,,f2298c05d547,
zh_pilot_0599,（沧州沃活动二）各位联通沃友，上午好！您的流量如果达到500M以上，有机会获得2000元礼品，达到300M以上，有机会获得1000元礼品；发送短信3G到10655317报名参与抽奖吧！手机看电视哪里看？如何省钱呢？用WAP方式登陆燕赵视界tv.inhe.net，观看视频不收流量费。,zh,gitcode_zh_sms_8a104,1,AD,merchant-promo,,,15a4662a28e0,
zh_pilot_0600,"敦煌公务卡尊享兰州联通""分期零费率，加赠话费或流量""购机优惠，三星S4等多款机型套餐任您选，办理请询18693136077【兰州银行】",zh,gitcode_zh_sms_8a104,1,AD,merchant-promo,,,11da6d58d661,
zh_pilot_0601,你好，建行推出的个人与企业信誉贷5-200万，无需担~保，放款前无费用，需求者请联系：15000482225李经理,zh,gitcode_zh_sms_8a104,1,HARASS,collection/gray/adult/gambling,,,dc0f92c8e117,
zh_pilot_0602,紧邻地铁6号线、朝阳北路，55-89平绝版通透小户型，样板间升级巨献，周末抽奖家电礼包等你来，【金地格林格林】4000303650[房讯通],zh,gitcode_zh_sms_8a104,1,NEEDS_REVIEW,spam-unclear,,,ba23959a95d1,
zh_pilot_0603,28万起【天鹅湖HOLI公馆】精装拎包入住！70年产权任意购！还有5折房大抽奖！热线4000728809,zh,gitcode_zh_sms_8a104,1,AD,merchant-promo,,,980a432ee2f3,
zh_pilot_0604,【优听西安】陕西地区优秀的本土化手机电台，可以通过网络方式播放电台节目，给你带来全新的广播品质。点击链接下载体验：http://189.io/javynn,zh,gitcode_zh_sms_8a104,1,FRAUD,fraud-intent-keywords,,,e62a21b2320c,
zh_pilot_0605,纸袋碰腿北京2孕妇地铁内互殴[人民]-中国移动冲浪助手:http://go.10086.cn/nd/mh9/zVZMC,zh,gitcode_zh_sms_8a104,1,AD,spam-link-promo-candidate,,,acba29da0882,
zh_pilot_0606,顶级信誉葡京国际娱乐城网址：12551255.com首存赠送30线上游戏有足彩、六合采、时时彩、百家乐、股票等，欢迎阁下光临！,zh,gitcode_zh_sms_8a104,1,HARASS,collection/gray/adult/gambling,,,edff312cd3ff,
zh_pilot_0607,想知道他人的通\话和短信吗?只要提\供他的号码就可听到对方通\话和对方短信.询:18279510555 何总,zh,gitcode_zh_sms_8a104,1,NEEDS_REVIEW,spam-unclear,,,8c62cda19770,
zh_pilot_0608,你好，本公司有多余的增值税，商品销售和地税相关面发票均可代开，价格优惠，如有需要或咨询请联系13751155769陈先生,zh,gitcode_zh_sms_8a104,1,AD,merchant-promo,,,876ac53638e3,
zh_pilot_0609,"【盛大网络】重置密码,请输入您的验证码:261800,回复0000屏蔽短信,盛大游戏。",zh,gitcode_zh_sms_8a104,0,TRANSACTION,account/order/auth/logistics-result,,,b8ed103f8ace,
zh_pilot_0610,澳门网上娱乐城：真人百家乐，足球投注，时时彩，港彩1：48，股票T+0，免费试玩，首次充值即送30彩金，网址：www.d5525.com,zh,gitcode_zh_sms_8a104,1,AD,spam-link-promo-candidate,,,ec0a8e0f4659,
zh_pilot_0611,乐享无线城市，五月好运好礼领航！新用户成功注册就抽奖，老朋友幸运号码赢好运。辽宁无线城市诚邀新友、旧交一起来把精彩好礼抱回家！详情点击：http://shenyang.wap.wxcs.cn,zh,gitcode_zh_sms_8a104,1,AD,spam-link-promo-candidate,,,513ee26f0c81,
zh_pilot_0612,城东CBD核心【红星紫郡】，公园中的纯板式高端住宅，全功能户型南北通透，超大面宽，超高得房率。VIP会员启动招募！6198888【红星地产】,zh,gitcode_zh_sms_8a104,1,NEEDS_REVIEW,spam-unclear,,,2f33427220bc,
zh_pilot_0613,Google 帐户 star930721@gmail.com: 密码已更改。请参阅 google.com/password,zh,gitcode_zh_sms_8a104,1,NEEDS_REVIEW,spam-unclear,,,0477438ebcbe,
zh_pilot_0614,"5月26日志邦厨柜庆祝15周年大庆，届时“总部领导亲临放价，总部直供价普惠上海”。我们在光大酒店期待您共赴“盛宴”。报名凭短信进门就送精美礼品、并优先享受“0元拍卖”权。现场订单即可免费砸金蛋，更有机会享受最高4999元免单大|奖，中|奖率100；报名电话：18721004186,志邦小朱",zh,gitcode_zh_sms_8a104,1,AD,merchant-promo,,,973a4370810b,
zh_pilot_0615,美媒曝光中国地下空军:不可战胜[搜狐]-中国移动冲浪助手:http://go.10086.cn/nd/mgG/PX3z0,zh,gitcode_zh_sms_8a104,1,AD,spam-link-promo-candidate,,,ca88947f04e5,
zh_pilot_0616,中考签约【单科速提40分】15天攻克薄弱科目，20天集训核心考点，15天掌握必考题型，外语/省实验名师授课★高效提分56632233【博大】,zh,gitcode_zh_sms_8a104,1,NEEDS_REVIEW,spam-unclear,,,41c0e556406e,
zh_pilot_0617,您尾号7544卡6日20:31网上银行支出299.10元。【工商银行】,zh,gitcode_zh_sms_8a104,0,TRANSACTION,account/order/auth/logistics-result,,,229cefc3084e,
zh_pilot_0618,4 套餐外短信/彩信费：0.30元,zh,gitcode_zh_sms_8a104,0,NEEDS_REVIEW,normal-unclear,,,6ff76191d995,
zh_pilot_0619,人贩因小孩聪明卖不出去，将其与石头装包溺死(图)，详情点击：http://m.zj.com/uni/news/?cid=27&did=925184,zh,gitcode_zh_sms_8a104,1,AD,spam-link-promo-candidate,,,7eb0104ec7a1,
zh_pilot_0620,您账户9068于09月25日12:45网上支付人民币34.00。限时特惠9块9全国包邮 e95555.cn/99。[招商银行],zh,gitcode_zh_sms_8a104,0,NEEDS_REVIEW,normal-unclear,,,00d28c0b3bd4,
zh_pilot_0621,"到美国生宝宝，给孩子一个世界舞台。美国美之宝月子中心中国预定电话：18801818292,4007205868 林女士 网址：www.us-meizhibao.com【澄海投资】",zh,gitcode_zh_sms_8a104,1,AD,spam-link-promo-candidate,,,58c7ca09a879,
zh_pilot_0622,新华快讯：浙江省高级人民法院今对张辉、张高平叔侄冤案作出国家赔偿决定，支付每人国家赔偿金110.57万元。详见 www.xhqm.cn,zh,gitcode_zh_sms_8a104,1,AD,spam-link-promo-candidate,,,91fc597b8ea9,
zh_pilot_0623,(7968)嘀嘀打车验证码 .【嘀嘀打车】,zh,gitcode_zh_sms_8a104,0,TRANSACTION,account/order/auth/logistics-result,,,d5f5803b9f6f,
zh_pilot_0624,【招行惠报】10月前至凯迪拉克4S店分期置换XTS，享招行特供价29.99万，首付8.99万起，还享1年免息！询84271357[招商银行],zh,gitcode_zh_sms_8a104,0,AD,merchant-promo,,,7a71c46ae266,
zh_pilot_0625,【尚学堂】温馨提示:距中考还剩34天，中考名师全日制帮您圈定核心考点，压题冲刺，快速提分！详询：400-040-7797,zh,gitcode_zh_sms_8a104,1,AD,merchant-promo,,,ec409abe9b57,
zh_pilot_0626,"""请回复序号:",zh,gitcode_zh_sms_8a104,0,NEEDS_REVIEW,normal-unclear,,,97838a88b3a9,
zh_pilot_0627,【猎聘网】猎聘秘书台:您22:04未接到猎头刘金山(ID号:LT1045800)的来电15012567807，您可回电或登录网站联系。,zh,gitcode_zh_sms_8a104,0,NEEDS_REVIEW,normal-unclear,,,55bfc253d923,
zh_pilot_0628,贵阳中心教育大盘。大川集团登陆贵阳，白金城一期【剑桥郡】63-111平米户户超大赠送。低首付低门槛，详询8203333,zh,gitcode_zh_sms_8a104,1,AD,merchant-promo,,,50c56949ea66,
zh_pilot_0629,【支付宝】你的支付宝发生1950.00元的交易，校验码：723102，打死都不能告诉别人哦！唯一热线95188,zh,gitcode_zh_sms_8a104,0,TRANSACTION,hard-txn-signal-over-promo-footer,,,551f87e8d0eb,
zh_pilot_0630,"【买4G就上www.10010.com】""",zh,gitcode_zh_sms_8a104,0,NEEDS_REVIEW,normal-unclear,,,deb98cee1e4a,
zh_pilot_0631,我行5月21日起发售“丁香花理财”产品，期限46/140/232/381天，预期年化收益率4.05/4.8/4.95/5.3，最低5万起购。额度有限，售完为止。询：分行65596928、65596988、65596975、天府支行65333212、武侯支行61515833、成华支行62302578、温江支行82729908、双流支行62580051。【成都哈尔滨银行】,zh,gitcode_zh_sms_8a104,1,NEEDS_REVIEW,spam-unclear,,,38c86f89af2e,
zh_pilot_0632,明日520 示爱秘籍网上热传-图[新华]-中国移动冲浪助手:http://go.10086.cn/nd/mdF/nwbos,zh,gitcode_zh_sms_8a104,1,AD,spam-link-promo-candidate,,,962f79d59076,
zh_pilot_0633,【联通热门应用推荐】疯狂斗地主(赢奖)――网络真人对战斗地主，体验秒杀对方的快感！免费下载:http://wostore.cn/I3IRFn,zh,gitcode_zh_sms_8a104,1,AD,spam-link-promo-candidate,,,036d47b605e6,
zh_pilot_0634,温馨提示：截至05月20日18时，您当月套餐内语音通话分钟数已用尽，超出部分将按0.15元/分钟收费。登录联通网上营业厅www.10010.com，查询、交费、充值、方便又实惠!,zh,gitcode_zh_sms_8a104,1,AD,spam-link-promo-candidate,,,f51d0dcdceab,
zh_pilot_0635,今日我机构午盘携资金带领客户介入300223北京君正，明日再拉升，预计再收益5以上。全国合作建仓热线：4000287198【博瑞信息】,zh,gitcode_zh_sms_8a104,1,AD,merchant-promo,,,12a2e6bbd62d,
zh_pilot_0636,移动微博调查:你最喜欢哪个话题？A黄金价格走势，B戛纳电影节，C毕业季，回复参与抽奖，礼品详情http://139url.cn/9jef6g,zh,gitcode_zh_sms_8a104,1,AD,spam-link-promo-candidate,,,c2b1778d8ecc,
zh_pilot_0637,[139邮箱]邮件：[领奖通知]中国移动免费赠您50条短信，回复A立即领取，或登录mail.10086.cn使用，精彩短信专题，还可定时发送,zh,gitcode_zh_sms_8a104,1,FRAUD,fraud-intent-keywords,,,99c026e21047,
zh_pilot_0638,舜大财富广场得风水地段藏风聚气！规划医院偕同候清江财水一脉，金水相生庇佑商业财源滚滚！月付2400元即享旺铺，富养三代62179999,zh,gitcode_zh_sms_8a104,1,NEEDS_REVIEW,spam-unclear,,,1a362f88bfac,
zh_pilot_0639,微信可以用语音发短信，挺简单的，推荐你用一下。下载地址: http://weixin.qq.com/m ，记得安装后加我的微信号: linying1993,zh,gitcode_zh_sms_8a104,1,AD,spam-link-promo-candidate,,,94015c60051f,
zh_pilot_0640,【minicute米乔专卖店】亲宝贝已签收啦，24小时内确认收货，20字+五分好评截图联系客服，即送3元现金（支付宝给你哦），赶快行动吧！,zh,gitcode_zh_sms_8a104,0,TRANSACTION,account/order/auth/logistics-result,,,74c80c8287a1,
zh_pilot_0641,"【买4G就上www.10010.com】""",zh,gitcode_zh_sms_8a104,0,NEEDS_REVIEW,normal-unclear,,,deb98cee1e4a,
zh_pilot_0642,【招商证券】财富早间版：7月CPI同比涨2.3%基本符合市场预期；俄乌关系缓和美股出现强劲反弹。指数以整体强势震荡方式消化前期获利盘，量价关系配合较好，预计短期回调即将结束有望再起升势。低吸券商、消费、高铁、国企改革等优质品种并持股待涨。投资建议仅供参考。,zh,gitcode_zh_sms_8a104,0,NEEDS_REVIEW,normal-unclear,,,bb9508df0f12,
zh_pilot_0643,BMW用户您好：凡5月25日/26日在武汉中达江宝办理车险用户，均可获赠价值5000元大礼包并可参加抽奖赢BMW自行车，惊喜不断，大 奖等着您！18627899715【武汉中达江宝】,zh,gitcode_zh_sms_8a104,1,NEEDS_REVIEW,spam-unclear,,,807805f5226d,
zh_pilot_0644,尊敬的会员，尚品三周年店庆感恩回馈再延一天至21日24点！优惠继续、热力不减！赶快登陆shangpin.com尊享不容错过的精彩![尚品网],zh,gitcode_zh_sms_8a104,1,AD,merchant-promo,,,572978294e6c,
zh_pilot_0645,纸袋碰腿北京2孕妇地铁内互殴[人民]-中国移动冲浪助手:http://go.10086.cn/nd/mh9/AU899,zh,gitcode_zh_sms_8a104,1,AD,spam-link-promo-candidate,,,acba29da0882,
zh_pilot_0646,纸袋碰腿北京2孕妇地铁内互殴[人民]-中国移动冲浪助手:http://go.10086.cn/nd/mh5/GsrFM,zh,gitcode_zh_sms_8a104,1,AD,spam-link-promo-candidate,,,acba29da0882,
zh_pilot_0647,"""尊敬的全球通客户，您2014年03月份话费328.85元，其中：",zh,gitcode_zh_sms_8a104,0,TRANSACTION,account/order/auth/logistics-result,,,c5f5873741af,
zh_pilot_0648,"三年第一次,千纸鹤男装品牌团.就在聚划算21日十点开跳!2.8折起!现金/风扇/空调大奖纷呈!等你哦!http://t.cn/zHwznl8",zh,gitcode_zh_sms_8a104,1,AD,spam-link-promo-candidate,,,48efaa871bf3,
zh_pilot_0649,【北京公共卫生热线】9月20日是全国爱牙日。今年爱牙日的主题是：健康每一天 从爱牙开始。号召居民养成良好的口腔卫生习惯，定期检查防治牙病。,zh,gitcode_zh_sms_8a104,0,AD,merchant-promo,,,951e453c25da,
zh_pilot_0650,【南航】尊敬的陈广大，您乘坐的CZ6128航班登机口已确定，登机口为：33。登机口变更请留意机场服务信息。,zh,gitcode_zh_sms_8a104,0,NEEDS_REVIEW,normal-unclear,,,533fb491610e,
zh_pilot_0651,【手机软件推荐：天下趣闻】一只绵羊跳下悬崖身亡，1500只绵羊随后从同一处悬崖跳下。这是2013年3月发生在土耳其东部城市盖瓦什的一件新鲜事，想知道为什么吗？天下趣闻为你展示出乎意料的世界！点击下载 http://139url.cn/98r6hc,zh,gitcode_zh_sms_8a104,1,AD,spam-link-promo-candidate,,,6cbbcffa125b,
zh_pilot_0652,您尾号7544卡2日19:06网上银行支出164元。【工商银行】,zh,gitcode_zh_sms_8a104,0,TRANSACTION,account/order/auth/logistics-result,,,9a47bdda1a12,
zh_pilot_0653,故障机房:新蓝汛兆维-联通 新蓝汛兆维-BGP .现象:蓝汛割接取消.详情:原定于5月13日 00:00至5月13日 01:00的蓝汛CCP/CCC割接取消，更改时间另行通知，请知悉。【奇虎科技】,zh,gitcode_zh_sms_8a104,0,NEEDS_REVIEW,normal-unclear,,,7a13ce6eef40,
zh_pilot_0654,您尾号4118的信用卡24日12:48网上交易人民币430.00元。10元抢购超值名品 t.cn/8FQv9oD 。[招商银行],zh,gitcode_zh_sms_8a104,0,TRANSACTION,account/order/auth/logistics-result,,,7114ff6c337d,
zh_pilot_0655,乐享无线城市，五月好运好礼领航！新用户成功注册就抽奖，老朋友幸运号码赢好运。辽宁无线城市诚邀新友、旧交一起来把精彩好礼抱回家！详情点击：http://shenyang.wap.wxcs.cn,zh,gitcode_zh_sms_8a104,1,AD,spam-link-promo-candidate,,,513ee26f0c81,
zh_pilot_0656,现在买11选5中奖额外送彩金，单注最高奖金580元，别错过！ http://518.qq.com/p?105,zh,gitcode_zh_sms_8a104,1,FRAUD,fraud-intent-keywords,,,866eb37c7448,
zh_pilot_0657,让苏州大开眼界！九龙仓碧堤半岛销售中心今日震撼公开。英格兰豪华之旅同期启幕，开门红包来即送。一线湖岸别墅、洋房65988888【九龙仓】,zh,gitcode_zh_sms_8a104,1,AD,merchant-promo,,,59672d5e1678,
zh_pilot_0658,你好！本公司可代开各种税票（用票后付款）需要请联系：13967898093刘先生,zh,gitcode_zh_sms_8a104,1,NEEDS_REVIEW,spam-unclear,,,761b02537193,
zh_pilot_0659,开盘热销人气爆棚！现紧急加推！地铁旁88㎡三居，近100得房率，实验二小招生在即，抢到即赚到!到访有礼! 57223005,zh,gitcode_zh_sms_8a104,1,NEEDS_REVIEW,spam-unclear,,,bf2984866d4f,
zh_pilot_0660,丽江酒吧摆千万“艳遇佛”引游客疯狂膜拜，网友争议炸开锅http://180.3gbc.cn/?a=139341,zh,gitcode_zh_sms_8a104,1,AD,spam-link-promo-candidate,,,93e46ffe93f3,
zh_pilot_0661,都坊娱乐城www.3811.com网上真钱博彩，开户即送彩金，体育`彩票`百家乐等游戏，真人游戏24小时不打烊，存取款3分钟即时到帐。,zh,gitcode_zh_sms_8a104,1,AD,spam-link-promo-candidate,,,bacf3d7947ee,
zh_pilot_0662,【京东】国庆神券来袭，全品类1000-50，进口牛奶199-100，更多神券等你抢，登陆 jd.com/PgG7J2 ，回复TD退订,zh,gitcode_zh_sms_8a104,0,NEEDS_REVIEW,normal-unclear,,,9ff009ce7d82,
zh_pilot_0663,"您好：我司可代开房屋租赁,国地通用,增值税等票据(用后付款)咨询电话13816822224张会计 如有打扰尽请谅解！",zh,gitcode_zh_sms_8a104,1,NEEDS_REVIEW,spam-unclear,,,63355b39df85,
zh_pilot_0664,开盘热销人气爆棚！现紧急加推！地铁旁88平三居，近100得房率，实验二小招生在即，抢到即赚到!到访有礼!57222674,zh,gitcode_zh_sms_8a104,1,NEEDS_REVIEW,spam-unclear,,,18b7b584ff79,
zh_pilot_0665,【手机软件推荐：天下趣闻】一只绵羊跳下悬崖身亡，1500只绵羊随后从同一处悬崖跳下。这是2013年3月发生在土耳其东部城市盖瓦什的一件新鲜事，想知道为什么吗？天下趣闻为你展示出乎意料的世界！点击下载 http://139url.cn/98r6hc,zh,gitcode_zh_sms_8a104,1,AD,spam-link-promo-candidate,,,6cbbcffa125b,
zh_pilot_0666,移动微博调查:你最喜欢哪个话题？A黄金价格走势，B戛纳电影节，C毕业季，回复参与抽奖，礼品详情http://139url.cn/9jef6g,zh,gitcode_zh_sms_8a104,1,AD,spam-link-promo-candidate,,,c2b1778d8ecc,
zh_pilot_0667,60天速提120分！重点校名师1 对1剖析失分点，薄弱点、必考点、方法习惯核心突破，针对性解决学习问题27058807【才智】,zh,gitcode_zh_sms_8a104,1,NEEDS_REVIEW,spam-unclear,,,024013bcf7a5,
zh_pilot_0668,移动微博调查:你最喜欢哪个话题？A黄金价格走势，B戛纳电影节，C毕业季，回复参与抽奖，礼品详情http://139url.cn/9jef6g,zh,gitcode_zh_sms_8a104,1,AD,spam-link-promo-candidate,,,c2b1778d8ecc,
zh_pilot_0669,"青岛地区正规银，行无抵压，信誉代款，手续简单，放款快捷，无代前费用，1-50万，费用最低至0,75详情咨询齐经理13165157963",zh,gitcode_zh_sms_8a104,1,HARASS,collection/gray/adult/gambling,,,bd22b5335f7b,
zh_pilot_0670,"下班挤公交,??刷微博,????iPhone又没电了!??幸亏买了个移动电源，真不错，随时随地爱机充电。??最棒的是，这电源电量可以充5次iPhone，??真是太逆天了。刚才又去看了一下，??他们家搞【520活动】，今天只要159元包邮！??我可是408元买的啊！限时抢购 http://t.cn/zHZu5p9",zh,gitcode_zh_sms_8a104,1,AD,spam-link-promo-candidate,,,f3b3ffa267b9,
zh_pilot_0671,【滴滴打车】(2137)滴滴打车验证码,zh,gitcode_zh_sms_8a104,0,TRANSACTION,account/order/auth/logistics-result,,,79de7f9e621f,
zh_pilot_0672,美媒曝光中国地下空军:不可战胜[搜狐]-中国移动冲浪助手:http://go.10086.cn/nd/mgx/14X6rt,zh,gitcode_zh_sms_8a104,1,AD,spam-link-promo-candidate,,,ca88947f04e5,
zh_pilot_0673,乔丹中和店、银河店换季大甩卖，全场商品59元起，4月13日至21日，莫失良机！望新老会员前来选购，电话:8450707/8470707,zh,gitcode_zh_sms_8a104,1,NEEDS_REVIEW,spam-unclear,,,9066ed84f561,
zh_pilot_0674,【阿里旅行·去啊】01-11 21:50大连机场--飞-23:15首都国际机场T2降东方航空MU2311， 订单40919487398已出票，陈广大(票号：781-2482717907)。请提前2小时到达机场办理登机。卖家服务电话：010-52284222，阿里旅行·去啊热线：400-1688-688。【重要提醒】为了您的资金安全，如您收到任何退改签、航班变动短信或电话，请联系淘宝卖家核实。,zh,gitcode_zh_sms_8a104,0,AD,merchant-promo,,,328fd45403aa,
zh_pilot_0675,圣象地板5月26日举行专场团购惠，厂价直供并砸金蛋100中奖，我们坚持品质与环保，圣象是您无忧选择6428686【新余圣象地板】,zh,gitcode_zh_sms_8a104,1,FRAUD,fraud-intent-keywords,,,50122e3f50e7,
zh_pilot_0676,"尊敬的客户：目前您名下尾号为6494的信用卡，其对应账户美元额度调至5,000。工银信用卡【工商银行】",zh,gitcode_zh_sms_8a104,0,TRANSACTION,account/order/auth/logistics-result,,,f666baaac656,
zh_pilot_0677,【天上掉下个Iphone5！】通信助手的众亲们，回对应数字设置优先接收的回执精品资讯：2、健康；4体育；6娱乐。成功设置可参与次月Iphone5和1000元话费抽奖。您还可登录 http://v1x.cn/V2X 设置，访问产生的流量费按标准收费。中国移动,zh,gitcode_zh_sms_8a104,1,TRANSACTION,account/order/auth/logistics-result,,,7df64b8e94cb,
zh_pilot_0678,找工作有奖拿，还能挣工分？拨打“12582”找工作登简历、回复“地区+岗位”搜索岗位，挣工分同时可抽取100元电子券，累积工分可兑话费手机！详询12582,zh,gitcode_zh_sms_8a104,1,AD,merchant-promo,,,0876e876b38d,
zh_pilot_0679,"晟汇：贺上周五建仓600428中远航运,今天现冲高获利9％，请内部客户准备运行出仓.下午建仓专线4006689812金 老 师【晟汇投 资】",zh,gitcode_zh_sms_8a104,1,NEEDS_REVIEW,spam-unclear,,,a57bf23da1f1,
zh_pilot_0680,建鑫●金海岸C区：离一中更近一步！22#26#95㎡，看江大三房，24日早9点，全城狂欢大抽奖，人人有机会6315666【建鑫地产】,zh,gitcode_zh_sms_8a104,1,NEEDS_REVIEW,spam-unclear,,,ce0c2905bf17,
zh_pilot_0681,【招商证券】财富收盘版：如近期短信提示市场整体表现为反复震荡格局，盘中回调为低吸金融地产、消费、国企改革等优质品种提供了机会。仅供参考。,zh,gitcode_zh_sms_8a104,0,NEEDS_REVIEW,normal-unclear,,,2e373ba01a97,
zh_pilot_0682,韩国完美“男神”玄彬5月4日广州浪漫约会SHOW，4月26日前拨打1258070彩铃专线即有机会获得680元档见面会门票2张！打进即刻抽奖！凭此短信在华厦大酒店总票房或国际体育演义中心购票，每购一张980元或两张480元门票，即送玄彬限量版明信片一套，数量有限，先到先得。中国移动,zh,gitcode_zh_sms_8a104,1,AD,merchant-promo,,,2ea48bbf50ab,
zh_pilot_0683,好消息！www.328282.com同花顺娱乐城真人在线赌博；百家乐，皇冠体彩，时时彩，六合彩投注，注册开户即送28元，百万提款五分钟到帐。,zh,gitcode_zh_sms_8a104,1,AD,spam-link-promo-candidate,,,f4785ec38643,
zh_pilot_0684,还在担心骚扰电话，隐私泄漏么？让“360手机安全卫士”为你保驾护航吧，一键式安全扫描，手机加速，为您带来全方位隐私保护，让手机卸掉重担，运转如飞！亲，联通用户免流量费下载哟！下载地址：       http://hao.hb165.com/i/1/ahLOBqap,zh,gitcode_zh_sms_8a104,1,AD,spam-link-promo-candidate,,,e0efd08c9f7f,
zh_pilot_0685,"""截止当前，您的WCDMA(3G)-66元基本套餐A的3G语音50分钟,已使用40分钟,剩余10分钟;3G套餐内流量307200KB,已使用41637KB,剩余265563KB;国内短信240条,已使用6条,剩余234条;可视电话10分钟,已使用0分钟,剩余10分钟;M值6M,已使用0M,剩余6M;T值10T,已使用0T,剩余10T;通信费用请以帐详单为准。",zh,gitcode_zh_sms_8a104,0,TRANSACTION,account/order/auth/logistics-result,,,ed8a19167e3d,
zh_pilot_0686,现在买11选5中奖额外送彩金，单注最高奖金580元，别错过！ http://518.qq.com/p?105,zh,gitcode_zh_sms_8a104,1,FRAUD,fraud-intent-keywords,,,866eb37c7448,
zh_pilot_0687,百安居山东路店6小时盛宴隆重开启，瓷砖1元木门99元知名品牌主材现有活动基础上再打9折，仅限5.24一天，询85806611【百安居】,zh,gitcode_zh_sms_8a104,1,NEEDS_REVIEW,spam-unclear,,,02d3167810dd,
zh_pilot_0688,2013最给力的“发短信、夺宝箱”活动开始啦！回复1-5000000之间任一数字即可参与夺宝，笔记本电脑、数码相机、话费等大奖等您挖，每月1000份奖品等您拿，发个短信试试运气吧。回复字母JP或数字0了解奖品清单！无信息费，短信资费按标准资费收取。,zh,gitcode_zh_sms_8a104,1,TRANSACTION,account/order/auth/logistics-result,,,ead90a613b42,
zh_pilot_0689,特聘香港皇家泰格，打造浮梁一流物管，高清实时彩色摄像安保系统、人车分流、精装入户大堂购房优惠29999元询2600888【金品黄龙湾】,zh,gitcode_zh_sms_8a104,1,AD,merchant-promo,,,2e2ad7b71d31,
zh_pilot_0690,尊敬的姜燕北，2013年10万元存活期只有350元利息，买成现金增利货币基金却能挣4320元收益，足足相差12倍（银河数据）！4月27日七日年化收益率4.895%，4月29日15点前通过直销买入还可享受五一小长假收益。申赎无费用，投资需谨慎【华夏基金】,zh,gitcode_zh_sms_8a104,0,NEEDS_REVIEW,normal-unclear,,,eec9610129ed,
zh_pilot_0691,温馨提示；本公司长期优惠代开国/地税票据，专业房屋租赁，服务业，建筑业，商业等各行业(税票），电；13809053586王小姐，谢谢咨询！,zh,gitcode_zh_sms_8a104,1,AD,merchant-promo,,,f2298c05d547,
zh_pilot_0692,"Hong先生，您好!汇款路线如下：收款人名称: HONG HOUJUN 多币种*储蓄帐戶号码: 003-97189631041 *港币／美元／加元／澳元／坡元／纽元／日元／英镑／瑞郎收款人銀行名称: Standard Chartered Bank (HK) Ltd收款人銀行地址: 388 Kwun Tong Road, Kwun Tong, Hong KongSwift Code: SCBLHKHHXXX",zh,gitcode_zh_sms_8a104,1,FRAUD,fraud-intent-keywords,,,f86518fcaae7,
zh_pilot_0693,移动微博调查:你最喜欢哪个话题？A黄金价格走势，B戛纳电影节，C毕业季，回复参与抽奖，礼品详情http://139url.cn/9jef6g,zh,gitcode_zh_sms_8a104,1,AD,spam-link-promo-candidate,,,c2b1778d8ecc,
zh_pilot_0694,在城心繁华处，私享双水岸静谧生活。【映月清水湾】90—140平米双景观新品火爆热销中！详询87190777,zh,gitcode_zh_sms_8a104,1,AD,merchant-promo,,,31e0a4ba28b4,
zh_pilot_0695,真人真钱斗地主、牛牛、扎金花等火爆游戏尽在中华棋牌网，每天三场游戏比赛奖金5888元，资金兑换5分钟到帐，详情登入www.zh444.com,zh,gitcode_zh_sms_8a104,1,FRAUD,fraud-intent-keywords,,,4f32f39f54fa,
zh_pilot_0696,【天上掉下个Iphone5！】通信助手的众亲们，回对应数字设置优先接收的回执精品资讯：2、健康；4体育；6娱乐。成功设置可参与次月Iphone5和1000元话费抽奖。您还可登录 http://v1x.cn/V2X 设置，访问产生的流量费按标准收费。中国移动,zh,gitcode_zh_sms_8a104,1,TRANSACTION,account/order/auth/logistics-result,,,7df64b8e94cb,
zh_pilot_0697,恭喜您被浙江卫视《中国梦想秀》栏目组抽选为场外幸运用户，荣获梦想基金和苹果笔记本电脑。请登入www.mxxbn.com领取，验证码5188,zh,gitcode_zh_sms_8a104,1,TRANSACTION,account/order/auth/logistics-result,,,7930dbbc205a,
zh_pilot_0698,路虎、金条，都是你的!西北黄金实盘大赛开赛啦!第一名即可赢取路虎揽胜极光，另有金条等各种好礼等你拿，详情回复“8”或询18667106855,zh,gitcode_zh_sms_8a104,1,NEEDS_REVIEW,spam-unclear,,,61b898ae30b1,
zh_pilot_0699,学区房！送装修！浔阳核心！会自动降温的房子【正阳阁】清凉上市，1000减50000VIP火爆办理中13979274685【满庭春】,zh,gitcode_zh_sms_8a104,1,NEEDS_REVIEW,spam-unclear,,,88458cf25f03,
zh_pilot_0700,5月17一19日王野高仕富士达电动车三大厂商联合出击，万人空巷抢3天旧车最低折1000以旧换新798西北大操场8303855【王野电动车】,zh,gitcode_zh_sms_8a104,1,NEEDS_REVIEW,spam-unclear,,,1e7c3f8a1979,
zh_pilot_0701,探秘中国唯一核武器生产单位[搜狐]-中国移动冲浪助手:http://go.10086.cn/nd/mf4/T9BsR,zh,gitcode_zh_sms_8a104,1,AD,spam-link-promo-candidate,,,f2f5d251f5a9,
zh_pilot_0702,"【买4G就上www.10010.com】""",zh,gitcode_zh_sms_8a104,0,NEEDS_REVIEW,normal-unclear,,,deb98cee1e4a,
zh_pilot_0703,查流量？查详单？登录联通手机厅，一键全实现！更有机会抽取iPhone、iPad！发送406至10010即可下载客户端！3G用户免流量费哦！,zh,gitcode_zh_sms_8a104,1,NEEDS_REVIEW,spam-unclear,,,5cd444bf0049,
zh_pilot_0704,招商银行大众版网上支付验证码：818565。支付金额56.80元。请勿将验证码告知他人并确认支付网址为合法的招商银行网址！[招商银行],zh,gitcode_zh_sms_8a104,0,TRANSACTION,account/order/auth/logistics-result,,,f608c613a7cd,
zh_pilot_0705,名师一对一，针对期末考试进行知识系统梳理，抓重点攻考点，提高学习效率，快速提升孩子成绩！详询4000878322【乐恩特教育】,zh,gitcode_zh_sms_8a104,1,AD,merchant-promo,,,e86427968a5b,
zh_pilot_0706,06月05日12:32，您使用支付宝付款501.00元。付款校验码：216629[任何人向您索取校验码均为诈骗，请勿泄露]。【支付宝】,zh,gitcode_zh_sms_8a104,0,TRANSACTION,account/order/auth/logistics-result,,,7711af651b9c,
zh_pilot_0707,宅男女神柳岩倾力推荐灵犀车载版本上线啦，即日起至5月31日，下载和更新就有机会获得三星note2以及柳岩签名礼品，点击 http://lingxi.voicecloud.cn 下载，中奖查询请关注灵犀官方微博。,zh,gitcode_zh_sms_8a104,1,FRAUD,fraud-intent-keywords,,,2a963c32323a,
zh_pilot_0708,【支付宝】校验码：356706，切勿泄漏给他人，如非本人操作，建议及时修改账号密码。,zh,gitcode_zh_sms_8a104,0,TRANSACTION,account/order/auth/logistics-result,,,e379d062e26c,
zh_pilot_0709,今带学员建【300223北京君正】明拉 升绝对精彩必涨5以上！现广泛招收散户与庄共舞！报名预约明牛股电020-29126488【锦鸿理财】,zh,gitcode_zh_sms_8a104,1,AD,merchant-promo,,,68f901820536,
zh_pilot_0710,美媒曝光中国地下空军:不可战胜[搜狐]-中国移动冲浪助手:http://go.10086.cn/nd/mgp/175KLA,zh,gitcode_zh_sms_8a104,1,AD,spam-link-promo-candidate,,,ca88947f04e5,
zh_pilot_0711,中国工行携融易贷推出信用贷款，无需任何抵押，无需担保，额度1-100万，最快1天放款。宋经理15928986694【融宜贷】,zh,gitcode_zh_sms_8a104,1,HARASS,collection/gray/adult/gambling,,,9a568b38f807,
zh_pilot_0712,【手机软件推荐：天下趣闻】一只绵羊跳下悬崖身亡，1500只绵羊随后从同一处悬崖跳下。这是2013年3月发生在土耳其东部城市盖瓦什的一件新鲜事，想知道为什么吗？天下趣闻为你展示出乎意料的世界！点击下载 http://139url.cn/98r6hc,zh,gitcode_zh_sms_8a104,1,AD,spam-link-promo-candidate,,,6cbbcffa125b,
zh_pilot_0713,丽江酒吧摆千万“艳遇佛”引游客疯狂膜拜，网友争议炸开锅http://180.3gbc.cn/?a=139341,zh,gitcode_zh_sms_8a104,1,AD,spam-link-promo-candidate,,,93e46ffe93f3,
zh_pilot_0714,【星座空间】流言蜚语伤不起，有时候小小的几句话就能让你遍体鳞伤！12星座的你会如何看待流言蜚语呢，是无动于衷，还是奋力还击？免费阅读请点击： Url:http://wap.cmread.com/iread/m/M6012068,zh,gitcode_zh_sms_8a104,1,AD,spam-link-promo-candidate,,,a28f379ad207,
zh_pilot_0715,740885（大众点评网手机动态码，请完成验证）， 如非本人操作，请忽略本短信。【大众点评】,zh,gitcode_zh_sms_8a104,0,TRANSACTION,account/order/auth/logistics-result,,,64b1c95c32a3,
zh_pilot_0716,来海边，换一种活法。首创龙湾唯一海岸公馆，60-200㎡，拥葫芦岛最豪华8.4米高精装大堂，贵宾垂询8228888【首创龙湾售楼处】,zh,gitcode_zh_sms_8a104,1,AD,merchant-promo,,,e84c0dc3fa82,
zh_pilot_0717,现在买11选5中奖额外送彩金，单注最高奖金580元，别错过！ http://518.qq.com/p?105,zh,gitcode_zh_sms_8a104,1,FRAUD,fraud-intent-keywords,,,866eb37c7448,
zh_pilot_0718,"尊敬的用户:您的第058期的④碼资料已更新,请登入www.660989.com查看,会员号:802 密码:3355",zh,gitcode_zh_sms_8a104,1,AD,spam-link-promo-candidate,,,1fb0bd53642b,
zh_pilot_0719,移动微博调查:你最喜欢哪个话题？A黄金价格走势，B戛纳电影节，C毕业季，回复参与抽奖，礼品详情http://139url.cn/9jef6g,zh,gitcode_zh_sms_8a104,1,AD,spam-link-promo-candidate,,,c2b1778d8ecc,
zh_pilot_0720,百慧学校景华路校区即日起到暑假开始前，所有科目（一对一除外）全部免费，书店所售书籍全部打折。电话：65080111 65080789。,zh,gitcode_zh_sms_8a104,1,AD,merchant-promo,,,5ad8d14efb1f,
zh_pilot_0721,"尊敬的用户:您的第058期的④碼资料已更新,请登入www.660989.com查看,会员号:802 密码:3355",zh,gitcode_zh_sms_8a104,1,AD,spam-link-promo-candidate,,,1fb0bd53642b,
zh_pilot_0722,铭奥国际5.8日耀世开~盘，邀您共享铭奥优惠月，当日10时到铭奥营销中心购~房可参加抽~奖活动更有豪礼等您拿56662678/789【铭奥】,zh,gitcode_zh_sms_8a104,1,AD,merchant-promo,,,135b6ffd5f5b,
zh_pilot_0723,西安交大管院MBA研修班正在接受报名，如有学习计划，请来校或来电咨询报名:82225705张老师，MPA及央视樊登老师公开课同期热招【交大】,zh,gitcode_zh_sms_8a104,1,AD,merchant-promo,,,22c6548622ef,
zh_pilot_0724,【快的打车】圣诞福利到！小快快请您打车，特送上10元圣诞红包。快的打车，百发百中，巨额补贴包您打到车，平安夜+圣诞节打不到车就送钱！,zh,gitcode_zh_sms_8a104,0,AD,merchant-promo,,,f32f8e03ae87,
zh_pilot_0725,市府西，颐贤里清盘倒计时！107-145平经典户型！品牌国企，低密住区！稀有席位，入住体北最后机会，错过再无！闫秋13752727787,zh,gitcode_zh_sms_8a104,1,NEEDS_REVIEW,spam-unclear,,,da8b91a4a8b1,
zh_pilot_0726,建鑫●金海岸C区：离一中更近一步！22#26#95㎡，看江大三房，24日早9点，全城狂欢大抽奖，人人有机会6315666【建鑫地产】,zh,gitcode_zh_sms_8a104,1,NEEDS_REVIEW,spam-unclear,,,ce0c2905bf17,
zh_pilot_0727,"687135(微信支付验证码,请勿泄露),您于19:42使用尾号7544的工商银行卡发起交易2.70元【财付通】",zh,gitcode_zh_sms_8a104,0,TRANSACTION,account/order/auth/logistics-result,,,3d0f736bbc12,
zh_pilot_0728,有房产/轿车急用钱？短期借款当日放，银行贷款5日批贷/有房款可按7成至满成二次贷款。热线010-51291888,zh,gitcode_zh_sms_8a104,1,AD,merchant-promo,,,8a514c5e23c3,
zh_pilot_0729,美媒曝光中国地下空军:不可战胜[搜狐]-中国移动冲浪助手:http://go.10086.cn/nd/mgp/117TIi,zh,gitcode_zh_sms_8a104,1,AD,spam-link-promo-candidate,,,ca88947f04e5,
zh_pilot_0730,"4.8折起，Travelzoo旅游族独家特供嗨友会3款五星酒店两日游特惠套餐，仅售两周，详情登录club.1hai.cn,咨询电话4008886757【一嗨租车】",zh,gitcode_zh_sms_8a104,1,AD,merchant-promo,,,7c986df5598b,
zh_pilot_0731,美媒曝光中国地下空军:不可战胜[搜狐]-中国移动冲浪助手:http://go.10086.cn/nd/mgp/12m6Dq,zh,gitcode_zh_sms_8a104,1,AD,spam-link-promo-candidate,,,ca88947f04e5,
zh_pilot_0732,纸袋碰腿北京2孕妇地铁内互殴[人民]-中国移动冲浪助手:http://go.10086.cn/nd/mgV/NRqdK,zh,gitcode_zh_sms_8a104,1,AD,spam-link-promo-candidate,,,acba29da0882,
zh_pilot_0733,来访送食用油，认|筹送大礼！珞狮南第一名盘—中建水岸公馆，仅5千多起价，享76-151平双层挑高买一层送一层4006031277,zh,gitcode_zh_sms_8a104,1,NEEDS_REVIEW,spam-unclear,,,e7a9e3a4db54,
zh_pilot_0734,专家呼吁增设春夏小长假[新浪]-中国移动冲浪助手:http://go.10086.cn/nd/meW/KQJoC,zh,gitcode_zh_sms_8a104,1,AD,spam-link-promo-candidate,,,f8dac30f3504,
zh_pilot_0735,额度紧，贷款难？找平安！平安易贷险助您从银行获取无抵押贷款，月入3000即可，最快1天放款，详询10100000或回复Y【中国平安】,zh,gitcode_zh_sms_8a104,1,AD,merchant-promo,,,938763cab559,
zh_pilot_0736,有人富贵有人平凡，想知道你命里有几座金山？想看你今年是否命犯桃花？回21加8位出生日期（如2119810527）生活娱乐为您探知蛇年开运法2,zh,gitcode_zh_sms_8a104,1,NEEDS_REVIEW,spam-unclear,,,115755ed5b22,
zh_pilot_0737,额度紧，贷款难？找平安！平安易贷险助您从银行获取无抵押贷款，月入3000即可，最快1天放款，详询10100000或回复Y【中国平安】,zh,gitcode_zh_sms_8a104,1,AD,merchant-promo,,,938763cab559,
zh_pilot_0738,您好；本公司长期有正规税票向外代开，点数优惠，需要请联系；15996278556 徐经理,zh,gitcode_zh_sms_8a104,1,AD,merchant-promo,,,2c3223ddf797,
zh_pilot_0739,全友家私5月17~19第五届沙发节开幕，全场产品5折起售，部分样品家具超低价销售！招聘导购数名，曲沃法院对面，详询：3541800,zh,gitcode_zh_sms_8a104,1,AD,merchant-promo,,,6791d27f91d5,
zh_pilot_0740,您好；代开增值，普通，服务，建筑，运输，广告等单据，点数低联系人杨15000199208,zh,gitcode_zh_sms_8a104,1,NEEDS_REVIEW,spam-unclear,,,f6961ee5b5ec,
zh_pilot_0741,"澳门网上娱乐有活动啦！真人百家乐,足球投注,时时彩,香港彩48倍,新开户即送体验金58元,首存送30彩金.网址 www.8343.com",zh,gitcode_zh_sms_8a104,1,AD,spam-link-promo-candidate,,,138a6b62bd79,
zh_pilot_0742,胡昊奇好奇:星期五考试你把密码告诉下我吧还有学号,zh,gitcode_zh_sms_8a104,1,NEEDS_REVIEW,spam-unclear,,,1df866124cfb,
zh_pilot_0743,100份iphone5苹果笔记本等大奖抽不停！2000份豪礼给力送！鹿城江景大盘，中梁外滩首府28日展厅开放85557777【中梁外滩首府】,zh,gitcode_zh_sms_8a104,1,NEEDS_REVIEW,spam-unclear,,,c250abecdb2a,
zh_pilot_0744,开 盘热 销人气爆棚！现紧急加推！地铁旁88平三居，近100得房率，实验二小招生在即，抢到即赚到!到访有礼! 57223005,zh,gitcode_zh_sms_8a104,1,NEEDS_REVIEW,spam-unclear,,,18b7b584ff79,
zh_pilot_0745,额度紧，贷款难？找平安！平安易贷险助您从银行获取无抵押贷款，月入3000即可，最快1天放款，详询10100000或回复Y【中国平安】,zh,gitcode_zh_sms_8a104,1,AD,merchant-promo,,,938763cab559,
zh_pilot_0746,喜讯：金都国际城 邀您免费参加全城幸运大抽奖！您不要错过三期实景多层，最后让利开盘！开盘送家电，买房必升值！5139099，6829555,zh,gitcode_zh_sms_8a104,1,NEEDS_REVIEW,spam-unclear,,,82cb82b56826,
zh_pilot_0747,今15元建【300223】明主力进入必涨5！我司做庄控股，今买明卖，稳定收益！切勿错失赚钱最佳良机，内线电4006330658【广福基金】,zh,gitcode_zh_sms_8a104,1,NEEDS_REVIEW,spam-unclear,,,160d394b97db,
zh_pilot_0748,全市最低价！精装2元肉条10送1，爱宠乐专供零食五送一、快乐摇尾妙鲜包五送一、犬洗澡美容半价，电话57904762【亲宠假日】,zh,gitcode_zh_sms_8a104,1,AD,merchant-promo,,,96615a601155,
zh_pilot_0749,盘点公交咸猪手三特征 网友支猛招[腾讯]-中国移动冲浪助手:Url:go.10086.cn/np/mga/lUkRF,zh,gitcode_zh_sms_8a104,1,NEEDS_REVIEW,spam-unclear,,,1e051fd13c67,
zh_pilot_0750,买房送精装，拎包入住！146-177㎡现房热销，5月1日-6月30日购房享“城市人家”专业精装，先到先得4653999 4662666,zh,gitcode_zh_sms_8a104,1,NEEDS_REVIEW,spam-unclear,,,f0bb8fde00df,
zh_pilot_0751,"我公司贷款500万起，可先放款，并诚招地区代办。缺钱找中金,满足多种用途，轻松解燃眉之急。联系电话:400-648-7772.",zh,gitcode_zh_sms_8a104,1,HARASS,collection/gray/adult/gambling,,,60297b02cee5,
zh_pilot_0752,盘点公交咸猪手三特征 网友支猛招[腾讯]-中国移动冲浪助手:http://go.10086.cn/nd/mg8/bDXhx,zh,gitcode_zh_sms_8a104,1,AD,spam-link-promo-candidate,,,70ee5a7620c5,
zh_pilot_0753,纸袋碰腿北京2孕妇地铁内互殴[人民]-中国移动冲浪助手:http://go.10086.cn/nd/mhd/iD76v,zh,gitcode_zh_sms_8a104,1,AD,spam-link-promo-candidate,,,acba29da0882,
zh_pilot_0754,验证码:5658【高德】,zh,gitcode_zh_sms_8a104,0,TRANSACTION,account/order/auth/logistics-result,,,90b7c82f097f,
zh_pilot_0755,"尊敬的姜燕北先生，您的凤凰知音""里程账户已升级为12位（CA005577362903），原卡可继续持有和使用。感谢您于2014年05月09日消费12000公里，兑换2014年05月11日北京-杭州奖励机票一张，账户余额28341公里。详情请登录""凤凰知音""网站查询，您也可致电国航服务热线95583或会员服务热线4006100666。【中国国航】""",zh,gitcode_zh_sms_8a104,0,AD,merchant-promo,,,2afbf911a759,
zh_pilot_0756,「江音·国际」代开正规税票，建材/设备/园林/广告/设计/住宿/办公等發票。13512331235陈然『专业·速办』,zh,gitcode_zh_sms_8a104,1,NEEDS_REVIEW,spam-unclear,,,aa1d67ada9c7,
zh_pilot_0757,5月，去武汉北看铺，来访即有机会抽奖中铺子！首付10万买铺，年收租2万，5年回本！免费热线400-027-5886【融园.中国家具第一城】,zh,gitcode_zh_sms_8a104,1,AD,merchant-promo,,,a0099d5645fa,
zh_pilot_0758,有人富贵有人平凡，想知道你命里有几座金山？想看你今年是否命犯桃花？回21加8位出生日期（如2119810527）生活娱乐为您探知蛇年开运法2,zh,gitcode_zh_sms_8a104,1,NEEDS_REVIEW,spam-unclear,,,115755ed5b22,
zh_pilot_0759,【猎聘网】猎聘秘书台:13:04与您通话的是猎头李筱(ID号:LT1379098)可登录网站查询联系.请您回复短信对此次通话进行评价，1为满意，2为一般，3为不满意。,zh,gitcode_zh_sms_8a104,0,NEEDS_REVIEW,normal-unclear,,,93abac867209,
zh_pilot_0760,9天决定70年【龙湖花千树】开盘在即，价格劲爆。龙湖地产品牌，四室全南向，南北通透东北罕有户型，首开房源有限，紧急认筹排号中26206666,zh,gitcode_zh_sms_8a104,1,NEEDS_REVIEW,spam-unclear,,,fdf0043d05ee,
zh_pilot_0761,并非成功人士独享，最火爆的全民投资产品【喜达华庭】！稳收12％真实高回报，提前享精装补贴！开盘在即，数量不多，抢票子咯02862030999,zh,gitcode_zh_sms_8a104,1,NEEDS_REVIEW,spam-unclear,,,e8ed8f1a30f0,
zh_pilot_0762,今带学员建【300223北京君正】明拉 升绝对精彩必涨5以上！现广泛招收散户与庄共舞！报名预约明牛股电020-29126488【锦鸿理财】,zh,gitcode_zh_sms_8a104,1,AD,merchant-promo,,,68f901820536,
zh_pilot_0763,想换iPhone5？想要iPad Mini？沃游戏“一起耍大牌”活动火热上线，斗地主，搓麻将，打牌还有奖品拿，还不快来下载参赛http://wostore.cn/zMnMVr,zh,gitcode_zh_sms_8a104,1,AD,merchant-promo,,,200efa11a94c,
zh_pilot_0764,建鑫●金海岸C区：离一中更近一步！22#26#95㎡，看江大三房，24日早9点，全城狂欢大抽奖，人人有机会6315999【建鑫地产】,zh,gitcode_zh_sms_8a104,1,NEEDS_REVIEW,spam-unclear,,,ce0c2905bf17,
zh_pilot_0765,你好，中信集团长期在本地发放小额贷款，免抵押，免担保，年息15， 当天办理可放款。联；13857719563.刘经理。,zh,gitcode_zh_sms_8a104,1,HARASS,collection/gray/adult/gambling,,,b474a484aa1a,
zh_pilot_0766,5天狂卖50套！国际城南地铁一号线上盖金铺【南集86广场】低门槛，高收益，买即爆赚！前期定制，开盘即涨。席位有限，欲购从速！66666999,zh,gitcode_zh_sms_8a104,1,NEEDS_REVIEW,spam-unclear,,,4cc83ae04c20,
zh_pilot_0767,手机照片太多内存不足？使用天翼云，即获15G免费空间，相册自动备份，让手机拍照无忧无虑！体验地址 http://t.cn/zW8Vhat,zh,gitcode_zh_sms_8a104,1,AD,spam-link-promo-candidate,,,1aa1d16cfefe,
zh_pilot_0768,曝王晶22岁爱女开睡衣派对，与嫩模贴面热吻！请看“最多观看”视频： http://t.cn/zH2Pgpk 全省观看免流量费。另，现在到联通营业厅下载软件可获赠500M省内流量，赶快行动吧！,zh,gitcode_zh_sms_8a104,1,AD,spam-link-promo-candidate,,,91b9b2472d78,
zh_pilot_0769,美媒曝光中国地下空军:不可战胜[搜狐]-中国移动冲浪助手:http://go.10086.cn/nd/mgp/SbXfS,zh,gitcode_zh_sms_8a104,1,AD,spam-link-promo-candidate,,,ca88947f04e5,
zh_pilot_0770,易站帮您的iPhone个性化升级，享受抖动解锁、免费购买游戏装备、节电40％等更多酷炫功能。华纺易城19号楼十号底商58777645,zh,gitcode_zh_sms_8a104,1,NEEDS_REVIEW,spam-unclear,,,b63fd1484f5d,
zh_pilot_0771,"""截止当前，您的WCDMA(3G)-66元基本套餐A的3G语音50分钟,已使用40分钟,剩余10分钟;3G套餐内流量307200KB,已使用64095KB,剩余243105KB;国内短信240条,已使用6条,剩余234条;可视电话10分钟,已使用0分钟,剩余10分钟;M值6M,已使用0M,剩余6M;T值10T,已使用0T,剩余10T;通信费用请以帐详单为准。",zh,gitcode_zh_sms_8a104,0,TRANSACTION,account/order/auth/logistics-result,,,ed8a19167e3d,
zh_pilot_0772,回复任意数字，仅需6个积分/M值即可参与抽奖，赢最高价值408元的a gogo自助KTV3小时欢唱（任意时段均可）！共60个名额！未中奖用户可享凌晨档1元欢唱至打烊！详见http://tuan.12580777.com ，微信加12580商户联盟，惊喜不断【12580商户联盟】,zh,gitcode_zh_sms_8a104,1,FRAUD,fraud-intent-keywords,,,f550d3ab563f,
zh_pilot_0773,永兴购物中心即将开业！实体金铺正在招租，价格低，品种全，一站式购物。并诚招各岗位工作人员若干名！电话：18232712211 2915092,zh,gitcode_zh_sms_8a104,1,AD,merchant-promo,,,829a274920cc,
zh_pilot_0774,"""【招商证券】大盘再有惊人表现，创新高收长阳站上了3000点整数关口，从政策面、趋势、及量能上看，上攻脚步暂时没有结束迹象。牛市来临已无悬念，投资者应尽快转变操作思路，以持股待涨为主，手中有券商、银行的不要轻易卖掉。个人观点仅供参考。",zh,gitcode_zh_sms_8a104,0,NEEDS_REVIEW,normal-unclear,,,cb542f39c11e,
zh_pilot_0775,qian1160724670请打开此链接以重置您的密码：https://account.nokia.com/acct/r?id=s6YDRtL107&lang=zh,zh,gitcode_zh_sms_8a104,1,AD,spam-link-promo-candidate,,,7ad8edf06713,
zh_pilot_0776,海淀与昌平交接处，210-650平米独栋别墅，本周特价180万/套起！70年产权，更有私家花园、露台赠送。热线: 56109000,zh,gitcode_zh_sms_8a104,1,AD,merchant-promo,,,a8d2d2456c0c,
zh_pilot_0777,你好，我行为企业，个人提供小额贷款，方便快捷，当天放款，有意详询，13925571726杨经理。,zh,gitcode_zh_sms_8a104,1,AD,merchant-promo,,,1044d2334b43,
zh_pilot_0778,【联通热门应用推荐】疯狂斗地主(赢奖)――网络真人对战斗地主，体验秒杀对方的快感！免费下载:http://wostore.cn/I3IRFn,zh,gitcode_zh_sms_8a104,1,AD,spam-link-promo-candidate,,,036d47b605e6,
zh_pilot_0779,急用钱，找证大！证大财富为您提供?专业银行无抵押无担保信用贷款，3天下款，不收任何费用！详询：138-518-59923沈【证大财富】,zh,gitcode_zh_sms_8a104,1,AD,merchant-promo,,,45ad12470013,
zh_pilot_0780,一年一次“全利出击，京东福利大放送“火爆开启，2张不限品类优惠券已发至您的账户，5.20-5.31领取使用有效，快来登录领取吧！[京东],zh,gitcode_zh_sms_8a104,1,AD,merchant-promo,,,6f50142c4916,
zh_pilot_0781,宅男女神柳岩倾力推荐灵犀车载版本上线啦，即日起至5月31日，下载和更新就有机会获得三星note2以及柳岩签名礼品，点击 http://lingxi.voicecloud.cn 下载，中奖查询请关注灵犀官方微博。,zh,gitcode_zh_sms_8a104,1,FRAUD,fraud-intent-keywords,,,2a963c32323a,
zh_pilot_0782,美媒曝光中国地下空军:不可战胜[搜狐]-中国移动冲浪助手:http://go.10086.cn/nd/mgB/VtYfr,zh,gitcode_zh_sms_8a104,1,AD,spam-link-promo-candidate,,,ca88947f04e5,
zh_pilot_0783,江湖上的事情太多，能让人永远记住的事却太少。5月18日，淘宝贷款全线产品75折！嗨金秘籍已惊现江湖，详情请登录518.taobao.com,zh,gitcode_zh_sms_8a104,1,NEEDS_REVIEW,spam-unclear,,,492c3403c5a5,
zh_pilot_0784,移动微博调查:你最喜欢哪个话题？A黄金价格走势，B戛纳电影节，C毕业季，回复参与抽奖，礼品详情http://139url.cn/9jef6g,zh,gitcode_zh_sms_8a104,1,AD,spam-link-promo-candidate,,,c2b1778d8ecc,
zh_pilot_0785,江苏联通3G晚间随意玩流量包月优惠套餐全新上市，回复1701开通10元包1G省内流量、回复1702开通30元包5G省内流量，晚间时段为每日23点至次日8点。订制立即生效，点击链接也可轻松办理：       http://go.js165.com/i/1/SdiFikyG,zh,gitcode_zh_sms_8a104,1,FRAUD,fraud-intent-keywords,,,2142cf8cbc6d,
zh_pilot_0786,澳门富二代线上娱乐城，提供美女真人百家乐，六合彩，时时彩，足球，各种游戏等网址：9922222.com体验澳门娱乐激情！首存赠送30彩金！,zh,gitcode_zh_sms_8a104,1,HARASS,collection/gray/adult/gambling,,,7541775dd8c2,
zh_pilot_0787,"代理本地区增值税发票，办公用品，建筑材料及各种费用报销发票,点数最优惠/可验证后付款!18030723168李小姐（敬请保留，需时可用）",zh,gitcode_zh_sms_8a104,1,AD,merchant-promo,,,3bcff32fa61a,
zh_pilot_0788,"鸿泰大厦，黄金空间急速租售，三年租金，享五年使用权，绝版城市中心，繁华路段，成熟配套，妥善理财首选。现火爆招商5179999,5137777",zh,gitcode_zh_sms_8a104,1,NEEDS_REVIEW,spam-unclear,,,81eee48301f5,
zh_pilot_0789,5月，去武汉北看铺，来访即有机会抽奖中铺子！首付10万买铺，年收租2万，5年回本！免费热线400-027-5886【融园.中国家具第一城】,zh,gitcode_zh_sms_8a104,1,AD,merchant-promo,,,a0099d5645fa,
zh_pilot_0790,现在买11选5中奖额外送彩金，单注最高奖金580元，别错过！ http://518.qq.com/p?105,zh,gitcode_zh_sms_8a104,1,FRAUD,fraud-intent-keywords,,,866eb37c7448,
zh_pilot_0791,额度紧，贷款难？找平安！平安易贷险助您从银行获取无抵押贷款，月入3000即可，最快1天放款，详询10100000或回复Y【中国平安】,zh,gitcode_zh_sms_8a104,1,AD,merchant-promo,,,938763cab559,
zh_pilot_0792,"【北京泰德鑫融】是一家专业理财的公司,为广大中小企业和个人创业解决困难，稳定发展等问题,电话:010-57218366 陈经理",zh,gitcode_zh_sms_8a104,1,NEEDS_REVIEW,spam-unclear,,,84ba87bc8bb8,
zh_pilot_0793,价值50元的500金币免费送，会员专享，先到先得。全3D真实体验！抓娃娃，换奖品！免费下载： t.cn/zTxgelZ,zh,gitcode_zh_sms_8a104,1,AD,spam-link-promo-candidate,,,936fec12c3e8,
zh_pilot_0794,"我公司贷款500万起，可先放款，并诚招地区代办。缺钱找中金,满足多种用途，轻松解燃眉之急。联系电话:400-684-7772.",zh,gitcode_zh_sms_8a104,1,HARASS,collection/gray/adult/gambling,,,60297b02cee5,
zh_pilot_0795,武大现85后正教授:简历引膜拜【江苏联通WAP推送】  http://g.js165.com/h5q/3B0zfQ&h=1&f=u1LVu,zh,gitcode_zh_sms_8a104,1,AD,spam-link-promo-candidate,,,69920ef131ba,
zh_pilot_0796,我公司新推各档上网数据流量包月优惠，如10元包80MB，超出每10KB仅1分钱，详情请点击http://wap.zj.10086.cn ，更多精彩生活信息请点击12580wap.10086.cn。,zh,gitcode_zh_sms_8a104,1,AD,merchant-promo,,,1daeae4d2e82,
zh_pilot_0797,自1月22日起，国航推出“里程+现金”增值服务产品。届时，凤凰知音会员通过“里程+现金”的购买方式，即可畅享专车接送、机场引导、星级酒店等多项优质出行服务。多元里程产品，为旅客带来贴心便捷的旅行体验。详询4006-100-666。【中国国航】,zh,gitcode_zh_sms_8a104,0,AD,merchant-promo,,,e72a30d62734,
zh_pilot_0798,你好，我是[平安银行]信贷部小罗，做无抵押免担保信用贷款的，1_80W办理简单，放款快18121256005，尽请保留。【善兼】,zh,gitcode_zh_sms_8a104,1,HARASS,collection/gray/adult/gambling,,,c7fb2bbb95f5,
zh_pilot_0799,公司庆祝【8周年】活动，凡是今天打进电话的一律五折优惠！预约电话；400-6289775现代投资【国富咨询】,zh,gitcode_zh_sms_8a104,1,AD,merchant-promo,,,4e9e90acdaff,
